Date,Open,Close,AdjClose
2014-09-17,465.864013671875,457.3340148925781,457.3340148925781
2014-09-18,456.8599853515625,424.44000244140625,424.44000244140625
2014-09-19,424.1029968261719,394.7959899902344,394.7959899902344
2014-09-20,394.6730041503906,408.90399169921875,408.90399169921875
2014-09-21,408.0849914550781,398.8210144042969,398.8210144042969
2014-09-22,399.1000061035156,402.1520080566406,402.1520080566406
2014-09-23,402.0920104980469,435.7909851074219,435.7909851074219
2014-09-24,435.7510070800781,423.2049865722656,423.2049865722656
2014-09-25,423.156005859375,411.5740051269531,411.5740051269531
2014-09-26,411.4289855957031,404.42498779296875,404.42498779296875
2014-09-27,403.5559997558594,399.5199890136719,399.5199890136719
2014-09-28,399.47100830078125,377.1809997558594,377.1809997558594
2014-09-29,376.9280090332031,375.4670104980469,375.4670104980469
2014-09-30,376.0880126953125,386.9440002441406,386.9440002441406
2014-10-01,387.427001953125,383.614990234375,383.614990234375
2014-10-02,383.9880065917969,375.0719909667969,375.0719909667969
2014-10-03,375.1809997558594,359.5119934082031,359.5119934082031
2014-10-04,359.8919982910156,328.8659973144531,328.8659973144531
2014-10-05,328.9159851074219,320.510009765625,320.510009765625
2014-10-06,320.3890075683594,330.0790100097656,330.0790100097656
2014-10-07,330.5840148925781,336.18701171875,336.18701171875
2014-10-08,336.1159973144531,352.94000244140625,352.94000244140625
2014-10-09,352.74798583984375,365.0260009765625,365.0260009765625
2014-10-10,364.68701171875,361.56201171875,361.56201171875
2014-10-11,361.36199951171875,362.29901123046875,362.29901123046875
2014-10-12,362.6059875488281,378.54901123046875,378.54901123046875
2014-10-13,377.9209899902344,390.41400146484375,390.41400146484375
2014-10-14,391.6919860839844,400.8699951171875,400.8699951171875
2014-10-15,400.9549865722656,394.77301025390625,394.77301025390625
2014-10-16,394.51800537109375,382.5559997558594,382.5559997558594
2014-10-17,382.7560119628906,383.75799560546875,383.75799560546875
2014-10-18,383.97601318359375,391.4419860839844,391.4419860839844
2014-10-19,391.2539978027344,389.5459899902344,389.5459899902344
2014-10-20,389.2309875488281,382.8450012207031,382.8450012207031
2014-10-21,382.4209899902344,386.4750061035156,386.4750061035156
2014-10-22,386.1180114746094,383.1579895019531,383.1579895019531
2014-10-23,382.9620056152344,358.4169921875,358.4169921875
2014-10-24,358.59100341796875,358.3450012207031,358.3450012207031
2014-10-25,358.6109924316406,347.27099609375,347.27099609375
2014-10-26,347.48699951171875,354.7040100097656,354.7040100097656
2014-10-27,354.7770080566406,352.989013671875,352.989013671875
2014-10-28,353.2149963378906,357.6180114746094,357.6180114746094
2014-10-29,357.0889892578125,335.59100341796875,335.59100341796875
2014-10-30,335.7090148925781,345.30499267578125,345.30499267578125
2014-10-31,345.0090026855469,338.3210144042969,338.3210144042969
2014-11-01,338.6499938964844,325.7489929199219,325.7489929199219
2014-11-02,326.07501220703125,325.8919982910156,325.8919982910156
2014-11-03,325.5690002441406,327.5539855957031,327.5539855957031
2014-11-04,327.1610107421875,330.49200439453125,330.49200439453125
2014-11-05,330.6830139160156,339.4859924316406,339.4859924316406
2014-11-06,339.4580078125,349.2900085449219,349.2900085449219
2014-11-07,349.8179931640625,342.4150085449219,342.4150085449219
2014-11-08,342.15399169921875,345.4880065917969,345.4880065917969
2014-11-09,345.3760070800781,363.2640075683594,363.2640075683594
2014-11-10,362.2650146484375,366.92401123046875,366.92401123046875
2014-11-11,365.85699462890625,367.69500732421875,367.69500732421875
2014-11-12,367.9849853515625,423.5610046386719,423.5610046386719
2014-11-13,427.27301025390625,420.7349853515625,420.7349853515625
2014-11-14,418.4169921875,397.8179931640625,397.8179931640625
2014-11-15,399.6499938964844,376.13299560546875,376.13299560546875
2014-11-16,374.7300109863281,387.8819885253906,387.8819885253906
2014-11-17,388.3489990234375,387.4079895019531,387.4079895019531
2014-11-18,387.7850036621094,375.197998046875,375.197998046875
2014-11-19,373.89599609375,380.55499267578125,380.55499267578125
2014-11-20,380.3070068359375,357.8399963378906,357.8399963378906
2014-11-21,357.8789978027344,350.8479919433594,350.8479919433594
2014-11-22,351.60400390625,352.9200134277344,352.9200134277344
2014-11-23,353.17498779296875,367.572998046875,367.572998046875
2014-11-24,366.947998046875,376.9010009765625,376.9010009765625
2014-11-25,376.885986328125,375.3479919433594,375.3479919433594
2014-11-26,376.0190124511719,368.3699951171875,368.3699951171875
2014-11-27,370.50201416015625,369.6700134277344,369.6700134277344
2014-11-28,369.3739929199219,376.4469909667969,376.4469909667969
2014-11-29,376.1520080566406,375.4909973144531,375.4909973144531
2014-11-30,375.510009765625,378.0469970703125,378.0469970703125
2014-12-01,378.2489929199219,379.2449951171875,379.2449951171875
2014-12-02,379.25,381.31500244140625,381.31500244140625
2014-12-03,381.72198486328125,375.010009765625,375.010009765625
2014-12-04,375.7179870605469,369.60400390625,369.60400390625
2014-12-05,369.4419860839844,376.85400390625,376.85400390625
2014-12-06,376.7569885253906,374.7850036621094,374.7850036621094
2014-12-07,374.83599853515625,375.0950012207031,375.0950012207031
2014-12-08,374.9649963378906,361.90899658203125,361.90899658203125
2014-12-09,361.8949890136719,352.218994140625,352.218994140625
2014-12-10,352.2049865722656,346.364990234375,346.364990234375
2014-12-11,344.3399963378906,350.5060119628906,350.5060119628906
2014-12-12,350.8330078125,352.5419921875,352.5419921875
2014-12-13,352.3810119628906,347.3760070800781,347.3760070800781
2014-12-14,346.72698974609375,351.6319885253906,351.6319885253906
2014-12-15,351.3609924316406,345.3450012207031,345.3450012207031
2014-12-16,345.6730041503906,327.06201171875,327.06201171875
2014-12-17,326.8550109863281,319.7760009765625,319.7760009765625
2014-12-18,319.7850036621094,311.39599609375,311.39599609375
2014-12-19,311.1789855957031,317.8429870605469,317.8429870605469
2014-12-20,317.6189880371094,329.95599365234375,329.95599365234375
2014-12-21,329.5429992675781,320.8429870605469,320.8429870605469
2014-12-22,321.0679931640625,331.885986328125,331.885986328125
2014-12-23,332.0169982910156,334.5719909667969,334.5719909667969
2014-12-24,334.385009765625,322.53399658203125,322.53399658203125
2014-12-25,322.2860107421875,319.00799560546875,319.00799560546875
2014-12-26,319.1520080566406,327.92401123046875,327.92401123046875
2014-12-27,327.5830078125,315.8630065917969,315.8630065917969
2014-12-28,316.1600036621094,317.239013671875,317.239013671875
2014-12-29,317.70098876953125,312.6700134277344,312.6700134277344
2014-12-30,312.718994140625,310.73699951171875,310.73699951171875
2014-12-31,310.91400146484375,320.1929931640625,320.1929931640625
2015-01-01,320.43499755859375,314.2489929199219,314.2489929199219
2015-01-02,314.0790100097656,315.0320129394531,315.0320129394531
2015-01-03,314.84600830078125,281.0820007324219,281.0820007324219
2015-01-04,281.14599609375,264.19500732421875,264.19500732421875
2015-01-05,265.0840148925781,274.4739990234375,274.4739990234375
2015-01-06,274.6109924316406,286.1889953613281,286.1889953613281
2015-01-07,286.0769958496094,294.3370056152344,294.3370056152344
2015-01-08,294.135009765625,283.3489990234375,283.3489990234375
2015-01-09,282.38299560546875,290.4079895019531,290.4079895019531
2015-01-10,287.3030090332031,274.7959899902344,274.7959899902344
2015-01-11,274.6080017089844,265.6600036621094,265.6600036621094
2015-01-12,266.14599609375,267.7959899902344,267.7959899902344
2015-01-13,267.3940124511719,225.86099243164062,225.86099243164062
2015-01-14,223.8939971923828,178.10299682617188,178.10299682617188
2015-01-15,176.89700317382812,209.843994140625,209.843994140625
2015-01-16,209.07000732421875,208.0970001220703,208.0970001220703
2015-01-17,207.83399963378906,199.25999450683594,199.25999450683594
2015-01-18,200.0500030517578,210.33900451660156,210.33900451660156
2015-01-19,211.4709930419922,214.86099243164062,214.86099243164062
2015-01-20,212.90699768066406,211.31500244140625,211.31500244140625
2015-01-21,211.3780059814453,226.89700317382812,226.89700317382812
2015-01-22,227.32200622558594,233.406005859375,233.406005859375
2015-01-23,233.51699829101562,232.87899780273438,232.87899780273438
2015-01-24,232.6999969482422,247.8470001220703,247.8470001220703
2015-01-25,247.3520050048828,253.71800231933594,253.71800231933594
2015-01-26,254.07899475097656,273.4729919433594,273.4729919433594
2015-01-27,273.1669921875,263.4750061035156,263.4750061035156
2015-01-28,263.35101318359375,233.9149932861328,233.9149932861328
2015-01-29,233.34800720214844,233.51300048828125,233.51300048828125
2015-01-30,232.77200317382812,226.4250030517578,226.4250030517578
2015-01-31,226.4409942626953,217.46400451660156,217.46400451660156
2015-02-01,216.86700439453125,226.9720001220703,226.9720001220703
2015-02-02,226.49099731445312,238.22900390625,238.22900390625
2015-02-03,237.45399475097656,227.26800537109375,227.26800537109375
2015-02-04,227.51100158691406,226.85299682617188,226.85299682617188
2015-02-05,227.6649932861328,217.11099243164062,217.11099243164062
2015-02-06,216.92300415039062,222.26600646972656,222.26600646972656
2015-02-07,222.63299560546875,227.75399780273438,227.75399780273438
2015-02-08,227.6929931640625,223.41200256347656,223.41200256347656
2015-02-09,223.38900756835938,220.11000061035156,220.11000061035156
2015-02-10,220.28199768066406,219.83900451660156,219.83900451660156
2015-02-11,219.73199462890625,219.18499755859375,219.18499755859375
2015-02-12,219.20799255371094,221.76400756835938,221.76400756835938
2015-02-13,221.968994140625,235.427001953125,235.427001953125
2015-02-14,235.5279998779297,257.3210144042969,257.3210144042969
2015-02-15,257.5069885253906,234.8249969482422,234.8249969482422
2015-02-16,234.8249969482422,233.84300231933594,233.84300231933594
2015-02-17,233.4219970703125,243.61000061035156,243.61000061035156
2015-02-18,243.77999877929688,236.3260040283203,236.3260040283203
2015-02-19,236.41000366210938,240.2830047607422,240.2830047607422
2015-02-20,240.25100708007812,243.7790069580078,243.7790069580078
2015-02-21,243.7519989013672,244.53399658203125,244.53399658203125
2015-02-22,244.54400634765625,235.9770050048828,235.9770050048828
2015-02-23,235.9949951171875,238.89199829101562,238.89199829101562
2015-02-24,238.9980010986328,238.73500061035156,238.73500061035156
2015-02-25,238.88999938964844,237.47000122070312,237.47000122070312
2015-02-26,237.33700561523438,236.42599487304688,236.42599487304688
2015-02-27,236.43600463867188,253.8280029296875,253.8280029296875
2015-02-28,253.52000427246094,254.26300048828125,254.26300048828125
2015-03-01,254.2830047607422,260.2019958496094,260.2019958496094
2015-03-02,260.35699462890625,275.6700134277344,275.6700134277344
2015-03-03,275.0459899902344,281.7019958496094,281.7019958496094
2015-03-04,281.989990234375,273.0920104980469,273.0920104980469
2015-03-05,272.739013671875,276.1780090332031,276.1780090332031
2015-03-06,275.6000061035156,272.7229919433594,272.7229919433594
2015-03-07,272.29400634765625,276.260986328125,276.260986328125
2015-03-08,276.4330139160156,274.35400390625,274.35400390625
2015-03-09,274.81201171875,289.60699462890625,289.60699462890625
2015-03-10,289.86199951171875,291.760009765625,291.760009765625
2015-03-11,291.5249938964844,296.3789978027344,296.3789978027344
2015-03-12,296.12701416015625,294.35400390625,294.35400390625
2015-03-13,294.1180114746094,285.3370056152344,285.3370056152344
2015-03-14,284.4419860839844,281.885009765625,281.885009765625
2015-03-15,281.42498779296875,286.39300537109375,286.39300537109375
2015-03-16,285.68499755859375,290.5929870605469,290.5929870605469
2015-03-17,290.5950012207031,285.5050048828125,285.5050048828125
2015-03-18,285.0669860839844,256.29901123046875,256.29901123046875
2015-03-19,255.8800048828125,260.9280090332031,260.9280090332031
2015-03-20,260.95599365234375,261.7489929199219,261.7489929199219
2015-03-21,261.6440124511719,260.0249938964844,260.0249938964844
2015-03-22,259.9169921875,267.9599914550781,267.9599914550781
2015-03-23,267.8949890136719,266.739990234375,266.739990234375
2015-03-24,266.5769958496094,245.59500122070312,245.59500122070312
2015-03-25,247.4720001220703,246.19700622558594,246.19700622558594
2015-03-26,246.2760009765625,248.53199768066406,248.53199768066406
2015-03-27,248.5659942626953,247.0290069580078,247.0290069580078
2015-03-28,246.97500610351562,252.79800415039062,252.79800415039062
2015-03-29,252.74000549316406,242.71299743652344,242.71299743652344
2015-03-30,242.87899780273438,247.5260009765625,247.5260009765625
2015-03-31,247.45399475097656,244.2239990234375,244.2239990234375
2015-04-01,244.22300720214844,247.27200317382812,247.27200317382812
2015-04-02,247.08900451660156,253.0050048828125,253.0050048828125
2015-04-03,253.07400512695312,254.32200622558594,254.32200622558594
2015-04-04,254.29100036621094,253.69700622558594,253.69700622558594
2015-04-05,253.76100158691406,260.5979919433594,260.5979919433594
2015-04-06,260.72100830078125,255.49200439453125,255.49200439453125
2015-04-07,255.2740020751953,253.17999267578125,253.17999267578125
2015-04-08,253.06399536132812,245.02200317382812,245.02200317382812
2015-04-09,244.75100708007812,243.67599487304688,243.67599487304688
2015-04-10,243.69400024414062,236.07200622558594,236.07200622558594
2015-04-11,236.01600646972656,236.552001953125,236.552001953125
2015-04-12,236.53500366210938,236.1529998779297,236.1529998779297
2015-04-13,235.9499969482422,224.58700561523438,224.58700561523438
2015-04-14,224.75900268554688,219.15899658203125,219.15899658203125
2015-04-15,219.072998046875,223.83299255371094,223.83299255371094
2015-04-16,223.91700744628906,228.572998046875,228.572998046875
2015-04-17,228.5749969482422,222.8820037841797,222.8820037841797
2015-04-18,222.85299682617188,223.3560028076172,223.3560028076172
2015-04-19,223.45599365234375,222.60000610351562,222.60000610351562
2015-04-20,222.61199951171875,224.62600708007812,224.62600708007812
2015-04-21,224.6199951171875,235.2689971923828,235.2689971923828
2015-04-22,235.6020050048828,234.17599487304688,234.17599487304688
2015-04-23,234.05299377441406,236.46200561523438,236.46200561523438
2015-04-24,235.97000122070312,231.26800537109375,231.26800537109375
2015-04-25,231.23500061035156,226.38999938964844,226.38999938964844
2015-04-26,226.41000366210938,219.42999267578125,219.42999267578125
2015-04-27,219.4290008544922,229.28599548339844,229.28599548339844
2015-04-28,228.968994140625,225.85499572753906,225.85499572753906
2015-04-29,225.59100341796875,225.80799865722656,225.80799865722656
2015-04-30,225.6929931640625,236.14500427246094,236.14500427246094
2015-05-01,235.93899536132812,232.07899475097656,232.07899475097656
2015-05-02,232.34100341796875,234.92999267578125,234.92999267578125
2015-05-03,234.8800048828125,240.35800170898438,240.35800170898438
2015-05-04,240.3560028076172,239.01800537109375,239.01800537109375
2015-05-05,238.8520050048828,236.12100219726562,236.12100219726562
2015-05-06,236.24899291992188,229.78199768066406,229.78199768066406
2015-05-07,229.66200256347656,237.33399963378906,237.33399963378906
2015-05-08,237.20399475097656,243.86300659179688,243.86300659179688
2015-05-09,243.7689971923828,241.83200073242188,241.83200073242188
2015-05-10,241.72900390625,240.29600524902344,240.29600524902344
2015-05-11,240.2989959716797,242.1580047607422,242.1580047607422
2015-05-12,242.14500427246094,241.11199951171875,241.11199951171875
2015-05-13,241.3979949951172,236.3769989013672,236.3769989013672
2015-05-14,236.21400451660156,236.9290008544922,236.9290008544922
2015-05-15,236.9550018310547,237.60499572753906,237.60499572753906
2015-05-16,237.6439971923828,236.1529998779297,236.1529998779297
2015-05-17,236.00999450683594,236.802001953125,236.802001953125
2015-05-18,236.88699340820312,233.1280059814453,233.1280059814453
2015-05-19,233.03700256347656,231.94700622558594,231.94700622558594
2015-05-20,231.88999938964844,234.01800537109375,234.01800537109375
2015-05-21,234.01600646972656,235.343994140625,235.343994140625
2015-05-22,235.3209991455078,240.34800720214844,240.34800720214844
2015-05-23,240.28599548339844,238.8719940185547,238.8719940185547
2015-05-24,238.9759979248047,240.9530029296875,240.9530029296875
2015-05-25,240.927001953125,237.11000061035156,237.11000061035156
2015-05-26,237.10400390625,237.11599731445312,237.11599731445312
2015-05-27,237.06500244140625,237.2830047607422,237.2830047607422
2015-05-28,237.2570037841797,237.4080047607422,237.4080047607422
2015-05-29,237.3769989013672,237.0959930419922,237.0959930419922
2015-05-30,237.0919952392578,233.34500122070312,233.34500122070312
2015-05-31,233.13499450683594,230.19000244140625,230.19000244140625
2015-06-01,230.23300170898438,222.92599487304688,222.92599487304688
2015-06-02,222.8939971923828,225.80299377441406,225.80299377441406
2015-06-03,225.73599243164062,225.87399291992188,225.87399291992188
2015-06-04,225.77200317382812,224.32400512695312,224.32400512695312
2015-06-05,224.1540069580078,224.95199584960938,224.95199584960938
2015-06-06,225.0050048828125,225.61900329589844,225.61900329589844
2015-06-07,225.5959930419922,222.88099670410156,222.88099670410156
2015-06-08,222.87899780273438,228.48899841308594,228.48899841308594
2015-06-09,228.53799438476562,229.04800415039062,229.04800415039062
2015-06-10,228.9949951171875,228.80299377441406,228.80299377441406
2015-06-11,228.85499572753906,229.7050018310547,229.7050018310547
2015-06-12,229.7050018310547,229.98199462890625,229.98199462890625
2015-06-13,229.9199981689453,232.40199279785156,232.40199279785156
2015-06-14,232.44200134277344,233.54299926757812,233.54299926757812
2015-06-15,233.4219970703125,236.822998046875,236.822998046875
2015-06-16,236.76499938964844,250.89500427246094,250.89500427246094
2015-06-17,250.822998046875,249.28399658203125,249.28399658203125
2015-06-18,249.42799377441406,249.0070037841797,249.0070037841797
2015-06-19,249.04299926757812,244.6060028076172,244.6060028076172
2015-06-20,244.52999877929688,245.21200561523438,245.21200561523438
2015-06-21,245.10000610351562,243.94400024414062,243.94400024414062
2015-06-22,243.968994140625,246.99000549316406,246.99000549316406
2015-06-23,246.927001953125,244.29600524902344,244.29600524902344
2015-06-24,244.28199768066406,240.51499938964844,240.51499938964844
2015-06-25,240.36500549316406,242.7989959716797,242.7989959716797
2015-06-26,242.60400390625,243.593994140625,243.593994140625
2015-06-27,243.5489959716797,250.99000549316406,250.99000549316406
2015-06-28,250.9550018310547,249.01100158691406,249.01100158691406
2015-06-29,248.7209930419922,257.0639953613281,257.0639953613281
2015-06-30,257.0360107421875,263.0719909667969,263.0719909667969
2015-07-01,263.3450012207031,258.6210021972656,258.6210021972656
2015-07-02,258.552001953125,255.41200256347656,255.41200256347656
2015-07-03,255.45899963378906,256.33599853515625,256.33599853515625
2015-07-04,256.4909973144531,260.885986328125,260.885986328125
2015-07-05,260.80499267578125,271.9129943847656,271.9129943847656
2015-07-06,271.1080017089844,269.0299987792969,269.0299987792969
2015-07-07,269.9630126953125,266.2070007324219,266.2070007324219
2015-07-08,265.98199462890625,270.7850036621094,270.7850036621094
2015-07-09,270.8269958496094,269.2279968261719,269.2279968261719
2015-07-10,269.156005859375,284.8940124511719,284.8940124511719
2015-07-11,284.8800048828125,293.114990234375,293.114990234375
2015-07-12,293.1400146484375,310.86700439453125,310.86700439453125
2015-07-13,310.8269958496094,292.0539855957031,292.0539855957031
2015-07-14,292.03399658203125,287.4639892578125,287.4639892578125
2015-07-15,288.0450134277344,285.8290100097656,285.8290100097656
2015-07-16,286.0419921875,278.0889892578125,278.0889892578125
2015-07-17,278.09100341796875,279.47198486328125,279.47198486328125
2015-07-18,279.33099365234375,274.9010009765625,274.9010009765625
2015-07-19,274.7669982910156,273.614013671875,273.614013671875
2015-07-20,273.4989929199219,278.9809875488281,278.9809875488281
2015-07-21,278.8819885253906,275.8330078125,275.8330078125
2015-07-22,275.6570129394531,277.22198486328125,277.22198486328125
2015-07-23,277.34100341796875,276.04901123046875,276.04901123046875
2015-07-24,276.0050048828125,288.27801513671875,288.27801513671875
2015-07-25,288.16400146484375,288.6969909667969,288.6969909667969
2015-07-26,288.6400146484375,292.6860046386719,292.6860046386719
2015-07-27,292.6390075683594,293.6239929199219,293.6239929199219
2015-07-28,293.63299560546875,294.427001953125,294.427001953125
2015-07-29,294.4840087890625,289.5899963378906,289.5899963378906
2015-07-30,289.1029968261719,287.72198486328125,287.72198486328125
2015-07-31,287.6960144042969,284.6499938964844,284.6499938964844
2015-08-01,284.6860046386719,281.60101318359375,281.60101318359375
2015-08-02,280.4490051269531,282.614013671875,282.614013671875
2015-08-03,282.8059997558594,281.22698974609375,281.22698974609375
2015-08-04,281.2250061035156,285.2179870605469,285.2179870605469
2015-08-05,284.84698486328125,281.8819885253906,281.8819885253906
2015-08-06,281.906005859375,278.5769958496094,278.5769958496094
2015-08-07,278.7409973144531,279.5849914550781,279.5849914550781
2015-08-08,279.74200439453125,260.99700927734375,260.99700927734375
2015-08-09,261.1159973144531,265.0830078125,265.0830078125
2015-08-10,265.4779968261719,264.4700012207031,264.4700012207031
2015-08-11,264.3420104980469,270.385986328125,270.385986328125
2015-08-12,270.5979919433594,266.3760070800781,266.3760070800781
2015-08-13,266.1830139160156,264.0799865722656,264.0799865722656
2015-08-14,264.1319885253906,265.67999267578125,265.67999267578125
2015-08-15,265.52899169921875,261.5509948730469,261.5509948730469
2015-08-16,261.8659973144531,258.5069885253906,258.5069885253906
2015-08-17,258.489990234375,257.97601318359375,257.97601318359375
2015-08-18,257.9259948730469,211.07899475097656,211.07899475097656
2015-08-19,225.67100524902344,226.6840057373047,226.6840057373047
2015-08-20,226.8990020751953,235.35000610351562,235.35000610351562
2015-08-21,235.35499572753906,232.56900024414062,232.56900024414062
2015-08-22,232.66200256347656,230.38999938964844,230.38999938964844
2015-08-23,230.37600708007812,228.16900634765625,228.16900634765625
2015-08-24,228.11199951171875,210.4949951171875,210.4949951171875
2015-08-25,210.0679931640625,221.60899353027344,221.60899353027344
2015-08-26,222.0760040283203,225.83099365234375,225.83099365234375
2015-08-27,226.0500030517578,224.7689971923828,224.7689971923828
2015-08-28,224.7010040283203,231.39599609375,231.39599609375
2015-08-29,231.5489959716797,229.77999877929688,229.77999877929688
2015-08-30,229.89500427246094,228.76100158691406,228.76100158691406
2015-08-31,229.11399841308594,230.05599975585938,230.05599975585938
2015-09-01,230.25599670410156,228.12100219726562,228.12100219726562
2015-09-02,228.02699279785156,229.28399658203125,229.28399658203125
2015-09-03,229.32400512695312,227.18299865722656,227.18299865722656
2015-09-04,227.21499633789062,230.29800415039062,230.29800415039062
2015-09-05,230.19900512695312,235.0189971923828,235.0189971923828
2015-09-06,234.8699951171875,239.83999633789062,239.83999633789062
2015-09-07,239.9340057373047,239.8470001220703,239.8470001220703
2015-09-08,239.8459930419922,243.60699462890625,243.60699462890625
2015-09-09,243.4149932861328,238.16799926757812,238.16799926757812
2015-09-10,238.33599853515625,238.4770050048828,238.4770050048828
2015-09-11,238.32899475097656,240.10699462890625,240.10699462890625
2015-09-12,239.85499572753906,235.22900390625,235.22900390625
2015-09-13,235.24200439453125,230.51199340820312,230.51199340820312
2015-09-14,230.60899353027344,230.6439971923828,230.6439971923828
2015-09-15,230.49200439453125,230.3040008544922,230.3040008544922
2015-09-16,230.25,229.09100341796875,229.09100341796875
2015-09-17,229.0760040283203,229.80999755859375,229.80999755859375
2015-09-18,233.52099609375,232.97500610351562,232.97500610351562
2015-09-19,232.85800170898438,231.4929962158203,231.4929962158203
2015-09-20,231.3990020751953,231.21200561523438,231.21200561523438
2015-09-21,231.2169952392578,227.0850067138672,227.0850067138672
2015-09-22,226.968994140625,230.6179962158203,230.6179962158203
2015-09-23,230.93600463867188,230.2830047607422,230.2830047607422
2015-09-24,230.35800170898438,234.5290069580078,234.5290069580078
2015-09-25,234.36199951171875,235.1439971923828,235.1439971923828
2015-09-26,235.0760040283203,234.33999633789062,234.33999633789062
2015-09-27,234.13900756835938,232.7570037841797,232.7570037841797
2015-09-28,232.83599853515625,239.14199829101562,239.14199829101562
2015-09-29,239.01600646972656,236.68699645996094,236.68699645996094
2015-09-30,236.63999938964844,236.05999755859375,236.05999755859375
2015-10-01,236.00399780273438,237.5489959716797,237.5489959716797
2015-10-02,237.26400756835938,237.29299926757812,237.29299926757812
2015-10-03,237.20199584960938,238.72999572753906,238.72999572753906
2015-10-04,238.531005859375,238.25900268554688,238.25900268554688
2015-10-05,238.14700317382812,240.38299560546875,240.38299560546875
2015-10-06,240.36399841308594,246.06300354003906,246.06300354003906
2015-10-07,246.1699981689453,242.968994140625,242.968994140625
2015-10-08,243.0749969482422,242.3040008544922,242.3040008544922
2015-10-09,242.4980010986328,243.93099975585938,243.93099975585938
2015-10-10,243.74000549316406,244.9409942626953,244.9409942626953
2015-10-11,244.74200439453125,247.0500030517578,247.0500030517578
2015-10-12,246.875,245.30799865722656,245.30799865722656
2015-10-13,245.1999969482422,249.50799560546875,249.50799560546875
2015-10-14,249.4929962158203,251.98899841308594,251.98899841308594
2015-10-15,252.10699462890625,254.32000732421875,254.32000732421875
2015-10-16,254.29600524902344,262.8689880371094,262.8689880371094
2015-10-17,262.74700927734375,270.6400146484375,270.6400146484375
2015-10-18,270.9070129394531,261.64300537109375,261.64300537109375
2015-10-19,261.8609924316406,263.43701171875,263.43701171875
2015-10-20,263.5719909667969,269.4630126953125,269.4630126953125
2015-10-21,269.3059997558594,266.2720031738281,266.2720031738281
2015-10-22,266.4960021972656,274.02301025390625,274.02301025390625
2015-10-23,273.64898681640625,276.4960021972656,276.4960021972656
2015-10-24,276.5039978027344,281.65399169921875,281.65399169921875
2015-10-25,281.44500732421875,283.67999267578125,283.67999267578125
2015-10-26,283.62799072265625,285.29998779296875,285.29998779296875
2015-10-27,285.1809997558594,293.7879943847656,293.7879943847656
2015-10-28,293.7030029296875,304.6180114746094,304.6180114746094
2015-10-29,304.3240051269531,313.8550109863281,313.8550109863281
2015-10-30,313.9429931640625,328.0150146484375,328.0150146484375
2015-10-31,328.5119934082031,314.1659851074219,314.1659851074219
2015-11-01,315.0050048828125,325.4309997558594,325.4309997558594
2015-11-02,325.9419860839844,361.1889953613281,361.1889953613281
2015-11-03,361.87298583984375,403.4169921875,403.4169921875
2015-11-04,403.66400146484375,411.56298828125,411.56298828125
2015-11-05,408.0769958496094,386.35400390625,386.35400390625
2015-11-06,388.0469970703125,374.4700012207031,374.4700012207031
2015-11-07,374.2690124511719,386.48199462890625,386.48199462890625
2015-11-08,384.27801513671875,373.3680114746094,373.3680114746094
2015-11-09,374.3240051269531,380.2569885253906,380.2569885253906
2015-11-10,379.9840087890625,336.8190002441406,336.8190002441406
2015-11-11,339.82000732421875,311.0840148925781,311.0840148925781
2015-11-12,314.0790100097656,338.1520080566406,338.1520080566406
2015-11-13,338.49798583984375,336.75299072265625,336.75299072265625
2015-11-14,336.6239929199219,332.906005859375,332.906005859375
2015-11-15,333.0509948730469,320.1659851074219,320.1659851074219
2015-11-16,319.7349853515625,330.7510070800781,330.7510070800781
2015-11-17,330.36199951171875,335.093994140625,335.093994140625
2015-11-18,334.5929870605469,334.5899963378906,334.5899963378906
2015-11-19,334.6789855957031,326.14898681640625,326.14898681640625
2015-11-20,326.4110107421875,322.0220031738281,322.0220031738281
2015-11-21,322.0920104980469,326.927001953125,326.927001953125
2015-11-22,326.9750061035156,324.5360107421875,324.5360107421875
2015-11-23,324.3500061035156,323.0459899902344,323.0459899902344
2015-11-24,323.0140075683594,320.0459899902344,320.0459899902344
2015-11-25,320.0450134277344,328.20599365234375,328.20599365234375
2015-11-26,328.3030090332031,352.6839904785156,352.6839904785156
2015-11-27,351.8609924316406,358.0419921875,358.0419921875
2015-11-28,357.1409912109375,357.3810119628906,357.3810119628906
2015-11-29,357.47198486328125,371.29400634765625,371.29400634765625
2015-11-30,371.43701171875,377.3210144042969,377.3210144042969
2015-12-01,377.41400146484375,362.4880065917969,362.4880065917969
2015-12-02,361.8450012207031,359.18701171875,359.18701171875
2015-12-03,359.33099365234375,361.0459899902344,361.0459899902344
2015-12-04,361.2619934082031,363.1830139160156,363.1830139160156
2015-12-05,363.72100830078125,388.9490051269531,388.9490051269531
2015-12-06,389.55499267578125,388.7829895019531,388.7829895019531
2015-12-07,389.9779968261719,395.5360107421875,395.5360107421875
2015-12-08,395.7539978027344,415.56298828125,415.56298828125
2015-12-09,414.4410095214844,417.56298828125,417.56298828125
2015-12-10,417.9880065917969,415.47900390625,415.47900390625
2015-12-11,415.281005859375,451.93798828125,451.93798828125
2015-12-12,452.3349914550781,434.99700927734375,434.99700927734375
2015-12-13,431.6600036621094,433.7550048828125,433.7550048828125
2015-12-14,433.2720031738281,444.1820068359375,444.1820068359375
2015-12-15,443.87799072265625,465.3210144042969,465.3210144042969
2015-12-16,465.2080078125,454.9339904785156,454.9339904785156
2015-12-17,454.7770080566406,456.0780029296875,456.0780029296875
2015-12-18,455.84698486328125,463.6159973144531,463.6159973144531
2015-12-19,463.552001953125,462.3219909667969,462.3219909667969
2015-12-20,462.2340087890625,442.68499755859375,442.68499755859375
2015-12-21,442.8380126953125,438.6390075683594,438.6390075683594
2015-12-22,437.4360046386719,436.5719909667969,436.5719909667969
2015-12-23,436.7200012207031,442.4010009765625,442.4010009765625
2015-12-24,443.09100341796875,454.9849853515625,454.9849853515625
2015-12-25,454.8550109863281,455.65301513671875,455.65301513671875
2015-12-26,455.7560119628906,417.27398681640625,417.27398681640625
2015-12-27,416.5140075683594,422.822998046875,422.822998046875
2015-12-28,423.3429870605469,422.27899169921875,422.27899169921875
2015-12-29,422.0979919433594,432.9830017089844,432.9830017089844
2015-12-30,433.29998779296875,426.6199951171875,426.6199951171875
2015-12-31,425.875,430.5669860839844,430.5669860839844
2016-01-01,430.72100830078125,434.3340148925781,434.3340148925781
2016-01-02,434.62200927734375,433.43798828125,433.43798828125
2016-01-03,433.5780029296875,430.010986328125,430.010986328125
2016-01-04,430.0610046386719,433.09100341796875,433.09100341796875
2016-01-05,433.0690002441406,431.9599914550781,431.9599914550781
2016-01-06,431.8559875488281,429.1050109863281,429.1050109863281
2016-01-07,430.010986328125,458.0480041503906,458.0480041503906
2016-01-08,457.5379943847656,453.2300109863281,453.2300109863281
2016-01-09,453.38299560546875,447.6109924316406,447.6109924316406
2016-01-10,448.2380065917969,447.9909973144531,447.9909973144531
2016-01-11,448.697998046875,448.4280090332031,448.4280090332031
2016-01-12,448.1820068359375,435.69000244140625,435.69000244140625
2016-01-13,434.6650085449219,432.3710021972656,432.3710021972656
2016-01-14,432.2879943847656,430.3059997558594,430.3059997558594
2016-01-15,430.2550048828125,364.33099365234375,364.33099365234375
2016-01-16,365.072998046875,387.5360107421875,387.5360107421875
2016-01-17,387.1520080566406,382.29901123046875,382.29901123046875
2016-01-18,381.7330017089844,387.1679992675781,387.1679992675781
2016-01-19,387.0260009765625,380.14898681640625,380.14898681640625
2016-01-20,379.739990234375,420.2300109863281,420.2300109863281
2016-01-21,419.6319885253906,410.2619934082031,410.2619934082031
2016-01-22,409.7510070800781,382.49200439453125,382.49200439453125
2016-01-23,382.4339904785156,387.4909973144531,387.4909973144531
2016-01-24,388.10198974609375,402.97100830078125,402.97100830078125
2016-01-25,402.3169860839844,391.72601318359375,391.72601318359375
2016-01-26,392.00201416015625,392.15301513671875,392.15301513671875
2016-01-27,392.4440002441406,394.97198486328125,394.97198486328125
2016-01-28,395.14599609375,380.28900146484375,380.28900146484375
2016-01-29,380.1080017089844,379.4739990234375,379.4739990234375
2016-01-30,378.864990234375,378.2550048828125,378.2550048828125
2016-01-31,378.2929992675781,368.7669982910156,368.7669982910156
2016-02-01,369.3500061035156,373.0559997558594,373.0559997558594
2016-02-02,372.9200134277344,374.447998046875,374.447998046875
2016-02-03,374.64599609375,369.9490051269531,369.9490051269531
2016-02-04,370.17401123046875,389.593994140625,389.593994140625
2016-02-05,388.89801025390625,386.54901123046875,386.54901123046875
2016-02-06,386.5889892578125,376.5220031738281,376.5220031738281
2016-02-07,376.5140075683594,376.6199951171875,376.6199951171875
2016-02-08,376.7569885253906,373.4469909667969,373.4469909667969
2016-02-09,373.4230041503906,376.02899169921875,376.02899169921875
2016-02-10,376.14599609375,381.64898681640625,381.64898681640625
2016-02-11,382.114013671875,379.65399169921875,379.65399169921875
2016-02-12,379.6860046386719,384.26300048828125,384.26300048828125
2016-02-13,384.6409912109375,391.8599853515625,391.8599853515625
2016-02-14,392.9320068359375,407.2300109863281,407.2300109863281
2016-02-15,407.5679931640625,400.18499755859375,400.18499755859375
2016-02-16,401.4320068359375,407.4880065917969,407.4880065917969
2016-02-17,407.656005859375,416.3219909667969,416.3219909667969
2016-02-18,416.5719909667969,422.37298583984375,422.37298583984375
2016-02-19,422.7300109863281,420.7850036621094,420.7850036621094
2016-02-20,421.60101318359375,437.16400146484375,437.16400146484375
2016-02-21,437.77301025390625,438.7980041503906,438.7980041503906
2016-02-22,438.989013671875,437.74798583984375,437.74798583984375
2016-02-23,438.2550048828125,420.7359924316406,420.7359924316406
2016-02-24,420.95599365234375,424.9549865722656,424.9549865722656
2016-02-25,425.0369873046875,424.54400634765625,424.54400634765625
2016-02-26,424.6289978027344,432.1520080566406,432.1520080566406
2016-02-27,432.8389892578125,432.5190124511719,432.5190124511719
2016-02-28,432.5710144042969,433.5039978027344,433.5039978027344
2016-02-29,433.43798828125,437.6969909667969,437.6969909667969
2016-03-01,437.9169921875,435.12298583984375,435.12298583984375
2016-03-02,435.1310119628906,423.989013671875,423.989013671875
2016-03-03,423.9119873046875,421.6510009765625,421.6510009765625
2016-03-04,421.83599853515625,410.9389953613281,410.9389953613281
2016-03-05,410.781005859375,400.57000732421875,400.57000732421875
2016-03-06,400.5249938964844,407.7070007324219,407.7070007324219
2016-03-07,407.7569885253906,414.3210144042969,414.3210144042969
2016-03-08,414.4649963378906,413.97198486328125,413.97198486328125
2016-03-09,413.8940124511719,414.8599853515625,414.8599853515625
2016-03-10,414.7439880371094,417.1310119628906,417.1310119628906
2016-03-11,417.2380065917969,421.69000244140625,421.69000244140625
2016-03-12,421.6050109863281,411.6239929199219,411.6239929199219
2016-03-13,411.64801025390625,414.06500244140625,414.06500244140625
2016-03-14,414.20098876953125,416.43798828125,416.43798828125
2016-03-15,416.38800048828125,416.8299865722656,416.8299865722656
2016-03-16,416.88800048828125,417.010986328125,417.010986328125
2016-03-17,417.8890075683594,420.6210021972656,420.6210021972656
2016-03-18,420.5469970703125,409.5480041503906,409.5480041503906
2016-03-19,409.2650146484375,410.4440002441406,410.4440002441406
2016-03-20,410.4010009765625,413.7550048828125,413.7550048828125
2016-03-21,413.4179992675781,413.3070068359375,413.3070068359375
2016-03-22,413.1319885253906,418.0889892578125,418.0889892578125
2016-03-23,418.1610107421875,418.0409851074219,418.0409851074219
2016-03-24,418.42401123046875,416.3940124511719,416.3940124511719
2016-03-25,416.50799560546875,417.177001953125,417.177001953125
2016-03-26,417.364990234375,417.94500732421875,417.94500732421875
2016-03-27,418.1400146484375,426.7650146484375,426.7650146484375
2016-03-28,426.5480041503906,424.2309875488281,424.2309875488281
2016-03-29,424.3039855957031,416.5159912109375,416.5159912109375
2016-03-30,416.8340148925781,414.8160095214844,414.8160095214844
2016-03-31,415.2569885253906,416.72900390625,416.72900390625
2016-04-01,416.760009765625,417.9599914550781,417.9599914550781
2016-04-02,418.4219970703125,420.87298583984375,420.87298583984375
2016-04-03,421.1730041503906,420.90399169921875,420.90399169921875
2016-04-04,421.29901123046875,421.4440002441406,421.4440002441406
2016-04-05,421.0169982910156,424.0299987792969,424.0299987792969
2016-04-06,424.28399658203125,423.4129943847656,423.4129943847656
2016-04-07,423.6199951171875,422.7449951171875,422.7449951171875
2016-04-08,422.9070129394531,420.3489990234375,420.3489990234375
2016-04-09,420.8110046386719,419.4110107421875,419.4110107421875
2016-04-10,419.5920104980469,421.5639953613281,421.5639953613281
2016-04-11,421.87200927734375,422.4830017089844,422.4830017089844
2016-04-12,422.8429870605469,425.19000244140625,425.19000244140625
2016-04-13,425.6319885253906,423.7340087890625,423.7340087890625
2016-04-14,423.93499755859375,424.2820129394531,424.2820129394531
2016-04-15,424.427001953125,429.7130126953125,429.7130126953125
2016-04-16,429.57501220703125,430.5719909667969,430.5719909667969
2016-04-17,430.635986328125,427.39898681640625,427.39898681640625
2016-04-18,427.6109924316406,428.59100341796875,428.59100341796875
2016-04-19,428.7030029296875,435.5090026855469,435.5090026855469
2016-04-20,435.3240051269531,441.3890075683594,441.3890075683594
2016-04-21,441.4159851074219,449.42498779296875,449.42498779296875
2016-04-22,449.68798828125,445.73699951171875,445.73699951171875
2016-04-23,445.8609924316406,450.2820129394531,450.2820129394531
2016-04-24,450.55999755859375,458.55499267578125,458.55499267578125
2016-04-25,459.1210021972656,461.4259948730469,461.4259948730469
2016-04-26,461.64801025390625,466.0889892578125,466.0889892578125
2016-04-27,466.2619934082031,444.68701171875,444.68701171875
2016-04-28,445.0379943847656,449.010986328125,449.010986328125
2016-04-29,449.4079895019531,455.09698486328125,455.09698486328125
2016-04-30,455.1780090332031,448.3179931640625,448.3179931640625
2016-05-01,448.4840087890625,451.875,451.875
2016-05-02,451.9330139160156,444.66900634765625,444.66900634765625
2016-05-03,444.72698974609375,450.3039855957031,450.3039855957031
2016-05-04,450.1830139160156,446.72198486328125,446.72198486328125
2016-05-05,446.71099853515625,447.97601318359375,447.97601318359375
2016-05-06,447.9419860839844,459.6029968261719,459.6029968261719
2016-05-07,459.6390075683594,458.5360107421875,458.5360107421875
2016-05-08,458.4289855957031,458.5480041503906,458.5480041503906
2016-05-09,458.20599365234375,460.4830017089844,460.4830017089844
2016-05-10,460.51800537109375,450.8949890136719,450.8949890136719
2016-05-11,450.864013671875,452.7279968261719,452.7279968261719
2016-05-12,452.4469909667969,454.7659912109375,454.7659912109375
2016-05-13,454.8500061035156,455.6700134277344,455.6700134277344
2016-05-14,455.822998046875,455.6709899902344,455.6709899902344
2016-05-15,455.7590026855469,457.5679931640625,457.5679931640625
2016-05-16,457.58599853515625,454.1629943847656,454.1629943847656
2016-05-17,454.0090026855469,453.7829895019531,453.7829895019531
2016-05-18,453.6910095214844,454.6189880371094,454.6189880371094
2016-05-19,454.52398681640625,438.7149963378906,438.7149963378906
2016-05-20,437.7929992675781,442.6759948730469,442.6759948730469
2016-05-21,442.96600341796875,443.18798828125,443.18798828125
2016-05-22,443.2179870605469,439.322998046875,439.322998046875
2016-05-23,439.3479919433594,444.1549987792969,444.1549987792969
2016-05-24,444.2909851074219,445.9809875488281,445.9809875488281
2016-05-25,446.06201171875,449.5989990234375,449.5989990234375
2016-05-26,449.6719970703125,453.3840026855469,453.3840026855469
2016-05-27,453.52099609375,473.4639892578125,473.4639892578125
2016-05-28,473.02899169921875,530.0399780273438,530.0399780273438
2016-05-29,527.4769897460938,526.2329711914062,526.2329711914062
2016-05-30,528.4710083007812,533.864013671875,533.864013671875
2016-05-31,534.1909790039062,531.385986328125,531.385986328125
2016-06-01,531.1069946289062,536.9199829101562,536.9199829101562
2016-06-02,536.5150146484375,537.9719848632812,537.9719848632812
2016-06-03,537.6820068359375,569.1939697265625,569.1939697265625
2016-06-04,569.7050170898438,572.7269897460938,572.7269897460938
2016-06-05,573.3079833984375,574.9769897460938,574.9769897460938
2016-06-06,574.6019897460938,585.5369873046875,585.5369873046875
2016-06-07,585.4450073242188,576.5969848632812,576.5969848632812
2016-06-08,577.1669921875,581.64501953125,581.64501953125
2016-06-09,582.2030029296875,574.6300048828125,574.6300048828125
2016-06-10,575.8369750976562,577.469970703125,577.469970703125
2016-06-11,578.6740112304688,606.7269897460938,606.7269897460938
2016-06-12,609.6840209960938,672.7839965820312,672.7839965820312
2016-06-13,671.6539916992188,704.3759765625,704.3759765625
2016-06-14,704.5040283203125,685.5590209960938,685.5590209960938
2016-06-15,685.6849975585938,694.468994140625,694.468994140625
2016-06-16,696.5230102539062,766.3079833984375,766.3079833984375
2016-06-17,768.4869995117188,748.9089965820312,748.9089965820312
2016-06-18,748.7559814453125,756.2269897460938,756.2269897460938
2016-06-19,756.68798828125,763.781005859375,763.781005859375
2016-06-20,763.927001953125,737.2260131835938,737.2260131835938
2016-06-21,735.8829956054688,666.6519775390625,666.6519775390625
2016-06-22,665.9149780273438,596.1160278320312,596.1160278320312
2016-06-23,597.4429931640625,623.9769897460938,623.9769897460938
2016-06-24,625.5750122070312,665.2990112304688,665.2990112304688
2016-06-25,665.281005859375,665.1229858398438,665.1229858398438
2016-06-26,665.9310302734375,629.3670043945312,629.3670043945312
2016-06-27,629.3489990234375,655.2750244140625,655.2750244140625
2016-06-28,658.1019897460938,647.0009765625,647.0009765625
2016-06-29,644.1220092773438,639.8900146484375,639.8900146484375
2016-06-30,640.5910034179688,673.3369750976562,673.3369750976562
2016-07-01,672.5150146484375,676.2960205078125,676.2960205078125
2016-07-02,676.7340087890625,703.7020263671875,703.7020263671875
2016-07-03,704.968017578125,658.6640014648438,658.6640014648438
2016-07-04,658.8040161132812,683.6619873046875,683.6619873046875
2016-07-05,683.208984375,670.6270141601562,670.6270141601562
2016-07-06,670.4180297851562,677.3309936523438,677.3309936523438
2016-07-07,678.0900268554688,640.56201171875,640.56201171875
2016-07-08,640.68798828125,666.5230102539062,666.5230102539062
2016-07-09,666.3839721679688,650.9600219726562,650.9600219726562
2016-07-10,650.5989990234375,649.3599853515625,649.3599853515625
2016-07-11,648.4840087890625,647.6589965820312,647.6589965820312
2016-07-12,648.2830200195312,664.551025390625,664.551025390625
2016-07-13,664.7969970703125,654.468017578125,654.468017578125
2016-07-14,652.9229736328125,658.0780029296875,658.0780029296875
2016-07-15,659.1710205078125,663.2550048828125,663.2550048828125
2016-07-16,663.781005859375,660.7670288085938,660.7670288085938
2016-07-17,661.9929809570312,679.458984375,679.458984375
2016-07-18,679.8090209960938,673.1060180664062,673.1060180664062
2016-07-19,672.7379760742188,672.864013671875,672.864013671875
2016-07-20,672.8060302734375,665.6849975585938,665.6849975585938
2016-07-21,665.22802734375,665.0120239257812,665.0120239257812
2016-07-22,664.9219970703125,650.6190185546875,650.6190185546875
2016-07-23,650.7260131835938,655.5560302734375,655.5560302734375
2016-07-24,655.4099731445312,661.2849731445312,661.2849731445312
2016-07-25,661.2630004882812,654.0969848632812,654.0969848632812
2016-07-26,654.2260131835938,651.7839965820312,651.7839965820312
2016-07-27,651.6270141601562,654.3519897460938,654.3519897460938
2016-07-28,654.4920043945312,655.0349731445312,655.0349731445312
2016-07-29,655.1110229492188,656.9920043945312,656.9920043945312
2016-07-30,657.0120239257812,655.0469970703125,655.0469970703125
2016-07-31,655.0999755859375,624.6810302734375,624.6810302734375
2016-08-01,624.6019897460938,606.27197265625,606.27197265625
2016-08-02,606.39697265625,547.4650268554688,547.4650268554688
2016-08-03,548.656005859375,566.35498046875,566.35498046875
2016-08-04,566.3289794921875,578.2890014648438,578.2890014648438
2016-08-05,578.281005859375,575.0430297851562,575.0430297851562
2016-08-06,575.030029296875,587.7780151367188,587.7780151367188
2016-08-07,587.77099609375,592.6900024414062,592.6900024414062
2016-08-08,592.7360229492188,591.0540161132812,591.0540161132812
2016-08-09,591.0380249023438,587.801025390625,587.801025390625
2016-08-10,587.6480102539062,592.10302734375,592.10302734375
2016-08-11,592.1240234375,589.1199951171875,589.1199951171875
2016-08-12,588.7979736328125,587.5590209960938,587.5590209960938
2016-08-13,587.3569946289062,585.5880126953125,585.5880126953125
2016-08-14,585.5889892578125,570.4730224609375,570.4730224609375
2016-08-15,570.4940185546875,567.239990234375,567.239990234375
2016-08-16,567.2429809570312,577.4390258789062,577.4390258789062
2016-08-17,577.760986328125,573.2160034179688,573.2160034179688
2016-08-18,573.7069702148438,574.3179931640625,574.3179931640625
2016-08-19,574.3389892578125,575.6300048828125,575.6300048828125
2016-08-20,576.083984375,581.697021484375,581.697021484375
2016-08-21,581.9390258789062,581.3079833984375,581.3079833984375
2016-08-22,581.3109741210938,586.7529907226562,586.7529907226562
2016-08-23,586.77099609375,583.4149780273438,583.4149780273438
2016-08-24,583.4119873046875,580.1820068359375,580.1820068359375
2016-08-25,580.1799926757812,577.760986328125,577.760986328125
2016-08-26,577.7529907226562,579.6510009765625,579.6510009765625
2016-08-27,579.4520263671875,569.947021484375,569.947021484375
2016-08-28,569.8300170898438,573.9119873046875,573.9119873046875
2016-08-29,574.0709838867188,574.1069946289062,574.1069946289062
2016-08-30,574.114013671875,577.5029907226562,577.5029907226562
2016-08-31,577.5910034179688,575.4719848632812,575.4719848632812
2016-09-01,575.5460205078125,572.302978515625,572.302978515625
2016-09-02,572.4099731445312,575.5369873046875,575.5369873046875
2016-09-03,575.5549926757812,598.2119750976562,598.2119750976562
2016-09-04,598.5900268554688,608.6339721679688,608.6339721679688
2016-09-05,608.989990234375,606.5900268554688,606.5900268554688
2016-09-06,606.5059814453125,610.4359741210938,610.4359741210938
2016-09-07,610.572998046875,614.5440063476562,614.5440063476562
2016-09-08,614.635009765625,626.3159790039062,626.3159790039062
2016-09-09,626.3519897460938,622.8610229492188,622.8610229492188
2016-09-10,622.927001953125,623.5089721679688,623.5089721679688
2016-09-11,623.4240112304688,606.718994140625,606.718994140625
2016-09-12,607.0050048828125,608.2429809570312,608.2429809570312
2016-09-13,608.0250244140625,609.2410278320312,609.2410278320312
2016-09-14,608.8410034179688,610.6840209960938,610.6840209960938
2016-09-15,610.5880126953125,607.155029296875,607.155029296875
2016-09-16,607.2459716796875,606.9730224609375,606.9730224609375
2016-09-17,607.218017578125,605.9840087890625,605.9840087890625
2016-09-18,606.2830200195312,609.8740234375,609.8740234375
2016-09-19,609.8709716796875,609.2269897460938,609.2269897460938
2016-09-20,609.2540283203125,608.31201171875,608.31201171875
2016-09-21,603.5880126953125,597.1489868164062,597.1489868164062
2016-09-22,597.2789916992188,596.2979736328125,596.2979736328125
2016-09-23,596.198974609375,602.8419799804688,602.8419799804688
2016-09-24,602.9609985351562,602.625,602.625
2016-09-25,602.7490234375,600.8259887695312,600.8259887695312
2016-09-26,600.8070068359375,608.0430297851562,608.0430297851562
2016-09-27,608.02197265625,606.166015625,606.166015625
2016-09-28,606.2429809570312,604.72802734375,604.72802734375
2016-09-29,605.0189819335938,605.6929931640625,605.6929931640625
2016-09-30,605.7150268554688,609.7349853515625,609.7349853515625
2016-10-01,609.9290161132812,613.9829711914062,613.9829711914062
2016-10-02,613.947998046875,610.8920288085938,610.8920288085938
2016-10-03,610.968017578125,612.1329956054688,612.1329956054688
2016-10-04,612.052001953125,610.2039794921875,610.2039794921875
2016-10-05,610.218017578125,612.510986328125,612.510986328125
2016-10-06,612.469970703125,613.02099609375,613.02099609375
2016-10-07,612.6079711914062,617.1209716796875,617.1209716796875
2016-10-08,617.3410034179688,619.1079711914062,619.1079711914062
2016-10-09,619.1719970703125,616.7520141601562,616.7520141601562
2016-10-10,616.822021484375,618.9940185546875,618.9940185546875
2016-10-11,619.2379760742188,641.072021484375,641.072021484375
2016-10-12,640.8709716796875,636.1920166015625,636.1920166015625
2016-10-13,636.030029296875,636.7860107421875,636.7860107421875
2016-10-14,637.0079956054688,640.3779907226562,640.3779907226562
2016-10-15,640.3109741210938,638.64599609375,638.64599609375
2016-10-16,639.0830078125,641.6309814453125,641.6309814453125
2016-10-17,641.8179931640625,639.1929931640625,639.1929931640625
2016-10-18,639.4110107421875,637.9600219726562,637.9600219726562
2016-10-19,638.1339721679688,630.52001953125,630.52001953125
2016-10-20,630.6630249023438,630.8569946289062,630.8569946289062
2016-10-21,630.8250122070312,632.8280029296875,632.8280029296875
2016-10-22,633.135986328125,657.2940063476562,657.2940063476562
2016-10-23,657.6209716796875,657.0709838867188,657.0709838867188
2016-10-24,657.1610107421875,653.760986328125,653.760986328125
2016-10-25,654.0020141601562,657.5880126953125,657.5880126953125
2016-10-26,657.677978515625,678.3040161132812,678.3040161132812
2016-10-27,678.2139892578125,688.31298828125,688.31298828125
2016-10-28,688.0,689.6510009765625,689.6510009765625
2016-10-29,690.2890014648438,714.47900390625,714.47900390625
2016-10-30,714.1179809570312,701.864013671875,701.864013671875
2016-10-31,702.6400146484375,700.9719848632812,700.9719848632812
2016-11-01,701.3369750976562,729.7930297851562,729.7930297851562
2016-11-02,730.0659790039062,740.8289794921875,740.8289794921875
2016-11-03,742.3460083007812,688.7000122070312,688.7000122070312
2016-11-04,689.1240234375,703.2349853515625,703.2349853515625
2016-11-05,703.5250244140625,703.4180297851562,703.4180297851562
2016-11-06,703.81201171875,711.52197265625,711.52197265625
2016-11-07,710.7360229492188,703.1309814453125,703.1309814453125
2016-11-08,703.0889892578125,709.8480224609375,709.8480224609375
2016-11-09,709.8250122070312,723.2730102539062,723.2730102539062
2016-11-10,722.843994140625,715.5339965820312,715.5339965820312
2016-11-11,715.5549926757812,716.4110107421875,716.4110107421875
2016-11-12,716.7520141601562,705.0540161132812,705.0540161132812
2016-11-13,705.1959838867188,702.031005859375,702.031005859375
2016-11-14,701.9970092773438,705.02099609375,705.02099609375
2016-11-15,705.7940063476562,711.6190185546875,711.6190185546875
2016-11-16,711.1669921875,744.197998046875,744.197998046875
2016-11-17,744.8759765625,740.9769897460938,740.9769897460938
2016-11-18,740.7050170898438,751.5850219726562,751.5850219726562
2016-11-19,751.8330078125,751.6160278320312,751.6160278320312
2016-11-20,751.8790283203125,731.0260009765625,731.0260009765625
2016-11-21,731.2650146484375,739.2479858398438,739.2479858398438
2016-11-22,739.6430053710938,751.3469848632812,751.3469848632812
2016-11-23,751.7410278320312,744.593994140625,744.593994140625
2016-11-24,744.6199951171875,740.2890014648438,740.2890014648438
2016-11-25,740.4420166015625,741.6489868164062,741.6489868164062
2016-11-26,741.510986328125,735.3820190429688,735.3820190429688
2016-11-27,735.43701171875,732.0349731445312,732.0349731445312
2016-11-28,732.4840087890625,735.81298828125,735.81298828125
2016-11-29,736.3289794921875,735.60400390625,735.60400390625
2016-11-30,736.2839965820312,745.6909790039062,745.6909790039062
2016-12-01,746.0460205078125,756.7739868164062,756.7739868164062
2016-12-02,757.5449829101562,777.9439697265625,777.9439697265625
2016-12-03,778.2479858398438,771.155029296875,771.155029296875
2016-12-04,771.6380004882812,773.8720092773438,773.8720092773438
2016-12-05,773.3939819335938,758.7000122070312,758.7000122070312
2016-12-06,758.719970703125,764.2239990234375,764.2239990234375
2016-12-07,764.2109985351562,768.1320190429688,768.1320190429688
2016-12-08,768.0759887695312,770.8099975585938,770.8099975585938
2016-12-09,769.9439697265625,772.7940063476562,772.7940063476562
2016-12-10,773.0230102539062,774.6500244140625,774.6500244140625
2016-12-11,774.7520141601562,769.7310180664062,769.7310180664062
2016-12-12,770.0399780273438,780.0869750976562,780.0869750976562
2016-12-13,780.64697265625,780.5560302734375,780.5560302734375
2016-12-14,780.0050048828125,781.4810180664062,781.4810180664062
2016-12-15,780.0700073242188,778.0880126953125,778.0880126953125
2016-12-16,778.9630126953125,784.906982421875,784.906982421875
2016-12-17,785.166015625,790.8289794921875,790.8289794921875
2016-12-18,791.0079956054688,790.530029296875,790.530029296875
2016-12-19,790.6920166015625,792.7139892578125,792.7139892578125
2016-12-20,792.2470092773438,800.8759765625,800.8759765625
2016-12-21,800.6439819335938,834.281005859375,834.281005859375
2016-12-22,834.1799926757812,864.5399780273438,864.5399780273438
2016-12-23,864.8880004882812,921.9840087890625,921.9840087890625
2016-12-24,922.1799926757812,898.822021484375,898.822021484375
2016-12-25,899.6519775390625,896.1829833984375,896.1829833984375
2016-12-26,896.905029296875,907.6099853515625,907.6099853515625
2016-12-27,908.35400390625,933.197998046875,933.197998046875
2016-12-28,934.8309936523438,975.9210205078125,975.9210205078125
2016-12-29,975.125,973.4970092773438,973.4970092773438
2016-12-30,972.5349731445312,961.2379760742188,961.2379760742188
2016-12-31,960.6270141601562,963.7429809570312,963.7429809570312
2017-01-01,963.6580200195312,998.3250122070312,998.3250122070312
2017-01-02,998.6170043945312,1021.75,1021.75
2017-01-03,1021.5999755859375,1043.8399658203125,1043.8399658203125
2017-01-04,1044.4000244140625,1154.72998046875,1154.72998046875
2017-01-05,1156.72998046875,1013.3800048828125,1013.3800048828125
2017-01-06,1014.239990234375,902.2009887695312,902.2009887695312
2017-01-07,903.4869995117188,908.5850219726562,908.5850219726562
2017-01-08,908.1749877929688,911.198974609375,911.198974609375
2017-01-09,913.2440185546875,902.8280029296875,902.8280029296875
2017-01-10,902.4400024414062,907.6790161132812,907.6790161132812
2017-01-11,908.114990234375,777.7570190429688,777.7570190429688
2017-01-12,775.177978515625,804.833984375,804.833984375
2017-01-13,803.7369995117188,823.9840087890625,823.9840087890625
2017-01-14,825.1420288085938,818.4119873046875,818.4119873046875
2017-01-15,818.1420288085938,821.7979736328125,821.7979736328125
2017-01-16,821.7830200195312,831.5339965820312,831.5339965820312
2017-01-17,830.9459838867188,907.93798828125,907.93798828125
2017-01-18,909.3729858398438,886.6179809570312,886.6179809570312
2017-01-19,888.3350219726562,899.072998046875,899.072998046875
2017-01-20,898.1719970703125,895.0260009765625,895.0260009765625
2017-01-21,895.5490112304688,921.7890014648438,921.7890014648438
2017-01-22,922.2050170898438,924.6729736328125,924.6729736328125
2017-01-23,925.4990234375,921.0120239257812,921.0120239257812
2017-01-24,910.677001953125,892.68701171875,892.68701171875
2017-01-25,891.9240112304688,901.5419921875,901.5419921875
2017-01-26,902.39501953125,917.5859985351562,917.5859985351562
2017-01-27,918.3590087890625,919.75,919.75
2017-01-28,919.8109741210938,921.5900268554688,921.5900268554688
2017-01-29,922.0670166015625,919.4959716796875,919.4959716796875
2017-01-30,920.1510009765625,920.3820190429688,920.3820190429688
2017-01-31,920.958984375,970.4030151367188,970.4030151367188
2017-02-01,970.9409790039062,989.0230102539062,989.0230102539062
2017-02-02,990.0009765625,1011.7999877929688,1011.7999877929688
2017-02-03,1011.4600219726562,1029.9100341796875,1029.9100341796875
2017-02-04,1031.3299560546875,1042.9000244140625,1042.9000244140625
2017-02-05,1043.52001953125,1027.3399658203125,1027.3399658203125
2017-02-06,1028.4000244140625,1038.1500244140625,1038.1500244140625
2017-02-07,1040.1400146484375,1061.3499755859375,1061.3499755859375
2017-02-08,1062.3199462890625,1063.0699462890625,1063.0699462890625
2017-02-09,1064.699951171875,994.3829956054688,994.3829956054688
2017-02-10,995.6320190429688,988.6740112304688,988.6740112304688
2017-02-11,988.8980102539062,1004.4500122070312,1004.4500122070312
2017-02-12,1003.52001953125,999.1810302734375,999.1810302734375
2017-02-13,998.885009765625,990.6420288085938,990.6420288085938
2017-02-14,991.7349853515625,1004.5499877929688,1004.5499877929688
2017-02-15,1006.2100219726562,1007.47998046875,1007.47998046875
2017-02-16,1007.6500244140625,1027.43994140625,1027.43994140625
2017-02-17,1026.1199951171875,1046.2099609375,1046.2099609375
2017-02-18,1049.2099609375,1054.4200439453125,1054.4200439453125
2017-02-19,1054.760009765625,1047.8699951171875,1047.8699951171875
2017-02-20,1048.68994140625,1079.97998046875,1079.97998046875
2017-02-21,1079.280029296875,1115.300048828125,1115.300048828125
2017-02-22,1114.800048828125,1117.43994140625,1117.43994140625
2017-02-23,1117.27001953125,1166.719970703125,1166.719970703125
2017-02-24,1172.7099609375,1173.6800537109375,1173.6800537109375
2017-02-25,1170.4100341796875,1143.8399658203125,1143.8399658203125
2017-02-26,1144.27001953125,1165.199951171875,1165.199951171875
2017-02-27,1163.780029296875,1179.969970703125,1179.969970703125
2017-02-28,1180.719970703125,1179.969970703125,1179.969970703125
2017-03-01,1180.0400390625,1222.5,1222.5
2017-03-02,1224.6800537109375,1251.010009765625,1251.010009765625
2017-03-03,1250.7099609375,1274.989990234375,1274.989990234375
2017-03-04,1277.4300537109375,1255.1500244140625,1255.1500244140625
2017-03-05,1254.2900390625,1267.1199951171875,1267.1199951171875
2017-03-06,1267.469970703125,1272.8299560546875,1272.8299560546875
2017-03-07,1273.2099609375,1223.5400390625,1223.5400390625
2017-03-08,1223.22998046875,1150.0,1150.0
2017-03-09,1150.3499755859375,1188.489990234375,1188.489990234375
2017-03-10,1189.3599853515625,1116.719970703125,1116.719970703125
2017-03-11,1116.3199462890625,1175.8299560546875,1175.8299560546875
2017-03-12,1176.6199951171875,1221.3800048828125,1221.3800048828125
2017-03-13,1221.780029296875,1231.9200439453125,1231.9200439453125
2017-03-14,1232.1600341796875,1240.0,1240.0
2017-03-15,1240.1600341796875,1249.6099853515625,1249.6099853515625
2017-03-16,1251.3299560546875,1187.81005859375,1187.81005859375
2017-03-17,1180.1600341796875,1100.22998046875,1100.22998046875
2017-03-18,1099.68994140625,973.8179931640625,973.8179931640625
2017-03-19,976.72998046875,1036.739990234375,1036.739990234375
2017-03-20,1037.239990234375,1054.22998046875,1054.22998046875
2017-03-21,1055.3599853515625,1120.5400390625,1120.5400390625
2017-03-22,1120.6500244140625,1049.1400146484375,1049.1400146484375
2017-03-23,1050.050048828125,1038.5899658203125,1038.5899658203125
2017-03-24,1038.449951171875,937.52001953125,937.52001953125
2017-03-25,936.5399780273438,972.7789916992188,972.7789916992188
2017-03-26,974.0150146484375,966.7249755859375,966.7249755859375
2017-03-27,972.0549926757812,1045.77001953125,1045.77001953125
2017-03-28,1044.5799560546875,1047.1500244140625,1047.1500244140625
2017-03-29,1046.0799560546875,1039.969970703125,1039.969970703125
2017-03-30,1042.2099609375,1026.4300537109375,1026.4300537109375
2017-03-31,1026.6400146484375,1071.7900390625,1071.7900390625
2017-04-01,1071.7099609375,1080.5,1080.5
2017-04-02,1080.6099853515625,1102.1700439453125,1102.1700439453125
2017-04-03,1102.949951171875,1143.81005859375,1143.81005859375
2017-04-04,1145.52001953125,1133.25,1133.25
2017-04-05,1134.1400146484375,1124.780029296875,1124.780029296875
2017-04-06,1125.81005859375,1182.6800537109375,1182.6800537109375
2017-04-07,1178.93994140625,1176.9000244140625,1176.9000244140625
2017-04-08,1172.6500244140625,1175.949951171875,1175.949951171875
2017-04-09,1176.5699462890625,1187.8699951171875,1187.8699951171875
2017-04-10,1187.300048828125,1187.1300048828125,1187.1300048828125
2017-04-11,1187.4599609375,1205.010009765625,1205.010009765625
2017-04-12,1204.81005859375,1200.3699951171875,1200.3699951171875
2017-04-13,1201.02001953125,1169.280029296875,1169.280029296875
2017-04-14,1170.3299560546875,1167.5400390625,1167.5400390625
2017-04-15,1167.300048828125,1172.52001953125,1172.52001953125
2017-04-16,1172.6099853515625,1182.93994140625,1182.93994140625
2017-04-17,1183.25,1193.9100341796875,1193.9100341796875
2017-04-18,1193.77001953125,1211.6700439453125,1211.6700439453125
2017-04-19,1212.1300048828125,1210.2900390625,1210.2900390625
2017-04-20,1211.0799560546875,1229.0799560546875,1229.0799560546875
2017-04-21,1229.4200439453125,1222.050048828125,1222.050048828125
2017-04-22,1222.7099609375,1231.7099609375,1231.7099609375
2017-04-23,1231.9200439453125,1207.2099609375,1207.2099609375
2017-04-24,1209.6300048828125,1250.1500244140625,1250.1500244140625
2017-04-25,1250.449951171875,1265.489990234375,1265.489990234375
2017-04-26,1265.989990234375,1281.0799560546875,1281.0799560546875
2017-04-27,1281.8800048828125,1317.72998046875,1317.72998046875
2017-04-28,1317.739990234375,1316.47998046875,1316.47998046875
2017-04-29,1317.8399658203125,1321.7900390625,1321.7900390625
2017-04-30,1321.8699951171875,1347.8900146484375,1347.8900146484375
2017-05-01,1348.300048828125,1421.5999755859375,1421.5999755859375
2017-05-02,1421.030029296875,1452.8199462890625,1452.8199462890625
2017-05-03,1453.780029296875,1490.0899658203125,1490.0899658203125
2017-05-04,1490.719970703125,1537.6700439453125,1537.6700439453125
2017-05-05,1540.8699951171875,1555.449951171875,1555.449951171875
2017-05-06,1556.81005859375,1578.800048828125,1578.800048828125
2017-05-07,1579.469970703125,1596.7099609375,1596.7099609375
2017-05-08,1596.9200439453125,1723.3499755859375,1723.3499755859375
2017-05-09,1723.8900146484375,1755.3599853515625,1755.3599853515625
2017-05-10,1756.52001953125,1787.1300048828125,1787.1300048828125
2017-05-11,1780.3699951171875,1848.5699462890625,1848.5699462890625
2017-05-12,1845.760009765625,1724.239990234375,1724.239990234375
2017-05-13,1723.1199951171875,1804.9100341796875,1804.9100341796875
2017-05-14,1800.8599853515625,1808.9100341796875,1808.9100341796875
2017-05-15,1808.43994140625,1738.4300537109375,1738.4300537109375
2017-05-16,1741.699951171875,1734.449951171875,1734.449951171875
2017-05-17,1726.72998046875,1839.0899658203125,1839.0899658203125
2017-05-18,1818.699951171875,1888.6500244140625,1888.6500244140625
2017-05-19,1897.3699951171875,1987.7099609375,1987.7099609375
2017-05-20,1984.239990234375,2084.72998046875,2084.72998046875
2017-05-21,2067.030029296875,2041.199951171875,2041.199951171875
2017-05-22,2043.18994140625,2173.39990234375,2173.39990234375
2017-05-23,2191.56005859375,2320.419921875,2320.419921875
2017-05-24,2321.3701171875,2443.639892578125,2443.639892578125
2017-05-25,2446.239990234375,2304.97998046875,2304.97998046875
2017-05-26,2320.889892578125,2202.419921875,2202.419921875
2017-05-27,2196.27001953125,2038.8699951171875,2038.8699951171875
2017-05-28,2054.080078125,2155.800048828125,2155.800048828125
2017-05-29,2159.429931640625,2255.610107421875,2255.610107421875
2017-05-30,2255.360107421875,2175.469970703125,2175.469970703125
2017-05-31,2187.18994140625,2286.409912109375,2286.409912109375
2017-06-01,2288.330078125,2407.8798828125,2407.8798828125
2017-06-02,2404.030029296875,2488.550048828125,2488.550048828125
2017-06-03,2493.719970703125,2515.35009765625,2515.35009765625
2017-06-04,2547.7900390625,2511.81005859375,2511.81005859375
2017-06-05,2512.39990234375,2686.81005859375,2686.81005859375
2017-06-06,2690.840087890625,2863.199951171875,2863.199951171875
2017-06-07,2869.3798828125,2732.159912109375,2732.159912109375
2017-06-08,2720.489990234375,2805.6201171875,2805.6201171875
2017-06-09,2807.43994140625,2823.81005859375,2823.81005859375
2017-06-10,2828.139892578125,2947.7099609375,2947.7099609375
2017-06-11,2942.409912109375,2958.110107421875,2958.110107421875
2017-06-12,2953.219970703125,2659.6298828125,2659.6298828125
2017-06-13,2680.909912109375,2717.02001953125,2717.02001953125
2017-06-14,2716.8798828125,2506.3701171875,2506.3701171875
2017-06-15,2499.580078125,2464.580078125,2464.580078125
2017-06-16,2469.570068359375,2518.56005859375,2518.56005859375
2017-06-17,2514.010009765625,2655.8798828125,2655.8798828125
2017-06-18,2655.35009765625,2548.2900390625,2548.2900390625
2017-06-19,2549.030029296875,2589.60009765625,2589.60009765625
2017-06-20,2591.260009765625,2721.7900390625,2721.7900390625
2017-06-21,2709.429931640625,2689.10009765625,2689.10009765625
2017-06-22,2691.030029296875,2705.409912109375,2705.409912109375
2017-06-23,2707.340087890625,2744.909912109375,2744.909912109375
2017-06-24,2738.52001953125,2608.719970703125,2608.719970703125
2017-06-25,2607.25,2589.409912109375,2589.409912109375
2017-06-26,2590.570068359375,2478.449951171875,2478.449951171875
2017-06-27,2478.449951171875,2552.449951171875,2552.449951171875
2017-06-28,2553.030029296875,2574.7900390625,2574.7900390625
2017-06-29,2567.56005859375,2539.320068359375,2539.320068359375
2017-06-30,2539.239990234375,2480.840087890625,2480.840087890625
2017-07-01,2492.60009765625,2434.550048828125,2434.550048828125
2017-07-02,2436.39990234375,2506.469970703125,2506.469970703125
2017-07-03,2498.56005859375,2564.06005859375,2564.06005859375
2017-07-04,2561.0,2601.639892578125,2601.639892578125
2017-07-05,2602.8701171875,2601.989990234375,2601.989990234375
2017-07-06,2608.10009765625,2608.56005859375,2608.56005859375
2017-07-07,2608.590087890625,2518.659912109375,2518.659912109375
2017-07-08,2520.27001953125,2571.340087890625,2571.340087890625
2017-07-09,2572.610107421875,2518.43994140625,2518.43994140625
2017-07-10,2525.25,2372.56005859375,2372.56005859375
2017-07-11,2385.889892578125,2337.7900390625,2337.7900390625
2017-07-12,2332.77001953125,2398.840087890625,2398.840087890625
2017-07-13,2402.699951171875,2357.89990234375,2357.89990234375
2017-07-14,2360.590087890625,2233.340087890625,2233.340087890625
2017-07-15,2230.1201171875,1998.8599853515625,1998.8599853515625
2017-07-16,1991.97998046875,1929.8199462890625,1929.8199462890625
2017-07-17,1932.6199951171875,2228.409912109375,2228.409912109375
2017-07-18,2233.52001953125,2318.8798828125,2318.8798828125
2017-07-19,2323.080078125,2273.429931640625,2273.429931640625
2017-07-20,2269.889892578125,2817.60009765625,2817.60009765625
2017-07-21,2838.409912109375,2667.760009765625,2667.760009765625
2017-07-22,2668.6298828125,2810.1201171875,2810.1201171875
2017-07-23,2808.10009765625,2730.39990234375,2730.39990234375
2017-07-24,2732.699951171875,2754.860107421875,2754.860107421875
2017-07-25,2757.5,2576.47998046875,2576.47998046875
2017-07-26,2577.77001953125,2529.449951171875,2529.449951171875
2017-07-27,2538.7099609375,2671.780029296875,2671.780029296875
2017-07-28,2679.72998046875,2809.010009765625,2809.010009765625
2017-07-29,2807.02001953125,2726.449951171875,2726.449951171875
2017-07-30,2724.389892578125,2757.179931640625,2757.179931640625
2017-07-31,2763.239990234375,2875.340087890625,2875.340087890625
2017-08-01,2871.300048828125,2718.260009765625,2718.260009765625
2017-08-02,2727.1298828125,2710.669921875,2710.669921875
2017-08-03,2709.56005859375,2804.72998046875,2804.72998046875
2017-08-04,2806.929931640625,2895.889892578125,2895.889892578125
2017-08-05,2897.6298828125,3252.909912109375,3252.909912109375
2017-08-06,3257.610107421875,3213.93994140625,3213.93994140625
2017-08-07,3212.780029296875,3378.93994140625,3378.93994140625
2017-08-08,3370.219970703125,3419.93994140625,3419.93994140625
2017-08-09,3420.39990234375,3342.469970703125,3342.469970703125
2017-08-10,3341.840087890625,3381.280029296875,3381.280029296875
2017-08-11,3373.820068359375,3650.6201171875,3650.6201171875
2017-08-12,3650.6298828125,3884.7099609375,3884.7099609375
2017-08-13,3880.0400390625,4073.260009765625,4073.260009765625
2017-08-14,4066.10009765625,4325.1298828125,4325.1298828125
2017-08-15,4326.990234375,4181.93017578125,4181.93017578125
2017-08-16,4200.33984375,4376.6298828125,4376.6298828125
2017-08-17,4384.43994140625,4331.68994140625,4331.68994140625
2017-08-18,4324.33984375,4160.6201171875,4160.6201171875
2017-08-19,4137.75,4193.7001953125,4193.7001953125
2017-08-20,4189.31005859375,4087.659912109375,4087.659912109375
2017-08-21,4090.47998046875,4001.739990234375,4001.739990234375
2017-08-22,3998.35009765625,4100.52001953125,4100.52001953125
2017-08-23,4089.010009765625,4151.52001953125,4151.52001953125
2017-08-24,4137.60009765625,4334.68017578125,4334.68017578125
2017-08-25,4332.81982421875,4371.60009765625,4371.60009765625
2017-08-26,4372.06005859375,4352.39990234375,4352.39990234375
2017-08-27,4345.10009765625,4382.8798828125,4382.8798828125
2017-08-28,4384.4501953125,4382.66015625,4382.66015625
2017-08-29,4389.2099609375,4579.02001953125,4579.02001953125
2017-08-30,4570.35986328125,4565.2998046875,4565.2998046875
2017-08-31,4555.58984375,4703.39013671875,4703.39013671875
2017-09-01,4701.759765625,4892.009765625,4892.009765625
2017-09-02,4901.419921875,4578.77001953125,4578.77001953125
2017-09-03,4585.27001953125,4582.9599609375,4582.9599609375
2017-09-04,4591.6298828125,4236.31005859375,4236.31005859375
2017-09-05,4228.2900390625,4376.52978515625,4376.52978515625
2017-09-06,4376.58984375,4597.1201171875,4597.1201171875
2017-09-07,4589.14013671875,4599.8798828125,4599.8798828125
2017-09-08,4605.16015625,4228.75,4228.75
2017-09-09,4229.81005859375,4226.06005859375,4226.06005859375
2017-09-10,4229.33984375,4122.93994140625,4122.93994140625
2017-09-11,4122.47021484375,4161.27001953125,4161.27001953125
2017-09-12,4168.8798828125,4130.81005859375,4130.81005859375
2017-09-13,4131.97998046875,3882.590087890625,3882.590087890625
2017-09-14,3875.3701171875,3154.949951171875,3154.949951171875
2017-09-15,3166.300048828125,3637.52001953125,3637.52001953125
2017-09-16,3637.75,3625.0400390625,3625.0400390625
2017-09-17,3606.280029296875,3582.8798828125,3582.8798828125
2017-09-18,3591.090087890625,4065.199951171875,4065.199951171875
2017-09-19,4073.7900390625,3924.969970703125,3924.969970703125
2017-09-20,3916.360107421875,3905.949951171875,3905.949951171875
2017-09-21,3901.469970703125,3631.0400390625,3631.0400390625
2017-09-22,3628.02001953125,3630.699951171875,3630.699951171875
2017-09-23,3629.919921875,3792.39990234375,3792.39990234375
2017-09-24,3796.14990234375,3682.840087890625,3682.840087890625
2017-09-25,3681.580078125,3926.070068359375,3926.070068359375
2017-09-26,3928.409912109375,3892.35009765625,3892.35009765625
2017-09-27,3892.93994140625,4200.669921875,4200.669921875
2017-09-28,4197.1298828125,4174.72998046875,4174.72998046875
2017-09-29,4171.6201171875,4163.06982421875,4163.06982421875
2017-09-30,4166.10986328125,4338.7099609375,4338.7099609375
2017-10-01,4341.0498046875,4403.740234375,4403.740234375
2017-10-02,4395.81005859375,4409.31982421875,4409.31982421875
2017-10-03,4408.4599609375,4317.47998046875,4317.47998046875
2017-10-04,4319.3701171875,4229.35986328125,4229.35986328125
2017-10-05,4229.8798828125,4328.41015625,4328.41015625
2017-10-06,4324.4599609375,4370.81005859375,4370.81005859375
2017-10-07,4369.35009765625,4426.89013671875,4426.89013671875
2017-10-08,4429.669921875,4610.47998046875,4610.47998046875
2017-10-09,4614.52001953125,4772.02001953125,4772.02001953125
2017-10-10,4776.2099609375,4781.990234375,4781.990234375
2017-10-11,4789.25,4826.47998046875,4826.47998046875
2017-10-12,4829.580078125,5446.91015625,5446.91015625
2017-10-13,5464.16015625,5647.2099609375,5647.2099609375
2017-10-14,5643.52978515625,5831.7900390625,5831.7900390625
2017-10-15,5835.9599609375,5678.18994140625,5678.18994140625
2017-10-16,5687.56982421875,5725.58984375,5725.58984375
2017-10-17,5741.580078125,5605.509765625,5605.509765625
2017-10-18,5603.81982421875,5590.68994140625,5590.68994140625
2017-10-19,5583.740234375,5708.52001953125,5708.52001953125
2017-10-20,5708.10986328125,6011.4501953125,6011.4501953125
2017-10-21,5996.7900390625,6031.60009765625,6031.60009765625
2017-10-22,6036.66015625,6008.419921875,6008.419921875
2017-10-23,6006.0,5930.31982421875,5930.31982421875
2017-10-24,5935.52001953125,5526.64013671875,5526.64013671875
2017-10-25,5524.60009765625,5750.7998046875,5750.7998046875
2017-10-26,5747.9501953125,5904.830078125,5904.830078125
2017-10-27,5899.740234375,5780.89990234375,5780.89990234375
2017-10-28,5787.81982421875,5753.08984375,5753.08984375
2017-10-29,5754.43994140625,6153.85009765625,6153.85009765625
2017-10-30,6114.85009765625,6130.52978515625,6130.52978515625
2017-10-31,6132.02001953125,6468.39990234375,6468.39990234375
2017-11-01,6440.97021484375,6767.31005859375,6767.31005859375
2017-11-02,6777.77001953125,7078.5,7078.5
2017-11-03,7087.52978515625,7207.759765625,7207.759765625
2017-11-04,7164.47998046875,7379.9501953125,7379.9501953125
2017-11-05,7404.52001953125,7407.41015625,7407.41015625
2017-11-06,7403.22021484375,7022.759765625,7022.759765625
2017-11-07,7023.10009765625,7144.3798828125,7144.3798828125
2017-11-08,7141.3798828125,7459.68994140625,7459.68994140625
2017-11-09,7446.830078125,7143.580078125,7143.580078125
2017-11-10,7173.72998046875,6618.14013671875,6618.14013671875
2017-11-11,6618.60986328125,6357.60009765625,6357.60009765625
2017-11-12,6295.4501953125,5950.06982421875,5950.06982421875
2017-11-13,5938.25,6559.490234375,6559.490234375
2017-11-14,6561.47998046875,6635.75,6635.75
2017-11-15,6634.759765625,7315.5400390625,7315.5400390625
2017-11-16,7323.240234375,7871.68994140625,7871.68994140625
2017-11-17,7853.56982421875,7708.990234375,7708.990234375
2017-11-18,7697.2099609375,7790.14990234375,7790.14990234375
2017-11-19,7766.02978515625,8036.490234375,8036.490234375
2017-11-20,8039.06982421875,8200.6396484375,8200.6396484375
2017-11-21,8205.740234375,8071.259765625,8071.259765625
2017-11-22,8077.9501953125,8253.5498046875,8253.5498046875
2017-11-23,8232.3798828125,8038.77001953125,8038.77001953125
2017-11-24,8074.02001953125,8253.6904296875,8253.6904296875
2017-11-25,8241.7099609375,8790.919921875,8790.919921875
2017-11-26,8789.0400390625,9330.5498046875,9330.5498046875
2017-11-27,9352.7197265625,9818.349609375,9818.349609375
2017-11-28,9823.4296875,10058.7998046875,10058.7998046875
2017-11-29,10077.400390625,9888.6103515625,9888.6103515625
2017-11-30,9906.7900390625,10233.599609375,10233.599609375
2017-12-01,10198.599609375,10975.599609375,10975.599609375
2017-12-02,10978.2998046875,11074.599609375,11074.599609375
2017-12-03,11082.7001953125,11323.2001953125,11323.2001953125
2017-12-04,11315.400390625,11657.2001953125,11657.2001953125
2017-12-05,11685.7001953125,11916.7001953125,11916.7001953125
2017-12-06,11923.400390625,14291.5,14291.5
2017-12-07,14266.099609375,17899.69921875,17899.69921875
2017-12-08,17802.900390625,16569.400390625,16569.400390625
2017-12-09,16523.30078125,15178.2001953125,15178.2001953125
2017-12-10,15168.400390625,15455.400390625,15455.400390625
2017-12-11,15427.400390625,16936.80078125,16936.80078125
2017-12-12,16919.80078125,17415.400390625,17415.400390625
2017-12-13,17500.0,16408.19921875,16408.19921875
2017-12-14,16384.599609375,16564.0,16564.0
2017-12-15,16601.30078125,17706.900390625,17706.900390625
2017-12-16,17760.30078125,19497.400390625,19497.400390625
2017-12-17,19475.80078125,19140.80078125,19140.80078125
2017-12-18,19106.400390625,19114.19921875,19114.19921875
2017-12-19,19118.30078125,17776.69921875,17776.69921875
2017-12-20,17760.30078125,16624.599609375,16624.599609375
2017-12-21,16642.400390625,15802.900390625,15802.900390625
2017-12-22,15898.0,13831.7998046875,13831.7998046875
2017-12-23,13948.7001953125,14699.2001953125,14699.2001953125
2017-12-24,14608.2001953125,13925.7998046875,13925.7998046875
2017-12-25,13995.900390625,14026.599609375,14026.599609375
2017-12-26,14036.599609375,16099.7998046875,16099.7998046875
2017-12-27,16163.5,15838.5,15838.5
2017-12-28,15864.099609375,14606.5,14606.5
2017-12-29,14695.7998046875,14656.2001953125,14656.2001953125
2017-12-30,14681.900390625,12952.2001953125,12952.2001953125
2017-12-31,12897.7001953125,14156.400390625,14156.400390625
2018-01-01,14112.2001953125,13657.2001953125,13657.2001953125
2018-01-02,13625.0,14982.099609375,14982.099609375
2018-01-03,14978.2001953125,15201.0,15201.0
2018-01-04,15270.7001953125,15599.2001953125,15599.2001953125
2018-01-05,15477.2001953125,17429.5,17429.5
2018-01-06,17462.099609375,17527.0,17527.0
2018-01-07,17527.30078125,16477.599609375,16477.599609375
2018-01-08,16476.19921875,15170.099609375,15170.099609375
2018-01-09,15123.7001953125,14595.400390625,14595.400390625
2018-01-10,14588.5,14973.2998046875,14973.2998046875
2018-01-11,14968.2001953125,13405.7998046875,13405.7998046875
2018-01-12,13453.900390625,13980.599609375,13980.599609375
2018-01-13,13952.400390625,14360.2001953125,14360.2001953125
2018-01-14,14370.7998046875,13772.0,13772.0
2018-01-15,13767.2998046875,13819.7998046875,13819.7998046875
2018-01-16,13836.099609375,11490.5,11490.5
2018-01-17,11431.099609375,11188.599609375,11188.599609375
2018-01-18,11198.7998046875,11474.900390625,11474.900390625
2018-01-19,11429.7998046875,11607.400390625,11607.400390625
2018-01-20,11656.2001953125,12899.2001953125,12899.2001953125
2018-01-21,12889.2001953125,11600.099609375,11600.099609375
2018-01-22,11633.099609375,10931.400390625,10931.400390625
2018-01-23,10944.5,10868.400390625,10868.400390625
2018-01-24,10903.400390625,11359.400390625,11359.400390625
2018-01-25,11421.7001953125,11259.400390625,11259.400390625
2018-01-26,11256.0,11171.400390625,11171.400390625
2018-01-27,11174.900390625,11440.7001953125,11440.7001953125
2018-01-28,11475.2998046875,11786.2998046875,11786.2998046875
2018-01-29,11755.5,11296.400390625,11296.400390625
2018-01-30,11306.7998046875,10106.2998046875,10106.2998046875
2018-01-31,10108.2001953125,10221.099609375,10221.099609375
2018-02-01,10237.2998046875,9170.5400390625,9170.5400390625
2018-02-02,9142.2802734375,8830.75,8830.75
2018-02-03,8852.1201171875,9174.91015625,9174.91015625
2018-02-04,9175.7001953125,8277.009765625,8277.009765625
2018-02-05,8270.5400390625,6955.27001953125,6955.27001953125
2018-02-06,7051.75,7754.0,7754.0
2018-02-07,7755.490234375,7621.2998046875,7621.2998046875
2018-02-08,7637.85986328125,8265.58984375,8265.58984375
2018-02-09,8271.83984375,8736.98046875,8736.98046875
2018-02-10,8720.080078125,8621.900390625,8621.900390625
2018-02-11,8616.1298828125,8129.97021484375,8129.97021484375
2018-02-12,8141.43017578125,8926.5703125,8926.5703125
2018-02-13,8926.7197265625,8598.3095703125,8598.3095703125
2018-02-14,8599.919921875,9494.6298828125,9494.6298828125
2018-02-15,9488.3203125,10166.400390625,10166.400390625
2018-02-16,10135.7001953125,10233.900390625,10233.900390625
2018-02-17,10207.5,11112.7001953125,11112.7001953125
2018-02-18,11123.400390625,10551.7998046875,10551.7998046875
2018-02-19,10552.599609375,11225.2998046875,11225.2998046875
2018-02-20,11231.7998046875,11403.7001953125,11403.7001953125
2018-02-21,11372.2001953125,10690.400390625,10690.400390625
2018-02-22,10660.400390625,10005.0,10005.0
2018-02-23,9937.0703125,10301.099609375,10301.099609375
2018-02-24,10287.7001953125,9813.0703125,9813.0703125
2018-02-25,9796.419921875,9664.73046875,9664.73046875
2018-02-26,9669.4296875,10366.7001953125,10366.7001953125
2018-02-27,10393.900390625,10725.599609375,10725.599609375
2018-02-28,10687.2001953125,10397.900390625,10397.900390625
2018-03-01,10385.0,10951.0,10951.0
2018-03-02,10977.400390625,11086.400390625,11086.400390625
2018-03-03,11101.900390625,11489.7001953125,11489.7001953125
2018-03-04,11497.400390625,11512.599609375,11512.599609375
2018-03-05,11532.400390625,11573.2998046875,11573.2998046875
2018-03-06,11500.099609375,10779.900390625,10779.900390625
2018-03-07,10803.900390625,9965.5703125,9965.5703125
2018-03-08,9951.4404296875,9395.009765625,9395.009765625
2018-03-09,9414.6904296875,9337.5498046875,9337.5498046875
2018-03-10,9350.58984375,8866.0,8866.0
2018-03-11,8852.7802734375,9578.6298828125,9578.6298828125
2018-03-12,9602.9296875,9205.1201171875,9205.1201171875
2018-03-13,9173.0400390625,9194.849609375,9194.849609375
2018-03-14,9214.650390625,8269.8095703125,8269.8095703125
2018-03-15,8290.759765625,8300.8603515625,8300.8603515625
2018-03-16,8322.91015625,8338.349609375,8338.349609375
2018-03-17,8321.91015625,7916.8798828125,7916.8798828125
2018-03-18,7890.52001953125,8223.6796875,8223.6796875
2018-03-19,8344.1201171875,8630.650390625,8630.650390625
2018-03-20,8619.669921875,8913.4697265625,8913.4697265625
2018-03-21,8937.48046875,8929.2802734375,8929.2802734375
2018-03-22,8939.4404296875,8728.4697265625,8728.4697265625
2018-03-23,8736.25,8879.6201171875,8879.6201171875
2018-03-24,8901.9501953125,8668.1201171875,8668.1201171875
2018-03-25,8612.8095703125,8495.7802734375,8495.7802734375
2018-03-26,8498.4697265625,8209.400390625,8209.400390625
2018-03-27,8200.0,7833.0400390625,7833.0400390625
2018-03-28,7836.830078125,7954.47998046875,7954.47998046875
2018-03-29,7979.06982421875,7165.7001953125,7165.7001953125
2018-03-30,7171.4501953125,6890.52001953125,6890.52001953125
2018-03-31,6892.47998046875,6973.52978515625,6973.52978515625
2018-04-01,7003.06005859375,6844.22998046875,6844.22998046875
2018-04-02,6844.85986328125,7083.7998046875,7083.7998046875
2018-04-03,7102.259765625,7456.10986328125,7456.10986328125
2018-04-04,7456.41015625,6853.83984375,6853.83984375
2018-04-05,6848.64990234375,6811.47021484375,6811.47021484375
2018-04-06,6815.9599609375,6636.31982421875,6636.31982421875
2018-04-07,6630.509765625,6911.08984375,6911.08984375
2018-04-08,6919.97998046875,7023.52001953125,7023.52001953125
2018-04-09,7044.31982421875,6770.72998046875,6770.72998046875
2018-04-10,6795.43994140625,6834.759765625,6834.759765625
2018-04-11,6843.47021484375,6968.31982421875,6968.31982421875
2018-04-12,6955.3798828125,7889.25,7889.25
2018-04-13,7901.08984375,7895.9599609375,7895.9599609375
2018-04-14,7874.669921875,7986.240234375,7986.240234375
2018-04-15,7999.330078125,8329.1103515625,8329.1103515625
2018-04-16,8337.5703125,8058.669921875,8058.669921875
2018-04-17,8071.66015625,7902.08984375,7902.08984375
2018-04-18,7944.43017578125,8163.419921875,8163.419921875
2018-04-19,8159.27001953125,8294.3095703125,8294.3095703125
2018-04-20,8286.8798828125,8845.830078125,8845.830078125
2018-04-21,8848.7900390625,8895.580078125,8895.580078125
2018-04-22,8925.0595703125,8802.4599609375,8802.4599609375
2018-04-23,8794.3896484375,8930.8798828125,8930.8798828125
2018-04-24,8934.33984375,9697.5,9697.5
2018-04-25,9701.0302734375,8845.740234375,8845.740234375
2018-04-26,8867.3203125,9281.509765625,9281.509765625
2018-04-27,9290.6298828125,8987.0498046875,8987.0498046875
2018-04-28,8939.26953125,9348.48046875,9348.48046875
2018-04-29,9346.41015625,9419.080078125,9419.080078125
2018-04-30,9426.1103515625,9240.5498046875,9240.5498046875
2018-05-01,9251.4697265625,9119.009765625,9119.009765625
2018-05-02,9104.599609375,9235.919921875,9235.919921875
2018-05-03,9233.9697265625,9743.8603515625,9743.8603515625
2018-05-04,9695.5,9700.759765625,9700.759765625
2018-05-05,9700.2802734375,9858.150390625,9858.150390625
2018-05-06,9845.3095703125,9654.7998046875,9654.7998046875
2018-05-07,9645.669921875,9373.009765625,9373.009765625
2018-05-08,9380.8701171875,9234.8203125,9234.8203125
2018-05-09,9223.73046875,9325.1796875,9325.1796875
2018-05-10,9325.9599609375,9043.9404296875,9043.9404296875
2018-05-11,9052.9599609375,8441.490234375,8441.490234375
2018-05-12,8441.4404296875,8504.8896484375,8504.8896484375
2018-05-13,8515.490234375,8723.9404296875,8723.9404296875
2018-05-14,8713.099609375,8716.7900390625,8716.7900390625
2018-05-15,8705.1904296875,8510.3798828125,8510.3798828125
2018-05-16,8504.41015625,8368.830078125,8368.830078125
2018-05-17,8370.0498046875,8094.31982421875,8094.31982421875
2018-05-18,8091.830078125,8250.9697265625,8250.9697265625
2018-05-19,8255.73046875,8247.1796875,8247.1796875
2018-05-20,8246.990234375,8513.25,8513.25
2018-05-21,8522.330078125,8418.990234375,8418.990234375
2018-05-22,8419.8701171875,8041.77978515625,8041.77978515625
2018-05-23,8037.080078125,7557.81982421875,7557.81982421875
2018-05-24,7561.1201171875,7587.33984375,7587.33984375
2018-05-25,7592.2998046875,7480.14013671875,7480.14013671875
2018-05-26,7486.47998046875,7355.8798828125,7355.8798828125
2018-05-27,7362.080078125,7368.22021484375,7368.22021484375
2018-05-28,7371.31005859375,7135.990234375,7135.990234375
2018-05-29,7129.4599609375,7472.58984375,7472.58984375
2018-05-30,7469.72998046875,7406.52001953125,7406.52001953125
2018-05-31,7406.14990234375,7494.169921875,7494.169921875
2018-06-01,7500.7001953125,7541.4501953125,7541.4501953125
2018-06-02,7536.72021484375,7643.4501953125,7643.4501953125
2018-06-03,7632.08984375,7720.25,7720.25
2018-06-04,7722.52978515625,7514.47021484375,7514.47021484375
2018-06-05,7500.89990234375,7633.759765625,7633.759765625
2018-06-06,7625.97021484375,7653.97998046875,7653.97998046875
2018-06-07,7650.81982421875,7678.240234375,7678.240234375
2018-06-08,7685.14013671875,7624.919921875,7624.919921875
2018-06-09,7632.52001953125,7531.97998046875,7531.97998046875
2018-06-10,7499.5498046875,6786.02001953125,6786.02001953125
2018-06-11,6799.2900390625,6906.919921875,6906.919921875
2018-06-12,6905.81982421875,6582.35986328125,6582.35986328125
2018-06-13,6596.8798828125,6349.89990234375,6349.89990234375
2018-06-14,6342.75,6675.35009765625,6675.35009765625
2018-06-15,6674.080078125,6456.580078125,6456.580078125
2018-06-16,6455.4501953125,6550.16015625,6550.16015625
2018-06-17,6545.52978515625,6499.27001953125,6499.27001953125
2018-06-18,6510.06982421875,6734.81982421875,6734.81982421875
2018-06-19,6742.39013671875,6769.93994140625,6769.93994140625
2018-06-20,6770.759765625,6776.5498046875,6776.5498046875
2018-06-21,6780.08984375,6729.740234375,6729.740234375
2018-06-22,6737.8798828125,6083.68994140625,6083.68994140625
2018-06-23,6090.10009765625,6162.47998046875,6162.47998046875
2018-06-24,6164.27978515625,6173.22998046875,6173.22998046875
2018-06-25,6171.97021484375,6249.18017578125,6249.18017578125
2018-06-26,6253.5498046875,6093.669921875,6093.669921875
2018-06-27,6084.39990234375,6157.1298828125,6157.1298828125
2018-06-28,6153.16015625,5903.43994140625,5903.43994140625
2018-06-29,5898.1298828125,6218.2998046875,6218.2998046875
2018-06-30,6214.22021484375,6404.0,6404.0
2018-07-01,6411.68017578125,6385.81982421875,6385.81982421875
2018-07-02,6380.3798828125,6614.18017578125,6614.18017578125
2018-07-03,6596.66015625,6529.58984375,6529.58984375
2018-07-04,6550.8701171875,6597.5498046875,6597.5498046875
2018-07-05,6599.7099609375,6639.14013671875,6639.14013671875
2018-07-06,6638.68994140625,6673.5,6673.5
2018-07-07,6668.7099609375,6856.93017578125,6856.93017578125
2018-07-08,6857.7998046875,6773.8798828125,6773.8798828125
2018-07-09,6775.080078125,6741.75,6741.75
2018-07-10,6739.2099609375,6329.9501953125,6329.9501953125
2018-07-11,6330.77001953125,6394.7099609375,6394.7099609375
2018-07-12,6396.77978515625,6228.81005859375,6228.81005859375
2018-07-13,6235.02978515625,6238.0498046875,6238.0498046875
2018-07-14,6247.5,6276.1201171875,6276.1201171875
2018-07-15,6272.7001953125,6359.64013671875,6359.64013671875
2018-07-16,6357.009765625,6741.75,6741.75
2018-07-17,6739.64990234375,7321.0400390625,7321.0400390625
2018-07-18,7315.31982421875,7370.77978515625,7370.77978515625
2018-07-19,7378.2001953125,7466.85986328125,7466.85986328125
2018-07-20,7467.39990234375,7354.1298828125,7354.1298828125
2018-07-21,7352.72021484375,7419.2900390625,7419.2900390625
2018-07-22,7417.7998046875,7418.490234375,7418.490234375
2018-07-23,7414.7099609375,7711.10986328125,7711.10986328125
2018-07-24,7716.509765625,8424.26953125,8424.26953125
2018-07-25,8379.66015625,8181.39013671875,8181.39013671875
2018-07-26,8176.85009765625,7951.580078125,7951.580078125
2018-07-27,7950.39990234375,8165.009765625,8165.009765625
2018-07-28,8169.06005859375,8192.150390625,8192.150390625
2018-07-29,8205.8203125,8218.4599609375,8218.4599609375
2018-07-30,8221.580078125,8180.47998046875,8180.47998046875
2018-07-31,8181.2001953125,7780.43994140625,7780.43994140625
2018-08-01,7769.0400390625,7624.91015625,7624.91015625
2018-08-02,7634.18994140625,7567.14990234375,7567.14990234375
2018-08-03,7562.14013671875,7434.39013671875,7434.39013671875
2018-08-04,7438.669921875,7032.85009765625,7032.85009765625
2018-08-05,7031.080078125,7068.47998046875,7068.47998046875
2018-08-06,7062.93994140625,6951.7998046875,6951.7998046875
2018-08-07,6958.31982421875,6753.1201171875,6753.1201171875
2018-08-08,6746.85009765625,6305.7998046875,6305.7998046875
2018-08-09,6305.56005859375,6568.22998046875,6568.22998046875
2018-08-10,6571.419921875,6184.7099609375,6184.7099609375
2018-08-11,6185.7900390625,6295.72998046875,6295.72998046875
2018-08-12,6283.64990234375,6322.68994140625,6322.68994140625
2018-08-13,6341.35986328125,6297.56982421875,6297.56982421875
2018-08-14,6287.66015625,6199.7099609375,6199.7099609375
2018-08-15,6221.419921875,6308.52001953125,6308.52001953125
2018-08-16,6294.22998046875,6334.72998046875,6334.72998046875
2018-08-17,6340.91015625,6580.6298828125,6580.6298828125
2018-08-18,6583.43017578125,6423.759765625,6423.759765625
2018-08-19,6422.56982421875,6506.06982421875,6506.06982421875
2018-08-20,6500.509765625,6308.52978515625,6308.52978515625
2018-08-21,6301.06982421875,6488.759765625,6488.759765625
2018-08-22,6486.25,6376.7099609375,6376.7099609375
2018-08-23,6371.33984375,6534.8798828125,6534.8798828125
2018-08-24,6551.52001953125,6719.9599609375,6719.9599609375
2018-08-25,6719.9501953125,6763.18994140625,6763.18994140625
2018-08-26,6754.64013671875,6707.259765625,6707.259765625
2018-08-27,6710.7998046875,6884.64013671875,6884.64013671875
2018-08-28,6891.080078125,7096.27978515625,7096.27978515625
2018-08-29,7091.7099609375,7047.16015625,7047.16015625
2018-08-30,7043.759765625,6978.22998046875,6978.22998046875
2018-08-31,6973.97021484375,7037.580078125,7037.580078125
2018-09-01,7044.81005859375,7193.25,7193.25
2018-09-02,7189.580078125,7272.72021484375,7272.72021484375
2018-09-03,7279.02978515625,7260.06005859375,7260.06005859375
2018-09-04,7263.0,7361.66015625,7361.66015625
2018-09-05,7361.4599609375,6792.830078125,6792.830078125
2018-09-06,6755.14013671875,6529.169921875,6529.169921875
2018-09-07,6528.919921875,6467.06982421875,6467.06982421875
2018-09-08,6460.169921875,6225.97998046875,6225.97998046875
2018-09-09,6223.3798828125,6300.85986328125,6300.85986328125
2018-09-10,6301.56982421875,6329.7001953125,6329.7001953125
2018-09-11,6331.8798828125,6321.2001953125,6321.2001953125
2018-09-12,6317.009765625,6351.7998046875,6351.7998046875
2018-09-13,6354.240234375,6517.31005859375,6517.31005859375
2018-09-14,6515.41015625,6512.7099609375,6512.7099609375
2018-09-15,6509.39990234375,6543.2001953125,6543.2001953125
2018-09-16,6536.68017578125,6517.18017578125,6517.18017578125
2018-09-17,6514.06005859375,6281.2001953125,6281.2001953125
2018-09-18,6280.91015625,6371.2998046875,6371.2998046875
2018-09-19,6371.85009765625,6398.5400390625,6398.5400390625
2018-09-20,6398.85009765625,6519.669921875,6519.669921875
2018-09-21,6513.8701171875,6734.9501953125,6734.9501953125
2018-09-22,6735.0498046875,6721.97998046875,6721.97998046875
2018-09-23,6715.31982421875,6710.6298828125,6710.6298828125
2018-09-24,6704.77001953125,6595.41015625,6595.41015625
2018-09-25,6603.64013671875,6446.47021484375,6446.47021484375
2018-09-26,6452.7900390625,6495.0,6495.0
2018-09-27,6495.2900390625,6676.75,6676.75
2018-09-28,6678.75,6644.1298828125,6644.1298828125
2018-09-29,6643.10009765625,6601.9599609375,6601.9599609375
2018-09-30,6604.7099609375,6625.56005859375,6625.56005859375
2018-10-01,6619.85009765625,6589.6201171875,6589.6201171875
2018-10-02,6593.240234375,6556.10009765625,6556.10009765625
2018-10-03,6553.85986328125,6502.58984375,6502.58984375
2018-10-04,6497.91015625,6576.68994140625,6576.68994140625
2018-10-05,6574.14990234375,6622.47998046875,6622.47998046875
2018-10-06,6622.4501953125,6588.31005859375,6588.31005859375
2018-10-07,6590.68017578125,6602.9501953125,6602.9501953125
2018-10-08,6600.18994140625,6652.22998046875,6652.22998046875
2018-10-09,6653.080078125,6642.64013671875,6642.64013671875
2018-10-10,6640.2900390625,6585.52978515625,6585.52978515625
2018-10-11,6586.740234375,6256.240234375,6256.240234375
2018-10-12,6239.25,6274.580078125,6274.580078125
2018-10-13,6278.080078125,6285.990234375,6285.990234375
2018-10-14,6288.490234375,6290.93017578125,6290.93017578125
2018-10-15,6292.64013671875,6596.5400390625,6596.5400390625
2018-10-16,6601.41015625,6596.10986328125,6596.10986328125
2018-10-17,6590.52001953125,6544.43017578125,6544.43017578125
2018-10-18,6542.330078125,6476.7099609375,6476.7099609375
2018-10-19,6478.06982421875,6465.41015625,6465.41015625
2018-10-20,6460.919921875,6489.18994140625,6489.18994140625
2018-10-21,6490.08984375,6482.35009765625,6482.35009765625
2018-10-22,6486.0498046875,6487.16015625,6487.16015625
2018-10-23,6472.35986328125,6475.740234375,6475.740234375
2018-10-24,6478.89013671875,6495.83984375,6495.83984375
2018-10-25,6484.64990234375,6476.2900390625,6476.2900390625
2018-10-26,6468.43994140625,6474.75,6474.75
2018-10-27,6480.83984375,6480.3798828125,6480.3798828125
2018-10-28,6482.66015625,6486.39013671875,6486.39013671875
2018-10-29,6492.35009765625,6332.6298828125,6332.6298828125
2018-10-30,6337.0400390625,6334.27001953125,6334.27001953125
2018-10-31,6336.990234375,6317.60986328125,6317.60986328125
2018-11-01,6318.14013671875,6377.77978515625,6377.77978515625
2018-11-02,6378.919921875,6388.43994140625,6388.43994140625
2018-11-03,6387.240234375,6361.259765625,6361.259765625
2018-11-04,6365.47021484375,6376.1298828125,6376.1298828125
2018-11-05,6363.6201171875,6419.66015625,6419.66015625
2018-11-06,6433.3798828125,6461.009765625,6461.009765625
2018-11-07,6468.5,6530.14013671875,6530.14013671875
2018-11-08,6522.27001953125,6453.72021484375,6453.72021484375
2018-11-09,6442.60009765625,6385.6201171875,6385.6201171875
2018-11-10,6386.1298828125,6409.22021484375,6409.22021484375
2018-11-11,6413.6298828125,6411.27001953125,6411.27001953125
2018-11-12,6411.759765625,6371.27001953125,6371.27001953125
2018-11-13,6373.18994140625,6359.490234375,6359.490234375
2018-11-14,6351.240234375,5738.35009765625,5738.35009765625
2018-11-15,5736.14990234375,5648.02978515625,5648.02978515625
2018-11-16,5645.31982421875,5575.5498046875,5575.5498046875
2018-11-17,5578.580078125,5554.330078125,5554.330078125
2018-11-18,5559.740234375,5623.5400390625,5623.5400390625
2018-11-19,5620.77978515625,4871.490234375,4871.490234375
2018-11-20,4863.93017578125,4451.8701171875,4451.8701171875
2018-11-21,4465.5400390625,4602.169921875,4602.169921875
2018-11-22,4611.56982421875,4365.93994140625,4365.93994140625
2018-11-23,4360.7001953125,4347.10986328125,4347.10986328125
2018-11-24,4347.68994140625,3880.760009765625,3880.760009765625
2018-11-25,3880.780029296875,4009.969970703125,4009.969970703125
2018-11-26,4015.070068359375,3779.1298828125,3779.1298828125
2018-11-27,3765.949951171875,3820.719970703125,3820.719970703125
2018-11-28,3822.469970703125,4257.419921875,4257.419921875
2018-11-29,4269.00439453125,4278.8466796875,4278.8466796875
2018-11-30,4289.0888671875,4017.2685546875,4017.2685546875
2018-12-01,4024.46435546875,4214.671875,4214.671875
2018-12-02,4200.7333984375,4139.8779296875,4139.8779296875
2018-12-03,4147.32373046875,3894.130859375,3894.130859375
2018-12-04,3886.294921875,3956.893798828125,3956.893798828125
2018-12-05,3958.894775390625,3753.994873046875,3753.994873046875
2018-12-06,3754.074462890625,3521.101806640625,3521.101806640625
2018-12-07,3512.59033203125,3419.937255859375,3419.937255859375
2018-12-08,3421.910400390625,3476.11474609375,3476.11474609375
2018-12-09,3473.2275390625,3614.234375,3614.234375
2018-12-10,3612.04638671875,3502.656005859375,3502.656005859375
2018-12-11,3497.5546875,3424.588134765625,3424.588134765625
2018-12-12,3421.458251953125,3486.9501953125,3486.9501953125
2018-12-13,3487.87939453125,3313.67724609375,3313.67724609375
2018-12-14,3311.751953125,3242.48486328125,3242.48486328125
2018-12-15,3243.99755859375,3236.76171875,3236.76171875
2018-12-16,3236.274658203125,3252.839111328125,3252.839111328125
2018-12-17,3253.123046875,3545.86474609375,3545.86474609375
2018-12-18,3544.761474609375,3696.05908203125,3696.05908203125
2018-12-19,3706.824951171875,3745.95068359375,3745.95068359375
2018-12-20,3742.195068359375,4134.44140625,4134.44140625
2018-12-21,4133.70361328125,3896.543701171875,3896.543701171875
2018-12-22,3898.083740234375,4014.1826171875,4014.1826171875
2018-12-23,4020.99462890625,3998.980224609375,3998.980224609375
2018-12-24,4000.331787109375,4078.59912109375,4078.59912109375
2018-12-25,4081.030517578125,3815.49072265625,3815.49072265625
2018-12-26,3819.666748046875,3857.297607421875,3857.297607421875
2018-12-27,3854.6884765625,3654.83349609375,3654.83349609375
2018-12-28,3653.1318359375,3923.918701171875,3923.918701171875
2018-12-29,3932.49169921875,3820.40869140625,3820.40869140625
2018-12-30,3822.384765625,3865.95263671875,3865.95263671875
2018-12-31,3866.839111328125,3742.700439453125,3742.700439453125
2019-01-01,3746.71337890625,3843.52001953125,3843.52001953125
2019-01-02,3849.21630859375,3943.409423828125,3943.409423828125
2019-01-03,3931.048583984375,3836.7412109375,3836.7412109375
2019-01-04,3832.0400390625,3857.717529296875,3857.717529296875
2019-01-05,3851.973876953125,3845.194580078125,3845.194580078125
2019-01-06,3836.51904296875,4076.632568359375,4076.632568359375
2019-01-07,4078.5849609375,4025.248291015625,4025.248291015625
2019-01-08,4028.47216796875,4030.847900390625,4030.847900390625
2019-01-09,4031.552001953125,4035.29638671875,4035.29638671875
2019-01-10,4034.411376953125,3678.924560546875,3678.924560546875
2019-01-11,3674.015380859375,3687.365478515625,3687.365478515625
2019-01-12,3686.97314453125,3661.301025390625,3661.301025390625
2019-01-13,3658.8681640625,3552.953125,3552.953125
2019-01-14,3557.31103515625,3706.05224609375,3706.05224609375
2019-01-15,3704.21630859375,3630.67529296875,3630.67529296875
2019-01-16,3631.509765625,3655.0068359375,3655.0068359375
2019-01-17,3651.87109375,3678.56396484375,3678.56396484375
2019-01-18,3677.990478515625,3657.83935546875,3657.83935546875
2019-01-19,3652.3779296875,3728.568359375,3728.568359375
2019-01-20,3725.446044921875,3601.013671875,3601.013671875
2019-01-21,3600.372802734375,3576.032470703125,3576.032470703125
2019-01-22,3575.081298828125,3604.5771484375,3604.5771484375
2019-01-23,3605.55712890625,3585.123046875,3585.123046875
2019-01-24,3584.500244140625,3600.865478515625,3600.865478515625
2019-01-25,3607.390380859375,3599.765869140625,3599.765869140625
2019-01-26,3599.71533203125,3602.46044921875,3602.46044921875
2019-01-27,3604.687255859375,3583.9658203125,3583.9658203125
2019-01-28,3584.283203125,3470.450439453125,3470.450439453125
2019-01-29,3468.8701171875,3448.116943359375,3448.116943359375
2019-01-30,3443.89697265625,3486.181640625,3486.181640625
2019-01-31,3485.4091796875,3457.792724609375,3457.792724609375
2019-02-01,3460.547119140625,3487.9453125,3487.9453125
2019-02-02,3484.6259765625,3521.060791015625,3521.060791015625
2019-02-03,3516.1396484375,3464.013427734375,3464.013427734375
2019-02-04,3467.211669921875,3459.154052734375,3459.154052734375
2019-02-05,3454.950927734375,3466.357421875,3466.357421875
2019-02-06,3469.091796875,3413.767822265625,3413.767822265625
2019-02-07,3414.929443359375,3399.4716796875,3399.4716796875
2019-02-08,3401.37646484375,3666.7802734375,3666.7802734375
2019-02-09,3671.5859375,3671.20361328125,3671.20361328125
2019-02-10,3673.201416015625,3690.188232421875,3690.188232421875
2019-02-11,3695.613037109375,3648.4306640625,3648.4306640625
2019-02-12,3642.751953125,3653.528564453125,3653.528564453125
2019-02-13,3653.60400390625,3632.070556640625,3632.070556640625
2019-02-14,3631.170166015625,3616.880859375,3616.880859375
2019-02-15,3617.368408203125,3620.810791015625,3620.810791015625
2019-02-16,3615.270263671875,3629.78759765625,3629.78759765625
2019-02-17,3633.359375,3673.836181640625,3673.836181640625
2019-02-18,3671.369873046875,3915.71435546875,3915.71435546875
2019-02-19,3911.66162109375,3947.094482421875,3947.094482421875
2019-02-20,3946.68505859375,3999.820556640625,3999.820556640625
2019-02-21,4000.2568359375,3954.1181640625,3954.1181640625
2019-02-22,3952.406494140625,4005.526611328125,4005.526611328125
2019-02-23,3998.916259765625,4142.52685546875,4142.52685546875
2019-02-24,4145.4580078125,3810.427490234375,3810.427490234375
2019-02-25,3807.00244140625,3882.6962890625,3882.6962890625
2019-02-26,3878.697265625,3854.35791015625,3854.35791015625
2019-02-27,3857.479736328125,3851.04736328125,3851.04736328125
2019-02-28,3848.261962890625,3854.785400390625,3854.785400390625
2019-03-01,3853.757080078125,3859.583740234375,3859.583740234375
2019-03-02,3855.318115234375,3864.4150390625,3864.4150390625
2019-03-03,3862.26611328125,3847.17578125,3847.17578125
2019-03-04,3845.091552734375,3761.55712890625,3761.55712890625
2019-03-05,3759.83251953125,3896.375,3896.375
2019-03-06,3897.0810546875,3903.942626953125,3903.942626953125
2019-03-07,3903.384765625,3911.484375,3911.484375
2019-03-08,3913.225830078125,3901.131591796875,3901.131591796875
2019-03-09,3894.552490234375,3963.313720703125,3963.313720703125
2019-03-10,3966.17431640625,3951.599853515625,3951.599853515625
2019-03-11,3953.740234375,3905.227294921875,3905.227294921875
2019-03-12,3903.75830078125,3909.15625,3909.15625
2019-03-13,3913.04736328125,3906.71728515625,3906.71728515625
2019-03-14,3905.576904296875,3924.369140625,3924.369140625
2019-03-15,3926.663330078125,3960.9111328125,3960.9111328125
2019-03-16,3963.900146484375,4048.725830078125,4048.725830078125
2019-03-17,4047.719482421875,4025.22900390625,4025.22900390625
2019-03-18,4029.968505859375,4032.50732421875,4032.50732421875
2019-03-19,4032.69189453125,4071.190185546875,4071.190185546875
2019-03-20,4070.7939453125,4087.476318359375,4087.476318359375
2019-03-21,4083.953857421875,4029.326904296875,4029.326904296875
2019-03-22,4028.5146484375,4023.96826171875,4023.96826171875
2019-03-23,4022.71337890625,4035.826416015625,4035.826416015625
2019-03-24,4035.16357421875,4022.168212890625,4022.168212890625
2019-03-25,4024.11279296875,3963.070556640625,3963.070556640625
2019-03-26,3969.228759765625,3985.080810546875,3985.080810546875
2019-03-27,3984.244873046875,4087.066162109375,4087.066162109375
2019-03-28,4087.58447265625,4069.107177734375,4069.107177734375
2019-03-29,4068.2998046875,4098.37451171875,4098.37451171875
2019-03-30,4092.13623046875,4106.66015625,4106.66015625
2019-03-31,4105.4560546875,4105.404296875,4105.404296875
2019-04-01,4105.3623046875,4158.18310546875,4158.18310546875
2019-04-02,4156.91943359375,4879.8779296875,4879.8779296875
2019-04-03,4879.9580078125,4973.02197265625,4973.02197265625
2019-04-04,4971.3076171875,4922.798828125,4922.798828125
2019-04-05,4922.80615234375,5036.68115234375,5036.68115234375
2019-04-06,5036.79296875,5059.8173828125,5059.8173828125
2019-04-07,5062.7939453125,5198.89697265625,5198.89697265625
2019-04-08,5199.83544921875,5289.77099609375,5289.77099609375
2019-04-09,5289.91796875,5204.95849609375,5204.95849609375
2019-04-10,5204.10546875,5324.5517578125,5324.5517578125
2019-04-11,5325.08154296875,5064.48779296875,5064.48779296875
2019-04-12,5061.20068359375,5089.5390625,5089.5390625
2019-04-13,5088.85009765625,5096.58642578125,5096.58642578125
2019-04-14,5095.7587890625,5167.72216796875,5167.72216796875
2019-04-15,5167.32177734375,5067.1083984375,5067.1083984375
2019-04-16,5066.57763671875,5235.5595703125,5235.5595703125
2019-04-17,5236.13525390625,5251.93798828125,5251.93798828125
2019-04-18,5251.48046875,5298.3857421875,5298.3857421875
2019-04-19,5298.154296875,5303.8125,5303.8125
2019-04-20,5304.16064453125,5337.88623046875,5337.88623046875
2019-04-21,5335.87890625,5314.53125,5314.53125
2019-04-22,5312.49462890625,5399.365234375,5399.365234375
2019-04-23,5399.36572265625,5572.3623046875,5572.3623046875
2019-04-24,5571.50830078125,5464.86669921875,5464.86669921875
2019-04-25,5466.5244140625,5210.515625,5210.515625
2019-04-26,5210.3046875,5279.34814453125,5279.34814453125
2019-04-27,5279.47119140625,5268.291015625,5268.291015625
2019-04-28,5271.74658203125,5285.13916015625,5285.13916015625
2019-04-29,5284.8583984375,5247.3525390625,5247.3525390625
2019-04-30,5247.72607421875,5350.7265625,5350.7265625
2019-05-01,5350.91455078125,5402.697265625,5402.697265625
2019-05-02,5402.4228515625,5505.28369140625,5505.28369140625
2019-05-03,5505.55224609375,5768.28955078125,5768.28955078125
2019-05-04,5769.20263671875,5831.16748046875,5831.16748046875
2019-05-05,5831.068359375,5795.70849609375,5795.70849609375
2019-05-06,5791.693359375,5746.80712890625,5746.80712890625
2019-05-07,5745.59912109375,5829.50146484375,5829.50146484375
2019-05-08,5849.4814453125,5982.45751953125,5982.45751953125
2019-05-09,5982.31640625,6174.52880859375,6174.52880859375
2019-05-10,6175.82275390625,6378.84912109375,6378.84912109375
2019-05-11,6379.6669921875,7204.771484375,7204.771484375
2019-05-12,7203.50732421875,6972.37158203125,6972.37158203125
2019-05-13,6971.17822265625,7814.9150390625,7814.9150390625
2019-05-14,7807.88427734375,7994.416015625,7994.416015625
2019-05-15,7989.37451171875,8205.16796875,8205.16796875
2019-05-16,8194.5009765625,7884.9091796875,7884.9091796875
2019-05-17,7886.92578125,7343.8955078125,7343.8955078125
2019-05-18,7341.66455078125,7271.2080078125,7271.2080078125
2019-05-19,7267.962890625,8197.689453125,8197.689453125
2019-05-20,8196.923828125,7978.30908203125,7978.30908203125
2019-05-21,7977.96923828125,7963.32763671875,7963.32763671875
2019-05-22,7956.2919921875,7680.06640625,7680.06640625
2019-05-23,7677.26904296875,7881.8466796875,7881.8466796875
2019-05-24,7881.6953125,7987.37158203125,7987.37158203125
2019-05-25,7991.88525390625,8052.5439453125,8052.5439453125
2019-05-26,8055.2060546875,8673.2158203125,8673.2158203125
2019-05-27,8674.072265625,8805.7783203125,8805.7783203125
2019-05-28,8802.7578125,8719.9619140625,8719.9619140625
2019-05-29,8718.591796875,8659.4873046875,8659.4873046875
2019-05-30,8661.7607421875,8319.47265625,8319.47265625
2019-05-31,8320.2861328125,8574.501953125,8574.501953125
2019-06-01,8573.83984375,8564.0166015625,8564.0166015625
2019-06-02,8565.4736328125,8742.9580078125,8742.9580078125
2019-06-03,8741.7470703125,8208.9951171875,8208.9951171875
2019-06-04,8210.9853515625,7707.77099609375,7707.77099609375
2019-06-05,7704.34326171875,7824.2314453125,7824.2314453125
2019-06-06,7819.63330078125,7822.0234375,7822.0234375
2019-06-07,7826.9013671875,8043.951171875,8043.951171875
2019-06-08,8036.77490234375,7954.1279296875,7954.1279296875
2019-06-09,7949.6748046875,7688.0771484375,7688.0771484375
2019-06-10,7692.28466796875,8000.32958984375,8000.32958984375
2019-06-11,8004.24365234375,7927.71435546875,7927.71435546875
2019-06-12,7925.43408203125,8145.857421875,8145.857421875
2019-06-13,8145.54541015625,8230.923828125,8230.923828125
2019-06-14,8230.8984375,8693.8330078125,8693.8330078125
2019-06-15,8689.74609375,8838.375,8838.375
2019-06-16,8841.4404296875,8994.48828125,8994.48828125
2019-06-17,8988.923828125,9320.3525390625,9320.3525390625
2019-06-18,9335.466796875,9081.7626953125,9081.7626953125
2019-06-19,9078.7275390625,9273.521484375,9273.521484375
2019-06-20,9273.060546875,9527.16015625,9527.16015625
2019-06-21,9525.07421875,10144.556640625,10144.556640625
2019-06-22,10175.923828125,10701.69140625,10701.69140625
2019-06-23,10696.69140625,10855.37109375,10855.37109375
2019-06-24,10853.744140625,11011.1025390625,11011.1025390625
2019-06-25,11007.2021484375,11790.9169921875,11790.9169921875
2019-06-26,11778.5810546875,13016.2314453125,13016.2314453125
2019-06-27,13017.125,11182.806640625,11182.806640625
2019-06-28,11162.16796875,12407.33203125,12407.33203125
2019-06-29,12400.763671875,11959.37109375,11959.37109375
2019-06-30,11931.9912109375,10817.1552734375,10817.1552734375
2019-07-01,10796.9306640625,10583.134765625,10583.134765625
2019-07-02,10588.68359375,10801.677734375,10801.677734375
2019-07-03,10818.15625,11961.26953125,11961.26953125
2019-07-04,11972.71875,11215.4375,11215.4375
2019-07-05,11203.1025390625,10978.4599609375,10978.4599609375
2019-07-06,10982.5439453125,11208.55078125,11208.55078125
2019-07-07,11217.6162109375,11450.8466796875,11450.8466796875
2019-07-08,11446.5966796875,12285.9580078125,12285.9580078125
2019-07-09,12284.326171875,12573.8125,12573.8125
2019-07-10,12571.537109375,12156.5126953125,12156.5126953125
2019-07-11,12139.7138671875,11358.662109375,11358.662109375
2019-07-12,11354.2998046875,11815.986328125,11815.986328125
2019-07-13,11813.126953125,11392.37890625,11392.37890625
2019-07-14,11381.0205078125,10256.05859375,10256.05859375
2019-07-15,10257.8388671875,10895.08984375,10895.08984375
2019-07-16,10896.6533203125,9477.6416015625,9477.6416015625
2019-07-17,9471.2138671875,9693.802734375,9693.802734375
2019-07-18,9698.5029296875,10666.482421875,10666.482421875
2019-07-19,10653.9560546875,10530.732421875,10530.732421875
2019-07-20,10525.8193359375,10767.1396484375,10767.1396484375
2019-07-21,10777.529296875,10599.10546875,10599.10546875
2019-07-22,10596.9482421875,10343.1064453125,10343.1064453125
2019-07-23,10346.748046875,9900.767578125,9900.767578125
2019-07-24,9887.73046875,9811.92578125,9811.92578125
2019-07-25,9809.0966796875,9911.841796875,9911.841796875
2019-07-26,9913.126953125,9870.3037109375,9870.3037109375
2019-07-27,9871.1650390625,9477.677734375,9477.677734375
2019-07-28,9491.626953125,9552.8603515625,9552.8603515625
2019-07-29,9548.1787109375,9519.1455078125,9519.1455078125
2019-07-30,9522.3291015625,9607.423828125,9607.423828125
2019-07-31,9604.05078125,10085.6279296875,10085.6279296875
2019-08-01,10077.4423828125,10399.6689453125,10399.6689453125
2019-08-02,10402.04296875,10518.1748046875,10518.1748046875
2019-08-03,10519.2783203125,10821.7265625,10821.7265625
2019-08-04,10821.6328125,10970.1845703125,10970.1845703125
2019-08-05,10960.7353515625,11805.6533203125,11805.6533203125
2019-08-06,11811.544921875,11478.1689453125,11478.1689453125
2019-08-07,11476.193359375,11941.96875,11941.96875
2019-08-08,11954.0400390625,11966.4072265625,11966.4072265625
2019-08-09,11953.4697265625,11862.9365234375,11862.9365234375
2019-08-10,11861.556640625,11354.0244140625,11354.0244140625
2019-08-11,11349.740234375,11523.5791015625,11523.5791015625
2019-08-12,11528.189453125,11382.6162109375,11382.6162109375
2019-08-13,11385.052734375,10895.830078125,10895.830078125
2019-08-14,10889.4873046875,10051.7041015625,10051.7041015625
2019-08-15,10038.421875,10311.5458984375,10311.5458984375
2019-08-16,10319.419921875,10374.3388671875,10374.3388671875
2019-08-17,10358.72265625,10231.744140625,10231.744140625
2019-08-18,10233.005859375,10345.810546875,10345.810546875
2019-08-19,10350.283203125,10916.0537109375,10916.0537109375
2019-08-20,10916.3466796875,10763.232421875,10763.232421875
2019-08-21,10764.572265625,10138.0498046875,10138.0498046875
2019-08-22,10142.521484375,10131.0556640625,10131.0556640625
2019-08-23,10136.3095703125,10407.96484375,10407.96484375
2019-08-24,10407.64453125,10159.9609375,10159.9609375
2019-08-25,10160.7373046875,10138.517578125,10138.517578125
2019-08-26,10126.2998046875,10370.8203125,10370.8203125
2019-08-27,10372.826171875,10185.5,10185.5
2019-08-28,10203.4267578125,9754.4228515625,9754.4228515625
2019-08-29,9756.7861328125,9510.2001953125,9510.2001953125
2019-08-30,9514.8447265625,9598.173828125,9598.173828125
2019-08-31,9597.5390625,9630.6640625,9630.6640625
2019-09-01,9630.5927734375,9757.970703125,9757.970703125
2019-09-02,9757.4736328125,10346.7607421875,10346.7607421875
2019-09-03,10345.7255859375,10623.5400390625,10623.5400390625
2019-09-04,10621.1806640625,10594.4931640625,10594.4931640625
2019-09-05,10588.18359375,10575.533203125,10575.533203125
2019-09-06,10578.1982421875,10353.302734375,10353.302734375
2019-09-07,10353.931640625,10517.2548828125,10517.2548828125
2019-09-08,10518.1142578125,10441.2763671875,10441.2763671875
2019-09-09,10443.228515625,10334.974609375,10334.974609375
2019-09-10,10336.408203125,10115.9755859375,10115.9755859375
2019-09-11,10123.03515625,10178.3720703125,10178.3720703125
2019-09-12,10176.8193359375,10410.126953125,10410.126953125
2019-09-13,10415.3623046875,10360.546875,10360.546875
2019-09-14,10345.4033203125,10358.048828125,10358.048828125
2019-09-15,10356.4658203125,10347.712890625,10347.712890625
2019-09-16,10347.22265625,10276.7939453125,10276.7939453125
2019-09-17,10281.513671875,10241.2724609375,10241.2724609375
2019-09-18,10247.7958984375,10198.248046875,10198.248046875
2019-09-19,10200.49609375,10266.4150390625,10266.4150390625
2019-09-20,10266.318359375,10181.6416015625,10181.6416015625
2019-09-21,10183.6484375,10019.716796875,10019.716796875
2019-09-22,10024.115234375,10070.392578125,10070.392578125
2019-09-23,10067.962890625,9729.32421875,9729.32421875
2019-09-24,9729.3212890625,8620.56640625,8620.56640625
2019-09-25,8603.4287109375,8486.9931640625,8486.9931640625
2019-09-26,8487.669921875,8118.9677734375,8118.9677734375
2019-09-27,8113.10107421875,8251.845703125,8251.845703125
2019-09-28,8251.2734375,8245.9150390625,8245.9150390625
2019-09-29,8246.037109375,8104.185546875,8104.185546875
2019-09-30,8104.2265625,8293.8681640625,8293.8681640625
2019-10-01,8299.720703125,8343.2763671875,8343.2763671875
2019-10-02,8344.212890625,8393.0419921875,8393.0419921875
2019-10-03,8390.7744140625,8259.9921875,8259.9921875
2019-10-04,8259.494140625,8205.939453125,8205.939453125
2019-10-05,8210.1494140625,8151.50048828125,8151.50048828125
2019-10-06,8149.876953125,7988.15576171875,7988.15576171875
2019-10-07,7989.12060546875,8245.623046875,8245.623046875
2019-10-08,8246.849609375,8228.783203125,8228.783203125
2019-10-09,8229.8408203125,8595.740234375,8595.740234375
2019-10-10,8585.2802734375,8586.4736328125,8586.4736328125
2019-10-11,8585.2626953125,8321.7568359375,8321.7568359375
2019-10-12,8315.6650390625,8336.5556640625,8336.5556640625
2019-10-13,8336.90234375,8321.005859375,8321.005859375
2019-10-14,8320.83203125,8374.6865234375,8374.6865234375
2019-10-15,8373.4580078125,8205.369140625,8205.369140625
2019-10-16,8204.6748046875,8047.52685546875,8047.52685546875
2019-10-17,8047.8125,8103.9111328125,8103.9111328125
2019-10-18,8100.93359375,7973.20751953125,7973.20751953125
2019-10-19,7973.8037109375,7988.560546875,7988.560546875
2019-10-20,7997.80712890625,8222.078125,8222.078125
2019-10-21,8225.115234375,8243.720703125,8243.720703125
2019-10-22,8243.40234375,8078.203125,8078.203125
2019-10-23,8076.228515625,7514.671875,7514.671875
2019-10-24,7509.72802734375,7493.48876953125,7493.48876953125
2019-10-25,7490.703125,8660.7001953125,8660.7001953125
2019-10-26,8667.5771484375,9244.97265625,9244.97265625
2019-10-27,9241.70703125,9551.71484375,9551.71484375
2019-10-28,9565.1015625,9256.1484375,9256.1484375
2019-10-29,9248.4404296875,9427.6875,9427.6875
2019-10-30,9422.462890625,9205.7265625,9205.7265625
2019-10-31,9202.4580078125,9199.5849609375,9199.5849609375
2019-11-01,9193.9921875,9261.1044921875,9261.1044921875
2019-11-02,9259.783203125,9324.7177734375,9324.7177734375
2019-11-03,9324.787109375,9235.3544921875,9235.3544921875
2019-11-04,9235.607421875,9412.6123046875,9412.6123046875
2019-11-05,9413.0048828125,9342.52734375,9342.52734375
2019-11-06,9340.8642578125,9360.8798828125,9360.8798828125
2019-11-07,9352.3935546875,9267.5615234375,9267.5615234375
2019-11-08,9265.3681640625,8804.880859375,8804.880859375
2019-11-09,8809.46875,8813.58203125,8813.58203125
2019-11-10,8812.4892578125,9055.5263671875,9055.5263671875
2019-11-11,9056.91796875,8757.7880859375,8757.7880859375
2019-11-12,8759.751953125,8815.662109375,8815.662109375
2019-11-13,8812.033203125,8808.2626953125,8808.2626953125
2019-11-14,8811.9365234375,8708.0947265625,8708.0947265625
2019-11-15,8705.7080078125,8491.9921875,8491.9921875
2019-11-16,8491.166015625,8550.7607421875,8550.7607421875
2019-11-17,8549.470703125,8577.9755859375,8577.9755859375
2019-11-18,8573.98046875,8309.2861328125,8309.2861328125
2019-11-19,8305.134765625,8206.1455078125,8206.1455078125
2019-11-20,8203.61328125,8027.26806640625,8027.26806640625
2019-11-21,8023.64453125,7642.75,7642.75
2019-11-22,7643.5693359375,7296.57763671875,7296.57763671875
2019-11-23,7296.16455078125,7397.796875,7397.796875
2019-11-24,7398.6337890625,7047.9169921875,7047.9169921875
2019-11-25,7039.97705078125,7146.1337890625,7146.1337890625
2019-11-26,7145.1591796875,7218.37109375,7218.37109375
2019-11-27,7220.880859375,7531.66357421875,7531.66357421875
2019-11-28,7536.8203125,7463.10595703125,7463.10595703125
2019-11-29,7466.72705078125,7761.24365234375,7761.24365234375
2019-11-30,7764.05712890625,7569.6298828125,7569.6298828125
2019-12-01,7571.6162109375,7424.29248046875,7424.29248046875
2019-12-02,7424.0361328125,7321.98828125,7321.98828125
2019-12-03,7323.9755859375,7320.1455078125,7320.1455078125
2019-12-04,7320.125,7252.03466796875,7252.03466796875
2019-12-05,7253.24169921875,7448.3076171875,7448.3076171875
2019-12-06,7450.5615234375,7546.99658203125,7546.99658203125
2019-12-07,7547.265625,7556.23779296875,7556.23779296875
2019-12-08,7551.3388671875,7564.34521484375,7564.34521484375
2019-12-09,7561.79541015625,7400.8994140625,7400.8994140625
2019-12-10,7397.13427734375,7278.11962890625,7278.11962890625
2019-12-11,7277.19775390625,7217.42724609375,7217.42724609375
2019-12-12,7216.73876953125,7243.13427734375,7243.13427734375
2019-12-13,7244.662109375,7269.6845703125,7269.6845703125
2019-12-14,7268.90283203125,7124.673828125,7124.673828125
2019-12-15,7124.23974609375,7152.3017578125,7152.3017578125
2019-12-16,7153.6630859375,6932.48046875,6932.48046875
2019-12-17,6931.3154296875,6640.51513671875,6640.51513671875
2019-12-18,6647.6982421875,7276.802734375,7276.802734375
2019-12-19,7277.5908203125,7202.84423828125,7202.84423828125
2019-12-20,7208.63671875,7218.81640625,7218.81640625
2019-12-21,7220.59375,7191.15869140625,7191.15869140625
2019-12-22,7191.1884765625,7511.5888671875,7511.5888671875
2019-12-23,7508.90234375,7355.62841796875,7355.62841796875
2019-12-24,7354.39306640625,7322.5322265625,7322.5322265625
2019-12-25,7325.755859375,7275.15576171875,7275.15576171875
2019-12-26,7274.79931640625,7238.966796875,7238.966796875
2019-12-27,7238.14111328125,7290.08837890625,7290.08837890625
2019-12-28,7289.03125,7317.990234375,7317.990234375
2019-12-29,7317.6474609375,7422.65283203125,7422.65283203125
2019-12-30,7420.27294921875,7292.9951171875,7292.9951171875
2019-12-31,7294.43896484375,7193.59912109375,7193.59912109375
2020-01-01,7194.89208984375,7200.17431640625,7200.17431640625
2020-01-02,7202.55126953125,6985.47021484375,6985.47021484375
2020-01-03,6984.4287109375,7344.88427734375,7344.88427734375
2020-01-04,7345.37548828125,7410.65673828125,7410.65673828125
2020-01-05,7410.45166015625,7411.3173828125,7411.3173828125
2020-01-06,7410.4521484375,7769.21923828125,7769.21923828125
2020-01-07,7768.68212890625,8163.6923828125,8163.6923828125
2020-01-08,8161.935546875,8079.86279296875,8079.86279296875
2020-01-09,8082.2958984375,7879.0712890625,7879.0712890625
2020-01-10,7878.3076171875,8166.55419921875,8166.55419921875
2020-01-11,8162.19091796875,8037.53759765625,8037.53759765625
2020-01-12,8033.26171875,8192.494140625,8192.494140625
2020-01-13,8189.77197265625,8144.1943359375,8144.1943359375
2020-01-14,8140.93310546875,8827.7646484375,8827.7646484375
2020-01-15,8825.34375,8807.0107421875,8807.0107421875
2020-01-16,8812.4814453125,8723.7861328125,8723.7861328125
2020-01-17,8725.2099609375,8929.0380859375,8929.0380859375
2020-01-18,8927.2119140625,8942.80859375,8942.80859375
2020-01-19,8941.4453125,8706.2451171875,8706.2451171875
2020-01-20,8704.6318359375,8657.642578125,8657.642578125
2020-01-21,8658.9912109375,8745.89453125,8745.89453125
2020-01-22,8744.2109375,8680.8759765625,8680.8759765625
2020-01-23,8680.650390625,8406.515625,8406.515625
2020-01-24,8405.5673828125,8445.4345703125,8445.4345703125
2020-01-25,8440.119140625,8367.84765625,8367.84765625
2020-01-26,8364.41015625,8596.830078125,8596.830078125
2020-01-27,8597.30859375,8909.8193359375,8909.8193359375
2020-01-28,8912.5244140625,9358.58984375,9358.58984375
2020-01-29,9357.470703125,9316.6298828125,9316.6298828125
2020-01-30,9316.0166015625,9508.9931640625,9508.9931640625
2020-01-31,9508.3134765625,9350.529296875,9350.529296875
2020-02-01,9346.357421875,9392.875,9392.875
2020-02-02,9389.8203125,9344.365234375,9344.365234375
2020-02-03,9344.68359375,9293.521484375,9293.521484375
2020-02-04,9292.841796875,9180.962890625,9180.962890625
2020-02-05,9183.416015625,9613.423828125,9613.423828125
2020-02-06,9617.8212890625,9729.8017578125,9729.8017578125
2020-02-07,9726.0029296875,9795.943359375,9795.943359375
2020-02-08,9793.0703125,9865.119140625,9865.119140625
2020-02-09,9863.89453125,10116.673828125,10116.673828125
2020-02-10,10115.5595703125,9856.611328125,9856.611328125
2020-02-11,9855.8916015625,10208.236328125,10208.236328125
2020-02-12,10202.3876953125,10326.0546875,10326.0546875
2020-02-13,10323.9609375,10214.3798828125,10214.3798828125
2020-02-14,10211.55078125,10312.1162109375,10312.1162109375
2020-02-15,10313.8564453125,9889.4248046875,9889.4248046875
2020-02-16,9889.1796875,9934.43359375,9934.43359375
2020-02-17,9936.560546875,9690.142578125,9690.142578125
2020-02-18,9691.23046875,10141.99609375,10141.99609375
2020-02-19,10143.798828125,9633.38671875,9633.38671875
2020-02-20,9629.3251953125,9608.4755859375,9608.4755859375
2020-02-21,9611.7822265625,9686.44140625,9686.44140625
2020-02-22,9687.70703125,9663.181640625,9663.181640625
2020-02-23,9663.318359375,9924.515625,9924.515625
2020-02-24,9921.5830078125,9650.1748046875,9650.1748046875
2020-02-25,9651.3125,9341.705078125,9341.705078125
2020-02-26,9338.2900390625,8820.5224609375,8820.5224609375
2020-02-27,8825.09375,8784.494140625,8784.494140625
2020-02-28,8788.728515625,8672.455078125,8672.455078125
2020-02-29,8671.212890625,8599.5087890625,8599.5087890625
2020-03-01,8599.7587890625,8562.4541015625,8562.4541015625
2020-03-02,8563.2646484375,8869.669921875,8869.669921875
2020-03-03,8865.3876953125,8787.7861328125,8787.7861328125
2020-03-04,8788.5419921875,8755.24609375,8755.24609375
2020-03-05,8760.28515625,9078.7626953125,9078.7626953125
2020-03-06,9078.30859375,9122.5458984375,9122.5458984375
2020-03-07,9121.6005859375,8909.9541015625,8909.9541015625
2020-03-08,8908.2060546875,8108.1162109375,8108.1162109375
2020-03-09,8111.146484375,7923.64453125,7923.64453125
2020-03-10,7922.14697265625,7909.7294921875,7909.7294921875
2020-03-11,7910.08984375,7911.43017578125,7911.43017578125
2020-03-12,7913.6162109375,4970.7880859375,4970.7880859375
2020-03-13,5017.8310546875,5563.70703125,5563.70703125
2020-03-14,5573.07763671875,5200.3662109375,5200.3662109375
2020-03-15,5201.06689453125,5392.31494140625,5392.31494140625
2020-03-16,5385.2294921875,5014.47998046875,5014.47998046875
2020-03-17,5002.578125,5225.62939453125,5225.62939453125
2020-03-18,5227.11376953125,5238.4384765625,5238.4384765625
2020-03-19,5245.41650390625,6191.19287109375,6191.19287109375
2020-03-20,6191.65380859375,6198.7783203125,6198.7783203125
2020-03-21,6206.521484375,6185.06640625,6185.06640625
2020-03-22,6185.55810546875,5830.2548828125,5830.2548828125
2020-03-23,5831.37451171875,6416.31494140625,6416.31494140625
2020-03-24,6436.642578125,6734.8037109375,6734.8037109375
2020-03-25,6738.716796875,6681.06298828125,6681.06298828125
2020-03-26,6675.1708984375,6716.4404296875,6716.4404296875
2020-03-27,6719.38916015625,6469.79833984375,6469.79833984375
2020-03-28,6467.25390625,6242.19384765625,6242.19384765625
2020-03-29,6245.62451171875,5922.04296875,5922.04296875
2020-03-30,5925.53857421875,6429.841796875,6429.841796875
2020-03-31,6430.6064453125,6438.64453125,6438.64453125
2020-04-01,6437.3193359375,6606.7763671875,6606.7763671875
2020-04-02,6606.7763671875,6793.62451171875,6793.62451171875
2020-04-03,6797.396484375,6733.38720703125,6733.38720703125
2020-04-04,6738.3828125,6867.52734375,6867.52734375
2020-04-05,6862.53759765625,6791.12939453125,6791.12939453125
2020-04-06,6788.0498046875,7271.78125,7271.78125
2020-04-07,7273.64404296875,7176.41455078125,7176.41455078125
2020-04-08,7179.283203125,7334.0986328125,7334.0986328125
2020-04-09,7337.96630859375,7302.08935546875,7302.08935546875
2020-04-10,7303.8154296875,6865.4931640625,6865.4931640625
2020-04-11,6867.4404296875,6859.0830078125,6859.0830078125
2020-04-12,6858.06787109375,6971.091796875,6971.091796875
2020-04-13,6965.61669921875,6845.03759765625,6845.03759765625
2020-04-14,6843.28173828125,6842.427734375,6842.427734375
2020-04-15,6845.5615234375,6642.10986328125,6642.10986328125
2020-04-16,6640.4541015625,7116.80419921875,7116.80419921875
2020-04-17,7116.552734375,7096.1845703125,7096.1845703125
2020-04-18,7092.29150390625,7257.6650390625,7257.6650390625
2020-04-19,7260.92236328125,7189.4248046875,7189.4248046875
2020-04-20,7186.87353515625,6881.95849609375,6881.95849609375
2020-04-21,6879.7841796875,6880.3232421875,6880.3232421875
2020-04-22,6879.4404296875,7117.20751953125,7117.20751953125
2020-04-23,7121.30615234375,7429.724609375,7429.724609375
2020-04-24,7434.181640625,7550.90087890625,7550.90087890625
2020-04-25,7550.48291015625,7569.93603515625,7569.93603515625
2020-04-26,7570.13916015625,7679.8671875,7679.8671875
2020-04-27,7679.4189453125,7795.60107421875,7795.60107421875
2020-04-28,7796.97021484375,7807.05859375,7807.05859375
2020-04-29,7806.71240234375,8801.0380859375,8801.0380859375
2020-04-30,8797.669921875,8658.5537109375,8658.5537109375
2020-05-01,8672.7822265625,8864.7666015625,8864.7666015625
2020-05-02,8869.0576171875,8988.5966796875,8988.5966796875
2020-05-03,8983.6142578125,8897.46875,8897.46875
2020-05-04,8895.7451171875,8912.654296875,8912.654296875
2020-05-05,8912.83203125,9003.0703125,9003.0703125
2020-05-06,9007.44140625,9268.76171875,9268.76171875
2020-05-07,9261.8955078125,9951.5185546875,9951.5185546875
2020-05-08,9936.162109375,9842.666015625,9842.666015625
2020-05-09,9840.90625,9593.896484375,9593.896484375
2020-05-10,9591.1689453125,8756.4306640625,8756.4306640625
2020-05-11,8755.53515625,8601.7958984375,8601.7958984375
2020-05-12,8610.3857421875,8804.4775390625,8804.4775390625
2020-05-13,8805.3876953125,9269.9873046875,9269.9873046875
2020-05-14,9271.3291015625,9733.7216796875,9733.7216796875
2020-05-15,9734.291015625,9328.197265625,9328.197265625
2020-05-16,9333.240234375,9377.013671875,9377.013671875
2020-05-17,9374.9296875,9670.7392578125,9670.7392578125
2020-05-18,9675.6953125,9726.5751953125,9726.5751953125
2020-05-19,9727.0634765625,9729.0380859375,9729.0380859375
2020-05-20,9725.3291015625,9522.9814453125,9522.9814453125
2020-05-21,9522.740234375,9081.76171875,9081.76171875
2020-05-22,9080.3349609375,9182.5771484375,9182.5771484375
2020-05-23,9185.0625,9209.287109375,9209.287109375
2020-05-24,9212.283203125,8790.3681640625,8790.3681640625
2020-05-25,8786.107421875,8906.9345703125,8906.9345703125
2020-05-26,8909.5859375,8835.052734375,8835.052734375
2020-05-27,8837.380859375,9181.017578125,9181.017578125
2020-05-28,9184.9453125,9525.7509765625,9525.7509765625
2020-05-29,9528.35546875,9439.1240234375,9439.1240234375
2020-05-30,9438.9140625,9700.4140625,9700.4140625
2020-05-31,9700.10546875,9461.05859375,9461.05859375
2020-06-01,9463.60546875,10167.2685546875,10167.2685546875
2020-06-02,10162.9736328125,9529.8037109375,9529.8037109375
2020-06-03,9533.7607421875,9656.7177734375,9656.7177734375
2020-06-04,9655.8544921875,9800.63671875,9800.63671875
2020-06-05,9800.2158203125,9665.533203125,9665.533203125
2020-06-06,9664.904296875,9653.6796875,9653.6796875
2020-06-07,9653.0029296875,9758.8525390625,9758.8525390625
2020-06-08,9760.0634765625,9771.4892578125,9771.4892578125
2020-06-09,9774.3603515625,9795.7001953125,9795.7001953125
2020-06-10,9794.119140625,9870.0947265625,9870.0947265625
2020-06-11,9870.078125,9321.78125,9321.78125
2020-06-12,9320.6904296875,9480.84375,9480.84375
2020-06-13,9480.7353515625,9475.27734375,9475.27734375
2020-06-14,9477.5537109375,9386.7880859375,9386.7880859375
2020-06-15,9386.03515625,9450.7021484375,9450.7021484375
2020-06-16,9454.2666015625,9538.0244140625,9538.0244140625
2020-06-17,9533.7841796875,9480.2548828125,9480.2548828125
2020-06-18,9481.5673828125,9411.8408203125,9411.8408203125
2020-06-19,9410.2939453125,9288.0185546875,9288.0185546875
2020-06-20,9290.9599609375,9332.3408203125,9332.3408203125
2020-06-21,9330.9267578125,9303.6298828125,9303.6298828125
2020-06-22,9300.9150390625,9648.7177734375,9648.7177734375
2020-06-23,9644.076171875,9629.658203125,9629.658203125
2020-06-24,9632.1494140625,9313.6103515625,9313.6103515625
2020-06-25,9314.126953125,9264.8134765625,9264.8134765625
2020-06-26,9260.9951171875,9162.91796875,9162.91796875
2020-06-27,9167.82421875,9045.390625,9045.390625
2020-06-28,9048.4609375,9143.58203125,9143.58203125
2020-06-29,9140.029296875,9190.8544921875,9190.8544921875
2020-06-30,9185.5810546875,9137.9931640625,9137.9931640625
2020-07-01,9145.9853515625,9228.3251953125,9228.3251953125
2020-07-02,9231.1396484375,9123.41015625,9123.41015625
2020-07-03,9124.8427734375,9087.3037109375,9087.3037109375
2020-07-04,9084.2333984375,9132.48828125,9132.48828125
2020-07-05,9126.0908203125,9073.9423828125,9073.9423828125
2020-07-06,9072.849609375,9375.474609375,9375.474609375
2020-07-07,9349.1611328125,9252.27734375,9252.27734375
2020-07-08,9253.0205078125,9428.3330078125,9428.3330078125
2020-07-09,9427.994140625,9277.9677734375,9277.9677734375
2020-07-10,9273.357421875,9278.8076171875,9278.8076171875
2020-07-11,9277.51171875,9240.3466796875,9240.3466796875
2020-07-12,9241.0546875,9276.5,9276.5
2020-07-13,9277.205078125,9243.6142578125,9243.6142578125
2020-07-14,9238.703125,9243.2138671875,9243.2138671875
2020-07-15,9241.8974609375,9192.8369140625,9192.8369140625
2020-07-16,9191.98046875,9132.2275390625,9132.2275390625
2020-07-17,9131.8125,9151.392578125,9151.392578125
2020-07-18,9151.18359375,9159.0400390625,9159.0400390625
2020-07-19,9158.005859375,9185.8173828125,9185.8173828125
2020-07-20,9187.220703125,9164.2314453125,9164.2314453125
2020-07-21,9162.5146484375,9374.8876953125,9374.8876953125
2020-07-22,9375.080078125,9525.36328125,9525.36328125
2020-07-23,9527.1416015625,9581.072265625,9581.072265625
2020-07-24,9585.5146484375,9536.892578125,9536.892578125
2020-07-25,9539.4853515625,9677.11328125,9677.11328125
2020-07-26,9680.234375,9905.1669921875,9905.1669921875
2020-07-27,9905.2177734375,10990.873046875,10990.873046875
2020-07-28,11017.4638671875,10912.8232421875,10912.8232421875
2020-07-29,10912.953125,11100.4677734375,11100.4677734375
2020-07-30,11099.8330078125,11111.2138671875,11111.2138671875
2020-07-31,11110.2109375,11323.466796875,11323.466796875
2020-08-01,11322.5703125,11759.5927734375,11759.5927734375
2020-08-02,11758.7646484375,11053.6142578125,11053.6142578125
2020-08-03,11043.7685546875,11246.3486328125,11246.3486328125
2020-08-04,11246.203125,11205.892578125,11205.892578125
2020-08-05,11203.8232421875,11747.0224609375,11747.0224609375
2020-08-06,11749.87109375,11779.7734375,11779.7734375
2020-08-07,11778.89453125,11601.47265625,11601.47265625
2020-08-08,11604.5537109375,11754.0458984375,11754.0458984375
2020-08-09,11737.3251953125,11675.7392578125,11675.7392578125
2020-08-10,11662.2568359375,11878.111328125,11878.111328125
2020-08-11,11881.6474609375,11410.525390625,11410.525390625
2020-08-12,11404.5966796875,11584.9345703125,11584.9345703125
2020-08-13,11588.4052734375,11784.1376953125,11784.1376953125
2020-08-14,11772.6591796875,11768.87109375,11768.87109375
2020-08-15,11768.697265625,11865.6982421875,11865.6982421875
2020-08-16,11866.685546875,11892.8037109375,11892.8037109375
2020-08-17,11895.658203125,12254.40234375,12254.40234375
2020-08-18,12251.8955078125,11991.2333984375,11991.2333984375
2020-08-19,11990.884765625,11758.283203125,11758.283203125
2020-08-20,11761.5,11878.3720703125,11878.3720703125
2020-08-21,11878.0263671875,11592.4892578125,11592.4892578125
2020-08-22,11585.4775390625,11681.8251953125,11681.8251953125
2020-08-23,11679.6962890625,11664.84765625,11664.84765625
2020-08-24,11663.689453125,11774.595703125,11774.595703125
2020-08-25,11773.5888671875,11366.134765625,11366.134765625
2020-08-26,11366.89453125,11488.36328125,11488.36328125
2020-08-27,11485.6083984375,11323.3974609375,11323.3974609375
2020-08-28,11325.2958984375,11542.5,11542.5
2020-08-29,11541.0546875,11506.865234375,11506.865234375
2020-08-30,11508.7138671875,11711.505859375,11711.505859375
2020-08-31,11713.306640625,11680.8203125,11680.8203125
2020-09-01,11679.31640625,11970.478515625,11970.478515625
2020-09-02,11964.8232421875,11414.0341796875,11414.0341796875
2020-09-03,11407.19140625,10245.296875,10245.296875
2020-09-04,10230.365234375,10511.8134765625,10511.8134765625
2020-09-05,10512.5302734375,10169.5673828125,10169.5673828125
2020-09-06,10167.216796875,10280.3515625,10280.3515625
2020-09-07,10280.998046875,10369.5634765625,10369.5634765625
2020-09-08,10369.306640625,10131.5166015625,10131.5166015625
2020-09-09,10134.1513671875,10242.34765625,10242.34765625
2020-09-10,10242.330078125,10363.138671875,10363.138671875
2020-09-11,10369.0283203125,10400.9150390625,10400.9150390625
2020-09-12,10409.861328125,10442.1708984375,10442.1708984375
2020-09-13,10452.3994140625,10323.755859375,10323.755859375
2020-09-14,10328.734375,10680.837890625,10680.837890625
2020-09-15,10677.7548828125,10796.951171875,10796.951171875
2020-09-16,10797.76171875,10974.9052734375,10974.9052734375
2020-09-17,10973.251953125,10948.990234375,10948.990234375
2020-09-18,10951.8203125,10944.5859375,10944.5859375
2020-09-19,10933.7529296875,11094.3466796875,11094.3466796875
2020-09-20,11095.8701171875,10938.271484375,10938.271484375
2020-09-21,10934.92578125,10462.259765625,10462.259765625
2020-09-22,10459.6240234375,10538.4599609375,10538.4599609375
2020-09-23,10535.4921875,10246.1865234375,10246.1865234375
2020-09-24,10248.7861328125,10760.06640625,10760.06640625
2020-09-25,10761.109375,10692.716796875,10692.716796875
2020-09-26,10695.5751953125,10750.7236328125,10750.7236328125
2020-09-27,10746.892578125,10775.26953125,10775.26953125
2020-09-28,10776.61328125,10709.65234375,10709.65234375
2020-09-29,10709.650390625,10844.640625,10844.640625
2020-09-30,10843.87109375,10784.4912109375,10784.4912109375
2020-10-01,10795.2548828125,10619.4521484375,10619.4521484375
2020-10-02,10619.8212890625,10575.974609375,10575.974609375
2020-10-03,10575.1005859375,10549.3291015625,10549.3291015625
2020-10-04,10550.4404296875,10669.5830078125,10669.5830078125
2020-10-05,10676.529296875,10793.33984375,10793.33984375
2020-10-06,10796.306640625,10604.40625,10604.40625
2020-10-07,10603.35546875,10668.96875,10668.96875
2020-10-08,10669.37109375,10915.685546875,10915.685546875
2020-10-09,10927.9130859375,11064.4580078125,11064.4580078125
2020-10-10,11059.142578125,11296.361328125,11296.361328125
2020-10-11,11296.08203125,11384.181640625,11384.181640625
2020-10-12,11392.6357421875,11555.36328125,11555.36328125
2020-10-13,11548.7197265625,11425.8994140625,11425.8994140625
2020-10-14,11429.0478515625,11429.5068359375,11429.5068359375
2020-10-15,11426.6025390625,11495.349609375,11495.349609375
2020-10-16,11502.828125,11322.123046875,11322.123046875
2020-10-17,11322.123046875,11358.1015625,11358.1015625
2020-10-18,11355.982421875,11483.359375,11483.359375
2020-10-19,11495.0380859375,11742.037109375,11742.037109375
2020-10-20,11745.974609375,11916.3349609375,11916.3349609375
2020-10-21,11913.0771484375,12823.689453125,12823.689453125
2020-10-22,12801.6357421875,12965.8916015625,12965.8916015625
2020-10-23,12971.548828125,12931.5390625,12931.5390625
2020-10-24,12931.57421875,13108.0625,13108.0625
2020-10-25,13108.0634765625,13031.173828125,13031.173828125
2020-10-26,13031.201171875,13075.248046875,13075.248046875
2020-10-27,13075.2421875,13654.21875,13654.21875
2020-10-28,13654.21484375,13271.28515625,13271.28515625
2020-10-29,13271.298828125,13437.8828125,13437.8828125
2020-10-30,13437.8740234375,13546.5224609375,13546.5224609375
2020-10-31,13546.5322265625,13780.9951171875,13780.9951171875
2020-11-01,13780.9951171875,13737.109375,13737.109375
2020-11-02,13737.0322265625,13550.4892578125,13550.4892578125
2020-11-03,13550.451171875,13950.30078125,13950.30078125
2020-11-04,13950.48828125,14133.70703125,14133.70703125
2020-11-05,14133.7333984375,15579.8486328125,15579.8486328125
2020-11-06,15579.7294921875,15565.880859375,15565.880859375
2020-11-07,15565.880859375,14833.75390625,14833.75390625
2020-11-08,14833.75390625,15479.5673828125,15479.5673828125
2020-11-09,15479.595703125,15332.3154296875,15332.3154296875
2020-11-10,15332.3505859375,15290.90234375,15290.90234375
2020-11-11,15290.9091796875,15701.33984375,15701.33984375
2020-11-12,15701.298828125,16276.34375,16276.34375
2020-11-13,16276.4404296875,16317.80859375,16317.80859375
2020-11-14,16317.80859375,16068.138671875,16068.138671875
2020-11-15,16068.1396484375,15955.587890625,15955.587890625
2020-11-16,15955.5771484375,16716.111328125,16716.111328125
2020-11-17,16685.69140625,17645.40625,17645.40625
2020-11-18,17645.19140625,17804.005859375,17804.005859375
2020-11-19,17803.861328125,17817.08984375,17817.08984375
2020-11-20,17817.083984375,18621.314453125,18621.314453125
2020-11-21,18621.31640625,18642.232421875,18642.232421875
2020-11-22,18642.232421875,18370.001953125,18370.001953125
2020-11-23,18370.017578125,18364.12109375,18364.12109375
2020-11-24,18365.015625,19107.46484375,19107.46484375
2020-11-25,19104.41015625,18732.12109375,18732.12109375
2020-11-26,18729.83984375,17150.623046875,17150.623046875
2020-11-27,17153.9140625,17108.40234375,17108.40234375
2020-11-28,17112.93359375,17717.4140625,17717.4140625
2020-11-29,17719.634765625,18177.484375,18177.484375
2020-11-30,18178.322265625,19625.8359375,19625.8359375
2020-12-01,19633.76953125,18802.998046875,18802.998046875
2020-12-02,18801.744140625,19201.091796875,19201.091796875
2020-12-03,19205.92578125,19445.3984375,19445.3984375
2020-12-04,19446.966796875,18699.765625,18699.765625
2020-12-05,18698.384765625,19154.23046875,19154.23046875
2020-12-06,19154.1796875,19345.12109375,19345.12109375
2020-12-07,19343.12890625,19191.630859375,19191.630859375
2020-12-08,19191.529296875,18321.14453125,18321.14453125
2020-12-09,18320.884765625,18553.916015625,18553.916015625
2020-12-10,18553.298828125,18264.9921875,18264.9921875
2020-12-11,18263.9296875,18058.904296875,18058.904296875
2020-12-12,18051.3203125,18803.65625,18803.65625
2020-12-13,18806.765625,19142.3828125,19142.3828125
2020-12-14,19144.4921875,19246.64453125,19246.64453125
2020-12-15,19246.919921875,19417.076171875,19417.076171875
2020-12-16,19418.818359375,21310.59765625,21310.59765625
2020-12-17,21308.3515625,22805.162109375,22805.162109375
2020-12-18,22806.796875,23137.9609375,23137.9609375
2020-12-19,23132.865234375,23869.83203125,23869.83203125
2020-12-20,23861.765625,23477.294921875,23477.294921875
2020-12-21,23474.455078125,22803.08203125,22803.08203125
2020-12-22,22794.0390625,23783.029296875,23783.029296875
2020-12-23,23781.974609375,23241.345703125,23241.345703125
2020-12-24,23240.203125,23735.94921875,23735.94921875
2020-12-25,23733.5703125,24664.791015625,24664.791015625
2020-12-26,24677.015625,26437.037109375,26437.037109375
2020-12-27,26439.373046875,26272.294921875,26272.294921875
2020-12-28,26280.822265625,27084.80859375,27084.80859375
2020-12-29,27081.810546875,27362.4375,27362.4375
2020-12-30,27360.08984375,28840.953125,28840.953125
2020-12-31,28841.57421875,29001.720703125,29001.720703125
2021-01-01,28994.009765625,29374.15234375,29374.15234375
2021-01-02,29376.455078125,32127.267578125,32127.267578125
2021-01-03,32129.408203125,32782.0234375,32782.0234375
2021-01-04,32810.94921875,31971.9140625,31971.9140625
2021-01-05,31977.041015625,33992.4296875,33992.4296875
2021-01-06,34013.61328125,36824.36328125,36824.36328125
2021-01-07,36833.875,39371.04296875,39371.04296875
2021-01-08,39381.765625,40797.609375,40797.609375
2021-01-09,40788.640625,40254.546875,40254.546875
2021-01-10,40254.21875,38356.44140625,38356.44140625
2021-01-11,38346.53125,35566.65625,35566.65625
2021-01-12,35516.359375,33922.9609375,33922.9609375
2021-01-13,33915.12109375,37316.359375,37316.359375
2021-01-14,37325.109375,39187.328125,39187.328125
2021-01-15,39156.70703125,36825.3671875,36825.3671875
2021-01-16,36821.6484375,36178.140625,36178.140625
2021-01-17,36163.6484375,35791.27734375,35791.27734375
2021-01-18,35792.23828125,36630.07421875,36630.07421875
2021-01-19,36642.234375,36069.8046875,36069.8046875
2021-01-20,36050.11328125,35547.75,35547.75
2021-01-21,35549.3984375,30825.69921875,30825.69921875
2021-01-22,30817.625,33005.76171875,33005.76171875
2021-01-23,32985.7578125,32067.642578125,32067.642578125
2021-01-24,32064.376953125,32289.37890625,32289.37890625
2021-01-25,32285.798828125,32366.392578125,32366.392578125
2021-01-26,32358.61328125,32569.849609375,32569.849609375
2021-01-27,32564.029296875,30432.546875,30432.546875
2021-01-28,30441.041015625,33466.09765625,33466.09765625
2021-01-29,34318.671875,34316.38671875,34316.38671875
2021-01-30,34295.93359375,34269.5234375,34269.5234375
2021-01-31,34270.87890625,33114.359375,33114.359375
2021-02-01,33114.578125,33537.17578125,33537.17578125
2021-02-02,33533.19921875,35510.2890625,35510.2890625
2021-02-03,35510.8203125,37472.08984375,37472.08984375
2021-02-04,37475.10546875,36926.06640625,36926.06640625
2021-02-05,36931.546875,38144.30859375,38144.30859375
2021-02-06,38138.38671875,39266.01171875,39266.01171875
2021-02-07,39250.19140625,38903.44140625,38903.44140625
2021-02-08,38886.828125,46196.46484375,46196.46484375
2021-02-09,46184.9921875,46481.10546875,46481.10546875
2021-02-10,46469.76171875,44918.18359375,44918.18359375
2021-02-11,44898.7109375,47909.33203125,47909.33203125
2021-02-12,47877.03515625,47504.8515625,47504.8515625
2021-02-13,47491.203125,47105.515625,47105.515625
2021-02-14,47114.5078125,48717.2890625,48717.2890625
2021-02-15,48696.53515625,47945.05859375,47945.05859375
2021-02-16,47944.45703125,49199.87109375,49199.87109375
2021-02-17,49207.27734375,52149.0078125,52149.0078125
2021-02-18,52140.97265625,51679.796875,51679.796875
2021-02-19,51675.98046875,55888.1328125,55888.1328125
2021-02-20,55887.3359375,56099.51953125,56099.51953125
2021-02-21,56068.56640625,57539.9453125,57539.9453125
2021-02-22,57532.73828125,54207.3203125,54207.3203125
2021-02-23,54204.9296875,48824.42578125,48824.42578125
2021-02-24,48835.0859375,49705.33203125,49705.33203125
2021-02-25,49709.08203125,47093.8515625,47093.8515625
2021-02-26,47180.46484375,46339.76171875,46339.76171875
2021-02-27,46344.7734375,46188.453125,46188.453125
2021-02-28,46194.015625,45137.76953125,45137.76953125
2021-03-01,45159.50390625,49631.2421875,49631.2421875
2021-03-02,49612.10546875,48378.98828125,48378.98828125
2021-03-03,48415.81640625,50538.2421875,50538.2421875
2021-03-04,50522.3046875,48561.16796875,48561.16796875
2021-03-05,48527.03125,48927.3046875,48927.3046875
2021-03-06,48899.23046875,48912.3828125,48912.3828125
2021-03-07,48918.6796875,51206.69140625,51206.69140625
2021-03-08,51174.1171875,52246.5234375,52246.5234375
2021-03-09,52272.96875,54824.1171875,54824.1171875
2021-03-10,54824.01171875,56008.55078125,56008.55078125
2021-03-11,55963.1796875,57805.12109375,57805.12109375
2021-03-12,57821.21875,57332.08984375,57332.08984375
2021-03-13,57343.37109375,61243.0859375,61243.0859375
2021-03-14,61221.1328125,59302.31640625,59302.31640625
2021-03-15,59267.4296875,55907.19921875,55907.19921875
2021-03-16,55840.78515625,56804.90234375,56804.90234375
2021-03-17,56825.828125,58870.89453125,58870.89453125
2021-03-18,58893.078125,57858.921875,57858.921875
2021-03-19,57850.44140625,58346.65234375,58346.65234375
2021-03-20,58332.26171875,58313.64453125,58313.64453125
2021-03-21,58309.9140625,57523.421875,57523.421875
2021-03-22,57517.890625,54529.14453125,54529.14453125
2021-03-23,54511.66015625,54738.9453125,54738.9453125
2021-03-24,54710.48828125,52774.265625,52774.265625
2021-03-25,52726.74609375,51704.16015625,51704.16015625
2021-03-26,51683.01171875,55137.3125,55137.3125
2021-03-27,55137.56640625,55973.51171875,55973.51171875
2021-03-28,55974.94140625,55950.74609375,55950.74609375
2021-03-29,55947.8984375,57750.19921875,57750.19921875
2021-03-30,57750.1328125,58917.69140625,58917.69140625
2021-03-31,58930.27734375,58918.83203125,58918.83203125
2021-04-01,58926.5625,59095.80859375,59095.80859375
2021-04-02,59098.87890625,59384.3125,59384.3125
2021-04-03,59397.41015625,57603.890625,57603.890625
2021-04-04,57604.83984375,58758.5546875,58758.5546875
2021-04-05,58760.875,59057.87890625,59057.87890625
2021-04-06,59171.93359375,58192.359375,58192.359375
2021-04-07,58186.5078125,56048.9375,56048.9375
2021-04-08,56099.9140625,58323.953125,58323.953125
2021-04-09,58326.5625,58245.00390625,58245.00390625
2021-04-10,58253.77734375,59793.234375,59793.234375
2021-04-11,59846.23046875,60204.96484375,60204.96484375
2021-04-12,60175.9453125,59893.453125,59893.453125
2021-04-13,59890.01953125,63503.45703125,63503.45703125
2021-04-14,63523.75390625,63109.6953125,63109.6953125
2021-04-15,63075.1953125,63314.01171875,63314.01171875
2021-04-16,63258.50390625,61572.7890625,61572.7890625
2021-04-17,61529.921875,60683.8203125,60683.8203125
2021-04-18,60701.88671875,56216.18359375,56216.18359375
2021-04-19,56191.5859375,55724.265625,55724.265625
2021-04-20,55681.79296875,56473.03125,56473.03125
2021-04-21,56471.12890625,53906.08984375,53906.08984375
2021-04-22,53857.10546875,51762.2734375,51762.2734375
2021-04-23,51739.80859375,51093.65234375,51093.65234375
2021-04-24,51143.2265625,50050.8671875,50050.8671875
2021-04-25,50052.83203125,49004.25390625,49004.25390625
2021-04-26,49077.79296875,54021.75390625,54021.75390625
2021-04-27,54030.3046875,55033.1171875,55033.1171875
2021-04-28,55036.63671875,54824.703125,54824.703125
2021-04-29,54858.08984375,53555.109375,53555.109375
2021-04-30,53568.6640625,57750.17578125,57750.17578125
2021-05-01,57714.6640625,57828.05078125,57828.05078125
2021-05-02,57825.86328125,56631.078125,56631.078125
2021-05-03,56620.2734375,57200.29296875,57200.29296875
2021-05-04,57214.1796875,53333.5390625,53333.5390625
2021-05-05,53252.1640625,57424.0078125,57424.0078125
2021-05-06,57441.30859375,56396.515625,56396.515625
2021-05-07,56413.953125,57356.40234375,57356.40234375
2021-05-08,57352.765625,58803.77734375,58803.77734375
2021-05-09,58877.390625,58232.31640625,58232.31640625
2021-05-10,58250.87109375,55859.796875,55859.796875
2021-05-11,55847.2421875,56704.57421875,56704.57421875
2021-05-12,56714.53125,49150.53515625,49150.53515625
2021-05-13,49735.43359375,49716.19140625,49716.19140625
2021-05-14,49682.98046875,49880.53515625,49880.53515625
2021-05-15,49855.49609375,46760.1875,46760.1875
2021-05-16,46716.63671875,46456.05859375,46456.05859375
2021-05-17,46415.8984375,43537.51171875,43537.51171875
2021-05-18,43488.05859375,42909.40234375,42909.40234375
2021-05-19,42944.9765625,37002.44140625,37002.44140625
2021-05-20,36753.66796875,40782.73828125,40782.73828125
2021-05-21,40596.94921875,37304.69140625,37304.69140625
2021-05-22,37371.03125,37536.6328125,37536.6328125
2021-05-23,37531.44921875,34770.58203125,34770.58203125
2021-05-24,34700.36328125,38705.98046875,38705.98046875
2021-05-25,38795.78125,38402.22265625,38402.22265625
2021-05-26,38392.625,39294.19921875,39294.19921875
2021-05-27,39316.890625,38436.96875,38436.96875
2021-05-28,38507.08203125,35697.60546875,35697.60546875
2021-05-29,35684.15625,34616.06640625,34616.06640625
2021-05-30,34607.40625,35678.12890625,35678.12890625
2021-05-31,35658.59375,37332.85546875,37332.85546875
2021-06-01,37293.79296875,36684.92578125,36684.92578125
2021-06-02,36699.921875,37575.1796875,37575.1796875
2021-06-03,37599.41015625,39208.765625,39208.765625
2021-06-04,39242.484375,36894.40625,36894.40625
2021-06-05,36880.15625,35551.95703125,35551.95703125
2021-06-06,35538.609375,35862.37890625,35862.37890625
2021-06-07,35835.265625,33560.70703125,33560.70703125
2021-06-08,33589.51953125,33472.6328125,33472.6328125
2021-06-09,33416.9765625,37345.12109375,37345.12109375
2021-06-10,37389.515625,36702.59765625,36702.59765625
2021-06-11,36697.03125,37334.3984375,37334.3984375
2021-06-12,37340.14453125,35552.515625,35552.515625
2021-06-13,35555.7890625,39097.859375,39097.859375
2021-06-14,39016.96875,40218.4765625,40218.4765625
2021-06-15,40427.16796875,40406.26953125,40406.26953125
2021-06-16,40168.69140625,38347.0625,38347.0625
2021-06-17,38341.421875,38053.50390625,38053.50390625
2021-06-18,38099.4765625,35787.24609375,35787.24609375
2021-06-19,35854.52734375,35615.87109375,35615.87109375
2021-06-20,35563.140625,35698.296875,35698.296875
2021-06-21,35641.14453125,31676.693359375,31676.693359375
2021-06-22,31622.376953125,32505.66015625,32505.66015625
2021-06-23,32515.71484375,33723.02734375,33723.02734375
2021-06-24,33682.80078125,34662.4375,34662.4375
2021-06-25,34659.10546875,31637.779296875,31637.779296875
2021-06-26,31594.6640625,32186.27734375,32186.27734375
2021-06-27,32287.5234375,34649.64453125,34649.64453125
2021-06-28,34679.12109375,34434.3359375,34434.3359375
2021-06-29,34475.55859375,35867.77734375,35867.77734375
2021-06-30,35908.38671875,35040.8359375,35040.8359375
2021-07-01,35035.984375,33572.1171875,33572.1171875
2021-07-02,33549.6015625,33897.046875,33897.046875
2021-07-03,33854.421875,34668.546875,34668.546875
2021-07-04,34665.56640625,35287.78125,35287.78125
2021-07-05,35284.34375,33746.00390625,33746.00390625
2021-07-06,33723.5078125,34235.1953125,34235.1953125
2021-07-07,34225.6796875,33855.328125,33855.328125
2021-07-08,33889.60546875,32877.37109375,32877.37109375
2021-07-09,32861.671875,33798.01171875,33798.01171875
2021-07-10,33811.2421875,33520.51953125,33520.51953125
2021-07-11,33509.078125,34240.1875,34240.1875
2021-07-12,34254.015625,33155.84765625,33155.84765625
2021-07-13,33125.46875,32702.025390625,32702.025390625
2021-07-14,32723.845703125,32822.34765625,32822.34765625
2021-07-15,32827.875,31780.73046875,31780.73046875
2021-07-16,31841.55078125,31421.5390625,31421.5390625
2021-07-17,31397.30859375,31533.068359375,31533.068359375
2021-07-18,31533.884765625,31796.810546875,31796.810546875
2021-07-19,31800.01171875,30817.83203125,30817.83203125
2021-07-20,30838.28515625,29807.34765625,29807.34765625
2021-07-21,29796.28515625,32110.693359375,32110.693359375
2021-07-22,32138.873046875,32313.10546875,32313.10546875
2021-07-23,32305.958984375,33581.55078125,33581.55078125
2021-07-24,33593.73046875,34292.4453125,34292.4453125
2021-07-25,34290.29296875,35350.1875,35350.1875
2021-07-26,35384.03125,37337.53515625,37337.53515625
2021-07-27,37276.03515625,39406.94140625,39406.94140625
2021-07-28,39503.1875,39995.90625,39995.90625
2021-07-29,39995.453125,40008.421875,40008.421875
2021-07-30,40027.484375,42235.546875,42235.546875
2021-07-31,42196.3046875,41626.1953125,41626.1953125
2021-08-01,41460.84375,39974.89453125,39974.89453125
2021-08-02,39907.26171875,39201.9453125,39201.9453125
2021-08-03,39178.40234375,38152.98046875,38152.98046875
2021-08-04,38213.33203125,39747.50390625,39747.50390625
2021-08-05,39744.515625,40869.5546875,40869.5546875
2021-08-06,40865.8671875,42816.5,42816.5
2021-08-07,42832.796875,44555.80078125,44555.80078125
2021-08-08,44574.4375,43798.1171875,43798.1171875
2021-08-09,43791.92578125,46365.40234375,46365.40234375
2021-08-10,46280.84765625,45585.03125,45585.03125
2021-08-11,45599.703125,45593.63671875,45593.63671875
2021-08-12,45576.87890625,44428.2890625,44428.2890625
2021-08-13,44439.69140625,47793.3203125,47793.3203125
2021-08-14,47810.6875,47096.9453125,47096.9453125
2021-08-15,47096.66796875,47047.00390625,47047.00390625
2021-08-16,47019.9609375,46004.484375,46004.484375
2021-08-17,45936.45703125,44695.359375,44695.359375
2021-08-18,44686.75,44801.1875,44801.1875
2021-08-19,44741.8828125,46717.578125,46717.578125
2021-08-20,46723.12109375,49339.17578125,49339.17578125
2021-08-21,49327.07421875,48905.4921875,48905.4921875
2021-08-22,48869.10546875,49321.65234375,49321.65234375
2021-08-23,49291.67578125,49546.1484375,49546.1484375
2021-08-24,49562.34765625,47706.1171875,47706.1171875
2021-08-25,47727.2578125,48960.7890625,48960.7890625
2021-08-26,49002.640625,46942.21875,46942.21875
2021-08-27,46894.5546875,49058.66796875,49058.66796875
2021-08-28,49072.5859375,48902.40234375,48902.40234375
2021-08-29,48911.25,48829.83203125,48829.83203125
2021-08-30,48834.8515625,47054.984375,47054.984375
2021-08-31,47024.33984375,47166.6875,47166.6875
2021-09-01,47099.7734375,48847.02734375,48847.02734375
2021-09-02,48807.84765625,49327.72265625,49327.72265625
2021-09-03,49288.25,50025.375,50025.375
2021-09-04,50009.32421875,49944.625,49944.625
2021-09-05,49937.859375,51753.41015625,51753.41015625
2021-09-06,51769.00390625,52633.53515625,52633.53515625
2021-09-07,52660.48046875,46811.12890625,46811.12890625
2021-09-08,46827.76171875,46091.390625,46091.390625
2021-09-09,45774.7421875,46391.421875,46391.421875
2021-09-10,46396.6640625,44883.91015625,44883.91015625
2021-09-11,44869.83984375,45201.45703125,45201.45703125
2021-09-12,45206.62890625,46063.26953125,46063.26953125
2021-09-13,46057.21484375,44963.07421875,44963.07421875
2021-09-14,44960.05078125,47092.4921875,47092.4921875
2021-09-15,47098.0,48176.34765625,48176.34765625
2021-09-16,48158.90625,47783.359375,47783.359375
2021-09-17,47771.00390625,47267.51953125,47267.51953125
2021-09-18,47273.52734375,48278.36328125,48278.36328125
2021-09-19,48268.85546875,47260.21875,47260.21875
2021-09-20,47261.40625,42843.80078125,42843.80078125
2021-09-21,43012.234375,40693.67578125,40693.67578125
2021-09-22,40677.953125,43574.5078125,43574.5078125
2021-09-23,43560.296875,44895.09765625,44895.09765625
2021-09-24,44894.30078125,42839.75,42839.75
2021-09-25,42840.890625,42716.59375,42716.59375
2021-09-26,42721.62890625,43208.5390625,43208.5390625
2021-09-27,43234.18359375,42235.73046875,42235.73046875
2021-09-28,42200.8984375,41034.54296875,41034.54296875
2021-09-29,41064.984375,41564.36328125,41564.36328125
2021-09-30,41551.26953125,43790.89453125,43790.89453125
2021-10-01,43816.7421875,48116.94140625,48116.94140625
2021-10-02,48137.46875,47711.48828125,47711.48828125
2021-10-03,47680.02734375,48199.953125,48199.953125
2021-10-04,48208.90625,49112.90234375,49112.90234375
2021-10-05,49174.9609375,51514.8125,51514.8125
2021-10-06,51486.6640625,55361.44921875,55361.44921875
2021-10-07,55338.625,53805.984375,53805.984375
2021-10-08,53802.14453125,53967.84765625,53967.84765625
2021-10-09,53929.78125,54968.22265625,54968.22265625
2021-10-10,54952.8203125,54771.578125,54771.578125
2021-10-11,54734.125,57484.7890625,57484.7890625
2021-10-12,57526.83203125,56041.05859375,56041.05859375
2021-10-13,56038.2578125,57401.09765625,57401.09765625
2021-10-14,57372.83203125,57321.5234375,57321.5234375
2021-10-15,57345.90234375,61593.94921875,61593.94921875
2021-10-16,61609.52734375,60892.1796875,60892.1796875
2021-10-17,60887.65234375,61553.6171875,61553.6171875
2021-10-18,61548.8046875,62026.078125,62026.078125
2021-10-19,62043.1640625,64261.9921875,64261.9921875
2021-10-20,64284.5859375,65992.8359375,65992.8359375
2021-10-21,66002.234375,62210.171875,62210.171875
2021-10-22,62237.890625,60692.265625,60692.265625
2021-10-23,60694.62890625,61393.6171875,61393.6171875
2021-10-24,61368.34375,60930.8359375,60930.8359375
2021-10-25,60893.92578125,63039.82421875,63039.82421875
2021-10-26,63032.76171875,60363.79296875,60363.79296875
2021-10-27,60352.0,58482.38671875,58482.38671875
2021-10-28,58470.73046875,60622.13671875,60622.13671875
2021-10-29,60624.87109375,62227.96484375,62227.96484375
2021-10-30,62239.36328125,61888.83203125,61888.83203125
2021-10-31,61850.48828125,61318.95703125,61318.95703125
2021-11-01,61320.44921875,61004.40625,61004.40625
2021-11-02,60963.25390625,63226.40234375,63226.40234375
2021-11-03,63254.3359375,62970.046875,62970.046875
2021-11-04,62941.8046875,61452.23046875,61452.23046875
2021-11-05,61460.078125,61125.67578125,61125.67578125
2021-11-06,61068.875,61527.48046875,61527.48046875
2021-11-07,61554.921875,63326.98828125,63326.98828125
2021-11-08,63344.06640625,67566.828125,67566.828125
2021-11-09,67549.734375,66971.828125,66971.828125
2021-11-10,66953.3359375,64995.23046875,64995.23046875
2021-11-11,64978.890625,64949.9609375,64949.9609375
2021-11-12,64863.98046875,64155.94140625,64155.94140625
2021-11-13,64158.12109375,64469.52734375,64469.52734375
2021-11-14,64455.37109375,65466.83984375,65466.83984375
2021-11-15,65521.2890625,63557.87109375,63557.87109375
2021-11-16,63721.1953125,60161.24609375,60161.24609375
2021-11-17,60139.62109375,60368.01171875,60368.01171875
2021-11-18,60360.13671875,56942.13671875,56942.13671875
2021-11-19,56896.12890625,58119.578125,58119.578125
2021-11-20,58115.08203125,59697.1953125,59697.1953125
2021-11-21,59730.5078125,58730.4765625,58730.4765625
2021-11-22,58706.84765625,56289.2890625,56289.2890625
2021-11-23,56304.5546875,57569.07421875,57569.07421875
2021-11-24,57565.8515625,56280.42578125,56280.42578125
2021-11-25,57165.41796875,57274.6796875,57274.6796875
2021-11-26,58960.28515625,53569.765625,53569.765625
2021-11-27,53736.4296875,54815.078125,54815.078125
2021-11-28,54813.0234375,57248.45703125,57248.45703125
2021-11-29,57291.90625,57806.56640625,57806.56640625
2021-11-30,57830.11328125,57005.42578125,57005.42578125
2021-12-01,56907.96484375,57229.828125,57229.828125
2021-12-02,57217.37109375,56477.81640625,56477.81640625
2021-12-03,56509.1640625,53598.24609375,53598.24609375
2021-12-04,53727.87890625,49200.703125,49200.703125
2021-12-05,49201.51953125,49368.84765625,49368.84765625
2021-12-06,49413.48046875,50582.625,50582.625
2021-12-07,50581.828125,50700.0859375,50700.0859375
2021-12-08,50667.6484375,50504.796875,50504.796875
2021-12-09,50450.08203125,47672.12109375,47672.12109375
2021-12-10,47642.14453125,47243.3046875,47243.3046875
2021-12-11,47264.6328125,49362.5078125,49362.5078125
2021-12-12,49354.85546875,50098.3359375,50098.3359375
2021-12-13,50114.7421875,46737.48046875,46737.48046875
2021-12-14,46709.82421875,46612.6328125,46612.6328125
2021-12-15,48379.75390625,48896.72265625,48896.72265625
2021-12-16,48900.46484375,47665.42578125,47665.42578125
2021-12-17,47653.73046875,46202.14453125,46202.14453125
2021-12-18,46219.25390625,46848.77734375,46848.77734375
2021-12-19,46853.8671875,46707.015625,46707.015625
2021-12-20,46707.0625,46880.27734375,46880.27734375
2021-12-21,46886.078125,48936.61328125,48936.61328125
2021-12-22,48937.09765625,48628.51171875,48628.51171875
2021-12-23,48626.34375,50784.5390625,50784.5390625
2021-12-24,50806.05078125,50822.1953125,50822.1953125
2021-12-25,50854.91796875,50429.859375,50429.859375
2021-12-26,50428.69140625,50809.515625,50809.515625
2021-12-27,50802.609375,50640.41796875,50640.41796875
2021-12-28,50679.859375,47588.85546875,47588.85546875
2021-12-29,47623.87109375,46444.7109375,46444.7109375
2021-12-30,46490.60546875,47178.125,47178.125
2021-12-31,47169.37109375,46306.4453125,46306.4453125
2022-01-01,46311.74609375,47686.8125,47686.8125
2022-01-02,47680.92578125,47345.21875,47345.21875
2022-01-03,47343.54296875,46458.1171875,46458.1171875
2022-01-04,46458.8515625,45897.57421875,45897.57421875
2022-01-05,45899.359375,43569.00390625,43569.00390625
2022-01-06,43565.51171875,43160.9296875,43160.9296875
2022-01-07,43153.5703125,41557.90234375,41557.90234375
2022-01-08,41561.46484375,41733.94140625,41733.94140625
2022-01-09,41734.7265625,41911.6015625,41911.6015625
2022-01-10,41910.23046875,41821.26171875,41821.26171875
2022-01-11,41819.5078125,42735.85546875,42735.85546875
2022-01-12,42742.1796875,43949.1015625,43949.1015625
2022-01-13,43946.7421875,42591.5703125,42591.5703125
2022-01-14,42598.87109375,43099.69921875,43099.69921875
2022-01-15,43101.8984375,43177.3984375,43177.3984375
2022-01-16,43172.0390625,43113.87890625,43113.87890625
2022-01-17,43118.12109375,42250.55078125,42250.55078125
2022-01-18,42250.07421875,42375.6328125,42375.6328125
2022-01-19,42374.0390625,41744.328125,41744.328125
2022-01-20,41744.02734375,40680.41796875,40680.41796875
2022-01-21,40699.60546875,36457.31640625,36457.31640625
2022-01-22,36471.58984375,35030.25,35030.25
2022-01-23,35047.359375,36276.8046875,36276.8046875
2022-01-24,36275.734375,36654.328125,36654.328125
2022-01-25,36654.8046875,36954.00390625,36954.00390625
2022-01-26,36950.515625,36852.12109375,36852.12109375
2022-01-27,36841.87890625,37138.234375,37138.234375
2022-01-28,37128.4453125,37784.33203125,37784.33203125
2022-01-29,37780.71484375,38138.1796875,38138.1796875
2022-01-30,38151.91796875,37917.6015625,37917.6015625
2022-01-31,37920.28125,38483.125,38483.125
2022-02-01,38481.765625,38743.2734375,38743.2734375
2022-02-02,38743.71484375,36952.984375,36952.984375
2022-02-03,36944.8046875,37154.6015625,37154.6015625
2022-02-04,37149.265625,41500.875,41500.875
2022-02-05,41501.48046875,41441.1640625,41441.1640625
2022-02-06,41441.12109375,42412.43359375,42412.43359375
2022-02-07,42406.78125,43840.28515625,43840.28515625
2022-02-08,43854.65234375,44118.4453125,44118.4453125
2022-02-09,44096.703125,44338.796875,44338.796875
2022-02-10,44347.80078125,43565.11328125,43565.11328125
2022-02-11,43571.12890625,42407.9375,42407.9375
2022-02-12,42412.30078125,42244.46875,42244.46875
2022-02-13,42236.56640625,42197.515625,42197.515625
2022-02-14,42157.3984375,42586.91796875,42586.91796875
2022-02-15,42586.46484375,44575.203125,44575.203125
2022-02-16,44578.27734375,43961.859375,43961.859375
2022-02-17,43937.0703125,40538.01171875,40538.01171875
2022-02-18,40552.1328125,40030.9765625,40030.9765625
2022-02-19,40026.0234375,40122.15625,40122.15625
2022-02-20,40118.1015625,38431.37890625,38431.37890625
2022-02-21,38423.2109375,37075.28125,37075.28125
2022-02-22,37068.76953125,38286.02734375,38286.02734375
2022-02-23,38285.28125,37296.5703125,37296.5703125
2022-02-24,37278.56640625,38332.609375,38332.609375
2022-02-25,38333.74609375,39214.21875,39214.21875
2022-02-26,39213.08203125,39105.1484375,39105.1484375
2022-02-27,39098.69921875,37709.78515625,37709.78515625
2022-02-28,37706.0,43193.234375,43193.234375
2022-03-01,43194.50390625,44354.63671875,44354.63671875
2022-03-02,44357.6171875,43924.1171875,43924.1171875
2022-03-03,43925.1953125,42451.7890625,42451.7890625
2022-03-04,42458.140625,39137.60546875,39137.60546875
2022-03-05,39148.44921875,39400.5859375,39400.5859375
2022-03-06,39404.19921875,38419.984375,38419.984375
2022-03-07,38429.3046875,38062.0390625,38062.0390625
2022-03-08,38059.90234375,38737.26953125,38737.26953125
2022-03-09,38742.81640625,41982.92578125,41982.92578125
2022-03-10,41974.0703125,39437.4609375,39437.4609375
2022-03-11,39439.96875,38794.97265625,38794.97265625
2022-03-12,38794.46484375,38904.01171875,38904.01171875
2022-03-13,38884.7265625,37849.6640625,37849.6640625
2022-03-14,37846.31640625,39666.75390625,39666.75390625
2022-03-15,39664.25,39338.78515625,39338.78515625
2022-03-16,39335.5703125,41143.9296875,41143.9296875
2022-03-17,41140.84375,40951.37890625,40951.37890625
2022-03-18,40944.83984375,41801.15625,41801.15625
2022-03-19,41794.6484375,42190.65234375,42190.65234375
2022-03-20,42191.40625,41247.82421875,41247.82421875
2022-03-21,41246.1328125,41077.99609375,41077.99609375
2022-03-22,41074.10546875,42358.80859375,42358.80859375
2022-03-23,42364.37890625,42892.95703125,42892.95703125
2022-03-24,42886.65234375,43960.93359375,43960.93359375
2022-03-25,43964.546875,44348.73046875,44348.73046875
2022-03-26,44349.859375,44500.828125,44500.828125
2022-03-27,44505.35546875,46820.4921875,46820.4921875
2022-03-28,46821.8515625,47128.00390625,47128.00390625
2022-03-29,47100.4375,47465.73046875,47465.73046875
2022-03-30,47456.8984375,47062.6640625,47062.6640625
2022-03-31,47062.1484375,45538.67578125,45538.67578125
2022-04-01,45554.1640625,46281.64453125,46281.64453125
2022-04-02,46285.5,45868.94921875,45868.94921875
2022-04-03,45859.12890625,46453.56640625,46453.56640625
2022-04-04,46445.2734375,46622.67578125,46622.67578125
2022-04-05,46624.5078125,45555.9921875,45555.9921875
2022-04-06,45544.35546875,43206.73828125,43206.73828125
2022-04-07,43207.5,43503.84765625,43503.84765625
2022-04-08,43505.13671875,42287.6640625,42287.6640625
2022-04-09,42282.078125,42782.13671875,42782.13671875
2022-04-10,42781.08984375,42207.671875,42207.671875
2022-04-11,42201.0390625,39521.90234375,39521.90234375
2022-04-12,39533.71484375,40127.18359375,40127.18359375
2022-04-13,40123.5703125,41166.73046875,41166.73046875
2022-04-14,41160.21875,39935.515625,39935.515625
2022-04-15,39939.40234375,40553.46484375,40553.46484375
2022-04-16,40552.31640625,40424.484375,40424.484375
2022-04-17,40417.77734375,39716.953125,39716.953125
2022-04-18,39721.203125,40826.21484375,40826.21484375
2022-04-19,40828.17578125,41502.75,41502.75
2022-04-20,41501.74609375,41374.37890625,41374.37890625
2022-04-21,41371.515625,40527.36328125,40527.36328125
2022-04-22,40525.86328125,39740.3203125,39740.3203125
2022-04-23,39738.72265625,39486.73046875,39486.73046875
2022-04-24,39478.375,39469.29296875,39469.29296875
2022-04-25,39472.60546875,40458.30859375,40458.30859375
2022-04-26,40448.421875,38117.4609375,38117.4609375
2022-04-27,38120.30078125,39241.12109375,39241.12109375
2022-04-28,39241.4296875,39773.828125,39773.828125
2022-04-29,39768.6171875,38609.82421875,38609.82421875
2022-04-30,38605.859375,37714.875,37714.875
2022-05-01,37713.265625,38469.09375,38469.09375
2022-05-02,38472.1875,38529.328125,38529.328125
2022-05-03,38528.109375,37750.453125,37750.453125
2022-05-04,37748.01171875,39698.37109375,39698.37109375
2022-05-05,39695.74609375,36575.140625,36575.140625
2022-05-06,36573.18359375,36040.921875,36040.921875
2022-05-07,36042.50390625,35501.953125,35501.953125
2022-05-08,35502.94140625,34059.265625,34059.265625
2022-05-09,34060.015625,30296.953125,30296.953125
2022-05-10,30273.654296875,31022.90625,31022.90625
2022-05-11,31016.18359375,28936.35546875,28936.35546875
2022-05-12,28936.734375,29047.751953125,29047.751953125
2022-05-13,29030.91015625,29283.103515625,29283.103515625
2022-05-14,29285.642578125,30101.265625,30101.265625
2022-05-15,30098.5859375,31305.11328125,31305.11328125
2022-05-16,31304.375,29862.91796875,29862.91796875
2022-05-17,29862.408203125,30425.857421875,30425.857421875
2022-05-18,30424.478515625,28720.271484375,28720.271484375
2022-05-19,28720.359375,30314.333984375,30314.333984375
2022-05-20,30311.119140625,29200.740234375,29200.740234375
2022-05-21,29199.859375,29432.2265625,29432.2265625
2022-05-22,29432.47265625,30323.72265625,30323.72265625
2022-05-23,30309.396484375,29098.91015625,29098.91015625
2022-05-24,29101.125,29655.5859375,29655.5859375
2022-05-25,29653.134765625,29562.361328125,29562.361328125
2022-05-26,29564.77734375,29267.224609375,29267.224609375
2022-05-27,29251.140625,28627.57421875,28627.57421875
2022-05-28,28622.625,28814.900390625,28814.900390625
2022-05-29,29019.8671875,29445.95703125,29445.95703125
2022-05-30,29443.365234375,31726.390625,31726.390625
2022-05-31,31723.865234375,31792.310546875,31792.310546875
2022-06-01,31792.5546875,29799.080078125,29799.080078125
2022-06-02,29794.890625,30467.48828125,30467.48828125
2022-06-03,30467.806640625,29704.390625,29704.390625
2022-06-04,29706.138671875,29832.9140625,29832.9140625
2022-06-05,29835.1171875,29906.662109375,29906.662109375
2022-06-06,29910.283203125,31370.671875,31370.671875
2022-06-07,31371.7421875,31155.478515625,31155.478515625
2022-06-08,31151.48046875,30214.35546875,30214.35546875
2022-06-09,30215.279296875,30111.998046875,30111.998046875
2022-06-10,30110.330078125,29083.8046875,29083.8046875
2022-06-11,29084.666015625,28360.810546875,28360.810546875
2022-06-12,28373.513671875,26762.6484375,26762.6484375
2022-06-13,26737.578125,22487.388671875,22487.388671875
2022-06-14,22487.986328125,22206.79296875,22206.79296875
2022-06-15,22196.73046875,22572.83984375,22572.83984375
2022-06-16,22576.3046875,20381.650390625,20381.650390625
2022-06-17,20385.71875,20471.482421875,20471.482421875
2022-06-18,20473.42578125,19017.642578125,19017.642578125
2022-06-19,19010.90234375,20553.271484375,20553.271484375
2022-06-20,20553.37109375,20599.537109375,20599.537109375
2022-06-21,20594.294921875,20710.59765625,20710.59765625
2022-06-22,20719.4140625,19987.029296875,19987.029296875
2022-06-23,19986.607421875,21085.876953125,21085.876953125
2022-06-24,21084.6484375,21231.65625,21231.65625
2022-06-25,21233.609375,21502.337890625,21502.337890625
2022-06-26,21496.494140625,21027.294921875,21027.294921875
2022-06-27,21028.23828125,20735.478515625,20735.478515625
2022-06-28,20731.544921875,20280.634765625,20280.634765625
2022-06-29,20281.169921875,20104.0234375,20104.0234375
2022-06-30,20108.3125,19784.7265625,19784.7265625
2022-07-01,19820.470703125,19269.3671875,19269.3671875
2022-07-02,19274.8359375,19242.255859375,19242.255859375
2022-07-03,19242.095703125,19297.076171875,19297.076171875
2022-07-04,19297.314453125,20231.26171875,20231.26171875
2022-07-05,20225.353515625,20190.115234375,20190.115234375
2022-07-06,20194.619140625,20548.24609375,20548.24609375
2022-07-07,20547.814453125,21637.587890625,21637.587890625
2022-07-08,21637.154296875,21731.1171875,21731.1171875
2022-07-09,21716.828125,21592.20703125,21592.20703125
2022-07-10,21591.080078125,20860.44921875,20860.44921875
2022-07-11,20856.353515625,19970.556640625,19970.556640625
2022-07-12,19970.474609375,19323.9140625,19323.9140625
2022-07-13,19325.97265625,20212.07421875,20212.07421875
2022-07-14,20211.466796875,20569.919921875,20569.919921875
2022-07-15,20573.15625,20836.328125,20836.328125
2022-07-16,20834.103515625,21190.31640625,21190.31640625
2022-07-17,21195.041015625,20779.34375,20779.34375
2022-07-18,20781.912109375,22485.689453125,22485.689453125
2022-07-19,22467.849609375,23389.43359375,23389.43359375
2022-07-20,23393.19140625,23231.732421875,23231.732421875
2022-07-21,23233.201171875,23164.62890625,23164.62890625
2022-07-22,23163.751953125,22714.978515625,22714.978515625
2022-07-23,22706.984375,22465.478515625,22465.478515625
2022-07-24,22465.509765625,22609.1640625,22609.1640625
2022-07-25,22607.15625,21361.701171875,21361.701171875
2022-07-26,21361.12109375,21239.75390625,21239.75390625
2022-07-27,21244.169921875,22930.548828125,22930.548828125
2022-07-28,22933.640625,23843.88671875,23843.88671875
2022-07-29,23845.212890625,23804.6328125,23804.6328125
2022-07-30,23796.818359375,23656.20703125,23656.20703125
2022-07-31,23652.0703125,23336.896484375,23336.896484375
2022-08-01,23336.71875,23314.19921875,23314.19921875
2022-08-02,23308.43359375,22978.1171875,22978.1171875
2022-08-03,22981.302734375,22846.5078125,22846.5078125
2022-08-04,22848.21484375,22630.95703125,22630.95703125
2022-08-05,22626.833984375,23289.314453125,23289.314453125
2022-08-06,23291.423828125,22961.279296875,22961.279296875
2022-08-07,22963.505859375,23175.890625,23175.890625
2022-08-08,23179.52734375,23809.486328125,23809.486328125
2022-08-09,23811.484375,23164.318359375,23164.318359375
2022-08-10,23162.8984375,23947.642578125,23947.642578125
2022-08-11,23948.345703125,23957.529296875,23957.529296875
2022-08-12,23957.203125,24402.818359375,24402.818359375
2022-08-13,24402.1875,24424.068359375,24424.068359375
2022-08-14,24429.056640625,24319.333984375,24319.333984375
2022-08-15,24318.31640625,24136.97265625,24136.97265625
2022-08-16,24126.13671875,23883.291015625,23883.291015625
2022-08-17,23881.31640625,23335.998046875,23335.998046875
2022-08-18,23341.0390625,23212.73828125,23212.73828125
2022-08-19,23213.3125,20877.552734375,20877.552734375
2022-08-20,20872.841796875,21166.060546875,21166.060546875
2022-08-21,21160.392578125,21534.12109375,21534.12109375
2022-08-22,21531.462890625,21398.908203125,21398.908203125
2022-08-23,21401.044921875,21528.087890625,21528.087890625
2022-08-24,21526.455078125,21395.01953125,21395.01953125
2022-08-25,21395.458984375,21600.904296875,21600.904296875
2022-08-26,21596.0859375,20260.01953125,20260.01953125
2022-08-27,20262.48046875,20041.73828125,20041.73828125
2022-08-28,20041.03515625,19616.814453125,19616.814453125
2022-08-29,19615.154296875,20297.994140625,20297.994140625
2022-08-30,20298.611328125,19796.80859375,19796.80859375
2022-08-31,19799.58203125,20049.763671875,20049.763671875
2022-09-01,20050.498046875,20127.140625,20127.140625
2022-09-02,20126.072265625,19969.771484375,19969.771484375
2022-09-03,19969.71875,19832.087890625,19832.087890625
2022-09-04,19832.470703125,19986.712890625,19986.712890625
2022-09-05,19988.7890625,19812.37109375,19812.37109375
2022-09-06,19817.724609375,18837.66796875,18837.66796875
2022-09-07,18837.68359375,19290.32421875,19290.32421875
2022-09-08,19289.94140625,19329.833984375,19329.833984375
2022-09-09,19328.140625,21381.15234375,21381.15234375
2022-09-10,21376.912109375,21680.5390625,21680.5390625
2022-09-11,21678.54296875,21769.255859375,21769.255859375
2022-09-12,21770.1484375,22370.44921875,22370.44921875
2022-09-13,22371.48046875,20296.70703125,20296.70703125
2022-09-14,20184.5546875,20241.08984375,20241.08984375
2022-09-15,20242.2890625,19701.2109375,19701.2109375
2022-09-16,19704.005859375,19772.583984375,19772.583984375
2022-09-17,19777.033203125,20127.576171875,20127.576171875
2022-09-18,20127.234375,19419.505859375,19419.505859375
2022-09-19,19418.572265625,19544.12890625,19544.12890625
2022-09-20,19545.591796875,18890.7890625,18890.7890625
2022-09-21,18891.283203125,18547.400390625,18547.400390625
2022-09-22,18534.650390625,19413.55078125,19413.55078125
2022-09-23,19412.400390625,19297.638671875,19297.638671875
2022-09-24,19296.990234375,18937.01171875,18937.01171875
2022-09-25,18936.310546875,18802.09765625,18802.09765625
2022-09-26,18803.900390625,19222.671875,19222.671875
2022-09-27,19221.83984375,19110.546875,19110.546875
2022-09-28,19104.62109375,19426.720703125,19426.720703125
2022-09-29,19427.779296875,19573.05078125,19573.05078125
2022-09-30,19573.431640625,19431.7890625,19431.7890625
2022-10-01,19431.10546875,19312.095703125,19312.095703125
2022-10-02,19311.849609375,19044.107421875,19044.107421875
2022-10-03,19044.068359375,19623.580078125,19623.580078125
2022-10-04,19623.583984375,20336.84375,20336.84375
2022-10-05,20335.900390625,20160.716796875,20160.716796875
2022-10-06,20161.0390625,19955.443359375,19955.443359375
2022-10-07,19957.55859375,19546.849609375,19546.849609375
2022-10-08,19546.328125,19416.568359375,19416.568359375
2022-10-09,19417.478515625,19446.42578125,19446.42578125
2022-10-10,19446.416015625,19141.484375,19141.484375
2022-10-11,19139.0,19051.41796875,19051.41796875
2022-10-12,19052.646484375,19157.4453125,19157.4453125
2022-10-13,19156.966796875,19382.904296875,19382.904296875
2022-10-14,19382.533203125,19185.65625,19185.65625
2022-10-15,19185.4375,19067.634765625,19067.634765625
2022-10-16,19068.9140625,19268.09375,19268.09375
2022-10-17,19268.5625,19550.7578125,19550.7578125
2022-10-18,19550.466796875,19334.416015625,19334.416015625
2022-10-19,19335.02734375,19139.53515625,19139.53515625
2022-10-20,19138.0859375,19053.740234375,19053.740234375
2022-10-21,19053.203125,19172.46875,19172.46875
2022-10-22,19172.380859375,19208.189453125,19208.189453125
2022-10-23,19207.734375,19567.0078125,19567.0078125
2022-10-24,19567.76953125,19345.572265625,19345.572265625
2022-10-25,19344.96484375,20095.857421875,20095.857421875
2022-10-26,20092.236328125,20770.44140625,20770.44140625
2022-10-27,20772.802734375,20285.8359375,20285.8359375
2022-10-28,20287.95703125,20595.3515625,20595.3515625
2022-10-29,20595.103515625,20818.4765625,20818.4765625
2022-10-30,20817.982421875,20635.603515625,20635.603515625
2022-10-31,20633.6953125,20495.7734375,20495.7734375
2022-11-01,20494.8984375,20485.2734375,20485.2734375
2022-11-02,20482.958984375,20159.50390625,20159.50390625
2022-11-03,20162.689453125,20209.98828125,20209.98828125
2022-11-04,20208.76953125,21147.23046875,21147.23046875
2022-11-05,21144.83203125,21282.69140625,21282.69140625
2022-11-06,21285.056640625,20926.486328125,20926.486328125
2022-11-07,20924.62109375,20602.81640625,20602.81640625
2022-11-08,20600.671875,18541.271484375,18541.271484375
2022-11-09,18543.76171875,15880.7802734375,15880.7802734375
2022-11-10,15883.158203125,17586.771484375,17586.771484375
2022-11-11,17583.251953125,17034.29296875,17034.29296875
2022-11-12,17036.875,16799.185546875,16799.185546875
2022-11-13,16799.72265625,16353.365234375,16353.365234375
2022-11-14,16352.0283203125,16618.19921875,16618.19921875
2022-11-15,16617.484375,16884.61328125,16884.61328125
2022-11-16,16884.341796875,16669.439453125,16669.439453125
2022-11-17,16670.42578125,16687.517578125,16687.517578125
2022-11-18,16687.912109375,16697.77734375,16697.77734375
2022-11-19,16696.220703125,16711.546875,16711.546875
2022-11-20,16712.919921875,16291.83203125,16291.83203125
2022-11-21,16291.2236328125,15787.2841796875,15787.2841796875
2022-11-22,15782.30078125,16189.76953125,16189.76953125
2022-11-23,16195.5888671875,16610.70703125,16610.70703125
2022-11-24,16611.63671875,16604.46484375,16604.46484375
2022-11-25,16602.26953125,16521.841796875,16521.841796875
2022-11-26,16521.576171875,16464.28125,16464.28125
2022-11-27,16463.8828125,16444.626953125,16444.626953125
2022-11-28,16440.22265625,16217.322265625,16217.322265625
2022-11-29,16217.6396484375,16444.982421875,16444.982421875
2022-11-30,16445.4765625,17168.56640625,17168.56640625
2022-12-01,17168.001953125,16967.1328125,16967.1328125
2022-12-02,16968.68359375,17088.66015625,17088.66015625
2022-12-03,17090.09765625,16908.236328125,16908.236328125
2022-12-04,16908.169921875,17130.486328125,17130.486328125
2022-12-05,17128.89453125,16974.826171875,16974.826171875
2022-12-06,16975.23828125,17089.50390625,17089.50390625
2022-12-07,17089.505859375,16848.126953125,16848.126953125
2022-12-08,16847.349609375,17233.474609375,17233.474609375
2022-12-09,17232.1484375,17133.15234375,17133.15234375
2022-12-10,17134.220703125,17128.724609375,17128.724609375
2022-12-11,17129.7109375,17104.193359375,17104.193359375
2022-12-12,17102.5,17206.4375,17206.4375
2022-12-13,17206.44140625,17781.318359375,17781.318359375
2022-12-14,17782.06640625,17815.650390625,17815.650390625
2022-12-15,17813.64453125,17364.865234375,17364.865234375
2022-12-16,17364.546875,16647.484375,16647.484375
2022-12-17,16646.982421875,16795.091796875,16795.091796875
2022-12-18,16795.609375,16757.9765625,16757.9765625
2022-12-19,16759.041015625,16439.6796875,16439.6796875
2022-12-20,16441.787109375,16906.3046875,16906.3046875
2022-12-21,16904.52734375,16817.53515625,16817.53515625
2022-12-22,16818.380859375,16830.341796875,16830.341796875
2022-12-23,16829.64453125,16796.953125,16796.953125
2022-12-24,16796.9765625,16847.755859375,16847.755859375
2022-12-25,16847.505859375,16841.986328125,16841.986328125
2022-12-26,16842.25,16919.8046875,16919.8046875
2022-12-27,16919.291015625,16717.173828125,16717.173828125
2022-12-28,16716.400390625,16552.572265625,16552.572265625
2022-12-29,16552.322265625,16642.341796875,16642.341796875
2022-12-30,16641.330078125,16602.5859375,16602.5859375
2022-12-31,16603.673828125,16547.49609375,16547.49609375
2023-01-01,16547.9140625,16625.080078125,16625.080078125
2023-01-02,16625.509765625,16688.470703125,16688.470703125
2023-01-03,16688.84765625,16679.857421875,16679.857421875
2023-01-04,16680.205078125,16863.23828125,16863.23828125
2023-01-05,16863.47265625,16836.736328125,16836.736328125
2023-01-06,16836.47265625,16951.96875,16951.96875
2023-01-07,16952.1171875,16955.078125,16955.078125
2023-01-08,16954.146484375,17091.14453125,17091.14453125
2023-01-09,17093.9921875,17196.5546875,17196.5546875
2023-01-10,17192.94921875,17446.29296875,17446.29296875
2023-01-11,17446.359375,17934.896484375,17934.896484375
2023-01-12,18117.59375,18869.587890625,18869.587890625
2023-01-13,18868.90625,19909.57421875,19909.57421875
2023-01-14,19910.537109375,20976.298828125,20976.298828125
2023-01-15,20977.484375,20880.798828125,20880.798828125
2023-01-16,20882.224609375,21169.6328125,21169.6328125
2023-01-17,21175.833984375,21161.51953125,21161.51953125
2023-01-18,21161.05078125,20688.78125,20688.78125
2023-01-19,20686.74609375,21086.79296875,21086.79296875
2023-01-20,21085.373046875,22676.552734375,22676.552734375
2023-01-21,22677.427734375,22777.625,22777.625
2023-01-22,22777.986328125,22720.416015625,22720.416015625
2023-01-23,22721.087890625,22934.431640625,22934.431640625
2023-01-24,22929.626953125,22636.46875,22636.46875
2023-01-25,22639.267578125,23117.859375,23117.859375
2023-01-26,23108.955078125,23032.77734375,23032.77734375
2023-01-27,23030.716796875,23078.728515625,23078.728515625
2023-01-28,23079.96484375,23031.08984375,23031.08984375
2023-01-29,23031.44921875,23774.56640625,23774.56640625
2023-01-30,23774.6484375,22840.138671875,22840.138671875
2023-01-31,22840.796875,23139.283203125,23139.283203125
2023-02-01,23137.8359375,23723.76953125,23723.76953125
2023-02-02,23720.82421875,23471.87109375,23471.87109375
2023-02-03,23469.412109375,23449.322265625,23449.322265625
2023-02-04,23446.3203125,23331.84765625,23331.84765625
2023-02-05,23332.248046875,22955.666015625,22955.666015625
2023-02-06,22954.021484375,22760.109375,22760.109375
2023-02-07,22757.267578125,23264.291015625,23264.291015625
2023-02-08,23263.416015625,22939.3984375,22939.3984375
2023-02-09,22946.56640625,21819.0390625,21819.0390625
2023-02-10,21819.005859375,21651.18359375,21651.18359375
2023-02-11,21651.841796875,21870.875,21870.875
2023-02-12,21870.90234375,21788.203125,21788.203125
2023-02-13,21787.0,21808.1015625,21808.1015625
2023-02-14,21801.822265625,22220.8046875,22220.8046875
2023-02-15,22220.5859375,24307.841796875,24307.841796875
2023-02-16,24307.349609375,23623.474609375,23623.474609375
2023-02-17,23621.283203125,24565.6015625,24565.6015625
2023-02-18,24565.296875,24641.27734375,24641.27734375
2023-02-19,24640.02734375,24327.642578125,24327.642578125
2023-02-20,24336.623046875,24829.1484375,24829.1484375
2023-02-21,24833.048828125,24436.353515625,24436.353515625
2023-02-22,24437.41796875,24188.84375,24188.84375
2023-02-23,24190.71875,23947.4921875,23947.4921875
2023-02-24,23946.0078125,23198.126953125,23198.126953125
2023-02-25,23200.125,23175.375,23175.375
2023-02-26,23174.150390625,23561.212890625,23561.212890625
2023-02-27,23561.451171875,23522.87109375,23522.87109375
2023-02-28,23521.837890625,23147.353515625,23147.353515625
2023-03-01,23150.9296875,23646.55078125,23646.55078125
2023-03-02,23647.01953125,23475.466796875,23475.466796875
2023-03-03,23476.6328125,22362.6796875,22362.6796875
2023-03-04,22362.923828125,22353.349609375,22353.349609375
2023-03-05,22354.14453125,22435.513671875,22435.513671875
2023-03-06,22436.81640625,22429.7578125,22429.7578125
2023-03-07,22428.322265625,22219.76953125,22219.76953125
2023-03-08,22216.44140625,21718.080078125,21718.080078125
2023-03-09,21720.080078125,20363.021484375,20363.021484375
2023-03-10,20367.001953125,20187.244140625,20187.244140625
2023-03-11,20187.876953125,20632.41015625,20632.41015625
2023-03-12,20628.029296875,22163.94921875,22163.94921875
2023-03-13,22156.40625,24197.533203125,24197.533203125
2023-03-14,24201.765625,24746.07421875,24746.07421875
2023-03-15,24770.92578125,24375.9609375,24375.9609375
2023-03-16,24373.45703125,25052.7890625,25052.7890625
2023-03-17,25055.123046875,27423.9296875,27423.9296875
2023-03-18,27448.1171875,26965.87890625,26965.87890625
2023-03-19,26969.50390625,28038.67578125,28038.67578125
2023-03-20,28041.6015625,27767.236328125,27767.236328125
2023-03-21,27768.392578125,28175.81640625,28175.81640625
2023-03-22,28158.720703125,27307.4375,27307.4375
2023-03-23,27301.95703125,28333.97265625,28333.97265625
2023-03-24,28324.111328125,27493.28515625,27493.28515625
2023-03-25,27487.337890625,27494.70703125,27494.70703125
2023-03-26,27495.5234375,27994.330078125,27994.330078125
2023-03-27,27994.068359375,27139.888671875,27139.888671875
2023-03-28,27132.888671875,27268.130859375,27268.130859375
2023-03-29,27267.03125,28348.44140625,28348.44140625
2023-03-30,28350.140625,28033.5625,28033.5625
2023-03-31,28032.26171875,28478.484375,28478.484375
2023-04-01,28473.33203125,28411.03515625,28411.03515625
2023-04-02,28462.845703125,28199.30859375,28199.30859375
2023-04-03,28183.080078125,27790.220703125,27790.220703125
2023-04-04,27795.2734375,28168.08984375,28168.08984375
2023-04-05,28169.7265625,28177.984375,28177.984375
2023-04-06,28175.2265625,28044.140625,28044.140625
2023-04-07,28038.966796875,27925.859375,27925.859375
2023-04-08,27920.513671875,27947.794921875,27947.794921875
2023-04-09,27952.3671875,28333.05078125,28333.05078125
2023-04-10,28336.02734375,29652.98046875,29652.98046875
2023-04-11,29653.6796875,30235.05859375,30235.05859375
2023-04-12,30231.58203125,30139.052734375,30139.052734375
2023-04-13,29892.740234375,30399.06640625,30399.06640625
2023-04-14,30409.5625,30485.69921875,30485.69921875
2023-04-15,30490.75,30318.49609375,30318.49609375
2023-04-16,30315.9765625,30315.35546875,30315.35546875
2023-04-17,30317.146484375,29445.044921875,29445.044921875
2023-04-18,29449.091796875,30397.552734375,30397.552734375
2023-04-19,30394.1875,28822.6796875,28822.6796875
2023-04-20,28823.68359375,28245.98828125,28245.98828125
2023-04-21,28249.23046875,27276.91015625,27276.91015625
2023-04-22,27265.89453125,27817.5,27817.5
2023-04-23,27816.14453125,27591.384765625,27591.384765625
2023-04-24,27591.73046875,27525.33984375,27525.33984375
2023-04-25,27514.873046875,28307.59765625,28307.59765625
2023-04-26,28300.05859375,28422.701171875,28422.701171875
2023-04-27,28428.46484375,29473.787109375,29473.787109375
2023-04-28,29481.013671875,29340.26171875,29340.26171875
2023-04-29,29336.56640625,29248.48828125,29248.48828125
2023-04-30,29245.515625,29268.806640625,29268.806640625
2023-05-01,29227.103515625,28091.568359375,28091.568359375
2023-05-02,28087.17578125,28680.537109375,28680.537109375
2023-05-03,28680.494140625,29006.30859375,29006.30859375
2023-05-04,29031.3046875,28847.7109375,28847.7109375
2023-05-05,28851.48046875,29534.384765625,29534.384765625
2023-05-06,29538.859375,28904.623046875,28904.623046875
2023-05-07,28901.623046875,28454.978515625,28454.978515625
2023-05-08,28450.45703125,27694.2734375,27694.2734375
2023-05-09,27695.068359375,27658.775390625,27658.775390625
2023-05-10,27654.63671875,27621.755859375,27621.755859375
2023-05-11,27621.0859375,27000.7890625,27000.7890625
2023-05-12,26987.662109375,26804.990234375,26804.990234375
2023-05-13,26807.76953125,26784.078125,26784.078125
2023-05-14,26788.974609375,26930.638671875,26930.638671875
2023-05-15,26931.384765625,27192.693359375,27192.693359375
2023-05-16,27171.513671875,27036.650390625,27036.650390625
2023-05-17,27035.470703125,27398.802734375,27398.802734375
2023-05-18,27401.650390625,26832.208984375,26832.208984375
2023-05-19,26826.75390625,26890.12890625,26890.12890625
2023-05-20,26888.841796875,27129.5859375,27129.5859375
2023-05-21,27118.423828125,26753.826171875,26753.826171875
2023-05-22,26749.892578125,26851.27734375,26851.27734375
2023-05-23,26855.9609375,27225.7265625,27225.7265625
2023-05-24,27224.603515625,26334.818359375,26334.818359375
2023-05-25,26329.4609375,26476.20703125,26476.20703125
2023-05-26,26474.181640625,26719.291015625,26719.291015625
2023-05-27,26720.181640625,26868.353515625,26868.353515625
2023-05-28,26871.158203125,28085.646484375,28085.646484375
2023-05-29,28075.591796875,27745.884765625,27745.884765625
2023-05-30,27745.123046875,27702.349609375,27702.349609375
2023-05-31,27700.529296875,27219.658203125,27219.658203125
2023-06-01,27218.412109375,26819.97265625,26819.97265625
2023-06-02,26824.556640625,27249.58984375,27249.58984375
2023-06-03,27252.32421875,27075.12890625,27075.12890625
2023-06-04,27075.123046875,27119.06640625,27119.06640625
2023-06-05,27123.109375,25760.09765625,25760.09765625
2023-06-06,25732.109375,27238.783203125,27238.783203125
2023-06-07,27235.650390625,26345.998046875,26345.998046875
2023-06-08,26347.654296875,26508.216796875,26508.216796875
2023-06-09,26505.923828125,26480.375,26480.375
2023-06-10,26481.76171875,25851.240234375,25851.240234375
2023-06-11,25854.03125,25940.16796875,25940.16796875
2023-06-12,25934.28515625,25902.5,25902.5
2023-06-13,25902.94140625,25918.728515625,25918.728515625
2023-06-14,25920.2578125,25124.67578125,25124.67578125
2023-06-15,25121.673828125,25576.39453125,25576.39453125
2023-06-16,25575.283203125,26327.462890625,26327.462890625
2023-06-17,26328.6796875,26510.67578125,26510.67578125
2023-06-18,26510.45703125,26336.212890625,26336.212890625
2023-06-19,26335.44140625,26851.029296875,26851.029296875
2023-06-20,26841.6640625,28327.48828125,28327.48828125
2023-06-21,28311.310546875,30027.296875,30027.296875
2023-06-22,29995.935546875,29912.28125,29912.28125
2023-06-23,29896.3828125,30695.46875,30695.46875
2023-06-24,30708.73828125,30548.6953125,30548.6953125
2023-06-25,30545.150390625,30480.26171875,30480.26171875
2023-06-26,30480.5234375,30271.130859375,30271.130859375
2023-06-27,30274.3203125,30688.1640625,30688.1640625
2023-06-28,30696.560546875,30086.24609375,30086.24609375
2023-06-29,30086.1875,30445.3515625,30445.3515625
2023-06-30,30441.353515625,30477.251953125,30477.251953125
2023-07-01,30471.84765625,30590.078125,30590.078125
2023-07-02,30587.26953125,30620.76953125,30620.76953125
2023-07-03,30624.515625,31156.439453125,31156.439453125
2023-07-04,31156.865234375,30777.58203125,30777.58203125
2023-07-05,30778.724609375,30514.166015625,30514.166015625
2023-07-06,30507.150390625,29909.337890625,29909.337890625
2023-07-07,29907.998046875,30342.265625,30342.265625
2023-07-08,30346.921875,30292.541015625,30292.541015625
2023-07-09,30291.611328125,30171.234375,30171.234375
2023-07-10,30172.423828125,30414.470703125,30414.470703125
2023-07-11,30417.6328125,30620.951171875,30620.951171875
2023-07-12,30622.24609375,30391.646484375,30391.646484375
2023-07-13,30387.48828125,31476.048828125,31476.048828125
2023-07-14,31474.720703125,30334.068359375,30334.068359375
2023-07-15,30331.783203125,30295.806640625,30295.806640625
2023-07-16,30297.47265625,30249.1328125,30249.1328125
2023-07-17,30249.626953125,30145.888671875,30145.888671875
2023-07-18,30147.0703125,29856.5625,29856.5625
2023-07-19,29862.046875,29913.923828125,29913.923828125
2023-07-20,29915.25,29792.015625,29792.015625
2023-07-21,29805.111328125,29908.744140625,29908.744140625
2023-07-22,29908.697265625,29771.802734375,29771.802734375
2023-07-23,29790.111328125,30084.5390625,30084.5390625
2023-07-24,30081.662109375,29176.916015625,29176.916015625
2023-07-25,29178.970703125,29227.390625,29227.390625
2023-07-26,29225.759765625,29354.97265625,29354.97265625
2023-07-27,29353.798828125,29210.689453125,29210.689453125
2023-07-28,29212.1640625,29319.24609375,29319.24609375
2023-07-29,29319.4453125,29356.91796875,29356.91796875
2023-07-30,29357.09375,29275.30859375,29275.30859375
2023-07-31,29278.314453125,29230.111328125,29230.111328125
2023-08-01,29230.873046875,29675.732421875,29675.732421875
2023-08-02,29704.146484375,29151.958984375,29151.958984375
2023-08-03,29161.8125,29178.6796875,29178.6796875
2023-08-04,29174.3828125,29074.091796875,29074.091796875
2023-08-05,29075.388671875,29042.126953125,29042.126953125
2023-08-06,29043.701171875,29041.85546875,29041.85546875
2023-08-07,29038.513671875,29180.578125,29180.578125
2023-08-08,29180.01953125,29765.4921875,29765.4921875
2023-08-09,29766.6953125,29561.494140625,29561.494140625
2023-08-10,29563.97265625,29429.591796875,29429.591796875
2023-08-11,29424.90234375,29397.71484375,29397.71484375
2023-08-12,29399.787109375,29415.96484375,29415.96484375
2023-08-13,29416.59375,29282.9140625,29282.9140625
2023-08-14,29283.263671875,29408.443359375,29408.443359375
2023-08-15,29408.048828125,29170.34765625,29170.34765625
2023-08-16,29169.07421875,28701.779296875,28701.779296875
2023-08-17,28699.802734375,26664.55078125,26664.55078125
2023-08-18,26636.078125,26049.556640625,26049.556640625
2023-08-19,26047.83203125,26096.205078125,26096.205078125
2023-08-20,26096.861328125,26189.583984375,26189.583984375
2023-08-21,26188.69140625,26124.140625,26124.140625
2023-08-22,26130.748046875,26031.65625,26031.65625
2023-08-23,26040.474609375,26431.640625,26431.640625
2023-08-24,26431.51953125,26162.373046875,26162.373046875
2023-08-25,26163.6796875,26047.66796875,26047.66796875
2023-08-26,26047.234375,26008.462890625,26008.462890625
2023-08-27,26008.2421875,26089.693359375,26089.693359375
2023-08-28,26089.615234375,26106.150390625,26106.150390625
2023-08-29,26102.486328125,27727.392578125,27727.392578125
2023-08-30,27726.083984375,27297.265625,27297.265625
2023-08-31,27301.9296875,25931.47265625,25931.47265625
2023-09-01,25934.021484375,25800.724609375,25800.724609375
2023-09-02,25800.91015625,25868.798828125,25868.798828125
2023-09-03,25869.47265625,25969.56640625,25969.56640625
2023-09-04,25968.169921875,25812.416015625,25812.416015625
2023-09-05,25814.95703125,25779.982421875,25779.982421875
2023-09-06,25783.931640625,25753.236328125,25753.236328125
2023-09-07,25748.3125,26240.1953125,26240.1953125
2023-09-08,26245.208984375,25905.654296875,25905.654296875
2023-09-09,25905.42578125,25895.677734375,25895.677734375
2023-09-10,25895.2109375,25832.2265625,25832.2265625
2023-09-11,25831.71484375,25162.654296875,25162.654296875
2023-09-12,25160.658203125,25833.34375,25833.34375
2023-09-13,25837.5546875,26228.32421875,26228.32421875
2023-09-14,26228.27734375,26539.673828125,26539.673828125
2023-09-15,26533.818359375,26608.693359375,26608.693359375
2023-09-16,26606.19921875,26568.28125,26568.28125
2023-09-17,26567.927734375,26534.1875,26534.1875
2023-09-18,26532.994140625,26754.28125,26754.28125
2023-09-19,26760.8515625,27211.1171875,27211.1171875
2023-09-20,27210.228515625,27132.0078125,27132.0078125
2023-09-21,27129.83984375,26567.6328125,26567.6328125
2023-09-22,26564.056640625,26579.568359375,26579.568359375
2023-09-23,26578.556640625,26579.390625,26579.390625
2023-09-24,26579.373046875,26256.826171875,26256.826171875
2023-09-25,26253.775390625,26298.48046875,26298.48046875
2023-09-26,26294.7578125,26217.25,26217.25
2023-09-27,26209.498046875,26352.716796875,26352.716796875
2023-09-28,26355.8125,27021.546875,27021.546875
2023-09-29,27024.841796875,26911.720703125,26911.720703125
2023-09-30,26911.689453125,26967.916015625,26967.916015625
2023-10-01,26967.396484375,27983.75,27983.75
2023-10-02,27976.798828125,27530.78515625,27530.78515625
2023-10-03,27508.251953125,27429.978515625,27429.978515625
2023-10-04,27429.07421875,27799.39453125,27799.39453125
2023-10-05,27798.646484375,27415.912109375,27415.912109375
2023-10-06,27412.123046875,27946.59765625,27946.59765625
2023-10-07,27946.78125,27968.83984375,27968.83984375
2023-10-08,27971.677734375,27935.08984375,27935.08984375
2023-10-09,27934.47265625,27583.677734375,27583.677734375
2023-10-10,27589.201171875,27391.01953125,27391.01953125
2023-10-11,27392.076171875,26873.3203125,26873.3203125
2023-10-12,26873.29296875,26756.798828125,26756.798828125
2023-10-13,26752.87890625,26862.375,26862.375
2023-10-14,26866.203125,26861.70703125,26861.70703125
2023-10-15,26858.01171875,27159.65234375,27159.65234375
2023-10-16,27162.62890625,28519.466796875,28519.466796875
2023-10-17,28522.09765625,28415.748046875,28415.748046875
2023-10-18,28413.53125,28328.341796875,28328.341796875
2023-10-19,28332.416015625,28719.806640625,28719.806640625
2023-10-20,28732.8125,29682.94921875,29682.94921875
2023-10-21,29683.380859375,29918.412109375,29918.412109375
2023-10-22,29918.654296875,29993.896484375,29993.896484375
2023-10-23,30140.685546875,33086.234375,33086.234375
2023-10-24,33077.3046875,33901.52734375,33901.52734375
2023-10-25,33916.04296875,34502.8203125,34502.8203125
2023-10-26,34504.2890625,34156.6484375,34156.6484375
2023-10-27,34156.5,33909.80078125,33909.80078125
2023-10-28,33907.72265625,34089.57421875,34089.57421875
2023-10-29,34089.37109375,34538.48046875,34538.48046875
2023-10-30,34531.7421875,34502.36328125,34502.36328125
2023-10-31,34500.078125,34667.78125,34667.78125
2023-11-01,34657.2734375,35437.25390625,35437.25390625
2023-11-02,35441.578125,34938.2421875,34938.2421875
2023-11-03,34942.47265625,34732.32421875,34732.32421875
2023-11-04,34736.32421875,35082.1953125,35082.1953125
2023-11-05,35090.01171875,35049.35546875,35049.35546875
2023-11-06,35044.7890625,35037.37109375,35037.37109375
2023-11-07,35047.79296875,35443.5625,35443.5625
2023-11-08,35419.4765625,35655.27734375,35655.27734375
2023-11-09,35633.6328125,36693.125,36693.125
2023-11-10,36702.25,37313.96875,37313.96875
2023-11-11,37310.0703125,37138.05078125,37138.05078125
2023-11-12,37133.9921875,37054.51953125,37054.51953125
2023-11-13,37070.3046875,36502.35546875,36502.35546875
2023-11-14,36491.7890625,35537.640625,35537.640625
2023-11-15,35548.11328125,37880.58203125,37880.58203125
2023-11-16,37879.98046875,36154.76953125,36154.76953125
2023-11-17,36164.82421875,36596.68359375,36596.68359375
2023-11-18,36625.37109375,36585.703125,36585.703125
2023-11-19,36585.765625,37386.546875,37386.546875
2023-11-20,37374.07421875,37476.95703125,37476.95703125
2023-11-21,37469.16015625,35813.8125,35813.8125
2023-11-22,35756.5546875,37432.33984375,37432.33984375
2023-11-23,37420.43359375,37289.62109375,37289.62109375
2023-11-24,37296.31640625,37720.28125,37720.28125
2023-11-25,37721.4140625,37796.79296875,37796.79296875
2023-11-26,37796.828125,37479.12109375,37479.12109375
2023-11-27,37454.19140625,37254.16796875,37254.16796875
2023-11-28,37247.9921875,37831.0859375,37831.0859375
2023-11-29,37826.10546875,37858.4921875,37858.4921875
2023-11-30,37861.1171875,37712.74609375,37712.74609375
2023-12-01,37718.0078125,38688.75,38688.75
2023-12-02,38689.27734375,39476.33203125,39476.33203125
2023-12-03,39472.20703125,39978.390625,39978.390625
2023-12-04,39978.62890625,41980.09765625,41980.09765625
2023-12-05,41986.265625,44080.6484375,44080.6484375
2023-12-06,44080.0234375,43746.4453125,43746.4453125
2023-12-07,43769.1328125,43292.6640625,43292.6640625
2023-12-08,43293.13671875,44166.6015625,44166.6015625
2023-12-09,44180.01953125,43725.984375,43725.984375
2023-12-10,43728.3828125,43779.69921875,43779.69921875
2023-12-11,43792.01953125,41243.83203125,41243.83203125
2023-12-12,41238.734375,41450.22265625,41450.22265625
2023-12-13,41468.46484375,42890.7421875,42890.7421875
2023-12-14,42884.26171875,43023.97265625,43023.97265625
2023-12-15,43028.25,41929.7578125,41929.7578125
2023-12-16,41937.7421875,42240.1171875,42240.1171875
2023-12-17,42236.109375,41364.6640625,41364.6640625
2023-12-18,41348.203125,42623.5390625,42623.5390625
2023-12-19,42641.51171875,42270.52734375,42270.52734375
2023-12-20,42261.30078125,43652.25,43652.25
2023-12-21,43648.125,43869.15234375,43869.15234375
2023-12-22,43868.98828125,43997.90234375,43997.90234375
2023-12-23,44012.19921875,43739.54296875,43739.54296875
2023-12-24,43728.3671875,43016.1171875,43016.1171875
2023-12-25,43010.57421875,43613.140625,43613.140625
2023-12-26,43599.84765625,42520.40234375,42520.40234375
2023-12-27,42518.46875,43442.85546875,43442.85546875
2023-12-28,43468.19921875,42627.85546875,42627.85546875
2023-12-29,42614.64453125,42099.40234375,42099.40234375
2023-12-30,42091.75390625,42156.90234375,42156.90234375
2023-12-31,42152.09765625,42265.1875,42265.1875
2024-01-01,42280.234375,44167.33203125,44167.33203125
2024-01-02,44187.140625,44957.96875,44957.96875
2024-01-03,44961.6015625,42848.17578125,42848.17578125
2024-01-04,42855.81640625,44179.921875,44179.921875
2024-01-05,44192.98046875,44162.69140625,44162.69140625
2024-01-06,44178.953125,43989.1953125,43989.1953125
2024-01-07,43998.46484375,43943.09765625,43943.09765625
2024-01-08,43948.70703125,46970.50390625,46970.50390625
2024-01-09,46987.640625,46139.73046875,46139.73046875
2024-01-10,46121.5390625,46627.77734375,46627.77734375
2024-01-11,46656.07421875,46368.5859375,46368.5859375
2024-01-12,46354.79296875,42853.16796875,42853.16796875
2024-01-13,42799.4453125,42842.3828125,42842.3828125
2024-01-14,42842.26171875,41796.26953125,41796.26953125
2024-01-15,41715.06640625,42511.96875,42511.96875
2024-01-16,42499.3359375,43154.9453125,43154.9453125
2024-01-17,43132.1015625,42742.65234375,42742.65234375
2024-01-18,42742.3125,41262.05859375,41262.05859375
2024-01-19,41278.4609375,41618.40625,41618.40625
2024-01-20,41624.58984375,41665.5859375,41665.5859375
2024-01-21,41671.48828125,41545.78515625,41545.78515625
2024-01-22,41553.65234375,39507.3671875,39507.3671875
2024-01-23,39518.71484375,39845.55078125,39845.55078125
2024-01-24,39877.59375,40077.07421875,40077.07421875
2024-01-25,40075.55078125,39933.80859375,39933.80859375
2024-01-26,39936.81640625,41816.87109375,41816.87109375
2024-01-27,41815.625,42120.0546875,42120.0546875
2024-01-28,42126.125,42035.59375,42035.59375
2024-01-29,42030.9140625,43288.24609375,43288.24609375
2024-01-30,43300.2265625,42952.609375,42952.609375
2024-01-31,42946.25,42582.60546875,42582.60546875
2024-02-01,42569.76171875,43075.7734375,43075.7734375
2024-02-02,43077.640625,43185.859375,43185.859375
2024-02-03,43184.96484375,42992.25,42992.25
2024-02-04,42994.94140625,42583.58203125,42583.58203125
2024-02-05,42577.62109375,42658.66796875,42658.66796875
2024-02-06,42657.390625,43084.671875,43084.671875
2024-02-07,43090.01953125,44318.22265625,44318.22265625
2024-02-08,44332.125,45301.56640625,45301.56640625
2024-02-09,45297.3828125,47147.19921875,47147.19921875
2024-02-10,47153.52734375,47771.27734375,47771.27734375
2024-02-11,47768.96875,48293.91796875,48293.91796875
2024-02-12,48296.38671875,49958.22265625,49958.22265625
2024-02-13,49941.359375,49742.44140625,49742.44140625
2024-02-14,49733.4453125,51826.6953125,51826.6953125
2024-02-15,51836.78515625,51938.5546875,51938.5546875
2024-02-16,51937.7265625,52160.203125,52160.203125
2024-02-17,52161.67578125,51662.99609375,51662.99609375
2024-02-18,51661.96875,52122.546875,52122.546875
2024-02-19,52134.8125,51779.14453125,51779.14453125
2024-02-20,51777.7265625,52284.875,52284.875
2024-02-21,52273.53515625,51839.1796875,51839.1796875
2024-02-22,51854.64453125,51304.97265625,51304.97265625
2024-02-23,51283.90625,50731.94921875,50731.94921875
2024-02-24,50736.37109375,51571.1015625,51571.1015625
2024-02-25,51565.21484375,51733.23828125,51733.23828125
2024-02-26,51730.5390625,54522.40234375,54522.40234375
2024-02-27,54519.36328125,57085.37109375,57085.37109375
2024-02-28,57071.09765625,62504.7890625,62504.7890625
2024-02-29,62499.18359375,61198.3828125,61198.3828125
2024-03-01,61168.0625,62440.6328125,62440.6328125
2024-03-02,62431.65234375,62029.84765625,62029.84765625
2024-03-03,62031.578125,63167.37109375,63167.37109375
2024-03-04,63137.00390625,68330.4140625,68330.4140625
2024-03-05,68341.0546875,63801.19921875,63801.19921875
2024-03-06,63776.05078125,66106.8046875,66106.8046875
2024-03-07,66099.7421875,66925.484375,66925.484375
2024-03-08,66938.09375,68300.09375,68300.09375
2024-03-09,68299.2578125,68498.8828125,68498.8828125
2024-03-10,68500.2578125,69019.7890625,69019.7890625
2024-03-11,69020.546875,72123.90625,72123.90625
2024-03-12,72125.125,71481.2890625,71481.2890625
2024-03-13,71482.1171875,73083.5,73083.5
2024-03-14,73079.375,71396.59375,71396.59375
2024-03-15,71387.875,69403.7734375,69403.7734375
2024-03-16,69392.484375,65315.1171875,65315.1171875
2024-03-17,65316.34375,68390.625,68390.625
2024-03-18,68371.3046875,67548.59375,67548.59375
2024-03-19,67556.1328125,61912.7734375,61912.7734375
2024-03-20,61930.15625,67913.671875,67913.671875
2024-03-21,67911.5859375,65491.390625,65491.390625
2024-03-22,65489.9296875,63778.76171875,63778.76171875
2024-03-23,63802.72265625,64062.203125,64062.203125
2024-03-24,64070.75390625,67234.171875,67234.171875
2024-03-25,67234.09375,69958.8125,69958.8125
2024-03-26,69931.328125,69987.8359375,69987.8359375
2024-03-27,69991.8984375,69455.34375,69455.34375
2024-03-28,69452.7734375,70744.953125,70744.953125
2024-03-29,70744.796875,69892.828125,69892.828125
2024-03-30,69893.4453125,69645.3046875,69645.3046875
2024-03-31,69647.78125,71333.6484375,71333.6484375
2024-04-01,71333.484375,69702.1484375,69702.1484375
2024-04-02,69705.0234375,65446.97265625,65446.97265625
2024-04-03,65446.671875,65980.8125,65980.8125
2024-04-04,65975.6953125,68508.84375,68508.84375
2024-04-05,68515.7578125,67837.640625,67837.640625
2024-04-06,67840.5703125,68896.109375,68896.109375
2024-04-07,68897.109375,69362.5546875,69362.5546875
2024-04-08,69362.5546875,71631.359375,71631.359375
2024-04-09,71632.5,69139.015625,69139.015625
2024-04-10,69140.2421875,70587.8828125,70587.8828125
2024-04-11,70575.734375,70060.609375,70060.609375
2024-04-12,70061.3828125,67195.8671875,67195.8671875
2024-04-13,67188.375,63821.47265625,63821.47265625
2024-04-14,63836.23046875,65738.7265625,65738.7265625
2024-04-15,65739.6484375,63426.2109375,63426.2109375
2024-04-16,63419.296875,63811.86328125,63811.86328125
2024-04-17,63831.84765625,61276.69140625,61276.69140625
2024-04-18,61275.31640625,63512.75390625,63512.75390625
2024-04-19,63510.75,63843.5703125,63843.5703125
2024-04-20,63851.1015625,64994.44140625,64994.44140625
2024-04-21,64992.81640625,64926.64453125,64926.64453125
2024-04-22,64935.6328125,66837.6796875,66837.6796875
2024-04-23,66839.890625,66407.2734375,66407.2734375
2024-04-24,66408.71875,64276.8984375,64276.8984375
2024-04-25,64275.01953125,64481.70703125,64481.70703125
2024-04-26,64485.37109375,63755.3203125,63755.3203125
2024-04-27,63750.98828125,63419.140625,63419.140625
2024-04-28,63423.515625,63113.23046875,63113.23046875
2024-04-29,63106.36328125,63841.12109375,63841.12109375
2024-04-30,63839.41796875,60636.85546875,60636.85546875
2024-05-01,60609.49609375,58254.01171875,58254.01171875
2024-05-02,58253.703125,59123.43359375,59123.43359375
2024-05-03,59122.30078125,62889.8359375,62889.8359375
2024-05-04,62891.03125,63891.47265625,63891.47265625
2024-05-05,63892.453125,64031.1328125,64031.1328125
2024-05-06,64038.3125,63161.94921875,63161.94921875
2024-05-07,63162.76171875,62334.81640625,62334.81640625
2024-05-08,62332.640625,61187.94140625,61187.94140625
2024-05-09,61191.19921875,63049.9609375,63049.9609375
2024-05-10,63055.19140625,60792.77734375,60792.77734375
2024-05-11,60793.35546875,60793.7109375,60793.7109375
2024-05-12,60793.50390625,61448.39453125,61448.39453125
2024-05-13,61451.21875,62901.44921875,62901.44921875
2024-05-14,62900.7734375,61552.7890625,61552.7890625
2024-05-15,61553.98828125,66267.4921875,66267.4921875
2024-05-16,66256.109375,65231.58203125,65231.58203125
2024-05-17,65231.296875,67051.875,67051.875
2024-05-18,67066.2109375,66940.8046875,66940.8046875
2024-05-19,66937.9296875,66278.3671875,66278.3671875
2024-05-20,66278.7421875,71448.1953125,71448.1953125
2024-05-21,71443.0625,70136.53125,70136.53125
2024-05-22,70135.3203125,69122.3359375,69122.3359375
2024-05-23,69121.3046875,67929.5625,67929.5625
2024-05-24,67928.1328125,68526.1015625,68526.1015625
2024-05-25,68526.921875,69265.9453125,69265.9453125
2024-05-26,69264.2890625,68518.09375,68518.09375
2024-05-27,68512.1796875,69394.5546875,69394.5546875
2024-05-28,69392.1953125,68296.21875,68296.21875
2024-05-29,68296.3515625,67578.09375,67578.09375
2024-05-30,67576.0859375,68364.9921875,68364.9921875
2024-05-31,68362.515625,67491.4140625,67491.4140625
2024-06-01,67489.609375,67706.9375,67706.9375
2024-06-02,67710.2734375,67751.6015625,67751.6015625
2024-06-03,67753.8984375,68804.78125,68804.78125
2024-06-04,68804.5703125,70567.765625,70567.765625
2024-06-05,70568.3515625,71082.8203125,71082.8203125
2024-06-06,71082.84375,70757.1640625,70757.1640625
2024-06-07,70759.1875,69342.5859375,69342.5859375
2024-06-08,69324.1796875,69305.7734375,69305.7734375
2024-06-09,69297.4921875,69647.9921875,69647.9921875
2024-06-10,69644.3125,69512.28125,69512.28125
2024-06-11,69508.078125,67332.03125,67332.03125
2024-06-12,67321.375,68241.1875,68241.1875
2024-06-13,68243.1015625,66756.3984375,66756.3984375
2024-06-14,66747.5703125,66011.09375,66011.09375
2024-06-15,66006.7421875,66191.0,66191.0
2024-06-16,66189.359375,66639.046875,66639.046875
2024-06-17,66636.515625,66490.296875,66490.296875
2024-06-18,66490.9765625,65140.74609375,65140.74609375
2024-06-19,65146.66015625,64960.296875,64960.296875
2024-06-20,64960.296875,64828.65625,64828.65625
2024-06-21,64837.98828125,64096.19921875,64096.19921875
2024-06-22,64113.86328125,64252.578125,64252.578125
2024-06-23,64248.96484375,63180.796875,63180.796875
2024-06-24,63173.3515625,60277.4140625,60277.4140625
2024-06-25,60266.28125,61804.640625,61804.640625
2024-06-26,61789.67578125,60811.27734375,60811.27734375
2024-06-27,60811.2265625,61604.80078125,61604.80078125
2024-06-28,61612.8046875,60320.13671875,60320.13671875
2024-06-29,60319.875,60887.37890625,60887.37890625
2024-06-30,60888.4453125,62678.29296875,62678.29296875
2024-07-01,62673.60546875,62851.98046875,62851.98046875
2024-07-02,62844.41015625,62029.015625,62029.015625
2024-07-03,62034.33203125,60173.921875,60173.921875
2024-07-04,60147.13671875,56977.703125,56977.703125
2024-07-05,57022.80859375,56662.375,56662.375
2024-07-06,56659.07421875,58303.5390625,58303.5390625
2024-07-07,58239.4296875,55849.109375,55849.109375
2024-07-08,55849.57421875,56705.09765625,56705.09765625
2024-07-09,56704.59765625,58009.2265625,58009.2265625
2024-07-10,58033.8828125,57742.49609375,57742.49609375
2024-07-11,57729.890625,57344.9140625,57344.9140625
2024-07-12,57341.1953125,57899.46484375,57899.46484375
2024-07-13,57908.73828125,59231.953125,59231.953125
2024-07-14,59225.25,60787.79296875,60787.79296875
2024-07-15,60815.45703125,64870.15234375,64870.15234375
2024-07-16,64784.41796875,65097.1484375,65097.1484375
2024-07-17,65091.83203125,64118.79296875,64118.79296875
2024-07-18,64104.73828125,63974.06640625,63974.06640625
2024-07-19,63972.32421875,66710.15625,66710.15625
2024-07-20,66709.921875,67163.6484375,67163.6484375
2024-07-21,67164.9140625,68154.5234375,68154.5234375
2024-07-22,68152.9765625,67585.25,67585.25
2024-07-23,67584.8046875,65927.671875,65927.671875
2024-07-24,65927.859375,65372.1328125,65372.1328125
2024-07-25,65375.875,65777.2265625,65777.2265625
2024-07-26,65771.8125,67912.0625,67912.0625
2024-07-27,67911.8125,67813.3359375,67813.3359375
2024-07-28,67808.65625,68255.8671875,68255.8671875
2024-07-29,68259.0546875,66819.9140625,66819.9140625
2024-07-30,66819.0546875,66201.015625,66201.015625
2024-07-31,66201.2734375,64619.25,64619.25
2024-08-01,64625.83984375,65357.5,65357.5
2024-08-02,65353.5,61415.06640625,61415.06640625
2024-08-03,61414.80859375,60680.09375,60680.09375
2024-08-04,60676.09375,58116.9765625,58116.9765625
2024-08-05,58110.296875,53991.45703125,53991.45703125
2024-08-06,53991.34765625,56034.31640625,56034.31640625
2024-08-07,56040.6328125,55027.4609375,55027.4609375
2024-08-08,55030.02734375,61710.13671875,61710.13671875
2024-08-09,61728.20703125,60880.11328125,60880.11328125
2024-08-10,60881.23046875,60945.8125,60945.8125
2024-08-11,60944.890625,58719.484375,58719.484375
2024-08-12,58719.39453125,59354.515625,59354.515625
2024-08-13,59356.20703125,60609.56640625,60609.56640625
2024-08-14,60611.05078125,58737.26953125,58737.26953125
2024-08-15,58733.26171875,57560.09765625,57560.09765625
2024-08-16,57560.2734375,58894.10546875,58894.10546875
2024-08-17,58893.53125,59478.97265625,59478.97265625
2024-08-18,59468.1328125,58483.96484375,58483.96484375
2024-08-19,58480.7109375,59493.453125,59493.453125
2024-08-20,59493.453125,59012.79296875,59012.79296875
2024-08-21,59014.98828125,61175.19140625,61175.19140625
2024-08-22,61168.31640625,60381.9140625,60381.9140625
2024-08-23,60380.953125,64094.35546875,64094.35546875
2024-08-24,64103.87109375,64178.9921875,64178.9921875
2024-08-25,64176.3671875,64333.54296875,64333.54296875
2024-08-26,64342.2265625,62880.66015625,62880.66015625
2024-08-27,62879.70703125,59504.1328125,59504.1328125
2024-08-28,59507.92578125,59027.625,59027.625
2024-08-29,59027.46875,59388.1796875,59388.1796875
2024-08-30,59388.6015625,59119.4765625,59119.4765625
2024-08-31,59117.48046875,58969.8984375,58969.8984375
2024-09-01,58969.80078125,57325.48828125,57325.48828125
2024-09-02,57326.96875,59112.48046875,59112.48046875
2024-09-03,59106.19140625,57431.0234375,57431.0234375
2024-09-04,57430.34765625,57971.5390625,57971.5390625
2024-09-05,57971.703125,56160.48828125,56160.48828125
2024-09-06,56160.19140625,53948.75390625,53948.75390625
2024-09-07,53949.0859375,54139.6875,54139.6875
2024-09-08,54147.93359375,54841.56640625,54841.56640625
2024-09-09,54851.88671875,57019.53515625,57019.53515625
2024-09-10,57020.09765625,57648.7109375,57648.7109375
2024-09-11,57650.2890625,57343.171875,57343.171875
2024-09-12,57343.171875,58127.01171875,58127.01171875
2024-09-13,58130.32421875,60571.30078125,60571.30078125
2024-09-14,60569.1171875,60005.12109375,60005.12109375
2024-09-15,60000.7265625,59182.8359375,59182.8359375
2024-09-16,59185.2265625,58192.5078125,58192.5078125
2024-09-17,58192.5078125,60308.5390625,60308.5390625
2024-09-18,60309.0,61649.6796875,61649.6796875
2024-09-19,61651.15625,62940.45703125,62940.45703125
2024-09-20,62941.42578125,63192.9765625,63192.9765625
2024-09-21,63184.33984375,63394.83984375,63394.83984375
2024-09-22,63396.8046875,63648.7109375,63648.7109375
2024-09-23,63643.1015625,63329.80078125,63329.80078125
2024-09-24,63326.83984375,64301.96875,64301.96875
2024-09-25,64302.58984375,63143.14453125,63143.14453125
2024-09-26,63138.546875,65181.01953125,65181.01953125
2024-09-27,65180.6640625,65790.6640625,65790.6640625
2024-09-28,65792.1796875,65887.6484375,65887.6484375
2024-09-29,65888.8984375,65635.3046875,65635.3046875
2024-09-30,65634.65625,63329.5,63329.5
2024-10-01,63335.60546875,60837.0078125,60837.0078125
2024-10-02,60836.32421875,60632.78515625,60632.78515625
2024-10-03,60632.484375,60759.40234375,60759.40234375
2024-10-04,60754.625,62067.4765625,62067.4765625
2024-10-05,62067.609375,62089.94921875,62089.94921875
2024-10-06,62084.98828125,62818.953125,62818.953125
2024-10-07,62819.109375,62236.66015625,62236.66015625
2024-10-08,62221.64453125,62131.96875,62131.96875
2024-10-09,62131.7265625,60582.1015625,60582.1015625
2024-10-10,60581.9296875,60274.5,60274.5
2024-10-11,60275.4609375,62445.08984375,62445.08984375
2024-10-12,62444.6171875,63193.0234375,63193.0234375
2024-10-13,63192.9453125,62851.375,62851.375
2024-10-14,62848.3984375,66046.125,66046.125
2024-10-15,66050.3671875,67041.109375,67041.109375
2024-10-16,67042.4609375,67612.71875,67612.71875
2024-10-17,67617.078125,67399.8359375,67399.8359375
2024-10-18,67419.109375,68418.7890625,68418.7890625
2024-10-19,68418.9765625,68362.734375,68362.734375
2024-10-20,68364.1796875,69001.703125,69001.703125
2024-10-21,69002.0,67367.8515625,67367.8515625
2024-10-22,67360.703125,67361.40625,67361.40625
2024-10-23,67362.375,66432.1953125,66432.1953125
2024-10-24,66653.703125,68161.0546875,68161.0546875
2024-10-25,68165.296875,66642.4140625,66642.4140625
2024-10-26,66628.734375,67014.6953125,67014.6953125
2024-10-27,67023.4765625,67929.296875,67929.296875
2024-10-28,67922.671875,69907.7578125,69907.7578125
2024-10-29,69910.046875,72720.4921875,72720.4921875
2024-10-30,72715.3671875,72339.5390625,72339.5390625
2024-10-31,72335.046875,70215.1875,70215.1875
2024-11-01,70216.8984375,69482.46875,69482.46875
2024-11-02,69486.0234375,69289.2734375,69289.2734375
2024-11-03,69296.3828125,68741.1171875,68741.1171875
2024-11-04,68742.1328125,67811.5078125,67811.5078125
2024-11-05,67811.171875,69359.5625,69359.5625
2024-11-06,69358.5,75639.078125,75639.078125
2024-11-07,75637.0859375,75904.859375,75904.859375
2024-11-08,75902.8359375,76545.4765625,76545.4765625
2024-11-09,76556.1875,76778.8671875,76778.8671875
2024-11-10,76775.546875,80474.1875,80474.1875
2024-11-11,80471.4140625,88701.484375,88701.484375
2024-11-12,88705.5625,87955.8125,87955.8125
2024-11-13,87929.96875,90584.1640625,90584.1640625
2024-11-14,90574.8828125,87250.4296875,87250.4296875
2024-11-15,87284.1796875,91066.0078125,91066.0078125
2024-11-16,91064.3671875,90558.4765625,90558.4765625
2024-11-17,90558.4609375,89845.8515625,89845.8515625
2024-11-18,89843.71875,90542.640625,90542.640625
2024-11-19,90536.8125,92343.7890625,92343.7890625
2024-11-20,92341.890625,94339.4921875,94339.4921875
2024-11-21,94334.640625,98504.7265625,98504.7265625
2024-11-22,98496.4296875,98997.6640625,98997.6640625
2024-11-23,99006.7421875,97777.28125,97777.28125
2024-11-24,97778.09375,98013.8203125,98013.8203125
2024-11-25,98033.4453125,93102.296875,93102.296875
2024-11-26,93087.28125,91985.3203125,91985.3203125
2024-11-27,91978.140625,95962.53125,95962.53125
2024-11-28,95954.9453125,95652.46875,95652.46875
2024-11-29,95653.953125,97461.5234375,97461.5234375
2024-11-30,97468.8125,96449.0546875,96449.0546875
2024-12-01,96461.3359375,97279.7890625,97279.7890625
2024-12-02,97276.0078125,95865.3046875,95865.3046875
2024-12-03,95854.59375,96002.1640625,96002.1640625
2024-12-04,95988.53125,98768.53125,98768.53125
2024-12-05,98741.5390625,96593.5703125,96593.5703125
2024-12-06,97074.2265625,99920.7109375,99920.7109375
2024-12-07,99916.7109375,99923.3359375,99923.3359375
2024-12-08,99921.9140625,101236.015625,101236.015625
2024-12-09,101237.0625,97432.71875,97432.71875
2024-12-10,97441.234375,96675.4296875,96675.4296875
2024-12-11,96656.0625,101173.03125,101173.03125
2024-12-12,101167.8046875,100043.0,100043.0
2024-12-13,100046.6484375,101459.2578125,101459.2578125
2024-12-14,101451.4375,101372.96875,101372.96875
2024-12-15,101373.53125,104298.6953125,104298.6953125
2024-12-16,104293.578125,106029.71875,106029.71875
2024-12-17,106030.6875,106140.6015625,106140.6015625
2024-12-18,106147.296875,100041.5390625,100041.5390625
2024-12-19,100070.6875,97490.953125,97490.953125
2024-12-20,97484.6953125,97755.9296875,97755.9296875
2024-12-21,97756.1953125,97224.7265625,97224.7265625
2024-12-22,97218.3203125,95104.9375,95104.9375
2024-12-23,95099.390625,94686.2421875,94686.2421875
2024-12-24,94684.34375,98676.09375,98676.09375
2024-12-25,98675.9140625,99299.1953125,99299.1953125
2024-12-26,99297.6953125,95795.515625,95795.515625
2024-12-27,95704.9765625,94164.859375,94164.859375
2024-12-28,94160.1875,95163.9296875,95163.9296875
2024-12-29,95174.0546875,93530.2265625,93530.2265625
2024-12-30,93527.1953125,92643.2109375,92643.2109375
2024-12-31,92643.25,93429.203125,93429.203125
2025-01-01,93425.1015625,94419.7578125,94419.7578125
2025-01-02,94416.2890625,96886.875,96886.875
2025-01-03,96881.7265625,98107.4296875,98107.4296875
2025-01-04,98106.9921875,98236.2265625,98236.2265625
2025-01-05,98233.90625,98314.9609375,98314.9609375
2025-01-06,98314.953125,102078.0859375,102078.0859375
2025-01-07,102248.8515625,96922.703125,96922.703125
2025-01-08,96924.1640625,95043.5234375,95043.5234375
2025-01-09,95043.484375,92484.0390625,92484.0390625
2025-01-10,92494.4921875,94701.453125,94701.453125
2025-01-11,94700.8359375,94566.59375,94566.59375
2025-01-12,94565.7265625,94488.4375,94488.4375
2025-01-13,94488.890625,94516.5234375,94516.5234375
2025-01-14,94519.0078125,96534.046875,96534.046875
2025-01-15,96534.046875,100504.4921875,100504.4921875
2025-01-16,100505.296875,99756.90625,99756.90625
2025-01-17,100025.765625,104462.0390625,104462.0390625
2025-01-18,104124.953125,104408.0703125,104408.0703125
2025-01-19,104411.2890625,101089.609375,101089.609375
2025-01-20,101083.75,102016.6640625,102016.6640625
2025-01-21,102052.578125,106146.265625,106146.265625
2025-01-22,106136.3828125,103653.0703125,103653.0703125
2025-01-23,103657.671875,103960.171875,103960.171875
2025-01-24,103965.671875,104819.484375,104819.484375
2025-01-25,104824.03125,104714.6484375,104714.6484375
2025-01-26,104713.2109375,102682.5,102682.5
2025-01-27,102680.3046875,102087.6875,102087.6875
2025-01-28,102095.4140625,101332.4765625,101332.4765625
2025-01-29,101317.5234375,103703.2109375,103703.2109375
2025-01-30,103709.3359375,104735.3046875,104735.3046875
2025-01-31,104737.5625,102405.0234375,102405.0234375
2025-02-01,102402.796875,100655.90625,100655.90625
2025-02-02,100661.5390625,97688.9765625,97688.9765625
2025-02-03,97681.1015625,101405.421875,101405.421875
2025-02-04,101398.71875,97871.8203125,97871.8203125
2025-02-05,97878.0078125,96615.4453125,96615.4453125
2025-02-06,96610.640625,96593.296875,96593.296875
2025-02-07,96581.3203125,96529.0859375,96529.0859375
2025-02-08,96533.2578125,96482.453125,96482.453125
2025-02-09,96481.3125,96500.09375,96500.09375
2025-02-10,96499.4609375,97437.5546875,97437.5546875
2025-02-11,97438.1328125,95747.4296875,95747.4296875
2025-02-12,95745.6953125,97885.859375,97885.859375
2025-02-13,97888.75,96623.8671875,96623.8671875
2025-02-14,96623.3671875,97508.96875,97508.96875
2025-02-15,97508.3828125,97580.3515625,97580.3515625
2025-02-16,97580.4921875,96175.03125,96175.03125
2025-02-17,96179.0078125,95773.3828125,95773.3828125
2025-02-18,95773.8125,95539.546875,95539.546875
2025-02-19,95532.53125,96635.609375,96635.609375
2025-02-20,96632.6796875,98333.9375,98333.9375
2025-02-21,98340.671875,96125.546875,96125.546875
2025-02-22,96134.203125,96577.7578125,96577.7578125
2025-02-23,96577.8046875,96273.921875,96273.921875
2025-02-24,96277.9609375,91418.171875,91418.171875
2025-02-25,91437.1171875,88736.171875,88736.171875
2025-02-26,88638.890625,84347.0234375,84347.0234375
2025-02-27,84076.859375,84704.2265625,84704.2265625
2025-02-28,84705.625,84373.0078125,84373.0078125
2025-03-01,84373.8671875,86031.9140625,86031.9140625
2025-03-02,86036.2578125,94248.3515625,94248.3515625
2025-03-03,94248.421875,86065.671875,86065.671875
2025-03-04,86064.0703125,87222.1953125,87222.1953125
2025-03-05,87222.953125,90623.5625,90623.5625
2025-03-06,90622.359375,89961.7265625,89961.7265625
2025-03-07,89963.28125,86742.671875,86742.671875
2025-03-08,86742.65625,86154.59375,86154.59375
2025-03-09,86154.3046875,80601.0390625,80601.0390625
2025-03-10,80597.1484375,78532.0,78532.0
2025-03-11,78523.875,82862.2109375,82862.2109375
2025-03-12,82857.375,83722.359375,83722.359375
2025-03-13,83724.921875,81066.703125,81066.703125
2025-03-14,81066.9921875,83969.1015625,83969.1015625
2025-03-15,83968.40625,84343.109375,84343.109375
2025-03-16,84333.3203125,82579.6875,82579.6875
2025-03-17,82576.3359375,84075.6875,84075.6875
2025-03-18,84075.71875,82718.5,82718.5
2025-03-19,82718.8046875,86854.2265625,86854.2265625
2025-03-20,86872.953125,84167.1953125,84167.1953125
2025-03-21,84164.5390625,84043.2421875,84043.2421875
2025-03-22,84046.2578125,83832.484375,83832.484375
2025-03-23,83831.8984375,86054.375,86054.375
2025-03-24,86070.9296875,87498.9140625,87498.9140625
2025-03-25,87512.8203125,87471.703125,87471.703125
2025-03-26,87460.234375,86900.8828125,86900.8828125
2025-03-27,86896.2578125,87177.1015625,87177.1015625
2025-03-28,87185.234375,84353.1484375,84353.1484375
2025-03-29,84352.0703125,82597.5859375,82597.5859375
2025-03-30,82596.984375,82334.5234375,82334.5234375
2025-03-31,82336.0625,82548.9140625,82548.9140625
2025-04-01,82551.921875,85169.171875,85169.171875
2025-04-02,85180.609375,82485.7109375,82485.7109375
2025-04-03,82487.4765625,83102.828125,83102.828125
2025-04-04,83100.25,83843.8046875,83843.8046875
2025-04-05,83844.703125,83504.796875,83504.796875
2025-04-06,83504.5078125,78214.484375,78214.484375
2025-04-07,78221.3359375,79235.3359375,79235.3359375
2025-04-08,79218.4765625,76271.953125,76271.953125
2025-04-09,76273.5625,82573.953125,82573.953125
2025-04-10,82565.9765625,79626.140625,79626.140625
2025-04-11,79625.046875,83404.8359375,83404.8359375
2025-04-12,83404.515625,85287.109375,85287.109375
2025-04-13,85279.46875,83684.9765625,83684.9765625
2025-04-14,83694.5234375,84542.390625,84542.390625
2025-04-15,84539.6953125,83668.9921875,83668.9921875
2025-04-16,83674.5078125,84033.8671875,84033.8671875
2025-04-17,84030.671875,84895.75,84895.75
2025-04-18,84900.1875,84450.8046875,84450.8046875
2025-04-19,84450.8671875,85063.4140625,85063.4140625
2025-04-20,85066.0703125,85174.3046875,85174.3046875
2025-04-21,85171.5390625,87518.90625,87518.90625
2025-04-22,87521.875,93441.890625,93441.890625
2025-04-23,93427.5859375,93699.109375,93699.109375
2025-04-24,93692.3984375,93943.796875,93943.796875
2025-04-25,93954.25,94720.5,94720.5
2025-04-26,94714.6484375,94646.9296875,94646.9296875
2025-04-27,94660.90625,93754.84375,93754.84375
2025-04-28,93755.3046875,94978.75,94978.75
2025-04-29,94981.859375,94284.7890625,94284.7890625
2025-04-30,94286.46875,94207.3125,94207.3125
2025-05-01,94212.859375,96492.3359375,96492.3359375
2025-05-02,96494.96875,96910.0703125,96910.0703125
2025-05-03,96904.6328125,95891.796875,95891.796875
2025-05-04,95877.1875,94315.9765625,94315.9765625
2025-05-05,94319.5625,94748.0546875,94748.0546875
2025-05-06,94748.3828125,96802.4765625,96802.4765625
2025-05-07,96800.1953125,97032.3203125,97032.3203125
2025-05-08,97034.25,103241.4609375,103241.4609375
2025-05-09,103239.125,102970.8515625,102970.8515625
2025-05-10,102973.7109375,104696.328125,104696.328125
2025-05-11,104701.0703125,104106.359375,104106.359375
2025-05-12,104106.9609375,102812.953125,102812.953125
2025-05-13,102812.4921875,104169.8125,104169.8125
2025-05-14,104167.328125,103539.4140625,103539.4140625
2025-05-15,103538.828125,103744.640625,103744.640625
2025-05-16,103735.65625,103489.2890625,103489.2890625
2025-05-17,103489.2890625,103191.0859375,103191.0859375
2025-05-18,103186.953125,106446.0078125,106446.0078125
2025-05-19,106430.53125,105606.1796875,105606.1796875
2025-05-20,105605.40625,106791.0859375,106791.0859375
2025-05-21,106791.3125,109678.078125,109678.078125
2025-05-22,109673.4921875,111673.28125,111673.28125
2025-05-23,111679.359375,107287.796875,107287.796875
2025-05-24,107278.5078125,107791.15625,107791.15625
2025-05-25,107802.2734375,109035.390625,109035.390625
2025-05-26,109023.78125,109440.3671875,109440.3671875
2025-05-27,109440.40625,108994.640625,108994.640625
2025-05-28,108992.171875,107802.328125,107802.328125
2025-05-29,107795.5703125,105641.7578125,105641.7578125
2025-05-30,105646.2109375,103998.5703125,103998.5703125
2025-05-31,103994.71875,104638.09375,104638.09375
2025-06-01,104637.296875,105652.1015625,105652.1015625
2025-06-02,105649.8125,105881.53125,105881.53125
2025-06-03,105888.4765625,105432.46875,105432.46875
2025-06-04,105434.3671875,104731.984375,104731.984375
2025-06-05,104750.78125,101575.953125,101575.953125
2025-06-06,101574.3671875,104390.34375,104390.34375
2025-06-07,104390.6484375,105615.625,105615.625
2025-06-08,105617.5078125,105793.6484375,105793.6484375
2025-06-09,105793.0234375,110294.1015625,110294.1015625
2025-06-10,110295.6875,110257.234375,110257.234375
2025-06-11,110261.796875,108686.625,108686.625
2025-06-12,108685.9140625,105929.0546875,105929.0546875
2025-06-13,105924.59375,106090.96875,106090.96875
2025-06-14,106108.0859375,105472.40625,105472.40625
2025-06-15,105464.84375,105552.0234375,105552.0234375
2025-06-16,105555.59375,106796.7578125,106796.7578125
2025-06-17,106794.1171875,104601.1171875,104601.1171875
2025-06-18,104602.0703125,104883.328125,104883.328125
2025-06-19,104886.7734375,104684.2890625,104684.2890625
2025-06-20,104681.03125,103309.6015625,103309.6015625
2025-06-21,103315.078125,102257.40625,102257.40625
2025-06-22,102212.03125,100987.140625,100987.140625
2025-06-23,100987.4765625,105577.7734375,105577.7734375
2025-06-24,105571.515625,106045.6328125,106045.6328125
2025-06-25,106047.40625,107361.2578125,107361.2578125
2025-06-26,107375.0703125,106960.0,106960.0
2025-06-27,106954.921875,107088.4296875,107088.4296875
2025-06-28,107090.546875,107327.703125,107327.703125
2025-06-29,107327.8203125,108385.5703125,108385.5703125
2025-06-30,108383.4375,107135.3359375,107135.3359375
2025-07-01,107144.3828125,105698.28125,105698.28125
2025-07-02,105703.1015625,108859.3203125,108859.3203125
2025-07-03,108845.015625,109647.9765625,109647.9765625
2025-07-04,109635.65625,108034.3359375,108034.3359375
2025-07-05,108015.8359375,108231.1796875,108231.1796875
2025-07-06,108231.1875,109232.0703125,109232.0703125
2025-07-07,109235.328125,108299.8515625,108299.8515625
2025-07-08,108298.2265625,108950.2734375,108950.2734375
2025-07-09,108950.2734375,111326.5546875,111326.5546875
2025-07-10,111329.1953125,115987.203125,115987.203125
2025-07-11,115986.234375,117516.9921875,117516.9921875
2025-07-12,117530.7109375,117435.2265625,117435.2265625
2025-07-13,117432.203125,119116.1171875,119116.1171875
2025-07-14,119115.7890625,119849.703125,119849.703125
2025-07-15,119853.8515625,117777.1875,117777.1875
2025-07-16,117777.1875,118738.5078125,118738.5078125
2025-07-17,118738.5078125,119289.84375,119289.84375
2025-07-18,119284.109375,118003.2265625,118003.2265625
2025-07-19,117998.125,117939.9765625,117939.9765625
2025-07-20,117944.109375,117300.7890625,117300.7890625
2025-07-21,117306.46875,117439.5390625,117439.5390625
2025-07-22,117426.5,119995.4140625,119995.4140625
2025-07-23,119997.4453125,118754.9609375,118754.9609375
2025-07-24,118770.984375,118368.0,118368.0
2025-07-25,118368.0,117635.8828125,117635.8828125
2025-07-26,117644.84375,117947.3671875,117947.3671875
2025-07-27,117944.7265625,119448.4921875,119448.4921875
2025-07-28,119457.5234375,117924.4765625,117924.4765625
2025-07-29,117938.5859375,117922.1484375,117922.1484375
2025-07-30,117921.9921875,117831.1875,117831.1875
2025-07-31,117833.6328125,115758.203125,115758.203125
2025-08-01,115738.953125,113320.0859375,113320.0859375
2025-08-02,113320.390625,112526.9140625,112526.9140625
2025-08-03,112525.8046875,114217.671875,114217.671875
2025-08-04,114223.921875,115071.8828125,115071.8828125
2025-08-05,115072.1875,114141.4453125,114141.4453125
2025-08-06,114140.9140625,115028.0,115028.0
2025-08-07,115030.0546875,117496.8984375,117496.8984375
2025-08-08,117505.5,116688.7265625,116688.7265625
2025-08-09,116678.2734375,116500.359375,116500.359375
2025-08-10,116497.71875,119306.7578125,119306.7578125
2025-08-11,119306.8125,118731.4453125,118731.4453125
2025-08-12,118717.6640625,120172.90625,120172.90625
2025-08-13,120168.9765625,123344.0625,123344.0625
2025-08-14,123339.3984375,118359.578125,118359.578125
2025-08-15,118365.78125,117398.3515625,117398.3515625
2025-08-16,117398.421875,117491.3515625,117491.3515625
2025-08-17,117492.7890625,117453.0625,117453.0625
2025-08-18,117453.90625,116252.3125,116252.3125
2025-08-19,116241.859375,112831.1796875,112831.1796875
2025-08-20,112828.0234375,114274.7421875,114274.7421875
2025-08-21,114275.6875,112419.03125,112419.03125
2025-08-22,112433.734375,116874.0859375,116874.0859375
2025-08-23,116866.3671875,115374.328125,115374.328125
2025-08-24,115387.390625,113458.4296875,113458.4296875
2025-08-25,113456.8984375,110124.3515625,110124.3515625
2025-08-26,110124.1015625,111802.65625,111802.65625
2025-08-27,111795.7109375,111222.0625,111222.0625
2025-08-28,111219.0546875,112544.8046875,112544.8046875
2025-08-29,112550.5234375,108410.8359375,108410.8359375
2025-08-30,108409.40625,108808.0703125,108808.0703125
2025-08-31,108818.4609375,108236.7109375,108236.7109375
2025-09-01,108228.75,109250.59375,109250.59375
2025-09-02,109243.0703125,111200.5859375,111200.5859375
2025-09-03,111190.6953125,111723.2109375,111723.2109375
2025-09-04,111718.1484375,110723.6015625,110723.6015625
2025-09-05,110723.015625,110650.984375,110650.984375
2025-09-06,110650.5703125,110224.6953125,110224.6953125
2025-09-07,110221.328125,111167.6171875,111167.6171875
2025-09-08,111163.015625,112071.4296875,112071.4296875
2025-09-09,112077.578125,111530.546875,111530.546875
2025-09-10,111531.25,113955.359375,113955.359375
2025-09-11,113961.4296875,115507.5390625,115507.5390625
2025-09-12,115507.7890625,116101.578125,116101.578125
2025-09-13,116093.5625,115950.5078125,115950.5078125
2025-09-14,115950.2890625,115407.65625,115407.65625
2025-09-15,115399.6328125,115444.875,115444.875
2025-09-16,115423.7578125,116843.1875,116843.1875
2025-09-17,116840.5078125,116468.5078125,116468.5078125
2025-09-18,116461.265625,117137.203125,117137.203125
2025-09-19,117137.671875,115688.859375,115688.859375
2025-09-20,115691.125,115721.9609375,115721.9609375
2025-09-21,115730.2265625,115306.09375,115306.09375
2025-09-22,115309.21875,112748.5078125,112748.5078125
2025-09-23,112757.4765625,112014.5,112014.5
2025-09-24,112007.6640625,113328.6328125,113328.6328125
2025-09-25,113330.1640625,109049.2890625,109049.2890625
2025-09-26,109041.296875,109712.828125,109712.828125
2025-09-27,109707.140625,109681.9453125,109681.9453125
2025-09-28,109681.9453125,112122.640625,112122.640625
2025-09-29,112117.875,114400.3828125,114400.3828125
2025-09-30,114396.5234375,114056.0859375,114056.0859375
2025-10-01,114057.59375,118648.9296875,118648.9296875
2025-10-02,118652.3828125,120681.2578125,120681.2578125
2025-10-03,120656.984375,122266.53125,122266.53125
2025-10-04,122267.46875,122425.4296875,122425.4296875
2025-10-05,122419.671875,123513.4765625,123513.4765625
2025-10-06,123510.453125,124752.53125,124752.53125
2025-10-07,124752.140625,121451.3828125,121451.3828125
2025-10-08,121448.3515625,123354.8671875,123354.8671875
2025-10-09,123337.0703125,121705.5859375,121705.5859375
2025-10-10,121704.7421875,113214.3671875,113214.3671875
2025-10-11,113236.4296875,110807.8828125,110807.8828125
2025-10-12,110811.515625,115169.765625,115169.765625
2025-10-13,115161.6796875,115271.078125,115271.078125
2025-10-14,115264.8828125,113118.6640625,113118.6640625
2025-10-15,113113.96875,110783.1640625,110783.1640625
2025-10-16,110782.171875,108186.0390625,108186.0390625
2025-10-17,108179.1328125,106467.7890625,106467.7890625
2025-10-18,106483.734375,107198.265625,107198.265625
2025-10-19,107204.3125,108666.7109375,108666.7109375
2025-10-20,108667.4453125,110588.9296875,110588.9296875
2025-10-21,110587.6328125,108476.890625,108476.890625
2025-10-22,108491.53125,107688.5859375,107688.5859375
2025-10-23,107679.4375,110069.7265625,110069.7265625
2025-10-24,110069.3515625,111033.921875,111033.921875
2025-10-25,111032.6171875,111641.7265625,111641.7265625
2025-10-26,111639.0546875,114472.4453125,114472.4453125
2025-10-27,114479.8515625,114119.328125,114119.328125
2025-10-28,114129.0859375,112956.1640625,112956.1640625
2025-10-29,112921.328125,110055.3046875,110055.3046875
2025-10-30,110059.1953125,108305.546875,108305.546875
2025-10-31,108304.4140625,109556.1640625,109556.1640625
2025-11-01,109558.625,110064.015625,110064.015625
2025-11-02,110064.4296875,110639.625,110639.625
2025-11-03,110646.90625,106547.5234375,106547.5234375
2025-11-04,106541.421875,101590.5234375,101590.5234375
2025-11-05,101579.234375,103891.8359375,103891.8359375
2025-11-06,103893.6640625,101301.2890625,101301.2890625
2025-11-07,101286.2421875,103372.40625,103372.40625
2025-11-08,103371.703125,102282.1171875,102282.1171875
2025-11-09,102278.984375,104719.640625,104719.640625
2025-11-10,104723.7734375,105996.59375,105996.59375
2025-11-11,105996.859375,102997.46875,102997.46875
2025-11-12,103011.4375,101663.1875,101663.1875
2025-11-13,101674.1484375,99697.4921875,99697.4921875
2025-11-14,99694.703125,94397.7890625,94397.7890625
2025-11-15,94420.46875,95549.1484375,95549.1484375
2025-11-16,95556.8671875,94177.078125,94177.078125
2025-11-17,94180.875,92093.875,92093.875
2025-11-18,92094.53125,92948.875,92948.875
2025-11-19,92946.1640625,91465.9921875,91465.9921875
2025-11-20,91459.3515625,86631.8984375,86631.8984375
2025-11-21,86528.7734375,85090.6875,85090.6875
2025-11-22,85098.5625,84648.359375,84648.359375
2025-11-23,84648.609375,86805.0078125,86805.0078125
2025-11-24,86798.7734375,88270.5625,88270.5625
2025-11-25,88269.9609375,87341.890625,87341.890625
2025-11-26,87345.5859375,90518.3671875,90518.3671875
2025-11-27,90517.765625,91285.375,91285.375
2025-11-28,91285.3828125,90919.265625,90919.265625
2025-11-29,90918.7421875,90851.7578125,90851.7578125
2025-11-30,90838.2109375,90394.3125,90394.3125
2025-12-01,90389.109375,86321.5703125,86321.5703125
2025-12-02,86322.5390625,91350.203125,91350.203125
2025-12-03,91345.09375,93527.8046875,93527.8046875
2025-12-04,93454.2578125,92141.625,92141.625
2025-12-05,92133.6484375,89387.7578125,89387.7578125
2025-12-06,89389.359375,89272.375,89272.375
2025-12-07,89277.8125,90405.640625,90405.640625
2025-12-08,90424.5859375,90640.203125,90640.203125
2025-12-09,90639.703125,92691.7109375,92691.7109375
2025-12-10,92695.234375,92020.9453125,92020.9453125
2025-12-11,92011.3046875,92511.3359375,92511.3359375
2025-12-12,92513.6640625,90270.4140625,90270.4140625
2025-12-13,90257.796875,90298.7109375,90298.7109375
2025-12-14,90296.4375,88175.1796875,88175.1796875
2025-12-15,88171.078125,86419.78125,86419.78125
2025-12-16,86424.40625,87843.984375,87843.984375
2025-12-17,87847.6171875,86143.7578125,86143.7578125
2025-12-18,86144.3671875,85462.5078125,85462.5078125
2025-12-19,85476.1328125,88103.3828125,88103.3828125
2025-12-20,88101.671875,88344.0,88344.0
2025-12-21,88344.703125,88621.75,88621.75
2025-12-22,88621.3984375,88490.015625,88490.015625
2025-12-23,88490.03125,87414.0,87414.0
2025-12-24,87404.3203125,87611.9609375,87611.9609375
2025-12-25,87608.3203125,87234.7421875,87234.7421875
2025-12-26,87235.5078125,87301.4296875,87301.4296875
2025-12-27,87301.4296875,87802.15625,87802.15625
2025-12-28,87799.34375,87835.8359375,87835.8359375
2025-12-29,87835.7890625,87138.140625,87138.140625
2025-12-30,87134.3515625,88430.1328125,88430.1328125
2025-12-31,88429.5859375,87508.828125,87508.828125
2026-01-01,87508.046875,88731.984375,88731.984375
2026-01-02,88733.0625,89944.6953125,89944.6953125
2026-01-03,89945.0546875,90603.1875,90603.1875
2026-01-04,90603.0,91413.4921875,91413.4921875
2026-01-05,91414.625,93882.5546875,93882.5546875
2026-01-06,93876.9453125,93729.03125,93729.03125
2026-01-07,93727.46875,91308.0546875,91308.0546875
2026-01-08,91309.640625,91027.125,91027.125
2026-01-09,91026.2734375,90513.1015625,90513.1015625
2026-01-10,90510.1015625,90386.6484375,90386.6484375
2026-01-11,90385.359375,90827.4609375,90827.4609375
2026-01-12,90825.859375,91192.9921875,91192.9921875
2026-01-13,91185.3359375,95321.78125,95321.78125
2026-01-14,95322.90625,96929.328125,96929.328125
2026-01-15,96931.2890625,95551.1875,95551.1875
2026-01-16,95554.1015625,95525.1171875,95525.1171875
2026-01-17,95525.15625,95099.921875,95099.921875
2026-01-18,95101.1796875,93634.4296875,93634.4296875
2026-01-19,93655.671875,92553.59375,92553.59375
2026-01-20,92553.6015625,88310.90625,88310.90625
2026-01-21,88326.5078125,89376.9609375,89376.9609375
2026-01-22,89378.5234375,89462.453125,89462.453125
2026-01-23,89462.046875,89503.875,89503.875
2026-01-24,89506.1484375,89110.734375,89110.734375
2026-01-25,89104.765625,86572.21875,86572.21875
2026-01-26,86566.5234375,88267.140625,88267.140625
2026-01-27,88257.4765625,89102.5703125,89102.5703125
2026-01-28,89104.046875,89184.5703125,89184.5703125
2026-01-29,89169.8515625,84561.5859375,84561.5859375
2026-01-30,84562.7265625,84128.65625,84128.65625
2026-01-31,84126.5,78621.1171875,78621.1171875
2026-02-01,78626.125,76974.4453125,76974.4453125
2026-02-02,76968.875,78688.765625,78688.765625
2026-02-03,78693.5078125,75633.546875,75633.546875
2026-02-04,75640.09375,73019.703125,73019.703125
2026-02-05,73016.375,62702.09765625,62702.09765625
2026-02-06,62704.453125,70555.390625,70555.390625
2026-02-07,70553.796875,69281.96875,69281.96875
2026-02-08,69283.7265625,70264.7265625,70264.7265625
2026-02-09,70243.328125,70120.78125,70120.78125
2026-02-10,70137.390625,68793.9609375,68793.9609375
2026-02-11,68791.859375,66991.96875,66991.96875
2026-02-12,66992.1953125,66221.84375,66221.84375
2026-02-13,66213.375,68857.84375,68857.84375
2026-02-14,68856.984375,69767.625,69767.625
2026-02-15,69764.953125,68788.1875,68788.1875
2026-02-16,68782.3984375,68843.15625,68843.15625
2026-02-17,68843.09375,67494.21875,67494.21875
2026-02-18,67488.0234375,66425.3203125,66425.3203125
2026-02-19,66425.625,66957.5234375,66957.5234375
2026-02-20,66958.578125,68005.421875,68005.421875
2026-02-21,68000.25,68003.765625,68003.765625
2026-02-22,67998.828125,67659.390625,67659.390625
2026-02-23,67668.4296875,64616.73828125,64616.73828125
2026-02-24,64616.015625,64080.04296875,64080.04296875
2026-02-25,64077.76953125,67960.125,67960.125
2026-02-26,67954.8671875,67453.7734375,67453.7734375
2026-02-27,67456.515625,65881.796875,65881.796875
2026-02-28,65878.9296875,66995.859375,66995.859375
2026-03-01,67005.8828125,65738.1015625,65738.1015625
2026-03-02,65734.078125,68775.8515625,68775.8515625
2026-03-03,68785.078125,68293.6484375,68293.6484375
2026-03-04,68290.5625,72710.578125,72710.578125
2026-03-05,72712.65625,70841.125,70841.125
2026-03-06,70842.15625,68136.4921875,68136.4921875
2026-03-07,68136.6875,67272.59375,67272.59375
2026-03-08,67272.5,65969.78125,65969.78125
2026-03-09,65969.5859375,68402.3828125,68402.3828125
2026-03-10,68402.71875,69926.921875,69926.921875
2026-03-11,69931.25,70204.8828125,70204.8828125
2026-03-12,70209.765625,70493.4609375,70493.4609375
2026-03-13,70497.046875,70968.265625,70968.265625
2026-03-14,70965.3828125,71214.625,71214.625
2026-03-15,71213.6796875,72789.9140625,72789.9140625
2026-03-16,72798.171875,74861.0859375,74861.0859375
2026-03-17,74855.296875,73922.4765625,73922.4765625
2026-03-18,73936.8515625,71245.578125,71245.578125
2026-03-19,71250.3515625,69912.7890625,69912.7890625
2026-03-20,69911.53125,70522.5859375,70522.5859375
2026-03-21,70522.46875,68711.5234375,68711.5234375
2026-03-22,68737.4453125,67845.2109375,67845.2109375
2026-03-23,67843.0,70914.859375,70914.859375
2026-03-24,70912.671875,70517.859375,70517.859375
2026-03-25,70520.046875,71309.8828125,71309.8828125
2026-03-26,71310.1171875,68791.625,68791.625
2026-03-27,68790.8359375,66338.375,66338.375
2026-03-28,66338.5,66319.6953125,66319.6953125
2026-03-29,66319.6953125,65954.921875,65954.921875
2026-03-30,65958.3515625,66691.4453125,66691.4453125
2026-03-31,66694.5859375,68233.3125,68233.3125
2026-04-01,68232.890625,68078.5546875,68078.5546875
2026-04-02,68077.8984375,66888.5703125,66888.5703125
2026-04-03,66889.015625,66931.1015625,66931.1015625
2026-04-04,66938.6484375,67290.515625,67290.515625
2026-04-05,67291.1953125,68981.8984375,68981.8984375
2026-04-06,68982.9140625,68859.828125,68859.828125
2026-04-07,68859.375,71940.703125,71940.703125
2026-04-08,71950.1484375,71123.359375,71123.359375
2026-04-09,71120.5703125,71767.828125,71767.828125
2026-04-10,71774.3671875,72979.046875,72979.046875
2026-04-11,72976.125,73054.2734375,73054.2734375
2026-04-12,73056.046875,70753.40625,70753.40625
2026-04-13,70757.6171875,74484.640625,74484.640625
2026-04-14,74478.3984375,74181.609375,74181.609375
2026-04-15,74182.0234375,74805.078125,74805.078125
2026-04-16,74810.875,75152.1328125,75152.1328125
2026-04-17,75164.0390625,77126.875,77126.875
2026-04-18,77136.046875,75726.2109375,75726.2109375
2026-04-19,75723.6953125,73856.3515625,73856.3515625
2026-04-20,73854.25,75872.5234375,75872.5234375
2026-04-21,75872.828125,76352.7734375,76352.7734375
2026-04-22,76354.21875,78203.1015625,78203.1015625
2026-04-23,78203.875,78268.953125,78268.953125
2026-04-24,78263.8203125,77455.3125,77455.3125
2026-04-25,77457.2109375,77612.015625,77612.015625
2026-04-26,77613.1171875,78657.5390625,78657.5390625
2026-04-27,78661.015625,77366.625,77366.625
2026-04-28,77368.1171875,76350.671875,76350.671875
2026-04-29,76350.6875,75776.1328125,75776.1328125
2026-04-30,75778.6328125,76304.3203125,76304.3203125
2026-05-01,76305.0546875,78179.0,78179.0
2026-05-02,78177.75,78657.25,78657.25
2026-05-03,78656.7265625,78538.2265625,78538.2265625
2026-05-04,78540.2890625,79827.90625,79827.90625
2026-05-05,79823.53125,80927.0546875,80927.0546875
2026-05-06,80930.734375,81427.53125,81427.53125
2026-05-07,81428.8515625,80009.9921875,80009.9921875
2026-05-08,80009.625,80186.765625,80186.765625
2026-05-09,80187.7421875,80664.3671875,80664.3671875
2026-05-10,80665.609375,82138.9296875,82138.9296875
2026-05-11,82139.046875,81728.296875,81728.296875
2026-05-12,81725.3515625,80477.4921875,80477.4921875
2026-05-13,80476.7890625,79277.1171875,79277.1171875
2026-05-14,79276.9453125,81051.25,81051.25
2026-05-15,81046.8671875,79065.6796875,79065.6796875
2026-05-16,79066.0,78131.4375,78131.4375
2026-05-17,78133.5859375,77429.3515625,77429.3515625
2026-05-18,77426.34375,76954.171875,76954.171875
2026-05-19,76954.75,76750.90625,76750.90625
2026-05-20,76749.453125,77457.7734375,77457.7734375
2026-05-21,77462.5078125,77539.171875,77539.171875
2026-05-22,77538.1171875,75488.2421875,75488.2421875
2026-05-23,75488.3125,76673.3671875,76673.3671875
2026-05-24,76670.65625,76981.125,76981.125
2026-05-25,76981.125,77279.9296875,77279.9296875
2026-05-26,77280.125,75825.734375,75825.734375
2026-05-27,75825.3046875,74344.703125,74344.703125
2026-05-28,74339.5703125,73536.5546875,73536.5546875
2026-05-29,73537.03125,73372.5234375,73372.5234375
2026-05-30,73370.8515625,73754.8359375,73754.8359375
2026-05-31,73753.75,73579.6875,73579.6875
2026-06-01,73580.2109375,71319.7734375,71319.7734375
2026-06-02,71321.03125,66703.65625,66703.65625
2026-06-03,66694.0078125,64014.3671875,64014.3671875
2026-06-04,64020.0703125,63801.57421875,63801.57421875
2026-06-05,63807.69140625,60922.66796875,60922.66796875
2026-06-06,60924.4765625,60867.4140625,60867.4140625
2026-06-07,60866.94140625,63239.51953125,63239.51953125
2026-06-08,63244.0859375,63090.58984375,63090.58984375
2026-06-09,63092.890625,61643.78125,61643.78125
2026-06-10,61643.20703125,61449.2890625,61449.2890625
2026-06-11,61448.87890625,63561.0546875,63561.0546875
2026-06-12,63547.44140625,63543.19921875,63543.19921875
2026-06-13,63541.515625,64421.32421875,64421.32421875
2026-06-14,64420.16796875,65710.3984375,65710.3984375
2026-06-15,65711.109375,66289.5,66289.5
2026-06-16,66289.4609375,65600.640625,65600.640625
2026-06-17,65600.4296875,64418.4453125,64418.4453125
2026-06-18,64419.64453125,62896.47265625,62896.47265625
2026-06-19,62897.515625,63540.8359375,63540.8359375
2026-06-20,63535.80859375,64239.67578125,64239.67578125
2026-06-21,64242.32421875,63237.5390625,63237.5390625
2026-06-22,63240.7890625,63952.10546875,63952.10546875
2026-06-23,63952.79296875,62668.01953125,62668.01953125
2026-06-24,62663.03125,60995.1328125,60995.1328125
2026-06-25,60992.0703125,59721.67578125,59721.67578125
2026-06-26,59712.0546875,60016.4296875,60016.4296875
2026-06-27,60016.3125,59940.09765625,59940.09765625
2026-06-28,59940.3515625,59532.33984375,59532.33984375
2026-06-29,59522.7890625,60138.37890625,60138.37890625
2026-06-30,60136.453125,58558.859375,58558.859375
2026-07-01,58562.4453125,60003.7578125,60003.7578125
2026-07-02,60004.76953125,61485.30078125,61485.30078125
2026-07-03,61492.06640625,62544.19921875,62544.19921875
2026-07-04,62545.12890625,63088.3046875,63088.3046875
2026-07-05,63089.05859375,63547.8828125,63547.8828125
2026-07-06,63551.015625,63995.015625,63995.015625
2026-07-07,63994.59765625,63297.39453125,63297.39453125
2026-07-08,63293.51953125,62257.57421875,62257.57421875
2026-07-09,62257.31640625,63193.1484375,63193.1484375
2026-07-10,63194.359375,64127.140625,64127.140625
2026-07-11,64127.96875,63802.02734375,63802.02734375
2026-07-12,63791.40234375,63758.21875,63758.21875
2026-07-13,63757.171875,62239.12109375,62239.12109375
2026-07-14,62238.5859375,64956.11328125,64956.11328125
2026-07-15,64959.80859375,64712.375,64712.375
2026-07-16,64713.296875,63789.28125,63789.28125
2026-07-17,63789.91015625,63899.4609375,63899.4609375
2026-07-18,63899.1796875,64796.6015625,64796.6015625
2026-07-19,64799.27734375,64690.8046875,64690.8046875
2026-07-20,64684.41796875,65230.02734375,65230.02734375
2026-07-21,65228.87109375,66505.125,66505.125
2026-07-22,66506.7890625,66100.796875,66100.796875
2026-07-23,66100.1328125,65044.8125,65044.8125
2026-07-24,65044.95703125,64098.49609375,64098.49609375
2026-07-25,64098.4921875,64311.8125,64311.8125
2026-07-26,64311.78515625,65340.30078125,65340.30078125
2026-07-27,65340.58984375,63724.8984375,63724.8984375
2026-07-28,63723.48828125,63871.36328125,63871.36328125
2026-07-29,63871.39453125,63908.16796875,63908.16796875
2026-07-30,63908.625,64725.30859375,64725.30859375
2026-07-31,64723.96875,62813.74609375,62813.74609375
2026-08-01,62813.6640625,62763.3203125,62763.3203125
2026-08-02,62763.4453125,63482.0,63482.0
2026-08-03,63485.44140625,63460.8984375,63460.8984375
2026-08-04,63458.41015625,64055.953125,64055.953125
2026-08-05,64054.87890625,64597.5,64597.5
2026-08-06,64595.44921875,64262.11328125,64262.11328125
2026-08-07,64257.48828125,64880.19140625,64880.19140625
2026-08-08,64882.546875,64904.6875,64904.6875
2026-08-09,64906.55078125,64844.88671875,64844.88671875
2026-08-10,64845.3828125,63910.5859375,63910.5859375
2026-08-11,63910.17578125,63551.875,63551.875
2026-08-12,63551.87109375,63402.43359375,63402.43359375
2026-08-13,63404.42578125,63402.171875,63402.171875
2026-08-14,63402.08984375,62975.59375,62975.59375
2026-08-15,62974.3359375,63024.3203125,63024.3203125
2026-08-16,63023.421875,62818.65234375,62818.65234375
2026-08-17,62819.37890625,64506.25390625,64506.25390625
2026-08-18,64506.5234375,64680.7109375,64680.7109375
2026-08-19,64680.046875,69266.1875,69266.1875
2026-08-20,69268.25,73032.7578125,73032.7578125
2026-08-21,73031.0859375,78335.1875,78335.1875
2026-08-22,78332.5546875,77083.4140625,77083.4140625
2026-08-23,77082.84375,77755.265625,77755.265625
2026-08-24,77748.875,78964.484375,78964.484375
2026-08-25,78960.09375,78564.9765625,78564.9765625
2026-08-26,78538.5859375,79027.421875,79027.421875
2026-08-27,79037.921875,80257.5390625,80257.5390625
2026-08-28,80264.6484375,77830.2890625,77830.2890625
2026-08-29,77830.890625,78245.8125,78245.8125
2026-08-30,78246.171875,77667.5703125,77667.5703125
2026-08-31,77673.703125,78548.6328125,78548.6328125
2026-09-01,78539.859375,77403.625,77403.625
2026-09-02,77402.140625,77300.4765625,77300.4765625
2026-09-03,77300.1640625,81271.7421875,81271.7421875
2026-09-05,79676.328125,79634.890625,79634.890625
