Date,Open,Close,AdjClose
2003-04-14,11.144444465637207,11.222222328186035,7.199283123016357
2003-04-15,11.29111099243164,11.355555534362793,7.284820556640625
2003-04-16,11.477778434753418,11.486666679382324,7.368929862976074
2003-04-17,11.550000190734863,11.568888664245605,7.4216766357421875
2003-04-21,11.582221984863281,11.564443588256836,7.418826580047607
2003-04-22,11.563332557678223,11.603333473205566,7.4437761306762695
2003-04-23,11.61111068725586,11.657777786254883,7.478703498840332
2003-04-24,11.566666603088379,11.427778244018555,7.331151485443115
2003-04-25,11.267778396606445,11.23888874053955,7.209975242614746
2003-04-28,11.267778396606445,11.424444198608398,7.329012393951416
2003-04-29,11.60111141204834,11.75,7.537862777709961
2003-04-30,11.722222328186035,11.716667175292969,7.516479969024658
2003-05-01,11.683333396911621,11.671111106872559,7.487253665924072
2003-05-02,11.70888900756836,11.850000381469727,7.602015972137451
2003-05-05,11.894444465637207,11.977778434753418,7.683986663818359
2003-05-06,11.977778434753418,12.038888931274414,7.7231903076171875
2003-05-07,11.98888874053955,12.016667366027832,7.708937168121338
2003-05-08,11.944443702697754,11.911110877990723,7.641219139099121
2003-05-09,11.927778244018555,12.051111221313477,7.731029510498047
2003-05-12,12.105555534362793,12.218889236450195,7.838664531707764
2003-05-13,12.175556182861328,12.149999618530273,7.79447078704834
2003-05-14,12.149999618530273,12.088889122009277,7.755268096923828
2003-05-15,12.113332748413086,12.113332748413086,7.770946979522705
2003-05-16,12.144444465637207,12.122221946716309,7.776651382446289
2003-05-19,12.04444408416748,11.833333015441895,7.5913262367248535
2003-05-20,11.86111068725586,11.89222240447998,7.6291022300720215
2003-05-21,11.871110916137695,11.9022216796875,7.635516166687012
2003-05-22,11.905555725097656,12.010000228881836,7.704659938812256
2003-05-23,12.094444274902344,12.133333206176758,7.783779621124268
2003-05-27,12.162221908569336,12.567777633666992,8.062487602233887
2003-05-28,12.567777633666992,12.622221946716309,8.097411155700684
2003-05-29,12.61111068725586,12.63888931274414,8.10810661315918
2003-05-30,12.666666984558105,12.785555839538574,8.20219612121582
2003-06-02,12.822221755981445,12.877778053283691,8.261357307434082
2003-06-03,12.88888931274414,12.779999732971191,8.198627471923828
2003-06-04,12.777777671813965,12.944443702697754,8.304123878479004
2003-06-05,12.991110801696777,12.957777976989746,8.312678337097168
2003-06-06,13.027777671813965,13.078888893127441,8.390368461608887
2003-06-09,13.095556259155273,12.966667175292969,8.318380355834961
2003-06-10,12.971111297607422,13.100000381469727,8.403914451599121
2003-06-11,13.094444274902344,13.11111068725586,8.411042213439941
2003-06-12,13.133333206176758,13.210000038146973,8.47448444366455
2003-06-13,13.178889274597168,13.20555591583252,8.471630096435547
2003-06-16,13.244443893432617,13.3477783203125,8.562867164611816
2003-06-17,13.484443664550781,13.622221946716309,8.738933563232422
2003-06-18,13.585556030273438,13.572221755981445,8.706855773925781
2003-06-19,13.683333396911621,13.572221755981445,8.706855773925781
2003-06-20,13.61111068725586,13.572221755981445,8.706855773925781
2003-06-23,13.527777671813965,13.23888874053955,8.493013381958008
2003-06-24,13.183333396911621,13.141111373901367,8.430289268493652
2003-06-25,13.174444198608398,13.25,8.500144958496094
2003-06-26,13.313332557678223,13.393333435058594,8.592090606689453
2003-06-27,13.411110877990723,13.331110954284668,8.552180290222168
2003-06-30,13.368888854980469,13.322221755981445,8.546476364135742
2003-07-01,13.372221946716309,13.466667175292969,8.639137268066406
2003-07-02,13.616666793823242,13.783332824707031,8.842287063598633
2003-07-03,13.822221755981445,13.822221755981445,8.867232322692871
2003-07-07,13.966667175292969,14.164443969726562,9.086777687072754
2003-07-08,14.191110610961914,14.20444393157959,9.112439155578613
2003-07-09,14.194443702697754,14.171111106872559,9.091057777404785
2003-07-10,14.09333324432373,13.922222137451172,8.931387901306152
2003-07-11,13.922222137451172,14.038888931274414,9.006232261657715
2003-07-14,14.194443702697754,14.285555839538574,9.164469718933105
2003-07-15,14.355555534362793,14.105555534362793,9.048998832702637
2003-07-16,14.077777862548828,14.116666793823242,9.056126594543457
2003-07-17,14.027777671813965,13.747777938842773,8.819477081298828
2003-07-18,13.772221565246582,13.931111335754395,8.937088966369629
2003-07-21,13.876667022705078,13.74666690826416,8.818765640258789
2003-07-22,13.782221794128418,13.911110877990723,8.924259185791016
2003-07-23,13.866666793823242,13.822221755981445,8.867232322692871
2003-07-24,13.916666984558105,13.88888931274414,8.910002708435059
2003-07-25,13.991110801696777,14.116666793823242,9.056126594543457
2003-07-28,14.199999809265137,14.194443702697754,9.106023788452148
2003-07-29,14.216667175292969,14.1144437789917,9.05470085144043
2003-07-30,14.081110954284668,14.01111125946045,8.988409996032715
2003-07-31,14.033332824707031,14.077777862548828,9.03117847442627
2003-08-01,14.105555534362793,14.108888626098633,9.051140785217285
2003-08-04,14.127778053283691,14.046667098999023,9.011221885681152
2003-08-05,14.046667098999023,13.895556449890137,8.91428279876709
2003-08-06,13.89222240447998,13.833333015441895,8.87436580657959
2003-08-07,13.933333396911621,13.934444427490234,8.939229965209961
2003-08-08,14.050000190734863,14.027777671813965,8.999103546142578
2003-08-11,14.11111068725586,14.088889122009277,9.038308143615723
2003-08-12,14.1144437789917,14.144444465637207,9.07394790649414
2003-08-13,14.318888664245605,14.344444274902344,9.202251434326172
2003-08-14,14.353333473205566,14.533332824707031,9.323430061340332
2003-08-15,14.38888931274414,14.38888931274414,9.230766296386719
2003-08-18,14.522221565246582,14.695555686950684,9.427497863769531
2003-08-19,14.777777671813965,14.767778396606445,9.473830223083496
2003-08-20,14.733332633972168,14.770000457763672,9.47525405883789
2003-08-21,14.890000343322754,15.04111099243164,9.649178504943848
2003-08-22,15.222222328186035,15.117777824401855,9.698362350463867
2003-08-25,15.096667289733887,15.0,9.62280559539795
2003-08-26,14.938888549804688,14.816666603088379,9.505192756652832
2003-08-27,14.84000015258789,14.98888874053955,9.615676879882812
2003-08-28,15.04111099243164,15.09333324432373,9.682677268981934
2003-08-29,15.188888549804688,15.202221870422363,9.752533912658691
2003-09-02,15.333333015441895,15.427778244018555,9.897231101989746
2003-09-03,15.63888931274414,15.550000190734863,9.975641250610352
2003-09-04,15.56222152709961,15.605555534362793,10.01128101348877
2003-09-05,15.633333206176758,15.591111183166504,10.002016067504883
2003-09-08,15.745555877685547,15.886667251586914,10.191618919372559
2003-09-09,15.920000076293945,15.61111068725586,10.014845848083496
2003-09-10,15.58666706085205,15.35111141204834,9.848047256469727
2003-09-11,15.356666564941406,15.333333015441895,9.836641311645508
2003-09-12,15.383333206176758,15.442221641540527,9.906498908996582
2003-09-15,15.464444160461426,15.214444160461426,9.760370254516602
2003-09-16,15.366666793823242,15.527777671813965,9.961382865905762
2003-09-17,15.554444313049316,15.461111068725586,9.91861629486084
2003-09-18,15.498888969421387,15.63888931274414,10.032666206359863
2003-09-19,15.661110877990723,15.566666603088379,9.986333847045898
2003-09-22,15.49666690826416,15.31222152709961,9.823101997375488
2003-09-23,15.328888893127441,15.350000381469727,9.847336769104004
2003-09-24,15.546667098999023,15.377778053283691,9.865156173706055
2003-09-25,15.377778053283691,15.149999618530273,9.719029426574707
2003-09-26,15.149999618530273,15.04444408416748,9.651313781738281
2003-09-29,15.068888664245605,15.151110649108887,9.719743728637695
2003-09-30,15.245555877685547,15.103333473205566,9.689095497131348
2003-10-01,15.31222152709961,15.5,9.943563461303711
2003-10-02,15.645556449890137,15.722222328186035,10.086124420166016
2003-10-03,15.944443702697754,15.877778053283691,10.185916900634766
2003-10-06,15.957777976989746,15.938888549804688,10.225119590759277
2003-10-07,15.98888874053955,15.922222137451172,10.214428901672363
2003-10-08,16.06222152709961,16.04111099243164,10.290699005126953
2003-10-09,16.29777717590332,16.311111450195312,10.463910102844238
2003-10-10,16.397777557373047,16.511110305786133,10.59221076965332
2003-10-13,16.61111068725586,16.761110305786133,10.75259017944336
2003-10-14,16.713333129882812,16.441110610961914,10.547307014465332
2003-10-15,16.63888931274414,16.639999389648438,10.674897193908691
2003-10-16,16.639999389648438,16.635555267333984,10.672045707702637
2003-10-17,16.642221450805664,16.53444480895996,10.607183456420898
2003-10-20,16.657777786254883,16.626667022705078,10.66634464263916
2003-10-21,16.665555953979492,16.709999084472656,10.719804763793945
2003-10-22,16.677778244018555,16.46444320678711,10.562273979187012
2003-10-23,16.22222137451172,16.22222137451172,10.406885147094727
2003-10-24,16.11111068725586,16.136667251586914,10.351997375488281
2003-10-27,16.244443893432617,16.322221755981445,10.471036911010742
2003-10-28,16.53333282470703,16.545555114746094,10.614311218261719
2003-10-29,16.600000381469727,16.683332443237305,10.702695846557617
2003-10-30,16.75777816772461,16.623332977294922,10.664204597473145
2003-10-31,16.636667251586914,16.489999771118164,10.578670501708984
2003-11-03,16.77777862548828,16.883333206176758,10.831005096435547
2003-11-04,16.996667861938477,16.93000030517578,10.860940933227539
2003-11-05,16.969999313354492,16.95222282409668,10.875195503234863
2003-11-06,16.883333206176758,16.831111907958984,10.797501564025879
2003-11-07,16.84666633605957,16.848888397216797,10.808904647827148
2003-11-10,16.81222152709961,16.616666793823242,10.659929275512695
2003-11-11,16.494443893432617,16.40333366394043,10.523070335388184
2003-11-12,16.508888244628906,16.695556640625,10.71053695678711
2003-11-13,16.814443588256836,16.824443817138672,10.793220520019531
2003-11-14,16.786666870117188,16.738889694213867,10.7383394241333
2003-11-17,16.61111068725586,16.412221908569336,10.528773307800293
2003-11-18,16.516666412353516,16.44444465637207,10.549442291259766
2003-11-19,16.38888931274414,16.337778091430664,10.481013298034668
2003-11-20,16.19444465637207,16.126667022705078,10.345584869384766
2003-11-21,16.182222366333008,16.266666412353516,10.435399055480957
2003-11-24,16.266666412353516,16.44333267211914,10.548731803894043
2003-11-25,16.49333381652832,16.5,10.585084915161133
2003-11-26,16.64555549621582,16.651111602783203,10.682024002075195
2003-11-28,16.665555953979492,16.799999237060547,10.777542114257812
2003-12-01,17.044443130493164,17.281110763549805,11.086183547973633
2003-12-02,17.281110763549805,17.204444885253906,11.037002563476562
2003-12-03,17.29111099243164,17.14444351196289,10.99850845336914
2003-12-04,17.14444351196289,17.02666664123535,10.92294979095459
2003-12-05,17.003332138061523,16.994443893432617,10.9022798538208
2003-12-08,16.97222137451172,17.02777862548828,10.923665046691895
2003-12-09,17.122222900390625,16.956666946411133,10.878045082092285
2003-12-10,17.044443130493164,16.88888931274414,10.834567070007324
2003-12-11,17.038888931274414,17.196666717529297,11.032010078430176
2003-12-12,17.275556564331055,17.275556564331055,11.082619667053223
2003-12-15,17.420000076293945,17.288888931274414,11.091175079345703
2003-12-16,17.30555534362793,17.21666717529297,11.044841766357422
2003-12-17,17.106666564941406,17.016666412353516,10.916540145874023
2003-12-18,17.086666107177734,17.29111099243164,11.092598915100098
2003-12-19,17.25,17.333332061767578,11.119682312011719
2003-12-22,17.322221755981445,17.5,11.276698112487793
2003-12-23,17.5,17.54777717590332,11.307483673095703
2003-12-24,17.602222442626953,17.60444450378418,11.34400463104248
2003-12-26,17.666667938232422,17.648889541625977,11.372640609741211
2003-12-29,17.77777862548828,17.915555953979492,11.544476509094238
2003-12-30,18.02111053466797,18.001110076904297,11.599607467651367
2003-12-31,18.08888816833496,18.21444320678711,11.74584674835205
2004-01-02,18.344444274902344,18.6200008392334,12.007375717163086
2004-01-05,19.133333206176758,19.273332595825195,12.428688049316406
2004-01-06,19.273332595825195,19.05555534362793,12.288249015808105
2004-01-07,18.94444465637207,19.100000381469727,12.316914558410645
2004-01-08,19.14555549621582,19.172222137451172,12.363485336303711
2004-01-09,19.18777847290039,19.13777732849121,12.341272354125977
2004-01-12,19.183332443237305,19.121110916137695,12.330525398254395
2004-01-13,19.16111183166504,19.012222290039062,12.260307312011719
2004-01-14,18.945556640625,19.042221069335938,12.279653549194336
2004-01-15,18.96666717529297,18.65333366394043,12.028871536254883
2004-01-16,18.63888931274414,18.733333587646484,12.080460548400879
2004-01-20,19.11111068725586,19.27777862548828,12.431554794311523
2004-01-21,19.274444580078125,19.303333282470703,12.448034286499023
2004-01-22,19.238889694213867,19.254444122314453,12.416513442993164
2004-01-23,19.278888702392578,19.22222137451172,12.395727157592773
2004-01-26,19.274444580078125,19.350000381469727,12.478126525878906
2004-01-27,19.38888931274414,19.252222061157227,12.415075302124023
2004-01-28,19.35555648803711,18.979999542236328,12.23952865600586
2004-01-29,18.904443740844727,18.681110382080078,12.046784400939941
2004-01-30,18.55555534362793,18.655555725097656,12.030305862426758
2004-02-02,18.68000030517578,18.65999984741211,12.033171653747559
2004-02-03,18.672222137451172,18.55555534362793,11.965815544128418
2004-02-04,18.455556869506836,18.38888931274414,11.858339309692383
2004-02-05,18.334444046020508,18.383333206176758,11.854758262634277
2004-02-06,18.574443817138672,18.802221298217773,12.124883651733398
2004-02-09,19.0,19.073333740234375,12.29971694946289
2004-02-10,19.079999923706055,19.05666732788086,12.288965225219727
2004-02-11,19.115556716918945,19.352222442626953,12.479564666748047
2004-02-12,19.441110610961914,19.342222213745117,12.473111152648926
2004-02-13,19.561111450195312,19.35555648803711,12.481714248657227
2004-02-17,19.622222900390625,19.744443893432617,12.732487678527832
2004-02-18,19.767778396606445,19.475555419921875,12.559093475341797
2004-02-19,19.47888946533203,19.30555534362793,12.449463844299316
2004-02-20,19.11111068725586,19.08888816833496,12.309748649597168
2004-02-23,19.200000762939453,18.922222137451172,12.2022705078125
2004-02-24,18.8799991607666,18.822221755981445,12.13778018951416
2004-02-25,18.886667251586914,19.02777862548828,12.270336151123047
2004-02-26,19.12555694580078,19.122222900390625,12.331243515014648
2004-02-27,19.341110229492188,19.393333435058594,12.506070137023926
2004-03-01,19.537778854370117,19.835556030273438,12.791245460510254
2004-03-02,19.857778549194336,19.677778244018555,12.689502716064453
2004-03-03,19.554443359375,19.55555534362793,12.610684394836426
2004-03-04,19.61111068725586,19.688888549804688,12.69666576385498
2004-03-05,19.688888549804688,19.761110305786133,12.743234634399414
2004-03-08,19.844444274902344,19.572221755981445,12.621430397033691
2004-03-09,19.633333206176758,19.44444465637207,12.539032936096191
2004-03-10,19.46666717529297,19.0,12.252423286437988
2004-03-11,18.755556106567383,18.58888816833496,11.98731517791748
2004-03-12,18.61111068725586,18.744443893432617,12.087626457214355
2004-03-15,18.600000381469727,18.39444351196289,11.861922264099121
2004-03-16,18.488889694213867,18.622222900390625,12.008811950683594
2004-03-17,18.833332061767578,18.877777099609375,12.173608779907227
2004-03-18,18.931110382080078,18.988889694213867,12.245257377624512
2004-03-19,19.06333351135254,18.738889694213867,12.084043502807617
2004-03-22,18.867778778076172,18.438888549804688,11.890583038330078
2004-03-23,18.554443359375,18.62444305419922,12.01024055480957
2004-03-24,18.696666717529297,18.63888931274414,12.019554138183594
2004-03-25,18.68666648864746,18.82111167907715,12.137067794799805
2004-03-26,18.822221755981445,18.786666870117188,12.114850997924805
2004-03-29,19.05555534362793,19.02777862548828,12.270336151123047
2004-03-30,19.163333892822266,19.261110305786133,12.420805931091309
2004-03-31,19.433332443237305,19.5,12.574851989746094
2004-04-01,19.543333053588867,19.658889770507812,12.67732048034668
2004-04-02,19.883333206176758,19.85555648803711,12.804144859313965
2004-04-05,20.020000457763672,19.994443893432617,12.893710136413574
2004-04-06,20.002222061157227,20.10555648803711,12.96535873413086
2004-04-07,20.211111068725586,20.03333282470703,12.918781280517578
2004-04-08,20.225555419921875,20.049999237060547,12.929533004760742
2004-04-12,20.200000762939453,20.204444885253906,13.029129028320312
2004-04-13,20.21666717529297,19.968889236450195,12.877230644226074
2004-04-14,19.81999969482422,19.6744441986084,12.687349319458008
2004-04-15,19.683332443237305,19.511110305786133,12.582016944885254
2004-04-16,19.572221755981445,19.655555725097656,12.675169944763184
2004-04-19,19.65333366394043,19.688888549804688,12.69666576385498
2004-04-20,19.775556564331055,19.516666412353516,12.585604667663574
2004-04-21,19.49333381652832,19.372222900390625,12.492454528808594
2004-04-22,19.200000762939453,19.366666793823242,12.488874435424805
2004-04-23,19.44444465637207,19.511110305786133,12.582016944885254
2004-04-26,19.516666412353516,19.233333587646484,12.402896881103516
2004-04-27,19.327777862548828,19.13111114501953,12.336973190307617
2004-04-28,19.09000015258789,18.583332061767578,11.983729362487793
2004-04-29,18.333332061767578,17.971111297607422,11.588929176330566
2004-04-30,17.80555534362793,17.58888816833496,11.342448234558105
2004-05-03,17.642221450805664,17.76555633544922,11.456374168395996
2004-05-04,18.136667251586914,18.113332748413086,11.680643081665039
2004-05-05,18.176666259765625,18.157777786254883,11.709304809570312
2004-05-06,17.88888931274414,17.781110763549805,11.466405868530273
2004-05-07,17.566667556762695,17.38111114501953,11.20846176147461
2004-05-10,16.670000076293945,16.542221069335938,10.66749095916748
2004-05-11,16.835556030273438,17.03333282470703,10.98419189453125
2004-05-12,17.06999969482422,17.038888931274414,10.987773895263672
2004-05-13,16.822221755981445,16.994443893432617,10.959115028381348
2004-05-14,16.841110229492188,16.546667098999023,10.670357704162598
2004-05-17,15.88888931274414,15.884444236755371,10.243314743041992
2004-05-18,16.41111183166504,16.356666564941406,10.547833442687988
2004-05-19,17.28333282470703,16.808889389038086,10.839457511901855
2004-05-20,16.84666633605957,16.705556869506836,10.772818565368652
2004-05-21,17.003332138061523,16.979999542236328,10.949796676635742
2004-05-24,17.498889923095703,17.244443893432617,11.120328903198242
2004-05-25,17.219999313354492,17.62444305419922,11.365378379821777
2004-05-26,17.755556106567383,17.55555534362793,11.320954322814941
2004-05-27,17.876667022705078,17.833332061767578,11.50008487701416
2004-05-28,18.0222225189209,17.794443130493164,11.475004196166992
2004-06-01,17.811111450195312,17.671110153198242,11.39547061920166
2004-06-02,17.649999618530273,17.671110153198242,11.39547061920166
2004-06-03,17.316667556762695,17.278888702392578,11.14254093170166
2004-06-04,17.45888900756836,17.53333282470703,11.306624412536621
2004-06-07,17.877777099609375,18.13888931274414,11.697125434875488
2004-06-08,18.05555534362793,17.886667251586914,11.534478187561035
2004-06-09,17.737777709960938,17.482221603393555,11.273661613464355
2004-06-10,17.456666946411133,17.502222061157227,11.2865629196167
2004-06-14,17.016666412353516,16.827777862548828,10.851634979248047
2004-06-15,17.132221221923828,17.15333366394043,11.061572074890137
2004-06-16,17.162221908569336,16.92333221435547,10.913253784179688
2004-06-17,16.915555953979492,17.00777816772461,10.967710494995117
2004-06-18,17.184444427490234,16.91111183166504,10.905375480651855
2004-06-21,17.20888900756836,16.988889694213867,10.955530166625977
2004-06-22,17.074443817138672,17.168888092041016,11.071605682373047
2004-06-23,17.177778244018555,17.474443435668945,11.268645286560059
2004-06-24,17.752222061157227,17.544443130493164,11.313785552978516
2004-06-25,17.71444320678711,17.72222137451172,11.428431510925293
2004-06-28,17.899999618530273,17.57111167907715,11.330984115600586
2004-06-29,17.55555534362793,17.705556869506836,11.417684555053711
2004-06-30,17.83888816833496,17.95888900756836,11.581048965454102
2004-07-01,17.834444046020508,17.73444366455078,11.436312675476074
2004-07-02,17.77777862548828,17.733333587646484,11.435595512390137
2004-07-06,17.788888931274414,17.543333053588867,11.313075065612793
2004-07-07,17.577777862548828,17.7722225189209,11.460675239562988
2004-07-08,17.666667938232422,17.518888473510742,11.297307014465332
2004-07-09,17.61111068725586,17.61222267150879,11.357497215270996
2004-07-12,17.565555572509766,17.566667556762695,11.328121185302734
2004-07-13,17.648889541625977,17.64666748046875,11.379705429077148
2004-07-14,17.557777404785156,17.4777774810791,11.270800590515137
2004-07-15,17.392221450805664,17.386667251586914,11.212043762207031
2004-07-16,17.639999389648438,17.577777862548828,11.335282325744629
2004-07-19,17.594444274902344,17.551111221313477,11.318089485168457
2004-07-20,17.566667556762695,17.62555694580078,11.366095542907715
2004-07-21,17.77666664123535,17.422222137451172,11.23497200012207
2004-07-22,17.267778396606445,17.422222137451172,11.23497200012207
2004-07-23,17.37555694580078,17.122222900390625,11.041510581970215
2004-07-26,17.09666633605957,16.963333129882812,10.939050674438477
2004-07-27,17.0,17.286666870117188,11.147555351257324
2004-07-28,17.221111297607422,17.281110763549805,11.143974304199219
2004-07-29,17.258888244628906,17.38888931274414,11.21347713470459
2004-07-30,17.397777557373047,17.30555534362793,11.159737586975098
2004-08-02,17.224443435668945,17.218889236450195,11.103849411010742
2004-08-03,17.218889236450195,17.238889694213867,11.116745948791504
2004-08-04,17.205556869506836,17.255556106567383,11.127495765686035
2004-08-05,17.511110305786133,17.14444351196289,11.055840492248535
2004-08-06,17.197778701782227,17.020000457763672,10.975591659545898
2004-08-09,17.22222137451172,17.162221908569336,11.067305564880371
2004-08-10,17.149999618530273,17.35555648803711,11.191980361938477
2004-08-11,17.177778244018555,17.19444465637207,11.08808708190918
2004-08-12,17.166667938232422,17.002222061157227,10.964129447937012
2004-08-13,17.21666717529297,17.028888702392578,10.981325149536133
2004-08-16,17.038888931274414,17.261110305786133,11.131073951721191
2004-08-17,17.318889617919922,17.376667022705078,11.20559310913086
2004-08-18,17.34000015258789,17.58222198486328,11.338151931762695
2004-08-19,17.7722225189209,17.601110458374023,11.350329399108887
2004-08-20,17.627777099609375,17.688888549804688,11.406936645507812
2004-08-23,17.712221145629883,17.78444480895996,11.468558311462402
2004-08-24,17.738889694213867,17.733333587646484,11.435595512390137
2004-08-25,17.77777862548828,17.94444465637207,11.571735382080078
2004-08-26,18.011110305786133,17.968889236450195,11.587496757507324
2004-08-27,18.016666412353516,17.935556411743164,11.566003799438477
2004-08-30,17.877777099609375,17.83888816833496,11.503663063049316
2004-08-31,17.86111068725586,17.916667938232422,11.55381965637207
2004-09-01,18.054443359375,18.064443588256836,11.649118423461914
2004-09-02,18.133333206176758,18.288888931274414,11.793853759765625
2004-09-03,18.211111068725586,18.094444274902344,11.668464660644531
2004-09-07,18.139999389648438,18.233333587646484,11.758031845092773
2004-09-08,18.083332061767578,18.22222137451172,11.750863075256348
2004-09-09,18.155555725097656,18.27777862548828,11.786690711975098
2004-09-10,18.350000381469727,18.45111083984375,11.89846420288086
2004-09-13,18.594444274902344,18.6200008392334,12.007375717163086
2004-09-14,18.72222137451172,18.613332748413086,12.003082275390625
2004-09-15,18.641111373901367,18.531110763549805,11.950054168701172
2004-09-16,18.744443893432617,18.76333236694336,12.099806785583496
2004-09-17,18.70888900756836,18.88888931274414,12.180774688720703
2004-09-20,18.918888092041016,18.907777786254883,12.19295883178711
2004-09-21,19.0,19.10555648803711,12.32049560546875
2004-09-22,19.0,18.816667556762695,12.134198188781738
2004-09-23,18.711111068725586,18.899999618530273,12.187939643859863
2004-09-24,18.85444450378418,18.84666633605957,12.153545379638672
2004-09-27,18.83222198486328,18.73444366455078,12.081177711486816
2004-09-28,18.774444580078125,18.96666717529297,12.230929374694824
2004-09-29,18.922222137451172,19.066667556762695,12.295417785644531
2004-09-30,19.08888816833496,19.166667938232422,12.359908103942871
2004-10-01,19.286666870117188,19.53333282470703,12.596349716186523
2004-10-04,19.733333587646484,19.866666793823242,12.81130599975586
2004-10-05,19.67333221435547,19.719999313354492,12.716727256774902
2004-10-06,19.744443893432617,19.947778701782227,12.86361312866211
2004-10-07,19.866666793823242,19.77777862548828,12.753987312316895
2004-10-08,19.755556106567383,19.633333206176758,12.660835266113281
2004-10-11,19.726667404174805,19.73555564880371,12.72675609588623
2004-10-12,19.38888931274414,19.4244441986084,12.526135444641113
2004-10-13,19.401111602783203,19.16111183166504,12.3563232421875
2004-10-14,19.083332061767578,18.899999618530273,12.187939643859863
2004-10-15,18.91777801513672,19.1522216796875,12.350591659545898
2004-10-18,19.22888946533203,19.35555648803711,12.481714248657227
2004-10-19,19.516666412353516,19.262222290039062,12.421520233154297
2004-10-20,19.231111526489258,19.141111373901367,12.34342098236084
2004-10-21,19.244443893432617,19.416667938232422,12.5211181640625
2004-10-22,19.47222137451172,19.27777862548828,12.431554794311523
2004-10-25,19.22222137451172,19.329999923706055,12.465230941772461
2004-10-26,19.322221755981445,19.399999618530273,12.510375022888184
2004-10-27,19.496667861938477,19.733333587646484,12.725323677062988
2004-10-28,19.63888931274414,19.635555267333984,12.662270545959473
2004-10-29,19.672222137451172,19.712221145629883,12.711710929870605
2004-11-01,19.88111114501953,19.858888626098633,12.806292533874512
2004-11-02,19.94444465637207,19.904443740844727,12.835665702819824
2004-11-03,20.35555648803711,20.19444465637207,13.02267837524414
2004-11-04,20.211111068725586,20.5,13.219722747802734
2004-11-05,20.61111068725586,20.577777862548828,13.269879341125488
2004-11-08,20.455556869506836,20.345556259155273,13.12013053894043
2004-11-09,20.44444465637207,20.476667404174805,13.204675674438477
2004-11-10,20.61111068725586,20.5,13.219722747802734
2004-11-11,20.55555534362793,20.733333587646484,13.370193481445312
2004-11-12,20.816667556762695,21.083332061767578,13.595888137817383
2004-11-15,21.188888549804688,21.10333251953125,13.608785629272461
2004-11-16,21.116666793823242,20.86222267150879,13.453306198120117
2004-11-17,21.27777862548828,21.333332061767578,13.757104873657227
2004-11-18,21.207778930664062,21.372222900390625,13.782188415527344
2004-11-19,21.33888816833496,21.066667556762695,13.585143089294434
2004-11-22,21.059999465942383,21.148889541625977,13.638167381286621
2004-11-23,21.106666564941406,21.185556411743164,13.661812782287598
2004-11-24,21.399999618530273,21.41111183166504,13.807267189025879
2004-11-26,21.52777862548828,21.766666412353516,14.036547660827637
2004-11-29,21.788888931274414,21.633333206176758,13.950563430786133
2004-11-30,21.811111450195312,21.67333221435547,13.976364135742188
2004-12-01,21.799999237060547,21.83888816833496,14.083127975463867
2004-12-02,22.0,21.80666732788086,14.062344551086426
2004-12-03,21.793333053588867,21.905555725097656,14.126113891601562
2004-12-06,21.88888931274414,21.87444305419922,14.106048583984375
2004-12-07,21.833332061767578,21.538888931274414,13.889665603637695
2004-12-08,21.46666717529297,21.425556182861328,13.816576957702637
2004-12-09,21.05555534362793,21.07666778564453,13.591591835021973
2004-12-10,20.899999618530273,21.05555534362793,13.577978134155273
2004-12-13,21.266666412353516,21.37555694580078,13.78433895111084
2004-12-14,21.441110610961914,21.572221755981445,13.911157608032227
2004-12-15,21.788888931274414,21.871110916137695,14.103901863098145
2004-12-16,21.925556182861328,21.761110305786133,14.03296947479248
2004-12-17,21.801111221313477,21.711111068725586,14.000727653503418
2004-12-20,21.94444465637207,21.994443893432617,14.183436393737793
2004-12-21,22.05555534362793,22.205556869506836,14.319576263427734
2004-12-22,22.229999542236328,22.200000762939453,14.31599235534668
2004-12-23,22.121110916137695,22.081111907958984,14.413395881652832
2004-12-27,22.14444351196289,22.064443588256836,14.402512550354004
2004-12-28,22.170000076293945,22.17888832092285,14.477219581604004
2004-12-29,22.252222061157227,22.301111221313477,14.557000160217285
2004-12-30,22.36111068725586,22.244443893432617,14.520014762878418
2004-12-31,22.433332443237305,22.427778244018555,14.639678955078125
2005-01-03,22.41111183166504,22.19444465637207,14.487370491027832
2005-01-04,22.13888931274414,21.511110305786133,14.041326522827148
2005-01-05,21.488889694213867,21.247777938842773,13.869436264038086
2005-01-06,21.316667556762695,21.233333587646484,13.86001205444336
2005-01-07,21.377777099609375,21.274444580078125,13.886848449707031
2005-01-10,21.399999618530273,21.301111221313477,13.904250144958496
2005-01-11,21.399999618530273,21.261110305786133,13.878144264221191
2005-01-12,21.399999618530273,21.5222225189209,14.04858112335205
2005-01-13,21.587778091430664,21.433332443237305,13.990559577941895
2005-01-14,21.666667938232422,21.816667556762695,14.240779876708984
2005-01-18,21.804443359375,21.77777862548828,14.2153959274292
2005-01-19,21.886667251586914,21.4777774810791,14.019571304321289
2005-01-20,21.5,21.211111068725586,13.845501899719238
2005-01-21,21.61111068725586,21.5,14.034077644348145
2005-01-24,21.76333236694336,21.46666717529297,14.01231861114502
2005-01-25,21.61111068725586,21.66111183166504,14.13924503326416
2005-01-26,22.0,21.9777774810791,14.345941543579102
2005-01-27,21.98555564880371,21.998889923095703,14.35972785949707
2005-01-28,22.049999237060547,22.018888473510742,14.372781753540039
2005-01-31,22.22222137451172,22.308889389038086,14.562074661254883
2005-02-01,22.442222595214844,22.5,14.686824798583984
2005-02-02,22.502222061157227,22.57111167907715,14.733240127563477
2005-02-03,22.5,22.54777717590332,14.718012809753418
2005-02-04,22.681110382080078,22.899999618530273,14.947929382324219
2005-02-07,22.933332443237305,22.97222137451172,14.995065689086914
2005-02-08,23.016666412353516,23.016666412353516,15.024077415466309
2005-02-09,23.072221755981445,22.942222595214844,14.975484848022461
2005-02-10,22.86111068725586,23.053333282470703,15.048008918762207
2005-02-11,23.102222442626953,23.27777862548828,15.194520950317383
2005-02-14,23.44444465637207,23.44444465637207,15.303305625915527
2005-02-15,23.516666412353516,23.5,15.33957290649414
2005-02-16,23.5,23.427778244018555,15.292430877685547
2005-02-17,23.516666412353516,23.38888931274414,15.267045021057129
2005-02-18,23.511110305786133,23.676666259765625,15.4548921585083
2005-02-22,23.799999237060547,23.59000015258789,15.398319244384766
2005-02-23,23.833332061767578,23.698888778686523,15.469395637512207
2005-02-24,23.955556869506836,24.066667556762695,15.709464073181152
2005-02-25,24.27777862548828,24.510000228881836,15.99885082244873
2005-02-28,24.72222137451172,24.468889236450195,15.97200870513916
2005-03-01,24.503332138061523,24.537778854370117,16.016983032226562
2005-03-02,24.334444046020508,24.133333206176758,15.752985954284668
2005-03-03,24.333332061767578,24.200000762939453,15.796496391296387
2005-03-04,24.441110610961914,24.488889694213867,15.985068321228027
2005-03-07,24.557777404785156,24.649999618530273,16.090227127075195
2005-03-08,24.666667938232422,24.462221145629883,15.967657089233398
2005-03-09,24.5,24.322221755981445,15.876276016235352
2005-03-10,24.166667938232422,24.08888816833496,15.723968505859375
2005-03-11,24.110000610351562,23.953332901000977,15.635483741760254
2005-03-14,23.889999389648438,23.770000457763672,15.515815734863281
2005-03-15,23.733333587646484,23.177778244018555,15.129244804382324
2005-03-16,23.05555534362793,22.981111526489258,15.00087833404541
2005-03-17,22.981111526489258,23.399999618530273,15.274295806884766
2005-03-18,23.55555534362793,23.294443130493164,15.20539665222168
2005-03-21,23.303333282470703,22.957778930664062,14.985640525817871
2005-03-22,22.922222137451172,22.53333282470703,14.70858383178711
2005-03-23,22.233333587646484,22.247777938842773,14.522188186645508
2005-03-24,22.333332061767578,22.22333335876465,14.506234169006348
2005-03-28,22.544443130493164,22.376667022705078,14.606314659118652
2005-03-29,22.288888931274414,21.79777717590332,14.228449821472168
2005-03-30,22.11111068725586,22.294443130493164,14.552643775939941
2005-03-31,22.23444366455078,22.53333282470703,14.70858383178711
2005-04-01,22.61111068725586,22.666667938232422,14.795611381530762
2005-04-04,22.761110305786133,22.71666717529297,14.828256607055664
2005-04-05,22.72222137451172,22.711111068725586,14.824627876281738
2005-04-06,22.88888931274414,23.0222225189209,15.027706146240234
2005-04-07,23.122222900390625,23.254444122314453,15.179288864135742
2005-04-08,23.200000762939453,23.14444351196289,15.1074800491333
2005-04-11,23.058889389038086,22.922222137451172,14.962425231933594
2005-04-12,22.922222137451172,23.211111068725586,15.15100383758545
2005-04-13,23.08888816833496,22.748889923095703,14.849292755126953
2005-04-14,22.666667938232422,22.166667938232422,14.469242095947266
2005-04-15,22.05555534362793,21.700000762939453,14.164630889892578
2005-04-18,21.55555534362793,21.956666946411133,14.332161903381348
2005-04-19,22.083332061767578,22.324443817138672,14.572230339050293
2005-04-20,22.344444274902344,21.79777717590332,14.228449821472168
2005-04-21,22.03333282470703,22.425556182861328,14.63823127746582
2005-04-22,22.35555648803711,22.177778244018555,14.476493835449219
2005-04-25,22.311111450195312,22.5977783203125,14.750653266906738
2005-04-26,22.44444465637207,22.366666793823242,14.599787712097168
2005-04-27,22.211111068725586,22.164443969726562,14.467788696289062
2005-04-28,22.05555534362793,21.811111450195312,14.237152099609375
2005-04-29,22.05555534362793,22.252222061157227,14.52508544921875
2005-05-02,22.36111068725586,22.399999618530273,14.621552467346191
2005-05-03,22.38888931274414,22.378889083862305,14.607768058776855
2005-05-04,22.44444465637207,22.988889694213867,15.00594711303711
2005-05-05,23.05555534362793,23.110000610351562,15.084999084472656
2005-05-06,23.077777862548828,23.172222137451172,15.125617980957031
2005-05-09,23.0,23.19333267211914,15.13939380645752
2005-05-10,22.91111183166504,22.672222137451172,14.79924488067627
2005-05-11,22.77777862548828,22.77777862548828,14.868144989013672
2005-05-12,22.7277774810791,22.38888931274414,14.614298820495605
2005-05-13,22.44444465637207,22.158889770507812,14.4641695022583
2005-05-16,22.27777862548828,22.422222137451172,14.636061668395996
2005-05-17,22.26555633544922,22.427778244018555,14.639678955078125
2005-05-18,22.5,22.87444305419922,14.931241035461426
2005-05-19,22.935556411743164,22.957778930664062,14.985640525817871
2005-05-20,22.871110916137695,22.899999618530273,14.947929382324219
2005-05-23,22.811111450195312,22.975555419921875,14.997241973876953
2005-05-24,22.863332748413086,22.908889770507812,14.953729629516602
2005-05-25,22.863332748413086,22.744443893432617,14.846384048461914
2005-05-26,22.86111068725586,23.0,15.01319694519043
2005-05-27,23.100000381469727,23.155555725097656,15.114737510681152
2005-05-31,23.11111068725586,22.955556869506836,14.984185218811035
2005-06-01,22.88888931274414,23.226667404174805,15.161158561706543
2005-06-02,23.200000762939453,23.40333366394043,15.276471138000488
2005-06-03,23.40999984741211,23.282222747802734,15.197416305541992
2005-06-06,23.334444046020508,23.516666412353516,15.350448608398438
2005-06-07,23.468889236450195,23.399999618530273,15.274295806884766
2005-06-08,23.48444366455078,23.311111450195312,15.216272354125977
2005-06-09,23.299999237060547,23.433332443237305,15.296048164367676
2005-06-10,24.03333282470703,23.5,15.33957290649414
2005-06-13,23.53333282470703,23.593332290649414,15.400495529174805
2005-06-14,23.643333435058594,23.690000534057617,15.463595390319824
2005-06-15,23.690000534057617,23.866666793823242,15.578911781311035
2005-06-16,23.833332061767578,24.079999923706055,15.718169212341309
2005-06-17,24.133333206176758,24.3700008392334,15.90746784210205
2005-06-20,24.133333206176758,24.149999618530273,15.763860702514648
2005-06-21,24.100000381469727,24.03333282470703,15.687705039978027
2005-06-22,24.333332061767578,24.260000228881836,15.835659980773926
2005-06-23,24.266666412353516,23.833332061767578,15.557151794433594
2005-06-24,23.803333282470703,23.75,15.502763748168945
2005-06-27,23.77666664123535,23.899999618530273,15.600668907165527
2005-06-28,23.916667938232422,24.079999923706055,15.718169212341309
2005-06-29,24.133333206176758,23.940000534057617,15.626776695251465
2005-06-30,24.31333351135254,23.866666793823242,15.578911781311035
2005-07-01,24.079999923706055,23.953332901000977,15.635483741760254
2005-07-05,23.833332061767578,24.059999465942383,15.70511245727539
2005-07-06,23.809999465942383,23.94333267211914,15.62895679473877
2005-07-07,23.666667938232422,24.01333236694336,15.674650192260742
2005-07-08,24.03333282470703,24.26333236694336,15.837839126586914
2005-07-11,24.329999923706055,24.633333206176758,16.0793514251709
2005-07-12,24.733333587646484,24.926666259765625,16.270824432373047
2005-07-13,25.0,24.90999984741211,16.25994300842285
2005-07-14,25.333332061767578,25.053333282470703,16.35350799560547
2005-07-15,25.163333892822266,24.916667938232422,16.26429557800293
2005-07-18,24.916667938232422,24.84000015258789,16.214252471923828
2005-07-19,24.899999618530273,25.123332977294922,16.399202346801758
2005-07-20,25.083332061767578,25.126667022705078,16.40137481689453
2005-07-21,25.17333221435547,25.399999618530273,16.579788208007812
2005-07-22,25.399999618530273,25.34000015258789,16.54062843322754
2005-07-25,25.40999984741211,25.1200008392334,16.39702606201172
2005-07-26,25.18000030517578,25.26333236694336,16.490581512451172
2005-07-27,25.28333282470703,25.399999618530273,16.579788208007812
2005-07-28,25.5,25.71666717529297,16.786497116088867
2005-07-29,25.74333381652832,25.700000762939453,16.775617599487305
2005-08-01,25.899999618530273,26.1200008392334,17.049774169921875
2005-08-02,26.450000762939453,26.583332061767578,17.352210998535156
2005-08-03,26.600000381469727,26.516666412353516,17.308696746826172
2005-08-04,26.459999084472656,26.28333282470703,17.156381607055664
2005-08-05,26.280000686645508,25.799999237060547,16.84089469909668
2005-08-08,25.816667556762695,25.976667404174805,16.956209182739258
2005-08-09,26.03333282470703,26.5,17.297815322875977
2005-08-10,26.790000915527344,26.78333282470703,17.48276138305664
2005-08-11,26.850000381469727,26.633333206176758,17.38484764099121
2005-08-12,26.600000381469727,26.350000381469727,17.19990348815918
2005-08-15,26.5,26.53333282470703,17.319580078125
2005-08-16,26.52666664123535,26.073333740234375,17.019306182861328
2005-08-17,26.156667709350586,26.09000015258789,17.030189514160156
2005-08-18,25.75,25.610000610351562,16.716873168945312
2005-08-19,25.733333587646484,25.510000228881836,16.651592254638672
2005-08-22,25.916667938232422,25.82666778564453,16.858299255371094
2005-08-23,25.82666778564453,25.583332061767578,16.699460983276367
2005-08-24,25.613332748413086,25.25,16.481882095336914
2005-08-25,25.46666717529297,25.53333282470703,16.666828155517578
2005-08-26,25.636667251586914,25.5,16.64506721496582
2005-08-29,25.446666717529297,25.780000686645508,16.827842712402344
2005-08-30,25.76333236694336,25.510000228881836,16.651592254638672
2005-08-31,25.666667938232422,26.040000915527344,16.997549057006836
2005-09-01,26.166667938232422,26.399999618530273,17.23253631591797
2005-09-02,26.450000762939453,26.633333206176758,17.38484764099121
2005-09-06,26.833332061767578,26.96666717529297,17.602428436279297
2005-09-07,27.100000381469727,27.0,17.624183654785156
2005-09-08,26.703332901000977,26.956666946411133,17.595901489257812
2005-09-09,27.049999237060547,27.35333251953125,17.85482406616211
2005-09-12,27.666667938232422,27.31333351135254,17.828718185424805
2005-09-13,27.10333251953125,27.00666618347168,17.628538131713867
2005-09-14,27.133333206176758,26.90999984741211,17.565444946289062
2005-09-15,27.166667938232422,27.066667556762695,17.667713165283203
2005-09-16,27.23666763305664,27.483333587646484,17.939682006835938
2005-09-19,27.566667556762695,27.44333267211914,17.91357421875
2005-09-20,27.700000762939453,27.516666412353516,17.961441040039062
2005-09-21,27.790000915527344,27.77666664123535,18.13115692138672
2005-09-22,28.01333236694336,27.5,17.950565338134766
2005-09-23,27.399999618530273,27.476667404174805,17.935333251953125
2005-09-26,27.43666648864746,27.719999313354492,18.094165802001953
2005-09-27,27.75,27.536666870117188,17.974498748779297
2005-09-28,27.676666259765625,27.850000381469727,18.17902374267578
2005-09-29,28.0,28.34000015258789,18.498868942260742
2005-09-30,28.32666778564453,28.293333053588867,18.468412399291992
2005-10-03,28.416667938232422,28.47333335876465,18.585899353027344
2005-10-04,28.633333206176758,28.206666946411133,18.411840438842773
2005-10-05,28.0,27.350000381469727,17.85264778137207
2005-10-06,27.170000076293945,26.393333435058594,17.228187561035156
2005-10-07,26.666667938232422,27.046667098999023,17.65464973449707
2005-10-10,27.06999969482422,26.956666946411133,17.595901489257812
2005-10-11,27.333332061767578,27.073333740234375,17.67205810546875
2005-10-12,26.96666717529297,26.24333381652832,17.130277633666992
2005-10-13,25.96666717529297,26.079999923706055,17.02365493774414
2005-10-14,26.163333892822266,25.979999542236328,16.958383560180664
2005-10-17,26.016666412353516,26.266666412353516,17.145509719848633
2005-10-18,26.290000915527344,25.600000381469727,16.710344314575195
2005-10-19,25.083332061767578,26.100000381469727,17.036714553833008
2005-10-20,26.066667556762695,25.049999237060547,16.35133171081543
2005-10-21,25.416667938232422,25.71666717529297,16.786497116088867
2005-10-24,25.833332061767578,26.40999984741211,17.23906707763672
2005-10-25,26.333332061767578,25.889999389648438,16.899641036987305
2005-10-26,26.270000457763672,25.983333587646484,16.960567474365234
2005-10-27,26.03333282470703,25.366666793823242,16.55803680419922
2005-10-28,25.616666793823242,26.03333282470703,16.993202209472656
2005-10-31,26.149999618530273,26.5,17.297815322875977
2005-11-01,26.549999237060547,26.96666717529297,17.602428436279297
2005-11-02,27.0,27.383333206176758,17.874404907226562
2005-11-03,27.5,27.413333892822266,17.89398765563965
2005-11-04,27.49333381652832,27.356666564941406,17.85700035095215
2005-11-07,27.366666793823242,27.376667022705078,17.870059967041016
2005-11-08,26.98666763305664,27.1200008392334,17.7025203704834
2005-11-09,27.133333206176758,27.52666664123535,17.96796417236328
2005-11-10,27.5,27.56999969482422,17.996257781982422
2005-11-11,27.566667556762695,27.6299991607666,18.035417556762695
2005-11-14,27.530000686645508,27.55666732788086,17.987546920776367
2005-11-15,27.536666870117188,27.399999618530273,17.88528823852539
2005-11-16,27.48666763305664,27.633333206176758,18.03759765625
2005-11-17,27.833332061767578,28.040000915527344,18.303049087524414
2005-11-18,28.066667556762695,28.116666793823242,18.353090286254883
2005-11-21,28.136667251586914,28.133333206176758,18.363971710205078
2005-11-22,27.71666717529297,28.1200008392334,18.355270385742188
2005-11-23,28.200000762939453,28.416667938232422,18.548913955688477
2005-11-25,28.43000030517578,28.39666748046875,18.535858154296875
2005-11-28,28.459999084472656,28.21666717529297,18.418367385864258
2005-11-29,28.333332061767578,27.96666717529297,18.255178451538086
2005-11-30,28.020000457763672,28.03333282470703,18.298694610595703
2005-12-01,28.28333282470703,28.766666412353516,18.777379989624023
2005-12-02,28.81333351135254,28.733333587646484,18.7556209564209
2005-12-05,28.99333381652832,28.96666717529297,18.907928466796875
2005-12-06,29.149999618530273,29.233333587646484,19.08199691772461
2005-12-07,29.43000030517578,28.956666946411133,18.90140151977539
2005-12-08,28.799999237060547,28.739999771118164,18.759971618652344
2005-12-09,28.829999923706055,29.03333282470703,18.951444625854492
2005-12-12,29.07666778564453,29.200000762939453,19.06023597717285
2005-12-13,29.366666793823242,29.583332061767578,19.31045913696289
2005-12-14,29.600000381469727,29.386667251586914,19.182083129882812
2005-12-15,29.583332061767578,29.266666412353516,19.103748321533203
2005-12-16,29.166667938232422,29.166667938232422,19.03847885131836
2005-12-19,29.416667938232422,29.100000381469727,18.99496078491211
2005-12-20,29.333332061767578,29.350000381469727,19.15814208984375
2005-12-21,29.566667556762695,29.82666778564453,19.469287872314453
2005-12-22,29.780000686645508,29.833332061767578,19.4736385345459
2005-12-23,29.633333206176758,29.68000030517578,19.589813232421875
2005-12-27,29.53333282470703,29.350000381469727,19.371994018554688
2005-12-28,29.5,29.43000030517578,19.4247989654541
2005-12-29,29.643333435058594,29.433332443237305,19.427000045776367
2005-12-30,29.433332443237305,29.416667938232422,19.415998458862305
2006-01-03,30.059999465942383,30.516666412353516,20.142032623291016
2006-01-04,30.666667938232422,30.793333053588867,20.32464599609375
2006-01-05,30.639999389648438,30.950000762939453,20.42805290222168
2006-01-06,31.350000381469727,31.59666633605957,20.85486602783203
2006-01-09,31.833332061767578,31.906667709350586,21.05948257446289
2006-01-10,31.593332290649414,31.523332595825195,20.806468963623047
2006-01-11,31.600000381469727,31.893333435058594,21.050683975219727
2006-01-12,31.96666717529297,31.450000762939453,20.758068084716797
2006-01-13,31.53333282470703,31.483333587646484,20.780065536499023
2006-01-17,31.15999984741211,30.933332443237305,20.417049407958984
2006-01-18,30.416667938232422,30.916667938232422,20.406051635742188
2006-01-19,31.333332061767578,31.916667938232422,21.066085815429688
2006-01-20,31.959999084472656,30.96666717529297,20.439054489135742
2006-01-23,31.34000015258789,31.866666793823242,21.033090591430664
2006-01-24,31.803333282470703,32.366668701171875,21.363096237182617
2006-01-25,32.68000030517578,32.383331298828125,21.374095916748047
2006-01-26,32.573333740234375,33.150001525878906,21.880125045776367
2006-01-27,33.33333206176758,33.529998779296875,22.130935668945312
2006-01-30,33.233333587646484,33.37333297729492,22.02752685546875
2006-01-31,33.43333435058594,33.59333419799805,22.17273712158203
2006-02-01,33.633331298828125,33.57666778564453,22.1617374420166
2006-02-02,33.349998474121094,32.71333312988281,21.59191131591797
2006-02-03,32.16666793823242,32.266666412353516,21.29709243774414
2006-02-06,32.793331146240234,33.03333282470703,21.803123474121094
2006-02-07,32.66666793823242,32.16666793823242,21.23109245300293
2006-02-08,31.84000015258789,32.266666412353516,21.29709243774414
2006-02-09,32.5,32.349998474121094,21.352092742919922
2006-02-10,32.70000076293945,32.29999923706055,21.319093704223633
2006-02-13,32.03333282470703,31.503332138061523,20.793272018432617
2006-02-14,31.809999465942383,32.29999923706055,21.319093704223633
2006-02-15,32.233333587646484,32.133331298828125,21.209091186523438
2006-02-16,32.46333312988281,32.96666717529297,21.75912094116211
2006-02-17,32.970001220703125,32.92333221435547,21.730518341064453
2006-02-21,33.25,32.633331298828125,21.539106369018555
2006-02-22,32.9033317565918,32.810001373291016,21.655717849731445
2006-02-23,33.02333450317383,32.79999923706055,21.64911460876465
2006-02-24,32.883331298828125,32.86333465576172,21.6909122467041
2006-02-27,33.189998626708984,33.163333892822266,21.88892364501953
2006-02-28,33.05666732788086,32.29999923706055,21.319093704223633
2006-03-01,32.630001068115234,33.19333267211914,21.90872573852539
2006-03-02,33.086666107177734,33.220001220703125,21.926326751708984
2006-03-03,32.823333740234375,32.66666793823242,21.561105728149414
2006-03-06,32.93333435058594,32.16666793823242,21.23109245300293
2006-03-07,31.613332748413086,31.03333282470703,20.483051300048828
2006-03-08,31.030000686645508,31.21666717529297,20.604061126708984
2006-03-09,31.399999618530273,30.899999618530273,20.395044326782227
2006-03-10,31.483333587646484,31.549999237060547,20.824071884155273
2006-03-13,31.64666748046875,31.516666412353516,20.80207061767578
2006-03-14,31.440000534057617,32.5,21.451107025146484
2006-03-15,32.4033317565918,32.87666702270508,21.69971466064453
2006-03-16,32.86333465576172,32.58333206176758,21.506107330322266
2006-03-17,32.813331604003906,32.813331604003906,21.657917022705078
2006-03-20,32.956668853759766,33.0,21.781116485595703
2006-03-21,32.996665954589844,32.33333206176758,21.341096878051758
2006-03-22,32.063331604003906,32.689998626708984,21.576505661010742
2006-03-23,32.689998626708984,32.38666534423828,21.376298904418945
2006-03-24,32.31666564941406,32.66666793823242,21.561105728149414
2006-03-27,32.66666793823242,32.866668701171875,21.693113327026367
2006-03-28,32.56666564941406,32.266666412353516,21.29709243774414
2006-03-29,32.5099983215332,32.883331298828125,21.704116821289062
2006-03-30,32.91666793823242,33.04999923706055,21.81412124633789
2006-03-31,33.19333267211914,33.0,21.781116485595703
2006-04-03,33.426666259765625,33.93333435058594,22.397151947021484
2006-04-04,34.24333190917969,34.133331298828125,22.529150009155273
2006-04-05,34.1966667175293,34.483333587646484,22.760175704956055
2006-04-06,34.369998931884766,34.30666732788086,22.643558502197266
2006-04-07,34.41666793823242,33.78333282470703,22.298145294189453
2006-04-10,33.93333435058594,33.66666793823242,22.22114372253418
2006-04-11,34.08000183105469,33.380001068115234,22.03193473815918
2006-04-12,33.41999816894531,33.573333740234375,22.159543991088867
2006-04-13,33.849998474121094,33.733333587646484,22.265146255493164
2006-04-17,33.959999084472656,34.133331298828125,22.529150009155273
2006-04-18,34.59333419799805,35.266666412353516,23.277198791503906
2006-04-19,35.32666778564453,35.483333587646484,23.420202255249023
2006-04-20,35.663333892822266,35.356666564941406,23.33660316467285
2006-04-21,35.99333190917969,35.633331298828125,23.519208908081055
2006-04-24,35.4900016784668,35.16666793823242,23.211191177368164
2006-04-25,35.043331146240234,34.68333435058594,22.892175674438477
2006-04-26,35.01333236694336,35.366668701171875,23.343210220336914
2006-04-27,34.66666793823242,34.810001373291016,22.975778579711914
2006-04-28,34.883331298828125,35.150001525878906,23.2001953125
2006-05-01,35.313331604003906,35.13999938964844,23.193584442138672
2006-05-02,35.5,35.7599983215332,23.602807998657227
2006-05-03,35.96333312988281,35.79999923706055,23.62921905517578
2006-05-04,35.866668701171875,36.150001525878906,23.860231399536133
2006-05-05,36.4033317565918,36.733333587646484,24.245250701904297
2006-05-08,36.7400016784668,37.0,24.421255111694336
2006-05-09,36.900001525878906,37.03333282470703,24.443252563476562
2006-05-10,37.0533332824707,36.633331298828125,24.179244995117188
2006-05-11,36.72999954223633,35.70000076293945,23.56321144104004
2006-05-12,35.599998474121094,34.766666412353516,22.947179794311523
2006-05-15,34.33333206176758,33.93333435058594,22.397151947021484
2006-05-16,33.93333435058594,34.10333251953125,22.509353637695312
2006-05-17,33.516666412353516,32.93333435058594,21.737117767333984
2006-05-18,33.13999938964844,32.29999923706055,21.319093704223633
2006-05-19,32.753334045410156,32.996665954589844,21.778921127319336
2006-05-22,31.666667938232422,31.44333267211914,20.753665924072266
2006-05-23,32.0966682434082,31.100000381469727,20.527053833007812
2006-05-24,31.39666748046875,30.883333206176758,20.38404655456543
2006-05-25,31.30666732788086,32.1966667175293,21.250892639160156
2006-05-26,32.41666793823242,32.099998474121094,21.187088012695312
2006-05-30,31.950000762939453,30.71666717529297,20.274044036865234
2006-05-31,31.0,31.233333587646484,20.61505889892578
2006-06-01,31.309999465942383,31.873332977294922,21.037479400634766
2006-06-02,32.33333206176758,32.20000076293945,21.253093719482422
2006-06-05,31.876667022705078,30.833332061767578,20.351045608520508
2006-06-06,31.03333282470703,30.606666564941406,20.201438903808594
2006-06-07,30.35333251953125,29.933332443237305,19.757017135620117
2006-06-08,29.18666648864746,29.399999618530273,19.40499496459961
2006-06-09,29.690000534057617,29.016666412353516,19.1519832611084
2006-06-12,29.016666412353516,27.93666648864746,18.43914794921875
2006-06-13,27.366666793823242,27.316667556762695,18.029930114746094
2006-06-14,27.719999313354492,28.100000381469727,18.546953201293945
2006-06-15,28.68666648864746,29.73666763305664,19.62721061706543
2006-06-16,29.479999542236328,29.566667556762695,19.51500129699707
2006-06-19,29.616666793823242,28.46666717529297,18.788965225219727
2006-06-20,28.733333587646484,28.816667556762695,19.019981384277344
2006-06-21,28.780000686645508,29.75,19.636011123657227
2006-06-22,29.583332061767578,29.21666717529297,19.28399085998535
2006-06-23,29.209999084472656,29.166667938232422,19.250991821289062
2006-06-26,29.10333251953125,29.166667938232422,19.250991821289062
2006-06-27,29.333332061767578,28.616666793823242,18.887971878051758
2006-06-28,29.233333587646484,29.51333236694336,19.47980308532715
2006-06-29,29.84666633605957,31.266666412353516,20.63706398010254
2006-06-30,31.393333435058594,31.299999237060547,20.659061431884766
2006-07-03,31.866666793823242,31.99333381652832,21.116682052612305
2006-07-05,31.59000015258789,31.0,20.4610538482666
2006-07-06,31.24333381652832,31.633333206176758,20.87907600402832
2006-07-07,31.383333206176758,31.03333282470703,20.483051300048828
2006-07-10,31.203332901000977,31.28333282470703,20.648061752319336
2006-07-11,31.03333282470703,31.433332443237305,20.74706268310547
2006-07-12,31.166667938232422,30.733333587646484,20.28504753112793
2006-07-13,30.139999389648438,29.516666412353516,19.48200225830078
2006-07-14,29.703332901000977,29.666667938232422,19.581008911132812
2006-07-17,29.60333251953125,29.200000762939453,19.272993087768555
2006-07-18,29.566667556762695,29.606666564941406,19.541410446166992
2006-07-19,29.82666778564453,31.433332443237305,20.74706268310547
2006-07-20,31.399999618530273,30.530000686645508,20.150835037231445
2006-07-21,30.616666793823242,29.93666648864746,19.75921630859375
2006-07-24,30.666667938232422,31.28333282470703,20.648061752319336
2006-07-25,31.040000915527344,31.366666793823242,20.703060150146484
2006-07-26,31.133333206176758,31.233333587646484,20.61505889892578
2006-07-27,31.573333740234375,31.663333892822266,20.89887809753418
2006-07-28,31.799999237060547,32.34333419799805,21.347702026367188
2006-07-31,31.959999084472656,32.03333282470703,21.143083572387695
2006-08-01,31.916667938232422,31.516666412353516,20.80207061767578
2006-08-02,31.860000610351562,31.933332443237305,21.077077865600586
2006-08-03,31.696666717529297,31.899999618530273,21.055082321166992
2006-08-04,32.35333251953125,31.96666717529297,21.099082946777344
2006-08-07,31.92333221435547,31.766666412353516,20.967077255249023
2006-08-08,31.96666717529297,31.766666412353516,20.967077255249023
2006-08-09,32.46333312988281,31.886667251586914,21.04627799987793
2006-08-10,31.803333282470703,32.21333312988281,21.261892318725586
2006-08-11,32.029998779296875,31.823333740234375,21.00448226928711
2006-08-14,32.16666793823242,31.950000762939453,21.088085174560547
2006-08-15,32.43333435058594,32.733333587646484,21.60511016845703
2006-08-16,32.9900016784668,33.0533332824707,21.816316604614258
2006-08-17,32.93333435058594,33.099998474121094,21.847124099731445
2006-08-18,33.03333282470703,32.78666687011719,21.640310287475586
2006-08-21,32.503334045410156,32.616668701171875,21.528100967407227
2006-08-22,32.599998474121094,32.606666564941406,21.521503448486328
2006-08-23,32.599998474121094,32.016666412353516,21.132083892822266
2006-08-24,32.209999084472656,31.93000030517578,21.074888229370117
2006-08-25,31.933332443237305,32.02000045776367,21.13429069519043
2006-08-28,32.003334045410156,32.383331298828125,21.374095916748047
2006-08-29,32.436668395996094,32.49333190917969,21.44670295715332
2006-08-30,32.470001220703125,32.633331298828125,21.539106369018555
2006-08-31,32.6533317565918,32.540000915527344,21.477506637573242
2006-09-01,32.599998474121094,32.9033317565918,21.717317581176758
2006-09-05,33.086666107177734,33.08333206176758,21.83612060546875
2006-09-06,32.86333465576172,32.133331298828125,21.209091186523438
2006-09-07,32.0,31.766666412353516,20.967077255249023
2006-09-08,31.950000762939453,32.026668548583984,21.138683319091797
2006-09-11,31.6200008392334,31.336666107177734,20.68326187133789
2006-09-12,31.543333053588867,31.873332977294922,21.037479400634766
2006-09-13,31.799999237060547,32.349998474121094,21.352092742919922
2006-09-14,32.29999923706055,32.08333206176758,21.17608642578125
2006-09-15,32.33333206176758,32.27333450317383,21.301494598388672
2006-09-18,32.41666793823242,32.63666534423828,21.541301727294922
2006-09-19,32.63999938964844,32.133331298828125,21.209091186523438
2006-09-20,32.31666564941406,32.793331146240234,21.644712448120117
2006-09-21,32.68333435058594,31.99333381652832,21.116682052612305
2006-09-22,31.75,31.586666107177734,20.848262786865234
2006-09-25,31.739999771118164,31.953332901000977,21.09028434753418
2006-09-26,31.85333251953125,32.33000183105469,21.338897705078125
2006-09-27,32.336666107177734,32.25666809082031,21.290498733520508
2006-09-28,32.380001068115234,32.516666412353516,21.46210479736328
2006-09-29,32.383331298828125,32.25666809082031,21.290498733520508
2006-10-02,32.116668701171875,32.20333480834961,21.255290985107422
2006-10-03,32.02000045776367,31.766666412353516,20.967077255249023
2006-10-04,31.633333206176758,32.616668701171875,21.528100967407227
2006-10-05,32.619998931884766,33.04999923706055,21.81412124633789
2006-10-06,32.913333892822266,32.96666717529297,21.75912094116211
2006-10-09,32.66999816894531,32.84333419799805,21.677717208862305
2006-10-10,32.83333206176758,33.13999938964844,21.87352752685547
2006-10-11,32.93333435058594,32.96333312988281,21.756916046142578
2006-10-12,33.043331146240234,33.766666412353516,22.28714942932129
2006-10-13,33.79999923706055,33.96666717529297,22.419153213500977
2006-10-16,34.016666412353516,34.060001373291016,22.480754852294922
2006-10-17,33.766666412353516,33.61333465576172,22.18594741821289
2006-10-18,34.0,33.94333267211914,22.40375518798828
2006-10-19,33.93333435058594,34.09333419799805,22.502758026123047
2006-10-20,34.20333480834961,33.93333435058594,22.397151947021484
2006-10-23,33.883331298828125,33.9033317565918,22.377349853515625
2006-10-24,33.9466667175293,34.0966682434082,22.504955291748047
2006-10-25,34.18333435058594,34.49333190917969,22.766769409179688
2006-10-26,34.66666793823242,34.57666778564453,22.821775436401367
2006-10-27,34.323333740234375,34.0,22.44115447998047
2006-10-30,33.883331298828125,33.883331298828125,22.364147186279297
2006-10-31,34.15999984741211,34.53333282470703,22.793169021606445
2006-11-01,34.630001068115234,34.186668395996094,22.564359664916992
2006-11-02,34.186668395996094,34.293331146240234,22.634765625
2006-11-03,34.47999954223633,34.400001525878906,22.705167770385742
2006-11-06,34.67333221435547,35.21666717529297,23.24419403076172
2006-11-07,35.25,35.06666564941406,23.14518928527832
2006-11-08,34.836666107177734,35.15666580200195,23.204586029052734
2006-11-09,35.383331298828125,35.276668548583984,23.28379249572754
2006-11-10,35.40999984741211,35.32666778564453,23.31679916381836
2006-11-13,35.26333236694336,35.4466667175293,23.395999908447266
2006-11-14,35.663333892822266,36.0,23.76122283935547
2006-11-15,35.96666717529297,36.06666564941406,23.805225372314453
2006-11-16,36.150001525878906,35.70333480834961,23.565412521362305
2006-11-17,35.560001373291016,35.663333892822266,23.53900718688965
2006-11-20,35.45000076293945,35.52333450317383,23.446603775024414
2006-11-21,35.66666793823242,36.09000015258789,23.820627212524414
2006-11-22,36.20000076293945,36.34333419799805,23.987838745117188
2006-11-24,36.130001068115234,36.336666107177734,23.983436584472656
2006-11-27,36.619998931884766,35.650001525878906,23.530208587646484
2006-11-28,35.650001525878906,35.856666564941406,23.666614532470703
2006-11-29,36.0966682434082,36.436668395996094,24.0494384765625
2006-11-30,36.560001373291016,36.599998474121094,24.15723419189453
2006-12-01,36.753334045410156,36.45000076293945,24.0582332611084
2006-12-04,36.66666793823242,37.209999084472656,24.55985450744629
2006-12-05,37.3466682434082,37.86000061035156,24.988882064819336
2006-12-06,37.50666809082031,37.599998474121094,24.817262649536133
2006-12-07,37.599998474121094,37.46666717529297,24.729270935058594
2006-12-08,37.366668701171875,37.29999923706055,24.6192684173584
2006-12-11,37.366668701171875,37.31666564941406,24.630268096923828
2006-12-12,37.08333206176758,36.866668701171875,24.333255767822266
2006-12-13,36.96333312988281,37.06666564941406,24.465253829956055
2006-12-14,37.27333450317383,37.70000076293945,24.883281707763672
2006-12-15,37.97999954223633,37.866668701171875,24.993282318115234
2006-12-18,37.900001525878906,37.60333251953125,24.819473266601562
2006-12-19,37.20000076293945,37.366668701171875,24.663267135620117
2006-12-20,37.22999954223633,37.25,24.936176300048828
2006-12-21,37.25,37.18333435058594,24.89154052734375
2006-12-22,37.33333206176758,37.31666564941406,24.980798721313477
2006-12-26,37.29999923706055,37.663333892822266,25.212871551513672
2006-12-27,37.93000030517578,38.20000076293945,25.572132110595703
2006-12-28,38.21666717529297,38.12666702270508,25.523046493530273
2006-12-29,38.150001525878906,38.05666732788086,25.476181030273438
2007-01-03,38.66666793823242,38.380001068115234,25.6926212310791
2007-01-04,38.08333206176758,37.849998474121094,25.33782386779785
2007-01-05,37.46666717529297,36.74333190917969,24.59699058532715
2007-01-08,36.959999084472656,37.0099983215332,24.775508880615234
2007-01-09,36.733333587646484,36.18333435058594,24.222110748291016
2007-01-10,35.8033332824707,36.099998474121094,24.16632652282715
2007-01-11,36.313331604003906,36.55666732788086,24.472026824951172
2007-01-12,36.823333740234375,37.29999923706055,24.969640731811523
2007-01-16,37.45000076293945,37.43333435058594,25.05889892578125
2007-01-17,37.33333206176758,37.276668548583984,24.954029083251953
2007-01-18,37.599998474121094,36.883331298828125,24.690711975097656
2007-01-19,37.016666412353516,37.54666519165039,25.134761810302734
2007-01-22,37.599998474121094,37.503334045410156,25.10576057434082
2007-01-23,37.5,38.356666564941406,25.677000045776367
2007-01-24,38.33000183105469,38.689998626708984,25.9001407623291
2007-01-25,38.44333267211914,37.5,25.10352897644043
2007-01-26,37.66666793823242,37.72999954223633,25.257497787475586
2007-01-29,37.540000915527344,37.22999954223633,24.92278480529785
2007-01-30,37.35333251953125,37.80666732788086,25.308818817138672
2007-01-31,37.46333312988281,38.099998474121094,25.50518798828125
2007-02-01,38.266666412353516,38.56666564941406,25.817577362060547
2007-02-02,38.58333206176758,38.45000076293945,25.73948860168457
2007-02-05,38.336666107177734,38.48666763305664,25.764020919799805
2007-02-06,38.77000045776367,38.866668701171875,26.018415451049805
2007-02-07,38.959999084472656,38.71666717529297,25.917993545532227
2007-02-08,38.50666809082031,38.5099983215332,25.77964973449707
2007-02-09,38.66666793823242,38.04999923706055,25.471710205078125
2007-02-12,38.116668701171875,37.790000915527344,25.29766273498535
2007-02-13,37.983333587646484,38.38999938964844,25.69931983947754
2007-02-14,38.43333435058594,39.21666717529297,26.25270652770996
2007-02-15,39.25,39.2400016784668,26.268321990966797
2007-02-16,39.086666107177734,39.33000183105469,26.328580856323242
2007-02-20,39.03333282470703,39.43333435058594,26.39775276184082
2007-02-21,39.19333267211914,39.54999923706055,26.475858688354492
2007-02-22,39.72666549682617,39.45000076293945,26.408910751342773
2007-02-23,39.413333892822266,39.16666793823242,26.219236373901367
2007-02-26,39.3466682434082,39.150001525878906,26.208080291748047
2007-02-27,37.66666793823242,35.96666717529297,24.077075958251953
2007-02-28,36.5,36.866668701171875,24.679561614990234
2007-03-01,35.689998626708984,36.336666107177734,24.32476234436035
2007-03-02,36.016666412353516,36.0,24.099388122558594
2007-03-05,35.18333435058594,35.07666778564453,23.481281280517578
2007-03-06,35.67333221435547,36.616668701171875,24.51220703125
2007-03-07,36.349998474121094,36.393333435058594,24.362699508666992
2007-03-08,37.03333282470703,37.33333206176758,24.99195671081543
2007-03-09,37.5966682434082,37.400001525878906,25.03658676147461
2007-03-12,37.43333435058594,37.58333206176758,25.159313201904297
2007-03-13,37.246665954589844,36.4900016784668,24.427406311035156
2007-03-14,36.45000076293945,36.790000915527344,24.628231048583984
2007-03-15,36.53333282470703,37.09000015258789,24.829065322875977
2007-03-16,37.18000030517578,36.77333450317383,24.617076873779297
2007-03-19,37.266666412353516,37.58000183105469,25.157089233398438
2007-03-20,37.52000045776367,37.82666778564453,25.32221031188965
2007-03-21,37.956668853759766,38.959999084472656,26.080894470214844
2007-03-22,39.043331146240234,38.793331146240234,25.969318389892578
2007-03-23,38.91999816894531,38.973331451416016,26.089813232421875
2007-03-26,38.91999816894531,38.95000076293945,26.07419776916504
2007-03-27,38.95000076293945,38.776668548583984,25.958166122436523
2007-03-28,38.30666732788086,38.08333206176758,25.49402618408203
2007-03-29,38.66666793823242,38.84000015258789,26.00056266784668
2007-03-30,38.900001525878906,38.83333206176758,25.99609375
2007-04-02,38.95000076293945,39.099998474121094,26.174610137939453
2007-04-03,39.5,39.7400016784668,26.603050231933594
2007-04-04,39.880001068115234,39.9900016784668,26.77040672302246
2007-04-05,39.93333435058594,40.026668548583984,26.79494857788086
2007-04-09,40.279998779296875,40.25666809082031,26.948917388916016
2007-04-10,40.28333282470703,40.4466667175293,27.076107025146484
2007-04-11,40.61333465576172,40.073333740234375,26.826181411743164
2007-04-12,40.133331298828125,40.74333190917969,27.274702072143555
2007-04-13,40.83333206176758,40.94333267211914,27.408592224121094
2007-04-16,41.18333435058594,41.43000030517578,27.734363555908203
2007-04-17,41.38666534423828,41.206668853759766,27.584875106811523
2007-04-18,40.83333206176758,40.900001525878906,27.37958335876465
2007-04-19,40.23666763305664,40.56999969482422,27.15867042541504
2007-04-20,41.130001068115234,41.0533332824707,27.482227325439453
2007-04-23,41.03666687011719,40.88999938964844,27.372892379760742
2007-04-24,40.883331298828125,40.883331298828125,27.36842155456543
2007-04-25,41.1533317565918,41.38999938964844,27.707597732543945
2007-04-26,41.336666107177734,41.279998779296875,27.633970260620117
2007-04-27,40.88666534423828,41.073333740234375,27.4956111907959
2007-04-30,40.813331604003906,40.279998779296875,26.964534759521484
2007-05-01,40.413333892822266,40.439998626708984,27.07164192199707
2007-05-02,40.630001068115234,41.24333190917969,27.609426498413086
2007-05-03,41.380001068115234,41.59000015258789,27.84149169921875
2007-05-04,41.70333480834961,41.57666778564453,27.832557678222656
2007-05-07,41.70000076293945,41.8466682434082,28.0133113861084
2007-05-08,41.63999938964844,41.3033332824707,27.649581909179688
2007-05-09,41.400001525878906,41.970001220703125,28.095874786376953
2007-05-10,41.746665954589844,40.94333267211914,27.408592224121094
2007-05-11,41.16666793823242,41.983333587646484,28.10479736328125
2007-05-14,41.9033317565918,41.56666564941406,27.82585334777832
2007-05-15,41.57666778564453,41.616668701171875,27.859338760375977
2007-05-16,41.86000061035156,42.220001220703125,28.263235092163086
2007-05-17,42.003334045410156,42.06666564941406,28.16057777404785
2007-05-18,42.176666259765625,42.28333282470703,28.305620193481445
2007-05-21,42.246665954589844,42.36000061035156,28.356950759887695
2007-05-22,42.44333267211914,42.366668701171875,28.361412048339844
2007-05-23,42.66666793823242,42.29999923706055,28.31678581237793
2007-05-24,42.233333587646484,41.28333282470703,27.63619613647461
2007-05-25,41.73666763305664,41.91666793823242,28.060169219970703
2007-05-29,42.08333206176758,41.77333450317383,27.96422576904297
2007-05-30,41.0,42.20000076293945,28.24984359741211
2007-05-31,42.22999954223633,42.31999969482422,28.330171585083008
2007-06-01,42.58333206176758,43.37666702270508,29.03753662109375
2007-06-04,43.003334045410156,43.18333435058594,28.90810775756836
2007-06-05,43.01333236694336,43.03333282470703,28.80769157409668
2007-06-06,42.733333587646484,41.95000076293945,28.08248519897461
2007-06-07,41.996665954589844,41.3033332824707,27.649581909179688
2007-06-08,41.41666793823242,42.03333282470703,28.138269424438477
2007-06-11,42.063331604003906,42.393333435058594,28.3792724609375
2007-06-12,41.92333221435547,41.65666580200195,27.886112213134766
2007-06-13,41.959999084472656,42.4900016784668,28.4439697265625
2007-06-14,42.65666580200195,43.15666580200195,28.890256881713867
2007-06-15,43.66666793823242,44.13999938964844,29.54852867126465
2007-06-18,44.220001220703125,44.18000030517578,29.575305938720703
2007-06-19,43.90999984741211,44.22999954223633,29.608766555786133
2007-06-20,44.563331604003906,43.85333251953125,29.356616973876953
2007-06-21,43.91666793823242,44.400001525878906,29.72258186340332
2007-06-22,44.06666564941406,43.813331604003906,29.329843521118164
2007-06-25,43.78333282470703,43.47999954223633,29.10670280456543
2007-06-26,43.64666748046875,43.099998474121094,28.852317810058594
2007-06-27,42.96666717529297,43.71333312988281,29.262901306152344
2007-06-28,43.43333435058594,43.723331451416016,29.269601821899414
2007-06-29,43.90666580200195,43.87666702270508,29.37224769592285
2007-07-02,44.0,44.766666412353516,29.968040466308594
2007-07-03,44.83333206176758,45.12333297729492,30.206804275512695
2007-07-05,44.869998931884766,45.323333740234375,30.34069061279297
2007-07-06,45.57666778564453,46.099998474121094,30.86060333251953
2007-07-09,46.426666259765625,46.54666519165039,31.159618377685547
2007-07-10,46.04666519165039,45.630001068115234,30.545970916748047
2007-07-11,45.87333297729492,46.00666809082031,30.798131942749023
2007-07-12,46.3033332824707,47.016666412353516,31.474258422851562
2007-07-13,47.32666778564453,47.599998474121094,31.864748001098633
2007-07-16,47.22999954223633,47.133331298828125,31.552345275878906
2007-07-17,47.22999954223633,47.0966682434082,31.527793884277344
2007-07-18,46.503334045410156,46.52000045776367,31.14177703857422
2007-07-19,46.836666107177734,46.983333587646484,31.451932907104492
2007-07-20,47.21666717529297,46.65999984741211,31.235475540161133
2007-07-23,47.619998931884766,48.0099983215332,32.13920974731445
2007-07-24,47.66666793823242,46.366668701171875,31.039113998413086
2007-07-25,47.06999969482422,46.633331298828125,31.217632293701172
2007-07-26,45.676666259765625,44.25666809082031,29.626619338989258
2007-07-27,44.503334045410156,43.68333435058594,29.242816925048828
2007-07-30,44.16666793823242,45.11333465576172,30.200109481811523
2007-07-31,45.723331451416016,44.189998626708984,29.581995010375977
2007-08-01,43.63999938964844,44.016666412353516,29.46596336364746
2007-08-02,44.06666564941406,44.503334045410156,29.79176139831543
2007-08-03,44.46666717529297,42.58333206176758,28.50644874572754
2007-08-06,43.06999969482422,43.34333419799805,29.015222549438477
2007-08-07,43.16999816894531,43.66666793823242,29.231666564941406
2007-08-08,44.54666519165039,45.133331298828125,30.213483810424805
2007-08-09,43.753334045410156,43.266666412353516,28.96390151977539
2007-08-10,42.356666564941406,42.516666412353516,28.461828231811523
2007-08-13,43.516666412353516,42.936668395996094,28.74298095703125
2007-08-14,43.163333892822266,41.82666778564453,27.999921798706055
2007-08-15,41.369998931884766,40.18333435058594,26.899826049804688
2007-08-16,39.383331298828125,39.5,26.4423770904541
2007-08-17,41.0,40.75,27.279170989990234
2007-08-20,41.20333480834961,40.83333206176758,27.334949493408203
2007-08-21,40.62666702270508,40.68333435058594,27.234542846679688
2007-08-22,41.366668701171875,42.43333435058594,28.40603256225586
2007-08-23,42.83000183105469,42.650001525878906,28.551076889038086
2007-08-24,42.663333892822266,43.66666793823242,29.231666564941406
2007-08-27,43.62333297729492,43.866668701171875,29.365549087524414
2007-08-28,43.3466682434082,42.08333206176758,28.171733856201172
2007-08-29,42.86333465576172,43.75,29.287450790405273
2007-08-30,43.266666412353516,43.526668548583984,29.137941360473633
2007-08-31,44.66666793823242,44.650001525878906,29.889936447143555
2007-09-04,44.21666717529297,45.4033317565918,30.39423942565918
2007-09-05,45.02000045776367,44.71666717529297,29.93457794189453
2007-09-06,44.970001220703125,45.06666564941406,30.16885757446289
2007-09-07,44.24333190917969,44.04999923706055,29.488279342651367
2007-09-10,44.66666793823242,44.08333206176758,29.510591506958008
2007-09-11,44.60333251953125,44.973331451416016,30.106386184692383
2007-09-12,44.74333190917969,45.133331298828125,30.213483810424805
2007-09-13,45.436668395996094,45.633331298828125,30.548200607299805
2007-09-14,45.41666793823242,45.723331451416016,30.608455657958984
2007-09-17,45.37333297729492,45.43333435058594,30.4143123626709
2007-09-18,45.56666564941406,47.633331298828125,31.887056350708008
2007-09-19,47.766666412353516,47.849998474121094,32.0320930480957
2007-09-20,47.970001220703125,47.70000076293945,31.93168067932129
2007-09-21,48.25666809082031,48.33333206176758,32.35565185546875
2007-09-24,49.33333206176758,48.93333435058594,32.75731658935547
2007-09-25,48.53333282470703,48.75,32.634586334228516
2007-09-26,49.400001525878906,49.400001525878906,33.0697135925293
2007-09-27,50.163333892822266,50.133331298828125,33.56062698364258
2007-09-28,50.25,49.81666564941406,33.3486442565918
2007-10-01,50.290000915527344,51.383331298828125,34.39740753173828
2007-10-02,51.869998931884766,51.733333587646484,34.63170623779297
2007-10-03,51.58000183105469,50.16666793823242,33.582942962646484
2007-10-04,50.366668701171875,50.66666793823242,33.917659759521484
2007-10-05,51.21666717529297,52.356666564941406,35.048988342285156
2007-10-08,51.663333892822266,51.79999923706055,34.67633819580078
2007-10-09,52.18000030517578,52.606666564941406,35.21633529663086
2007-10-10,52.44333267211914,52.676666259765625,35.26321029663086
2007-10-11,53.34000015258789,52.21333312988281,34.95304489135742
2007-10-12,52.456668853759766,53.16666793823242,35.591224670410156
2007-10-15,53.25666809082031,52.516666412353516,35.15610122680664
2007-10-16,52.163333892822266,51.543331146240234,34.504512786865234
2007-10-17,52.733333587646484,52.733333587646484,35.301143646240234
2007-10-18,51.83333206176758,53.0,35.47966003417969
2007-10-19,52.53666687011719,50.733333587646484,33.9622917175293
2007-10-22,50.233333587646484,51.099998474121094,34.20773696899414
2007-10-23,51.753334045410156,52.516666412353516,35.15610122680664
2007-10-24,52.03666687011719,52.17333221435547,34.9262580871582
2007-10-25,52.86333465576172,52.836666107177734,35.37031173706055
2007-10-26,54.016666412353516,54.33333206176758,36.372222900390625
2007-10-29,55.233333587646484,55.58333206176758,37.209007263183594
2007-10-30,54.766666412353516,54.53333282470703,36.50609588623047
2007-10-31,55.003334045410156,55.72999954223633,37.307186126708984
2007-11-01,54.186668395996094,53.47999954223633,35.80097579956055
2007-11-02,53.83333206176758,53.78333282470703,36.0040397644043
2007-11-05,52.366668701171875,51.913333892822266,34.7522087097168
2007-11-06,53.426666259765625,53.883331298828125,36.070980072021484
2007-11-07,53.09333419799805,52.16666793823242,34.92180252075195
2007-11-08,52.40666580200195,52.43333435058594,35.10030746459961
2007-11-09,51.48666763305664,51.20000076293945,34.27468490600586
2007-11-12,50.483333587646484,48.366668701171875,32.37797164916992
2007-11-13,50.29999923706055,51.78333282470703,34.665184020996094
2007-11-14,52.77000045776367,51.83333206176758,34.69865417480469
2007-11-15,51.2400016784668,50.63999938964844,33.89981460571289
2007-11-16,50.813331604003906,51.266666412353516,34.31930923461914
2007-11-19,50.3033332824707,48.9033317565918,32.73724365234375
2007-11-20,49.496665954589844,50.246665954589844,33.6364860534668
2007-11-21,48.56999969482422,47.71666717529297,31.94285011291504
2007-11-23,48.58333206176758,49.12666702270508,32.8867301940918
2007-11-26,49.34000015258789,47.176666259765625,31.58135414123535
2007-11-27,47.91666793823242,48.983333587646484,32.79078674316406
2007-11-28,49.52333450317383,51.66666793823242,34.587093353271484
2007-11-29,51.04999923706055,51.03333282470703,34.16311264038086
2007-11-30,52.426666259765625,51.46666717529297,34.45319747924805
2007-12-03,51.369998931884766,51.02000045776367,34.1541862487793
2007-12-04,50.8033332824707,50.88666534423828,34.064937591552734
2007-12-05,52.099998474121094,53.14666748046875,35.577823638916016
2007-12-06,52.866668701171875,53.983333587646484,36.13792419433594
2007-12-07,53.733333587646484,53.34333419799805,35.7094841003418
2007-12-10,53.33333206176758,53.36000061035156,35.72063446044922
2007-12-11,53.59333419799805,51.099998474121094,34.20773696899414
2007-12-12,53.43333435058594,52.633331298828125,35.23419189453125
2007-12-13,51.16666793823242,51.186668395996094,34.26576232910156
2007-12-14,50.133331298828125,49.96666717529297,33.449039459228516
2007-12-17,49.119998931884766,47.836666107177734,32.023170471191406
2007-12-18,49.349998474121094,49.150001525878906,32.90235900878906
2007-12-19,49.32666778564453,49.470001220703125,33.116580963134766
2007-12-20,49.706668853759766,49.7400016784668,33.29732131958008
2007-12-21,50.46666717529297,51.2400016784668,34.30147171020508
2007-12-24,50.689998626708984,51.4466667175293,34.881614685058594
2007-12-26,51.04999923706055,51.71333312988281,35.06242752075195
2007-12-27,51.246665954589844,50.52000045776367,34.253318786621094
2007-12-28,51.03666687011719,50.709999084472656,34.382144927978516
2007-12-31,50.849998474121094,50.099998474121094,33.96855163574219
2008-01-02,50.439998626708984,49.27333450317383,33.4080696105957
2008-01-03,49.866668701171875,49.71666717529297,33.70865249633789
2008-01-04,49.2599983215332,48.223331451416016,32.69614791870117
2008-01-07,48.62333297729492,48.57666778564453,32.93571853637695
2008-01-08,49.13999938964844,48.20000076293945,32.68031311035156
2008-01-09,48.9033317565918,49.779998779296875,33.751590728759766
2008-01-10,48.973331451416016,50.366668701171875,34.149356842041016
2008-01-11,49.29999923706055,48.95000076293945,33.1888427734375
2008-01-14,49.68000030517578,49.66999816894531,33.67700958251953
2008-01-15,48.70000076293945,47.42333221435547,32.15373992919922
2008-01-16,46.71666717529297,45.45000076293945,30.8157901763916
2008-01-17,46.16666793823242,44.12666702270508,29.91855239868164
2008-01-18,45.48666763305664,45.133331298828125,30.601072311401367
2008-01-22,42.310001373291016,44.0,29.83265495300293
2008-01-23,42.040000915527344,44.279998779296875,30.02250099182129
2008-01-24,44.20000076293945,45.13999938964844,30.605600357055664
2008-01-25,45.99333190917969,44.45333480834961,30.14003562927246
2008-01-28,44.366668701171875,45.5533332824707,30.885848999023438
2008-01-29,45.439998626708984,45.33000183105469,30.734418869018555
2008-01-30,44.650001525878906,44.733333587646484,30.32987403869629
2008-01-31,43.880001068115234,45.630001068115234,30.93782615661621
2008-02-01,45.866668701171875,46.540000915527344,31.554819107055664
2008-02-04,46.880001068115234,46.68333435058594,31.652002334594727
2008-02-05,45.650001525878906,44.16999816894531,29.947925567626953
2008-02-06,44.5,43.4466667175293,29.457494735717773
2008-02-07,43.29999923706055,44.18333435058594,29.956960678100586
2008-02-08,43.633331298828125,44.099998474121094,29.900466918945312
2008-02-11,43.939998626708984,44.64666748046875,30.27112579345703
2008-02-12,45.086666107177734,45.366668701171875,30.7592830657959
2008-02-13,45.849998474121094,46.38666534423828,31.450851440429688
2008-02-14,46.8033332824707,45.790000915527344,31.04631996154785
2008-02-15,45.936668395996094,46.116668701171875,31.267791748046875
2008-02-19,47.32666778564453,46.720001220703125,31.676870346069336
2008-02-20,45.983333587646484,47.11000061035156,31.9412841796875
2008-02-21,47.41666793823242,46.45000076293945,31.49379539489746
2008-02-22,46.92333221435547,47.073333740234375,31.916431427001953
2008-02-25,46.983333587646484,47.95000076293945,32.510833740234375
2008-02-26,47.59333419799805,48.58333206176758,32.94023513793945
2008-02-27,48.21666717529297,48.99333190917969,33.21823501586914
2008-02-28,48.48666763305664,48.46666717529297,32.86112594604492
2008-02-29,47.93333435058594,46.540000915527344,31.554819107055664
2008-03-03,46.543331146240234,46.793331146240234,31.726572036743164
2008-03-04,46.0099983215332,45.706668853759766,30.989809036254883
2008-03-05,46.2400016784668,46.66666793823242,31.640697479248047
2008-03-06,46.400001525878906,45.06666564941406,30.55586814880371
2008-03-07,44.64666748046875,44.44333267211914,30.133249282836914
2008-03-10,44.7599983215332,43.663333892822266,29.60439109802246
2008-03-11,45.52000045776367,46.599998474121094,31.595504760742188
2008-03-12,46.099998474121094,45.73666763305664,31.010154724121094
2008-03-13,44.436668395996094,45.31999969482422,30.727638244628906
2008-03-14,45.3033332824707,43.71333312988281,29.638294219970703
2008-03-17,42.086666107177734,42.633331298828125,28.90604019165039
2008-03-18,43.516666412353516,44.849998474121094,30.408960342407227
2008-03-19,44.349998474121094,42.15666580200195,28.582849502563477
2008-03-20,42.12333297729492,42.866668701171875,29.064250946044922
2008-03-24,43.459999084472656,44.5099983215332,30.178449630737305
2008-03-25,44.5533332824707,45.19333267211914,30.641767501831055
2008-03-26,44.96333312988281,44.82666778564453,30.393159866333008
2008-03-27,45.26333236694336,44.61000061035156,30.246248245239258
2008-03-28,45.003334045410156,44.529998779296875,30.1920108795166
2008-03-31,44.616668701171875,44.793331146240234,30.37055015563965
2008-04-01,45.29666519165039,46.51333236694336,31.53673553466797
2008-04-02,46.51333236694336,46.54666519165039,31.559345245361328
2008-04-03,46.383331298828125,47.11333465576172,31.943559646606445
2008-04-04,46.87333297729492,46.92333221435547,31.814727783203125
2008-04-07,47.74333190917969,47.54666519165039,32.23734664916992
2008-04-08,47.150001525878906,47.28666687011719,32.06108474731445
2008-04-09,47.12666702270508,46.54999923706055,31.561603546142578
2008-04-10,46.89666748046875,47.21666717529297,32.013614654541016
2008-04-11,46.74333190917969,46.4466667175293,31.491533279418945
2008-04-14,46.25666809082031,46.336666107177734,31.41695785522461
2008-04-15,46.85333251953125,46.880001068115234,31.78534507751465
2008-04-16,47.439998626708984,48.266666412353516,32.72553253173828
2008-04-17,47.80666732788086,47.91666793823242,32.488224029541016
2008-04-18,48.58000183105469,48.63999938964844,32.97864532470703
2008-04-21,48.40999984741211,48.88666534423828,33.145896911621094
2008-04-22,48.723331451416016,48.43333435058594,32.83852767944336
2008-04-23,48.939998626708984,49.130001068115234,33.31086730957031
2008-04-24,48.970001220703125,48.5,32.88373947143555
2008-04-25,48.900001525878906,48.856666564941406,33.125553131103516
2008-04-28,49.016666412353516,48.76333236694336,33.06227493286133
2008-04-29,48.633331298828125,47.900001525878906,32.476932525634766
2008-04-30,48.20000076293945,48.88666534423828,33.145896911621094
2008-05-01,48.866668701171875,49.40666580200195,33.49845504760742
2008-05-02,50.026668548583984,49.880001068115234,33.81940460205078
2008-05-05,49.83333206176758,49.84333419799805,33.794532775878906
2008-05-06,49.663333892822266,50.400001525878906,34.171966552734375
2008-05-07,49.99333190917969,48.900001525878906,33.15493392944336
2008-05-08,49.143333435058594,49.4033317565918,33.4962043762207
2008-05-09,48.956668853759766,49.0,33.222747802734375
2008-05-12,49.073333740234375,49.630001068115234,33.64988708496094
2008-05-13,49.75,49.866668701171875,33.81035232543945
2008-05-14,50.25,49.98666763305664,33.89171600341797
2008-05-15,50.279998779296875,51.04999923706055,34.61267852783203
2008-05-16,51.31666564941406,51.70000076293945,35.05337142944336
2008-05-19,51.720001220703125,51.709999084472656,35.06015396118164
2008-05-20,50.97999954223633,50.813331604003906,34.45221710205078
2008-05-21,51.029998779296875,50.29666519165039,34.10190200805664
2008-05-22,50.563331604003906,50.44333267211914,34.20133972167969
2008-05-23,50.00666809082031,49.563331604003906,33.604698181152344
2008-05-27,49.40666580200195,49.483333587646484,33.550445556640625
2008-05-28,49.63666534423828,50.150001525878906,34.0024528503418
2008-05-29,50.1966667175293,50.2599983215332,34.0770263671875
2008-05-30,50.55666732788086,50.43333435058594,34.19456100463867
2008-06-02,50.393333435058594,49.83333206176758,33.78774642944336
2008-06-03,49.849998474121094,48.93333435058594,33.17753601074219
2008-06-04,48.663333892822266,48.50666809082031,32.88825225830078
2008-06-05,48.926666259765625,50.04999923706055,33.93464660644531
2008-06-06,49.349998474121094,48.23666763305664,32.7051887512207
2008-06-09,48.4033317565918,48.11333465576172,32.62156677246094
2008-06-10,47.393333435058594,47.003334045410156,31.868974685668945
2008-06-11,47.16666793823242,46.29999923706055,31.392091751098633
2008-06-12,46.650001525878906,46.56999969482422,31.575159072875977
2008-06-13,46.599998474121094,47.073333740234375,31.916431427001953
2008-06-16,47.03333282470703,47.233333587646484,32.02491760253906
2008-06-17,47.72999954223633,47.43333435058594,32.160526275634766
2008-06-18,47.356666564941406,47.20333480834961,32.004581451416016
2008-06-19,46.983333587646484,47.276668548583984,32.054298400878906
2008-06-20,46.51333236694336,45.733333587646484,31.007884979248047
2008-06-23,45.91666793823242,45.866668701171875,31.09829330444336
2008-06-24,45.619998931884766,45.663333892822266,30.960437774658203
2008-06-25,45.45333480834961,46.04999923706055,31.58037757873535
2008-06-26,45.29999923706055,44.470001220703125,30.496837615966797
2008-06-27,44.676666259765625,44.900001525878906,30.79172134399414
2008-06-30,45.21666717529297,45.2400016784668,31.02488899230957
2008-07-01,44.21666717529297,44.43333435058594,30.4716854095459
2008-07-02,44.63666534423828,43.16666793823242,29.6030330657959
2008-07-03,43.60333251953125,43.043331146240234,29.518447875976562
2008-07-07,43.400001525878906,42.88999938964844,29.413299560546875
2008-07-08,42.81999969482422,43.41666793823242,29.774473190307617
2008-07-09,43.599998474121094,42.540000915527344,29.173276901245117
2008-07-10,43.063331604003906,43.310001373291016,29.70132827758789
2008-07-11,42.973331451416016,43.02000045776367,29.50245475769043
2008-07-14,43.619998931884766,42.96666717529297,29.465879440307617
2008-07-15,42.30666732788086,42.25,28.974397659301758
2008-07-16,42.246665954589844,43.470001220703125,29.81106185913086
2008-07-17,43.709999084472656,43.67333221435547,29.95049476623535
2008-07-18,43.310001373291016,43.29666519165039,29.692190170288086
2008-07-21,43.563331604003906,43.83333206176758,30.060230255126953
2008-07-22,43.293331146240234,43.86000061035156,30.078502655029297
2008-07-23,44.08000183105469,43.92333221435547,30.12193489074707
2008-07-24,43.65999984741211,42.29999923706055,29.00868797302246
2008-07-25,42.650001525878906,42.59000015258789,29.207563400268555
2008-07-28,42.63999938964844,41.869998931884766,28.713794708251953
2008-07-29,41.9900016784668,44.189998626708984,30.304824829101562
2008-07-30,43.470001220703125,43.72999954223633,29.989364624023438
2008-07-31,42.84000015258789,42.75,29.31728172302246
2008-08-01,43.20000076293945,42.459999084472656,29.118410110473633
2008-08-04,41.95000076293945,41.15999984741211,28.22688865661621
2008-08-05,41.20000076293945,41.689998626708984,28.59035873413086
2008-08-06,41.599998474121094,42.52000045776367,29.15956687927246
2008-08-07,41.720001220703125,41.060001373291016,28.158321380615234
2008-08-08,40.56999969482422,41.15999984741211,28.22688865661621
2008-08-11,40.90999984741211,40.72999954223633,27.932003021240234
2008-08-12,40.41999816894531,40.38999938964844,27.698833465576172
2008-08-13,40.040000915527344,40.380001068115234,27.691984176635742
2008-08-14,40.36000061035156,40.90999984741211,28.055442810058594
2008-08-15,40.7400016784668,40.27000045776367,27.616544723510742
2008-08-18,40.45000076293945,39.59000015258789,27.150203704833984
2008-08-19,39.130001068115234,39.2599983215332,26.923906326293945
2008-08-20,39.790000915527344,40.2599983215332,27.60968780517578
2008-08-21,39.7400016784668,40.20000076293945,27.56852912902832
2008-08-22,40.439998626708984,40.16999816894531,27.54796028137207
2008-08-25,40.040000915527344,39.34000015258789,26.97876739501953
2008-08-26,39.459999084472656,39.40999984741211,27.026771545410156
2008-08-27,39.7400016784668,40.25,27.602828979492188
2008-08-28,40.33000183105469,40.529998779296875,27.794845581054688
2008-08-29,40.45000076293945,40.04999923706055,27.46567153930664
2008-09-02,39.369998931884766,38.84000015258789,26.6358699798584
2008-09-03,38.7599983215332,38.20000076293945,26.196969985961914
2008-09-04,37.77000045776367,36.439998626708984,24.9899845123291
2008-09-05,36.40999984741211,36.959999084472656,25.346593856811523
2008-09-08,38.58000183105469,37.41999816894531,25.662057876586914
2008-09-09,36.70000076293945,35.31999969482422,24.221906661987305
2008-09-10,35.93000030517578,35.88999938964844,24.612810134887695
2008-09-11,34.66999816894531,35.36000061035156,24.249343872070312
2008-09-12,35.25,36.540000915527344,25.058570861816406
2008-09-15,34.349998474121094,33.66999816894531,23.090356826782227
2008-09-16,32.189998626708984,33.959999084472656,23.28923797607422
2008-09-17,32.880001068115234,31.549999237060547,21.636503219604492
2008-09-18,32.70000076293945,34.209999084472656,23.4606876373291
2008-09-19,38.77000045776367,38.470001220703125,26.382131576538086
2008-09-22,37.75,35.959999084472656,24.660808563232422
2008-09-23,35.630001068115234,34.84000015258789,23.89272689819336
2008-09-24,35.45000076293945,35.2400016784668,24.16704750061035
2008-09-25,35.720001220703125,37.04999923706055,25.408323287963867
2008-09-26,35.099998474121094,35.790000915527344,24.544235229492188
2008-09-29,34.130001068115234,31.610000610351562,21.67764663696289
2008-09-30,33.22999954223633,34.16999816894531,23.43325424194336
2008-10-01,33.810001373291016,34.58000183105469,23.714431762695312
2008-10-02,33.27000045776367,31.549999237060547,21.636503219604492
2008-10-03,31.93000030517578,30.719999313354492,21.06730079650879
2008-10-06,28.479999542236328,28.40999984741211,19.483139038085938
2008-10-07,28.8700008392334,26.200000762939453,17.967559814453125
2008-10-08,25.600000381469727,26.200000762939453,17.967559814453125
2008-10-09,26.889999389648438,24.270000457763672,16.64398956298828
2008-10-10,23.170000076293945,24.549999237060547,16.836009979248047
2008-10-13,26.75,30.139999389648438,20.669546127319336
2008-10-14,30.100000381469727,28.639999389648438,19.640867233276367
2008-10-15,26.850000381469727,24.010000228881836,16.465686798095703
2008-10-16,24.600000381469727,25.190000534057617,17.274911880493164
2008-10-17,23.899999618530273,24.399999618530273,16.733144760131836
2008-10-20,25.15999984741211,26.110000610351562,17.90583038330078
2008-10-21,25.0,24.030000686645508,16.479400634765625
2008-10-22,22.950000762939453,21.5,14.744366645812988
2008-10-23,21.399999618530273,22.100000381469727,15.155840873718262
2008-10-24,19.3799991607666,19.81999969482422,13.592248916625977
2008-10-27,19.309999465942383,19.299999237060547,13.235637664794922
2008-10-28,20.639999389648438,23.34000015258789,16.006214141845703
2008-10-29,22.219999313354492,22.600000381469727,15.49873161315918
2008-10-30,24.5,25.649999618530273,17.590373992919922
2008-10-31,25.020000457763672,25.43000030517578,17.439498901367188
2008-11-03,25.639999389648438,25.200000762939453,17.28177261352539
2008-11-04,26.420000076293945,27.5,18.859071731567383
2008-11-05,26.149999618530273,24.0,16.458829879760742
2008-11-06,23.940000534057617,22.790000915527344,15.629029273986816
2008-11-07,23.850000381469727,24.639999389648438,16.89773178100586
2008-11-10,25.709999084472656,24.8700008392334,17.055461883544922
2008-11-11,24.030000686645508,23.31999969482422,15.992491722106934
2008-11-12,22.81999969482422,21.59000015258789,14.8060884475708
2008-11-13,21.959999084472656,24.579999923706055,16.856578826904297
2008-11-14,23.200000762939453,22.219999313354492,15.238131523132324
2008-11-17,22.040000915527344,21.850000381469727,14.984389305114746
2008-11-18,21.56999969482422,21.530000686645508,14.764942169189453
2008-11-19,21.1299991607666,19.670000076293945,13.489383697509766
2008-11-20,19.489999771118164,18.260000228881836,12.522425651550293
2008-11-21,20.040000915527344,20.889999389648438,14.326038360595703
2008-11-24,20.799999237060547,22.15999984741211,15.196983337402344
2008-11-25,22.549999237060547,21.739999771118164,14.908956527709961
2008-11-26,21.610000610351562,23.399999618530273,16.047353744506836
2008-11-28,22.84000015258789,22.950000762939453,15.738758087158203
2008-12-01,22.149999618530273,20.739999771118164,14.223174095153809
2008-12-02,21.639999389648438,22.049999237060547,15.121548652648926
2008-12-03,21.260000228881836,22.229999542236328,15.24498176574707
2008-12-04,21.6200008392334,21.280000686645508,14.593494415283203
2008-12-05,21.1299991607666,22.540000915527344,15.457584381103516
2008-12-08,23.420000076293945,23.979999542236328,16.445114135742188
2008-12-09,23.670000076293945,23.649999618530273,16.21880531311035
2008-12-10,24.3700008392334,25.059999465942383,17.185762405395508
2008-12-11,24.850000381469727,24.420000076293945,16.746858596801758
2008-12-12,23.8700008392334,24.760000228881836,16.98002052307129
2008-12-15,24.8700008392334,24.43000030517578,16.753713607788086
2008-12-16,24.809999465942383,26.3799991607666,18.090988159179688
2008-12-17,25.709999084472656,25.920000076293945,17.775535583496094
2008-12-18,26.079999923706055,25.350000381469727,17.384634017944336
2008-12-19,25.690000534057617,25.440000534057617,17.446352005004883
2008-12-22,25.25,24.489999771118164,16.79486656188965
2008-12-23,24.18000030517578,23.950000762939453,16.655773162841797
2008-12-24,24.149999618530273,24.1200008392334,16.774003982543945
2008-12-26,24.149999618530273,24.040000915527344,16.718360900878906
2008-12-29,24.34000015258789,24.0,16.6905517578125
2008-12-30,24.209999084472656,24.639999389648438,17.135629653930664
2008-12-31,24.450000762939453,24.969999313354492,17.365123748779297
2009-01-02,25.200000762939453,26.15999984741211,18.192699432373047
2009-01-05,26.0,26.5,18.429149627685547
2009-01-06,26.889999389648438,27.100000381469727,18.846405029296875
2009-01-07,26.34000015258789,25.540000915527344,17.761526107788086
2009-01-08,25.09000015258789,25.43000030517578,17.68502426147461
2009-01-09,25.239999771118164,24.8799991607666,17.30253028869629
2009-01-12,24.600000381469727,23.829999923706055,16.572324752807617
2009-01-13,23.690000534057617,23.899999618530273,16.621002197265625
2009-01-14,23.3700008392334,22.739999771118164,15.81429672241211
2009-01-15,22.760000228881836,23.0,15.995105743408203
2009-01-16,23.65999984741211,23.25,16.168970108032227
2009-01-20,22.530000686645508,21.520000457763672,14.96585464477539
2009-01-21,22.09000015258789,22.690000534057617,15.779519081115723
2009-01-22,21.940000534057617,21.940000534057617,15.257944107055664
2009-01-23,21.1299991607666,22.219999313354492,15.452665328979492
2009-01-26,22.450000762939453,22.479999542236328,15.633480072021484
2009-01-27,22.75,22.8799991607666,15.91165828704834
2009-01-28,23.600000381469727,24.040000915527344,16.718360900878906
2009-01-29,23.270000457763672,22.81999969482422,15.869924545288086
2009-01-30,23.079999923706055,22.649999618530273,15.75170612335205
2009-02-02,22.200000762939453,22.420000076293945,15.591753959655762
2009-02-03,22.649999618530273,23.09000015258789,16.057703018188477
2009-02-04,23.31999969482422,23.260000228881836,16.175922393798828
2009-02-05,23.110000610351562,23.75,16.516685485839844
2009-02-06,24.110000610351562,24.940000534057617,17.344261169433594
2009-02-09,24.899999618530273,24.809999465942383,17.253856658935547
2009-02-10,24.6200008392334,23.309999465942383,16.210683822631836
2009-02-11,23.899999618530273,24.010000228881836,16.697505950927734
2009-02-12,23.270000457763672,23.860000610351562,16.593191146850586
2009-02-13,23.959999084472656,23.979999542236328,16.676639556884766
2009-02-17,22.59000015258789,22.450000762939453,15.612614631652832
2009-02-18,22.469999313354492,22.290000915527344,15.501344680786133
2009-02-19,22.760000228881836,22.079999923706055,15.355299949645996
2009-02-20,21.399999618530273,21.520000457763672,14.96585464477539
2009-02-23,22.1299991607666,20.989999771118164,14.597275733947754
2009-02-24,21.190000534057617,22.139999389648438,15.397027015686035
2009-02-25,21.979999542236328,21.760000228881836,15.132761001586914
2009-02-26,22.040000915527344,21.56999969482422,15.000626564025879
2009-02-27,21.010000228881836,21.229999542236328,14.764177322387695
2009-03-02,20.6200008392334,19.940000534057617,13.867061614990234
2009-03-03,20.450000762939453,20.219999313354492,14.061782836914062
2009-03-04,21.25,21.639999389648438,15.049306869506836
2009-03-05,20.889999389648438,20.75,14.430367469787598
2009-03-06,21.18000030517578,21.100000381469727,14.673774719238281
2009-03-09,20.81999969482422,20.690000534057617,14.388641357421875
2009-03-10,21.579999923706055,22.3700008392334,15.556976318359375
2009-03-11,22.540000915527344,22.3700008392334,15.556976318359375
2009-03-12,22.280000686645508,23.229999542236328,16.155057907104492
2009-03-13,23.40999984741211,23.360000610351562,16.245464324951172
2009-03-16,23.729999542236328,23.3799991607666,16.259370803833008
2009-03-17,23.31999969482422,23.889999389648438,16.61404800415039
2009-03-18,23.639999389648438,24.389999389648438,16.961767196655273
2009-03-19,24.670000076293945,24.229999542236328,16.850500106811523
2009-03-20,24.15999984741211,23.899999618530273,16.621002197265625
2009-03-23,24.959999084472656,26.110000610351562,18.157926559448242
2009-03-24,25.43000030517578,25.299999237060547,17.594619750976562
2009-03-25,25.530000686645508,25.68000030517578,17.858884811401367
2009-03-26,26.260000228881836,26.3799991607666,18.345685958862305
2009-03-27,25.809999465942383,25.600000381469727,17.80325698852539
2009-03-30,24.530000686645508,24.280000686645508,16.885271072387695
2009-03-31,24.969999313354492,24.809999465942383,17.253856658935547
2009-04-01,24.799999237060547,25.6299991607666,17.824111938476562
2009-04-02,26.59000015258789,27.020000457763672,18.790773391723633
2009-04-03,26.84000015258789,27.350000381469727,19.020275115966797
2009-04-06,27.059999465942383,27.010000228881836,18.783823013305664
2009-04-07,26.540000915527344,26.389999389648438,18.352649688720703
2009-04-08,26.600000381469727,26.780000686645508,18.623865127563477
2009-04-09,27.68000030517578,27.950000762939453,19.437530517578125
2009-04-13,27.8799991607666,28.1200008392334,19.55575942993164
2009-04-14,27.950000762939453,27.670000076293945,19.242807388305664
2009-04-15,27.75,28.06999969482422,19.520984649658203
2009-04-16,28.219999313354492,28.309999465942383,19.687891006469727
2009-04-17,28.260000228881836,28.110000610351562,19.548805236816406
2009-04-20,27.389999389648438,26.739999771118164,18.596052169799805
2009-04-21,26.670000076293945,27.309999465942383,18.99245262145996
2009-04-22,26.899999618530273,27.079999923706055,18.832500457763672
2009-04-23,27.459999084472656,27.5,19.124588012695312
2009-04-24,27.93000030517578,28.020000457763672,19.4862117767334
2009-04-27,27.200000762939453,27.079999923706055,18.832500457763672
2009-04-28,26.520000457763672,26.989999771118164,18.76991081237793
2009-04-29,27.739999771118164,28.40999984741211,19.757436752319336
2009-04-30,28.950000762939453,28.670000076293945,19.938251495361328
2009-05-01,28.709999084472656,29.09000015258789,20.230335235595703
2009-05-04,29.950000762939453,31.100000381469727,21.6281681060791
2009-05-05,30.860000610351562,30.81999969482422,21.433443069458008
2009-05-06,31.270000457763672,31.350000381469727,21.802024841308594
2009-05-07,31.790000915527344,30.56999969482422,21.259580612182617
2009-05-08,31.280000686645508,31.59000015258789,21.96893882751465
2009-05-11,31.0,30.850000381469727,21.45430564880371
2009-05-12,31.350000381469727,31.06999969482422,21.607301712036133
2009-05-13,30.360000610351562,29.93000030517578,20.814502716064453
2009-05-14,29.809999465942383,30.360000610351562,21.113542556762695
2009-05-15,30.3799991607666,30.079999923706055,20.918819427490234
2009-05-18,31.09000015258789,31.75,22.08020782470703
2009-05-19,31.8700008392334,32.11000061035156,22.33055877685547
2009-05-20,32.4900016784668,32.209999084472656,22.400102615356445
2009-05-21,31.610000610351562,31.610000610351562,21.98284149169922
2009-05-22,31.690000534057617,31.75,22.08020782470703
2009-05-26,31.25,32.130001068115234,22.344470977783203
2009-05-27,32.4900016784668,31.760000228881836,22.087154388427734
2009-05-28,32.290000915527344,32.7400016784668,22.76869010925293
2009-05-29,33.27000045776367,33.2400016784668,23.116411209106445
2009-06-01,34.2599983215332,34.63999938964844,24.090024948120117
2009-06-02,34.22999954223633,34.13999938964844,23.74230194091797
2009-06-03,33.630001068115234,32.93000030517578,22.90082359313965
2009-06-04,33.18000030517578,33.540000915527344,23.325044631958008
2009-06-05,34.15999984741211,33.61000061035156,23.37371826171875
2009-06-08,32.880001068115234,33.09000015258789,23.012094497680664
2009-06-09,33.29999923706055,33.150001525878906,23.053813934326172
2009-06-10,33.90999984741211,33.56999969482422,23.345901489257812
2009-06-11,33.72999954223633,34.290000915527344,23.84661865234375
2009-06-12,33.81999969482422,33.7400016784668,23.464126586914062
2009-06-15,33.08000183105469,32.529998779296875,22.622644424438477
2009-06-16,32.70000076293945,32.040000915527344,22.28188133239746
2009-06-17,31.790000915527344,31.68000030517578,22.031518936157227
2009-06-18,31.549999237060547,31.59000015258789,21.96893882751465
2009-06-19,32.02000045776367,31.75,22.08020782470703
2009-06-22,31.309999465942383,30.600000381469727,21.280445098876953
2009-06-23,30.559999465942383,30.549999237060547,21.418569564819336
2009-06-24,31.360000610351562,31.219999313354492,21.888294219970703
2009-06-25,31.020000457763672,32.150001525878906,22.540321350097656
2009-06-26,32.15999984741211,32.31999969482422,22.659502029418945
2009-06-29,32.61000061035156,32.560001373291016,22.827775955200195
2009-06-30,32.529998779296875,32.22999954223633,22.596406936645508
2009-07-01,32.91999816894531,32.81999969482422,23.010053634643555
2009-07-02,32.2599983215332,31.920000076293945,22.37906837463379
2009-07-06,31.469999313354492,31.850000381469727,22.32999038696289
2009-07-07,31.799999237060547,31.100000381469727,21.804168701171875
2009-07-08,31.219999313354492,30.739999771118164,21.55177879333496
2009-07-09,31.389999389648438,31.290000915527344,21.9373779296875
2009-07-10,30.8700008392334,30.920000076293945,21.677967071533203
2009-07-13,30.729999542236328,31.139999389648438,21.832210540771484
2009-07-14,31.520000457763672,31.479999542236328,22.070587158203125
2009-07-15,32.41999816894531,33.16999816894531,23.255441665649414
2009-07-16,32.97999954223633,33.22999954223633,23.297508239746094
2009-07-17,33.33000183105469,33.56999969482422,23.5358829498291
2009-07-20,34.38999938964844,34.77000045776367,24.377197265625
2009-07-21,34.95000076293945,34.66999816894531,24.307086944580078
2009-07-22,34.18000030517578,34.59000015258789,24.251001358032227
2009-07-23,34.84000015258789,35.56999969482422,24.938085556030273
2009-07-24,35.20000076293945,35.400001525878906,24.818897247314453
2009-07-27,35.54999923706055,35.709999084472656,25.036235809326172
2009-07-28,35.400001525878906,35.54999923706055,24.924060821533203
2009-07-29,35.11000061035156,34.75,24.363174438476562
2009-07-30,35.72999954223633,35.61000061035156,24.966121673583984
2009-07-31,35.84000015258789,35.779998779296875,25.08530616760254
2009-08-03,36.7400016784668,37.119998931884766,26.0247859954834
2009-08-04,36.54999923706055,36.779998779296875,25.786401748657227
2009-08-05,36.47999954223633,36.470001220703125,25.569068908691406
2009-08-06,36.65999984741211,36.16999816894531,25.358741760253906
2009-08-07,36.5099983215332,36.529998779296875,25.61113166809082
2009-08-10,36.220001220703125,36.119998931884766,25.323686599731445
2009-08-11,35.81999969482422,35.439998626708984,24.846939086914062
2009-08-12,35.310001373291016,35.7599983215332,25.071285247802734
2009-08-13,36.36000061035156,36.380001068115234,25.505964279174805
2009-08-14,36.33000183105469,35.720001220703125,25.04325294494629
2009-08-17,34.470001220703125,34.31999969482422,24.06171226501465
2009-08-18,34.77000045776367,35.06999969482422,24.58753204345703
2009-08-19,34.380001068115234,35.15999984741211,24.650634765625
2009-08-20,35.2599983215332,35.77000045776367,25.07830238342285
2009-08-21,36.11000061035156,36.310001373291016,25.456890106201172
2009-08-24,36.709999084472656,36.470001220703125,25.569068908691406
2009-08-25,36.72999954223633,36.38999938964844,25.51297950744629
2009-08-26,36.209999084472656,36.279998779296875,25.43584632873535
2009-08-27,36.04999923706055,36.209999084472656,25.386783599853516
2009-08-28,36.41999816894531,36.02000045776367,25.25357437133789
2009-08-31,35.40999984741211,35.310001373291016,24.755788803100586
2009-09-01,35.400001525878906,34.63999938964844,24.286062240600586
2009-09-02,34.689998626708984,35.0099983215332,24.54546356201172
2009-09-03,35.52000045776367,35.709999084472656,25.036235809326172
2009-09-04,35.970001220703125,36.400001525878906,25.519996643066406
2009-09-08,37.029998779296875,37.150001525878906,26.045818328857422
2009-09-09,37.29999923706055,37.349998474121094,26.186033248901367
2009-09-10,37.369998931884766,37.84000015258789,26.52958106994629
2009-09-11,37.97999954223633,37.86000061035156,26.54360008239746
2009-09-14,37.310001373291016,37.720001220703125,26.4454345703125
2009-09-15,37.779998779296875,38.16999816894531,26.760936737060547
2009-09-16,38.72999954223633,39.130001068115234,27.43399429321289
2009-09-17,39.029998779296875,38.91999816894531,27.286752700805664
2009-09-18,39.11000061035156,39.029998779296875,27.3638858795166
2009-09-21,38.5099983215332,38.689998626708984,27.12550926208496
2009-09-22,39.209999084472656,39.279998779296875,27.539152145385742
2009-09-23,39.209999084472656,38.689998626708984,27.12550926208496
2009-09-24,38.83000183105469,37.93000030517578,26.592670440673828
2009-09-25,37.93000030517578,38.09000015258789,26.704845428466797
2009-09-28,38.189998626708984,38.58000183105469,27.048389434814453
2009-09-29,38.779998779296875,38.66999816894531,27.111488342285156
2009-09-30,38.970001220703125,38.90999984741211,27.279756546020508
2009-10-01,38.810001373291016,37.849998474121094,26.53658676147461
2009-10-02,37.380001068115234,37.86000061035156,26.54360008239746
2009-10-05,38.209999084472656,38.7400016784668,27.16056251525879
2009-10-06,39.13999938964844,39.380001068115234,27.60926628112793
2009-10-07,39.2599983215332,39.34000015258789,27.581228256225586
2009-10-08,39.68000030517578,39.81999969482422,27.917747497558594
2009-10-09,39.79999923706055,39.849998474121094,27.938783645629883
2009-10-12,40.119998931884766,40.18000030517578,28.170148849487305
2009-10-13,40.099998474121094,40.25,28.219223022460938
2009-10-14,41.08000183105469,41.54999923706055,29.130653381347656
2009-10-15,41.11000061035156,41.31999969482422,28.96939468383789
2009-10-16,40.689998626708984,40.75,28.569772720336914
2009-10-19,41.09000015258789,41.529998779296875,29.11662483215332
2009-10-20,41.310001373291016,40.97999954223633,28.73103141784668
2009-10-21,40.790000915527344,40.7599983215332,28.5767765045166
2009-10-22,40.70000076293945,41.099998474121094,28.815147399902344
2009-10-23,41.36000061035156,40.7599983215332,28.5767765045166
2009-10-26,41.099998474121094,40.25,28.219223022460938
2009-10-27,40.2599983215332,39.54999923706055,27.72844886779785
2009-10-28,39.13999938964844,37.7400016784668,26.459470748901367
2009-10-29,38.400001525878906,39.40999984741211,27.63029670715332
2009-10-30,39.06999969482422,37.56999969482422,26.34027671813965
2009-11-02,38.130001068115234,38.130001068115234,26.732898712158203
2009-11-03,37.439998626708984,38.189998626708984,26.774959564208984
2009-11-04,39.040000915527344,38.900001525878906,27.272737503051758
2009-11-05,39.18000030517578,39.70000076293945,27.833616256713867
2009-11-06,39.310001373291016,39.650001525878906,27.798572540283203
2009-11-09,40.369998931884766,41.11000061035156,28.822160720825195
2009-11-10,40.66999816894531,40.91999816894531,28.688955307006836
2009-11-11,41.4900016784668,41.27000045776367,28.93433952331543
2009-11-12,40.970001220703125,40.349998474121094,28.289339065551758
2009-11-13,40.61000061035156,41.040000915527344,28.773088455200195
2009-11-16,41.630001068115234,42.06999969482422,29.49521827697754
2009-11-17,41.650001525878906,41.91999816894531,29.390058517456055
2009-11-18,41.900001525878906,41.59000015258789,29.15869140625
2009-11-19,41.13999938964844,40.81999969482422,28.61884880065918
2009-11-20,40.599998474121094,40.650001525878906,28.499658584594727
2009-11-23,41.54999923706055,41.5,29.095596313476562
2009-11-24,41.20000076293945,41.27000045776367,28.93433952331543
2009-11-25,41.47999954223633,41.75,29.27086639404297
2009-11-27,39.77000045776367,40.130001068115234,28.13509178161621
2009-11-30,40.459999084472656,40.52000045776367,28.408517837524414
2009-12-01,41.34000015258789,41.68000030517578,29.221797943115234
2009-12-02,41.720001220703125,41.849998474121094,29.340978622436523
2009-12-03,42.09000015258789,41.459999084472656,29.06754493713379
2009-12-04,42.27000045776367,41.84000015258789,29.333969116210938
2009-12-07,41.56999969482422,41.47999954223633,29.081562042236328
2009-12-08,41.06999969482422,40.709999084472656,28.541725158691406
2009-12-09,40.77000045776367,40.959999084472656,28.717002868652344
2009-12-10,41.16999816894531,41.20000076293945,28.885265350341797
2009-12-11,41.400001525878906,41.349998474121094,28.99043083190918
2009-12-14,41.54999923706055,41.630001068115234,29.186738967895508
2009-12-15,41.18000030517578,41.20000076293945,28.885265350341797
2009-12-16,41.5099983215332,41.439998626708984,29.053531646728516
2009-12-17,40.70000076293945,40.25,28.219223022460938
2009-12-18,40.38999938964844,40.36000061035156,28.29633903503418
2009-12-21,40.47999954223633,40.310001373291016,28.26129150390625
2009-12-22,40.150001525878906,40.38999938964844,28.54610824584961
2009-12-23,40.66999816894531,40.790000915527344,28.828811645507812
2009-12-24,41.130001068115234,41.20000076293945,29.11859130859375
2009-12-28,41.470001220703125,41.34000015258789,29.21754264831543
2009-12-29,41.41999816894531,41.18000030517578,29.112897872924805
2009-12-30,41.22999954223633,41.36000061035156,29.240163803100586
2009-12-31,41.630001068115234,41.5,29.339139938354492
2010-01-04,42.18000030517578,42.709999084472656,30.19455337524414
2010-01-05,42.90999984741211,43.02000045776367,30.413734436035156
2010-01-06,43.08000183105469,43.11000061035156,30.477344512939453
2010-01-07,42.849998474121094,42.86000061035156,30.300615310668945
2010-01-08,42.880001068115234,43.20000076293945,30.540979385375977
2010-01-11,43.45000076293945,43.11000061035156,30.477344512939453
2010-01-12,42.61000061035156,42.41999816894531,29.98954963684082
2010-01-13,42.59000015258789,42.54999923706055,30.081453323364258
2010-01-14,42.52000045776367,42.439998626708984,30.003681182861328
2010-01-15,42.31999969482422,41.95000076293945,29.657270431518555
2010-01-19,42.08000183105469,42.79999923706055,30.258197784423828
2010-01-20,42.11000061035156,41.77000045776367,29.530019760131836
2010-01-21,41.54999923706055,40.5099983215332,28.639236450195312
2010-01-22,40.220001220703125,39.61000061035156,28.00296401977539
2010-01-25,40.130001068115234,39.900001525878906,28.207988739013672
2010-01-26,39.130001068115234,39.06999969482422,27.62120246887207
2010-01-27,38.790000915527344,38.970001220703125,27.550508499145508
2010-01-28,39.31999969482422,38.70000076293945,27.35963249206543
2010-01-29,39.150001525878906,38.279998779296875,27.062705993652344
2010-02-01,38.63999938964844,39.310001373291016,27.790878295898438
2010-02-02,39.38999938964844,39.630001068115234,28.017105102539062
2010-02-03,39.63999938964844,39.400001525878906,27.854503631591797
2010-02-04,38.75,37.619998931884766,26.596101760864258
2010-02-05,37.290000915527344,37.20000076293945,26.299179077148438
2010-02-08,37.18000030517578,36.83000183105469,26.037599563598633
2010-02-09,37.72999954223633,38.029998779296875,26.885950088500977
2010-02-10,38.040000915527344,37.93000030517578,26.815258026123047
2010-02-11,38.189998626708984,38.93000030517578,27.522226333618164
2010-02-12,38.13999938964844,38.439998626708984,27.175809860229492
2010-02-16,39.02000045776367,39.43000030517578,27.875713348388672
2010-02-17,39.72999954223633,39.56999969482422,27.974687576293945
2010-02-18,39.2599983215332,39.720001220703125,28.080738067626953
2010-02-19,39.27000045776367,39.380001068115234,27.840364456176758
2010-02-22,39.619998931884766,39.43000030517578,27.875713348388672
2010-02-23,39.209999084472656,38.52000045776367,27.23237419128418
2010-02-24,38.779998779296875,38.88999938964844,27.49394989013672
2010-02-25,37.970001220703125,38.56999969482422,27.267724990844727
2010-02-26,38.61000061035156,38.959999084472656,27.543437957763672
2010-03-01,39.43000030517578,39.619998931884766,28.010032653808594
2010-03-02,40.02000045776367,40.06999969482422,28.32817268371582
2010-03-03,40.279998779296875,40.119998931884766,28.363515853881836
2010-03-04,40.150001525878906,39.90999984741211,28.215063095092773
2010-03-05,40.459999084472656,40.95000076293945,28.950305938720703
2010-03-08,41.040000915527344,40.97999954223633,28.971511840820312
2010-03-09,40.79999923706055,41.209999084472656,29.134111404418945
2010-03-10,41.29999923706055,41.5,29.339139938354492
2010-03-11,41.2599983215332,41.5099983215332,29.346208572387695
2010-03-12,41.70000076293945,41.369998931884766,29.247230529785156
2010-03-15,41.130001068115234,41.06999969482422,29.03514289855957
2010-03-16,41.209999084472656,41.599998474121094,29.40983009338379
2010-03-17,42.0099983215332,42.04999923706055,29.727956771850586
2010-03-18,41.970001220703125,41.72999954223633,29.501737594604492
2010-03-19,41.189998626708984,41.189998626708984,29.119970321655273
2010-03-22,40.77000045776367,41.34000015258789,29.22601890563965
2010-03-23,41.38999938964844,41.630001068115234,29.4310359954834
2010-03-24,41.189998626708984,41.0099983215332,28.992713928222656
2010-03-25,41.349998474121094,40.900001525878906,28.914955139160156
2010-03-26,41.2400016784668,41.099998474121094,29.056346893310547
2010-03-29,41.529998779296875,41.84000015258789,29.579505920410156
2010-03-30,41.939998626708984,42.0,29.69260597229004
2010-03-31,41.86000061035156,42.119998931884766,29.77745819091797
2010-04-01,42.7400016784668,43.220001220703125,30.55511474609375
2010-04-05,43.439998626708984,43.61000061035156,30.830839157104492
2010-04-06,43.439998626708984,43.7400016784668,30.922748565673828
2010-04-07,43.560001373291016,43.36000061035156,30.654096603393555
2010-04-08,43.06999969482422,43.5099983215332,30.760143280029297
2010-04-09,43.599998474121094,43.779998779296875,30.951017379760742
2010-04-12,43.45000076293945,43.43000030517578,30.70357894897461
2010-04-13,43.310001373291016,43.34000015258789,30.639963150024414
2010-04-14,43.790000915527344,43.97999954223633,31.0924072265625
2010-04-15,43.70000076293945,43.7400016784668,30.922748565673828
2010-04-16,43.25,42.459999084472656,30.0178165435791
2010-04-19,41.959999084472656,42.290000915527344,29.89763832092285
2010-04-20,42.66999816894531,42.790000915527344,30.251115798950195
2010-04-21,42.709999084472656,42.650001525878906,30.15215301513672
2010-04-22,42.27000045776367,42.83000183105469,30.279407501220703
2010-04-23,42.689998626708984,43.060001373291016,30.442005157470703
2010-04-26,43.33000183105469,43.060001373291016,30.442005157470703
2010-04-27,42.58000183105469,41.52000045776367,29.353271484375
2010-04-28,42.0099983215332,41.869998931884766,29.6007137298584
2010-04-29,42.2599983215332,42.560001373291016,30.088523864746094
2010-04-30,42.540000915527344,42.04999923706055,29.727956771850586
2010-05-03,42.189998626708984,42.279998779296875,29.890567779541016
2010-05-04,41.380001068115234,40.34000015258789,28.519054412841797
2010-05-05,39.58000183105469,39.61000061035156,28.00296401977539
2010-05-06,39.310001373291016,37.9900016784668,26.857681274414062
2010-05-07,38.36000061035156,38.189998626708984,26.999073028564453
2010-05-10,40.630001068115234,40.939998626708984,28.9432315826416
2010-05-11,40.0,40.20000076293945,28.42007827758789
2010-05-12,40.540000915527344,40.70000076293945,28.77356719970703
2010-05-13,40.70000076293945,40.31999969482422,28.50490951538086
2010-05-14,40.029998779296875,39.4900016784668,27.918127059936523
2010-05-17,39.400001525878906,39.25,27.748458862304688
2010-05-18,39.63999938964844,38.43000030517578,27.16875648498535
2010-05-19,37.900001525878906,38.060001373291016,26.907167434692383
2010-05-20,36.61000061035156,36.16999816894531,25.57099723815918
2010-05-21,35.709999084472656,37.34000015258789,26.398149490356445
2010-05-24,37.369998931884766,36.95000076293945,26.122432708740234
2010-05-25,35.470001220703125,36.54999923706055,25.83965492248535
2010-05-26,36.93000030517578,36.529998779296875,25.82550621032715
2010-05-27,37.959999084472656,38.7400016784668,27.387907028198242
2010-05-28,38.52000045776367,38.099998474121094,26.935449600219727
2010-06-01,37.709999084472656,37.400001525878906,26.440567016601562
2010-06-02,37.83000183105469,38.709999084472656,27.366687774658203
2010-06-03,38.959999084472656,38.56999969482422,27.267724990844727
2010-06-04,37.7400016784668,37.20000076293945,26.299179077148438
2010-06-07,37.34000015258789,36.619998931884766,25.88913345336914
2010-06-08,37.029998779296875,37.459999084472656,26.482990264892578
2010-06-09,37.619998931884766,37.2599983215332,26.34157943725586
2010-06-10,38.040000915527344,38.560001373291016,27.260648727416992
2010-06-11,38.0,38.7599983215332,27.402042388916016
2010-06-14,39.2400016784668,38.77000045776367,27.409116744995117
2010-06-15,39.20000076293945,39.939998626708984,28.23627471923828
2010-06-16,39.5099983215332,39.939998626708984,28.23627471923828
2010-06-17,40.04999923706055,39.7400016784668,28.09487533569336
2010-06-18,39.90999984741211,39.91999816894531,28.22212028503418
2010-06-21,40.959999084472656,40.61000061035156,28.709932327270508
2010-06-22,40.529998779296875,39.83000183105469,28.158498764038086
2010-06-23,39.849998474121094,39.66999816894531,28.2310848236084
2010-06-24,39.4900016784668,38.970001220703125,27.732933044433594
2010-06-25,39.08000183105469,39.43000030517578,28.06029510498047
2010-06-28,39.400001525878906,39.15999984741211,27.868146896362305
2010-06-29,38.099998474121094,37.56999969482422,26.736621856689453
2010-06-30,37.7599983215332,37.31999969482422,26.558712005615234
2010-07-01,37.5,37.59000015258789,26.750864028930664
2010-07-02,37.70000076293945,37.75,26.864721298217773
2010-07-06,38.720001220703125,38.45000076293945,27.362884521484375
2010-07-07,38.400001525878906,39.29999923706055,27.967782974243164
2010-07-08,39.369998931884766,39.4900016784668,28.102989196777344
2010-07-09,39.52000045776367,39.970001220703125,28.444576263427734
2010-07-12,39.810001373291016,39.650001525878906,28.216856002807617
2010-07-13,39.9900016784668,40.11000061035156,28.544214248657227
2010-07-14,39.849998474121094,40.029998779296875,28.48727798461914
2010-07-15,39.849998474121094,39.84000015258789,28.352066040039062
2010-07-16,39.5099983215332,38.650001525878906,27.505210876464844
2010-07-19,39.02000045776367,39.15999984741211,27.868146896362305
2010-07-20,38.900001525878906,40.08000183105469,28.52286720275879
2010-07-21,40.25,39.66999816894531,28.2310848236084
2010-07-22,40.36000061035156,40.869998931884766,29.08506965637207
2010-07-23,40.7599983215332,41.150001525878906,29.28433609008789
2010-07-26,41.06999969482422,41.43000030517578,29.48358917236328
2010-07-27,41.65999984741211,41.36000061035156,29.433780670166016
2010-07-28,41.11000061035156,41.130001068115234,29.27009391784668
2010-07-29,41.560001373291016,41.20000076293945,29.319904327392578
2010-07-30,40.88999938964844,41.400001525878906,29.46224021911621
2010-08-02,42.18000030517578,42.470001220703125,30.22370719909668
2010-08-03,42.13999938964844,42.27000045776367,30.08137321472168
2010-08-04,42.279998779296875,42.33000183105469,30.12407112121582
2010-08-05,42.02000045776367,42.13999938964844,29.988859176635742
2010-08-06,41.86000061035156,42.08000183105469,29.94615936279297
2010-08-09,42.36000061035156,42.29999923706055,30.10271453857422
2010-08-10,41.560001373291016,41.720001220703125,29.689966201782227
2010-08-11,40.849998474121094,40.38999938964844,28.743480682373047
2010-08-12,40.0099983215332,40.459999084472656,28.793283462524414
2010-08-13,40.630001068115234,40.68000030517578,28.94985008239746
2010-08-16,40.65999984741211,41.060001373291016,29.220287322998047
2010-08-17,41.470001220703125,41.4900016784668,29.526281356811523
2010-08-18,41.400001525878906,41.459999084472656,29.504934310913086
2010-08-19,41.470001220703125,41.13999938964844,29.27721405029297
2010-08-20,40.9900016784668,41.02000045776367,29.19180679321289
2010-08-23,41.119998931884766,40.650001525878906,28.92850112915039
2010-08-24,40.16999816894531,40.130001068115234,28.558446884155273
2010-08-25,39.720001220703125,39.869998931884766,28.373414993286133
2010-08-26,40.08000183105469,39.619998931884766,28.19550132751465
2010-08-27,40.0,40.4900016784668,28.81464958190918
2010-08-30,40.2400016784668,39.81999969482422,28.337831497192383
2010-08-31,39.849998474121094,40.060001373291016,28.508634567260742
2010-09-01,40.790000915527344,41.470001220703125,29.512060165405273
2010-09-02,41.38999938964844,41.540000915527344,29.561870574951172
2010-09-03,42.040000915527344,42.029998779296875,29.91058349609375
2010-09-07,41.77000045776367,41.41999816894531,29.476463317871094
2010-09-08,41.72999954223633,41.869998931884766,29.796716690063477
2010-09-09,42.310001373291016,42.11000061035156,29.967510223388672
2010-09-10,42.119998931884766,42.2599983215332,30.07425880432129
2010-09-13,43.06999969482422,43.27000045776367,30.793020248413086
2010-09-14,43.150001525878906,43.25,30.778789520263672
2010-09-15,43.09000015258789,43.310001373291016,30.821496963500977
2010-09-16,42.970001220703125,43.09000015258789,30.664928436279297
2010-09-17,43.290000915527344,43.02000045776367,30.615123748779297
2010-09-20,43.33000183105469,43.70000076293945,31.099021911621094
2010-09-21,43.720001220703125,43.56999969482422,31.006507873535156
2010-09-22,43.650001525878906,43.599998474121094,31.02786636352539
2010-09-23,43.33000183105469,43.31999969482422,30.8286190032959
2010-09-24,43.849998474121094,44.119998931884766,31.39792251586914
2010-09-27,44.09000015258789,44.040000915527344,31.340993881225586
2010-09-28,44.099998474121094,44.36000061035156,31.568721771240234
2010-09-29,44.38999938964844,44.5099983215332,31.675464630126953
2010-09-30,44.83000183105469,44.77000045776367,31.86049461364746
2010-10-01,45.25,45.43000030517578,32.33018112182617
2010-10-04,45.400001525878906,45.290000915527344,32.23055648803711
2010-10-05,45.630001068115234,46.11000061035156,32.81410217285156
2010-10-06,46.099998474121094,46.09000015258789,32.79986572265625
2010-10-07,46.189998626708984,45.68000030517578,32.50809860229492
2010-10-08,45.650001525878906,46.22999954223633,32.89948654174805
2010-10-11,46.150001525878906,46.20000076293945,32.878150939941406
2010-10-12,45.790000915527344,46.0099983215332,32.7429313659668
2010-10-13,46.540000915527344,46.86000061035156,33.34782791137695
2010-10-14,46.81999969482422,46.779998779296875,33.2909049987793
2010-10-15,47.02000045776367,46.720001220703125,33.248199462890625
2010-10-18,46.36000061035156,46.7400016784668,33.2624397277832
2010-10-19,45.68000030517578,45.2599983215332,32.209205627441406
2010-10-20,45.63999938964844,45.97999954223633,32.721580505371094
2010-10-21,46.2400016784668,45.97999954223633,32.721580505371094
2010-10-22,46.16999816894531,46.029998779296875,32.75716781616211
2010-10-25,46.59000015258789,46.529998779296875,33.11299514770508
2010-10-26,46.22999954223633,46.4900016784668,33.08452606201172
2010-10-27,45.83000183105469,45.70000076293945,32.5223274230957
2010-10-28,46.119998931884766,45.9900016784668,32.72871398925781
2010-10-29,45.90999984741211,46.119998931884766,32.821224212646484
2010-11-01,46.59000015258789,46.630001068115234,33.18416213989258
2010-11-02,47.04999923706055,47.209999084472656,33.596920013427734
2010-11-03,47.31999969482422,47.5,33.80329895019531
2010-11-04,48.220001220703125,48.58000183105469,34.571876525878906
2010-11-05,48.33000183105469,48.4900016784668,34.5078239440918
2010-11-08,48.11000061035156,48.290000915527344,34.365501403808594
2010-11-09,48.529998779296875,47.68000030517578,33.931400299072266
2010-11-10,47.939998626708984,48.029998779296875,34.18047332763672
2010-11-11,47.560001373291016,47.560001373291016,33.84598922729492
2010-11-12,46.88999938964844,46.40999984741211,33.02759552001953
2010-11-15,46.63999938964844,46.38999938964844,33.013370513916016
2010-11-16,45.90999984741211,45.16999816894531,32.1451530456543
2010-11-17,45.31999969482422,45.400001525878906,32.30883026123047
2010-11-18,46.27000045776367,46.47999954223633,33.07740783691406
2010-11-19,46.2599983215332,46.5099983215332,33.098758697509766
2010-11-22,46.27000045776367,46.369998931884766,32.9991340637207
2010-11-23,45.150001525878906,44.900001525878906,31.953006744384766
2010-11-24,45.630001068115234,45.939998626708984,32.693119049072266
2010-11-26,45.02000045776367,44.79999923706055,31.88184356689453
2010-11-29,44.959999084472656,45.150001525878906,32.130916595458984
2010-11-30,44.619998931884766,44.779998779296875,31.86760902404785
2010-12-01,45.900001525878906,46.060001373291016,32.77852249145508
2010-12-02,46.209999084472656,46.970001220703125,33.426124572753906
2010-12-03,46.56999969482422,47.13999938964844,33.547096252441406
2010-12-06,46.869998931884766,47.060001373291016,33.490169525146484
2010-12-07,47.59000015258789,46.84000015258789,33.33360290527344
2010-12-08,46.75,46.540000915527344,33.120121002197266
2010-12-09,46.720001220703125,46.380001068115234,33.006263732910156
2010-12-10,46.40999984741211,46.59000015258789,33.155696868896484
2010-12-13,46.869998931884766,46.88999938964844,33.36918640136719
2010-12-14,46.93000030517578,46.959999084472656,33.419010162353516
2010-12-15,46.689998626708984,46.20000076293945,32.878150939941406
2010-12-16,46.2400016784668,46.33000183105469,32.97066879272461
2010-12-17,46.209999084472656,46.400001525878906,33.02048873901367
2010-12-20,46.36000061035156,46.189998626708984,32.871036529541016
2010-12-21,46.33000183105469,46.5,33.3508415222168
2010-12-22,46.47999954223633,46.65999984741211,33.465614318847656
2010-12-23,46.5,46.61000061035156,33.429752349853516
2010-12-27,46.439998626708984,46.459999084472656,33.32217025756836
2010-12-28,46.54999923706055,46.5,33.3508415222168
2010-12-29,46.81999969482422,47.06999969482422,33.777835845947266
2010-12-30,47.33000183105469,47.310001373291016,33.9500617980957
2010-12-31,47.43000030517578,47.63999938964844,34.18687438964844
2011-01-03,48.029998779296875,48.099998474121094,34.516963958740234
2011-01-04,48.2599983215332,48.31999969482422,34.67483901977539
2011-01-05,47.900001525878906,48.20000076293945,34.5887336730957
2011-01-06,48.0099983215332,47.689998626708984,34.222755432128906
2011-01-07,47.5099983215332,47.25,33.907005310058594
2011-01-10,46.79999923706055,46.7599983215332,33.55537033081055
2011-01-11,47.27000045776367,47.2599983215332,33.9141845703125
2011-01-12,47.900001525878906,48.209999084472656,34.595909118652344
2011-01-13,48.099998474121094,47.790000915527344,34.29450607299805
2011-01-14,47.630001068115234,47.93000030517578,34.39496994018555
2011-01-18,47.849998474121094,47.86000061035156,34.344730377197266
2011-01-19,48.0,47.4900016784668,34.0792350769043
2011-01-20,47.130001068115234,46.970001220703125,33.706077575683594
2011-01-21,47.0,46.47999954223633,33.35444641113281
2011-01-24,46.47999954223633,46.84000015258789,33.612789154052734
2011-01-25,46.599998474121094,46.560001373291016,33.41185760498047
2011-01-26,47.0,46.970001220703125,33.706077575683594
2011-01-27,47.08000183105469,46.810001373291016,33.59125900268555
2011-01-28,46.61000061035156,45.33000183105469,32.5291862487793
2011-01-31,45.720001220703125,45.810001373291016,32.8736572265625
2011-02-01,46.209999084472656,46.91999816894531,33.67018127441406
2011-02-02,46.7599983215332,46.56999969482422,33.419029235839844
2011-02-03,46.650001525878906,46.5099983215332,33.3759765625
2011-02-04,46.58000183105469,46.5,33.36878967285156
2011-02-07,46.400001525878906,46.560001373291016,33.41185760498047
2011-02-08,46.41999816894531,46.58000183105469,33.42620849609375
2011-02-09,45.939998626708984,45.5099983215332,32.65835952758789
2011-02-10,44.849998474121094,45.08000183105469,32.34979248046875
2011-02-11,44.790000915527344,45.630001068115234,32.744483947753906
2011-02-14,45.70000076293945,45.400001525878906,32.579429626464844
2011-02-15,45.43000030517578,45.4900016784668,32.644020080566406
2011-02-16,45.59000015258789,45.869998931884766,32.91670227050781
2011-02-17,45.72999954223633,46.029998779296875,33.031524658203125
2011-02-18,46.18000030517578,46.310001373291016,33.232452392578125
2011-02-22,45.33000183105469,44.83000183105469,32.17039108276367
2011-02-23,44.959999084472656,44.869998931884766,32.199092864990234
2011-02-24,44.849998474121094,44.97999954223633,32.27803039550781
2011-02-25,45.38999938964844,45.52000045776367,32.6655387878418
2011-02-28,45.70000076293945,45.790000915527344,32.85929870605469
2011-03-01,46.09000015258789,45.31999969482422,32.522029876708984
2011-03-02,45.439998626708984,45.939998626708984,32.966941833496094
2011-03-03,46.5099983215332,46.849998474121094,33.619964599609375
2011-03-04,46.90999984741211,46.900001525878906,33.655845642089844
2011-03-07,46.959999084472656,46.2400016784668,33.182220458984375
2011-03-08,46.650001525878906,46.86000061035156,33.627132415771484
2011-03-09,46.88999938964844,46.95000076293945,33.69172286987305
2011-03-10,46.04999923706055,45.560001373291016,32.69424819946289
2011-03-11,45.279998779296875,46.029998779296875,33.031524658203125
2011-03-14,45.849998474121094,46.29999923706055,33.225276947021484
2011-03-15,44.5,45.529998779296875,32.67271423339844
2011-03-16,45.52000045776367,44.599998474121094,32.005340576171875
2011-03-17,45.2599983215332,45.150001525878906,32.4000244140625
2011-03-18,45.63999938964844,45.22999954223633,32.45743179321289
2011-03-21,46.08000183105469,46.099998474121094,33.08176040649414
2011-03-22,46.220001220703125,46.2400016784668,33.182220458984375
2011-03-23,46.34000015258789,46.849998474121094,33.619964599609375
2011-03-24,47.08000183105469,47.38999938964844,34.00746536254883
2011-03-25,47.400001525878906,47.34000015258789,33.97158432006836
2011-03-28,47.290000915527344,47.099998474121094,33.79936981201172
2011-03-29,47.310001373291016,47.63999938964844,34.18687438964844
2011-03-30,48.06999969482422,48.25,34.62461853027344
2011-03-31,48.540000915527344,48.66999816894531,34.926002502441406
2011-04-01,49.2400016784668,49.45000076293945,35.485740661621094
2011-04-04,49.68000030517578,49.869998931884766,35.78713607788086
2011-04-05,49.650001525878906,49.77000045776367,35.71538543701172
2011-04-06,50.209999084472656,50.040000915527344,35.90913009643555
2011-04-07,50.06999969482422,49.9900016784668,35.87325668334961
2011-04-08,50.27000045776367,50.040000915527344,35.90913009643555
2011-04-11,49.90999984741211,49.45000076293945,35.485740661621094
2011-04-12,49.060001373291016,48.52000045776367,34.81836700439453
2011-04-13,49.36000061035156,48.91999816894531,35.10541915893555
2011-04-14,48.81999969482422,49.06999969482422,35.21305465698242
2011-04-15,49.060001373291016,49.130001068115234,35.25611877441406
2011-04-18,48.150001525878906,47.900001525878906,34.37345504760742
2011-04-19,48.29999923706055,48.59000015258789,34.86860656738281
2011-04-20,49.65999984741211,49.7400016784668,35.693851470947266
2011-04-21,50.040000915527344,50.18000030517578,36.00960922241211
2011-04-25,50.11000061035156,49.77000045776367,35.71538543701172
2011-04-26,49.91999816894531,50.20000076293945,36.02394104003906
2011-04-27,50.130001068115234,50.11000061035156,35.95936965942383
2011-04-28,49.65999984741211,49.70000076293945,35.66515350341797
2011-04-29,49.7400016784668,50.0,35.88043975830078
2011-05-02,50.2400016784668,50.0099983215332,35.887596130371094
2011-05-03,49.31999969482422,48.900001525878906,35.0910530090332
2011-05-04,48.70000076293945,48.09000015258789,34.509796142578125
2011-05-05,47.70000076293945,47.630001068115234,34.17969512939453
2011-05-06,48.369998931884766,48.25,34.62461853027344
2011-05-09,48.2400016784668,48.34000015258789,34.68918991088867
2011-05-10,48.470001220703125,48.90999984741211,35.09823226928711
2011-05-11,48.560001373291016,47.83000183105469,34.32322311401367
2011-05-12,47.439998626708984,47.970001220703125,34.42368698120117
2011-05-13,47.7400016784668,46.91999816894531,33.67018127441406
2011-05-16,46.7599983215332,46.849998474121094,33.619964599609375
2011-05-17,46.58000183105469,47.0,33.72761154174805
2011-05-18,47.310001373291016,47.7599983215332,34.272987365722656
2011-05-19,47.650001525878906,47.45000076293945,34.0505256652832
2011-05-20,47.34000015258789,47.06999969482422,33.777835845947266
2011-05-23,45.93000030517578,46.09000015258789,33.0745849609375
2011-05-24,46.5099983215332,46.54999923706055,33.40467071533203
2011-05-25,46.27000045776367,46.650001525878906,33.4764404296875
2011-05-26,46.83000183105469,47.25,33.907005310058594
2011-05-27,47.56999969482422,47.75,34.26580810546875
2011-05-31,48.56999969482422,48.529998779296875,34.8255500793457
2011-06-01,48.43000030517578,47.65999984741211,34.20122146606445
2011-06-02,47.9900016784668,48.11000061035156,34.52415084838867
2011-06-03,47.54999923706055,47.869998931884766,34.3519172668457
2011-06-06,47.81999969482422,47.099998474121094,33.79936981201172
2011-06-07,47.709999084472656,47.470001220703125,34.06487274169922
2011-06-08,47.29999923706055,47.130001068115234,33.82089614868164
2011-06-09,47.11000061035156,47.5,34.08641052246094
2011-06-10,46.970001220703125,46.470001220703125,33.3472785949707
2011-06-13,46.689998626708984,46.38999938964844,33.28985595703125
2011-06-14,47.02000045776367,47.09000015258789,33.79218673706055
2011-06-15,46.47999954223633,46.08000183105469,33.067405700683594
2011-06-16,45.790000915527344,45.72999954223633,32.81624221801758
2011-06-17,46.06999969482422,45.790000915527344,32.85929870605469
2011-06-20,45.56999969482422,45.720001220703125,32.80906295776367
2011-06-21,46.130001068115234,46.560001373291016,33.41185760498047
2011-06-22,45.7599983215332,45.63999938964844,33.07917022705078
2011-06-23,45.029998779296875,45.58000183105469,33.03569793701172
2011-06-24,45.880001068115234,45.5,32.97770309448242
2011-06-27,45.47999954223633,46.029998779296875,33.361846923828125
2011-06-28,46.06999969482422,46.65999984741211,33.81846237182617
2011-06-29,46.779998779296875,47.09000015258789,34.13011169433594
2011-06-30,47.34000015258789,47.599998474121094,34.499752044677734
2011-07-01,47.58000183105469,48.15999984741211,34.905643463134766
2011-07-05,48.279998779296875,48.13999938964844,34.891143798828125
2011-07-06,47.93000030517578,47.81999969482422,34.659210205078125
2011-07-07,48.369998931884766,48.47999954223633,35.13755416870117
2011-07-08,47.93000030517578,47.93000030517578,34.73892593383789
2011-07-11,47.099998474121094,46.59000015258789,33.767723083496094
2011-07-12,46.25,46.119998931884766,33.42708206176758
2011-07-13,46.540000915527344,46.869998931884766,33.970664978027344
2011-07-14,47.119998931884766,46.369998931884766,33.6082649230957
2011-07-15,46.81999969482422,46.65999984741211,33.81846237182617
2011-07-18,46.22999954223633,46.119998931884766,33.42708206176758
2011-07-19,46.5,46.790000915527344,33.91267776489258
2011-07-20,47.029998779296875,46.93000030517578,34.014156341552734
2011-07-21,47.16999816894531,47.68000030517578,34.5577392578125
2011-07-22,47.689998626708984,47.650001525878906,34.53599548339844
2011-07-25,47.34000015258789,47.54999923706055,34.4635124206543
2011-07-26,47.84000015258789,47.709999084472656,34.57948684692383
2011-07-27,47.540000915527344,46.869998931884766,33.970664978027344
2011-07-28,47.09000015258789,46.90999984741211,33.999656677246094
2011-07-29,46.54999923706055,47.11000061035156,34.144622802734375
2011-08-01,47.66999816894531,47.06999969482422,34.115623474121094
2011-08-02,46.68000030517578,45.619998931884766,33.064674377441406
2011-08-03,45.599998474121094,45.459999084472656,32.94872283935547
2011-08-04,44.2400016784668,42.86000061035156,31.06427574157715
2011-08-05,43.150001525878906,42.58000183105469,30.861337661743164
2011-08-08,40.72999954223633,39.029998779296875,28.28835105895996
2011-08-09,40.0,41.31999969482422,29.948101043701172
2011-08-10,40.060001373291016,39.130001068115234,28.360828399658203
2011-08-11,40.04999923706055,41.290000915527344,29.926368713378906
2011-08-12,41.31999969482422,41.27000045776367,29.911867141723633
2011-08-15,41.90999984741211,42.22999954223633,30.607664108276367
2011-08-16,41.779998779296875,41.869998931884766,30.34673500061035
2011-08-17,42.150001525878906,42.16999816894531,30.56418228149414
2011-08-18,40.630001068115234,40.18000030517578,29.121854782104492
2011-08-19,39.619998931884766,39.68000030517578,28.75945472717285
2011-08-22,40.34000015258789,39.63999938964844,28.730466842651367
2011-08-23,40.15999984741211,41.029998779296875,29.7379150390625
2011-08-24,40.38999938964844,40.630001068115234,29.448007583618164
2011-08-25,40.619998931884766,39.84000015258789,28.875436782836914
2011-08-26,39.880001068115234,40.52000045776367,29.3682861328125
2011-08-29,41.279998779296875,41.83000183105469,30.31775665283203
2011-08-30,41.59000015258789,41.88999938964844,30.36123275756836
2011-08-31,42.650001525878906,42.75,30.98455238342285
2011-09-01,42.869998931884766,42.52000045776367,30.817855834960938
2011-09-02,41.86000061035156,41.560001373291016,30.122055053710938
2011-09-06,40.189998626708984,41.130001068115234,29.810392379760742
2011-09-07,41.83000183105469,42.349998474121094,30.694637298583984
2011-09-08,41.619998931884766,41.40999984741211,30.013328552246094
2011-09-09,40.77000045776367,40.0099983215332,28.998640060424805
2011-09-12,39.27000045776367,39.93000030517578,28.94066047668457
2011-09-13,39.72999954223633,39.9900016784668,28.98415184020996
2011-09-14,39.709999084472656,39.880001068115234,28.9044189453125
2011-09-15,40.38999938964844,40.459999084472656,29.324790954589844
2011-09-16,40.650001525878906,40.529998779296875,29.375524520874023
2011-09-19,39.099998474121094,39.33000183105469,28.50578498840332
2011-09-20,39.47999954223633,39.040000915527344,28.29559898376465
2011-09-21,38.810001373291016,37.59000015258789,27.244653701782227
2011-09-22,35.810001373291016,34.95000076293945,25.331228256225586
2011-09-23,35.38999938964844,35.880001068115234,26.005281448364258
2011-09-26,35.56999969482422,36.41999816894531,26.396665573120117
2011-09-27,37.61000061035156,37.58000183105469,27.237411499023438
2011-09-28,37.400001525878906,36.45000076293945,26.418399810791016
2011-09-29,37.41999816894531,36.95000076293945,26.780794143676758
2011-09-30,36.0099983215332,35.099998474121094,25.439943313598633
2011-10-03,35.06999969482422,34.36000061035156,24.903600692749023
2011-10-04,33.93000030517578,34.88999938964844,25.287738800048828
2011-10-05,34.7599983215332,35.70000076293945,25.874818801879883
2011-10-06,35.779998779296875,36.880001068115234,26.730058670043945
2011-10-07,37.099998474121094,36.439998626708984,26.411157608032227
2011-10-10,37.459999084472656,38.06999969482422,27.59255599975586
2011-10-11,37.58000183105469,38.09000015258789,27.607051849365234
2011-10-12,38.88999938964844,39.15999984741211,28.382577896118164
2011-10-13,38.84000015258789,38.810001373291016,28.12889862060547
2011-10-14,39.400001525878906,39.59000015258789,28.694225311279297
2011-10-17,39.16999816894531,38.25,27.723018646240234
2011-10-18,38.31999969482422,39.27000045776367,28.46230697631836
2011-10-19,39.02000045776367,38.52000045776367,27.918716430664062
2011-10-20,38.209999084472656,37.779998779296875,27.382366180419922
2011-10-21,38.38999938964844,38.86000061035156,28.165143966674805
2011-10-24,39.34000015258789,40.380001068115234,29.266809463500977
2011-10-25,39.900001525878906,39.58000183105469,28.686979293823242
2011-10-26,40.38999938964844,40.310001373291016,29.2160701751709
2011-10-27,42.09000015258789,42.7599983215332,30.99179458618164
2011-10-28,42.02000045776367,42.400001525878906,30.730873107910156
2011-10-31,41.599998474121094,40.810001373291016,29.57847785949707
2011-11-01,39.290000915527344,39.81999969482422,28.86092185974121
2011-11-02,40.939998626708984,41.040000915527344,29.74517250061035
2011-11-03,41.290000915527344,41.459999084472656,30.049570083618164
2011-11-04,41.11000061035156,41.189998626708984,29.8538818359375
2011-11-07,41.130001068115234,41.540000915527344,30.107563018798828
2011-11-08,41.61000061035156,42.029998779296875,30.462705612182617
2011-11-09,40.400001525878906,39.56999969482422,28.679737091064453
2011-11-10,40.189998626708984,39.83000183105469,28.868179321289062
2011-11-11,40.369998931884766,40.790000915527344,29.563976287841797
2011-11-14,40.5,40.22999954223633,29.15809440612793
2011-11-15,40.18000030517578,40.47999954223633,29.339290618896484
2011-11-16,39.75,39.38999938964844,28.549274444580078
2011-11-17,39.599998474121094,38.38999938964844,27.82448387145996
2011-11-18,38.95000076293945,38.540000915527344,27.933208465576172
2011-11-21,37.5099983215332,37.29999923706055,27.034475326538086
2011-11-22,37.45000076293945,37.43000030517578,27.128700256347656
2011-11-23,36.790000915527344,36.220001220703125,26.2517032623291
2011-11-25,36.22999954223633,36.099998474121094,26.164731979370117
2011-11-28,37.720001220703125,37.83000183105469,27.41861343383789
2011-11-29,37.720001220703125,37.65999984741211,27.295392990112305
2011-11-30,39.5,40.0099983215332,28.998640060424805
2011-12-01,40.029998779296875,39.88999938964844,28.911663055419922
2011-12-02,40.38999938964844,39.77000045776367,28.824691772460938
2011-12-05,40.5,40.41999816894531,29.29579734802246
2011-12-06,39.86000061035156,39.869998931884766,28.89716339111328
2011-12-07,39.77000045776367,40.029998779296875,29.013137817382812
2011-12-08,39.43000030517578,38.59000015258789,27.96944236755371
2011-12-09,38.709999084472656,39.369998931884766,28.53477668762207
2011-12-12,38.2400016784668,37.88999938964844,27.462099075317383
2011-12-13,38.2400016784668,37.540000915527344,27.20842742919922
2011-12-14,37.400001525878906,37.0,26.817039489746094
2011-12-15,37.7400016784668,37.2400016784668,26.990983963012695
2011-12-16,37.619998931884766,37.52000045776367,27.193923950195312
2011-12-19,37.22999954223633,36.54999923706055,26.490877151489258
2011-12-20,37.15999984741211,37.720001220703125,27.60092544555664
2011-12-21,37.630001068115234,37.84000015258789,27.688730239868164
2011-12-22,37.88999938964844,38.34000015258789,28.054595947265625
2011-12-23,38.31999969482422,38.4900016784668,28.164352416992188
2011-12-27,38.18000030517578,38.119998931884766,27.89362335205078
2011-12-28,37.93000030517578,37.47999954223633,27.425304412841797
2011-12-29,37.66999816894531,37.90999984741211,27.739953994750977
2011-12-30,37.880001068115234,37.939998626708984,27.761905670166016
2012-01-03,38.97999954223633,39.099998474121094,28.610706329345703
2012-01-04,38.7400016784668,38.880001068115234,28.44972801208496
2012-01-05,38.63999938964844,38.709999084472656,28.325334548950195
2012-01-06,38.66999816894531,38.220001220703125,27.96678352355957
2012-01-09,38.58000183105469,38.619998931884766,28.259477615356445
2012-01-10,39.5,39.459999084472656,28.874130249023438
2012-01-11,39.22999954223633,39.4900016784668,28.896085739135742
2012-01-12,39.689998626708984,39.650001525878906,29.013158798217773
2012-01-13,39.36000061035156,39.290000915527344,28.749736785888672
2012-01-17,40.13999938964844,40.040000915527344,29.298540115356445
2012-01-18,40.25,41.04999923706055,30.0375919342041
2012-01-19,41.2599983215332,41.40999984741211,30.30099868774414
2012-01-20,41.310001373291016,41.380001068115234,30.2790584564209
2012-01-23,41.58000183105469,41.779998779296875,30.571754455566406
2012-01-24,41.400001525878906,41.84000015258789,30.615652084350586
2012-01-25,41.52000045776367,42.310001373291016,30.959571838378906
2012-01-26,42.61000061035156,42.13999938964844,30.83517837524414
2012-01-27,42.15999984741211,42.36000061035156,30.99614906311035
2012-01-30,41.5099983215332,41.75,30.5497989654541
2012-01-31,42.27000045776367,42.11000061035156,30.813222885131836
2012-02-01,42.75,43.040000915527344,31.493724822998047
2012-02-02,43.25,43.15999984741211,31.58152961730957
2012-02-03,43.72999954223633,43.880001068115234,32.108394622802734
2012-02-06,43.290000915527344,43.5099983215332,31.8376407623291
2012-02-07,43.310001373291016,43.599998474121094,31.903512954711914
2012-02-08,43.869998931884766,43.90999984741211,32.13033676147461
2012-02-09,43.970001220703125,43.88999938964844,32.11571502685547
2012-02-10,42.939998626708984,42.91999816894531,31.405927658081055
2012-02-13,43.630001068115234,43.619998931884766,31.918140411376953
2012-02-14,43.31999969482422,43.2599983215332,31.65471649169922
2012-02-15,43.779998779296875,43.380001068115234,31.74251937866211
2012-02-16,43.209999084472656,43.849998474121094,32.08643341064453
2012-02-17,44.0099983215332,43.93000030517578,32.14497756958008
2012-02-21,44.04999923706055,43.75,32.01325988769531
2012-02-22,43.810001373291016,43.83000183105469,32.07179641723633
2012-02-23,43.7400016784668,43.75,32.01325988769531
2012-02-24,43.959999084472656,44.189998626708984,32.335227966308594
2012-02-27,43.56999969482422,43.75,32.01325988769531
2012-02-28,44.029998779296875,44.36000061035156,32.459625244140625
2012-02-29,44.63999938964844,44.33000183105469,32.43767166137695
2012-03-01,44.47999954223633,44.75,32.7449951171875
2012-03-02,44.599998474121094,44.63999938964844,32.66450119018555
2012-03-05,44.22999954223633,43.869998931884766,32.101070404052734
2012-03-06,42.75,42.400001525878906,31.025423049926758
2012-03-07,42.75,42.90999984741211,31.39861488342285
2012-03-08,43.56999969482422,43.810001373291016,32.057159423828125
2012-03-09,43.810001373291016,43.790000915527344,32.042537689208984
2012-03-12,43.4900016784668,43.310001373291016,31.691303253173828
2012-03-13,43.7400016784668,44.4900016784668,32.554744720458984
2012-03-14,44.2599983215332,43.790000915527344,32.042537689208984
2012-03-15,44.029998779296875,44.13999938964844,32.29863357543945
2012-03-16,44.06999969482422,44.09000015258789,32.262054443359375
2012-03-19,43.709999084472656,43.91999816894531,32.13766098022461
2012-03-20,43.15999984741211,43.15999984741211,31.58152961730957
2012-03-21,43.18000030517578,43.2400016784668,31.640079498291016
2012-03-22,42.810001373291016,42.58000183105469,31.15714454650879
2012-03-23,42.630001068115234,42.900001525878906,31.39128303527832
2012-03-26,43.18000030517578,43.650001525878906,31.940074920654297
2012-03-27,43.650001525878906,43.41999816894531,31.77178382873535
2012-03-28,43.209999084472656,42.689998626708984,31.237628936767578
2012-03-29,42.220001220703125,42.63999938964844,31.2010498046875
2012-03-30,43.04999923706055,42.95000076293945,31.42787742614746
2012-04-02,42.900001525878906,43.540000915527344,31.85959815979004
2012-04-03,43.61000061035156,43.290000915527344,31.67667579650879
2012-04-04,42.560001373291016,42.5099983215332,31.105918884277344
2012-04-05,42.52000045776367,42.7400016784668,31.274213790893555
2012-04-09,42.09000015258789,42.11000061035156,30.813222885131836
2012-04-10,41.970001220703125,41.290000915527344,30.213207244873047
2012-04-11,41.880001068115234,41.7400016784668,30.542484283447266
2012-04-12,41.95000076293945,42.810001373291016,31.325439453125
2012-04-13,42.58000183105469,42.15999984741211,30.849807739257812
2012-04-16,42.459999084472656,41.95000076293945,30.696147918701172
2012-04-17,42.16999816894531,42.43000030517578,31.047380447387695
2012-04-18,42.060001373291016,42.22999954223633,30.90102767944336
2012-04-19,42.150001525878906,42.040000915527344,30.762008666992188
2012-04-20,42.310001373291016,42.33000183105469,30.974201202392578
2012-04-23,41.56999969482422,41.52000045776367,30.381494522094727
2012-04-24,41.630001068115234,41.61000061035156,30.447357177734375
2012-04-25,41.95000076293945,41.9900016784668,30.72541618347168
2012-04-26,41.84000015258789,42.25,30.915664672851562
2012-04-27,42.279998779296875,42.310001373291016,30.959571838378906
2012-04-30,42.310001373291016,42.220001220703125,30.89371109008789
2012-05-01,42.25,42.5,31.098600387573242
2012-05-02,42.369998931884766,42.41999816894531,31.04006576538086
2012-05-03,42.439998626708984,42.099998474121094,30.805906295776367
2012-05-04,41.869998931884766,41.36000061035156,30.264421463012695
2012-05-07,41.290000915527344,41.5099983215332,30.37418556213379
2012-05-08,41.130001068115234,40.849998474121094,29.891237258911133
2012-05-09,40.11000061035156,40.31999969482422,29.503419876098633
2012-05-10,40.7400016784668,40.4900016784668,29.627809524536133
2012-05-11,40.0099983215332,39.970001220703125,29.247325897216797
2012-05-14,39.27000045776367,39.060001373291016,28.581443786621094
2012-05-15,39.09000015258789,38.720001220703125,28.332658767700195
2012-05-16,38.5099983215332,38.16999816894531,27.93019676208496
2012-05-17,38.150001525878906,37.650001525878906,27.549701690673828
2012-05-18,37.7599983215332,37.290000915527344,27.28627586364746
2012-05-21,37.5,38.18000030517578,27.93752098083496
2012-05-22,38.13999938964844,37.779998779296875,27.64482307434082
2012-05-23,37.380001068115234,37.52000045776367,27.454574584960938
2012-05-24,37.630001068115234,37.33000183105469,27.315553665161133
2012-05-25,37.18000030517578,37.150001525878906,27.183837890625
2012-05-29,38.150001525878906,38.20000076293945,27.9521427154541
2012-05-30,37.470001220703125,37.540000915527344,27.46921157836914
2012-05-31,37.61000061035156,37.70000076293945,27.586284637451172
2012-06-01,36.93000030517578,36.689998626708984,26.84723663330078
2012-06-04,36.75,36.849998474121094,26.964313507080078
2012-06-05,36.86000061035156,36.95000076293945,27.037485122680664
2012-06-06,37.36000061035156,38.029998779296875,27.827760696411133
2012-06-07,38.84000015258789,38.2599983215332,27.99605369567871
2012-06-08,37.689998626708984,37.93000030517578,27.754575729370117
2012-06-11,38.27000045776367,37.380001068115234,27.352128982543945
2012-06-12,37.90999984741211,38.15999984741211,27.922880172729492
2012-06-13,38.099998474121094,38.02000045776367,27.8204345703125
2012-06-14,37.970001220703125,38.290000915527344,28.018014907836914
2012-06-15,38.470001220703125,38.9900016784668,28.530227661132812
2012-06-18,38.7400016784668,39.06999969482422,28.58875274658203
2012-06-19,39.400001525878906,39.70000076293945,29.04975700378418
2012-06-20,39.70000076293945,39.56999969482422,28.954620361328125
2012-06-21,38.83000183105469,37.66999816894531,27.894245147705078
2012-06-22,37.970001220703125,37.790000915527344,27.98310661315918
2012-06-25,37.22999954223633,37.09000015258789,27.464759826660156
2012-06-26,37.34000015258789,37.40999984741211,27.701717376708984
2012-06-27,37.63999938964844,37.650001525878906,27.879436492919922
2012-06-28,37.310001373291016,37.470001220703125,27.746150970458984
2012-06-29,38.650001525878906,39.130001068115234,28.975366592407227
2012-07-02,39.060001373291016,39.130001068115234,28.975366592407227
2012-07-03,39.5,39.90999984741211,29.552936553955078
2012-07-05,39.560001373291016,39.4900016784668,29.241933822631836
2012-07-06,38.900001525878906,38.77000045776367,28.708791732788086
2012-07-09,38.599998474121094,38.630001068115234,28.605112075805664
2012-07-10,38.9900016784668,38.20000076293945,28.286697387695312
2012-07-11,38.349998474121094,38.400001525878906,28.434803009033203
2012-07-12,37.66999816894531,37.7599983215332,27.960880279541016
2012-07-13,38.08000183105469,38.4900016784668,28.501441955566406
2012-07-16,38.27000045776367,38.400001525878906,28.434803009033203
2012-07-17,38.63999938964844,38.90999984741211,28.812454223632812
2012-07-18,38.349998474121094,38.810001373291016,28.738401412963867
2012-07-19,39.0099983215332,39.16999816894531,29.004972457885742
2012-07-20,38.689998626708984,38.59000015258789,28.57549285888672
2012-07-23,37.4900016784668,37.58000183105469,27.827604293823242
2012-07-24,37.7599983215332,37.41999816894531,27.70911407470703
2012-07-25,37.689998626708984,37.599998474121094,27.842409133911133
2012-07-26,38.189998626708984,38.45000076293945,28.47182273864746
2012-07-27,38.880001068115234,39.529998779296875,29.27155876159668
2012-07-30,39.2599983215332,39.29999923706055,29.10123634338379
2012-07-31,39.4900016784668,39.119998931884766,28.967954635620117
2012-08-01,39.540000915527344,39.189998626708984,29.019784927368164
2012-08-02,38.75,38.72999954223633,28.67916488647461
2012-08-03,39.529998779296875,39.93000030517578,29.5677490234375
2012-08-06,39.97999954223633,40.18000030517578,29.752880096435547
2012-08-07,40.2400016784668,40.290000915527344,29.834331512451172
2012-08-08,40.150001525878906,40.369998931884766,29.893558502197266
2012-08-09,40.5099983215332,40.540000915527344,30.01944923400879
2012-08-10,40.380001068115234,40.72999954223633,30.160137176513672
2012-08-13,40.470001220703125,40.369998931884766,29.893558502197266
2012-08-14,40.599998474121094,40.36000061035156,29.886173248291016
2012-08-15,40.25,40.29999923706055,29.84173583984375
2012-08-16,40.40999984741211,40.66999816894531,30.115720748901367
2012-08-17,40.4900016784668,40.470001220703125,29.967615127563477
2012-08-20,40.209999084472656,40.45000076293945,29.952810287475586
2012-08-21,40.66999816894531,40.38999938964844,29.908374786376953
2012-08-22,40.150001525878906,40.40999984741211,29.923187255859375
2012-08-23,40.310001373291016,40.040000915527344,29.64920425415039
2012-08-24,39.869998931884766,40.04999923706055,29.656599044799805
2012-08-27,39.849998474121094,39.63999938964844,29.353010177612305
2012-08-28,39.59000015258789,39.560001373291016,29.293777465820312
2012-08-29,39.599998474121094,39.369998931884766,29.15306854248047
2012-08-30,39.119998931884766,38.90999984741211,28.812454223632812
2012-08-31,39.20000076293945,39.279998779296875,29.08643341064453
2012-09-04,39.29999923706055,39.060001373291016,28.92353057861328
2012-09-05,38.900001525878906,38.86000061035156,28.775426864624023
2012-09-06,39.09000015258789,39.720001220703125,29.412246704101562
2012-09-07,40.2599983215332,40.63999938964844,30.093490600585938
2012-09-10,40.40999984741211,40.119998931884766,29.708444595336914
2012-09-11,40.349998474121094,40.599998474121094,30.063875198364258
2012-09-12,40.84000015258789,40.779998779296875,30.19716453552246
2012-09-13,40.61000061035156,41.880001068115234,31.011714935302734
2012-09-14,42.310001373291016,42.369998931884766,31.374549865722656
2012-09-17,42.15999984741211,41.90999984741211,31.03392219543457
2012-09-18,41.900001525878906,41.93000030517578,31.048738479614258
2012-09-19,41.939998626708984,41.93000030517578,31.048738479614258
2012-09-20,41.45000076293945,41.68000030517578,30.863609313964844
2012-09-21,42.029998779296875,41.779998779296875,30.937658309936523
2012-09-24,41.61000061035156,41.7400016784668,30.908039093017578
2012-09-25,41.810001373291016,41.119998931884766,30.448932647705078
2012-09-26,40.9900016784668,40.93000030517578,30.308252334594727
2012-09-27,41.43000030517578,41.58000183105469,30.789554595947266
2012-09-28,41.47999954223633,41.33000183105469,30.604446411132812
2012-10-01,41.689998626708984,41.7400016784668,30.908039093017578
2012-10-02,41.970001220703125,41.79999923706055,30.952468872070312
2012-10-03,41.810001373291016,41.52000045776367,30.745119094848633
2012-10-04,41.65999984741211,41.95000076293945,31.063539505004883
2012-10-05,42.15999984741211,41.95000076293945,31.063539505004883
2012-10-08,41.43000030517578,41.58000183105469,30.789554595947266
2012-10-09,41.529998779296875,41.27000045776367,30.56001091003418
2012-10-10,41.33000183105469,41.02000045776367,30.374881744384766
2012-10-11,41.470001220703125,41.400001525878906,30.656274795532227
2012-10-12,41.349998474121094,41.27000045776367,30.56001091003418
2012-10-15,41.380001068115234,41.5099983215332,30.737722396850586
2012-10-16,41.779998779296875,41.939998626708984,31.056137084960938
2012-10-17,42.060001373291016,42.27000045776367,31.30048942565918
2012-10-18,42.060001373291016,42.150001525878906,31.211639404296875
2012-10-19,41.88999938964844,41.5,30.730318069458008
2012-10-22,41.86000061035156,41.900001525878906,31.02651023864746
2012-10-23,41.2400016784668,41.040000915527344,30.389690399169922
2012-10-24,41.40999984741211,41.08000183105469,30.419315338134766
2012-10-25,41.66999816894531,41.529998779296875,30.75253677368164
2012-10-26,41.27000045776367,41.209999084472656,30.51557159423828
2012-10-31,41.33000183105469,41.150001525878906,30.47114372253418
2012-11-01,41.540000915527344,41.81999969482422,30.967281341552734
2012-11-02,42.04999923706055,41.599998474121094,30.80436897277832
2012-11-05,41.54999923706055,41.79999923706055,30.952468872070312
2012-11-06,41.90999984741211,42.130001068115234,31.196823120117188
2012-11-07,41.790000915527344,41.439998626708984,30.685882568359375
2012-11-08,41.40999984741211,40.91999816894531,30.30082893371582
2012-11-09,40.970001220703125,41.0,30.360078811645508
2012-11-12,41.16999816894531,41.150001525878906,30.47114372253418
2012-11-13,40.65999984741211,40.779998779296875,30.19716453552246
2012-11-14,40.84000015258789,40.150001525878906,29.730661392211914
2012-11-15,40.22999954223633,40.290000915527344,29.834331512451172
2012-11-16,40.25,40.40999984741211,29.923187255859375
2012-11-19,40.77000045776367,41.119998931884766,30.448932647705078
2012-11-20,40.790000915527344,41.040000915527344,30.389690399169922
2012-11-21,40.880001068115234,40.959999084472656,30.330459594726562
2012-11-23,41.45000076293945,41.630001068115234,30.82657814025879
2012-11-26,41.459999084472656,41.630001068115234,30.82657814025879
2012-11-27,41.59000015258789,41.279998779296875,30.567407608032227
2012-11-28,41.029998779296875,41.5099983215332,30.737722396850586
2012-11-29,41.7400016784668,41.810001373291016,30.95986557006836
2012-11-30,41.900001525878906,41.790000915527344,30.945056915283203
2012-12-03,42.04999923706055,41.77000045776367,30.930259704589844
2012-12-04,41.939998626708984,41.88999938964844,31.019113540649414
2012-12-05,42.31999969482422,42.34000015258789,31.352327346801758
2012-12-06,42.400001525878906,42.65999984741211,31.589296340942383
2012-12-07,42.7400016784668,42.790000915527344,31.685550689697266
2012-12-10,42.779998779296875,43.029998779296875,31.863265991210938
2012-12-11,43.06999969482422,43.25,32.02617645263672
2012-12-12,43.38999938964844,43.380001068115234,32.122432708740234
2012-12-13,43.349998474121094,43.189998626708984,31.981754302978516
2012-12-14,43.27000045776367,43.380001068115234,32.122432708740234
2012-12-17,43.279998779296875,43.4900016784668,32.20389938354492
2012-12-18,43.189998626708984,43.529998779296875,32.42887496948242
2012-12-19,43.58000183105469,43.5099983215332,32.41397476196289
2012-12-20,43.52000045776367,43.77000045776367,32.607666015625
2012-12-21,43.029998779296875,43.27000045776367,32.23518753051758
2012-12-24,43.209999084472656,43.18000030517578,32.16813278198242
2012-12-26,43.4900016784668,43.310001373291016,32.26498031616211
2012-12-27,43.540000915527344,43.540000915527344,32.44681930541992
2012-12-28,43.52000045776367,43.70000076293945,32.566043853759766
2012-12-31,43.75,44.349998474121094,33.05044174194336
2013-01-02,44.90999984741211,45.220001220703125,33.69878387451172
2013-01-03,44.900001525878906,44.900001525878906,33.46031188964844
2013-01-04,44.689998626708984,44.9900016784668,33.52739715576172
2013-01-07,44.63999938964844,44.650001525878906,33.27400207519531
2013-01-08,44.400001525878906,44.25,32.97591781616211
2013-01-09,44.38999938964844,44.439998626708984,33.11750793457031
2013-01-10,44.709999084472656,44.83000183105469,33.40813446044922
2013-01-11,44.47999954223633,44.470001220703125,33.139869689941406
2013-01-14,44.650001525878906,44.65999984741211,33.281463623046875
2013-01-15,44.36000061035156,44.470001220703125,33.139869689941406
2013-01-16,44.130001068115234,44.43000030517578,33.11005783081055
2013-01-17,44.630001068115234,44.68000030517578,33.296363830566406
2013-01-18,44.689998626708984,44.779998779296875,33.37088394165039
2013-01-22,44.630001068115234,44.709999084472656,33.3187141418457
2013-01-23,44.5,44.470001220703125,33.139869689941406
2013-01-24,44.41999816894531,44.310001373291016,33.020633697509766
2013-01-25,44.220001220703125,44.15999984741211,32.90884780883789
2013-01-28,44.040000915527344,43.849998474121094,32.677833557128906
2013-01-29,44.099998474121094,44.34000015258789,33.04298782348633
2013-01-30,44.150001525878906,44.130001068115234,32.88648986816406
2013-01-31,44.18000030517578,44.220001220703125,32.95357131958008
2013-02-01,44.470001220703125,44.5099983215332,33.169677734375
2013-02-04,44.16999816894531,43.91999816894531,32.72998809814453
2013-02-05,44.099998474121094,43.970001220703125,32.76726150512695
2013-02-06,43.7599983215332,43.91999816894531,32.72998809814453
2013-02-07,43.849998474121094,43.529998779296875,32.439361572265625
2013-02-08,43.65999984741211,43.849998474121094,32.677833557128906
2013-02-11,43.77000045776367,43.83000183105469,32.662925720214844
2013-02-12,43.83000183105469,43.95000076293945,32.752357482910156
2013-02-13,44.20000076293945,44.16999816894531,32.91630935668945
2013-02-14,44.0,44.150001525878906,32.90139389038086
2013-02-15,44.189998626708984,43.9900016784668,32.78216552734375
2013-02-19,44.029998779296875,44.08000183105469,32.84923553466797
2013-02-20,44.279998779296875,43.689998626708984,32.558589935302734
2013-02-21,43.34000015258789,43.09000015258789,32.11146926879883
2013-02-22,43.380001068115234,43.279998779296875,32.2530517578125
2013-02-25,43.630001068115234,42.70000076293945,31.820825576782227
2013-02-26,42.939998626708984,42.939998626708984,31.99968910217285
2013-02-27,42.95000076293945,43.40999984741211,32.34993362426758
2013-02-28,43.38999938964844,43.209999084472656,32.20089340209961
2013-03-01,43.06999969482422,43.310001373291016,32.275413513183594
2013-03-04,42.83000183105469,42.900001525878906,31.96986961364746
2013-03-05,43.34000015258789,43.41999816894531,32.35738754272461
2013-03-06,43.630001068115234,43.630001068115234,32.513885498046875
2013-03-07,43.63999938964844,43.75,32.603309631347656
2013-03-08,44.029998779296875,44.130001068115234,32.88648986816406
2013-03-11,43.93000030517578,43.88999938964844,32.7076416015625
2013-03-12,43.66999816894531,43.38999938964844,32.335025787353516
2013-03-13,43.310001373291016,42.97999954223633,32.02949142456055
2013-03-14,43.130001068115234,43.15999984741211,32.163631439208984
2013-03-15,42.91999816894531,42.77000045776367,31.87299346923828
2013-03-18,42.279998779296875,42.290000915527344,31.515287399291992
2013-03-19,42.31999969482422,41.9900016784668,31.29172706604004
2013-03-20,42.310001373291016,42.22999954223633,31.470582962036133
2013-03-21,42.02000045776367,41.79999923706055,31.150129318237305
2013-03-22,41.900001525878906,41.959999084472656,31.269372940063477
2013-03-25,42.2400016784668,41.91999816894531,31.239561080932617
2013-03-26,42.290000915527344,42.52000045776367,31.686697006225586
2013-03-27,42.25,42.68000030517578,31.805925369262695
2013-03-28,42.560001373291016,42.77000045776367,31.87299346923828
2013-04-01,42.720001220703125,42.310001373291016,31.53019142150879
2013-04-02,42.540000915527344,42.33000183105469,31.54509925842285
2013-04-03,42.27000045776367,41.83000183105469,31.172489166259766
2013-04-04,41.790000915527344,41.709999084472656,31.083065032958984
2013-04-05,40.9900016784668,41.61000061035156,31.0085506439209
2013-04-08,41.45000076293945,41.68000030517578,31.06071662902832
2013-04-09,41.7400016784668,42.09000015258789,31.366252899169922
2013-04-10,42.38999938964844,42.4900016784668,31.664335250854492
2013-04-11,42.560001373291016,42.529998779296875,31.69414520263672
2013-04-12,42.06999969482422,41.880001068115234,31.209758758544922
2013-04-15,41.5099983215332,40.86000061035156,30.449636459350586
2013-04-16,41.689998626708984,41.70000076293945,31.075611114501953
2013-04-17,41.349998474121094,41.040000915527344,30.583770751953125
2013-04-18,41.290000915527344,41.040000915527344,30.583770751953125
2013-04-19,41.61000061035156,41.63999938964844,31.03089141845703
2013-04-22,41.779998779296875,41.84000015258789,31.179935455322266
2013-04-23,41.7599983215332,42.040000915527344,31.328983306884766
2013-04-24,42.119998931884766,42.290000915527344,31.515287399291992
2013-04-25,42.52000045776367,42.66999816894531,31.79847526550293
2013-04-26,42.45000076293945,42.2400016784668,31.478036880493164
2013-04-29,42.619998931884766,42.68000030517578,31.805925369262695
2013-04-30,42.83000183105469,43.290000915527344,32.2605094909668
2013-05-01,43.220001220703125,42.81999969482422,31.91025733947754
2013-05-02,43.0,43.15999984741211,32.163631439208984
2013-05-03,43.40999984741211,43.52000045776367,32.43191146850586
2013-05-06,43.52000045776367,43.58000183105469,32.47663116455078
2013-05-07,43.75,43.88999938964844,32.7076416015625
2013-05-08,44.06999969482422,44.22999954223633,32.96100616455078
2013-05-09,44.150001525878906,43.90999984741211,32.72255325317383
2013-05-10,43.619998931884766,43.56999969482422,32.46917724609375
2013-05-13,43.310001373291016,43.16999816894531,32.171085357666016
2013-05-14,43.34000015258789,43.369998931884766,32.32012176513672
2013-05-15,43.27000045776367,43.380001068115234,32.32757568359375
2013-05-16,43.380001068115234,43.22999954223633,32.21579360961914
2013-05-17,43.33000183105469,43.41999816894531,32.35738754272461
2013-05-20,43.40999984741211,43.529998779296875,32.439361572265625
2013-05-21,43.45000076293945,43.439998626708984,32.37229537963867
2013-05-22,43.560001373291016,42.959999084472656,32.01458740234375
2013-05-23,42.279998779296875,42.63999938964844,31.776113510131836
2013-05-24,42.27000045776367,42.27000045776367,31.500381469726562
2013-05-28,42.779998779296875,42.5,31.671789169311523
2013-05-29,42.220001220703125,41.959999084472656,31.269372940063477
2013-05-30,41.900001525878906,41.959999084472656,31.269372940063477
2013-05-31,41.619998931884766,41.20000076293945,30.703006744384766
2013-06-03,41.400001525878906,41.810001373291016,31.157596588134766
2013-06-04,41.790000915527344,41.29999923706055,30.777528762817383
2013-06-05,41.209999084472656,40.560001373291016,30.226055145263672
2013-06-06,40.5,40.900001525878906,30.479434967041016
2013-06-07,40.66999816894531,40.689998626708984,30.32293701171875
2013-06-10,40.33000183105469,40.13999938964844,29.913070678710938
2013-06-11,39.31999969482422,39.380001068115234,29.346704483032227
2013-06-12,39.70000076293945,39.11000061035156,29.14549446105957
2013-06-13,39.09000015258789,39.939998626708984,29.764022827148438
2013-06-14,39.810001373291016,39.310001373291016,29.294546127319336
2013-06-17,39.75,39.66999816894531,29.562814712524414
2013-06-18,39.56999969482422,39.84000015258789,29.68951416015625
2013-06-19,39.540000915527344,38.61000061035156,28.772884368896484
2013-06-20,37.689998626708984,36.880001068115234,27.483657836914062
2013-06-21,37.400001525878906,37.40999984741211,27.878629684448242
2013-06-24,36.4900016784668,36.650001525878906,27.3122615814209
2013-06-25,37.279998779296875,37.43000030517578,27.89352798461914
2013-06-26,37.720001220703125,38.02000045776367,28.333206176757812
2013-06-27,37.97999954223633,38.279998779296875,28.9017333984375
2013-06-28,37.9900016784668,38.5,29.067827224731445
2013-07-01,38.68000030517578,38.619998931884766,29.158430099487305
2013-07-02,38.52000045776367,37.93000030517578,28.637470245361328
2013-07-03,37.400001525878906,37.58000183105469,28.37322425842285
2013-07-05,37.63999938964844,37.34000015258789,28.19202423095703
2013-07-08,37.34000015258789,37.38999938964844,28.229774475097656
2013-07-09,37.79999923706055,37.880001068115234,28.599727630615234
2013-07-10,37.70000076293945,37.52000045776367,28.32792091369629
2013-07-11,38.90999984741211,39.36000061035156,29.71714210510254
2013-07-12,38.91999816894531,38.939998626708984,29.400041580200195
2013-07-15,39.150001525878906,39.34000015258789,29.702049255371094
2013-07-16,39.439998626708984,39.5,29.822843551635742
2013-07-17,39.83000183105469,39.86000061035156,30.094640731811523
2013-07-18,39.61000061035156,39.38999938964844,29.739788055419922
2013-07-19,39.33000183105469,39.279998779296875,29.65673828125
2013-07-22,39.380001068115234,39.66999816894531,29.951189041137695
2013-07-23,40.04999923706055,40.099998474121094,30.275846481323242
2013-07-24,40.099998474121094,39.689998626708984,29.96630096435547
2013-07-25,39.560001373291016,39.91999816894531,30.139942169189453
2013-07-26,39.70000076293945,39.83000183105469,30.07199478149414
2013-07-29,39.5099983215332,39.33000183105469,29.69449234008789
2013-07-30,39.5099983215332,39.2400016784668,29.626543045043945
2013-07-31,38.93000030517578,39.0099983215332,29.452884674072266
2013-08-01,39.43000030517578,39.720001220703125,29.98894500732422
2013-08-02,39.61000061035156,39.709999084472656,29.981386184692383
2013-08-05,39.58000183105469,39.459999084472656,29.792631149291992
2013-08-06,39.29999923706055,38.959999084472656,29.415136337280273
2013-08-07,38.59000015258789,38.540000915527344,29.09803009033203
2013-08-08,38.970001220703125,39.279998779296875,29.65673828125
2013-08-09,39.290000915527344,39.36000061035156,29.71714210510254
2013-08-12,39.52000045776367,39.72999954223633,29.99649429321289
2013-08-13,39.97999954223633,39.970001220703125,30.17770004272461
2013-08-14,40.130001068115234,40.099998474121094,30.275846481323242
2013-08-15,39.59000015258789,39.63999938964844,29.92854118347168
2013-08-16,39.66999816894531,39.29999923706055,29.67183494567871
2013-08-19,38.9900016784668,38.560001373291016,29.113126754760742
2013-08-20,38.369998931884766,38.4900016784668,29.06028175354004
2013-08-21,38.029998779296875,37.59000015258789,28.38077163696289
2013-08-22,38.0099983215332,38.20000076293945,28.84132957458496
2013-08-23,38.5,38.650001525878906,29.181087493896484
2013-08-26,38.70000076293945,38.22999954223633,28.863977432250977
2013-08-27,37.599998474121094,37.349998474121094,28.199569702148438
2013-08-28,37.290000915527344,37.43000030517578,28.259971618652344
2013-08-29,37.869998931884766,37.72999954223633,28.486473083496094
2013-08-30,38.16999816894531,38.02000045776367,28.705425262451172
2013-09-03,38.56999969482422,38.2599983215332,28.88663673400879
2013-09-04,38.47999954223633,38.939998626708984,29.400041580200195
2013-09-05,38.970001220703125,39.400001525878906,29.74734115600586
2013-09-06,39.95000076293945,39.97999954223633,30.185245513916016
2013-09-09,40.380001068115234,41.029998779296875,30.97800636291504
2013-09-10,41.27000045776367,41.34000015258789,31.21206283569336
2013-09-11,41.18000030517578,41.369998931884766,31.234712600708008
2013-09-12,41.220001220703125,40.88999938964844,30.872297286987305
2013-09-13,40.959999084472656,41.15999984741211,31.076160430908203
2013-09-16,41.869998931884766,41.619998931884766,31.423458099365234
2013-09-17,41.630001068115234,41.529998779296875,31.355499267578125
2013-09-18,41.40999984741211,43.27000045776367,32.66922378540039
2013-09-19,43.130001068115234,43.040000915527344,32.49557113647461
2013-09-20,42.84000015258789,42.08000183105469,31.77075958251953
2013-09-23,42.13999938964844,42.22999954223633,31.88401985168457
2013-09-24,42.06999969482422,41.869998931884766,31.612211227416992
2013-09-25,41.869998931884766,41.54999923706055,31.37061309814453
2013-09-26,41.790000915527344,41.720001220703125,31.498958587646484
2013-09-27,41.38999938964844,41.22999954223633,31.128997802734375
2013-09-30,40.59000015258789,40.7599983215332,30.774147033691406
2013-10-01,41.040000915527344,41.56999969482422,31.385711669921875
2013-10-02,41.369998931884766,41.72999954223633,31.506507873535156
2013-10-03,41.93000030517578,41.56999969482422,31.385711669921875
2013-10-04,41.66999816894531,42.11000061035156,31.793413162231445
2013-10-07,41.560001373291016,41.75,31.521604537963867
2013-10-08,41.900001525878906,41.349998474121094,31.219608306884766
2013-10-09,41.63999938964844,41.65999984741211,31.45366668701172
2013-10-10,42.18000030517578,42.63999938964844,32.19356918334961
2013-10-11,42.459999084472656,42.83000183105469,32.33701705932617
2013-10-14,42.470001220703125,43.08000183105469,32.52577590942383
2013-10-15,42.88999938964844,42.65999984741211,32.20866394042969
2013-10-16,42.869998931884766,43.0,32.465370178222656
2013-10-17,42.959999084472656,43.27000045776367,32.66922378540039
2013-10-18,43.459999084472656,43.310001373291016,32.699432373046875
2013-10-21,43.34000015258789,43.2400016784668,32.646568298339844
2013-10-22,43.54999923706055,43.65999984741211,32.963680267333984
2013-10-23,42.93000030517578,42.63999938964844,32.19356918334961
2013-10-24,42.880001068115234,42.54999923706055,32.125614166259766
2013-10-25,42.58000183105469,42.75,32.276615142822266
2013-10-28,42.810001373291016,43.0,32.465370178222656
2013-10-29,43.150001525878906,43.13999938964844,32.571083068847656
2013-10-30,43.310001373291016,42.900001525878906,32.389862060546875
2013-10-31,43.0,42.459999084472656,32.05767059326172
2013-11-01,42.619998931884766,42.47999954223633,32.07276153564453
2013-11-04,42.560001373291016,42.7400016784668,32.26906967163086
2013-11-05,42.189998626708984,41.880001068115234,31.619766235351562
2013-11-06,42.189998626708984,42.0099983215332,31.717910766601562
2013-11-07,42.09000015258789,41.25,31.144105911254883
2013-11-08,41.0099983215332,41.15999984741211,31.076160430908203
2013-11-11,41.119998931884766,40.95000076293945,30.9176025390625
2013-11-12,40.959999084472656,40.72999954223633,30.751495361328125
2013-11-13,40.34000015258789,40.79999923706055,30.804351806640625
2013-11-14,40.83000183105469,41.459999084472656,31.302663803100586
2013-11-15,41.93000030517578,42.25,31.899105072021484
2013-11-18,42.79999923706055,42.630001068115234,32.18601608276367
2013-11-19,42.75,42.369998931884766,31.989707946777344
2013-11-20,42.40999984741211,41.790000915527344,31.551816940307617
2013-11-21,41.65999984741211,41.75,31.521604537963867
2013-11-22,41.779998779296875,42.04999923706055,31.748109817504883
2013-11-25,42.029998779296875,41.5099983215332,31.340404510498047
2013-11-26,41.5,41.650001525878906,31.446109771728516
2013-11-27,41.81999969482422,41.91999816894531,31.649959564208984
2013-11-29,42.2400016784668,42.349998474121094,31.974605560302734
2013-12-02,42.189998626708984,41.459999084472656,31.302663803100586
2013-12-03,41.310001373291016,41.31999969482422,31.196958541870117
2013-12-04,41.060001373291016,41.27000045776367,31.159210205078125
2013-12-05,41.150001525878906,41.029998779296875,30.97800636291504
2013-12-06,41.72999954223633,41.939998626708984,31.66506576538086
2013-12-09,42.060001373291016,42.0,31.710357666015625
2013-12-10,41.790000915527344,42.02000045776367,31.7254581451416
2013-12-11,41.709999084472656,41.09000015258789,31.02330780029297
2013-12-12,40.91999816894531,40.849998474121094,30.842098236083984
2013-12-13,40.97999954223633,40.95000076293945,30.9176025390625
2013-12-16,41.20000076293945,41.220001220703125,31.1214542388916
2013-12-17,41.16999816894531,40.86000061035156,30.849653244018555
2013-12-18,40.77000045776367,41.29999923706055,31.463685989379883
2013-12-19,40.58000183105469,40.540000915527344,30.88469123840332
2013-12-20,40.540000915527344,40.47999954223633,30.838985443115234
2013-12-23,40.810001373291016,40.779998779296875,31.067535400390625
2013-12-24,40.970001220703125,41.02000045776367,31.250370025634766
2013-12-26,40.849998474121094,40.66999816894531,30.983736038208008
2013-12-27,41.09000015258789,41.29999923706055,31.463685989379883
2013-12-30,41.36000061035156,41.47999954223633,31.60082244873047
2013-12-31,41.58000183105469,41.79999923706055,31.84459686279297
2014-01-02,41.0,40.189998626708984,30.6180477142334
2014-01-03,40.38999938964844,40.119998931884766,30.564733505249023
2014-01-06,39.959999084472656,39.7400016784668,30.27522850036621
2014-01-07,39.95000076293945,39.90999984741211,30.40473747253418
2014-01-08,39.970001220703125,39.779998779296875,30.305700302124023
2014-01-09,39.650001525878906,39.56999969482422,30.14571189880371
2014-01-10,39.79999923706055,40.27000045776367,30.679004669189453
2014-01-13,40.349998474121094,39.790000915527344,30.31332015991211
2014-01-14,40.0099983215332,40.220001220703125,30.640913009643555
2014-01-15,40.189998626708984,40.209999084472656,30.633285522460938
2014-01-16,40.15999984741211,39.9900016784668,30.465694427490234
2014-01-17,39.970001220703125,39.790000915527344,30.31332015991211
2014-01-21,40.0,39.72999954223633,30.26761245727539
2014-01-22,40.060001373291016,40.2599983215332,30.671390533447266
2014-01-23,39.77000045776367,39.27000045776367,29.917171478271484
2014-01-24,38.75,38.2400016784668,29.132482528686523
2014-01-27,38.290000915527344,38.09000015258789,29.01820182800293
2014-01-28,38.34000015258789,38.33000183105469,29.20104217529297
2014-01-29,37.83000183105469,37.779998779296875,28.782033920288086
2014-01-30,38.31999969482422,38.130001068115234,29.04867935180664
2014-01-31,37.68000030517578,38.189998626708984,29.094388961791992
2014-02-03,37.86000061035156,37.11000061035156,28.2716064453125
2014-02-04,37.720001220703125,37.86000061035156,28.842985153198242
2014-02-05,37.70000076293945,37.720001220703125,28.736330032348633
2014-02-06,37.9900016784668,38.5099983215332,29.33817481994629
2014-02-07,38.810001373291016,38.72999954223633,29.505775451660156
2014-02-10,38.560001373291016,38.29999923706055,29.178194046020508
2014-02-11,38.5099983215332,39.130001068115234,29.81051254272461
2014-02-12,39.38999938964844,39.13999938964844,29.818134307861328
2014-02-13,38.56999969482422,39.18000030517578,29.84860610961914
2014-02-14,39.45000076293945,39.65999984741211,30.214279174804688
2014-02-18,39.63999938964844,39.290000915527344,29.93240737915039
2014-02-19,39.13999938964844,39.02000045776367,29.726703643798828
2014-02-20,38.97999954223633,39.15999984741211,29.833364486694336
2014-02-21,39.369998931884766,39.43000030517578,30.0390625
2014-02-24,39.38999938964844,39.43000030517578,30.0390625
2014-02-25,39.349998474121094,38.97999954223633,29.696239471435547
2014-02-26,39.20000076293945,39.0099983215332,29.71908950805664
2014-02-27,39.36000061035156,39.75,30.28284454345703
2014-02-28,39.779998779296875,39.47999954223633,30.077152252197266
2014-03-03,38.720001220703125,38.779998779296875,29.54387092590332
2014-03-04,39.529998779296875,39.439998626708984,30.046680450439453
2014-03-05,39.31999969482422,39.470001220703125,30.069530487060547
2014-03-06,39.83000183105469,40.029998779296875,30.496170043945312
2014-03-07,39.849998474121094,39.52000045776367,30.107627868652344
2014-03-10,39.2599983215332,39.25,29.90192985534668
2014-03-11,39.310001373291016,38.810001373291016,29.566730499267578
2014-03-12,38.58000183105469,38.88999938964844,29.627668380737305
2014-03-13,38.97999954223633,38.189998626708984,29.094388961791992
2014-03-14,38.25,38.400001525878906,29.254369735717773
2014-03-17,38.7400016784668,38.869998931884766,29.6124267578125
2014-03-18,38.959999084472656,39.40999984741211,30.023818969726562
2014-03-19,39.130001068115234,38.56999969482422,29.38389015197754
2014-03-20,38.310001373291016,38.7400016784668,29.513399124145508
2014-03-21,39.0,38.97999954223633,29.696239471435547
2014-03-24,39.33000183105469,39.36000061035156,29.985736846923828
2014-03-25,39.7599983215332,39.810001373291016,30.32855987548828
2014-03-26,40.15999984741211,39.900001525878906,30.397125244140625
2014-03-27,40.04999923706055,40.41999816894531,30.793283462524414
2014-03-28,40.779998779296875,40.7400016784668,31.03706932067871
2014-03-31,40.9900016784668,41.0099983215332,31.242753982543945
2014-04-01,41.400001525878906,41.4900016784668,31.60843849182129
2014-04-02,41.33000183105469,41.56999969482422,31.66938591003418
2014-04-03,41.380001068115234,41.40999984741211,31.5474853515625
2014-04-04,41.849998474121094,41.29999923706055,31.463685989379883
2014-04-07,41.34000015258789,41.47999954223633,31.60082244873047
2014-04-08,42.060001373291016,41.959999084472656,31.966501235961914
2014-04-09,42.0099983215332,42.279998779296875,32.21027755737305
2014-04-10,42.27000045776367,41.83000183105469,31.86746597290039
2014-04-11,41.540000915527344,41.83000183105469,31.86746597290039
2014-04-14,41.959999084472656,41.7400016784668,31.79889488220215
2014-04-15,41.47999954223633,41.11000061035156,31.318939208984375
2014-04-16,41.310001373291016,41.630001068115234,31.715091705322266
2014-04-17,41.66999816894531,42.0099983215332,32.00458908081055
2014-04-21,41.95000076293945,41.75,31.806507110595703
2014-04-22,41.79999923706055,41.63999938964844,31.722707748413086
2014-04-23,41.439998626708984,41.34000015258789,31.49416732788086
2014-04-24,41.369998931884766,41.380001068115234,31.524639129638672
2014-04-25,40.84000015258789,40.81999969482422,31.09800910949707
2014-04-28,40.869998931884766,41.02000045776367,31.250370025634766
2014-04-29,41.279998779296875,41.40999984741211,31.5474853515625
2014-04-30,41.09000015258789,41.33000183105469,31.48653793334961
2014-05-01,41.279998779296875,41.380001068115234,31.524639129638672
2014-05-02,41.29999923706055,41.61000061035156,31.699853897094727
2014-05-05,41.31999969482422,41.380001068115234,31.524639129638672
2014-05-06,41.41999816894531,41.56999969482422,31.66938591003418
2014-05-07,41.45000076293945,41.790000915527344,31.836992263793945
2014-05-08,41.90999984741211,41.689998626708984,31.76079750061035
2014-05-09,41.72999954223633,41.619998931884766,31.707473754882812
2014-05-12,42.22999954223633,42.31999969482422,32.24075698852539
2014-05-13,42.38999938964844,42.47999954223633,32.362648010253906
2014-05-14,42.720001220703125,42.779998779296875,32.59119415283203
2014-05-15,42.720001220703125,42.380001068115234,32.286468505859375
2014-05-16,42.7400016784668,42.939998626708984,32.713096618652344
2014-05-19,42.880001068115234,42.939998626708984,32.713096618652344
2014-05-20,42.779998779296875,42.59000015258789,32.44644546508789
2014-05-21,42.81999969482422,42.91999816894531,32.69786071777344
2014-05-22,43.130001068115234,43.220001220703125,32.92641067504883
2014-05-23,43.15999984741211,43.13999938964844,32.86547088623047
2014-05-27,42.959999084472656,42.77000045776367,32.583580017089844
2014-05-28,42.9900016784668,43.02000045776367,32.7740478515625
2014-05-29,43.130001068115234,43.13999938964844,32.86547088623047
2014-05-30,42.869998931884766,42.54999923706055,32.415977478027344
2014-06-02,42.72999954223633,42.68000030517578,32.5150146484375
2014-06-03,42.72999954223633,42.91999816894531,32.69786071777344
2014-06-04,42.630001068115234,42.68000030517578,32.5150146484375
2014-06-05,43.06999969482422,43.130001068115234,32.85783767700195
2014-06-06,43.47999954223633,43.560001373291016,33.185428619384766
2014-06-09,43.5099983215332,43.720001220703125,33.30731964111328
2014-06-10,43.77000045776367,43.95000076293945,33.48255157470703
2014-06-11,43.689998626708984,43.79999923706055,33.36827087402344
2014-06-12,43.869998931884766,43.59000015258789,33.20828628540039
2014-06-13,43.439998626708984,43.61000061035156,33.22351837158203
2014-06-16,43.47999954223633,43.40999984741211,33.07114791870117
2014-06-17,43.36000061035156,43.41999816894531,33.078773498535156
2014-06-18,43.31999969482422,43.900001525878906,33.4444580078125
2014-06-19,43.7599983215332,43.650001525878906,33.253990173339844
2014-06-20,43.5,43.560001373291016,33.185428619384766
2014-06-23,43.529998779296875,43.470001220703125,33.11686706542969
2014-06-24,43.59000015258789,43.45000076293945,33.10163879394531
2014-06-25,43.130001068115234,43.20000076293945,33.171512603759766
2014-06-26,43.31999969482422,43.25,33.209896087646484
2014-06-27,43.25,43.349998474121094,33.286685943603516
2014-06-30,43.369998931884766,43.22999954223633,33.19453811645508
2014-07-01,43.54999923706055,43.63999938964844,33.50934982299805
2014-07-02,43.81999969482422,43.900001525878906,33.70901107788086
2014-07-03,43.79999923706055,44.15999984741211,33.90864181518555
2014-07-07,44.06999969482422,44.130001068115234,33.88561248779297
2014-07-08,44.099998474121094,43.93000030517578,33.73204040527344
2014-07-09,43.95000076293945,44.18000030517578,33.92399978637695
2014-07-10,43.540000915527344,43.939998626708984,33.739723205566406
2014-07-11,43.7599983215332,43.88999938964844,33.70132064819336
2014-07-14,44.150001525878906,44.22999954223633,33.96239471435547
2014-07-15,44.27000045776367,44.20000076293945,33.939369201660156
2014-07-16,44.41999816894531,44.310001373291016,34.02383041381836
2014-07-17,44.0,43.47999954223633,33.38650894165039
2014-07-18,44.099998474121094,44.15999984741211,33.90864181518555
2014-07-21,43.939998626708984,44.310001373291016,34.02383041381836
2014-07-22,44.79999923706055,44.720001220703125,34.33864974975586
2014-07-23,44.81999969482422,44.7599983215332,34.36936569213867
2014-07-24,44.81999969482422,44.959999084472656,34.52293395996094
2014-07-25,44.75,44.779998779296875,34.38471984863281
2014-07-28,44.84000015258789,45.09000015258789,34.62275695800781
2014-07-29,45.130001068115234,44.81999969482422,34.415443420410156
2014-07-30,45.0099983215332,44.599998474121094,34.24651336669922
2014-07-31,44.060001373291016,43.81999969482422,33.64757537841797
2014-08-01,43.95000076293945,44.060001373291016,33.83186340332031
2014-08-04,44.2599983215332,44.470001220703125,34.14668655395508
2014-08-05,44.02000045776367,43.790000915527344,33.624542236328125
2014-08-06,43.54999923706055,43.4900016784668,33.39418411254883
2014-08-07,43.59000015258789,43.31999969482422,33.26365280151367
2014-08-08,43.5099983215332,43.709999084472656,33.56310272216797
2014-08-11,43.91999816894531,44.27000045776367,33.99311065673828
2014-08-12,44.09000015258789,44.31999969482422,34.03150939941406
2014-08-13,44.66999816894531,44.560001373291016,34.215782165527344
2014-08-14,44.59000015258789,44.630001068115234,34.26954650878906
2014-08-15,44.72999954223633,44.5099983215332,34.17740249633789
2014-08-18,44.7400016784668,44.939998626708984,34.50757598876953
2014-08-19,44.97999954223633,45.150001525878906,34.6688232421875
2014-08-20,44.939998626708984,45.060001373291016,34.59972381591797
2014-08-21,44.959999084472656,44.869998931884766,34.45383834838867
2014-08-22,44.91999816894531,44.75,34.36168670654297
2014-08-25,44.869998931884766,45.08000183105469,34.615074157714844
2014-08-26,45.16999816894531,45.349998474121094,34.82240676879883
2014-08-27,45.439998626708984,45.58000183105469,34.99900817871094
2014-08-28,44.9900016784668,45.130001068115234,34.65346908569336
2014-08-29,45.16999816894531,45.060001373291016,34.59972381591797
2014-09-02,45.04999923706055,44.9900016784668,34.54598617553711
2014-09-03,45.75,45.58000183105469,34.99900817871094
2014-09-04,45.72999954223633,45.459999084472656,34.906864166259766
2014-09-05,45.540000915527344,45.849998474121094,35.20632553100586
2014-09-08,45.68000030517578,45.310001373291016,34.79168701171875
2014-09-09,45.040000915527344,44.75,34.36168670654297
2014-09-10,44.33000183105469,44.560001373291016,34.215782165527344
2014-09-11,44.25,44.2599983215332,33.985435485839844
2014-09-12,43.9900016784668,43.790000915527344,33.624542236328125
2014-09-15,43.65999984741211,43.56999969482422,33.45561981201172
2014-09-16,43.529998779296875,44.13999938964844,33.89329528808594
2014-09-17,44.20000076293945,43.72999954223633,33.57846450805664
2014-09-18,43.869998931884766,43.790000915527344,33.624542236328125
2014-09-19,43.91999816894531,43.459999084472656,33.37114334106445
2014-09-22,43.08000183105469,42.79999923706055,32.864349365234375
2014-09-23,42.70000076293945,42.560001373291016,32.68007278442383
2014-09-24,42.869998931884766,43.16999816894531,33.14847183227539
2014-09-25,42.5099983215332,42.22999954223633,32.42668151855469
2014-09-26,42.27000045776367,42.41999816894531,32.57257080078125
2014-09-29,41.369998931884766,41.560001373291016,31.912216186523438
2014-09-30,41.45000076293945,41.560001373291016,31.912216186523438
2014-10-01,41.34000015258789,40.709999084472656,31.25952911376953
2014-10-02,40.86000061035156,40.93000030517578,31.428462982177734
2014-10-03,41.08000183105469,41.279998779296875,31.697206497192383
2014-10-06,42.119998931884766,41.81999969482422,32.11186218261719
2014-10-07,41.7599983215332,41.45000076293945,31.827749252319336
2014-10-08,41.529998779296875,42.06999969482422,32.30382537841797
2014-10-09,41.900001525878906,41.40999984741211,31.797029495239258
2014-10-10,40.959999084472656,40.5099983215332,31.10595703125
2014-10-13,41.20000076293945,40.91999816894531,31.420778274536133
2014-10-14,41.060001373291016,41.15999984741211,31.60507583618164
2014-10-15,40.599998474121094,40.63999938964844,31.20579719543457
2014-10-16,39.70000076293945,40.27000045776367,30.921676635742188
2014-10-17,40.709999084472656,40.720001220703125,31.2672061920166
2014-10-20,40.68000030517578,40.84000015258789,31.359350204467773
2014-10-21,40.7599983215332,41.0099983215332,31.489891052246094
2014-10-22,40.959999084472656,40.7400016784668,31.282577514648438
2014-10-23,40.84000015258789,40.72999954223633,31.274887084960938
2014-10-24,40.77000045776367,41.02000045776367,31.4975643157959
2014-10-27,40.369998931884766,40.70000076293945,31.25185203552246
2014-10-28,41.189998626708984,41.52000045776367,31.881502151489258
2014-10-29,41.90999984741211,41.58000183105469,31.927568435668945
2014-10-30,41.65999984741211,41.970001220703125,32.227027893066406
2014-10-31,42.15999984741211,42.150001525878906,32.36525344848633
2014-11-03,42.0099983215332,41.79999923706055,32.096500396728516
2014-11-04,41.849998474121094,41.84000015258789,32.1272087097168
2014-11-05,41.5,41.470001220703125,31.843107223510742
2014-11-06,41.349998474121094,40.959999084472656,31.45149803161621
2014-11-07,41.08000183105469,41.220001220703125,31.651145935058594
2014-11-10,41.65999984741211,41.33000183105469,31.735607147216797
2014-11-11,41.20000076293945,41.290000915527344,31.704896926879883
2014-11-12,41.310001373291016,41.209999084472656,31.643463134765625
2014-11-13,41.38999938964844,41.099998474121094,31.559001922607422
2014-11-14,41.029998779296875,41.439998626708984,31.820068359375
2014-11-17,41.09000015258789,41.0,31.482215881347656
2014-11-18,41.060001373291016,41.220001220703125,31.651145935058594
2014-11-19,41.09000015258789,41.20000076293945,31.635787963867188
2014-11-20,41.16999816894531,41.130001068115234,31.582029342651367
2014-11-21,42.189998626708984,42.439998626708984,32.587921142578125
2014-11-24,42.209999084472656,42.09000015258789,32.31918716430664
2014-11-25,42.15999984741211,41.81999969482422,32.11186218261719
2014-11-26,42.189998626708984,42.349998474121094,32.51880645751953
2014-11-28,41.869998931884766,41.5,31.866138458251953
2014-12-01,41.04999923706055,40.790000915527344,31.320960998535156
2014-12-02,40.90999984741211,40.779998779296875,31.31328773498535
2014-12-03,40.880001068115234,40.88999938964844,31.397747039794922
2014-12-04,41.08000183105469,40.959999084472656,31.45149803161621
2014-12-05,40.7599983215332,40.880001068115234,31.39008140563965
2014-12-08,40.61000061035156,40.279998779296875,30.92935562133789
2014-12-09,39.79999923706055,39.900001525878906,30.637577056884766
2014-12-10,39.790000915527344,39.310001373291016,30.184539794921875
2014-12-11,39.13999938964844,38.97999954223633,29.931140899658203
2014-12-12,38.900001525878906,38.34000015258789,29.439706802368164
2014-12-15,38.41999816894531,37.790000915527344,29.01738739013672
2014-12-16,37.369998931884766,37.72999954223633,28.971309661865234
2014-12-17,37.349998474121094,38.04999923706055,29.637283325195312
2014-12-18,38.630001068115234,38.56999969482422,30.042308807373047
2014-12-19,38.63999938964844,38.84000015258789,30.25261116027832
2014-12-22,39.310001373291016,39.380001068115234,30.673219680786133
2014-12-23,39.060001373291016,39.02000045776367,30.392807006835938
2014-12-24,39.09000015258789,39.11000061035156,30.462913513183594
2014-12-26,39.470001220703125,39.41999816894531,30.70437240600586
2014-12-29,39.43000030517578,39.18000030517578,30.51744842529297
2014-12-30,39.130001068115234,39.2599983215332,30.579748153686523
2014-12-31,39.470001220703125,39.290000915527344,30.60312271118164
2015-01-02,39.189998626708984,38.77000045776367,30.19809913635254
2015-01-05,38.52000045776367,38.08000183105469,29.660654067993164
2015-01-06,38.09000015258789,37.91999816894531,29.53601837158203
2015-01-07,38.56999969482422,38.7400016784668,30.17472267150879
2015-01-08,39.310001373291016,39.400001525878906,30.688793182373047
2015-01-09,39.52000045776367,39.27000045776367,30.587543487548828
2015-01-12,39.150001525878906,38.95000076293945,30.338293075561523
2015-01-13,39.45000076293945,39.290000915527344,30.60312271118164
2015-01-14,38.86000061035156,39.06999969482422,30.43174934387207
2015-01-15,39.59000015258789,39.15999984741211,30.501855850219727
2015-01-16,39.130001068115234,39.4900016784668,30.75889778137207
2015-01-20,39.40999984741211,39.43000030517578,30.71216583251953
2015-01-21,39.7599983215332,40.29999923706055,31.389806747436523
2015-01-22,40.5099983215332,41.06999969482422,31.98957061767578
2015-01-23,40.81999969482422,40.7599983215332,31.748106002807617
2015-01-26,40.630001068115234,40.779998779296875,31.763687133789062
2015-01-27,40.29999923706055,40.560001373291016,31.59231948852539
2015-01-28,40.459999084472656,40.119998931884766,31.249618530273438
2015-01-29,40.06999969482422,40.119998931884766,31.249618530273438
2015-01-30,39.29999923706055,39.02000045776367,30.392807006835938
2015-02-02,39.529998779296875,39.720001220703125,30.93805694580078
2015-02-03,40.15999984741211,40.470001220703125,31.52223014831543
2015-02-04,40.41999816894531,40.27000045776367,31.366445541381836
2015-02-05,40.150001525878906,40.5099983215332,31.55337142944336
2015-02-06,39.90999984741211,39.81999969482422,31.015939712524414
2015-02-09,39.689998626708984,39.7599983215332,30.969194412231445
2015-02-10,39.630001068115234,39.65999984741211,30.891313552856445
2015-02-11,39.34000015258789,39.369998931884766,30.66543197631836
2015-02-12,39.79999923706055,40.209999084472656,31.3197021484375
2015-02-13,40.43000030517578,40.66999816894531,31.678003311157227
2015-02-17,40.54999923706055,40.58000183105469,31.607908248901367
2015-02-18,40.380001068115234,40.56999969482422,31.600120544433594
2015-02-19,40.2400016784668,40.400001525878906,31.467708587646484
2015-02-20,40.25,40.66999816894531,31.678003311157227
2015-02-23,40.41999816894531,40.2599983215332,31.358661651611328
2015-02-24,40.47999954223633,40.84000015258789,31.810415267944336
2015-02-25,40.720001220703125,40.7599983215332,31.748106002807617
2015-02-26,40.810001373291016,40.77000045776367,31.755897521972656
2015-02-27,40.689998626708984,40.7400016784668,31.73253059387207
2015-03-02,40.63999938964844,40.68000030517578,31.685791015625
2015-03-03,40.439998626708984,40.369998931884766,31.44432830810547
2015-03-04,40.04999923706055,39.93000030517578,31.101613998413086
2015-03-05,40.0,39.869998931884766,31.054887771606445
2015-03-06,39.540000915527344,39.2599983215332,30.579748153686523
2015-03-09,39.2400016784668,39.11000061035156,30.462913513183594
2015-03-10,38.52000045776367,38.2400016784668,29.78527069091797
2015-03-11,38.470001220703125,38.529998779296875,30.01114845275879
2015-03-12,39.040000915527344,38.77000045776367,30.19809913635254
2015-03-13,38.470001220703125,38.29999923706055,29.83200454711914
2015-03-16,38.68000030517578,38.7599983215332,30.190292358398438
2015-03-17,38.79999923706055,39.209999084472656,30.540813446044922
2015-03-18,39.119998931884766,40.16999816894531,31.288557052612305
2015-03-19,39.79999923706055,39.4900016784668,30.75889778137207
2015-03-20,39.869998931884766,40.08000183105469,31.21845817565918
2015-03-23,40.15999984741211,40.20000076293945,31.31192398071289
2015-03-24,40.25,40.36000061035156,31.43654441833496
2015-03-25,40.349998474121094,39.720001220703125,30.93805694580078
2015-03-26,39.529998779296875,39.349998474121094,30.64985466003418
2015-03-27,39.36000061035156,39.459999084472656,30.73552131652832
2015-03-30,39.91999816894531,40.220001220703125,31.327503204345703
2015-03-31,39.970001220703125,40.130001068115234,31.257402420043945
2015-04-01,40.45000076293945,40.630001068115234,31.646852493286133
2015-04-02,40.97999954223633,41.2400016784668,32.121978759765625
2015-04-06,41.630001068115234,41.77000045776367,32.5348014831543
2015-04-07,41.68000030517578,41.560001373291016,32.3712272644043
2015-04-08,42.52000045776367,42.43000030517578,33.048885345458984
2015-04-09,42.68000030517578,42.849998474121094,33.37601089477539
2015-04-10,42.65999984741211,42.880001068115234,33.399375915527344
2015-04-13,42.959999084472656,42.630001068115234,33.20465087890625
2015-04-14,42.72999954223633,42.81999969482422,33.35264587402344
2015-04-15,42.810001373291016,43.119998931884766,33.58631896972656
2015-04-16,43.2400016784668,43.459999084472656,33.85114669799805
2015-04-17,42.54999923706055,42.70000076293945,33.2591667175293
2015-04-20,42.650001525878906,42.65999984741211,33.228023529052734
2015-04-21,43.02000045776367,42.90999984741211,33.42275619506836
2015-04-22,43.20000076293945,43.369998931884766,33.78104782104492
2015-04-23,43.2599983215332,43.689998626708984,34.03028869628906
2015-04-24,43.869998931884766,43.849998474121094,34.1549186706543
2015-04-27,44.02000045776367,44.02000045776367,34.28733825683594
2015-04-28,44.040000915527344,44.09000015258789,34.34185028076172
2015-04-29,43.650001525878906,43.540000915527344,33.91346740722656
2015-04-30,43.189998626708984,42.880001068115234,33.399375915527344
2015-05-01,43.09000015258789,43.13999938964844,33.601898193359375
2015-05-04,43.15999984741211,43.38999938964844,33.79662322998047
2015-05-05,43.189998626708984,42.91999816894531,33.430538177490234
2015-05-06,42.97999954223633,42.38999938964844,33.01771926879883
2015-05-07,42.13999938964844,42.33000183105469,32.97099304199219
2015-05-08,42.81999969482422,42.869998931884766,33.3915901184082
2015-05-11,42.81999969482422,42.459999084472656,33.07224655151367
2015-05-12,42.130001068115234,42.31999969482422,32.963191986083984
2015-05-13,42.709999084472656,42.400001525878906,33.0255126953125
2015-05-14,42.689998626708984,42.81999969482422,33.35264587402344
2015-05-15,42.790000915527344,43.150001525878906,33.60969161987305
2015-05-18,42.90999984741211,42.709999084472656,33.2669677734375
2015-05-19,42.810001373291016,42.779998779296875,33.32149124145508
2015-05-20,42.689998626708984,42.75,33.298126220703125
2015-05-21,42.439998626708984,42.599998474121094,33.18129348754883
2015-05-22,42.81999969482422,42.7400016784668,33.29033660888672
2015-05-26,42.470001220703125,42.060001373291016,32.760677337646484
2015-05-27,41.72999954223633,42.06999969482422,32.76847839355469
2015-05-28,41.43000030517578,41.52000045776367,32.340084075927734
2015-05-29,41.45000076293945,41.119998931884766,32.02851486206055
2015-06-01,41.13999938964844,40.959999084472656,31.903886795043945
2015-06-02,40.91999816894531,41.119998931884766,32.02851486206055
2015-06-03,40.939998626708984,40.90999984741211,31.864946365356445
2015-06-04,40.54999923706055,40.290000915527344,31.382030487060547
2015-06-05,39.97999954223633,40.11000061035156,31.241819381713867
2015-06-08,40.16999816894531,40.099998474121094,31.234025955200195
2015-06-09,39.939998626708984,39.86000061035156,31.047090530395508
2015-06-10,40.2400016784668,40.439998626708984,31.498859405517578
2015-06-11,40.34000015258789,40.2400016784668,31.343080520629883
2015-06-12,40.25,40.2400016784668,31.343080520629883
2015-06-15,39.7599983215332,39.790000915527344,30.992570877075195
2015-06-16,39.650001525878906,39.79999923706055,31.000350952148438
2015-06-17,39.810001373291016,40.040000915527344,31.18729019165039
2015-06-18,40.349998474121094,40.40999984741211,31.475492477416992
2015-06-19,40.220001220703125,40.060001373291016,31.202877044677734
2015-06-22,40.75,40.63999938964844,31.654647827148438
2015-06-23,40.79999923706055,41.040000915527344,31.96619987487793
2015-06-24,41.0,40.75,31.74031639099121
2015-06-25,40.5,40.310001373291016,31.631244659423828
2015-06-26,39.95000076293945,39.93000030517578,31.333059310913086
2015-06-29,39.290000915527344,39.040000915527344,30.634672164916992
2015-06-30,39.7400016784668,39.619998931884766,31.089797973632812
2015-07-01,39.84000015258789,39.59000015258789,31.066251754760742
2015-07-02,39.83000183105469,39.779998779296875,31.215351104736328
2015-07-06,38.720001220703125,38.66999816894531,30.344331741333008
2015-07-07,37.939998626708984,38.09000015258789,29.889209747314453
2015-07-08,37.08000183105469,36.779998779296875,28.86125373840332
2015-07-09,37.900001525878906,37.4900016784668,29.41839027404785
2015-07-10,38.43000030517578,38.439998626708984,30.16385841369629
2015-07-13,38.689998626708984,38.70000076293945,30.36787986755371
2015-07-14,38.52000045776367,38.77000045776367,30.42281723022461
2015-07-15,38.529998779296875,38.33000183105469,30.07754135131836
2015-07-16,38.7599983215332,38.810001373291016,30.454198837280273
2015-07-17,38.869998931884766,38.7599983215332,30.414953231811523
2015-07-20,38.38999938964844,38.5099983215332,30.218782424926758
2015-07-21,38.68000030517578,38.52000045776367,30.226627349853516
2015-07-22,38.20000076293945,37.970001220703125,29.795045852661133
2015-07-23,37.95000076293945,37.599998474121094,29.50471305847168
2015-07-24,37.290000915527344,37.060001373291016,29.08096694946289
2015-07-27,36.439998626708984,36.36000061035156,28.531679153442383
2015-07-28,36.63999938964844,36.72999954223633,28.822019577026367
2015-07-29,36.81999969482422,37.09000015258789,29.10451316833496
2015-07-30,36.68000030517578,36.720001220703125,28.814176559448242
2015-07-31,37.06999969482422,37.119998931884766,29.128047943115234
2015-08-03,36.66999816894531,36.5,28.64153480529785
2015-08-04,36.810001373291016,36.630001068115234,28.743547439575195
2015-08-05,36.97999954223633,36.63999938964844,28.75139617919922
2015-08-06,36.45000076293945,36.31999969482422,28.500295639038086
2015-08-07,36.31999969482422,36.29999923706055,28.484600067138672
2015-08-10,36.52000045776367,36.90999984741211,28.963268280029297
2015-08-11,36.040000915527344,36.099998474121094,28.327661514282227
2015-08-12,35.45000076293945,35.540000915527344,27.888229370117188
2015-08-13,35.54999923706055,35.47999954223633,27.841142654418945
2015-08-14,35.56999969482422,35.529998779296875,27.88037872314453
2015-08-17,35.02000045776367,35.13999938964844,27.5743465423584
2015-08-18,34.75,34.7599983215332,27.27616310119629
2015-08-19,34.5,34.33000183105469,26.938737869262695
2015-08-20,33.869998931884766,33.790000915527344,26.51500701904297
2015-08-21,33.290000915527344,32.75,25.69891929626465
2015-08-24,30.530000686645508,31.31999969482422,24.57679557800293
2015-08-25,33.2599983215332,31.719999313354492,24.89067268371582
2015-08-26,32.5099983215332,32.77000045776367,25.71460723876953
2015-08-27,33.40999984741211,34.220001220703125,26.852426528930664
2015-08-28,33.70000076293945,33.779998779296875,26.507150650024414
2015-08-31,33.529998779296875,33.84000015258789,26.55423927307129
2015-09-01,32.810001373291016,32.529998779296875,25.52628517150879
2015-09-02,33.040000915527344,33.0,25.895090103149414
2015-09-03,33.060001373291016,33.130001068115234,25.997102737426758
2015-09-04,32.5099983215332,32.13999938964844,25.220247268676758
2015-09-08,33.02000045776367,33.15999984741211,26.020645141601562
2015-09-09,33.779998779296875,32.9900016784668,25.887243270874023
2015-09-10,33.08000183105469,33.33000183105469,26.1540470123291
2015-09-11,33.2400016784668,33.459999084472656,26.256052017211914
2015-09-14,33.349998474121094,33.40999984741211,26.216812133789062
2015-09-15,33.400001525878906,33.72999954223633,26.467920303344727
2015-09-16,34.279998779296875,34.54999923706055,27.111373901367188
2015-09-17,34.279998779296875,34.470001220703125,27.048595428466797
2015-09-18,34.130001068115234,33.83000183105469,26.5463924407959
2015-09-21,33.84000015258789,33.77000045776367,26.499309539794922
2015-09-22,33.040000915527344,33.13999938964844,26.004947662353516
2015-09-23,32.9900016784668,32.61000061035156,25.589059829711914
2015-09-24,32.099998474121094,32.470001220703125,25.47920036315918
2015-09-25,32.939998626708984,32.400001525878906,25.424272537231445
2015-09-28,32.13999938964844,31.709999084472656,24.882829666137695
2015-09-29,31.81999969482422,31.860000610351562,25.000530242919922
2015-09-30,32.689998626708984,32.779998779296875,25.72245216369629
2015-10-01,33.04999923706055,32.959999084472656,25.863697052001953
2015-10-02,32.810001373291016,33.84000015258789,26.55423927307129
2015-10-05,34.22999954223633,34.56999969482422,27.127065658569336
2015-10-06,34.45000076293945,34.5099983215332,27.079986572265625
2015-10-07,35.36000061035156,35.43000030517578,27.801908493041992
2015-10-08,35.220001220703125,35.810001373291016,28.10009765625
2015-10-09,36.16999816894531,35.939998626708984,28.202104568481445
2015-10-12,36.0,35.66999816894531,27.990234375
2015-10-13,35.25,35.09000015258789,27.535112380981445
2015-10-14,35.34000015258789,35.36000061035156,27.746984481811523
2015-10-15,35.939998626708984,36.220001220703125,28.42182159423828
2015-10-16,36.09000015258789,36.25,28.445371627807617
2015-10-19,35.869998931884766,35.880001068115234,28.1550235748291
2015-10-20,35.790000915527344,35.869998931884766,28.147180557250977
2015-10-21,35.63999938964844,35.349998474121094,27.739133834838867
2015-10-22,35.720001220703125,36.08000183105469,28.31196403503418
2015-10-23,36.349998474121094,36.290000915527344,28.47675132751465
2015-10-26,36.11000061035156,35.959999084472656,28.217802047729492
2015-10-27,35.58000183105469,35.54999923706055,27.89607048034668
2015-10-28,35.630001068115234,35.13999938964844,27.5743465423584
2015-10-29,34.79999923706055,34.810001373291016,27.31539535522461
2015-10-30,35.06999969482422,34.869998931884766,27.36248207092285
2015-11-02,35.16999816894531,35.560001373291016,27.90392303466797
2015-11-03,35.459999084472656,36.029998779296875,28.272727966308594
2015-11-04,36.25,35.7400016784668,28.0451717376709
2015-11-05,35.709999084472656,35.79999923706055,28.092252731323242
2015-11-06,35.0099983215332,35.29999923706055,27.69989585876465
2015-11-09,34.790000915527344,34.41999816894531,27.009361267089844
2015-11-10,34.27000045776367,34.27000045776367,26.891658782958984
2015-11-11,34.540000915527344,34.34000015258789,26.94658660888672
2015-11-12,34.189998626708984,34.0099983215332,26.687633514404297
2015-11-13,33.779998779296875,33.540000915527344,26.318824768066406
2015-11-16,33.63999938964844,34.189998626708984,26.828876495361328
2015-11-17,34.2400016784668,34.09000015258789,26.750411987304688
2015-11-18,34.04999923706055,34.459999084472656,27.040754318237305
2015-11-19,34.68000030517578,34.77000045776367,27.284011840820312
2015-11-20,35.11000061035156,35.119998931884766,27.558650970458984
2015-11-23,34.970001220703125,34.790000915527344,27.29970359802246
2015-11-24,34.560001373291016,34.970001220703125,27.440954208374023
2015-11-25,34.75,34.70000076293945,27.22907829284668
2015-11-27,34.2400016784668,33.939998626708984,26.632705688476562
2015-11-30,33.849998474121094,33.9900016784668,26.671947479248047
2015-12-01,34.15999984741211,34.25,26.875965118408203
2015-12-02,34.04999923706055,33.84000015258789,26.55423927307129
2015-12-03,33.970001220703125,33.650001525878906,26.405141830444336
2015-12-04,33.369998931884766,33.880001068115234,26.58562660217285
2015-12-07,33.560001373291016,33.31999969482422,26.146198272705078
2015-12-08,32.63999938964844,32.95000076293945,25.855854034423828
2015-12-09,32.849998474121094,32.68000030517578,25.64398765563965
2015-12-10,32.59000015258789,32.459999084472656,25.471351623535156
2015-12-11,31.790000915527344,31.549999237060547,24.75727653503418
2015-12-14,31.8799991607666,32.060001373291016,25.157472610473633
2015-12-15,32.459999084472656,32.54999923706055,25.541975021362305
2015-12-16,32.79999923706055,33.189998626708984,26.04417610168457
2015-12-17,33.209999084472656,32.7599983215332,25.70676040649414
2015-12-18,32.77000045776367,32.650001525878906,25.62044334411621
2015-12-21,32.459999084472656,32.400001525878906,25.820472717285156
2015-12-22,32.40999984741211,32.65999984741211,26.027673721313477
2015-12-23,32.90999984741211,33.119998931884766,26.394258499145508
2015-12-24,32.93000030517578,33.0,26.298633575439453
2015-12-28,32.7400016784668,32.77000045776367,26.115337371826172
2015-12-29,32.86000061035156,32.79999923706055,26.139245986938477
2015-12-30,32.47999954223633,32.290000915527344,25.732810974121094
2015-12-31,32.290000915527344,32.189998626708984,25.65311622619629
2016-01-04,31.350000381469727,31.309999465942383,24.95182228088379
2016-01-05,31.450000762939453,31.3799991607666,25.007604598999023
2016-01-06,30.790000915527344,30.780000686645508,24.529451370239258
2016-01-07,29.989999771118164,29.829999923706055,23.772369384765625
2016-01-08,30.030000686645508,29.510000228881836,23.517353057861328
2016-01-11,29.790000915527344,29.5,23.509380340576172
2016-01-12,29.709999084472656,29.559999465942383,23.55719757080078
2016-01-13,29.899999618530273,29.25,23.310152053833008
2016-01-14,29.280000686645508,29.6299991607666,23.61298179626465
2016-01-15,28.469999313354492,28.459999084472656,22.680574417114258
2016-01-19,29.200000762939453,28.8799991607666,23.015281677246094
2016-01-20,28.170000076293945,28.25,22.513221740722656
2016-01-21,28.239999771118164,28.360000610351562,22.60088348388672
2016-01-22,29.260000228881836,29.329999923706055,23.373905181884766
2016-01-25,29.1299991607666,28.829999923706055,22.975439071655273
2016-01-26,28.989999771118164,29.25,23.310152053833008
2016-01-27,29.239999771118164,29.149999618530273,23.23045539855957
2016-01-28,29.719999313354492,29.610000610351562,23.5970401763916
2016-01-29,30.079999923706055,30.56999969482422,24.362091064453125
2016-02-01,30.059999465942383,30.280000686645508,24.1309871673584
2016-02-02,29.780000686645508,29.299999237060547,23.34999656677246
2016-02-03,29.610000610351562,30.1299991607666,24.011445999145508
2016-02-04,30.360000610351562,30.360000610351562,24.194746017456055
2016-02-05,30.239999771118164,30.010000228881836,23.915813446044922
2016-02-08,29.549999237060547,29.600000381469727,23.589075088500977
2016-02-09,29.040000915527344,29.190000534057617,23.2623348236084
2016-02-10,29.520000457763672,29.309999465942383,23.357967376708984
2016-02-11,28.719999313354492,28.81999969482422,22.967472076416016
2016-02-12,29.06999969482422,29.31999969482422,23.365934371948242
2016-02-16,29.8700008392334,29.969999313354492,23.883934020996094
2016-02-17,30.239999771118164,30.559999465942383,24.3541259765625
2016-02-18,30.670000076293945,30.3799991607666,24.210676193237305
2016-02-19,30.190000534057617,30.239999771118164,24.099109649658203
2016-02-22,30.75,30.989999771118164,24.696809768676758
2016-02-23,30.639999389648438,30.329999923706055,24.17083168029785
2016-02-24,29.84000015258789,30.260000228881836,24.11504554748535
2016-02-25,30.219999313354492,30.360000610351562,24.194746017456055
2016-02-26,30.559999465942383,30.059999465942383,23.95566177368164
2016-02-29,30.360000610351562,30.31999969482422,24.16286277770996
2016-03-01,30.899999618530273,31.399999618530273,25.023548126220703
2016-03-02,31.440000534057617,31.81999969482422,25.358253479003906
2016-03-03,31.850000381469727,32.18000030517578,25.645151138305664
2016-03-04,32.4900016784668,32.81999969482422,26.155181884765625
2016-03-07,32.5,32.77000045776367,26.115337371826172
2016-03-08,32.369998931884766,32.209999084472656,25.669052124023438
2016-03-09,32.41999816894531,32.40999984741211,25.82844352722168
2016-03-10,32.599998474121094,32.459999084472656,25.868288040161133
2016-03-11,32.95000076293945,33.13999938964844,26.410198211669922
2016-03-14,33.029998779296875,32.939998626708984,26.250816345214844
2016-03-15,32.439998626708984,32.470001220703125,25.876256942749023
2016-03-16,32.209999084472656,33.119998931884766,26.394258499145508
2016-03-17,33.56999969482422,33.849998474121094,26.976015090942383
2016-03-18,34.02000045776367,34.029998779296875,27.11946678161621
2016-03-21,33.9900016784668,34.099998474121094,27.17524528503418
2016-03-22,33.79999923706055,34.02000045776367,27.111495971679688
2016-03-23,33.7400016784668,33.439998626708984,26.649276733398438
2016-03-24,33.08000183105469,33.36000061035156,26.585521697998047
2016-03-28,33.380001068115234,33.470001220703125,26.673185348510742
2016-03-29,33.470001220703125,33.93000030517578,27.039772033691406
2016-03-30,34.439998626708984,34.279998779296875,27.318700790405273
2016-03-31,34.400001525878906,34.25,27.29479217529297
2016-04-01,33.52000045776367,34.150001525878906,27.215099334716797
2016-04-04,34.130001068115234,33.7400016784668,26.888355255126953
2016-04-05,33.209999084472656,33.08000183105469,26.362384796142578
2016-04-06,32.9900016784668,33.47999954223633,26.68115234375
2016-04-07,33.040000915527344,32.810001373291016,26.147212982177734
2016-04-08,33.529998779296875,33.380001068115234,26.60146141052246
2016-04-11,33.93000030517578,33.810001373291016,26.944149017333984
2016-04-12,33.810001373291016,34.33000183105469,27.358545303344727
2016-04-13,34.880001068115234,34.939998626708984,27.844676971435547
2016-04-14,34.880001068115234,34.77000045776367,27.709196090698242
2016-04-15,34.72999954223633,34.56999969482422,27.549806594848633
2016-04-18,34.45000076293945,34.72999954223633,27.67731285095215
2016-04-19,35.06999969482422,35.2599983215332,28.099685668945312
2016-04-20,34.97999954223633,35.099998474121094,27.972179412841797
2016-04-21,35.0099983215332,34.75,27.693256378173828
2016-04-22,34.61000061035156,34.540000915527344,27.525901794433594
2016-04-25,34.52000045776367,34.31999969482422,27.35057830810547
2016-04-26,34.58000183105469,34.689998626708984,27.64544105529785
2016-04-27,34.54999923706055,34.900001525878906,27.812795639038086
2016-04-28,34.54999923706055,34.540000915527344,27.525901794433594
2016-04-29,34.540000915527344,34.38999938964844,27.40635871887207
2016-05-02,34.38999938964844,34.29999923706055,27.334638595581055
2016-05-03,33.650001525878906,33.33000183105469,26.56161880493164
2016-05-04,33.119998931884766,32.790000915527344,26.131275177001953
2016-05-05,33.11000061035156,32.779998779296875,26.123302459716797
2016-05-06,32.66999816894531,32.83000183105469,26.16315460205078
2016-05-09,32.7599983215332,32.40999984741211,25.82844352722168
2016-05-10,32.77000045776367,33.029998779296875,26.322542190551758
2016-05-11,33.0,32.95000076293945,26.258785247802734
2016-05-12,33.13999938964844,32.86000061035156,26.187061309814453
2016-05-13,32.58000183105469,32.27000045776367,25.71687126159668
2016-05-16,32.59000015258789,32.65999984741211,26.027673721313477
2016-05-17,32.59000015258789,32.5099983215332,25.90813636779785
2016-05-18,32.290000915527344,32.189998626708984,25.65311622619629
2016-05-19,31.920000076293945,31.889999389648438,25.414043426513672
2016-05-20,32.189998626708984,32.209999084472656,25.669052124023438
2016-05-23,32.13999938964844,32.150001525878906,25.621240615844727
2016-05-24,32.31999969482422,32.47999954223633,25.88422966003418
2016-05-25,32.790000915527344,32.869998931884766,26.19502830505371
2016-05-26,33.130001068115234,33.09000015258789,26.370357513427734
2016-05-27,33.209999084472656,33.08000183105469,26.362384796142578
2016-05-31,33.15999984741211,33.119998931884766,26.394258499145508
2016-06-01,32.9900016784668,33.099998474121094,26.378320693969727
2016-06-02,33.06999969482422,33.369998931884766,26.593490600585938
2016-06-03,33.779998779296875,33.880001068115234,26.999927520751953
2016-06-06,34.0099983215332,34.2400016784668,27.286819458007812
2016-06-07,34.459999084472656,34.54999923706055,27.53386688232422
2016-06-08,34.779998779296875,34.79999923706055,27.73310089111328
2016-06-09,34.33000183105469,34.400001525878906,27.41433334350586
2016-06-10,33.70000076293945,33.529998779296875,26.72100067138672
2016-06-13,33.09000015258789,33.060001373291016,26.34644889831543
2016-06-14,32.959999084472656,32.95000076293945,26.258785247802734
2016-06-15,33.290000915527344,33.29999923706055,26.537708282470703
2016-06-16,32.70000076293945,33.18000030517578,26.442079544067383
2016-06-17,33.2400016784668,33.27000045776367,26.51380157470703
2016-06-20,33.900001525878906,33.86000061035156,26.98398780822754
2016-06-21,34.02000045776367,34.119998931884766,27.191186904907227
2016-06-22,34.08000183105469,33.939998626708984,27.260265350341797
2016-06-23,34.400001525878906,34.7599983215332,27.918880462646484
2016-06-24,32.7599983215332,32.650001525878906,26.224151611328125
2016-06-27,32.5,32.22999954223633,25.886808395385742
2016-06-28,33.0,33.18000030517578,26.649837493896484
2016-06-29,33.81999969482422,34.02000045776367,27.32451820373535
2016-06-30,34.16999816894531,34.36000061035156,27.597599029541016
2016-07-01,34.619998931884766,34.689998626708984,27.862659454345703
2016-07-05,34.209999084472656,33.95000076293945,27.268299102783203
2016-07-06,33.4900016784668,33.86000061035156,27.19601058959961
2016-07-07,34.02000045776367,33.77000045776367,27.12372589111328
2016-07-08,34.150001525878906,34.5,27.710046768188477
2016-07-11,34.790000915527344,34.83000183105469,27.97510528564453
2016-07-12,35.290000915527344,35.31999969482422,28.368669509887695
2016-07-13,35.33000183105469,35.2599983215332,28.320472717285156
2016-07-14,35.650001525878906,35.77000045776367,28.7301025390625
2016-07-15,35.7400016784668,35.689998626708984,28.665847778320312
2016-07-18,35.58000183105469,36.0099983215332,28.92286491394043
2016-07-19,35.689998626708984,35.63999938964844,28.62568473815918
2016-07-20,35.720001220703125,35.81999969482422,28.770259857177734
2016-07-21,35.7400016784668,35.709999084472656,28.68190574645996
2016-07-22,35.83000183105469,35.970001220703125,28.890737533569336
2016-07-25,35.84000015258789,35.61000061035156,28.60159683227539
2016-07-26,35.810001373291016,35.88999938964844,28.826488494873047
2016-07-27,35.95000076293945,36.0099983215332,28.92286491394043
2016-07-28,35.95000076293945,36.02000045776367,28.93090057373047
2016-07-29,36.029998779296875,36.209999084472656,29.0835018157959
2016-08-01,36.29999923706055,36.13999938964844,29.027280807495117
2016-08-02,36.08000183105469,35.880001068115234,28.818450927734375
2016-08-03,35.630001068115234,36.0,28.914838790893555
2016-08-04,36.099998474121094,36.20000076293945,29.075477600097656
2016-08-05,36.459999084472656,36.619998931884766,29.412805557250977
2016-08-08,36.86000061035156,36.880001068115234,29.621641159057617
2016-08-09,37.02000045776367,37.130001068115234,29.822446823120117
2016-08-10,37.31999969482422,37.13999938964844,29.830476760864258
2016-08-11,37.290000915527344,37.619998931884766,30.21600341796875
2016-08-12,37.5,37.47999954223633,30.103548049926758
2016-08-15,37.7599983215332,37.869998931884766,30.41680335998535
2016-08-16,37.790000915527344,37.70000076293945,30.28026008605957
2016-08-17,37.40999984741211,37.459999084472656,30.087493896484375
2016-08-18,37.70000076293945,37.810001373291016,30.368610382080078
2016-08-19,37.400001525878906,37.599998474121094,30.199939727783203
2016-08-22,37.25,37.099998474121094,29.798341751098633
2016-08-23,37.41999816894531,36.95000076293945,29.677865982055664
2016-08-24,36.88999938964844,37.04999923706055,29.758182525634766
2016-08-25,36.90999984741211,37.08000183105469,29.78228759765625
2016-08-26,37.15999984741211,36.7599983215332,29.525249481201172
2016-08-29,36.7599983215332,37.040000915527344,29.750150680541992
2016-08-30,37.09000015258789,36.939998626708984,29.669836044311523
2016-08-31,36.75,36.529998779296875,29.34052848815918
2016-09-01,36.56999969482422,36.810001373291016,29.56541633605957
2016-09-02,37.310001373291016,37.40999984741211,30.04732894897461
2016-09-06,37.90999984741211,38.209999084472656,30.689884185791016
2016-09-07,38.220001220703125,38.09000015258789,30.593502044677734
2016-09-08,38.099998474121094,37.9900016784668,30.5131893157959
2016-09-09,37.400001525878906,36.709999084472656,29.4851016998291
2016-09-12,36.209999084472656,36.959999084472656,29.685895919799805
2016-09-13,36.40999984741211,36.029998779296875,28.938934326171875
2016-09-14,36.150001525878906,36.13999938964844,29.027280807495117
2016-09-15,36.400001525878906,36.7599983215332,29.525249481201172
2016-09-16,36.459999084472656,36.5099983215332,29.324466705322266
2016-09-19,36.970001220703125,36.79999923706055,29.55738067626953
2016-09-20,37.09000015258789,36.81999969482422,29.573453903198242
2016-09-21,37.18000030517578,37.849998474121094,30.400733947753906
2016-09-22,38.18000030517578,38.119998931884766,30.617595672607422
2016-09-23,37.810001373291016,37.630001068115234,30.22403335571289
2016-09-26,37.290000915527344,37.08000183105469,29.78228759765625
2016-09-27,37.349998474121094,37.61000061035156,30.20796012878418
2016-09-28,37.66999816894531,37.95000076293945,30.481061935424805
2016-09-29,37.75,37.290000915527344,29.950946807861328
2016-09-30,37.459999084472656,37.45000076293945,30.079463958740234
2016-10-03,37.529998779296875,37.709999084472656,30.288284301757812
2016-10-04,37.72999954223633,37.290000915527344,29.950946807861328
2016-10-05,37.66999816894531,37.83000183105469,30.38466453552246
2016-10-06,37.630001068115234,37.86000061035156,30.408767700195312
2016-10-07,37.90999984741211,37.689998626708984,30.272226333618164
2016-10-10,37.939998626708984,38.099998474121094,30.601533889770508
2016-10-11,37.439998626708984,37.220001220703125,29.894723892211914
2016-10-12,37.099998474121094,37.150001525878906,29.83851432800293
2016-10-13,36.58000183105469,36.81999969482422,29.573453903198242
2016-10-14,37.130001068115234,36.880001068115234,29.621641159057617
2016-10-17,36.83000183105469,36.84000015258789,29.589509963989258
2016-10-18,37.470001220703125,37.4900016784668,30.111591339111328
2016-10-19,37.66999816894531,37.720001220703125,30.296329498291016
2016-10-20,37.59000015258789,37.61000061035156,30.20796012878418
2016-10-21,37.38999938964844,37.599998474121094,30.199939727783203
2016-10-24,37.900001525878906,37.7599983215332,30.32845115661621
2016-10-25,37.72999954223633,37.79999923706055,30.36057472229004
2016-10-26,37.380001068115234,37.400001525878906,30.0393009185791
2016-10-27,37.43000030517578,37.08000183105469,29.78228759765625
2016-10-28,37.119998931884766,36.93000030517578,29.661800384521484
2016-10-31,37.099998474121094,37.13999938964844,29.830476760864258
2016-11-01,37.279998779296875,36.84000015258789,29.589509963989258
2016-11-02,36.70000076293945,36.400001525878906,29.23611068725586
2016-11-03,36.439998626708984,36.29999923706055,29.15579605102539
2016-11-04,36.0099983215332,35.93000030517578,28.858606338500977
2016-11-07,36.810001373291016,37.22999954223633,29.902753829956055
2016-11-08,37.22999954223633,37.470001220703125,30.09552001953125
2016-11-09,36.34000015258789,36.25,29.115638732910156
2016-11-10,35.91999816894531,35.220001220703125,28.288349151611328
2016-11-11,34.54999923706055,34.54999923706055,27.75020980834961
2016-11-14,34.31999969482422,34.29999923706055,27.54941177368164
2016-11-15,34.56999969482422,34.9900016784668,28.10361671447754
2016-11-16,34.58000183105469,34.70000076293945,27.87069320678711
2016-11-17,34.81999969482422,34.75,27.910850524902344
2016-11-18,34.81999969482422,34.59000015258789,27.78233528137207
2016-11-21,34.900001525878906,34.93000030517578,28.055419921875
2016-11-22,35.439998626708984,35.459999084472656,28.481109619140625
2016-11-23,34.959999084472656,35.08000183105469,28.1759033203125
2016-11-25,35.279998779296875,35.25,28.31244659423828
2016-11-28,35.38999938964844,35.38999938964844,28.424890518188477
2016-11-29,35.279998779296875,35.439998626708984,28.465051651000977
2016-11-30,35.599998474121094,35.5,28.513233184814453
2016-12-01,35.400001525878906,35.08000183105469,28.1759033203125
2016-12-02,35.08000183105469,35.119998931884766,28.208024978637695
2016-12-05,35.290000915527344,35.40999984741211,28.44095230102539
2016-12-06,35.52000045776367,35.599998474121094,28.59355926513672
2016-12-07,35.81999969482422,36.20000076293945,29.075477600097656
2016-12-08,36.099998474121094,36.36000061035156,29.20398712158203
2016-12-09,36.13999938964844,36.16999816894531,29.051374435424805
2016-12-12,35.970001220703125,35.93000030517578,28.858606338500977
2016-12-13,36.13999938964844,36.33000183105469,29.17988395690918
2016-12-14,36.040000915527344,35.25,28.31244659423828
2016-12-15,35.27000045776367,35.310001373291016,28.360633850097656
2016-12-16,35.22999954223633,35.150001525878906,28.232128143310547
2016-12-19,35.16999816894531,34.90999984741211,28.039352416992188
2016-12-20,35.0099983215332,35.029998779296875,28.1357421875
2016-12-21,34.689998626708984,34.4900016784668,28.01875877380371
2016-12-22,34.119998931884766,34.08000183105469,27.68568992614746
2016-12-23,34.11000061035156,34.279998779296875,27.848159790039062
2016-12-27,34.36000061035156,34.43000030517578,27.97001838684082
2016-12-28,34.720001220703125,34.689998626708984,28.18123435974121
2016-12-29,35.040000915527344,35.2599983215332,28.644287109375
2016-12-30,35.25,35.0099983215332,28.441192626953125
2017-01-03,35.38999938964844,35.43000030517578,28.782394409179688
2017-01-04,35.630001068115234,35.70000076293945,29.00172996520996
2017-01-05,35.959999084472656,36.09000015258789,29.318559646606445
2017-01-06,35.970001220703125,35.939998626708984,29.196699142456055
2017-01-09,35.91999816894531,35.90999984741211,29.172327041625977
2017-01-10,36.130001068115234,36.119998931884766,29.34292221069336
2017-01-11,36.189998626708984,36.54999923706055,29.692243576049805
2017-01-12,36.70000076293945,36.709999084472656,29.82223129272461
2017-01-13,36.56999969482422,36.68000030517578,29.7978572845459
2017-01-17,36.599998474121094,36.65999984741211,29.78160858154297
2017-01-18,36.68000030517578,36.459999084472656,29.619138717651367
2017-01-19,36.470001220703125,36.349998474121094,29.529767990112305
2017-01-20,36.38999938964844,36.41999816894531,29.586637496948242
2017-01-23,36.66999816894531,36.959999084472656,30.02531623840332
2017-01-24,37.119998931884766,37.189998626708984,30.212160110473633
2017-01-25,37.45000076293945,37.599998474121094,30.545236587524414
2017-01-26,37.59000015258789,37.439998626708984,30.415264129638672
2017-01-27,37.439998626708984,37.470001220703125,30.43963050842285
2017-01-30,37.20000076293945,37.27000045776367,30.277156829833984
2017-01-31,37.310001373291016,37.34000015258789,30.33402442932129
2017-02-01,37.4900016784668,37.36000061035156,30.35027503967285
2017-02-02,37.47999954223633,37.52000045776367,30.480253219604492
2017-02-03,37.68000030517578,37.75,30.66710090637207
2017-02-06,37.709999084472656,37.65999984741211,30.593982696533203
2017-02-07,37.58000183105469,37.470001220703125,30.43963050842285
2017-02-08,37.4900016784668,37.70000076293945,30.626480102539062
2017-02-09,37.70000076293945,37.869998931884766,30.764585494995117
2017-02-10,37.959999084472656,38.220001220703125,31.048913955688477
2017-02-13,38.220001220703125,38.34000015258789,31.14640998840332
2017-02-14,38.34000015258789,38.380001068115234,31.178897857666016
2017-02-15,38.38999938964844,38.689998626708984,31.43073081970215
2017-02-16,38.72999954223633,38.54999923706055,31.31699562072754
2017-02-17,38.25,38.38999938964844,31.18701934814453
2017-02-21,38.630001068115234,38.810001373291016,31.528213500976562
2017-02-22,38.75,38.93000030517578,31.625694274902344
2017-02-23,39.130001068115234,38.939998626708984,31.633821487426758
2017-02-24,38.470001220703125,38.47999954223633,31.260122299194336
2017-02-27,38.369998931884766,38.36000061035156,31.16264533996582
2017-02-28,38.31999969482422,37.9900016784668,30.862070083618164
2017-03-01,38.29999923706055,38.58000183105469,31.34136962890625
2017-03-02,38.20000076293945,37.900001525878906,30.78894805908203
2017-03-03,38.08000183105469,38.189998626708984,31.024538040161133
2017-03-06,38.25,38.209999084472656,31.04077911376953
2017-03-07,38.33000183105469,38.25,31.07328987121582
2017-03-08,38.15999984741211,37.88999938964844,30.78083610534668
2017-03-09,37.70000076293945,37.59000015258789,30.53711700439453
2017-03-10,37.88999938964844,38.0099983215332,30.878313064575195
2017-03-13,38.40999984741211,38.540000915527344,31.308870315551758
2017-03-14,38.41999816894531,38.31999969482422,31.130151748657227
2017-03-15,38.52000045776367,39.31999969482422,31.94252586364746
2017-03-16,39.599998474121094,39.560001373291016,32.13749313354492
2017-03-17,39.599998474121094,39.4900016784668,32.080623626708984
2017-03-20,39.7400016784668,39.95000076293945,32.454315185546875
2017-03-21,40.150001525878906,39.5099983215332,32.09687042236328
2017-03-22,39.47999954223633,39.70000076293945,32.2512321472168
2017-03-23,39.560001373291016,39.709999084472656,32.259342193603516
2017-03-24,39.68000030517578,39.810001373291016,32.3405876159668
2017-03-27,39.54999923706055,39.70000076293945,32.2512321472168
2017-03-28,39.66999816894531,39.810001373291016,32.3405876159668
2017-03-29,39.720001220703125,39.880001068115234,32.3974494934082
2017-03-30,39.720001220703125,39.66999816894531,32.22686004638672
2017-03-31,39.41999816894531,39.38999938964844,31.999385833740234
2017-04-03,39.5099983215332,39.61000061035156,32.17810821533203
2017-04-04,39.529998779296875,39.630001068115234,32.19436264038086
2017-04-05,39.79999923706055,39.5099983215332,32.09687042236328
2017-04-06,39.470001220703125,39.439998626708984,32.040008544921875
2017-04-07,39.36000061035156,39.369998931884766,31.983139038085938
2017-04-10,39.220001220703125,39.209999084472656,31.853160858154297
2017-04-11,39.20000076293945,39.119998931884766,31.780054092407227
2017-04-12,39.290000915527344,39.310001373291016,31.934398651123047
2017-04-13,39.400001525878906,39.13999938964844,31.796300888061523
2017-04-17,39.31999969482422,39.54999923706055,32.129371643066406
2017-04-18,39.099998474121094,39.04999923706055,31.723182678222656
2017-04-19,39.150001525878906,38.810001373291016,31.528213500976562
2017-04-20,39.22999954223633,39.290000915527344,31.91815185546875
2017-04-21,39.29999923706055,39.290000915527344,31.91815185546875
2017-04-24,39.869998931884766,39.849998474121094,32.373085021972656
2017-04-25,40.13999938964844,40.20000076293945,32.657413482666016
2017-04-26,40.130001068115234,40.04999923706055,32.53555679321289
2017-04-27,40.130001068115234,40.0,32.494937896728516
2017-04-28,40.040000915527344,40.060001373291016,32.54368209838867
2017-05-01,40.2400016784668,40.290000915527344,32.730525970458984
2017-05-02,40.459999084472656,40.58000183105469,32.96611022949219
2017-05-03,40.40999984741211,40.310001373291016,32.74677658081055
2017-05-04,40.09000015258789,39.86000061035156,32.38120651245117
2017-05-05,39.79999923706055,40.189998626708984,32.649288177490234
2017-05-08,40.29999923706055,40.18000030517578,32.64115524291992
2017-05-09,40.4900016784668,40.689998626708984,33.05547332763672
2017-05-10,40.810001373291016,40.959999084472656,33.27481460571289
2017-05-11,41.0099983215332,41.04999923706055,33.34793472290039
2017-05-12,41.11000061035156,41.220001220703125,33.48603057861328
2017-05-15,41.43000030517578,41.63999938964844,33.82722473144531
2017-05-16,41.61000061035156,41.68000030517578,33.8597297668457
2017-05-17,41.31999969482422,40.970001220703125,33.28294372558594
2017-05-18,39.97999954223633,40.290000915527344,32.730525970458984
2017-05-19,40.880001068115234,41.150001525878906,33.429176330566406
2017-05-22,41.189998626708984,41.189998626708984,33.4616584777832
2017-05-23,41.220001220703125,41.22999954223633,33.49415969848633
2017-05-24,41.2400016784668,41.38999938964844,33.6241340637207
2017-05-25,41.61000061035156,41.59000015258789,33.78660583496094
2017-05-26,41.66999816894531,41.7400016784668,33.90847396850586
2017-05-30,41.5099983215332,41.52000045776367,33.7297477722168
2017-05-31,41.52000045776367,41.20000076293945,33.46977996826172
2017-06-01,41.310001373291016,41.54999923706055,33.75411605834961
2017-06-02,41.70000076293945,41.7599983215332,33.92470932006836
2017-06-05,41.75,41.709999084472656,33.88410186767578
2017-06-06,41.65999984741211,41.72999954223633,33.90034103393555
2017-06-07,41.599998474121094,41.68000030517578,33.8597297668457
2017-06-08,41.959999084472656,41.93000030517578,34.06281280517578
2017-06-09,41.959999084472656,41.61000061035156,33.802852630615234
2017-06-12,41.369998931884766,41.38999938964844,33.6241340637207
2017-06-13,41.61000061035156,41.59000015258789,33.78660583496094
2017-06-14,41.900001525878906,41.58000183105469,33.77848434448242
2017-06-15,41.08000183105469,41.150001525878906,33.429176330566406
2017-06-16,41.2400016784668,41.220001220703125,33.48603057861328
2017-06-19,41.470001220703125,41.630001068115234,33.8191032409668
2017-06-20,41.31999969482422,40.97999954223633,33.4453125
2017-06-21,41.16999816894531,41.06999969482422,33.518768310546875
2017-06-22,41.290000915527344,41.279998779296875,33.69015121459961
2017-06-23,41.349998474121094,41.5,33.86970520019531
2017-06-26,41.88999938964844,41.900001525878906,34.196163177490234
2017-06-27,41.900001525878906,41.40999984741211,33.79624938964844
2017-06-28,41.529998779296875,41.72999954223633,34.05741500854492
2017-06-29,41.529998779296875,41.20000076293945,33.62487030029297
2017-06-30,41.45000076293945,41.38999938964844,33.77993392944336
2017-07-03,41.619998931884766,41.630001068115234,33.975807189941406
2017-07-05,41.38999938964844,41.54999923706055,33.9105110168457
2017-07-06,41.25,41.04999923706055,33.50244903564453
2017-07-07,41.15999984741211,41.130001068115234,33.567726135253906
2017-07-10,41.27000045776367,41.52000045776367,33.88603591918945
2017-07-11,41.7400016784668,41.86000061035156,34.16351318359375
2017-07-12,42.45000076293945,42.66999816894531,34.824588775634766
2017-07-13,42.7400016784668,42.880001068115234,34.9959716796875
2017-07-14,43.16999816894531,43.41999816894531,35.436683654785156
2017-07-17,43.25,43.220001220703125,35.273468017578125
2017-07-18,43.13999938964844,43.349998474121094,35.37956237792969
2017-07-19,43.349998474121094,43.709999084472656,35.673377990722656
2017-07-20,43.75,43.65999984741211,35.63256072998047
2017-07-21,43.66999816894531,43.630001068115234,35.60808181762695
2017-07-24,43.81999969482422,43.7599983215332,35.71417236328125
2017-07-25,43.810001373291016,43.650001525878906,35.62440490722656
2017-07-26,43.720001220703125,44.0099983215332,35.918209075927734
2017-07-27,44.150001525878906,43.77000045776367,35.72234344482422
2017-07-28,43.61000061035156,43.75,35.70600891113281
2017-07-31,43.84000015258789,43.79999923706055,35.746829986572266
2017-08-01,44.0,43.93000030517578,35.85292053222656
2017-08-02,44.0099983215332,43.970001220703125,35.88556671142578
2017-08-03,43.7599983215332,43.790000915527344,35.738670349121094
2017-08-04,43.88999938964844,43.95000076293945,35.8692512512207
2017-08-07,44.11000061035156,44.25,36.11408233642578
2017-08-08,44.369998931884766,44.2599983215332,36.12223815917969
2017-08-09,43.75,43.86000061035156,35.79579544067383
2017-08-10,43.4900016784668,42.81999969482422,34.94700622558594
2017-08-11,42.869998931884766,42.91999816894531,35.02862548828125
2017-08-14,43.38999938964844,43.36000061035156,35.387718200683594
2017-08-15,43.33000183105469,43.40999984741211,35.42853546142578
2017-08-16,43.77000045776367,43.86000061035156,35.79579544067383
2017-08-17,43.7599983215332,43.29999923706055,35.338748931884766
2017-08-18,43.470001220703125,43.66999816894531,35.640724182128906
2017-08-21,43.77000045776367,43.83000183105469,35.77131652832031
2017-08-22,44.13999938964844,44.31999969482422,36.17121887207031
2017-08-23,44.2400016784668,44.529998779296875,36.34259796142578
2017-08-24,44.72999954223633,44.66999816894531,36.45686340332031
2017-08-25,44.91999816894531,44.93000030517578,36.66905975341797
2017-08-28,44.90999984741211,44.77000045776367,36.538475036621094
2017-08-29,44.77000045776367,44.689998626708984,36.47318649291992
2017-08-30,44.630001068115234,44.7599983215332,36.530311584472656
2017-08-31,44.77000045776367,44.83000183105469,36.58744812011719
2017-09-01,45.0099983215332,45.15999984741211,36.856773376464844
2017-09-05,44.810001373291016,44.56999969482422,36.37525177001953
2017-09-06,44.7400016784668,44.86000061035156,36.61192321777344
2017-09-07,45.08000183105469,45.189998626708984,36.881256103515625
2017-09-08,45.119998931884766,44.88999938964844,36.63642120361328
2017-09-11,45.2599983215332,45.4900016784668,37.126094818115234
2017-09-12,45.4900016784668,45.439998626708984,37.08529281616211
2017-09-13,45.2599983215332,45.20000076293945,36.8894157409668
2017-09-14,45.09000015258789,45.31999969482422,36.98735427856445
2017-09-15,45.400001525878906,45.59000015258789,37.20771026611328
2017-09-18,45.880001068115234,45.75,37.338287353515625
2017-09-19,45.779998779296875,45.849998474121094,37.41990280151367
2017-09-20,45.869998931884766,45.63999938964844,37.24851989746094
2017-09-21,45.63999938964844,45.63999938964844,37.24851989746094
2017-09-22,45.38999938964844,45.380001068115234,37.036319732666016
2017-09-25,45.0,44.61000061035156,36.407901763916016
2017-09-26,44.70000076293945,44.4900016784668,36.309959411621094
2017-09-27,44.36000061035156,44.33000183105469,36.17938232421875
2017-09-28,44.099998474121094,44.29999923706055,36.15488815307617
2017-09-29,44.63999938964844,44.810001373291016,36.57112503051758
2017-10-02,44.810001373291016,44.81999969482422,36.579280853271484
2017-10-03,45.18000030517578,45.529998779296875,37.15874099731445
2017-10-04,45.5099983215332,45.52000045776367,37.150577545166016
2017-10-05,45.709999084472656,45.86000061035156,37.428062438964844
2017-10-06,45.439998626708984,45.630001068115234,37.2403564453125
2017-10-09,45.5099983215332,45.599998474121094,37.21586990356445
2017-10-10,45.95000076293945,46.04999923706055,37.58313751220703
2017-10-11,46.040000915527344,46.2599983215332,37.754520416259766
2017-10-12,46.279998779296875,46.2400016784668,37.73820877075195
2017-10-13,46.65999984741211,46.65999984741211,38.08098220825195
2017-10-16,46.779998779296875,46.630001068115234,38.056495666503906
2017-10-17,46.5099983215332,46.38999938964844,37.86062240600586
2017-10-18,46.54999923706055,46.5,37.95038986206055
2017-10-19,46.02000045776367,46.09000015258789,37.61577606201172
2017-10-20,46.31999969482422,46.2599983215332,37.754520416259766
2017-10-23,46.18000030517578,45.88999938964844,37.452552795410156
2017-10-24,45.97999954223633,45.88999938964844,37.452552795410156
2017-10-25,46.06999969482422,45.790000915527344,37.37092971801758
2017-10-26,45.81999969482422,45.47999954223633,37.1179313659668
2017-10-27,45.720001220703125,46.13999938964844,37.656578063964844
2017-10-30,45.9900016784668,45.849998474121094,37.41990280151367
2017-10-31,46.130001068115234,46.279998779296875,37.77084732055664
2017-11-01,46.70000076293945,46.52000045776367,37.96672058105469
2017-11-02,46.59000015258789,46.58000183105469,38.015682220458984
2017-11-03,46.540000915527344,46.34000015258789,37.81981658935547
2017-11-06,46.560001373291016,46.86000061035156,38.244205474853516
2017-11-07,46.810001373291016,46.560001373291016,37.99937438964844
2017-11-08,46.70000076293945,46.779998779296875,38.17890930175781
2017-11-09,46.459999084472656,46.4900016784668,37.942230224609375
2017-11-10,46.43000030517578,46.290000915527344,37.77901077270508
2017-11-13,46.130001068115234,46.189998626708984,37.69739532470703
2017-11-14,46.11000061035156,45.880001068115234,37.44439697265625
2017-11-15,45.650001525878906,45.63999938964844,37.24851989746094
2017-11-16,46.310001373291016,46.59000015258789,38.02384948730469
2017-11-17,46.72999954223633,46.81999969482422,38.21156311035156
2017-11-20,46.77000045776367,47.060001373291016,38.40742492675781
2017-11-21,47.630001068115234,47.689998626708984,38.92160415649414
2017-11-22,47.84000015258789,47.810001373291016,39.019535064697266
2017-11-24,47.65999984741211,47.709999084472656,38.93791961669922
2017-11-27,47.310001373291016,47.0099983215332,38.36662673950195
2017-11-28,47.38999938964844,47.36000061035156,38.65227508544922
2017-11-29,47.16999816894531,46.61000061035156,38.0401725769043
2017-11-30,46.470001220703125,46.099998474121094,37.623939514160156
2017-12-01,45.97999954223633,45.84000015258789,37.41175079345703
2017-12-04,46.349998474121094,45.93000030517578,37.48518753051758
2017-12-05,45.959999084472656,45.900001525878906,37.460716247558594
2017-12-06,45.119998931884766,45.279998779296875,36.95470428466797
2017-12-07,45.400001525878906,45.40999984741211,37.0608024597168
2017-12-08,45.91999816894531,45.939998626708984,37.49336624145508
2017-12-11,46.189998626708984,46.16999816894531,37.681068420410156
2017-12-12,45.7400016784668,45.86000061035156,37.428062438964844
2017-12-13,46.150001525878906,46.40999984741211,37.8769416809082
2017-12-14,46.2599983215332,46.06999969482422,37.599456787109375
2017-12-15,46.15999984741211,46.16999816894531,37.681068420410156
2017-12-18,46.56999969482422,46.689998626708984,38.10546875
2017-12-19,46.06999969482422,45.75,37.90412902832031
2017-12-20,45.959999084472656,45.810001373291016,37.95384216308594
2017-12-21,46.0,46.11000061035156,38.202396392822266
2017-12-22,46.290000915527344,46.5,38.52550506591797
2017-12-26,46.41999816894531,46.459999084472656,38.49237060546875
2017-12-27,46.52000045776367,46.58000183105469,38.59178924560547
2017-12-28,47.0099983215332,46.900001525878906,38.856910705566406
2017-12-29,47.279998779296875,47.119998931884766,39.0391845703125
2018-01-02,47.779998779296875,48.0099983215332,39.776554107666016
2018-01-03,48.290000915527344,48.470001220703125,40.15767288208008
2018-01-04,48.59000015258789,48.709999084472656,40.35650634765625
2018-01-05,48.81999969482422,49.130001068115234,40.70448684692383
2018-01-08,49.060001373291016,49.130001068115234,40.70448684692383
2018-01-09,49.119998931884766,49.04999923706055,40.63820266723633
2018-01-10,48.68000030517578,48.7400016784668,40.38136672973633
2018-01-11,48.66999816894531,49.040000915527344,40.629913330078125
2018-01-12,49.13999938964844,49.5099983215332,41.019317626953125
2018-01-16,49.70000076293945,49.31999969482422,40.861900329589844
2018-01-17,49.70000076293945,49.970001220703125,41.400421142578125
2018-01-18,49.959999084472656,50.029998779296875,41.45013427734375
2018-01-19,50.279998779296875,50.439998626708984,41.78982925415039
2018-01-22,50.40999984741211,50.72999954223633,42.03010177612305
2018-01-23,50.72999954223633,50.970001220703125,42.22892761230469
2018-01-24,51.29999923706055,51.400001525878906,42.58518600463867
2018-01-25,51.45000076293945,51.369998931884766,42.56033706665039
2018-01-26,51.72999954223633,52.08000183105469,43.1485710144043
2018-01-29,51.45000076293945,51.290000915527344,42.49406051635742
2018-01-30,50.7400016784668,50.59000015258789,41.914100646972656
2018-01-31,51.279998779296875,51.029998779296875,42.27864456176758
2018-02-01,50.56999969482422,50.34000015258789,41.70697784423828
2018-02-02,49.81999969482422,49.04999923706055,40.63820266723633
2018-02-05,48.97999954223633,47.33000183105469,39.21317672729492
2018-02-06,47.31999969482422,48.869998931884766,40.489070892333984
2018-02-07,48.0,47.33000183105469,39.21317672729492
2018-02-08,47.630001068115234,45.689998626708984,37.85441207885742
2018-02-09,46.310001373291016,46.41999816894531,38.45923614501953
2018-02-12,47.08000183105469,47.150001525878906,39.06404495239258
2018-02-13,47.220001220703125,47.5099983215332,39.36229705810547
2018-02-14,47.40999984741211,48.70000076293945,40.34822463989258
2018-02-15,49.560001373291016,49.70000076293945,41.176734924316406
2018-02-16,49.34000015258789,49.540000915527344,41.0441780090332
2018-02-20,48.65999984741211,48.86000061035156,40.48078918457031
2018-02-21,49.29999923706055,48.81999969482422,40.4476432800293
2018-02-22,48.970001220703125,48.849998474121094,40.472496032714844
2018-02-23,49.45000076293945,49.720001220703125,41.19330596923828
2018-02-26,49.849998474121094,50.18000030517578,41.57441329956055
2018-02-27,49.529998779296875,48.720001220703125,40.36479568481445
2018-02-28,48.83000183105469,48.02000045776367,39.78484344482422
2018-03-01,48.369998931884766,47.93000030517578,39.71028137207031
2018-03-02,47.349998474121094,48.130001068115234,39.8759765625
2018-03-05,47.61000061035156,48.20000076293945,39.93396759033203
2018-03-06,49.0099983215332,48.650001525878906,40.306800842285156
2018-03-07,48.34000015258789,48.70000076293945,40.34822463989258
2018-03-08,48.790000915527344,48.709999084472656,40.35650634765625
2018-03-09,49.11000061035156,49.75,41.21815872192383
2018-03-12,49.810001373291016,49.869998931884766,41.31757354736328
2018-03-13,50.099998474121094,49.41999816894531,40.94474792480469
2018-03-14,49.790000915527344,49.5,41.01102828979492
2018-03-15,49.65999984741211,49.31999969482422,40.861900329589844
2018-03-16,49.13999938964844,49.209999084472656,40.7707633972168
2018-03-19,48.88999938964844,48.68000030517578,40.3316535949707
2018-03-20,49.09000015258789,49.220001220703125,40.779052734375
2018-03-21,49.15999984741211,49.5099983215332,41.019317626953125
2018-03-22,48.369998931884766,47.86000061035156,39.65227508544922
2018-03-23,47.939998626708984,46.88999938964844,38.8486213684082
2018-03-26,48.099998474121094,48.40999984741211,40.10795593261719
2018-03-27,48.45000076293945,47.529998779296875,39.378868103027344
2018-03-28,47.380001068115234,47.290000915527344,39.18003463745117
2018-03-29,47.630001068115234,48.279998779296875,40.0002555847168
2018-04-02,47.95000076293945,47.40999984741211,39.27944564819336
2018-04-03,47.84000015258789,47.880001068115234,39.668853759765625
2018-04-04,46.59000015258789,47.900001525878906,39.685420989990234
2018-04-05,48.09000015258789,48.02000045776367,39.78484344482422
2018-04-06,47.540000915527344,47.08000183105469,39.006038665771484
2018-04-09,47.41999816894531,47.130001068115234,39.0474739074707
2018-04-10,47.81999969482422,48.04999923706055,39.80970001220703
2018-04-11,47.75,48.06999969482422,39.826263427734375
2018-04-12,47.970001220703125,48.04999923706055,39.80970001220703
2018-04-13,48.0099983215332,47.56999969482422,39.41201400756836
2018-04-16,47.5,47.630001068115234,39.461727142333984
2018-04-17,47.41999816894531,47.72999954223633,39.54457092285156
2018-04-18,47.90999984741211,48.13999938964844,39.88426208496094
2018-04-19,48.2599983215332,47.86000061035156,39.65227508544922
2018-04-20,47.59000015258789,47.2599983215332,39.155174255371094
2018-04-23,47.16999816894531,46.880001068115234,38.84033966064453
2018-04-24,47.2599983215332,46.65999984741211,38.6580696105957
2018-04-25,46.310001373291016,46.29999923706055,38.35981369018555
2018-04-26,46.56999969482422,46.970001220703125,38.914913177490234
2018-04-27,47.2400016784668,47.2599983215332,39.155174255371094
2018-04-30,47.43000030517578,46.91999816894531,38.873477935791016
2018-05-01,46.63999938964844,46.689998626708984,38.68293380737305
2018-05-02,46.7400016784668,46.31999969482422,38.376380920410156
2018-05-03,46.290000915527344,46.220001220703125,38.29353713989258
2018-05-04,45.77000045776367,46.43000030517578,38.4675178527832
2018-05-07,46.04999923706055,46.15999984741211,38.24382400512695
2018-05-08,46.27000045776367,46.41999816894531,38.45923614501953
2018-05-09,46.560001373291016,46.5099983215332,38.5338020324707
2018-05-10,47.06999969482422,47.47999954223633,39.337440490722656
2018-05-11,47.68000030517578,47.400001525878906,39.27116775512695
2018-05-14,47.65999984741211,47.459999084472656,39.320884704589844
2018-05-15,46.58000183105469,46.47999954223633,38.508941650390625
2018-05-16,46.91999816894531,47.18000030517578,39.08889389038086
2018-05-17,46.66999816894531,46.459999084472656,38.49237060546875
2018-05-18,46.04999923706055,46.06999969482422,38.16925811767578
2018-05-21,46.45000076293945,46.349998474121094,38.401241302490234
2018-05-22,46.54999923706055,46.5099983215332,38.5338020324707
2018-05-23,45.959999084472656,46.4900016784668,38.5172233581543
2018-05-24,46.2400016784668,46.2400016784668,38.31010055541992
2018-05-25,46.22999954223633,46.43000030517578,38.4675178527832
2018-05-29,45.7400016784668,45.349998474121094,37.572731018066406
2018-05-30,45.36000061035156,45.709999084472656,37.87099075317383
2018-05-31,45.650001525878906,45.689998626708984,37.85441207885742
2018-06-01,46.060001373291016,46.33000183105469,38.38467025756836
2018-06-04,46.720001220703125,46.79999923706055,38.77406692504883
2018-06-05,46.65999984741211,46.439998626708984,38.475799560546875
2018-06-06,46.84000015258789,47.13999938964844,39.05575942993164
2018-06-07,46.970001220703125,46.41999816894531,38.45923614501953
2018-06-08,46.16999816894531,46.33000183105469,38.38467025756836
2018-06-11,46.380001068115234,46.33000183105469,38.38467025756836
2018-06-12,46.310001373291016,46.209999084472656,38.285240173339844
2018-06-13,46.290000915527344,45.900001525878906,38.028411865234375
2018-06-14,45.900001525878906,45.59000015258789,37.771568298339844
2018-06-15,45.16999816894531,45.22999954223633,37.47331237792969
2018-06-18,44.59000015258789,44.68000030517578,37.01762771606445
2018-06-19,43.56999969482422,43.900001525878906,36.60901641845703
2018-06-20,44.29999923706055,44.09000015258789,36.767459869384766
2018-06-21,43.81999969482422,43.470001220703125,36.250423431396484
2018-06-22,44.099998474121094,43.91999816894531,36.62568664550781
2018-06-25,43.5099983215332,43.33000183105469,36.13368606567383
2018-06-26,43.349998474121094,43.15999984741211,35.991912841796875
2018-06-27,43.099998474121094,42.33000183105469,35.299766540527344
2018-06-28,42.290000915527344,42.689998626708984,35.5999755859375
2018-06-29,43.2400016784668,43.33000183105469,36.13368606567383
2018-07-02,42.619998931884766,42.900001525878906,35.77509307861328
2018-07-03,43.18000030517578,42.93000030517578,35.80010986328125
2018-07-05,43.04999923706055,42.81999969482422,35.708377838134766
2018-07-06,42.95000076293945,43.40999984741211,36.20039749145508
2018-07-09,44.0099983215332,44.189998626708984,36.85084915161133
2018-07-10,44.04999923706055,44.09000015258789,36.767459869384766
2018-07-11,43.369998931884766,43.22999954223633,36.05028533935547
2018-07-12,43.7599983215332,43.81999969482422,36.54230880737305
2018-07-13,43.77000045776367,43.849998474121094,36.56732177734375
2018-07-16,43.63999938964844,43.61000061035156,36.36717987060547
2018-07-17,43.439998626708984,43.93000030517578,36.634033203125
2018-07-18,43.689998626708984,43.880001068115234,36.59233474731445
2018-07-19,43.20000076293945,43.34000015258789,36.14201354980469
2018-07-20,43.77000045776367,43.959999084472656,36.659053802490234
2018-07-23,43.7599983215332,43.66999816894531,36.41720962524414
2018-07-24,44.38999938964844,44.310001373291016,36.9509162902832
2018-07-25,44.599998474121094,45.029998779296875,37.55134201049805
2018-07-26,44.650001525878906,44.529998779296875,37.13438034057617
2018-07-27,44.86000061035156,44.689998626708984,37.26780700683594
2018-07-30,44.790000915527344,44.619998931884766,37.209434509277344
2018-07-31,44.619998931884766,44.86000061035156,37.409576416015625
2018-08-01,44.470001220703125,44.459999084472656,37.07600402832031
2018-08-02,43.54999923706055,43.869998931884766,36.583988189697266
2018-08-03,44.02000045776367,44.209999084472656,36.86751937866211
2018-08-06,43.88999938964844,43.869998931884766,36.583988189697266
2018-08-07,44.380001068115234,44.31999969482422,36.959259033203125
2018-08-08,44.22999954223633,44.2599983215332,36.909217834472656
2018-08-09,44.31999969482422,44.130001068115234,36.800811767578125
2018-08-10,43.13999938964844,43.189998626708984,36.01692581176758
2018-08-13,42.790000915527344,42.47999954223633,35.42485046386719
2018-08-14,42.63999938964844,42.7400016784668,35.64167404174805
2018-08-15,41.540000915527344,41.5099983215332,34.61595153808594
2018-08-16,41.91999816894531,41.77000045776367,34.83277130126953
2018-08-17,41.619998931884766,42.209999084472656,35.19968795776367
2018-08-20,42.310001373291016,42.400001525878906,35.35813522338867
2018-08-21,42.83000183105469,42.939998626708984,35.80845642089844
2018-08-22,42.97999954223633,43.279998779296875,36.091976165771484
2018-08-23,43.130001068115234,42.58000183105469,35.50823974609375
2018-08-24,43.220001220703125,43.369998931884766,36.16704177856445
2018-08-27,43.77000045776367,43.9900016784668,36.68407440185547
2018-08-28,44.11000061035156,43.83000183105469,36.55064010620117
2018-08-29,43.72999954223633,44.099998474121094,36.775794982910156
2018-08-30,43.41999816894531,42.95000076293945,35.8167839050293
2018-08-31,42.88999938964844,43.16999816894531,36.0002555847168
2018-09-04,42.4900016784668,42.33000183105469,35.299766540527344
2018-09-05,41.84000015258789,41.720001220703125,34.79107666015625
2018-09-06,41.79999923706055,41.7599983215332,34.824424743652344
2018-09-07,41.630001068115234,41.54999923706055,34.64931106567383
2018-09-10,41.540000915527344,41.13999938964844,34.307395935058594
2018-09-11,40.7400016784668,41.22999954223633,34.3824462890625
2018-09-12,41.040000915527344,41.439998626708984,34.55756759643555
2018-09-13,42.060001373291016,42.0,35.02457046508789
2018-09-14,42.22999954223633,41.959999084472656,34.9912109375
2018-09-17,41.650001525878906,41.58000183105469,34.674320220947266
2018-09-18,41.779998779296875,41.97999954223633,35.00788497924805
2018-09-19,42.33000183105469,42.560001373291016,35.49155807495117
2018-09-20,42.93000030517578,43.029998779296875,35.88350296020508
2018-09-21,43.09000015258789,43.22999954223633,36.05028533935547
2018-09-24,42.72999954223633,42.7400016784668,35.64167404174805
2018-09-25,42.810001373291016,42.90999984741211,35.7834358215332
2018-09-26,42.97999954223633,43.0,35.85848617553711
2018-09-27,43.130001068115234,43.209999084472656,36.033607482910156
2018-09-28,42.88999938964844,42.91999816894531,35.791778564453125
2018-10-01,43.130001068115234,42.93000030517578,35.80010986328125
2018-10-02,42.369998931884766,42.38999938964844,35.34979248046875
2018-10-03,42.689998626708984,42.040000915527344,35.057926177978516
2018-10-04,41.61000061035156,40.9900016784668,34.18231201171875
2018-10-05,41.0099983215332,40.84000015258789,34.05722427368164
2018-10-08,40.560001373291016,40.900001525878906,34.10725402832031
2018-10-09,40.56999969482422,40.75,33.982173919677734
2018-10-10,40.540000915527344,39.540000915527344,32.9731330871582
2018-10-11,39.31999969482422,39.13999938964844,32.63956832885742
2018-10-12,40.2599983215332,40.290000915527344,33.59857177734375
2018-10-15,39.939998626708984,39.86000061035156,33.2399787902832
2018-10-16,40.36000061035156,40.86000061035156,34.07389831542969
2018-10-17,40.54999923706055,40.36000061035156,33.656944274902344
2018-10-18,39.93000030517578,39.29999923706055,32.77299118041992
2018-10-19,39.90999984741211,39.66999816894531,33.0815315246582
2018-10-22,40.34000015258789,40.099998474121094,33.440120697021484
2018-10-23,39.150001525878906,39.65999984741211,33.07319259643555
2018-10-24,39.459999084472656,38.380001068115234,32.00578308105469
2018-10-25,38.81999969482422,39.119998931884766,32.622886657714844
2018-10-26,38.310001373291016,38.66999816894531,32.247615814208984
2018-10-29,39.0099983215332,38.0,31.688901901245117
2018-10-30,38.22999954223633,38.7400016784668,32.305999755859375
2018-10-31,39.15999984741211,39.15999984741211,32.65624237060547
2018-11-01,39.779998779296875,40.560001373291016,33.82372283935547
2018-11-02,41.25,40.81999969482422,34.0405387878418
2018-11-05,40.810001373291016,40.93000030517578,34.13227462768555
2018-11-06,40.72999954223633,40.86000061035156,34.07389831542969
2018-11-07,41.40999984741211,41.630001068115234,34.71601104736328
2018-11-08,41.09000015258789,40.54999923706055,33.81538772583008
2018-11-09,39.93000030517578,39.79999923706055,33.189945220947266
2018-11-12,39.66999816894531,39.2400016784668,32.72295379638672
2018-11-13,39.619998931884766,39.689998626708984,33.09820556640625
2018-11-14,40.060001373291016,39.93000030517578,33.29835510253906
2018-11-15,40.13999938964844,40.81999969482422,34.0405387878418
2018-11-16,40.4900016784668,40.900001525878906,34.10725402832031
2018-11-19,40.619998931884766,40.349998474121094,33.64860153198242
2018-11-20,39.720001220703125,39.47999954223633,32.923099517822266
2018-11-21,40.209999084472656,40.209999084472656,33.53184509277344
2018-11-23,39.7400016784668,39.7400016784668,33.13991165161133
2018-11-26,40.29999923706055,40.22999954223633,33.54853439331055
2018-11-27,40.09000015258789,40.5099983215332,33.78203201293945
2018-11-28,40.790000915527344,41.47999954223633,34.590938568115234
2018-11-29,41.189998626708984,41.119998931884766,34.290714263916016
2018-11-30,40.959999084472656,41.08000183105469,34.25736618041992
2018-12-03,42.130001068115234,41.90999984741211,34.94951629638672
2018-12-04,41.95000076293945,41.02000045776367,34.20732498168945
2018-12-06,39.93000030517578,40.63999938964844,33.89043426513672
2018-12-07,40.58000183105469,39.880001068115234,33.25666046142578
2018-12-10,39.61000061035156,39.459999084472656,32.90641784667969
2018-12-11,40.02000045776367,39.7599983215332,33.156578063964844
2018-12-12,40.5,40.40999984741211,33.698631286621094
2018-12-13,40.560001373291016,40.400001525878906,33.69029235839844
2018-12-14,39.88999938964844,39.83000183105469,33.2149658203125
2018-12-17,39.88999938964844,39.459999084472656,32.90641784667969
2018-12-18,39.16999816894531,39.13999938964844,33.1298828125
2018-12-19,39.33000183105469,38.4900016784668,32.579689025878906
2018-12-20,38.880001068115234,38.790000915527344,32.833621978759766
2018-12-21,38.900001525878906,38.52000045776367,32.60508346557617
2018-12-24,38.439998626708984,38.15999984741211,32.30036544799805
2018-12-26,38.40999984741211,38.91999816894531,32.94365310668945
2018-12-27,38.400001525878906,38.869998931884766,32.90133285522461
2018-12-28,39.189998626708984,39.2400016784668,33.21452331542969
2018-12-31,39.5,39.060001373291016,33.062171936035156
2019-01-02,38.59000015258789,39.15999984741211,33.14680862426758
2019-01-03,38.72999954223633,38.45000076293945,32.54582977294922
2019-01-04,39.0099983215332,39.689998626708984,33.59541320800781
2019-01-07,39.720001220703125,39.779998779296875,33.67159652709961
2019-01-08,39.79999923706055,39.93000030517578,33.79856491088867
2019-01-09,40.34000015258789,40.63999938964844,34.399539947509766
2019-01-10,40.41999816894531,40.93000030517578,34.64501190185547
2019-01-11,40.599998474121094,40.72999954223633,34.4757194519043
2019-01-14,40.209999084472656,40.38999938964844,34.18793869018555
2019-01-15,40.619998931884766,40.66999816894531,34.4249382019043
2019-01-16,40.959999084472656,41.16999816894531,34.8481559753418
2019-01-17,40.84000015258789,41.349998474121094,35.00052261352539
2019-01-18,41.52000045776367,41.54999923706055,35.16981506347656
2019-01-22,41.060001373291016,40.83000183105469,34.56037139892578
2019-01-23,41.209999084472656,41.25,34.91587448120117
2019-01-24,41.279998779296875,41.650001525878906,35.254459381103516
2019-01-25,42.099998474121094,42.20000076293945,35.720001220703125
2019-01-28,41.56999969482422,41.7599983215332,35.347564697265625
2019-01-29,41.970001220703125,41.83000183105469,35.40681457519531
2019-01-30,42.08000183105469,42.7400016784668,36.177085876464844
2019-01-31,42.790000915527344,43.099998474121094,36.4818000793457
2019-02-01,42.779998779296875,42.7599983215332,36.194007873535156
2019-02-04,42.630001068115234,42.83000183105469,36.253265380859375
2019-02-05,43.029998779296875,43.41999816894531,36.752662658691406
2019-02-06,43.220001220703125,42.83000183105469,36.253265380859375
2019-02-07,42.4900016784668,42.400001525878906,35.88928985595703
2019-02-08,42.09000015258789,42.15999984741211,35.686134338378906
2019-02-11,42.2400016784668,42.02000045776367,35.567630767822266
2019-02-12,42.369998931884766,42.369998931884766,35.8638916015625
2019-02-13,42.38999938964844,42.06999969482422,35.609954833984375
2019-02-14,41.81999969482422,42.150001525878906,35.677669525146484
2019-02-15,42.130001068115234,42.09000015258789,35.62689208984375
2019-02-19,41.93000030517578,42.41999816894531,35.906211853027344
2019-02-20,42.650001525878906,42.65999984741211,36.1093635559082
2019-02-21,42.630001068115234,42.56999969482422,36.033180236816406
2019-02-22,42.93000030517578,43.040000915527344,36.43101501464844
2019-02-25,43.52000045776367,43.52000045776367,36.83730697631836
2019-02-26,43.220001220703125,43.369998931884766,36.71034622192383
2019-02-27,43.09000015258789,43.0,36.39715576171875
2019-02-28,42.720001220703125,42.439998626708984,35.92314147949219
2019-03-01,42.779998779296875,42.4900016784668,35.96546936035156
2019-03-04,42.720001220703125,42.54999923706055,36.01625442504883
2019-03-05,42.75,42.970001220703125,36.371761322021484
2019-03-06,42.9900016784668,42.72999954223633,36.16862106323242
2019-03-07,42.47999954223633,41.939998626708984,35.49992370605469
2019-03-08,41.439998626708984,41.63999938964844,35.245994567871094
2019-03-11,42.0099983215332,42.41999816894531,35.906211853027344
2019-03-12,42.63999938964844,42.63999938964844,36.092437744140625
2019-03-13,42.65999984741211,42.689998626708984,36.134761810302734
2019-03-14,42.52000045776367,42.459999084472656,35.94007110595703
2019-03-15,42.849998474121094,43.08000183105469,36.46487045288086
2019-03-18,43.38999938964844,43.560001373291016,36.87117004394531
2019-03-19,43.61000061035156,43.58000183105469,36.888099670410156
2019-03-20,43.439998626708984,43.650001525878906,36.94733810424805
2019-03-21,43.41999816894531,43.709999084472656,36.99813461303711
2019-03-22,43.04999923706055,42.43000030517578,35.9146842956543
2019-03-25,42.34000015258789,42.529998779296875,35.999324798583984
2019-03-26,42.66999816894531,42.65999984741211,36.1093635559082
2019-03-27,42.439998626708984,42.20000076293945,35.720001220703125
2019-03-28,42.34000015258789,42.47999954223633,35.95700454711914
2019-03-29,42.95000076293945,42.91999816894531,36.32944869995117
2019-04-01,43.5,43.630001068115234,36.930423736572266
2019-04-02,43.66999816894531,43.4900016784668,36.81190872192383
2019-04-03,43.90999984741211,43.790000915527344,37.06584548950195
2019-04-04,43.779998779296875,44.060001373291016,37.294395446777344
2019-04-05,44.18000030517578,44.400001525878906,37.582176208496094
2019-04-08,44.18000030517578,44.400001525878906,37.582176208496094
2019-04-09,44.43000030517578,44.310001373291016,37.50599670410156
2019-04-10,44.5,44.52000045776367,37.683746337890625
2019-04-11,44.20000076293945,44.040000915527344,37.277462005615234
2019-04-12,44.47999954223633,44.36000061035156,37.548309326171875
2019-04-15,44.31999969482422,44.130001068115234,37.3536376953125
2019-04-16,44.31999969482422,44.459999084472656,37.632965087890625
2019-04-17,44.77000045776367,44.59000015258789,37.743003845214844
2019-04-18,44.43000030517578,44.560001373291016,37.71760940551758
2019-04-22,44.13999938964844,44.27000045776367,37.472137451171875
2019-04-23,44.20000076293945,44.369998931884766,37.55677795410156
2019-04-24,44.06999969482422,43.77000045776367,37.04892349243164
2019-04-25,43.5,43.709999084472656,36.99813461303711
2019-04-26,43.779998779296875,43.880001068115234,37.14202880859375
2019-04-29,44.0,43.970001220703125,37.21821212768555
2019-04-30,43.849998474121094,43.93000030517578,37.184356689453125
2019-05-01,44.0099983215332,43.599998474121094,36.90502166748047
2019-05-02,43.70000076293945,43.70000076293945,36.98966979980469
2019-05-03,44.02000045776367,44.220001220703125,37.4298210144043
2019-05-06,42.84000015258789,43.310001373291016,36.6595573425293
2019-05-07,42.86000061035156,42.459999084472656,35.94007110595703
2019-05-08,42.58000183105469,42.400001525878906,35.88928985595703
2019-05-09,41.45000076293945,41.72999954223633,35.32217025756836
2019-05-10,41.849998474121094,41.97999954223633,35.533775329589844
2019-05-13,40.68000030517578,40.58000183105469,34.34877014160156
2019-05-14,41.130001068115234,41.150001525878906,34.83123016357422
2019-05-15,40.900001525878906,41.22999954223633,34.89894485473633
2019-05-16,41.16999816894531,41.029998779296875,34.72966003417969
2019-05-17,40.349998474121094,40.290000915527344,34.10329055786133
2019-05-20,40.16999816894531,40.119998931884766,33.95939636230469
2019-05-21,40.38999938964844,40.630001068115234,34.391082763671875
2019-05-22,40.58000183105469,40.43000030517578,34.2217903137207
2019-05-23,39.880001068115234,39.90999984741211,33.78164291381836
2019-05-24,40.220001220703125,39.95000076293945,33.81549072265625
2019-05-28,40.369998931884766,40.09000015258789,33.933998107910156
2019-05-29,39.93000030517578,40.349998474121094,34.154075622558594
2019-05-30,40.47999954223633,40.56999969482422,34.340293884277344
2019-05-31,40.380001068115234,40.709999084472656,34.458797454833984
2019-06-03,41.04999923706055,41.08000183105469,34.7719841003418
2019-06-04,40.90999984741211,41.16999816894531,34.8481559753418
2019-06-05,41.220001220703125,40.84000015258789,34.5688362121582
2019-06-06,40.84000015258789,40.86000061035156,34.585758209228516
2019-06-07,41.08000183105469,41.18000030517578,34.85662078857422
2019-06-10,41.560001373291016,41.61000061035156,35.22060012817383
2019-06-11,42.150001525878906,42.08000183105469,35.61842346191406
2019-06-12,41.779998779296875,41.630001068115234,35.23752212524414
2019-06-13,41.689998626708984,41.560001373291016,35.17827606201172
2019-06-14,41.290000915527344,41.099998474121094,34.78891372680664
2019-06-17,40.81999969482422,40.95000076293945,34.92621994018555
2019-06-18,41.400001525878906,41.939998626708984,35.770599365234375
2019-06-19,42.02000045776367,42.290000915527344,36.069114685058594
2019-06-20,43.18000030517578,42.90999984741211,36.5979118347168
2019-06-21,42.7400016784668,42.77000045776367,36.4785041809082
2019-06-24,42.75,42.709999084472656,36.427330017089844
2019-06-25,42.540000915527344,42.27000045776367,36.05204772949219
2019-06-26,42.599998474121094,42.66999816894531,36.393211364746094
2019-06-27,42.849998474121094,42.970001220703125,36.649085998535156
2019-06-28,42.970001220703125,42.90999984741211,36.5979118347168
2019-07-01,43.70000076293945,43.41999816894531,37.03288650512695
2019-07-02,43.380001068115234,43.310001373291016,36.93907165527344
2019-07-03,43.11000061035156,43.22999954223633,36.87083435058594
2019-07-05,42.93000030517578,42.93000030517578,36.61496353149414
2019-07-08,42.630001068115234,42.66999816894531,36.393211364746094
2019-07-09,42.33000183105469,42.540000915527344,36.2823371887207
2019-07-10,42.970001220703125,42.900001525878906,36.589378356933594
2019-07-11,43.04999923706055,42.81999969482422,36.52115249633789
2019-07-12,42.86000061035156,42.849998474121094,36.546730041503906
2019-07-15,43.029998779296875,43.0099983215332,36.68319320678711
2019-07-16,43.060001373291016,42.95000076293945,36.632022857666016
2019-07-17,42.93000030517578,42.81999969482422,36.52115249633789
2019-07-18,42.79999923706055,43.08000183105469,36.742897033691406
2019-07-19,43.20000076293945,42.86000061035156,36.555267333984375
2019-07-22,42.970001220703125,42.869998931884766,36.56379318237305
2019-07-23,42.91999816894531,42.91999816894531,36.606441497802734
2019-07-24,42.869998931884766,42.9900016784668,36.6661376953125
2019-07-25,42.900001525878906,42.61000061035156,36.342037200927734
2019-07-26,42.779998779296875,42.70000076293945,36.41879653930664
2019-07-29,42.560001373291016,42.619998931884766,36.35057830810547
2019-07-30,42.290000915527344,42.290000915527344,36.069114685058594
2019-07-31,42.27000045776367,41.77000045776367,35.6256103515625
2019-08-01,41.779998779296875,40.95000076293945,34.92621994018555
2019-08-02,40.790000915527344,40.54999923706055,34.58506393432617
2019-08-05,39.43000030517578,39.04999923706055,33.30571365356445
2019-08-06,39.720001220703125,39.61000061035156,33.78334045410156
2019-08-07,39.209999084472656,39.790000915527344,33.936866760253906
2019-08-08,40.040000915527344,40.279998779296875,34.35478210449219
2019-08-09,40.029998779296875,39.869998931884766,34.005096435546875
2019-08-12,39.369998931884766,39.38999938964844,33.595706939697266
2019-08-13,39.09000015258789,39.88999938964844,34.02214813232422
2019-08-14,39.09000015258789,38.7400016784668,33.04132843017578
2019-08-15,39.099998474121094,39.0,33.26306915283203
2019-08-16,39.36000061035156,39.540000915527344,33.7236442565918
2019-08-19,40.040000915527344,39.70000076293945,33.86009979248047
2019-08-20,39.83000183105469,39.779998779296875,33.92832946777344
2019-08-21,40.20000076293945,40.15999984741211,34.252437591552734
2019-08-22,39.86000061035156,39.63999938964844,33.808929443359375
2019-08-23,39.54999923706055,39.04999923706055,33.30571365356445
2019-08-26,39.33000183105469,39.2599983215332,33.484825134277344
2019-08-27,39.529998779296875,39.33000183105469,33.54452896118164
2019-08-28,39.2599983215332,39.439998626708984,33.63835144042969
2019-08-29,39.689998626708984,39.880001068115234,34.01362609863281
2019-08-30,40.209999084472656,40.189998626708984,34.27801513671875
2019-09-03,39.72999954223633,39.939998626708984,34.06480026245117
2019-09-04,40.4900016784668,40.61000061035156,34.63624572753906
2019-09-05,41.09000015258789,41.06999969482422,35.02857208251953
2019-09-06,41.29999923706055,41.25,35.18209457397461
2019-09-09,41.36000061035156,41.380001068115234,35.29297637939453
2019-09-10,41.34000015258789,41.40999984741211,35.31856155395508
2019-09-11,41.560001373291016,41.70000076293945,35.56590270996094
2019-09-12,41.970001220703125,42.0,35.821773529052734
2019-09-13,42.25,42.2400016784668,36.02647399902344
2019-09-16,41.90999984741211,41.90999984741211,35.7450065612793
2019-09-17,41.529998779296875,41.90999984741211,35.7450065612793
2019-09-18,41.84000015258789,41.7400016784668,35.60002136230469
2019-09-19,41.7400016784668,41.56999969482422,35.45502471923828
2019-09-20,41.880001068115234,41.61000061035156,35.48914337158203
2019-09-23,41.40999984741211,41.650001525878906,35.52326583862305
2019-09-24,41.630001068115234,41.209999084472656,35.147987365722656
2019-09-25,40.939998626708984,41.18000030517578,35.12239074707031
2019-09-26,41.25,41.16999816894531,35.113861083984375
2019-09-27,41.16999816894531,40.63999938964844,34.661827087402344
2019-09-30,40.97999954223633,40.869998931884766,34.857994079589844
2019-10-01,40.900001525878906,40.58000183105469,34.610660552978516
2019-10-02,40.279998779296875,40.27000045776367,34.346248626708984
2019-10-03,40.40999984741211,40.790000915527344,34.789756774902344
2019-10-04,40.66999816894531,40.970001220703125,34.94328689575195
2019-10-07,40.720001220703125,40.630001068115234,34.65330123901367
2019-10-08,40.54999923706055,40.34000015258789,34.40595245361328
2019-10-09,40.66999816894531,40.650001525878906,34.67036056518555
2019-10-10,40.79999923706055,41.06999969482422,35.02857208251953
2019-10-11,41.70000076293945,41.72999954223633,35.591487884521484
2019-10-14,41.68000030517578,41.54999923706055,35.437965393066406
2019-10-15,41.66999816894531,41.91999816894531,35.75353240966797
2019-10-16,41.880001068115234,42.040000915527344,35.85588836669922
2019-10-17,42.369998931884766,42.20000076293945,35.99235153198242
2019-10-18,42.11000061035156,41.97999954223633,35.80470657348633
2019-10-21,42.15999984741211,42.36000061035156,36.12881088256836
2019-10-22,42.38999938964844,42.38999938964844,36.15439987182617
2019-10-23,42.220001220703125,42.400001525878906,36.162933349609375
2019-10-24,42.58000183105469,42.400001525878906,36.162933349609375
2019-10-25,42.400001525878906,42.70000076293945,36.41879653930664
2019-10-28,42.900001525878906,42.95000076293945,36.632022857666016
2019-10-29,42.72999954223633,42.72999954223633,36.44438934326172
2019-10-30,42.630001068115234,42.91999816894531,36.606441497802734
2019-10-31,42.7599983215332,42.58000183105469,36.31645584106445
2019-11-01,43.029998779296875,43.220001220703125,36.862308502197266
2019-11-04,43.77000045776367,43.650001525878906,37.22904968261719
2019-11-05,43.90999984741211,43.900001525878906,37.442283630371094
2019-11-06,43.869998931884766,43.7599983215332,37.3228759765625
2019-11-07,44.09000015258789,44.08000183105469,37.595802307128906
2019-11-08,43.72999954223633,43.68000030517578,37.254642486572266
2019-11-11,43.13999938964844,43.369998931884766,36.99024200439453
2019-11-12,43.2599983215332,43.09000015258789,36.751434326171875
2019-11-13,42.65999984741211,42.7599983215332,36.469974517822266
2019-11-14,42.720001220703125,42.790000915527344,36.49555587768555
2019-11-15,43.06999969482422,43.130001068115234,36.78554916381836
2019-11-18,43.13999938964844,43.060001373291016,36.7258415222168
2019-11-19,43.380001068115234,43.150001525878906,36.80260467529297
2019-11-20,43.0,42.959999084472656,36.64055252075195
2019-11-21,42.790000915527344,42.869998931884766,36.56379318237305
2019-11-22,42.95000076293945,42.869998931884766,36.56379318237305
2019-11-25,43.13999938964844,43.29999923706055,36.93053436279297
2019-11-26,43.060001373291016,43.16999816894531,36.81966018676758
2019-11-27,43.09000015258789,43.220001220703125,36.862308502197266
2019-11-29,42.63999938964844,42.540000915527344,36.2823371887207
2019-12-02,42.66999816894531,42.529998779296875,36.27381134033203
2019-12-03,42.15999984741211,42.310001373291016,36.08616638183594
2019-12-04,42.630001068115234,42.630001068115234,36.359100341796875
2019-12-05,42.720001220703125,42.81999969482422,36.52115249633789
2019-12-06,43.06999969482422,43.06999969482422,36.734375
2019-12-09,43.029998779296875,42.900001525878906,36.589378356933594
2019-12-10,42.9900016784668,43.04999923706055,36.71731185913086
2019-12-11,43.290000915527344,43.68000030517578,37.254642486572266
2019-12-12,43.810001373291016,44.439998626708984,37.90284729003906
2019-12-13,44.54999923706055,44.41999816894531,37.88578414916992
2019-12-16,43.88999938964844,43.86000061035156,38.20722579956055
2019-12-17,44.20000076293945,44.2599983215332,38.5556755065918
2019-12-18,44.459999084472656,44.5,38.76474380493164
2019-12-19,44.36000061035156,44.52000045776367,38.78216552734375
2019-12-20,44.56999969482422,44.61000061035156,38.86056900024414
2019-12-23,44.59000015258789,44.66999816894531,38.91282653808594
2019-12-24,44.58000183105469,44.56999969482422,38.82571792602539
2019-12-26,44.7400016784668,44.88999938964844,39.10447692871094
2019-12-27,45.18000030517578,45.06999969482422,39.26128005981445
2019-12-30,45.18000030517578,44.77000045776367,38.999942779541016
2019-12-31,44.79999923706055,44.869998931884766,39.08705520629883
2020-01-02,45.36000061035156,45.779998779296875,39.87977600097656
2020-01-03,45.029998779296875,44.93000030517578,39.13932800292969
2020-01-06,44.599998474121094,44.81999969482422,39.04349899291992
2020-01-07,44.790000915527344,44.790000915527344,39.017372131347656
2020-01-08,44.72999954223633,45.04999923706055,39.24385452270508
2020-01-09,45.47999954223633,45.349998474121094,39.50519561767578
2020-01-10,45.63999938964844,45.59000015258789,39.714263916015625
2020-01-13,45.90999984741211,46.29999923706055,40.332759857177734
2020-01-14,46.029998779296875,46.040000915527344,40.106258392333984
2020-01-15,45.869998931884766,45.68000030517578,39.792659759521484
2020-01-16,45.97999954223633,45.970001220703125,40.0452880859375
2020-01-17,46.119998931884766,46.22999954223633,40.27178192138672
2020-01-21,45.27000045776367,45.060001373291016,39.2525749206543
2020-01-22,45.560001373291016,45.43000030517578,39.574886322021484
2020-01-23,44.720001220703125,44.959999084472656,39.16545867919922
2020-01-24,45.02000045776367,44.599998474121094,38.85185623168945
2020-01-27,42.7400016784668,43.060001373291016,37.51033401489258
2020-01-28,43.220001220703125,43.41999816894531,37.823936462402344
2020-01-29,43.7599983215332,43.630001068115234,38.006874084472656
2020-01-30,42.65999984741211,42.97999954223633,37.440643310546875
2020-01-31,42.29999923706055,42.11000061035156,36.682777404785156
2020-02-03,42.27000045776367,42.58000183105469,37.092201232910156
2020-02-04,43.68000030517578,43.68000030517578,38.0504264831543
2020-02-05,44.459999084472656,43.93000030517578,38.26820373535156
2020-02-06,44.33000183105469,43.970001220703125,38.30305480957031
2020-02-07,43.529998779296875,43.36000061035156,37.77167510986328
2020-02-10,43.380001068115234,43.599998474121094,37.98073959350586
2020-02-11,44.13999938964844,44.16999816894531,38.477272033691406
2020-02-12,44.59000015258789,44.77000045776367,38.999942779541016
2020-02-13,44.290000915527344,44.18000030517578,38.485984802246094
2020-02-14,44.459999084472656,44.20000076293945,38.503414154052734
2020-02-18,43.88999938964844,43.90999984741211,38.250789642333984
2020-02-19,44.25,44.22999954223633,38.529541015625
2020-02-20,43.880001068115234,43.540000915527344,37.928466796875
2020-02-21,43.439998626708984,43.290000915527344,37.71068572998047
2020-02-24,41.459999084472656,41.66999816894531,36.299476623535156
2020-02-25,42.279998779296875,41.34000015258789,36.01200485229492
2020-02-26,41.83000183105469,41.66999816894531,36.299476623535156
2020-02-27,41.209999084472656,40.66999816894531,35.428367614746094
2020-02-28,39.54999923706055,40.52000045776367,35.297698974609375
2020-03-02,40.63999938964844,41.400001525878906,36.06428527832031
2020-03-03,41.40999984741211,41.119998931884766,35.82036590576172
2020-03-04,41.7400016784668,41.849998474121094,36.45627975463867
2020-03-05,41.52000045776367,40.970001220703125,35.689693450927734
2020-03-06,40.27000045776367,40.130001068115234,34.95796203613281
2020-03-09,37.22999954223633,37.38999938964844,32.571102142333984
2020-03-10,38.95000076293945,39.290000915527344,34.226219177246094
2020-03-11,38.20000076293945,37.459999084472656,32.63207244873047
2020-03-12,34.130001068115234,33.709999084472656,29.365381240844727
2020-03-13,36.61000061035156,36.13999938964844,31.482196807861328
2020-03-16,32.0,31.6299991607666,27.553455352783203
2020-03-17,32.560001373291016,33.810001373291016,29.45249366760254
2020-03-18,30.90999984741211,30.889999389648438,26.908832550048828
2020-03-19,30.809999465942383,31.1299991607666,27.117900848388672
2020-03-20,32.59000015258789,31.360000610351562,27.31825828552246
2020-03-23,31.059999465942383,30.610000610351562,26.664918899536133
2020-03-24,32.61000061035156,32.90999984741211,28.668489456176758
2020-03-25,33.5099983215332,34.06999969482422,29.678991317749023
2020-03-26,34.36000061035156,35.36000061035156,30.80272102355957
2020-03-27,33.45000076293945,33.349998474121094,29.051780700683594
2020-03-30,33.470001220703125,33.900001525878906,29.530893325805664
2020-03-31,33.97999954223633,34.130001068115234,29.73125457763672
2020-04-01,33.099998474121094,32.66999816894531,28.459423065185547
2020-04-02,33.290000915527344,33.77000045776367,29.417652130126953
2020-04-03,33.689998626708984,33.130001068115234,28.86013412475586
2020-04-06,34.439998626708984,34.939998626708984,30.436861038208008
2020-04-07,36.09000015258789,35.119998931884766,30.593652725219727
2020-04-08,35.209999084472656,35.47999954223633,30.907258987426758
2020-04-09,35.86000061035156,35.349998474121094,30.794017791748047
2020-04-13,35.34000015258789,35.400001525878906,30.837575912475586
2020-04-14,36.209999084472656,36.209999084472656,31.543176651000977
2020-04-15,35.349998474121094,35.279998779296875,30.733041763305664
2020-04-16,35.779998779296875,35.470001220703125,30.898550033569336
2020-04-17,36.43000030517578,36.2599983215332,31.58673095703125
2020-04-20,35.880001068115234,35.79999923706055,31.18601417541504
2020-04-21,34.97999954223633,34.810001373291016,30.323612213134766
2020-04-22,35.779998779296875,35.7599983215332,31.15117645263672
2020-04-23,36.040000915527344,35.630001068115234,31.03792953491211
2020-04-24,35.689998626708984,35.58000183105469,30.99437141418457
2020-04-27,36.04999923706055,36.29999923706055,31.621570587158203
2020-04-28,36.81999969482422,36.369998931884766,31.68256187438965
2020-04-29,36.9900016784668,37.43000030517578,32.6059455871582
2020-04-30,37.2400016784668,36.63999938964844,31.917757034301758
2020-05-01,35.75,35.31999969482422,30.767881393432617
2020-05-04,35.459999084472656,35.70000076293945,31.098905563354492
2020-05-05,36.060001373291016,35.900001525878906,31.273134231567383
2020-05-06,36.119998931884766,35.790000915527344,31.17731285095215
2020-05-07,36.130001068115234,36.08000183105469,31.429935455322266
2020-05-08,36.540000915527344,36.84000015258789,32.091983795166016
2020-05-11,36.619998931884766,36.599998474121094,31.882911682128906
2020-05-12,36.900001525878906,36.459999084472656,31.76095962524414
2020-05-13,36.869998931884766,36.38999938964844,31.699974060058594
2020-05-14,35.689998626708984,36.529998779296875,31.821929931640625
2020-05-15,35.959999084472656,36.029998779296875,31.386375427246094
2020-05-18,36.91999816894531,37.439998626708984,32.614654541015625
2020-05-19,37.380001068115234,37.13999938964844,32.35332489013672
2020-05-20,37.72999954223633,37.630001068115234,32.78015899658203
2020-05-21,37.400001525878906,37.20000076293945,32.40558624267578
2020-05-22,36.619998931884766,36.43000030517578,31.73482894897461
2020-05-26,37.58000183105469,37.22999954223633,32.43171691894531
2020-05-27,37.400001525878906,37.349998474121094,32.536251068115234
2020-05-28,37.470001220703125,37.09000015258789,32.30976104736328
2020-05-29,37.349998474121094,37.72999954223633,32.86727523803711
2020-06-01,38.08000183105469,38.599998474121094,33.62514877319336
2020-06-02,39.06999969482422,39.52000045776367,34.42658233642578
2020-06-03,40.04999923706055,40.439998626708984,35.22801208496094
2020-06-04,39.90999984741211,39.869998931884766,34.73147201538086
2020-06-05,40.900001525878906,40.91999816894531,35.64615249633789
2020-06-08,40.79999923706055,41.16999816894531,35.86391830444336
2020-06-09,40.58000183105469,40.88999938964844,35.6200065612793
2020-06-10,41.0099983215332,41.189998626708984,35.881351470947266
2020-06-11,39.86000061035156,39.040000915527344,34.00844192504883
2020-06-12,40.02000045776367,39.869998931884766,34.73147201538086
2020-06-15,38.619998931884766,39.279998779296875,34.41604995727539
2020-06-16,40.27000045776367,39.529998779296875,34.63508605957031
2020-06-17,39.869998931884766,39.90999984741211,34.968040466308594
2020-06-18,39.810001373291016,39.93000030517578,34.985565185546875
2020-06-19,40.470001220703125,39.91999816894531,34.97679138183594
2020-06-22,40.189998626708984,40.40999984741211,35.406124114990234
2020-06-23,40.88999938964844,40.79999923706055,35.747833251953125
2020-06-24,40.63999938964844,40.2599983215332,35.27469253540039
2020-06-25,40.119998931884766,40.43000030517578,35.42364501953125
2020-06-26,40.310001373291016,39.939998626708984,34.99432373046875
2020-06-29,39.95000076293945,40.119998931884766,35.152034759521484
2020-06-30,40.04999923706055,39.9900016784668,35.03813171386719
2020-07-01,40.209999084472656,40.439998626708984,35.432411193847656
2020-07-02,41.310001373291016,41.36000061035156,36.238487243652344
2020-07-06,42.779998779296875,43.13999938964844,37.79807662963867
2020-07-07,42.59000015258789,42.41999816894531,37.167232513427734
2020-07-08,43.0,43.52000045776367,38.131011962890625
2020-07-09,43.900001525878906,43.52000045776367,38.131011962890625
2020-07-10,43.22999954223633,43.2400016784668,37.88569259643555
2020-07-13,43.540000915527344,42.95000076293945,37.6316032409668
2020-07-14,42.45000076293945,43.0099983215332,37.68416976928711
2020-07-15,43.27000045776367,43.13999938964844,37.79807662963867
2020-07-16,42.310001373291016,42.529998779296875,37.26360321044922
2020-07-17,42.84000015258789,42.77000045776367,37.4738883972168
2020-07-20,43.0099983215332,43.31999969482422,37.955787658691406
2020-07-21,44.0,43.720001220703125,38.30625915527344
2020-07-22,43.709999084472656,43.529998779296875,38.1397819519043
2020-07-23,43.5,43.18000030517578,37.83311462402344
2020-07-24,42.720001220703125,43.13999938964844,37.79807662963867
2020-07-27,43.439998626708984,43.810001373291016,38.38511276245117
2020-07-28,43.72999954223633,43.45000076293945,38.06968688964844
2020-07-29,43.849998474121094,44.150001525878906,38.68301010131836
2020-07-30,43.630001068115234,43.59000015258789,38.192344665527344
2020-07-31,43.630001068115234,43.290000915527344,37.92949676513672
2020-08-03,43.45000076293945,43.59000015258789,38.192344665527344
2020-08-04,43.779998779296875,44.16999816894531,38.70052719116211
2020-08-05,44.560001373291016,44.650001525878906,39.121097564697266
2020-08-06,44.52000045776367,44.790000915527344,39.24375534057617
2020-08-07,43.9900016784668,43.869998931884766,38.43767166137695
2020-08-10,43.939998626708984,43.97999954223633,38.5340576171875
2020-08-11,44.27000045776367,43.86000061035156,38.42890930175781
2020-08-12,44.310001373291016,44.45000076293945,38.945858001708984
2020-08-13,44.400001525878906,44.31999969482422,38.83195877075195
2020-08-14,44.209999084472656,44.2400016784668,38.76186752319336
2020-08-17,44.56999969482422,44.79999923706055,39.25251770019531
2020-08-18,44.79999923706055,44.75,39.208717346191406
2020-08-19,44.61000061035156,44.20000076293945,38.7268180847168
2020-08-20,43.459999084472656,44.060001373291016,38.604156494140625
2020-08-21,43.97999954223633,44.279998779296875,38.796913146972656
2020-08-24,44.939998626708984,44.77000045776367,39.226234436035156
2020-08-25,44.91999816894531,45.220001220703125,39.62051010131836
2020-08-26,45.22999954223633,45.34000015258789,39.72565460205078
2020-08-27,45.459999084472656,44.959999084472656,39.392704010009766
2020-08-28,45.2400016784668,45.54999923706055,39.90965270996094
2020-08-31,44.709999084472656,44.540000915527344,39.02471923828125
2020-09-01,44.959999084472656,45.29999923706055,39.69060516357422
2020-09-02,45.36000061035156,45.18000030517578,39.58546447753906
2020-09-03,44.939998626708984,44.31999969482422,38.83195877075195
2020-09-04,44.41999816894531,44.34000015258789,38.849483489990234
2020-09-08,43.560001373291016,43.56999969482422,38.17483139038086
2020-09-09,44.0099983215332,44.220001220703125,38.744346618652344
2020-09-10,44.27000045776367,43.5099983215332,38.122257232666016
2020-09-11,44.11000061035156,43.93000030517578,38.49024963378906
2020-09-14,44.5099983215332,44.63999938964844,39.11233139038086
2020-09-15,45.189998626708984,45.11000061035156,39.52413558959961
2020-09-16,45.25,45.04999923706055,39.4715576171875
2020-09-17,44.5099983215332,44.869998931884766,39.313846588134766
2020-09-18,44.90999984741211,44.52000045776367,39.00718688964844
2020-09-21,43.77000045776367,44.11000061035156,38.647953033447266
2020-09-22,43.95000076293945,43.779998779296875,38.358829498291016
2020-09-23,43.650001525878906,43.099998474121094,37.76302719116211
2020-09-24,42.5,42.900001525878906,37.58779525756836
2020-09-25,42.540000915527344,42.939998626708984,37.622833251953125
2020-09-28,43.5099983215332,43.41999816894531,38.043399810791016
2020-09-29,43.290000915527344,43.38999938964844,38.01711654663086
2020-09-30,43.72999954223633,44.09000015258789,38.630435943603516
2020-10-01,44.41999816894531,44.5,38.98966979980469
2020-10-02,43.83000183105469,43.9900016784668,38.542823791503906
2020-10-05,44.22999954223633,44.58000183105469,39.05976486206055
2020-10-06,44.720001220703125,44.65999984741211,39.12985610961914
2020-10-07,45.06999969482422,45.150001525878906,39.55917739868164
2020-10-08,45.310001373291016,45.52000045776367,39.883365631103516
2020-10-09,45.630001068115234,45.83000183105469,40.15497970581055
2020-10-12,46.08000183105469,46.22999954223633,40.50544357299805
2020-10-13,46.06999969482422,46.040000915527344,40.33897018432617
2020-10-14,46.02000045776367,45.72999954223633,40.06735610961914
2020-10-15,45.06999969482422,45.400001525878906,39.77822494506836
2020-10-16,45.560001373291016,45.560001373291016,39.91841125488281
2020-10-19,45.70000076293945,45.43000030517578,39.80451202392578
2020-10-20,45.709999084472656,45.93000030517578,40.24259948730469
2020-10-21,46.0,46.060001373291016,40.35649490356445
2020-10-22,46.13999938964844,46.04999923706055,40.347740173339844
2020-10-23,46.09000015258789,46.31999969482422,40.58430099487305
2020-10-26,45.77000045776367,45.720001220703125,40.05860137939453
2020-10-27,45.849998474121094,45.91999816894531,40.233829498291016
2020-10-28,45.189998626708984,44.77000045776367,39.226234436035156
2020-10-29,44.939998626708984,45.220001220703125,39.62051010131836
2020-10-30,44.849998474121094,44.709999084472656,39.17366409301758
2020-11-02,45.18000030517578,45.279998779296875,39.67307662963867
2020-11-03,45.36000061035156,45.47999954223633,39.84831237792969
2020-11-04,46.09000015258789,46.90999984741211,41.10123825073242
2020-11-05,47.709999084472656,47.709999084472656,41.80217361450195
2020-11-06,47.66999816894531,47.93000030517578,41.994937896728516
2020-11-09,49.47999954223633,48.2599983215332,42.28407287597656
2020-11-10,48.06999969482422,47.709999084472656,41.80217361450195
2020-11-11,47.63999938964844,48.02000045776367,42.07379913330078
2020-11-12,48.13999938964844,47.65999984741211,41.75836944580078
2020-11-13,48.2400016784668,48.33000183105469,42.34540939331055
2020-11-16,48.849998474121094,48.93000030517578,42.87111282348633
2020-11-17,48.630001068115234,48.880001068115234,42.827301025390625
2020-11-18,49.09000015258789,48.709999084472656,42.67835235595703
2020-11-19,48.47999954223633,48.790000915527344,42.748451232910156
2020-11-20,48.900001525878906,49.060001373291016,42.98501205444336
2020-11-23,49.59000015258789,49.189998626708984,43.09891891479492
2020-11-24,49.599998474121094,49.849998474121094,43.67718505859375
2020-11-25,49.400001525878906,49.56999969482422,43.43185806274414
2020-11-27,49.95000076293945,50.040000915527344,43.84366226196289
2020-11-30,49.310001373291016,48.72999954223633,42.695884704589844
2020-12-01,49.59000015258789,49.689998626708984,43.53700256347656
2020-12-02,49.61000061035156,49.7599983215332,43.59834289550781
2020-12-03,50.22999954223633,50.33000183105469,44.09775161743164
2020-12-04,50.720001220703125,50.849998474121094,44.55335998535156
2020-12-07,50.779998779296875,50.849998474121094,44.55335998535156
2020-12-08,50.790000915527344,50.869998931884766,44.57088088989258
2020-12-09,51.029998779296875,50.43000030517578,44.185367584228516
2020-12-10,50.369998931884766,51.08000183105469,44.7548828125
2020-12-11,50.7599983215332,50.720001220703125,44.4394645690918
2020-12-14,50.31999969482422,49.939998626708984,44.208412170410156
2020-12-15,50.15999984741211,50.47999954223633,44.68643569946289
2020-12-16,50.58000183105469,50.720001220703125,44.898895263671875
2020-12-17,51.04999923706055,51.04999923706055,45.19102096557617
2020-12-18,50.95000076293945,50.9900016784668,45.137908935546875
2020-12-21,49.86000061035156,50.2400016784668,44.47398376464844
2020-12-22,50.11000061035156,49.84000015258789,44.11988830566406
2020-12-23,50.31999969482422,50.349998474121094,44.571353912353516
2020-12-24,50.209999084472656,50.130001068115234,44.376609802246094
2020-12-28,50.369998931884766,50.27000045776367,44.50054168701172
2020-12-29,50.720001220703125,51.02000045776367,45.16446304321289
2020-12-30,51.63999938964844,51.70000076293945,45.76641845703125
2020-12-31,51.9900016784668,51.66999816894531,45.73986053466797
2021-01-04,52.619998931884766,52.0,46.031982421875
2021-01-05,52.4900016784668,53.25,47.138526916503906
2021-01-06,52.849998474121094,52.79999923706055,46.740169525146484
2021-01-07,53.08000183105469,53.29999923706055,47.18278503417969
2021-01-08,54.25,54.709999084472656,48.430965423583984
2021-01-11,53.9900016784668,53.970001220703125,47.77589416503906
2021-01-12,54.310001373291016,54.5,48.24506759643555
2021-01-13,54.599998474121094,54.619998931884766,48.35129928588867
2021-01-14,55.220001220703125,55.130001068115234,48.802757263183594
2021-01-15,54.560001373291016,54.349998474121094,48.112281799316406
2021-01-19,55.5,55.25,48.90898132324219
2021-01-20,56.20000076293945,56.220001220703125,49.767662048339844
2021-01-21,56.40999984741211,56.31999969482422,49.85618209838867
2021-01-22,55.540000915527344,55.83000183105469,49.422428131103516
2021-01-25,56.45000076293945,56.25,49.79421615600586
2021-01-26,55.790000915527344,55.84000015258789,49.43126678466797
2021-01-27,54.65999984741211,54.290000915527344,48.05916976928711
2021-01-28,54.189998626708984,54.66999816894531,48.395545959472656
2021-01-29,53.720001220703125,53.310001373291016,47.19164276123047
2021-02-01,54.41999816894531,54.75,48.46636962890625
2021-02-02,55.54999923706055,55.459999084472656,49.09488296508789
2021-02-03,55.83000183105469,55.7400016784668,49.34275436401367
2021-02-04,55.68000030517578,55.7599983215332,49.36045455932617
2021-02-05,56.0099983215332,56.2400016784668,49.785369873046875
2021-02-08,56.040000915527344,56.34000015258789,49.87388610839844
2021-02-09,56.349998474121094,56.939998626708984,50.40502166748047
2021-02-10,57.45000076293945,57.13999938964844,50.582069396972656
2021-02-11,57.650001525878906,57.75,51.12206268310547
2021-02-12,57.5,57.79999923706055,51.16632080078125
2021-02-16,58.130001068115234,57.939998626708984,51.29026412963867
2021-02-17,57.84000015258789,57.959999084472656,51.30796432495117
2021-02-18,57.02000045776367,57.15999984741211,50.59978103637695
2021-02-19,57.5,57.529998779296875,50.92731857299805
2021-02-22,56.0,55.84000015258789,49.43126678466797
2021-02-23,55.47999954223633,56.09000015258789,49.65258026123047
2021-02-24,55.15999984741211,55.72999954223633,49.333900451660156
2021-02-25,55.7599983215332,54.459999084472656,48.20966339111328
2021-02-26,54.11000061035156,53.72999954223633,47.56343460083008
2021-03-01,54.81999969482422,55.16999816894531,48.838172912597656
2021-03-02,54.869998931884766,54.630001068115234,48.36014175415039
2021-03-03,55.040000915527344,54.52000045776367,48.262779235839844
2021-03-04,54.29999923706055,53.25,47.138526916503906
2021-03-05,54.0099983215332,53.83000183105469,47.65195846557617
2021-03-08,52.880001068115234,52.380001068115234,46.368377685546875
2021-03-09,53.150001525878906,53.529998779296875,47.38639450073242
2021-03-10,53.77000045776367,53.290000915527344,47.17394256591797
2021-03-11,54.5099983215332,54.970001220703125,48.66112518310547
2021-03-12,53.84000015258789,53.9900016784668,47.793601989746094
2021-03-15,53.72999954223633,54.119998931884766,47.90867614746094
2021-03-16,54.290000915527344,54.349998474121094,48.112281799316406
2021-03-17,53.650001525878906,54.41999816894531,48.17424392700195
2021-03-18,53.93000030517578,53.41999816894531,47.28901290893555
2021-03-19,53.5,54.08000183105469,47.873268127441406
2021-03-22,53.7400016784668,53.91999816894531,47.73162841796875
2021-03-23,53.220001220703125,52.88999938964844,46.8198356628418
2021-03-24,52.54999923706055,51.68000030517578,45.74871826171875
2021-03-25,51.560001373291016,51.91999816894531,45.9611701965332
2021-03-26,52.400001525878906,53.27000045776367,47.15623092651367
2021-03-29,52.84000015258789,52.900001525878906,46.828697204589844
2021-03-30,52.880001068115234,53.06999969482422,46.97918701171875
2021-03-31,53.0099983215332,53.34000015258789,47.218196868896484
2021-04-01,54.119998931884766,53.86000061035156,47.67851638793945
2021-04-05,54.189998626708984,54.06999969482422,47.864410400390625
2021-04-06,54.08000183105469,54.369998931884766,48.12998580932617
2021-04-07,53.61000061035156,53.56999969482422,47.42179489135742
2021-04-08,54.119998931884766,54.0099983215332,47.81130599975586
2021-04-09,53.4900016784668,53.54999923706055,47.40409469604492
2021-04-12,53.18000030517578,53.22999954223633,47.12081527709961
2021-04-13,53.2400016784668,53.45000076293945,47.315574645996094
2021-04-14,53.93000030517578,53.720001220703125,47.55458450317383
2021-04-15,54.15999984741211,54.209999084472656,47.98835372924805
2021-04-16,54.349998474121094,54.349998474121094,48.112281799316406
2021-04-19,54.2400016784668,54.150001525878906,47.935237884521484
2021-04-20,54.09000015258789,53.709999084472656,47.54572296142578
2021-04-21,53.459999084472656,54.040000915527344,47.837860107421875
2021-04-22,54.08000183105469,53.849998474121094,47.6696662902832
2021-04-23,54.380001068115234,54.630001068115234,48.36014175415039
2021-04-26,54.540000915527344,54.70000076293945,48.42211151123047
2021-04-27,54.689998626708984,54.66999816894531,48.395545959472656
2021-04-28,54.93000030517578,55.08000183105469,48.75850296020508
2021-04-29,55.2599983215332,54.95000076293945,48.64342498779297
2021-04-30,54.27000045776367,53.97999954223633,47.78474807739258
2021-05-03,53.939998626708984,53.97999954223633,47.78474807739258
2021-05-04,53.58000183105469,53.369998931884766,47.244747161865234
2021-05-05,53.630001068115234,53.619998931884766,47.46605682373047
2021-05-06,53.900001525878906,54.130001068115234,47.91753005981445
2021-05-07,54.459999084472656,54.689998626708984,48.41326141357422
2021-05-10,54.470001220703125,53.709999084472656,47.54572296142578
2021-05-11,52.70000076293945,53.560001373291016,47.41295623779297
2021-05-12,52.68000030517578,52.08000183105469,46.102806091308594
2021-05-13,52.2400016784668,52.0099983215332,46.04084396362305
2021-05-14,52.61000061035156,52.95000076293945,46.872962951660156
2021-05-17,52.61000061035156,52.900001525878906,46.828697204589844
2021-05-18,53.59000015258789,53.61000061035156,47.45720672607422
2021-05-19,52.95000076293945,53.45000076293945,47.315574645996094
2021-05-20,53.529998779296875,53.7599983215332,47.589988708496094
2021-05-21,53.7400016784668,53.13999938964844,47.0411491394043
2021-05-24,53.38999938964844,53.58000183105469,47.43065643310547
2021-05-25,54.27000045776367,54.11000061035156,47.89982604980469
2021-05-26,54.31999969482422,54.5099983215332,48.253910064697266
2021-05-27,54.560001373291016,54.52000045776367,48.262779235839844
2021-05-28,54.65999984741211,54.869998931884766,48.572608947753906
2021-06-01,56.13999938964844,56.0,49.572914123535156
2021-06-02,55.91999816894531,56.09000015258789,49.65258026123047
2021-06-03,55.5099983215332,55.4900016784668,49.12144470214844
2021-06-04,55.880001068115234,55.9900016784668,49.56406021118164
2021-06-07,55.709999084472656,55.709999084472656,49.31618881225586
2021-06-08,55.52000045776367,55.439998626708984,49.07718276977539
2021-06-09,55.380001068115234,55.279998779296875,48.935543060302734
2021-06-10,55.2400016784668,55.47999954223633,49.32763671875
2021-06-11,55.34000015258789,55.290000915527344,49.15870666503906
2021-06-14,55.33000183105469,55.439998626708984,49.292076110839844
2021-06-15,55.29999923706055,55.060001373291016,48.95421600341797
2021-06-16,54.95000076293945,54.310001373291016,48.287384033203125
2021-06-17,54.540000915527344,54.61000061035156,48.55411911010742
2021-06-18,54.380001068115234,54.22999954223633,48.21625518798828
2021-06-21,54.16999816894531,54.459999084472656,48.420753479003906
2021-06-22,54.0,54.209999084472656,48.19847869873047
2021-06-23,54.599998474121094,54.540000915527344,48.491878509521484
2021-06-24,54.86000061035156,55.040000915527344,48.93642807006836
2021-06-25,55.52000045776367,55.5,49.345420837402344
2021-06-28,55.47999954223633,55.54999923706055,49.38987731933594
2021-06-29,55.15999984741211,55.5099983215332,49.354312896728516
2021-06-30,55.119998931884766,55.150001525878906,49.03423309326172
2021-07-01,55.18000030517578,54.84000015258789,48.758602142333984
2021-07-02,54.619998931884766,54.779998779296875,48.705265045166016
2021-07-06,54.119998931884766,53.81999969482422,47.85172653198242
2021-07-07,54.130001068115234,53.7599983215332,47.798377990722656
2021-07-08,52.59000015258789,52.63999938964844,46.802574157714844
2021-07-09,53.22999954223633,53.54999923706055,47.61166763305664
2021-07-12,53.380001068115234,53.599998474121094,47.6561164855957
2021-07-13,53.689998626708984,53.650001525878906,47.70058059692383
2021-07-14,54.130001068115234,53.880001068115234,47.905067443847656
2021-07-15,54.099998474121094,54.0099983215332,48.02065658569336
2021-07-16,54.08000183105469,53.59000015258789,47.64723205566406
2021-07-19,52.75,52.689998626708984,46.84703063964844
2021-07-20,52.45000076293945,52.86000061035156,46.9981803894043
2021-07-21,52.58000183105469,53.20000076293945,47.30047607421875
2021-07-22,53.349998474121094,53.29999923706055,47.389381408691406
2021-07-23,52.689998626708984,52.5099983215332,46.68699645996094
2021-07-26,51.40999984741211,51.5099983215332,45.797882080078125
2021-07-27,50.40999984741211,50.470001220703125,44.87321472167969
2021-07-28,51.08000183105469,51.84000015258789,46.09129333496094
2021-07-29,52.25,52.099998474121094,46.32246017456055
2021-07-30,51.45000076293945,51.599998474121094,45.87790298461914
2021-08-02,52.04999923706055,51.970001220703125,46.20687484741211
2021-08-03,51.900001525878906,52.189998626708984,46.4024772644043
2021-08-04,52.58000183105469,52.459999084472656,46.64253616333008
2021-08-05,52.380001068115234,52.380001068115234,46.5714111328125
2021-08-06,52.16999816894531,51.939998626708984,46.18020248413086
2021-08-09,52.16999816894531,52.11000061035156,46.331356048583984
2021-08-10,52.33000183105469,52.18000030517578,46.39358139038086
2021-08-11,52.4900016784668,52.31999969482422,46.51806640625
2021-08-12,51.880001068115234,51.86000061035156,46.10907745361328
2021-08-13,51.63999938964844,51.72999954223633,45.993492126464844
2021-08-16,51.290000915527344,51.2599983215332,45.57560729980469
2021-08-17,50.33000183105469,50.31999969482422,44.73984909057617
2021-08-18,50.689998626708984,50.400001525878906,44.81098175048828
2021-08-19,49.40999984741211,49.540000915527344,44.04634094238281
2021-08-20,49.130001068115234,49.5,44.01078414916992
2021-08-23,49.970001220703125,50.25,44.677616119384766
2021-08-24,51.0,51.38999938964844,45.69119644165039
2021-08-25,51.33000183105469,51.45000076293945,45.74454116821289
2021-08-26,51.130001068115234,50.959999084472656,45.30887985229492
2021-08-27,51.2599983215332,51.59000015258789,45.869014739990234
2021-08-30,51.65999984741211,51.70000076293945,45.966819763183594
2021-08-31,52.470001220703125,52.40999984741211,46.598087310791016
2021-09-01,52.72999954223633,53.08000183105469,47.193782806396484
2021-09-02,53.02000045776367,52.84000015258789,46.98039245605469
2021-09-03,52.95000076293945,53.119998931884766,47.229347229003906
2021-09-07,53.290000915527344,53.43000030517578,47.50497055053711
2021-09-08,53.11000061035156,52.650001525878906,46.81147003173828
2021-09-09,52.38999938964844,52.54999923706055,46.72255325317383
2021-09-10,52.95000076293945,52.4900016784668,46.66921615600586
2021-09-13,52.560001373291016,52.630001068115234,46.79368209838867
2021-09-14,52.4900016784668,52.189998626708984,46.4024772644043
2021-09-15,52.0099983215332,52.18000030517578,46.39358139038086
2021-09-16,51.43000030517578,51.59000015258789,45.869014739990234
2021-09-17,51.61000061035156,51.369998931884766,45.67341232299805
2021-09-20,50.150001525878906,49.9900016784668,44.446449279785156
2021-09-21,50.36000061035156,50.36000061035156,44.77541732788086
2021-09-22,50.83000183105469,50.9900016784668,45.33555603027344
2021-09-23,51.22999954223633,51.38999938964844,45.69119644165039
2021-09-24,50.849998474121094,50.779998779296875,45.14883804321289
2021-09-27,50.83000183105469,51.11000061035156,45.44224166870117
2021-09-28,50.86000061035156,50.45000076293945,44.85543441772461
2021-09-29,50.31999969482422,49.97999954223633,44.43755340576172
2021-09-30,50.560001373291016,50.380001068115234,44.7932014465332
2021-10-01,50.369998931884766,50.33000183105469,44.74873733520508
2021-10-04,49.90999984741211,49.59000015258789,44.09080123901367
2021-10-05,49.72999954223633,49.939998626708984,44.4019889831543
2021-10-06,49.20000076293945,49.65999984741211,44.15303421020508
2021-10-07,50.369998931884766,50.630001068115234,45.01547622680664
2021-10-08,50.7599983215332,50.81999969482422,45.18440246582031
2021-10-11,51.06999969482422,50.720001220703125,45.09549331665039
2021-10-12,50.75,50.459999084472656,44.86433029174805
2021-10-13,50.93000030517578,51.15999984741211,45.486698150634766
2021-10-14,51.43000030517578,51.31999969482422,45.62895202636719
2021-10-15,51.630001068115234,51.939998626708984,46.18020248413086
2021-10-18,51.61000061035156,51.810001373291016,46.064613342285156
2021-10-19,52.209999084472656,52.5,46.678096771240234
2021-10-20,52.619998931884766,52.4900016784668,46.66921615600586
2021-10-21,52.09000015258789,52.150001525878906,46.36690902709961
2021-10-22,52.209999084472656,52.040000915527344,46.26911163330078
2021-10-25,52.279998779296875,52.310001373291016,46.50917053222656
2021-10-26,52.439998626708984,52.040000915527344,46.26911163330078
2021-10-27,51.720001220703125,51.619998931884766,45.89568328857422
2021-10-28,51.38999938964844,51.66999816894531,45.94014358520508
2021-10-29,50.9900016784668,50.91999816894531,45.2733154296875
2021-11-01,50.88999938964844,51.31999969482422,45.62895202636719
2021-11-02,50.95000076293945,50.86000061035156,45.219974517822266
2021-11-03,50.79999923706055,51.099998474121094,45.433349609375
2021-11-04,51.209999084472656,50.97999954223633,45.326663970947266
2021-11-05,51.15999984741211,50.91999816894531,45.2733154296875
2021-11-08,51.279998779296875,51.38999938964844,45.69119644165039
2021-11-09,51.41999816894531,51.189998626708984,45.513370513916016
2021-11-10,51.310001373291016,50.97999954223633,45.326663970947266
2021-11-11,51.650001525878906,51.86000061035156,46.10907745361328
2021-11-12,51.849998474121094,52.0,46.23354721069336
2021-11-15,52.119998931884766,51.83000183105469,46.0823974609375
2021-11-16,51.90999984741211,51.900001525878906,46.1446418762207
2021-11-17,51.959999084472656,51.630001068115234,45.90458297729492
2021-11-18,51.119998931884766,51.0,45.34444046020508
2021-11-19,51.060001373291016,50.91999816894531,45.2733154296875
2021-11-22,50.849998474121094,50.5099983215332,44.908775329589844
2021-11-23,50.52000045776367,50.459999084472656,44.86433029174805
2021-11-24,50.13999938964844,50.38999938964844,44.80208206176758
2021-11-26,49.06999969482422,48.70000076293945,43.29949188232422
2021-11-29,49.209999084472656,48.88999938964844,43.46842575073242
2021-11-30,48.88999938964844,48.84000015258789,43.423973083496094
2021-12-01,49.61000061035156,49.02000045776367,43.58401107788086
2021-12-02,49.61000061035156,49.619998931884766,44.11747360229492
2021-12-03,49.560001373291016,48.91999816894531,43.49509811401367
2021-12-06,48.880001068115234,49.29999923706055,43.83295822143555
2021-12-07,49.90999984741211,50.08000183105469,44.52646255493164
2021-12-08,50.099998474121094,50.279998779296875,44.704288482666016
2021-12-09,50.119998931884766,50.040000915527344,44.49089813232422
2021-12-10,50.029998779296875,50.08000183105469,44.52646255493164
2021-12-13,48.97999954223633,48.59000015258789,43.82033157348633
2021-12-14,48.310001373291016,48.47999954223633,43.72112274169922
2021-12-15,48.15999984741211,48.34000015258789,43.59486770629883
2021-12-16,48.720001220703125,48.400001525878906,43.64897918701172
2021-12-17,48.040000915527344,48.15999984741211,43.432533264160156
2021-12-20,47.4900016784668,47.439998626708984,42.783206939697266
2021-12-21,47.83000183105469,48.2400016784668,43.50468063354492
2021-12-22,48.099998474121094,48.470001220703125,43.71210479736328
2021-12-23,48.540000915527344,48.720001220703125,43.93756103515625
2021-12-27,48.72999954223633,48.939998626708984,44.13597106933594
2021-12-28,48.959999084472656,48.779998779296875,43.99167251586914
2021-12-29,48.689998626708984,48.560001373291016,43.793270111083984
2021-12-30,48.5,49.09000015258789,44.29496383666992
2021-12-31,48.97999954223633,48.849998474121094,44.078399658203125
2022-01-03,49.08000183105469,49.20000076293945,44.39421463012695
2022-01-04,49.2599983215332,49.029998779296875,44.24081802368164
2022-01-05,48.79999923706055,48.22999954223633,43.51897048950195
2022-01-06,48.36000061035156,48.45000076293945,43.717472076416016
2022-01-07,48.689998626708984,48.88999938964844,44.11449432373047
2022-01-10,48.939998626708984,48.88999938964844,44.11449432373047
2022-01-11,49.310001373291016,50.02000045776367,45.13412094116211
2022-01-12,50.63999938964844,50.849998474121094,45.88304138183594
2022-01-13,50.63999938964844,50.130001068115234,45.23337936401367
2022-01-14,49.9900016784668,50.11000061035156,45.215328216552734
2022-01-18,49.209999084472656,49.220001220703125,44.412261962890625
2022-01-19,49.59000015258789,49.43000030517578,44.60175323486328
2022-01-20,50.2599983215332,49.720001220703125,44.863426208496094
2022-01-21,49.619998931884766,49.0,44.2137565612793
2022-01-24,48.22999954223633,48.310001373291016,43.59115219116211
2022-01-25,48.029998779296875,48.220001220703125,43.509944915771484
2022-01-26,48.4900016784668,47.61000061035156,42.95952224731445
2022-01-27,47.599998474121094,47.060001373291016,42.46324920654297
2022-01-28,47.15999984741211,47.290000915527344,42.6707878112793
2022-01-31,47.88999938964844,48.84000015258789,44.06938171386719
2022-02-01,49.02000045776367,49.13999938964844,44.34007263183594
2022-02-02,49.33000183105469,49.060001373291016,44.26789093017578
2022-02-03,48.45000076293945,48.540000915527344,43.79868698120117
2022-02-04,48.31999969482422,48.65999984741211,43.90696334838867
2022-02-07,48.45000076293945,48.560001373291016,43.816734313964844
2022-02-08,48.47999954223633,49.029998779296875,44.24081802368164
2022-02-09,49.439998626708984,49.79999923706055,44.935611724853516
2022-02-10,49.38999938964844,49.470001220703125,44.637840270996094
2022-02-11,49.4900016784668,48.720001220703125,43.961097717285156
2022-02-14,48.5099983215332,48.380001068115234,43.65431213378906
2022-02-15,49.029998779296875,49.43000030517578,44.60175323486328
2022-02-16,49.369998931884766,49.790000915527344,44.926578521728516
2022-02-17,49.560001373291016,49.209999084472656,44.40324020385742
2022-02-18,49.029998779296875,48.720001220703125,43.961097717285156
2022-02-22,48.02000045776367,48.029998779296875,43.338497161865234
2022-02-23,48.2400016784668,47.470001220703125,42.83319854736328
2022-02-24,45.040000915527344,46.4900016784668,41.94892883300781
2022-02-25,46.689998626708984,47.349998474121094,42.72492218017578
2022-02-28,46.25,46.72999954223633,42.16548156738281
2022-03-01,46.5,46.11000061035156,41.60604476928711
2022-03-02,46.150001525878906,46.189998626708984,41.67823028564453
2022-03-03,46.0099983215332,45.540000915527344,41.09171676635742
2022-03-04,44.63999938964844,44.619998931884766,40.2615852355957
2022-03-07,43.86000061035156,42.95000076293945,38.75470733642578
2022-03-08,43.16999816894531,43.09000015258789,38.88103103637695
2022-03-09,43.77000045776367,44.310001373291016,39.98186111450195
2022-03-10,43.619998931884766,43.47999954223633,39.232940673828125
2022-03-11,43.72999954223633,42.56999969482422,38.411827087402344
2022-03-14,42.06999969482422,41.540000915527344,37.4824333190918
2022-03-15,40.959999084472656,41.599998474121094,37.53657150268555
2022-03-16,43.529998779296875,44.95000076293945,40.55935287475586
2022-03-17,44.560001373291016,44.720001220703125,40.35181427001953
2022-03-18,44.349998474121094,45.36000061035156,40.92930221557617
2022-03-21,44.70000076293945,44.65999984741211,40.29767990112305
2022-03-22,45.279998779296875,45.470001220703125,41.028560638427734
2022-03-23,45.029998779296875,45.16999816894531,40.75785827636719
2022-03-24,45.20000076293945,45.40999984741211,40.974422454833984
2022-03-25,45.0,45.04999923706055,40.64957809448242
2022-03-28,45.09000015258789,45.20000076293945,40.78493118286133
2022-03-29,45.97999954223633,45.970001220703125,41.47971725463867
2022-03-30,45.88999938964844,45.84000015258789,41.36241149902344
2022-03-31,45.630001068115234,45.150001525878906,40.73981475830078
2022-04-01,46.0099983215332,45.900001525878906,41.41655349731445
2022-04-04,46.5,46.709999084472656,42.14743423461914
2022-04-05,46.52000045776367,45.849998474121094,41.371437072753906
2022-04-06,45.54999923706055,45.25,40.83004379272461
2022-04-07,44.9900016784668,44.88999938964844,40.50520706176758
2022-04-08,45.02000045776367,44.93000030517578,40.54130554199219
2022-04-11,44.540000915527344,44.369998931884766,40.03600311279297
2022-04-12,44.72999954223633,44.22999954223633,39.90967559814453
2022-04-13,44.470001220703125,44.810001373291016,40.43302536010742
2022-04-14,44.56999969482422,44.22999954223633,39.90967559814453
2022-04-18,44.0,44.08000183105469,39.77433395385742
2022-04-19,43.619998931884766,43.86000061035156,39.5758171081543
2022-04-20,43.90999984741211,43.599998474121094,39.341217041015625
2022-04-21,43.61000061035156,42.7599983215332,38.5832633972168
2022-04-22,42.84000015258789,42.380001068115234,38.240386962890625
2022-04-25,41.68000030517578,42.06999969482422,37.96065902709961
2022-04-26,41.79999923706055,41.150001525878906,37.130531311035156
2022-04-27,41.459999084472656,41.630001068115234,37.56364440917969
2022-04-28,41.970001220703125,42.22999954223633,38.10503387451172
2022-04-29,43.029998779296875,42.380001068115234,38.240386962890625
2022-05-02,42.2599983215332,42.31999969482422,38.186248779296875
2022-05-03,42.59000015258789,42.630001068115234,38.46596908569336
2022-05-04,42.20000076293945,43.09000015258789,38.88103103637695
2022-05-05,42.20000076293945,41.5,37.44633865356445
2022-05-06,41.11000061035156,40.93000030517578,36.93201446533203
2022-05-09,40.189998626708984,39.75,35.867279052734375
2022-05-10,40.349998474121094,39.939998626708984,36.03871536254883
2022-05-11,40.209999084472656,39.65999984741211,35.78607177734375
2022-05-12,39.25,39.400001525878906,35.55146789550781
2022-05-13,39.84000015258789,40.4900016784668,36.534996032714844
2022-05-16,40.189998626708984,40.33000183105469,36.390621185302734
2022-05-17,41.400001525878906,41.31999969482422,37.2839241027832
2022-05-18,41.029998779296875,40.33000183105469,36.390621185302734
2022-05-19,40.4900016784668,40.970001220703125,36.968109130859375
2022-05-20,41.40999984741211,41.13999938964844,37.12150192260742
2022-05-23,41.38999938964844,41.45000076293945,37.40122604370117
2022-05-24,40.810001373291016,40.72999954223633,36.75155258178711
2022-05-25,40.619998931884766,40.93000030517578,36.93201446533203
2022-05-26,40.86000061035156,41.56999969482422,37.509498596191406
2022-05-27,41.86000061035156,42.04999923706055,37.9426155090332
2022-05-31,43.130001068115234,42.63999938964844,38.4749870300293
2022-06-01,42.90999984741211,42.34000015258789,38.20429229736328
2022-06-02,42.5099983215332,43.06999969482422,38.86298751831055
2022-06-03,42.65999984741211,42.369998931884766,38.23135757446289
2022-06-06,43.130001068115234,42.599998474121094,38.43889236450195
2022-06-07,42.34000015258789,42.72999954223633,38.55619430541992
2022-06-08,42.939998626708984,42.959999084472656,38.76373291015625
2022-06-09,42.220001220703125,41.59000015258789,37.846458435058594
2022-06-10,41.5,41.130001068115234,37.427860260009766
2022-06-13,40.060001373291016,39.689998626708984,36.11748123168945
2022-06-14,40.099998474121094,40.2400016784668,36.61796951293945
2022-06-15,40.380001068115234,40.77000045776367,37.10026931762695
2022-06-16,39.54999923706055,39.52000045776367,35.96278762817383
2022-06-17,39.95000076293945,39.66999816894531,36.09927749633789
2022-06-21,40.2400016784668,40.310001373291016,36.681678771972656
2022-06-22,39.47999954223633,39.59000015258789,36.026485443115234
2022-06-23,39.709999084472656,39.709999084472656,36.13567352294922
2022-06-24,40.16999816894531,40.650001525878906,36.99107360839844
2022-06-27,40.91999816894531,40.70000076293945,37.03656768798828
2022-06-28,41.029998779296875,40.45000076293945,36.8090705871582
2022-06-29,40.36000061035156,40.290000915527344,36.663475036621094
2022-06-30,39.75,40.099998474121094,36.49057388305664
2022-07-01,39.619998931884766,39.849998474121094,36.26307678222656
2022-07-05,39.029998779296875,39.540000915527344,35.980987548828125
2022-07-06,39.25,39.29999923706055,35.76258087158203
2022-07-07,39.84000015258789,40.09000015258789,36.48147964477539
2022-07-08,39.959999084472656,40.09000015258789,36.48147964477539
2022-07-11,39.18000030517578,39.02000045776367,35.507789611816406
2022-07-12,38.86000061035156,38.869998931884766,35.37128829956055
2022-07-13,38.29999923706055,38.779998779296875,35.28938674926758
2022-07-14,38.369998931884766,38.43000030517578,34.970890045166016
2022-07-15,38.45000076293945,38.630001068115234,35.152896881103516
2022-07-18,39.2400016784668,38.900001525878906,35.398590087890625
2022-07-19,39.349998474121094,39.540000915527344,35.980987548828125
2022-07-20,39.38999938964844,39.369998931884766,35.82627487182617
2022-07-21,39.5,39.81999969482422,36.23577880859375
2022-07-22,39.72999954223633,39.41999816894531,35.87178039550781
2022-07-25,39.4900016784668,39.560001373291016,35.999183654785156
2022-07-26,39.56999969482422,39.25,35.71709060668945
2022-07-27,39.56999969482422,39.97999954223633,36.381378173828125
2022-07-28,40.040000915527344,40.150001525878906,36.53607940673828
2022-07-29,39.630001068115234,39.959999084472656,36.36317825317383
2022-08-01,39.54999923706055,39.619998931884766,36.053775787353516
2022-08-02,39.27000045776367,39.43000030517578,35.88088607788086
2022-08-03,39.4900016784668,39.7400016784668,36.16297912597656
2022-08-04,40.0,40.02000045776367,36.41777801513672
2022-08-05,39.77000045776367,40.060001373291016,36.45417404174805
2022-08-08,40.130001068115234,40.11000061035156,36.499671936035156
2022-08-09,40.150001525878906,39.959999084472656,36.36317825317383
2022-08-10,40.22999954223633,40.459999084472656,36.81817626953125
2022-08-11,40.790000915527344,40.619998931884766,36.963768005371094
2022-08-12,40.619998931884766,41.04999923706055,37.355064392089844
2022-08-15,40.689998626708984,40.86000061035156,37.182167053222656
2022-08-16,40.7599983215332,40.849998474121094,37.173065185546875
2022-08-17,40.650001525878906,40.68000030517578,37.018367767333984
2022-08-18,40.529998779296875,40.45000076293945,36.8090705871582
2022-08-19,40.08000183105469,39.900001525878906,36.3085823059082
2022-08-22,39.58000183105469,39.54999923706055,35.99007797241211
2022-08-23,39.59000015258789,39.7599983215332,36.18117904663086
2022-08-24,39.439998626708984,39.75,36.172080993652344
2022-08-25,40.18000030517578,40.61000061035156,36.954673767089844
2022-08-26,40.91999816894531,40.0099983215332,36.40867233276367
2022-08-29,39.83000183105469,39.7599983215332,36.18117904663086
2022-08-30,39.88999938964844,39.290000915527344,35.753482818603516
2022-08-31,39.66999816894531,39.43000030517578,35.88088607788086
2022-09-01,39.04999923706055,39.119998931884766,35.598777770996094
2022-09-02,39.04999923706055,38.7599983215332,35.27118682861328
2022-09-06,38.619998931884766,38.29999923706055,34.85258865356445
2022-09-07,38.119998931884766,38.63999938964844,35.161991119384766
2022-09-08,38.2400016784668,38.43000030517578,34.970890045166016
2022-09-09,38.779998779296875,39.0,35.489585876464844
2022-09-12,39.369998931884766,39.58000183105469,36.01738357543945
2022-09-13,38.810001373291016,38.36000061035156,34.907196044921875
2022-09-14,38.599998474121094,38.54999923706055,35.0800895690918
2022-09-15,38.27000045776367,38.13999938964844,34.70699691772461
2022-09-16,37.779998779296875,37.790000915527344,34.38850021362305
2022-09-19,37.47999954223633,37.90999984741211,34.49769973754883
2022-09-20,37.72999954223633,37.70000076293945,34.30659866333008
2022-09-21,37.47999954223633,37.06999969482422,33.73330307006836
2022-09-22,37.04999923706055,36.88999938964844,33.56950759887695
2022-09-23,36.209999084472656,35.97999954223633,32.741416931152344
2022-09-26,35.7599983215332,35.540000915527344,32.341026306152344
2022-09-27,35.779998779296875,35.5,32.30462646484375
2022-09-28,35.27000045776367,35.810001373291016,32.586727142333984
2022-09-29,35.18000030517578,35.0099983215332,31.858734130859375
2022-09-30,34.91999816894531,34.880001068115234,31.74043083190918
2022-10-03,35.119998931884766,35.45000076293945,32.25912857055664
2022-10-04,36.20000076293945,36.61000061035156,33.31471633911133
2022-10-05,36.5099983215332,36.630001068115234,33.33291244506836
2022-10-06,36.5099983215332,36.40999984741211,33.132720947265625
2022-10-07,36.06999969482422,35.650001525878906,32.44112777709961
2022-10-10,35.41999816894531,35.150001525878906,31.986129760742188
2022-10-11,34.7599983215332,34.59000015258789,31.476530075073242
2022-10-12,34.619998931884766,34.630001068115234,31.512935638427734
2022-10-13,33.75,34.72999954223633,31.60393524169922
2022-10-14,34.95000076293945,34.209999084472656,31.1307373046875
2022-10-17,34.90999984741211,35.150001525878906,31.986129760742188
2022-10-18,35.4900016784668,35.15999984741211,31.995227813720703
2022-10-19,34.61000061035156,34.52000045776367,31.4128360748291
2022-10-20,34.77000045776367,34.7400016784668,31.613033294677734
2022-10-21,34.65999984741211,35.27000045776367,32.09532165527344
2022-10-24,33.970001220703125,33.93000030517578,30.875940322875977
2022-10-25,33.97999954223633,34.209999084472656,31.1307373046875
2022-10-26,34.310001373291016,34.77000045776367,31.64033317565918
2022-10-27,34.529998779296875,34.5,31.394636154174805
2022-10-28,34.029998779296875,34.290000915527344,31.203536987304688
2022-10-31,33.91999816894531,34.189998626708984,31.112533569335938
2022-11-01,35.099998474121094,34.81999969482422,31.685836791992188
2022-11-02,34.900001525878906,34.529998779296875,31.421939849853516
2022-11-03,34.29999923706055,34.72999954223633,31.60393524169922
2022-11-04,36.029998779296875,36.20000076293945,32.941619873046875
2022-11-07,36.43000030517578,36.220001220703125,32.95982360839844
2022-11-08,36.290000915527344,36.47999954223633,33.1964111328125
2022-11-09,36.209999084472656,35.849998474121094,32.62311935424805
2022-11-10,36.81999969482422,37.150001525878906,33.80610275268555
2022-11-11,37.869998931884766,38.15999984741211,34.725196838378906
2022-11-14,37.95000076293945,37.93000030517578,34.515899658203125
2022-11-15,39.119998931884766,38.79999923706055,35.307586669921875
2022-11-16,38.470001220703125,38.18000030517578,34.74339294433594
2022-11-17,37.4900016784668,38.25,34.80709457397461
2022-11-18,38.13999938964844,38.029998779296875,34.60689163208008
2022-11-21,37.540000915527344,37.54999923706055,34.170108795166016
2022-11-22,37.459999084472656,37.63999938964844,34.25200653076172
2022-11-23,37.689998626708984,37.95000076293945,34.534095764160156
2022-11-25,37.84000015258789,37.77000045776367,34.370296478271484
2022-11-28,37.59000015258789,37.599998474121094,34.215599060058594
2022-11-29,38.400001525878906,38.40999984741211,34.952693939208984
2022-11-30,39.2400016784668,39.52000045776367,35.96278762817383
2022-12-01,39.630001068115234,39.38999938964844,35.844478607177734
2022-12-02,39.0099983215332,39.540000915527344,35.980987548828125
2022-12-05,39.529998779296875,39.09000015258789,35.57148361206055
2022-12-06,39.2400016784668,39.040000915527344,35.5259895324707
2022-12-07,38.75,38.810001373291016,35.31669235229492
2022-12-08,39.189998626708984,39.279998779296875,35.744384765625
2022-12-09,39.349998474121094,39.02000045776367,35.507789611816406
2022-12-12,38.880001068115234,38.900001525878906,35.398590087890625
2022-12-13,39.11000061035156,38.59000015258789,35.651729583740234
2022-12-14,38.599998474121094,38.61000061035156,35.670204162597656
2022-12-15,38.31999969482422,37.720001220703125,34.847965240478516
2022-12-16,37.900001525878906,37.83000183105469,34.9495964050293
2022-12-19,38.11000061035156,37.86000061035156,34.9773063659668
2022-12-20,37.72999954223633,37.849998474121094,34.96807098388672
2022-12-21,37.790000915527344,38.189998626708984,35.28218460083008
2022-12-22,38.08000183105469,37.849998474121094,34.96807098388672
2022-12-23,37.790000915527344,37.79999923706055,34.921878814697266
2022-12-27,38.130001068115234,38.36000061035156,35.439239501953125
2022-12-28,38.2599983215332,37.79999923706055,34.921878814697266
2022-12-29,38.22999954223633,38.43000030517578,35.50390625
2022-12-30,38.13999938964844,37.900001525878906,35.01426696777344
2023-01-03,38.34000015258789,38.220001220703125,35.30989456176758
2023-01-04,38.900001525878906,39.369998931884766,36.37232971191406
2023-01-05,38.9900016784668,39.25,36.261478424072266
2023-01-06,39.5,40.06999969482422,37.01903533935547
2023-01-09,40.54999923706055,40.369998931884766,37.29619598388672
2023-01-10,40.47999954223633,40.65999984741211,37.56411361694336
2023-01-11,40.59000015258789,40.83000183105469,37.72117614746094
2023-01-12,40.88999938964844,41.029998779296875,37.905941009521484
2023-01-13,40.97999954223633,41.29999923706055,38.1553840637207
2023-01-17,41.02000045776367,41.06999969482422,37.94289779663086
2023-01-18,41.43000030517578,40.790000915527344,37.6842155456543
2023-01-19,40.959999084472656,41.099998474121094,37.97060775756836
2023-01-20,41.38999938964844,41.72999954223633,38.552642822265625
2023-01-23,41.790000915527344,42.029998779296875,38.82979965209961
2023-01-24,41.869998931884766,42.060001373291016,38.85751724243164
2023-01-25,41.84000015258789,42.099998474121094,38.894466400146484
2023-01-26,42.439998626708984,42.5,39.264015197753906
2023-01-27,42.36000061035156,42.29999923706055,39.07924270629883
2023-01-30,41.630001068115234,41.45000076293945,38.29396057128906
2023-01-31,41.09000015258789,41.36000061035156,38.21082305908203
2023-02-01,41.54999923706055,41.869998931884766,38.681983947753906
2023-02-02,41.869998931884766,41.619998931884766,38.45101547241211
2023-02-03,41.11000061035156,40.880001068115234,37.767364501953125
2023-02-06,40.150001525878906,40.279998779296875,37.21304702758789
2023-02-07,40.34000015258789,40.439998626708984,37.36086654663086
2023-02-08,40.540000915527344,40.38999938964844,37.314666748046875
2023-02-09,40.959999084472656,40.58000183105469,37.490203857421875
2023-02-10,40.349998474121094,40.189998626708984,37.12989807128906
2023-02-13,40.33000183105469,40.52000045776367,37.434776306152344
2023-02-14,40.22999954223633,40.45000076293945,37.37010192871094
2023-02-15,39.84000015258789,40.11000061035156,37.05598831176758
2023-02-16,39.91999816894531,40.119998931884766,37.06523132324219
2023-02-17,39.66999816894531,39.68000030517578,36.65873336791992
2023-02-21,39.400001525878906,39.18000030517578,36.19680404663086
2023-02-22,39.06999969482422,38.9900016784668,36.021270751953125
2023-02-23,39.4900016784668,39.18000030517578,36.19680404663086
2023-02-24,38.310001373291016,38.29999923706055,35.38380432128906
2023-02-27,38.529998779296875,38.5,35.56857681274414
2023-02-28,38.36000061035156,38.22999954223633,35.31913375854492
2023-03-01,39.16999816894531,39.04999923706055,36.07670211791992
2023-03-02,38.869998931884766,39.189998626708984,36.2060432434082
2023-03-03,39.31999969482422,39.540000915527344,36.52939224243164
2023-03-06,39.5099983215332,39.400001525878906,36.400054931640625
2023-03-07,39.2400016784668,38.7400016784668,35.790306091308594
2023-03-08,38.75,38.900001525878906,35.9381217956543
2023-03-09,38.5099983215332,38.040000915527344,35.14360809326172
2023-03-10,38.02000045776367,37.84000015258789,34.958831787109375
2023-03-13,37.72999954223633,37.900001525878906,35.01426696777344
2023-03-14,37.84000015258789,37.91999816894531,35.032737731933594
2023-03-15,37.09000015258789,37.27000045776367,34.43223190307617
2023-03-16,37.209999084472656,37.84000015258789,34.958831787109375
2023-03-17,37.810001373291016,37.61000061035156,34.74634552001953
2023-03-20,37.529998779296875,37.75,34.87568283081055
2023-03-21,38.040000915527344,38.09000015258789,35.189796447753906
2023-03-22,38.369998931884766,38.2400016784668,35.32837677001953
2023-03-23,38.970001220703125,38.77000045776367,35.818023681640625
2023-03-24,38.459999084472656,38.66999816894531,35.72563552856445
2023-03-27,38.400001525878906,38.459999084472656,35.531620025634766
2023-03-28,38.79999923706055,39.0099983215332,36.03974533081055
2023-03-29,39.0,39.119998931884766,36.1413688659668
2023-03-30,39.459999084472656,39.5099983215332,36.50167465209961
2023-03-31,39.5099983215332,39.459999084472656,36.45548629760742
2023-04-03,39.439998626708984,39.540000915527344,36.52939224243164
2023-04-04,39.470001220703125,39.540000915527344,36.52939224243164
2023-04-05,39.459999084472656,39.22999954223633,36.24299621582031
2023-04-06,39.13999938964844,39.38999938964844,36.39081573486328
2023-04-10,39.27000045776367,39.43000030517578,36.427764892578125
2023-04-11,39.77000045776367,39.66999816894531,36.64949035644531
2023-04-12,39.79999923706055,39.38999938964844,36.39081573486328
2023-04-13,39.849998474121094,39.93000030517578,36.88969421386719
2023-04-14,39.75,39.720001220703125,36.69568634033203
2023-04-17,39.880001068115234,39.88999938964844,36.85273742675781
2023-04-18,39.959999084472656,39.84000015258789,36.806549072265625
2023-04-19,39.380001068115234,39.439998626708984,36.437007904052734
2023-04-20,39.38999938964844,39.380001068115234,36.38157272338867
2023-04-21,39.040000915527344,39.0099983215332,36.03974533081055
2023-04-24,38.91999816894531,38.91999816894531,35.95659255981445
2023-04-25,38.400001525878906,38.189998626708984,35.28218460083008
2023-04-26,38.65999984741211,38.40999984741211,35.48543167114258
2023-04-27,38.630001068115234,38.93000030517578,35.96583557128906
2023-04-28,38.939998626708984,39.130001068115234,36.150611877441406
2023-05-01,38.970001220703125,39.0,36.03050994873047
2023-05-02,38.849998474121094,38.619998931884766,35.67943572998047
2023-05-03,38.65999984741211,38.560001373291016,35.6240119934082
2023-05-04,38.880001068115234,38.869998931884766,35.91040802001953
2023-05-05,39.04999923706055,39.38999938964844,36.39081573486328
2023-05-08,39.529998779296875,39.40999984741211,36.4092903137207
2023-05-09,39.0099983215332,39.16999816894531,36.18756103515625
2023-05-10,39.130001068115234,39.150001525878906,36.16908645629883
2023-05-11,38.810001373291016,39.0099983215332,36.03974533081055
2023-05-12,38.7400016784668,38.54999923706055,35.614768981933594
2023-05-15,38.959999084472656,39.2599983215332,36.27070999145508
2023-05-16,38.9900016784668,38.97999954223633,36.012027740478516
2023-05-17,38.97999954223633,39.15999984741211,36.17832946777344
2023-05-18,39.0099983215332,38.95000076293945,35.984317779541016
2023-05-19,39.04999923706055,38.97999954223633,36.012027740478516
2023-05-22,39.2599983215332,39.29999923706055,36.30766677856445
2023-05-23,38.95000076293945,38.689998626708984,35.744110107421875
2023-05-24,38.650001525878906,38.400001525878906,35.476192474365234
2023-05-25,38.5099983215332,38.31999969482422,35.40228271484375
2023-05-26,38.65999984741211,39.0,36.03050994873047
2023-05-30,38.900001525878906,38.54999923706055,35.614768981933594
2023-05-31,38.2400016784668,38.189998626708984,35.28218460083008
2023-06-01,38.25,38.869998931884766,35.91040802001953
2023-06-02,39.5,39.540000915527344,36.52939224243164
2023-06-05,39.43000030517578,39.529998779296875,36.5201530456543
2023-06-06,39.45000076293945,39.880001068115234,36.843505859375
2023-06-07,39.560001373291016,39.400001525878906,36.685218811035156
2023-06-08,39.43000030517578,39.68000030517578,36.9459228515625
2023-06-09,39.83000183105469,39.86000061035156,37.113521575927734
2023-06-12,39.880001068115234,39.939998626708984,37.188011169433594
2023-06-13,40.369998931884766,40.34000015258789,37.56045150756836
2023-06-14,40.349998474121094,40.63999938964844,37.83977508544922
2023-06-15,40.84000015258789,41.02000045776367,38.19359588623047
2023-06-16,41.09000015258789,40.880001068115234,38.0632438659668
2023-06-20,40.290000915527344,40.08000183105469,37.318363189697266
2023-06-21,39.86000061035156,39.88999938964844,37.14145278930664
2023-06-22,39.63999938964844,39.75,37.011104583740234
2023-06-23,39.22999954223633,39.16999816894531,36.471065521240234
2023-06-26,39.33000183105469,39.29999923706055,36.59210968017578
2023-06-27,39.619998931884766,39.70000076293945,36.96454620361328
2023-06-28,39.38999938964844,39.459999084472656,36.74108123779297
2023-06-29,39.15999984741211,39.25,36.54555892944336
2023-06-30,39.560001373291016,39.560001373291016,36.834197998046875
2023-07-03,40.0099983215332,40.0,37.243873596191406
2023-07-05,39.83000183105469,39.7599983215332,37.020408630371094
2023-07-06,39.16999816894531,38.95000076293945,36.26622772216797
2023-07-07,39.08000183105469,39.38999938964844,36.675907135009766
2023-07-10,39.150001525878906,39.41999816894531,36.70383834838867
2023-07-11,39.65999984741211,39.81999969482422,37.07627868652344
2023-07-12,40.43000030517578,40.709999084472656,37.90495300292969
2023-07-13,40.93000030517578,41.2400016784668,38.3984375
2023-07-14,41.13999938964844,41.0099983215332,38.18428039550781
2023-07-17,40.84000015258789,41.060001373291016,38.230838775634766
2023-07-18,40.83000183105469,40.7599983215332,37.95151138305664
2023-07-19,40.81999969482422,40.68000030517578,37.87702178955078
2023-07-20,40.5,40.380001068115234,37.597694396972656
2023-07-21,40.4900016784668,40.31999969482422,37.54182815551758
2023-07-24,40.459999084472656,40.869998931884766,38.05392837524414
2023-07-25,41.369998931884766,41.209999084472656,38.370506286621094
2023-07-26,41.029998779296875,41.45000076293945,38.59396743774414
2023-07-27,41.47999954223633,40.939998626708984,38.11910629272461
2023-07-28,41.7400016784668,41.93000030517578,39.0408935546875
2023-07-31,41.790000915527344,41.95000076293945,39.05951690673828
2023-08-01,41.61000061035156,41.41999816894531,38.566036224365234
2023-08-02,40.75,40.43000030517578,37.64424514770508
2023-08-03,40.47999954223633,40.59000015258789,37.79322814941406
2023-08-04,40.70000076293945,40.540000915527344,37.74666976928711
2023-08-07,40.650001525878906,40.47999954223633,37.69080352783203
2023-08-08,39.869998931884766,39.9900016784668,37.23456573486328
2023-08-09,40.25,40.09000015258789,37.327674865722656
2023-08-10,40.380001068115234,40.150001525878906,37.383544921875
2023-08-11,39.70000076293945,39.560001373291016,36.834197998046875
2023-08-14,39.18000030517578,39.369998931884766,36.65727996826172
2023-08-15,39.18000030517578,38.91999816894531,36.23828887939453
2023-08-16,38.70000076293945,38.56999969482422,35.91240692138672
2023-08-17,39.04999923706055,38.65999984741211,35.9962043762207
2023-08-18,38.2599983215332,38.400001525878906,35.754119873046875
2023-08-21,38.34000015258789,38.4900016784668,35.837921142578125
2023-08-22,38.63999938964844,38.40999984741211,35.76343536376953
2023-08-23,38.70000076293945,39.02000045776367,36.33140182495117
2023-08-24,39.15999984741211,38.869998931884766,36.191734313964844
2023-08-25,38.880001068115234,38.90999984741211,36.228981018066406
2023-08-28,39.189998626708984,39.290000915527344,36.582801818847656
2023-08-29,39.400001525878906,39.790000915527344,37.0483512878418
2023-08-30,39.56999969482422,39.65999984741211,36.92730712890625
2023-08-31,39.369998931884766,39.16999816894531,36.471065521240234
2023-09-01,39.709999084472656,39.630001068115234,36.89937210083008
2023-09-05,39.41999816894531,39.310001373291016,36.60142135620117
2023-09-06,39.220001220703125,39.09000015258789,36.39657974243164
2023-09-07,38.70000076293945,38.630001068115234,35.96827697753906
2023-09-08,38.7400016784668,38.709999084472656,36.04275894165039
2023-09-11,39.13999938964844,39.189998626708984,36.48968505859375
2023-09-12,38.900001525878906,39.06999969482422,36.37795639038086
2023-09-13,39.029998779296875,39.02000045776367,36.33140182495117
2023-09-14,39.25,39.279998779296875,36.573486328125
2023-09-15,39.290000915527344,39.130001068115234,36.4338264465332
2023-09-18,39.0099983215332,39.08000183105469,36.38726806640625
2023-09-19,38.90999984741211,38.849998474121094,36.173118591308594
2023-09-20,38.959999084472656,38.689998626708984,36.024139404296875
2023-09-21,38.099998474121094,38.02000045776367,35.400306701660156
2023-09-22,38.63999938964844,38.470001220703125,35.819297790527344
2023-09-25,38.150001525878906,38.29999923706055,35.6610107421875
2023-09-26,37.91999816894531,37.7599983215332,35.15821838378906
2023-09-27,37.95000076293945,37.81999969482422,35.214080810546875
2023-09-28,37.650001525878906,37.91999816894531,35.30719757080078
2023-09-29,38.33000183105469,37.95000076293945,35.33512496948242
2023-10-02,37.880001068115234,37.7599983215332,35.15821838378906
2023-10-03,37.400001525878906,37.2599983215332,34.692665100097656
2023-10-04,37.189998626708984,37.150001525878906,34.590248107910156
2023-10-05,37.15999984741211,37.290000915527344,34.72060012817383
2023-10-06,37.279998779296875,37.83000183105469,35.2234001159668
2023-10-09,37.31999969482422,37.650001525878906,35.05580139160156
2023-10-10,37.900001525878906,38.189998626708984,35.558589935302734
2023-10-11,38.470001220703125,38.43000030517578,35.78205490112305
2023-10-12,38.5099983215332,38.0,35.38167953491211
2023-10-13,38.029998779296875,37.86000061035156,35.2513313293457
2023-10-16,37.86000061035156,38.13999938964844,35.51203918457031
2023-10-17,37.83000183105469,38.040000915527344,35.41893005371094
2023-10-18,37.68000030517578,37.459999084472656,34.87889099121094
2023-10-19,37.349998474121094,37.2400016784668,34.674049377441406
2023-10-20,36.91999816894531,36.790000915527344,34.25505828857422
2023-10-23,36.52000045776367,36.7599983215332,34.227115631103516
2023-10-24,36.88999938964844,37.22999954223633,34.66474151611328
2023-10-25,36.849998474121094,36.7400016784668,34.208499908447266
2023-10-26,36.470001220703125,36.560001373291016,34.0409049987793
2023-10-27,36.88999938964844,36.529998779296875,34.01296615600586
2023-10-30,37.099998474121094,36.90999984741211,34.366790771484375
2023-10-31,36.61000061035156,36.70000076293945,34.17125701904297
2023-11-01,36.689998626708984,37.040000915527344,34.48783493041992
2023-11-02,37.59000015258789,37.689998626708984,35.09303665161133
2023-11-03,38.189998626708984,38.459999084472656,35.80998611450195
2023-11-06,38.959999084472656,38.77000045776367,36.098628997802734
2023-11-07,38.529998779296875,38.70000076293945,36.033451080322266
2023-11-08,38.470001220703125,38.439998626708984,35.79136276245117
2023-11-09,38.41999816894531,38.08000183105469,35.456172943115234
2023-11-10,38.08000183105469,38.349998474121094,35.70756912231445
2023-11-13,38.220001220703125,38.34000015258789,35.6982536315918
2023-11-14,38.91999816894531,39.36000061035156,36.647979736328125
2023-11-15,39.689998626708984,39.689998626708984,36.95523452758789
2023-11-16,39.2400016784668,39.310001373291016,36.60142135620117
2023-11-17,39.31999969482422,39.36000061035156,36.647979736328125
2023-11-20,39.540000915527344,39.849998474121094,37.104209899902344
2023-11-21,39.75,39.599998474121094,36.87143325805664
2023-11-22,39.54999923706055,39.52000045776367,36.79695510864258
2023-11-24,39.36000061035156,39.540000915527344,36.815574645996094
2023-11-27,39.369998931884766,39.380001068115234,36.666595458984375
2023-11-28,39.560001373291016,39.709999084472656,36.97385787963867
2023-11-29,39.5099983215332,39.47999954223633,36.759708404541016
2023-11-30,39.56999969482422,39.560001373291016,36.834197998046875
2023-12-01,39.290000915527344,39.72999954223633,36.99248123168945
2023-12-04,39.41999816894531,39.279998779296875,36.573486328125
2023-12-05,38.93000030517578,39.040000915527344,36.35002899169922
2023-12-06,39.279998779296875,38.9900016784668,36.303470611572266
2023-12-07,39.119998931884766,39.18000030517578,36.48037338256836
2023-12-08,38.93000030517578,39.0099983215332,36.322086334228516
2023-12-11,39.0099983215332,39.2400016784668,36.5362434387207
2023-12-12,39.119998931884766,39.25,36.54555892944336
2023-12-13,39.02000045776367,39.63999938964844,36.9086799621582
2023-12-14,39.900001525878906,40.220001220703125,37.4487190246582
2023-12-15,40.18000030517578,39.97999954223633,37.225257873535156
2023-12-18,39.95000076293945,39.959999084472656,37.206634521484375
2023-12-19,40.130001068115234,40.29999923706055,37.5232048034668
2023-12-20,39.290000915527344,38.84000015258789,36.84772491455078
2023-12-21,39.380001068115234,39.56999969482422,37.540283203125
2023-12-22,39.2599983215332,39.380001068115234,37.36002731323242
2023-12-26,39.70000076293945,39.689998626708984,37.65412521362305
2023-12-27,39.88999938964844,39.91999816894531,37.87232971191406
2023-12-28,40.279998779296875,40.22999954223633,38.16642761230469
2023-12-29,40.20000076293945,40.209999084472656,38.147457122802734
2024-01-02,39.83000183105469,39.7400016784668,37.701560974121094
2024-01-03,39.33000183105469,39.52000045776367,37.49285125732422
2024-01-04,39.38999938964844,39.38999938964844,37.36951446533203
2024-01-05,39.45000076293945,39.439998626708984,37.41695022583008
2024-01-08,39.16999816894531,39.54999923706055,37.521305084228516
2024-01-09,38.97999954223633,38.9900016784668,36.99003219604492
2024-01-10,38.939998626708984,38.900001525878906,36.9046516418457
2024-01-11,39.11000061035156,39.060001373291016,37.05644226074219
2024-01-12,39.34000015258789,39.20000076293945,37.18925857543945
2024-01-16,38.5099983215332,38.25,36.287986755371094
2024-01-17,37.5,37.68000030517578,35.74722671508789
2024-01-18,37.970001220703125,37.9900016784668,36.041324615478516
2024-01-19,38.08000183105469,38.38999938964844,36.420806884765625
2024-01-22,37.95000076293945,38.04999923706055,36.09825134277344
2024-01-23,38.209999084472656,38.380001068115234,36.41132354736328
2024-01-24,39.06999969482422,38.810001373291016,36.81926727294922
2024-01-25,38.970001220703125,38.86000061035156,36.866703033447266
2024-01-26,38.81999969482422,38.88999938964844,36.89515686035156
2024-01-29,39.0,38.90999984741211,36.91413497924805
2024-01-30,38.4900016784668,38.599998474121094,36.62003707885742
2024-01-31,38.459999084472656,38.38999938964844,36.420806884765625
2024-02-01,38.619998931884766,38.7599983215332,36.771827697753906
2024-02-02,38.59000015258789,38.650001525878906,36.66747283935547
2024-02-05,38.54999923706055,38.70000076293945,36.714908599853516
2024-02-06,39.310001373291016,39.58000183105469,37.54977035522461
2024-02-07,39.5,39.630001068115234,37.597206115722656
2024-02-08,39.459999084472656,39.40999984741211,37.38848876953125
2024-02-09,39.459999084472656,39.58000183105469,37.54977035522461
2024-02-12,39.63999938964844,39.88999938964844,37.84386444091797
2024-02-13,39.380001068115234,39.13999938964844,37.1323356628418
2024-02-14,39.61000061035156,39.70000076293945,37.663612365722656
2024-02-15,39.72999954223633,39.88999938964844,37.84386444091797
2024-02-16,40.04999923706055,40.08000183105469,38.02412033081055
2024-02-20,40.2400016784668,40.13999938964844,38.0810432434082
2024-02-21,40.220001220703125,40.209999084472656,38.147457122802734
2024-02-22,40.56999969482422,40.619998931884766,38.53641891479492
2024-02-23,40.59000015258789,40.599998474121094,38.51744842529297
2024-02-26,40.380001068115234,40.41999816894531,38.3466796875
2024-02-27,40.529998779296875,40.5,38.42258071899414
2024-02-28,40.119998931884766,39.970001220703125,37.91976547241211
2024-02-29,40.18000030517578,39.9900016784668,37.93873596191406
2024-03-01,40.279998779296875,40.47999954223633,38.403602600097656
2024-03-04,40.540000915527344,40.38999938964844,38.318214416503906
2024-03-05,40.189998626708984,40.029998779296875,37.9766845703125
2024-03-06,40.63999938964844,40.61000061035156,38.52693557739258
2024-03-07,40.66999816894531,40.86000061035156,38.76411437988281
2024-03-08,40.9900016784668,40.81999969482422,38.72616195678711
2024-03-11,40.900001525878906,40.90999984741211,38.811546325683594
2024-03-12,41.25,41.36000061035156,39.238468170166016
2024-03-13,41.189998626708984,41.22999954223633,39.11513137817383
2024-03-14,41.2599983215332,41.02000045776367,38.9159049987793
2024-03-15,40.84000015258789,40.77000045776367,38.67873001098633
2024-03-18,41.0099983215332,40.84000015258789,38.74513626098633
2024-03-19,40.58000183105469,40.63999938964844,38.55539321899414
2024-03-20,40.720001220703125,41.099998474121094,38.99179458618164
2024-03-21,41.380001068115234,41.150001525878906,39.039241790771484
2024-03-22,40.900001525878906,40.86000061035156,38.76411437988281
2024-03-25,40.79999923706055,40.88999938964844,38.79256820678711
2024-03-26,40.9900016784668,40.86000061035156,38.76411437988281
2024-03-27,40.84000015258789,40.93000030517578,38.83052062988281
2024-03-28,41.02000045776367,41.08000183105469,38.97282791137695
2024-04-01,41.2599983215332,41.150001525878906,39.039241790771484
2024-04-02,41.290000915527344,41.279998779296875,39.162567138671875
2024-04-03,41.09000015258789,41.310001373291016,39.19103240966797
2024-04-04,41.720001220703125,41.15999984741211,39.04872512817383
2024-04-05,41.11000061035156,41.25,39.13410568237305
2024-04-08,41.470001220703125,41.52000045776367,39.3902587890625
2024-04-09,41.790000915527344,41.79999923706055,39.6558952331543
2024-04-10,41.290000915527344,41.22999954223633,39.11513137817383
2024-04-11,41.529998779296875,41.47999954223633,39.35231018066406
2024-04-12,40.88999938964844,40.529998779296875,38.4510383605957
2024-04-15,40.77000045776367,40.27000045776367,38.20437240600586
2024-04-16,39.72999954223633,39.7400016784668,37.701560974121094
2024-04-17,39.95000076293945,39.709999084472656,37.673099517822266
2024-04-18,39.900001525878906,39.869998931884766,37.82489013671875
2024-04-19,39.709999084472656,39.709999084472656,37.673099517822266
2024-04-22,39.790000915527344,40.13999938964844,38.0810432434082
2024-04-23,40.18000030517578,40.470001220703125,38.39411926269531
2024-04-24,40.720001220703125,40.61000061035156,38.52693557739258
2024-04-25,40.27000045776367,40.70000076293945,38.6123161315918
2024-04-26,41.08000183105469,41.16999816894531,39.05820846557617
2024-04-29,41.369998931884766,41.56999969482422,39.43769454956055
2024-04-30,41.18000030517578,40.9900016784668,38.887447357177734
2024-05-01,41.060001373291016,41.029998779296875,38.925392150878906
2024-05-02,41.58000183105469,42.09000015258789,39.9310188293457
2024-05-03,42.34000015258789,42.470001220703125,40.291526794433594
2024-05-06,42.470001220703125,42.5099983215332,40.3294792175293
2024-05-07,42.310001373291016,42.27000045776367,40.101783752441406
2024-05-08,42.0,42.279998779296875,40.11127471923828
2024-05-09,42.25,42.40999984741211,40.23460388183594
2024-05-10,42.689998626708984,42.5,40.31998825073242
2024-05-13,42.790000915527344,42.81999969482422,40.62357711791992
2024-05-14,42.86000061035156,43.04999923706055,40.84177780151367
2024-05-15,43.36000061035156,43.5099983215332,41.27817916870117
2024-05-16,43.54999923706055,43.599998474121094,41.363563537597656
2024-05-17,43.630001068115234,43.790000915527344,41.5438232421875
2024-05-20,43.529998779296875,43.630001068115234,41.39202880859375
2024-05-21,43.36000061035156,43.36000061035156,41.13587951660156
2024-05-22,43.400001525878906,43.220001220703125,41.0030632019043
2024-05-23,43.439998626708984,42.900001525878906,40.6994743347168
2024-05-24,42.970001220703125,43.02000045776367,40.81331253051758
2024-05-28,43.15999984741211,42.959999084472656,40.75638961791992
2024-05-29,42.36000061035156,42.31999969482422,40.149227142333984
2024-05-30,42.040000915527344,42.20000076293945,40.035377502441406
2024-05-31,41.79999923706055,41.790000915527344,39.64640426635742
2024-06-03,42.380001068115234,42.22999954223633,40.0638427734375
2024-06-04,41.560001373291016,41.63999938964844,39.50410079956055
2024-06-05,42.060001373291016,42.310001373291016,40.139732360839844
2024-06-06,42.5099983215332,42.52000045776367,40.33896255493164
2024-06-07,42.36000061035156,42.040000915527344,39.88357925415039
2024-06-10,42.11000061035156,42.290000915527344,40.12076187133789
2024-06-11,41.79999923706055,41.86000061035156,39.987022399902344
2024-06-12,42.40999984741211,42.279998779296875,40.38823318481445
2024-06-13,42.33000183105469,42.18000030517578,40.29270935058594
2024-06-14,42.09000015258789,42.22999954223633,40.3404655456543
2024-06-17,42.34000015258789,42.5,40.598388671875
2024-06-18,42.599998474121094,42.88999938964844,40.97093963623047
2024-06-20,43.08000183105469,42.81999969482422,40.90407180786133
2024-06-21,42.72999954223633,42.66999816894531,40.760780334472656
2024-06-24,42.75,42.66999816894531,40.760780334472656
2024-06-25,42.599998474121094,42.56999969482422,40.66525650024414
2024-06-26,42.459999084472656,42.47999954223633,40.579280853271484
2024-06-27,42.70000076293945,42.5099983215332,40.607940673828125
2024-06-28,42.779998779296875,42.59000015258789,40.684364318847656
2024-07-01,42.86000061035156,42.689998626708984,40.779884338378906
2024-07-02,42.540000915527344,42.81999969482422,40.90407180786133
2024-07-03,43.099998474121094,43.45000076293945,41.50588607788086
2024-07-05,43.619998931884766,43.630001068115234,41.677825927734375
2024-07-08,43.7400016784668,43.63999938964844,41.6873779296875
2024-07-09,43.72999954223633,43.81999969482422,41.85932922363281
2024-07-10,43.97999954223633,44.06999969482422,42.098140716552734
2024-07-11,44.540000915527344,44.33000183105469,42.34650802612305
2024-07-12,44.470001220703125,44.5099983215332,42.51845169067383
2024-07-15,44.27000045776367,44.040000915527344,42.069480895996094
2024-07-16,44.060001373291016,44.290000915527344,42.30829620361328
2024-07-17,43.75,43.56999969482422,41.620513916015625
2024-07-18,43.650001525878906,43.15999984741211,41.22885513305664
2024-07-19,43.0099983215332,42.7400016784668,40.82765197753906
2024-07-22,43.02000045776367,43.099998474121094,41.17153549194336
2024-07-23,42.779998779296875,42.720001220703125,40.80854415893555
2024-07-24,42.529998779296875,42.099998474121094,40.216285705566406
2024-07-25,41.91999816894531,41.93000030517578,40.053890228271484
2024-07-26,42.279998779296875,42.36000061035156,40.46465301513672
2024-07-29,42.31999969482422,42.220001220703125,40.33091735839844
2024-07-30,42.25,42.029998779296875,40.149417877197266
2024-07-31,42.95000076293945,42.95000076293945,41.02825164794922
2024-08-01,42.790000915527344,42.20000076293945,40.31181335449219
2024-08-02,41.529998779296875,41.599998474121094,39.7386589050293
2024-08-05,39.40999984741211,40.41999816894531,38.611454010009766
2024-08-06,40.279998779296875,40.650001525878906,38.8311653137207
2024-08-07,41.560001373291016,40.900001525878906,39.06998062133789
2024-08-08,41.45000076293945,41.83000183105469,39.95836639404297
2024-08-09,41.93000030517578,42.060001373291016,40.178077697753906
2024-08-12,42.15999984741211,42.20000076293945,40.31181335449219
2024-08-13,42.310001373291016,42.66999816894531,40.760780334472656
2024-08-14,42.61000061035156,42.439998626708984,40.54106903076172
2024-08-15,42.650001525878906,42.90999984741211,40.99004364013672
2024-08-16,43.15999984741211,43.40999984741211,41.467674255371094
2024-08-19,43.630001068115234,43.83000183105469,41.86888122558594
2024-08-20,43.70000076293945,43.4900016784668,41.544097900390625
2024-08-21,43.5099983215332,43.65999984741211,41.70648193359375
2024-08-22,43.540000915527344,43.119998931884766,41.190643310546875
2024-08-23,43.54999923706055,43.84000015258789,41.87843322753906
2024-08-26,43.61000061035156,43.470001220703125,41.52499008178711
2024-08-27,43.470001220703125,43.529998779296875,41.582305908203125
2024-08-28,43.41999816894531,43.2599983215332,41.32438278198242
2024-08-29,43.34000015258789,43.279998779296875,41.34348678588867
2024-08-30,43.5,43.369998931884766,41.42946243286133
2024-09-03,42.959999084472656,42.5099983215332,40.607940673828125
2024-09-04,42.400001525878906,42.5,40.598388671875
2024-09-05,42.52000045776367,42.560001373291016,40.655704498291016
2024-09-06,42.540000915527344,41.779998779296875,39.91059875488281
2024-09-09,42.029998779296875,42.130001068115234,40.24494934082031
2024-09-10,42.04999923706055,41.970001220703125,40.09210205078125
2024-09-11,41.900001525878906,42.279998779296875,40.38823318481445
2024-09-12,42.369998931884766,42.630001068115234,40.72257614135742
2024-09-13,42.77000045776367,42.83000183105469,40.91362380981445
2024-09-16,42.9900016784668,42.970001220703125,41.047359466552734
2024-09-17,43.189998626708984,43.02000045776367,41.09511947631836
2024-09-18,43.099998474121094,42.869998931884766,40.95183181762695
2024-09-19,43.619998931884766,43.779998779296875,41.82111740112305
2024-09-20,43.810001373291016,43.689998626708984,41.735137939453125
2024-09-23,43.91999816894531,44.029998779296875,42.05992889404297
2024-09-24,45.15999984741211,45.529998779296875,43.4928092956543
2024-09-25,45.25,45.04999923706055,43.03428649902344
2024-09-26,46.720001220703125,46.70000076293945,44.6104621887207
2024-09-27,46.66999816894531,46.61000061035156,44.52449417114258
2024-09-30,46.349998474121094,45.86000061035156,43.808048248291016
2024-10-01,46.099998474121094,46.189998626708984,44.12328338623047
2024-10-02,47.099998474121094,47.099998474121094,44.99256896972656
2024-10-03,46.25,46.540000915527344,44.45762634277344
2024-10-04,46.880001068115234,46.970001220703125,44.86838150024414
2024-10-07,47.29999923706055,47.36000061035156,45.24093246459961
2024-10-08,46.13999938964844,46.189998626708984,44.12328338623047
2024-10-09,45.58000183105469,45.939998626708984,43.88446807861328
2024-10-10,46.02000045776367,46.029998779296875,43.97043991088867
2024-10-11,45.75,46.36000061035156,44.285675048828125
2024-10-14,46.0099983215332,46.16999816894531,44.10417556762695
2024-10-15,45.75,45.189998626708984,43.168025970458984
2024-10-16,45.5099983215332,45.540000915527344,43.50236511230469
2024-10-17,45.400001525878906,45.470001220703125,43.43550109863281
2024-10-18,46.16999816894531,45.91999816894531,43.865360260009766
2024-10-21,45.540000915527344,45.599998474121094,43.5596809387207
2024-10-22,45.380001068115234,45.5,43.46415328979492
2024-10-23,45.34000015258789,45.22999954223633,43.20623779296875
2024-10-24,45.18000030517578,45.15999984741211,43.13936996459961
2024-10-25,45.310001373291016,45.119998931884766,43.101158142089844
2024-10-28,45.220001220703125,45.31999969482422,43.292213439941406
2024-10-29,45.29999923706055,45.18000030517578,43.158477783203125
2024-10-30,44.720001220703125,44.7400016784668,42.73816680908203
2024-10-31,44.599998474121094,44.45000076293945,42.46113586425781
2024-11-01,44.779998779296875,44.4900016784668,42.49934768676758
2024-11-04,44.939998626708984,44.7400016784668,42.73816680908203
2024-11-05,45.22999954223633,45.349998474121094,43.320865631103516
2024-11-06,44.529998779296875,44.790000915527344,42.785926818847656
2024-11-07,45.54999923706055,45.779998779296875,43.73162841796875
2024-11-08,45.0099983215332,44.650001525878906,42.652191162109375
2024-11-11,44.47999954223633,44.310001373291016,42.3274040222168
2024-11-12,43.689998626708984,43.470001220703125,41.52499008178711
2024-11-13,43.52000045776367,43.189998626708984,41.257511138916016
2024-11-14,43.130001068115234,42.95000076293945,41.02825164794922
2024-11-15,43.09000015258789,42.95000076293945,41.02825164794922
2024-11-18,43.15999984741211,43.439998626708984,41.49633026123047
2024-11-19,43.29999923706055,43.40999984741211,41.467674255371094
2024-11-20,43.349998474121094,43.36000061035156,41.4199104309082
2024-11-21,43.220001220703125,43.27000045776367,41.33393478393555
2024-11-22,43.11000061035156,43.279998779296875,41.34348678588867
2024-11-25,43.459999084472656,43.310001373291016,41.37214660644531
2024-11-26,43.310001373291016,43.130001068115234,41.200199127197266
2024-11-27,43.38999938964844,43.189998626708984,41.257511138916016
2024-11-29,42.810001373291016,43.2599983215332,41.32438278198242
2024-12-02,43.36000061035156,43.43000030517578,41.486778259277344
2024-12-03,43.2599983215332,43.52000045776367,41.57275390625
2024-12-04,43.65999984741211,43.630001068115234,41.677825927734375
2024-12-05,43.849998474121094,43.91999816894531,41.95484924316406
2024-12-06,44.029998779296875,43.849998474121094,41.88798141479492
2024-12-09,44.790000915527344,44.75,42.74771499633789
2024-12-10,44.279998779296875,44.029998779296875,42.05992889404297
2024-12-11,44.130001068115234,44.209999084472656,42.23187255859375
2024-12-12,44.060001373291016,43.9900016784668,42.02172088623047
2024-12-13,44.099998474121094,44.029998779296875,42.05992889404297
2024-12-16,43.83000183105469,43.790000915527344,41.83066940307617
2024-12-17,42.720001220703125,42.959999084472656,41.730613708496094
2024-12-18,42.900001525878906,41.959999084472656,40.75923156738281
2024-12-19,42.369998931884766,42.099998474121094,40.895225524902344
2024-12-20,41.959999084472656,42.27000045776367,41.06036376953125
2024-12-23,42.279998779296875,42.5099983215332,41.293495178222656
2024-12-24,42.5099983215332,42.63999938964844,41.41977310180664
2024-12-26,42.36000061035156,42.4900016784668,41.274070739746094
2024-12-27,42.22999954223633,42.29999923706055,41.08950424194336
2024-12-30,42.040000915527344,41.959999084472656,40.75923156738281
2024-12-31,41.939998626708984,41.81999969482422,40.62323760986328
2025-01-02,41.869998931884766,41.7599983215332,40.56495666503906
2025-01-03,42.09000015258789,42.150001525878906,40.94379806518555
2025-01-06,42.599998474121094,42.29999923706055,41.08950424194336
2025-01-07,42.459999084472656,42.0,40.79808807373047
2025-01-08,41.7400016784668,41.79999923706055,40.60380935668945
2025-01-10,41.27000045776367,41.09000015258789,39.91413116455078
2025-01-13,40.630001068115234,40.810001373291016,39.64214324951172
2025-01-14,41.34000015258789,41.27000045776367,40.08898162841797
2025-01-15,41.709999084472656,41.810001373291016,40.613529205322266
2025-01-16,41.939998626708984,41.7599983215332,40.56495666503906
2025-01-17,41.959999084472656,42.09000015258789,40.88551330566406
2025-01-21,42.459999084472656,42.540000915527344,41.322635650634766
2025-01-22,42.599998474121094,42.56999969482422,41.35177993774414
2025-01-23,42.47999954223633,42.66999816894531,41.44891357421875
2025-01-24,42.90999984741211,42.95000076293945,41.72090530395508
2025-01-27,42.20000076293945,42.16999816894531,40.96322250366211
2025-01-28,42.2400016784668,42.47999954223633,41.26435089111328
2025-01-29,42.72999954223633,42.4900016784668,41.274070739746094
2025-01-30,42.81999969482422,43.209999084472656,41.97346115112305
2025-01-31,43.220001220703125,42.720001220703125,41.49748611450195
2025-02-03,42.02000045776367,42.40999984741211,41.196353912353516
2025-02-04,42.939998626708984,43.16999816894531,41.934608459472656
2025-02-05,43.0099983215332,43.060001373291016,41.827754974365234
2025-02-06,43.20000076293945,43.2400016784668,42.00260925292969
2025-02-07,43.619998931884766,43.20000076293945,41.963748931884766
2025-02-10,43.619998931884766,43.720001220703125,42.468868255615234
2025-02-11,43.41999816894531,43.54999923706055,42.303733825683594
2025-02-12,43.4900016784668,43.790000915527344,42.536865234375
2025-02-13,43.4900016784668,44.06999969482422,42.8088493347168
2025-02-14,44.36000061035156,44.40999984741211,43.139122009277344
2025-02-18,44.7599983215332,44.689998626708984,43.411109924316406
2025-02-19,44.650001525878906,44.619998931884766,43.34311294555664
2025-02-20,44.95000076293945,45.029998779296875,43.74138259887695
2025-02-21,45.2599983215332,44.900001525878906,43.6151008605957
2025-02-24,44.650001525878906,44.209999084472656,42.94484329223633
2025-02-25,44.349998474121094,44.2400016784668,42.9739875793457
2025-02-26,44.75,44.68000030517578,43.401397705078125
2025-02-27,44.29999923706055,43.810001373291016,42.55629348754883
2025-02-28,43.04999923706055,43.209999084472656,41.97346115112305
2025-03-03,43.459999084472656,42.83000183105469,41.604339599609375
2025-03-04,42.97999954223633,43.189998626708984,41.95403289794922
2025-03-05,43.959999084472656,44.47999954223633,43.20711898803711
2025-03-06,44.45000076293945,44.20000076293945,42.93513107299805
2025-03-07,44.34000015258789,44.41999816894531,43.148834228515625
2025-03-10,43.75,43.36000061035156,42.119171142578125
2025-03-11,43.72999954223633,43.720001220703125,42.468868255615234
2025-03-12,43.90999984741211,43.959999084472656,42.70199966430664
2025-03-13,43.52000045776367,43.779998779296875,42.52714920043945
2025-03-14,44.310001373291016,44.58000183105469,43.304256439208984
2025-03-17,44.7400016784668,45.34000015258789,44.04250717163086
2025-03-18,45.25,45.11000061035156,43.819091796875
2025-03-19,45.290000915527344,45.220001220703125,43.92594528198242
2025-03-20,44.599998474121094,44.79999923706055,43.51795959472656
2025-03-21,44.439998626708984,44.58000183105469,43.304256439208984
2025-03-24,44.75,44.779998779296875,43.49853515625
2025-03-25,44.7400016784668,44.650001525878906,43.372257232666016
2025-03-26,44.619998931884766,44.380001068115234,43.109981536865234
2025-03-27,44.41999816894531,44.599998474121094,43.32368469238281
2025-03-28,44.16999816894531,43.77000045776367,42.51743698120117
2025-03-31,43.310001373291016,43.70000076293945,42.44944381713867
2025-04-01,43.650001525878906,43.84000015258789,42.5854377746582
2025-04-02,43.720001220703125,43.900001525878906,42.64371871948242
2025-04-03,42.97999954223633,42.970001220703125,41.740333557128906
2025-04-04,41.349998474121094,40.58000183105469,39.41872787475586
2025-04-07,38.84000015258789,39.06999969482422,37.951934814453125
2025-04-08,40.220001220703125,38.52000045776367,37.41767501831055
2025-04-09,38.7400016784668,41.189998626708984,40.011268615722656
2025-04-10,40.83000183105469,40.47999954223633,39.32158660888672
2025-04-11,41.119998931884766,41.75,40.55524444580078
2025-04-14,42.029998779296875,42.130001068115234,40.92436981201172
2025-04-15,42.20000076293945,42.09000015258789,40.88551330566406
2025-04-16,41.790000915527344,41.599998474121094,40.40953826904297
2025-04-17,42.060001373291016,41.91999816894531,40.72037887573242
2025-04-21,42.16999816894531,41.90999984741211,40.710662841796875
2025-04-22,42.380001068115234,42.540000915527344,41.322635650634766
2025-04-23,43.290000915527344,43.029998779296875,41.798614501953125
2025-04-24,43.150001525878906,43.529998779296875,42.2843017578125
2025-04-25,43.220001220703125,43.45000076293945,42.20659255981445
2025-04-28,43.5099983215332,43.529998779296875,42.2843017578125
2025-04-29,43.59000015258789,43.650001525878906,42.40087127685547
2025-04-30,43.59000015258789,43.7599983215332,42.50772476196289
2025-05-01,43.93000030517578,43.75,42.498008728027344
2025-05-02,45.150001525878906,45.0,43.71223831176758
2025-05-05,45.459999084472656,45.34000015258789,44.04250717163086
2025-05-06,45.0,45.15999984741211,43.8676643371582
2025-05-07,44.81999969482422,44.63999938964844,43.3625373840332
2025-05-08,44.790000915527344,44.61000061035156,43.33340072631836
2025-05-09,45.099998474121094,44.90999984741211,43.624813079833984
2025-05-12,46.02000045776367,45.880001068115234,44.56705856323242
2025-05-13,45.56999969482422,45.959999084472656,44.6447639465332
2025-05-14,46.40999984741211,46.310001373291016,44.9847526550293
2025-05-15,46.22999954223633,46.290000915527344,44.9653205871582
2025-05-16,46.209999084472656,46.2599983215332,44.936180114746094
2025-05-19,45.939998626708984,46.36000061035156,45.03331756591797
2025-05-20,46.16999816894531,46.310001373291016,44.9847526550293
2025-05-21,46.4900016784668,46.189998626708984,44.86818313598633
2025-05-22,45.970001220703125,46.040000915527344,44.722476959228516
2025-05-23,45.90999984741211,46.22999954223633,44.90703582763672
2025-05-27,46.06999969482422,46.119998931884766,44.80018615722656
2025-05-28,46.0,45.90999984741211,44.596195220947266
2025-05-29,46.31999969482422,46.08000183105469,44.76133728027344
2025-05-30,45.65999984741211,45.52000045776367,44.21735763549805
2025-06-02,45.689998626708984,45.849998474121094,44.53791046142578
2025-06-03,45.84000015258789,45.959999084472656,44.6447639465332
2025-06-04,46.400001525878906,46.529998779296875,45.19845199584961
2025-06-05,46.93000030517578,46.77000045776367,45.43158721923828
2025-06-06,46.810001373291016,46.91999816894531,45.577293395996094
2025-06-09,47.16999816894531,47.31999969482422,45.96584701538086
2025-06-10,47.54999923706055,47.59000015258789,46.228118896484375
2025-06-11,47.84000015258789,47.790000915527344,46.422401428222656
2025-06-12,47.72999954223633,47.869998931884766,46.50010681152344
2025-06-13,47.0,47.11000061035156,45.76185989379883
2025-06-16,47.18000030517578,47.22999954223633,46.32286834716797
2025-06-17,46.90999984741211,46.61000061035156,45.714778900146484
2025-06-18,46.619998931884766,46.599998474121094,45.7049674987793
2025-06-20,46.779998779296875,46.33000183105469,45.44015884399414
2025-06-23,46.25,46.709999084472656,45.8128547668457
2025-06-24,47.439998626708984,47.91999816894531,46.99961471557617
2025-06-25,47.900001525878906,47.959999084472656,47.038848876953125
2025-06-26,48.18000030517578,48.279998779296875,47.35270309448242
2025-06-27,48.040000915527344,48.09000015258789,47.166351318359375
2025-06-30,48.0,48.2400016784668,47.313472747802734
2025-07-01,48.349998474121094,48.33000183105469,47.4017448425293
2025-07-02,48.16999816894531,48.540000915527344,47.60771179199219
2025-07-03,48.58000183105469,48.7599983215332,47.823482513427734
2025-07-07,48.279998779296875,48.06999969482422,47.14673614501953
2025-07-08,48.369998931884766,48.369998931884766,47.440975189208984
2025-07-09,48.380001068115234,48.290000915527344,47.36251449584961
2025-07-10,48.380001068115234,48.41999816894531,47.490013122558594
2025-07-11,48.34000015258789,48.2599983215332,47.33308792114258
2025-07-14,48.27000045776367,48.33000183105469,47.4017448425293
2025-07-15,48.84000015258789,48.68000030517578,47.745018005371094
2025-07-16,48.65999984741211,48.90999984741211,47.970603942871094
2025-07-17,48.849998474121094,49.189998626708984,48.24522399902344
2025-07-18,49.33000183105469,49.08000183105469,48.1373405456543
2025-07-21,49.33000183105469,49.400001525878906,48.45119094848633
2025-07-22,49.2599983215332,49.43000030517578,48.480613708496094
2025-07-23,49.7400016784668,49.93000030517578,48.971012115478516
2025-07-24,49.779998779296875,49.65999984741211,48.706199645996094
2025-07-25,49.380001068115234,49.5099983215332,48.55907440185547
2025-07-28,49.290000915527344,49.18000030517578,48.235416412353516
2025-07-29,49.290000915527344,49.20000076293945,48.255035400390625
2025-07-30,49.040000915527344,48.84000015258789,47.901947021484375
2025-07-31,48.72999954223633,48.560001373291016,47.62732696533203
2025-08-01,48.380001068115234,48.20000076293945,47.27424240112305
2025-08-04,48.7400016784668,48.70000076293945,47.7646369934082
2025-08-05,48.959999084472656,48.84000015258789,47.901947021484375
2025-08-06,48.900001525878906,49.06999969482422,48.12752914428711
2025-08-07,49.599998474121094,49.47999954223633,48.5296516418457
2025-08-08,49.33000183105469,49.439998626708984,48.490421295166016
2025-08-11,49.400001525878906,49.29999923706055,48.353111267089844
2025-08-12,49.5099983215332,49.900001525878906,48.94158935546875
2025-08-13,50.45000076293945,50.5,49.53006362915039
2025-08-14,49.869998931884766,49.880001068115234,48.921974182128906
2025-08-15,50.029998779296875,49.939998626708984,48.98081970214844
2025-08-18,50.15999984741211,50.22999954223633,49.26525115966797
2025-08-19,50.099998474121094,49.81999969482422,48.86312484741211
2025-08-20,49.72999954223633,49.75,48.794471740722656
2025-08-21,49.58000183105469,49.63999938964844,48.68658447265625
2025-08-22,49.93000030517578,50.630001068115234,49.657569885253906
2025-08-25,50.540000915527344,50.34000015258789,49.373138427734375
2025-08-26,50.290000915527344,50.209999084472656,49.245635986328125
2025-08-27,49.630001068115234,49.90999984741211,48.95139694213867
2025-08-28,49.86000061035156,50.099998474121094,49.13774490356445
2025-08-29,49.810001373291016,49.86000061035156,48.90235900878906
2025-09-02,49.40999984741211,49.81999969482422,48.86312484741211
2025-09-03,49.970001220703125,50.0099983215332,49.04947280883789
2025-09-04,49.689998626708984,49.849998474121094,48.892547607421875
2025-09-05,50.529998779296875,50.45000076293945,49.48102569580078
2025-09-08,50.709999084472656,50.90999984741211,49.93218994140625
2025-09-09,51.11000061035156,51.189998626708984,50.206809997558594
2025-09-10,51.599998474121094,51.540000915527344,50.55009078979492
2025-09-11,51.88999938964844,52.290000915527344,51.28568649291992
2025-09-12,52.33000183105469,52.2599983215332,51.25625991821289
2025-09-15,52.58000183105469,52.63999938964844,51.62895965576172
2025-09-16,52.880001068115234,53.029998779296875,52.011470794677734
2025-09-17,53.25,53.2599983215332,52.23705291748047
2025-09-18,52.90999984741211,53.130001068115234,52.109554290771484
2025-09-19,53.06999969482422,53.0099983215332,51.99185562133789
2025-09-22,53.04999923706055,53.27000045776367,52.24686050415039
2025-09-23,53.31999969482422,53.29999923706055,52.276283264160156
2025-09-24,53.2599983215332,53.119998931884766,52.0997428894043
2025-09-25,52.779998779296875,52.810001373291016,51.79569625854492
2025-09-26,52.439998626708984,52.709999084472656,51.69761657714844
2025-09-29,53.2400016784668,53.189998626708984,52.16839599609375
2025-09-30,53.34000015258789,53.400001525878906,52.374366760253906
2025-10-01,53.59000015258789,53.81999969482422,52.78629684448242
2025-10-02,54.349998474121094,54.06999969482422,53.031494140625
2025-10-03,54.33000183105469,54.22999954223633,53.18842315673828
2025-10-06,54.349998474121094,54.47999954223633,53.43362045288086
2025-10-07,54.68000030517578,54.060001373291016,53.021690368652344
2025-10-08,54.130001068115234,54.4900016784668,53.44343185424805
2025-10-09,54.52000045776367,53.93000030517578,52.89418411254883
2025-10-10,53.959999084472656,51.939998626708984,50.942405700683594
2025-10-13,53.439998626708984,53.45000076293945,52.423404693603516
2025-10-14,52.61000061035156,52.970001220703125,51.9526252746582
2025-10-15,53.849998474121094,53.84000015258789,52.80591583251953
2025-10-16,54.34000015258789,54.189998626708984,53.14918899536133
2025-10-17,53.83000183105469,54.18000030517578,53.139381408691406
2025-10-20,54.560001373291016,54.91999816894531,53.865169525146484
2025-10-21,54.59000015258789,54.310001373291016,53.26689147949219
2025-10-22,54.43000030517578,54.2599983215332,53.21784591674805
2025-10-23,54.47999954223633,54.7400016784668,53.688629150390625
2025-10-24,55.18000030517578,55.099998474121094,54.04171371459961
2025-10-27,55.720001220703125,55.709999084472656,54.63999938964844
2025-10-28,55.380001068115234,55.689998626708984,54.62038040161133
2025-10-29,56.220001220703125,56.0099983215332,54.934234619140625
2025-10-30,55.45000076293945,55.43000030517578,54.36537551879883
2025-10-31,55.34000015258789,55.29999923706055,54.23787307739258
2025-11-03,55.689998626708984,55.650001525878906,54.581153869628906
2025-11-04,54.72999954223633,54.630001068115234,53.58074188232422
2025-11-05,54.63999938964844,55.119998931884766,54.06132888793945
2025-11-06,55.06999969482422,54.709999084472656,53.659202575683594
2025-11-07,54.209999084472656,54.54999923706055,53.50227737426758
2025-11-10,55.279998779296875,55.5099983215332,54.4438362121582
2025-11-11,55.5099983215332,55.56999969482422,54.502685546875
2025-11-12,55.65999984741211,55.58000183105469,54.51249313354492
2025-11-13,55.70000076293945,54.93000030517578,53.87498092651367
2025-11-14,54.529998779296875,54.959999084472656,53.90440368652344
2025-11-17,54.52000045776367,54.310001373291016,53.26689147949219
2025-11-18,53.880001068115234,54.040000915527344,53.002071380615234
2025-11-19,53.84000015258789,53.849998474121094,52.81571960449219
2025-11-20,54.43000030517578,53.11000061035156,52.089935302734375
2025-11-21,52.709999084472656,53.099998474121094,52.08012771606445
2025-11-24,53.119998931884766,53.65999984741211,52.629371643066406
2025-11-25,53.630001068115234,53.849998474121094,52.81571960449219
2025-11-26,54.099998474121094,54.2400016784668,53.19823455810547
2025-11-28,54.15999984741211,54.31999969482422,53.276695251464844
2025-12-01,54.150001525878906,54.279998779296875,53.237464904785156
2025-12-02,54.36000061035156,54.29999923706055,53.257080078125
2025-12-03,54.13999938964844,54.34000015258789,53.29631423950195
2025-12-04,54.40999984741211,54.33000183105469,53.28650665283203
2025-12-05,54.93000030517578,54.7400016784668,53.688629150390625
2025-12-08,54.869998931884766,54.619998931884766,53.57093048095703
2025-12-09,54.29999923706055,54.529998779296875,53.482662200927734
2025-12-10,54.650001525878906,55.13999938964844,54.0809440612793
2025-12-11,54.70000076293945,54.880001068115234,53.8259391784668
2025-12-12,54.90999984741211,54.2400016784668,53.19823455810547
2025-12-15,54.54999923706055,54.08000183105469,53.04130554199219
2025-12-16,52.959999084472656,52.97999954223633,52.70604705810547
2025-12-17,53.2599983215332,52.599998474121094,52.32801055908203
2025-12-18,53.27000045776367,53.20000076293945,52.92491149902344
2025-12-19,53.540000915527344,53.720001220703125,53.442222595214844
2025-12-22,53.970001220703125,54.0099983215332,53.73072052001953
2025-12-23,53.9900016784668,54.310001373291016,54.029170989990234
2025-12-24,54.40999984741211,54.41999816894531,54.13859939575195
2025-12-26,54.56999969482422,54.79999923706055,54.51663589477539
2025-12-29,54.52000045776367,54.65999984741211,54.37736129760742
2025-12-30,54.869998931884766,54.880001068115234,54.596221923828125
2025-12-31,54.900001525878906,54.709999084472656,54.427101135253906
2026-01-02,55.88999938964844,56.2400016784668,55.94919204711914
2026-01-05,56.59000015258789,56.86000061035156,56.565982818603516
2026-01-06,57.16999816894531,57.279998779296875,56.98381042480469
2026-01-07,57.029998779296875,56.849998474121094,56.556034088134766
2026-01-08,56.75,56.869998931884766,56.575931549072266
2026-01-09,56.880001068115234,57.13999938964844,56.84453582763672
2026-01-12,57.2400016784668,57.939998626708984,57.64039611816406
2026-01-13,57.77000045776367,57.5099983215332,57.21261978149414
2026-01-14,57.58000183105469,57.75,57.45138168334961
2026-01-15,58.150001525878906,58.09000015258789,57.78962326049805
2026-01-16,57.970001220703125,57.869998931884766,57.57075881958008
2026-01-20,57.349998474121094,57.310001373291016,57.01365661621094
2026-01-21,57.9900016784668,58.2599983215332,57.958744049072266
2026-01-22,58.70000076293945,58.70000076293945,58.39646911621094
2026-01-23,58.560001373291016,59.06999969482422,58.764556884765625
2026-01-26,59.040000915527344,59.16999816894531,58.864036560058594
2026-01-27,59.970001220703125,60.34000015258789,60.02798843383789
2026-01-28,60.869998931884766,60.75,60.43586730957031
2026-01-29,60.86000061035156,60.439998626708984,60.127471923828125
2026-01-30,59.810001373291016,59.099998474121094,58.79439926147461
2026-02-02,58.58000183105469,59.279998779296875,58.97346878051758
2026-02-03,59.93000030517578,59.599998474121094,59.291812896728516
2026-02-04,59.88999938964844,58.79999923706055,58.49595260620117
2026-02-05,58.54999923706055,58.529998779296875,58.22734832763672
2026-02-06,59.2400016784668,60.06999969482422,59.75938415527344
2026-02-09,59.970001220703125,60.5099983215332,60.19710922241211
2026-02-10,60.720001220703125,60.599998474121094,60.286643981933594
2026-02-11,61.18000030517578,61.560001373291016,61.24168014526367
2026-02-12,61.84000015258789,60.86000061035156,60.5452995300293
2026-02-13,60.720001220703125,61.119998931884766,60.803955078125
2026-02-17,60.720001220703125,60.869998931884766,60.55524826049805
2026-02-18,61.029998779296875,61.189998626708984,60.873592376708984
2026-02-19,60.83000183105469,61.040000915527344,60.724369049072266
2026-02-20,61.0099983215332,62.34000015258789,62.01764678955078
2026-02-23,62.02000045776367,61.650001525878906,61.331214904785156
2026-02-24,62.2400016784668,62.619998931884766,62.296199798583984
2026-02-25,63.41999816894531,63.310001373291016,62.98263168334961
2026-02-26,63.279998779296875,62.709999084472656,62.38573455810547
2026-02-27,62.20000076293945,62.58000183105469,62.25640869140625
2026-03-02,60.790000915527344,61.5,61.18199157714844
2026-03-03,57.970001220703125,58.41999816894531,58.117916107177734
2026-03-04,58.54999923706055,59.04999923706055,58.744659423828125
2026-03-05,58.02000045776367,57.630001068115234,57.33200454711914
2026-03-06,56.83000183105469,57.31999969482422,57.02360534667969
2026-03-09,56.65999984741211,58.45000076293945,58.147762298583984
2026-03-10,58.65999984741211,58.68000030517578,58.37657165527344
2026-03-11,58.70000076293945,58.83000183105469,58.52579879760742
2026-03-12,57.9900016784668,56.95000076293945,56.655517578125
2026-03-13,57.619998931884766,56.79999923706055,56.50629425048828
2026-03-16,58.04999923706055,58.380001068115234,58.078125
2026-03-17,58.880001068115234,58.75,58.44620895385742
2026-03-18,58.380001068115234,57.560001373291016,57.262367248535156
2026-03-19,56.439998626708984,57.619998931884766,57.322052001953125
2026-03-20,56.95000076293945,55.63999938964844,55.352291107177734
2026-03-23,56.88999938964844,57.310001373291016,57.01365661621094
2026-03-24,56.130001068115234,56.52000045776367,56.22774124145508
2026-03-25,57.41999816894531,57.41999816894531,57.123085021972656
2026-03-26,56.2599983215332,55.470001220703125,55.18317413330078
2026-03-27,55.349998474121094,55.20000076293945,54.91456985473633
2026-03-30,55.5,54.75,54.466896057128906
2026-03-31,54.939998626708984,56.790000915527344,56.49634552001953
2026-04-01,57.209999084472656,57.22999954223633,56.9340705871582
2026-04-02,55.56999969482422,56.59000015258789,56.29737854003906
2026-04-06,56.95000076293945,57.11000061035156,56.814693450927734
2026-04-07,57.16999816894531,57.310001373291016,57.01365661621094
2026-04-08,60.86000061035156,60.439998626708984,60.127471923828125
2026-04-09,59.7599983215332,60.279998779296875,59.968299865722656
2026-04-10,60.709999084472656,60.560001373291016,60.24685287475586
2026-04-13,60.08000183105469,61.06999969482422,60.754215240478516
2026-04-14,61.599998474121094,62.2400016784668,61.91816711425781
2026-04-15,62.040000915527344,62.20000076293945,61.87837219238281
2026-04-16,62.43000030517578,62.45000076293945,62.127079010009766
2026-04-17,63.529998779296875,63.63999938964844,63.3109245300293
2026-04-20,63.11000061035156,63.18000030517578,62.85330581665039
2026-04-21,63.279998779296875,62.25,61.9281120300293
2026-04-22,62.9900016784668,63.380001068115234,63.052268981933594
2026-04-23,62.75,62.349998474121094,62.02759552001953
2026-04-24,63.279998779296875,63.7400016784668,63.41040802001953
2026-04-27,63.900001525878906,63.63999938964844,63.3109245300293
2026-04-28,62.790000915527344,62.9900016784668,62.66428756713867
2026-04-29,63.06999969482422,62.689998626708984,62.36583709716797
2026-04-30,63.2400016784668,63.9900016784668,63.65911865234375
2026-05-01,63.84000015258789,64.12999725341797,63.79838943481445
2026-05-04,64.47000122070312,64.0999984741211,63.7685432434082
2026-05-05,64.9800033569336,65.4000015258789,65.06182861328125
2026-05-06,66.8499984741211,67.48999786376953,67.1410140991211
2026-05-07,67.66999816894531,66.58999633789062,66.24566650390625
2026-05-08,67.33000183105469,67.94000244140625,67.58869171142578
2026-05-11,67.83000183105469,67.88999938964844,67.53894805908203
2026-05-12,66.22000122070312,65.81999969482422,65.47965240478516
2026-05-13,66.56999969482422,67.20999908447266,66.86246490478516
2026-05-14,66.94999694824219,67.37999725341797,67.03158569335938
2026-05-15,65.2300033569336,65.06999969482422,64.73352813720703
2026-05-18,65.66000366210938,64.97000122070312,64.63404846191406
2026-05-19,63.619998931884766,64.26000213623047,63.9277229309082
2026-05-20,64.48999786376953,65.45999908447266,65.12151336669922
2026-05-21,65.2300033569336,66.02999877929688,65.68856811523438
2026-05-22,66.0,65.87999725341797,65.53933715820312
2026-05-26,67.72000122070312,68.4000015258789,68.04631042480469
2026-05-27,68.76000213623047,68.38999938964844,68.03636169433594
2026-05-28,67.6500015258789,68.61000061035156,68.2552261352539
2026-05-29,68.93000030517578,68.5999984741211,68.24527740478516
2026-06-01,69.37999725341797,70.08000183105469,69.7176284790039
2026-06-02,70.29000091552734,70.80000305175781,70.43390655517578
2026-06-03,70.41999816894531,69.91999816894531,69.5584487915039
2026-06-04,68.5199966430664,69.0999984741211,68.74269104003906
2026-06-05,66.7300033569336,64.58999633789062,64.25601196289062
2026-06-08,66.06999969482422,65.75,65.4100112915039
2026-06-09,67.20999908447266,65.81999969482422,65.47965240478516
2026-06-10,65.30999755859375,64.66000366210938,64.32565307617188
2026-06-11,65.2699966430664,67.5,67.15096282958984
2026-06-12,67.52999877929688,67.87999725341797,67.52899932861328
2026-06-15,69.61000061035156,69.75,69.75
2026-06-16,69.33000183105469,68.63999938964844,68.63999938964844
2026-06-17,69.56999969482422,68.55999755859375,68.55999755859375
2026-06-18,70.18000030517578,70.79000091552734,70.79000091552734
2026-06-22,71.29000091552734,71.20999908447266,71.20999908447266
2026-06-23,67.25,67.16999816894531,67.16999816894531
2026-06-24,67.37999725341797,67.25,67.25
2026-06-25,68.91000366210938,67.95999908447266,67.95999908447266
2026-06-26,66.33999633789062,67.19000244140625,67.19000244140625
2026-06-29,66.98999786376953,67.43000030517578,67.43000030517578
2026-06-30,67.58999633789062,68.41000366210938,68.41000366210938
2026-07-01,66.91000366210938,66.4800033569336,66.4800033569336
2026-07-02,66.52999877929688,65.69999694824219,65.69999694824219
2026-07-06,67.25,67.56999969482422,67.56999969482422
2026-07-07,65.98999786376953,65.72000122070312,65.72000122070312
2026-07-08,65.16000366210938,66.2300033569336,66.2300033569336
2026-07-09,66.56999969482422,66.77999877929688,66.77999877929688
2026-07-10,66.54000091552734,66.9000015258789,66.9000015258789
2026-07-13,65.19000244140625,64.5,64.5
2026-07-14,65.52999877929688,65.66999816894531,65.66999816894531
2026-07-15,65.87000274658203,65.56999969482422,65.56999969482422
2026-07-16,64.43000030517578,64.19000244140625,64.19000244140625
2026-07-17,62.29999923706055,63.290000915527344,63.290000915527344
2026-07-20,64.04000091552734,63.560001373291016,63.560001373291016
2026-07-21,65.12000274658203,65.33999633789062,65.33999633789062
2026-07-22,64.63999938964844,64.98999786376953,64.98999786376953
2026-07-23,64.48999786376953,64.5999984741211,64.5999984741211
2026-07-24,63.95000076293945,63.33000183105469,63.33000183105469
2026-07-27,64.22000122070312,63.619998931884766,63.619998931884766
2026-07-28,62.060001373291016,62.36000061035156,62.36000061035156
2026-07-29,61.72999954223633,61.06999969482422,61.06999969482422
2026-07-30,62.47999954223633,63.59000015258789,63.59000015258789
2026-07-31,64.93000030517578,64.08999633789062,64.08999633789062
2026-08-03,63.7400016784668,64.31999969482422,64.31999969482422
2026-08-04,65.22000122070312,66.0,66.0
2026-08-05,65.94999694824219,65.72000122070312,65.72000122070312
2026-08-06,64.68000030517578,65.0199966430664,65.0199966430664
2026-08-07,65.87000274658203,65.63999938964844,65.63999938964844
2026-08-10,65.20999908447266,65.16999816894531,65.16999816894531
2026-08-11,65.62000274658203,65.43000030517578,65.43000030517578
2026-08-12,66.61000061035156,66.45999908447266,66.45999908447266
2026-08-13,66.41999816894531,66.68000030517578,66.68000030517578
2026-08-14,66.8499984741211,66.61000061035156,66.61000061035156
2026-08-17,67.33000183105469,67.31999969482422,67.31999969482422
2026-08-18,66.02999877929688,65.33999633789062,65.33999633789062
2026-08-19,66.55000305175781,66.11000061035156,66.11000061035156
2026-08-20,66.18000030517578,66.62000274658203,66.62000274658203
2026-08-21,67.43000030517578,67.12000274658203,67.12000274658203
2026-08-24,66.4000015258789,66.11000061035156,66.11000061035156
2026-08-25,66.83999633789062,67.25,67.25
2026-08-26,67.36000061035156,67.16999816894531,67.16999816894531
2026-08-27,67.56999969482422,67.61000061035156,67.61000061035156
2026-08-28,67.69999694824219,67.13999938964844,67.13999938964844
2026-08-31,67.29000091552734,67.0199966430664,67.0199966430664
2026-09-01,67.05999755859375,66.7699966430664,66.7699966430664
2026-09-02,66.80999755859375,67.1500015258789,67.1500015258789
2026-09-03,67.06999969482422,67.47000122070312,67.47000122070312
2026-09-04,67.7300033569336,68.69999694824219,68.69999694824219
