Date,Open,Close,AdjClose
2001-08-27,42.91666793823242,42.83333206176758,21.856178283691406
2001-08-28,42.53333282470703,42.34333419799805,21.60614776611328
2001-08-29,42.45000076293945,42.150001525878906,21.507497787475586
2001-08-30,41.66666793823242,41.54999923706055,21.201335906982422
2001-08-31,41.53333282470703,41.650001525878906,21.252370834350586
2001-09-04,40.766666412353516,40.70000076293945,20.767620086669922
2001-09-05,40.56666564941406,40.45000076293945,20.640052795410156
2001-09-06,39.83333206176758,39.53333282470703,20.172317504882812
2001-09-07,39.46666717529297,39.29999923706055,20.053255081176758
2001-09-10,38.43333435058594,38.849998474121094,19.82364273071289
2001-09-17,36.75,37.150001525878906,18.956192016601562
2001-09-18,36.81666564941406,36.849998474121094,18.803119659423828
2001-09-19,37.20000076293945,36.75,18.75208854675293
2001-09-20,35.766666412353516,35.150001525878906,17.935672760009766
2001-09-21,32.66666793823242,34.16666793823242,17.433914184570312
2001-09-24,35.33333206176758,35.75,18.241830825805664
2001-09-25,36.133331298828125,36.16666793823242,18.454437255859375
2001-09-26,36.483333587646484,36.349998474121094,18.5479793548584
2001-09-27,36.349998474121094,36.92333221435547,18.840534210205078
2001-09-28,37.29999923706055,37.643333435058594,19.207923889160156
2001-10-01,37.06666564941406,37.439998626708984,19.104171752929688
2001-10-02,37.0,37.516666412353516,19.17162322998047
2001-10-03,36.83333206176758,37.900001525878906,19.367509841918945
2001-10-04,38.233333587646484,38.3033332824707,19.573623657226562
2001-10-05,38.3033332824707,38.36333465576172,19.604286193847656
2001-10-08,37.90999984741211,38.133331298828125,19.486745834350586
2001-10-09,38.31666564941406,38.03333282470703,19.435646057128906
2001-10-10,38.5,38.79999923706055,19.82742691040039
2001-10-11,39.21666717529297,39.06666564941406,19.963701248168945
2001-10-12,38.599998474121094,39.016666412353516,19.938148498535156
2001-10-15,38.5,38.400001525878906,19.623016357421875
2001-10-16,38.766666412353516,38.93333435058594,19.89556121826172
2001-10-17,39.66666793823242,38.96666717529297,19.91259765625
2001-10-18,38.766666412353516,38.650001525878906,19.75076675415039
2001-10-19,38.133331298828125,38.266666412353516,19.554885864257812
2001-10-22,38.0,38.53333282470703,19.6911563873291
2001-10-23,38.96666717529297,38.84000015258789,19.847869873046875
2001-10-24,39.16666793823242,39.22999954223633,20.047170639038086
2001-10-25,38.75,39.17333221435547,20.018207550048828
2001-10-26,39.03333282470703,39.426666259765625,20.147663116455078
2001-10-29,39.33333206176758,38.60333251953125,19.7269287109375
2001-10-30,38.366668701171875,38.16666793823242,19.5037841796875
2001-10-31,38.633331298828125,38.27333450317383,19.558292388916016
2001-11-01,38.79999923706055,39.08000183105469,19.970508575439453
2001-11-02,38.99333190917969,39.07666778564453,19.968809127807617
2001-11-05,39.133331298828125,39.46666717529297,20.168106079101562
2001-11-06,39.5,39.87666702270508,20.37761688232422
2001-11-07,39.29999923706055,39.516666412353516,20.19365119934082
2001-11-08,39.766666412353516,39.79999923706055,20.33843994140625
2001-11-09,39.43333435058594,39.733333587646484,20.304370880126953
2001-11-12,39.16666793823242,39.20000076293945,20.031831741333008
2001-11-13,39.43333435058594,39.560001373291016,20.215797424316406
2001-11-14,39.733333587646484,39.599998474121094,20.23624038696289
2001-11-15,39.58333206176758,39.77000045776367,20.3231143951416
2001-11-16,40.0,39.99333190917969,20.437236785888672
2001-11-19,40.400001525878906,40.19333267211914,20.539443969726562
2001-11-20,40.16666793823242,39.91666793823242,20.398067474365234
2001-11-21,39.93333435058594,39.813331604003906,20.345258712768555
2001-11-23,39.79999923706055,39.939998626708984,20.40998649597168
2001-11-26,40.29999923706055,40.32666778564453,20.60757827758789
2001-11-27,40.08333206176758,40.01333236694336,20.44745445251465
2001-11-28,39.33333206176758,39.31666564941406,20.09145164489746
2001-11-29,39.483333587646484,39.4033317565918,20.1357421875
2001-11-30,39.46666717529297,39.5533332824707,20.21239471435547
2001-12-03,39.099998474121094,39.21666717529297,20.04034996032715
2001-12-04,39.400001525878906,39.77333450317383,20.324813842773438
2001-12-05,40.28333282470703,40.72999954223633,20.813682556152344
2001-12-06,40.66666793823242,40.856666564941406,20.87841796875
2001-12-07,40.366668701171875,40.2400016784668,20.563289642333984
2001-12-10,39.46666717529297,39.46666717529297,20.168106079101562
2001-12-11,39.599998474121094,39.54666519165039,20.208980560302734
2001-12-12,39.83333206176758,39.709999084472656,20.29245376586914
2001-12-13,39.0,38.77000045776367,19.81209373474121
2001-12-14,39.0,38.99333190917969,19.926225662231445
2001-12-17,39.16666793823242,39.456668853759766,20.162996292114258
2001-12-18,39.616668701171875,39.563331604003906,20.217496871948242
2001-12-19,39.0,39.150001525878906,20.006282806396484
2001-12-20,39.0,38.959999084472656,19.909189224243164
2001-12-21,39.03333282470703,39.15666580200195,20.009689331054688
2001-12-24,38.79999923706055,38.983333587646484,19.935026168823242
2001-12-26,38.66666793823242,38.95000076293945,19.917978286743164
2001-12-27,39.33333206176758,39.46666717529297,20.182191848754883
2001-12-28,39.70000076293945,39.779998779296875,20.342422485351562
2001-12-31,39.810001373291016,39.766666412353516,20.33560562133789
2002-01-02,39.95000076293945,39.98666763305664,20.44810676574707
2002-01-03,40.03333282470703,40.3466682434082,20.632198333740234
2002-01-04,40.66666793823242,40.61333465576172,20.768573760986328
2002-01-07,40.24333190917969,40.073333740234375,20.492427825927734
2002-01-08,39.53333282470703,39.616668701171875,20.258899688720703
2002-01-09,39.606666564941406,39.20000076293945,20.045825958251953
2002-01-10,39.29666519165039,39.293331146240234,20.09355354309082
2002-01-11,39.349998474121094,39.06999969482422,19.979352951049805
2002-01-14,38.849998474121094,38.68000030517578,19.779911041259766
2002-01-15,38.83333206176758,38.650001525878906,19.76456642150879
2002-01-16,38.133331298828125,37.970001220703125,19.416839599609375
2002-01-17,38.58333206176758,38.516666412353516,19.696388244628906
2002-01-18,38.400001525878906,38.5,19.687862396240234
2002-01-22,38.543331146240234,38.04999923706055,19.457748413085938
2002-01-23,38.22666549682617,38.150001525878906,19.508882522583008
2002-01-24,38.53666687011719,38.356666564941406,19.614574432373047
2002-01-25,37.96666717529297,37.810001373291016,19.33501625061035
2002-01-28,38.133331298828125,38.163333892822266,19.515705108642578
2002-01-29,37.849998474121094,37.10333251953125,18.973644256591797
2002-01-30,37.150001525878906,37.51333236694336,19.183303833007812
2002-01-31,37.616668701171875,37.46666717529297,19.159442901611328
2002-02-01,37.65666580200195,37.383331298828125,19.116836547851562
2002-02-04,37.483333587646484,37.07666778564453,18.960004806518555
2002-02-05,36.70000076293945,36.336666107177734,18.58159065246582
2002-02-06,36.233333587646484,36.28333282470703,18.554323196411133
2002-02-07,36.599998474121094,36.686668395996094,18.760576248168945
2002-02-08,37.03333282470703,37.18000030517578,19.012853622436523
2002-02-11,37.41666793823242,37.633331298828125,19.24467658996582
2002-02-12,37.516666412353516,37.616668701171875,19.236154556274414
2002-02-13,37.71666717529297,37.66666793823242,19.26171875
2002-02-14,37.83333206176758,37.96666717529297,19.415132522583008
2002-02-15,38.06666564941406,37.733333587646484,19.295808792114258
2002-02-19,37.073333740234375,36.93333435058594,18.88671112060547
2002-02-20,36.83333206176758,37.099998474121094,18.97193717956543
2002-02-21,37.116668701171875,36.8466682434082,18.84239387512207
2002-02-22,37.06666564941406,37.11333465576172,18.978757858276367
2002-02-25,37.29999923706055,37.58000183105469,19.217405319213867
2002-02-26,37.45333480834961,37.366668701171875,19.10831069946289
2002-02-27,37.83333206176758,37.78333282470703,19.32138442993164
2002-02-28,37.8466682434082,37.91666793823242,19.389558792114258
2002-03-01,38.246665954589844,38.633331298828125,19.756046295166016
2002-03-04,39.16666793823242,39.95333480834961,20.431058883666992
2002-03-05,39.516666412353516,39.51333236694336,20.2060604095459
2002-03-06,39.599998474121094,39.92333221435547,20.415719985961914
2002-03-07,40.75,40.543331146240234,20.732769012451172
2002-03-08,40.93333435058594,40.60333251953125,20.76345443725586
2002-03-11,40.68333435058594,40.66666793823242,20.79583168029785
2002-03-12,39.93333435058594,40.20000076293945,20.557199478149414
2002-03-13,40.0,39.766666412353516,20.33560562133789
2002-03-14,40.099998474121094,40.15999984741211,20.53673553466797
2002-03-15,40.33333206176758,40.606666564941406,20.76515769958496
2002-03-18,40.633331298828125,40.560001373291016,20.741294860839844
2002-03-19,40.79999923706055,40.76333236694336,20.84527015686035
2002-03-20,40.483333587646484,40.2400016784668,20.57765007019043
2002-03-21,40.33000183105469,40.34333419799805,20.630496978759766
2002-03-22,40.186668395996094,39.98666763305664,20.44810676574707
2002-03-25,40.099998474121094,39.49333190917969,20.19582748413086
2002-03-26,39.75,39.74333190917969,20.323667526245117
2002-03-27,39.83333206176758,39.8033332824707,20.354352951049805
2002-03-28,40.21666717529297,40.03333282470703,20.47196388244629
2002-04-01,40.03333282470703,40.25666809082031,20.586172103881836
2002-04-02,40.20000076293945,40.099998474121094,20.506067276000977
2002-04-03,40.27000045776367,40.106666564941406,20.50946807861328
2002-04-04,40.099998474121094,40.04999923706055,20.48048973083496
2002-04-05,40.25,40.04999923706055,20.48048973083496
2002-04-08,39.483333587646484,39.586666107177734,20.243558883666992
2002-04-09,39.633331298828125,39.526668548583984,20.212873458862305
2002-04-10,39.81666564941406,40.043331146240234,20.477081298828125
2002-04-11,39.79999923706055,39.1533317565918,20.021961212158203
2002-04-12,39.43333435058594,39.5533332824707,20.22650718688965
2002-04-15,39.866668701171875,39.83333206176758,20.36969757080078
2002-04-16,40.266666412353516,40.58000183105469,20.75152587890625
2002-04-17,40.900001525878906,40.633331298828125,20.778799057006836
2002-04-18,40.91666793823242,40.76333236694336,20.84527015686035
2002-04-19,40.78333282470703,40.926666259765625,20.92879295349121
2002-04-22,40.483333587646484,40.63999938964844,20.782201766967773
2002-04-23,40.54999923706055,40.53333282470703,20.727659225463867
2002-04-24,40.81666564941406,40.33333206176758,20.62538719177246
2002-04-25,40.400001525878906,40.70000076293945,20.812885284423828
2002-04-26,40.78333282470703,40.34000015258789,20.62879180908203
2002-04-29,40.46666717529297,40.233333587646484,20.574247360229492
2002-04-30,40.349998474121094,40.643333435058594,20.783912658691406
2002-05-01,40.65999984741211,40.856666564941406,20.893001556396484
2002-05-02,41.0,40.746665954589844,20.836750030517578
2002-05-03,41.0,41.02333450317383,20.978227615356445
2002-05-06,40.87333297729492,40.599998474121094,20.76174545288086
2002-05-07,40.616668701171875,40.06666564941406,20.4890193939209
2002-05-08,40.56666564941406,40.95000076293945,20.940725326538086
2002-05-09,40.70000076293945,40.75,20.838457107543945
2002-05-10,40.883331298828125,40.413333892822266,20.666296005249023
2002-05-13,40.65999984741211,41.01333236694336,20.973114013671875
2002-05-14,41.06666564941406,41.060001373291016,20.996986389160156
2002-05-15,41.12666702270508,41.233333587646484,21.085617065429688
2002-05-16,41.400001525878906,41.44333267211914,21.19300651550293
2002-05-17,41.83333206176758,41.813331604003906,21.38222312927246
2002-05-20,41.766666412353516,41.599998474121094,21.27311897277832
2002-05-21,41.70000076293945,41.53666687011719,21.2407283782959
2002-05-22,41.41666793823242,41.616668701171875,21.281648635864258
2002-05-23,41.266666412353516,41.65666580200195,21.302095413208008
2002-05-24,41.41666793823242,41.383331298828125,21.162324905395508
2002-05-28,41.483333587646484,41.29999923706055,21.119709014892578
2002-05-29,41.21666717529297,41.2599983215332,21.09925079345703
2002-05-30,41.06666564941406,41.07666778564453,21.005504608154297
2002-05-31,41.116668701171875,40.86000061035156,20.89470672607422
2002-06-03,41.03333282470703,40.78333282470703,20.855501174926758
2002-06-04,40.349998474121094,40.54999923706055,20.736177444458008
2002-06-05,40.29999923706055,40.46666717529297,20.693561553955078
2002-06-06,40.46333312988281,40.06666564941406,20.4890193939209
2002-06-07,39.66666793823242,39.75,20.32708168029785
2002-06-10,39.93333435058594,39.880001068115234,20.393558502197266
2002-06-11,40.0,39.68333435058594,20.292999267578125
2002-06-12,39.383331298828125,39.46333312988281,20.18048667907715
2002-06-13,38.78333282470703,38.79999923706055,19.841272354125977
2002-06-14,38.15666580200195,38.35333251953125,19.612865447998047
2002-06-17,38.48666763305664,38.959999084472656,19.923093795776367
2002-06-18,38.733333587646484,39.0533332824707,19.9708309173584
2002-06-19,38.206668853759766,38.0,19.432180404663086
2002-06-20,38.08333206176758,37.823333740234375,19.341842651367188
2002-06-21,37.866668701171875,37.866668701171875,19.36400032043457
2002-06-24,37.78333282470703,37.869998931884766,19.365699768066406
2002-06-25,38.21666717529297,37.900001525878906,19.38104820251465
2002-06-26,37.400001525878906,37.90666580200195,19.384449005126953
2002-06-27,38.46666717529297,38.84333419799805,19.863439559936523
2002-06-28,39.266666412353516,39.516666412353516,20.207763671875
2002-07-01,39.599998474121094,39.20000076293945,20.045825958251953
2002-07-02,38.849998474121094,38.483333587646484,19.67934226989746
2002-07-03,38.03333282470703,38.116668701171875,19.49184226989746
2002-07-05,39.043331146240234,39.5966682434082,20.248676300048828
2002-07-08,39.56666564941406,39.56666564941406,20.233322143554688
2002-07-09,39.560001373291016,39.08333206176758,19.986162185668945
2002-07-10,39.0,37.98666763305664,19.425357818603516
2002-07-11,37.33333206176758,37.83333206176758,19.34694480895996
2002-07-12,37.81666564941406,37.31666564941406,19.082740783691406
2002-07-15,37.06666564941406,36.880001068115234,18.85944175720215
2002-07-16,35.9900016784668,36.16666793823242,18.494659423828125
2002-07-17,37.04999923706055,37.08333206176758,18.963420867919922
2002-07-18,37.37666702270508,37.22999954223633,19.038421630859375
2002-07-19,36.33333206176758,35.913333892822266,18.365110397338867
2002-07-22,35.53333282470703,34.616668701171875,17.702035903930664
2002-07-23,34.233333587646484,33.633331298828125,17.199180603027344
2002-07-24,32.599998474121094,34.836666107177734,17.81453514099121
2002-07-25,34.12666702270508,34.46666717529297,17.625322341918945
2002-07-26,34.16666793823242,34.46666717529297,17.625322341918945
2002-07-29,35.099998474121094,36.116668701171875,18.46908950805664
2002-07-30,35.599998474121094,35.88666534423828,18.351476669311523
2002-07-31,35.45000076293945,35.75,18.28159523010254
2002-08-01,35.04999923706055,34.5,17.64237403869629
2002-08-02,34.599998474121094,34.366668701171875,17.574188232421875
2002-08-05,34.18333435058594,33.20000076293945,16.977588653564453
2002-08-06,33.573333740234375,33.926666259765625,17.349185943603516
2002-08-07,34.776668548583984,34.58333206176758,17.68498420715332
2002-08-08,34.616668701171875,35.366668701171875,18.085561752319336
2002-08-09,34.83333206176758,35.70000076293945,18.256019592285156
2002-08-12,35.133331298828125,35.29999923706055,18.051471710205078
2002-08-13,34.79999923706055,34.96333312988281,17.879304885864258
2002-08-14,35.43333435058594,35.78333282470703,18.29863739013672
2002-08-15,35.86000061035156,36.06666564941406,18.443525314331055
2002-08-16,35.766666412353516,36.06666564941406,18.443525314331055
2002-08-19,35.95000076293945,36.71666717529297,18.775917053222656
2002-08-20,36.06666564941406,35.733333587646484,18.273067474365234
2002-08-21,36.5099983215332,36.633331298828125,18.733295440673828
2002-08-22,36.58333206176758,36.7400016784668,18.787845611572266
2002-08-23,36.393333435058594,36.28333282470703,18.554323196411133
2002-08-26,36.529998779296875,36.45000076293945,18.63954734802246
2002-08-27,36.883331298828125,36.77000045776367,18.80318260192871
2002-08-28,36.16666793823242,35.766666412353516,18.290117263793945
2002-08-29,35.22666549682617,35.41666793823242,18.111129760742188
2002-08-30,35.16666793823242,35.400001525878906,18.102609634399414
2002-09-03,34.599998474121094,34.016666412353516,17.395212173461914
2002-09-04,34.043331146240234,34.02333450317383,17.39862060546875
2002-09-05,33.543331146240234,33.766666412353516,17.267364501953125
2002-09-06,34.43333435058594,34.2599983215332,17.519641876220703
2002-09-09,34.0,34.106666564941406,17.44123077392578
2002-09-10,34.45000076293945,34.366668701171875,17.574188232421875
2002-09-11,34.82666778564453,34.686668395996094,17.73783302307129
2002-09-12,34.563331604003906,34.11333465576172,17.444644927978516
2002-09-13,33.53333282470703,33.27333450317383,17.01508903503418
2002-09-16,33.28333282470703,33.0,16.875314712524414
2002-09-17,33.29999923706055,32.83333206176758,16.790084838867188
2002-09-18,32.81666564941406,32.81666564941406,16.78156280517578
2002-09-19,32.4033317565918,32.25,16.49178123474121
2002-09-20,32.46666717529297,32.073333740234375,16.401443481445312
2002-09-23,31.700000762939453,30.933332443237305,15.818479537963867
2002-09-24,30.366666793823242,30.433332443237305,15.562785148620605
2002-09-25,31.266666412353516,31.200000762939453,15.954842567443848
2002-09-26,32.06666564941406,32.29999923706055,16.517356872558594
2002-09-27,32.29999923706055,32.290000915527344,16.512239456176758
2002-09-30,31.649999618530273,31.733333587646484,16.227577209472656
2002-10-01,31.78333282470703,32.5099983215332,16.624736785888672
2002-10-02,31.816667556762695,32.063331604003906,16.396326065063477
2002-10-03,32.150001525878906,31.709999084472656,16.21564292907715
2002-10-04,31.616666793823242,31.166667938232422,15.93779468536377
2002-10-07,30.60333251953125,30.399999618530273,15.545745849609375
2002-10-08,30.739999771118164,30.479999542236328,15.586655616760254
2002-10-09,29.950000762939453,30.0,15.34118938446045
2002-10-10,30.049999237060547,30.700000762939453,15.699152946472168
2002-10-11,31.46666717529297,31.816667556762695,16.270187377929688
2002-10-14,31.47333335876465,31.0,15.852564811706543
2002-10-15,32.6966667175293,33.16666793823242,16.960542678833008
2002-10-16,32.66666793823242,32.58333206176758,16.6622371673584
2002-10-17,33.43333435058594,33.04999923706055,16.900880813598633
2002-10-18,32.70000076293945,32.78333282470703,16.764516830444336
2002-10-21,32.82666778564453,33.25,17.003158569335938
2002-10-22,32.59333419799805,32.869998931884766,16.808828353881836
2002-10-23,32.5,32.56666564941406,16.65371322631836
2002-10-24,32.893333435058594,32.25,16.49178123474121
2002-10-25,32.43333435058594,32.79999923706055,16.773040771484375
2002-10-28,33.28333282470703,32.95000076293945,16.849748611450195
2002-10-29,32.733333587646484,32.21666717529297,16.474742889404297
2002-10-30,32.45000076293945,32.733333587646484,16.73894691467285
2002-10-31,33.04666519165039,32.95000076293945,16.849748611450195
2002-11-01,32.96666717529297,33.46333312988281,17.112247467041016
2002-11-04,33.84000015258789,33.900001525878906,17.335554122924805
2002-11-05,33.91666793823242,34.41666793823242,17.599760055541992
2002-11-06,34.25,34.43333435058594,17.608278274536133
2002-11-07,33.983333587646484,33.849998474121094,17.309972763061523
2002-11-08,33.61000061035156,33.56666564941406,17.16508674621582
2002-11-11,33.310001373291016,32.90999984741211,16.82929039001465
2002-11-12,33.349998474121094,33.516666412353516,17.1395263671875
2002-11-13,33.08333206176758,33.133331298828125,16.94349479675293
2002-11-14,33.77333450317383,33.87333297729492,17.32191276550293
2002-11-15,33.766666412353516,34.383331298828125,17.582712173461914
2002-11-18,34.31666564941406,33.95000076293945,17.361116409301758
2002-11-19,33.893333435058594,33.633331298828125,17.199180603027344
2002-11-20,33.516666412353516,34.099998474121094,17.437820434570312
2002-11-21,34.5,34.93333435058594,17.863971710205078
2002-11-22,34.70000076293945,34.766666412353516,17.778736114501953
2002-11-25,34.41666793823242,34.496665954589844,17.640668869018555
2002-11-26,34.15999984741211,33.689998626708984,17.228158950805664
2002-11-27,34.18333435058594,34.62333297729492,17.70543670654297
2002-11-29,34.79999923706055,34.79999923706055,17.79578399658203
2002-12-02,35.16666793823242,34.973331451416016,17.884418487548828
2002-12-03,34.47666549682617,34.35333251953125,17.567367553710938
2002-12-04,34.026668548583984,34.1966667175293,17.487255096435547
2002-12-05,34.16666793823242,33.813331604003906,17.291223526000977
2002-12-06,33.516666412353516,34.04999923706055,17.412256240844727
2002-12-09,33.65999984741211,33.176666259765625,16.965656280517578
2002-12-10,33.483333587646484,33.62666702270508,17.19577407836914
2002-12-11,33.45000076293945,33.58333206176758,17.173622131347656
2002-12-12,33.41666793823242,33.516666412353516,17.1395263671875
2002-12-13,33.22666549682617,33.20000076293945,16.977588653564453
2002-12-16,33.483333587646484,33.91666793823242,17.344070434570312
2002-12-17,33.68333435058594,33.746665954589844,17.25713539123535
2002-12-18,33.06666564941406,33.03333282470703,16.892358779907227
2002-12-19,32.79666519165039,33.21666717529297,16.986106872558594
2002-12-20,33.07666778564453,33.41666793823242,17.08838653564453
2002-12-23,32.900001525878906,32.849998474121094,17.119998931884766
2002-12-24,32.96666717529297,32.790000915527344,17.08873748779297
2002-12-26,32.99333190917969,32.900001525878906,17.146060943603516
2002-12-27,32.616668701171875,32.383331298828125,16.876792907714844
2002-12-30,32.75666809082031,32.866668701171875,17.128690719604492
2002-12-31,33.20000076293945,33.003334045410156,17.199914932250977
2003-01-02,33.279998779296875,33.70000076293945,17.56298828125
2003-01-03,33.766666412353516,33.733333587646484,17.580366134643555
2003-01-06,33.70000076293945,34.150001525878906,17.797502517700195
2003-01-07,33.61000061035156,33.616668701171875,17.519556045532227
2003-01-08,32.93333435058594,33.15999984741211,17.281557083129883
2003-01-09,33.13666534423828,33.56666564941406,17.49349594116211
2003-01-10,33.47666549682617,33.52333450317383,17.470911026000977
2003-01-13,33.78333282470703,33.59333419799805,17.50739860534668
2003-01-14,33.633331298828125,33.849998474121094,17.641157150268555
2003-01-15,33.69333267211914,33.526668548583984,17.472654342651367
2003-01-16,33.70000076293945,33.66666793823242,17.545610427856445
2003-01-17,33.46666717529297,33.313331604003906,17.361469268798828
2003-01-21,32.93333435058594,32.72666549682617,17.055723190307617
2003-01-22,32.28333282470703,32.266666412353516,16.815990447998047
2003-01-23,32.83333206176758,32.49333190917969,16.934118270874023
2003-01-24,32.54999923706055,32.150001525878906,16.75519561767578
2003-01-27,31.450000762939453,31.293333053588867,16.308732986450195
2003-01-28,31.383333206176758,31.426666259765625,16.37822151184082
2003-01-29,31.100000381469727,31.350000381469727,16.33826446533203
2003-01-30,31.623332977294922,31.329999923706055,16.327842712402344
2003-01-31,31.316667556762695,31.583332061767578,16.459875106811523
2003-02-03,31.863332748413086,32.08000183105469,16.71871566772461
2003-02-04,31.540000915527344,31.616666793823242,16.477245330810547
2003-02-05,31.760000228881836,31.670000076293945,16.505035400390625
2003-02-06,31.34000015258789,31.363332748413086,16.34521484375
2003-02-07,31.316667556762695,30.90999984741211,16.10895538330078
2003-02-10,30.969999313354492,31.016666412353516,16.164546966552734
2003-02-11,31.016666412353516,31.166667938232422,16.242719650268555
2003-02-12,31.093332290649414,30.836666107177734,16.070743560791016
2003-02-13,31.066667556762695,31.290000915527344,16.3070011138916
2003-02-14,31.329999923706055,31.586666107177734,16.461606979370117
2003-02-18,31.899999618530273,32.04999923706055,16.703081130981445
2003-02-19,31.639999389648438,31.299999237060547,16.312206268310547
2003-02-20,31.633333206176758,31.333332061767578,16.32958221435547
2003-02-21,31.233333587646484,31.53333282470703,16.433809280395508
2003-02-24,31.336666107177734,31.149999618530273,16.234033584594727
2003-02-25,30.666667938232422,30.766666412353516,16.034255981445312
2003-02-26,30.399999618530273,30.399999618530273,15.843171119689941
2003-02-27,30.40999984741211,30.44333267211914,15.865751266479492
2003-02-28,30.74333381652832,30.916667938232422,16.112430572509766
2003-03-03,31.293333053588867,31.049999237060547,16.181921005249023
2003-03-04,30.833332061767578,30.600000381469727,15.947400093078613
2003-03-05,30.600000381469727,30.649999618530273,15.973455429077148
2003-03-06,30.299999237060547,30.299999237060547,15.79105281829834
2003-03-07,29.916667938232422,30.079999923706055,15.676398277282715
2003-03-10,29.399999618530273,29.246667861938477,15.242097854614258
2003-03-11,29.266666412353516,29.149999618530273,15.191720008850098
2003-03-12,28.913333892822266,28.81333351135254,15.016271591186523
2003-03-13,29.253332138061523,29.636667251586914,15.445347785949707
2003-03-14,29.823333740234375,29.78333282470703,15.521785736083984
2003-03-17,29.60333251953125,30.623332977294922,15.959562301635742
2003-03-18,30.796667098999023,30.753332138061523,16.027305603027344
2003-03-19,30.833332061767578,30.916667938232422,16.112430572509766
2003-03-20,30.893333435058594,31.113332748413086,16.214929580688477
2003-03-21,31.536666870117188,31.866666793823242,16.607524871826172
2003-03-24,31.25,30.833332061767578,16.068998336791992
2003-03-25,30.799999237060547,31.176666259765625,16.247934341430664
2003-03-26,31.366666793823242,31.19333267211914,16.256616592407227
2003-03-27,30.913333892822266,30.983333587646484,16.147178649902344
2003-03-28,30.600000381469727,30.78333282470703,16.04294776916504
2003-03-31,30.25,30.200000762939453,15.738935470581055
2003-04-01,30.56333351135254,30.670000076293945,15.983880996704102
2003-04-02,31.066667556762695,31.176666259765625,16.247934341430664
2003-04-03,31.213333129882812,31.003332138061523,16.1575984954834
2003-04-04,31.266666412353516,31.420000076293945,16.3747501373291
2003-04-07,32.22999954223633,31.82666778564453,16.586681365966797
2003-04-08,31.843332290649414,31.833332061767578,16.590158462524414
2003-04-09,31.996667861938477,31.713333129882812,16.52762222290039
2003-04-10,31.733333587646484,31.549999237060547,16.442495346069336
2003-04-11,31.700000762939453,31.3700008392334,16.348691940307617
2003-04-14,31.56999969482422,31.84666633605957,16.597108840942383
2003-04-15,32.0966682434082,32.28333282470703,16.82468032836914
2003-04-16,32.206668853759766,32.06999969482422,16.713497161865234
2003-04-17,32.39666748046875,32.53333282470703,16.95496940612793
2003-04-21,32.43333435058594,32.41999816894531,16.895904541015625
2003-04-22,32.20333480834961,32.88999938964844,17.14084243774414
2003-04-23,32.96666717529297,33.18000030517578,17.2919864654541
2003-04-24,33.0,32.91999816894531,17.156476974487305
2003-04-25,32.43333435058594,32.336666107177734,16.852468490600586
2003-04-28,32.54999923706055,32.90999984741211,17.151269912719727
2003-04-29,33.08333206176758,33.099998474121094,17.250288009643555
2003-04-30,33.37666702270508,33.27000045776367,17.338884353637695
2003-05-01,33.35333251953125,33.40666580200195,17.410114288330078
2003-05-02,33.310001373291016,33.6966667175293,17.56125259399414
2003-05-05,34.03333282470703,33.95333480834961,17.69501304626465
2003-05-06,34.29999923706055,34.66999816894531,18.068506240844727
2003-05-07,34.44333267211914,34.349998474121094,17.901729583740234
2003-05-08,33.913333892822266,33.83333206176758,17.63247299194336
2003-05-09,33.93333435058594,34.2599983215332,17.85483169555664
2003-05-12,34.33333206176758,34.53333282470703,17.997282028198242
2003-05-13,34.3033332824707,34.529998779296875,17.99554443359375
2003-05-14,34.813331604003906,34.540000915527344,18.000755310058594
2003-05-15,34.75666809082031,34.599998474121094,18.032026290893555
2003-05-16,34.776668548583984,35.026668548583984,18.25438690185547
2003-05-19,34.65999984741211,34.08000183105469,17.761028289794922
2003-05-20,34.233333587646484,34.41999816894531,17.93821907043457
2003-05-21,34.119998931884766,34.063331604003906,17.752338409423828
2003-05-22,34.28333282470703,34.52000045776367,17.990337371826172
2003-05-23,34.58333206176758,34.71666717529297,18.092830657958984
2003-05-27,34.54999923706055,35.016666412353516,18.24917221069336
2003-05-28,35.03333282470703,35.18333435058594,18.336034774780273
2003-05-29,35.233333587646484,35.349998474121094,18.42289161682129
2003-05-30,35.46666717529297,35.41666793823242,18.4576358795166
2003-06-02,35.779998779296875,35.746665954589844,18.629621505737305
2003-06-03,35.746665954589844,35.83333206176758,18.674785614013672
2003-06-04,35.650001525878906,36.04999923706055,18.787702560424805
2003-06-05,36.223331451416016,36.413333892822266,18.977054595947266
2003-06-06,36.79999923706055,36.633331298828125,19.091707229614258
2003-06-09,36.46666717529297,36.369998931884766,18.954471588134766
2003-06-10,36.53666687011719,36.663333892822266,19.107349395751953
2003-06-11,36.81666564941406,37.266666412353516,19.42177963256836
2003-06-12,37.40999984741211,37.366668701171875,19.473896026611328
2003-06-13,37.426666259765625,37.150001525878906,19.360977172851562
2003-06-16,37.43000030517578,37.69333267211914,19.644142150878906
2003-06-17,37.93000030517578,37.77000045776367,19.684091567993164
2003-06-18,37.56666564941406,37.663333892822266,19.62850570678711
2003-06-19,37.33333206176758,37.21666717529297,19.395721435546875
2003-06-20,37.43333435058594,37.266666412353516,19.42177963256836
2003-06-23,37.11000061035156,36.85333251953125,19.20636749267578
2003-06-24,36.49333190917969,36.563331604003906,19.055234909057617
2003-06-25,36.58000183105469,36.20000076293945,18.86587905883789
2003-06-26,36.34333419799805,36.366668701171875,18.95273208618164
2003-06-27,36.40999984741211,36.09333419799805,18.810285568237305
2003-06-30,36.5099983215332,36.10333251953125,18.815500259399414
2003-07-01,36.0,36.31666564941406,18.926677703857422
2003-07-02,36.663333892822266,37.03333282470703,19.300172805786133
2003-07-03,36.86333465576172,36.83333206176758,19.195940017700195
2003-07-07,37.276668548583984,37.5099983215332,19.548583984375
2003-07-08,37.150001525878906,37.33333206176758,19.45652198791504
2003-07-09,37.246665954589844,37.13999938964844,19.355762481689453
2003-07-10,36.71666717529297,36.95000076293945,19.25674057006836
2003-07-11,36.79666519165039,36.869998931884766,19.215049743652344
2003-07-14,37.28333282470703,37.266666412353516,19.42177963256836
2003-07-15,37.41666793823242,36.91666793823242,19.23937225341797
2003-07-16,36.913333892822266,36.63999938964844,19.095186233520508
2003-07-17,36.12666702270508,36.06666564941406,18.796388626098633
2003-07-18,36.28333282470703,36.633331298828125,19.091707229614258
2003-07-21,36.4466667175293,36.35333251953125,18.94578742980957
2003-07-22,36.45000076293945,36.266666412353516,18.900615692138672
2003-07-23,36.59333419799805,36.8033332824707,19.180307388305664
2003-07-24,37.21666717529297,36.86333465576172,19.211578369140625
2003-07-25,37.26333236694336,37.32666778564453,19.453048706054688
2003-07-28,37.31999969482422,37.42333221435547,19.503427505493164
2003-07-29,37.5966682434082,37.266666412353516,19.42177963256836
2003-07-30,37.29999923706055,36.956668853759766,19.260217666625977
2003-07-31,37.0966682434082,36.650001525878906,19.10039710998535
2003-08-01,36.66666793823242,36.643333435058594,19.096923828125
2003-08-04,36.89666748046875,36.75,19.152511596679688
2003-08-05,36.746665954589844,36.40666580200195,18.97358512878418
2003-08-06,36.516666412353516,36.349998474121094,18.94405174255371
2003-08-07,36.66666793823242,36.56666564941406,19.056962966918945
2003-08-08,36.71666717529297,36.68000030517578,19.11603546142578
2003-08-11,36.94333267211914,37.03333282470703,19.300172805786133
2003-08-12,37.186668395996094,37.189998626708984,19.381826400756836
2003-08-13,37.1966667175293,37.21666717529297,19.395721435546875
2003-08-14,37.56666564941406,37.746665954589844,19.671934127807617
2003-08-15,37.71333312988281,37.65999984741211,19.626766204833984
2003-08-18,37.64666748046875,38.18333435058594,19.899499893188477
2003-08-19,38.08333206176758,38.099998474121094,19.856077194213867
2003-08-20,38.063331604003906,38.029998779296875,19.81959342956543
2003-08-21,38.11333465576172,38.099998474121094,19.856077194213867
2003-08-22,38.22999954223633,37.880001068115234,19.741422653198242
2003-08-25,37.81666564941406,37.72666549682617,19.661508560180664
2003-08-26,37.543331146240234,37.529998779296875,19.559009552001953
2003-08-27,37.61333465576172,37.5966682434082,19.5937557220459
2003-08-28,37.66666793823242,37.81666564941406,19.708412170410156
2003-08-29,37.7400016784668,37.856666564941406,19.72925567626953
2003-09-02,38.016666412353516,38.43000030517578,20.028053283691406
2003-09-03,38.776668548583984,38.93333435058594,20.290374755859375
2003-09-04,38.84333419799805,38.88666534423828,20.266056060791016
2003-09-05,38.926666259765625,38.96333312988281,20.306005477905273
2003-09-08,39.09000015258789,39.13666534423828,20.396339416503906
2003-09-09,39.133331298828125,39.21333312988281,20.43629264831543
2003-09-10,39.150001525878906,38.81666564941406,20.229564666748047
2003-09-11,39.03333282470703,39.03333282470703,20.34248924255371
2003-09-12,39.25666809082031,39.20000076293945,20.42934799194336
2003-09-15,39.33333206176758,39.313331604003906,20.48841094970703
2003-09-16,39.57666778564453,39.70333480834961,20.691659927368164
2003-09-17,39.936668395996094,39.96333312988281,20.827163696289062
2003-09-18,40.426666259765625,40.383331298828125,21.046043395996094
2003-09-19,40.143333435058594,40.233333587646484,20.967880249023438
2003-09-22,40.08000183105469,39.779998779296875,20.73162269592285
2003-09-23,39.78666687011719,39.869998931884766,20.778520584106445
2003-09-24,40.08333206176758,39.676666259765625,20.677766799926758
2003-09-25,39.81666564941406,39.16666793823242,20.41197967529297
2003-09-26,39.27000045776367,39.0,20.325117111206055
2003-09-29,39.2599983215332,39.5,20.5856990814209
2003-09-30,39.5533332824707,39.0,20.325117111206055
2003-10-01,39.37333297729492,40.279998779296875,20.99220085144043
2003-10-02,40.246665954589844,40.21666717529297,20.95919418334961
2003-10-03,40.913333892822266,40.8033332824707,21.26494026184082
2003-10-06,40.926666259765625,41.22999954223633,21.4872989654541
2003-10-07,41.01333236694336,41.16666793823242,21.454296112060547
2003-10-08,41.28333282470703,40.996665954589844,21.365694046020508
2003-10-09,41.33000183105469,41.279998779296875,21.513349533081055
2003-10-10,41.663333892822266,41.45333480834961,21.603689193725586
2003-10-13,41.793331146240234,41.86333465576172,21.817365646362305
2003-10-14,41.709999084472656,42.08333206176758,21.93201446533203
2003-10-15,41.92333221435547,41.68333435058594,21.723560333251953
2003-10-16,41.793331146240234,41.93333435058594,21.85384178161621
2003-10-17,41.939998626708984,41.71666717529297,21.740922927856445
2003-10-20,41.9466667175293,42.163333892822266,21.973705291748047
2003-10-21,42.063331604003906,42.02000045776367,21.89900779724121
2003-10-22,41.66666793823242,41.61000061035156,21.685333251953125
2003-10-23,40.83000183105469,41.08333206176758,21.41085433959961
2003-10-24,41.05666732788086,41.163333892822266,21.452547073364258
2003-10-27,41.16666793823242,41.3466682434082,21.548091888427734
2003-10-28,41.560001373291016,41.83333206176758,21.80173110961914
2003-10-29,41.86333465576172,41.78333282470703,21.775667190551758
2003-10-30,42.26333236694336,41.83000183105469,21.799989700317383
2003-10-31,41.46666717529297,41.53333282470703,21.6453800201416
2003-11-03,42.08333206176758,41.74333190917969,21.754823684692383
2003-11-04,42.029998779296875,41.973331451416016,21.87468719482422
2003-11-05,41.663333892822266,41.733333587646484,21.749610900878906
2003-11-06,41.55666732788086,41.366668701171875,21.558521270751953
2003-11-07,41.83333206176758,41.75,21.758289337158203
2003-11-10,41.89666748046875,41.4033317565918,21.577632904052734
2003-11-11,41.31666564941406,41.246665954589844,21.49598503112793
2003-11-12,41.61000061035156,42.106666564941406,21.94417953491211
2003-11-13,42.246665954589844,42.3466682434082,22.069255828857422
2003-11-14,42.06999969482422,42.060001373291016,21.91985511779785
2003-11-17,41.64666748046875,41.336666107177734,21.542879104614258
2003-11-18,41.56666564941406,41.5,21.62800407409668
2003-11-19,41.5,41.599998474121094,21.68012237548828
2003-11-20,41.313331604003906,41.33333206176758,21.541149139404297
2003-11-21,41.650001525878906,41.779998779296875,21.773923873901367
2003-11-24,41.83000183105469,42.09333419799805,21.937223434448242
2003-11-25,42.18000030517578,42.15999984741211,21.971973419189453
2003-11-26,42.54666519165039,42.516666412353516,22.15785026550293
2003-11-28,42.663333892822266,42.58333206176758,22.192602157592773
2003-12-01,43.266666412353516,43.426666259765625,22.63210105895996
2003-12-02,43.33333206176758,43.529998779296875,22.685956954956055
2003-12-03,43.766666412353516,43.616668701171875,22.731124877929688
2003-12-04,43.913333892822266,43.71666717529297,22.783233642578125
2003-12-05,43.663333892822266,43.4033317565918,22.61994743347168
2003-12-08,43.663333892822266,43.766666412353516,22.80929946899414
2003-12-09,44.040000915527344,43.58333206176758,22.713754653930664
2003-12-10,43.45000076293945,43.27000045776367,22.550453186035156
2003-12-11,43.29666519165039,43.75,22.800613403320312
2003-12-12,43.96333312988281,43.893333435058594,22.87531280517578
2003-12-15,44.39666748046875,43.599998474121094,22.722440719604492
2003-12-16,43.66666793823242,44.0,23.013586044311523
2003-12-17,43.996665954589844,43.89666748046875,22.95954132080078
2003-12-18,44.246665954589844,44.54999923706055,23.301267623901367
2003-12-19,44.5966682434082,44.29999923706055,23.170499801635742
2003-12-22,44.08000183105469,44.06666564941406,23.323638916015625
2003-12-23,44.0966682434082,44.15999984741211,23.373044967651367
2003-12-24,44.20000076293945,44.266666412353516,23.429506301879883
2003-12-26,44.37666702270508,44.186668395996094,23.38715934753418
2003-12-29,44.6966667175293,44.93000030517578,23.780590057373047
2003-12-30,44.79999923706055,45.016666412353516,23.826461791992188
2003-12-31,45.41666793823242,45.59333419799805,24.131675720214844
2004-01-02,45.60333251953125,45.71666717529297,24.196962356567383
2004-01-05,46.33000183105469,46.5966682434082,24.662731170654297
2004-01-06,46.5966682434082,46.66666793823242,24.69977569580078
2004-01-07,46.16666793823242,46.20000076293945,24.452777862548828
2004-01-08,46.913333892822266,46.86333465576172,24.803865432739258
2004-01-09,46.630001068115234,46.56666564941406,24.64684295654297
2004-01-12,46.6966667175293,46.5533332824707,24.639787673950195
2004-01-13,46.79666519165039,46.28333282470703,24.49689483642578
2004-01-14,46.6533317565918,46.68333435058594,24.70859146118164
2004-01-15,46.630001068115234,46.400001525878906,24.55863380432129
2004-01-16,46.3466682434082,46.233333587646484,24.470415115356445
2004-01-20,46.75,46.733333587646484,24.735055923461914
2004-01-21,46.959999084472656,47.29999923706055,25.03498649597168
2004-01-22,47.45000076293945,47.33000183105469,25.050865173339844
2004-01-23,47.1966667175293,46.823333740234375,24.782699584960938
2004-01-26,46.91999816894531,46.973331451416016,24.86208724975586
2004-01-27,47.05666732788086,46.766666412353516,24.75270652770996
2004-01-28,46.90999984741211,46.16666793823242,24.435136795043945
2004-01-29,46.16666793823242,46.22666549682617,24.466888427734375
2004-01-30,45.99333190917969,46.106666564941406,24.403379440307617
2004-02-02,46.04666519165039,46.0,24.3469181060791
2004-02-03,46.23666763305664,46.08333206176758,24.39103126525879
2004-02-04,45.913333892822266,45.58333206176758,24.126384735107422
2004-02-05,46.1533317565918,45.77333450317383,24.22695541381836
2004-02-06,46.413333892822266,46.63666534423828,24.683897018432617
2004-02-09,47.33333206176758,46.93000030517578,24.839155197143555
2004-02-10,47.03666687011719,47.133331298828125,24.946767807006836
2004-02-11,47.05666732788086,47.66666793823242,25.229053497314453
2004-02-12,47.33000183105469,47.25,25.008522033691406
2004-02-13,47.71333312988281,47.189998626708984,24.976768493652344
2004-02-17,48.08000183105469,48.099998474121094,25.458404541015625
2004-02-18,48.11333465576172,47.43333435058594,25.105558395385742
2004-02-19,48.06999969482422,47.75,25.273168563842773
2004-02-20,47.79999923706055,47.16666793823242,24.964414596557617
2004-02-23,47.55666732788086,47.29999923706055,25.03498649597168
2004-02-24,46.93000030517578,47.116668701171875,24.937957763671875
2004-02-25,47.0966682434082,46.766666412353516,24.75270652770996
2004-02-26,46.663333892822266,46.78333282470703,24.761524200439453
2004-02-27,47.119998931884766,47.16666793823242,24.964414596557617
2004-03-01,47.663333892822266,47.79999923706055,25.299623489379883
2004-03-02,47.53666687011719,47.03333282470703,24.893840789794922
2004-03-03,46.893333435058594,46.93333435058594,24.84091567993164
2004-03-04,46.92333221435547,47.08333206176758,24.920310974121094
2004-03-05,47.1966667175293,47.633331298828125,25.211416244506836
2004-03-08,47.61333465576172,47.32666778564453,25.04909324645996
2004-03-09,47.4466667175293,47.0,24.876203536987305
2004-03-10,46.880001068115234,46.246665954589844,24.477474212646484
2004-03-11,45.766666412353516,45.496665954589844,24.080520629882812
2004-03-12,45.68000030517578,45.89666748046875,24.292226791381836
2004-03-15,45.45333480834961,45.116668701171875,23.87938690185547
2004-03-16,45.70333480834961,45.53333282470703,24.09992790222168
2004-03-17,46.246665954589844,46.483333587646484,24.60273551940918
2004-03-18,46.4466667175293,46.46666717529297,24.593917846679688
2004-03-19,46.29666519165039,45.866668701171875,24.27635383605957
2004-03-22,45.68000030517578,45.27000045776367,23.96054458618164
2004-03-23,45.766666412353516,45.616668701171875,24.144027709960938
2004-03-24,45.57666778564453,45.436668395996094,24.048748016357422
2004-03-25,45.91999816894531,46.29999923706055,24.505708694458008
2004-03-26,46.26333236694336,46.099998474121094,24.399850845336914
2004-03-29,46.62666702270508,46.766666412353516,24.75270652770996
2004-03-30,46.68000030517578,46.866668701171875,24.80562973022461
2004-03-31,47.14666748046875,47.20000076293945,24.982057571411133
2004-04-01,47.470001220703125,47.82666778564453,25.31374168395996
2004-04-02,47.74333190917969,47.96333312988281,25.386079788208008
2004-04-05,47.663333892822266,47.96333312988281,25.386079788208008
2004-04-06,47.779998779296875,47.81666564941406,25.308452606201172
2004-04-07,47.96333312988281,47.88999938964844,25.347259521484375
2004-04-08,47.996665954589844,47.790000915527344,25.294328689575195
2004-04-12,47.996665954589844,48.099998474121094,25.458404541015625
2004-04-13,47.79666519165039,47.483333587646484,25.132022857666016
2004-04-14,46.64666748046875,46.99333190917969,24.87267303466797
2004-04-15,46.650001525878906,46.66666793823242,24.69977569580078
2004-04-16,46.89666748046875,47.16666793823242,24.964414596557617
2004-04-19,47.12666702270508,47.21666717529297,24.99087142944336
2004-04-20,47.31666564941406,46.56666564941406,24.64684295654297
2004-04-21,46.686668395996094,46.883331298828125,24.814453125
2004-04-22,46.72999954223633,47.21666717529297,24.99087142944336
2004-04-23,47.11333465576172,47.150001525878906,24.955589294433594
2004-04-26,47.45000076293945,47.13666534423828,24.94852638244629
2004-04-27,47.003334045410156,47.18333435058594,24.973236083984375
2004-04-28,47.003334045410156,46.313331604003906,24.51275634765625
2004-04-29,46.313331604003906,45.81666564941406,24.249887466430664
2004-04-30,46.26333236694336,45.599998474121094,24.135208129882812
2004-05-03,45.96333312988281,46.06666564941406,24.3822078704834
2004-05-04,46.64666748046875,46.6533317565918,24.692712783813477
2004-05-05,46.95000076293945,47.16666793823242,24.964414596557617
2004-05-06,46.5,46.16666793823242,24.435136795043945
2004-05-07,45.686668395996094,44.91666793823242,23.773534774780273
2004-05-10,43.78333282470703,43.766666412353516,23.164859771728516
2004-05-11,43.836666107177734,44.08333206176758,23.33246612548828
2004-05-12,44.46333312988281,44.366668701171875,23.482433319091797
2004-05-13,43.9466667175293,43.900001525878906,23.235431671142578
2004-05-14,43.9466667175293,43.86333465576172,23.216032028198242
2004-05-17,43.27000045776367,43.383331298828125,22.96196746826172
2004-05-18,43.779998779296875,43.84333419799805,23.205446243286133
2004-05-19,44.79666519165039,44.276668548583984,23.434797286987305
2004-05-20,44.27000045776367,44.33333206176758,23.464786529541016
2004-05-21,45.163333892822266,44.65999984741211,23.637683868408203
2004-05-24,45.11333465576172,44.9466667175293,23.789413452148438
2004-05-25,44.95000076293945,45.616668701171875,24.144027709960938
2004-05-26,45.62333297729492,45.53333282470703,24.09992790222168
2004-05-27,46.29666519165039,46.400001525878906,24.55863380432129
2004-05-28,46.36333465576172,46.119998931884766,24.410429000854492
2004-06-01,46.220001220703125,46.22999954223633,24.468650817871094
2004-06-02,46.529998779296875,46.36333465576172,24.539222717285156
2004-06-03,46.029998779296875,45.91666793823242,24.302814483642578
2004-06-04,46.3466682434082,46.46666717529297,24.593917846679688
2004-06-07,47.163333892822266,47.49333190917969,25.137306213378906
2004-06-08,47.233333587646484,47.22666549682617,24.996177673339844
2004-06-09,46.96333312988281,46.41666793823242,24.567462921142578
2004-06-10,46.83000183105469,46.96666717529297,24.858558654785156
2004-06-14,46.08000183105469,45.836666107177734,24.260469436645508
2004-06-15,46.46333312988281,46.650001525878906,24.69095802307129
2004-06-16,46.650001525878906,46.633331298828125,24.6821346282959
2004-06-17,46.686668395996094,46.93333435058594,24.84091567993164
2004-06-18,46.88999938964844,47.016666412353516,24.885019302368164
2004-06-21,47.06666564941406,46.849998474121094,24.79680824279785
2004-06-22,46.746665954589844,46.869998931884766,24.807392120361328
2004-06-23,46.78333282470703,47.16666793823242,24.964414596557617
2004-06-24,47.3466682434082,47.349998474121094,25.061452865600586
2004-06-25,47.13666534423828,47.176666259765625,24.969709396362305
2004-06-28,47.68333435058594,47.46666717529297,25.123197555541992
2004-06-29,47.3033332824707,47.366668701171875,25.070270538330078
2004-06-30,47.529998779296875,47.66666793823242,25.229053497314453
2004-07-01,47.529998779296875,47.06666564941406,24.91149139404297
2004-07-02,47.10333251953125,47.33000183105469,25.050865173339844
2004-07-06,46.8466682434082,46.54999923706055,24.63802719116211
2004-07-07,46.97999954223633,47.099998474121094,24.92912483215332
2004-07-08,46.913333892822266,46.79999923706055,24.770347595214844
2004-07-09,47.18000030517578,47.1966667175293,24.980295181274414
2004-07-12,47.20000076293945,47.33333206176758,25.05263328552246
2004-07-13,47.21666717529297,47.099998474121094,24.92912483215332
2004-07-14,46.73666763305664,46.83333206176758,24.787988662719727
2004-07-15,46.68000030517578,46.25,24.479244232177734
2004-07-16,46.79999923706055,46.62333297729492,24.676834106445312
2004-07-19,46.79666519165039,46.65999984741211,24.696237564086914
2004-07-20,46.529998779296875,46.68333435058594,24.70859146118164
2004-07-21,46.813331604003906,45.66999816894531,24.17225456237793
2004-07-22,46.029998779296875,45.91666793823242,24.302814483642578
2004-07-23,45.663333892822266,45.06999969482422,23.85468864440918
2004-07-26,45.380001068115234,45.06999969482422,23.85468864440918
2004-07-27,45.1533317565918,45.349998474121094,24.002887725830078
2004-07-28,45.22999954223633,45.40999984741211,24.034645080566406
2004-07-29,45.39666748046875,45.46666717529297,24.06462860107422
2004-07-30,45.6966667175293,45.633331298828125,24.15284538269043
2004-08-02,45.630001068115234,45.849998474121094,24.267526626586914
2004-08-03,45.746665954589844,45.54999923706055,24.108745574951172
2004-08-04,45.163333892822266,45.543331146240234,24.10521697998047
2004-08-05,45.51333236694336,44.866668701171875,23.747066497802734
2004-08-06,45.313331604003906,44.79999923706055,23.7117862701416
2004-08-09,44.93000030517578,44.75,23.685317993164062
2004-08-10,45.133331298828125,45.116668701171875,23.87938690185547
2004-08-11,44.79999923706055,44.96666717529297,23.799999237060547
2004-08-12,44.83333206176758,44.46666717529297,23.53536033630371
2004-08-13,44.89666748046875,44.733333587646484,23.676498413085938
2004-08-16,44.70000076293945,45.18333435058594,23.9146785736084
2004-08-17,45.33000183105469,45.21666717529297,23.93231964111328
2004-08-18,44.95000076293945,45.560001373291016,24.114038467407227
2004-08-19,45.54666519165039,45.45333480834961,24.057579040527344
2004-08-20,45.36333465576172,45.66666793823242,24.170499801635742
2004-08-23,45.71333312988281,45.29666519165039,23.974658966064453
2004-08-24,45.516666412353516,45.28666687011719,23.969364166259766
2004-08-25,45.366668701171875,45.766666412353516,24.22341537475586
2004-08-26,45.68333435058594,45.79999923706055,24.24106788635254
2004-08-27,45.96666717529297,45.91666793823242,24.302814483642578
2004-08-30,45.733333587646484,45.75,24.214603424072266
2004-08-31,45.86000061035156,46.176666259765625,24.440420150756836
2004-09-01,46.20000076293945,46.21666717529297,24.461605072021484
2004-09-02,46.21666717529297,46.70000076293945,24.717422485351562
2004-09-03,46.23666763305664,46.08000183105469,24.38926124572754
2004-09-07,46.54999923706055,46.723331451416016,24.729764938354492
2004-09-08,46.400001525878906,46.70000076293945,24.717422485351562
2004-09-09,46.483333587646484,46.54999923706055,24.63802719116211
2004-09-10,46.81666564941406,46.900001525878906,24.823274612426758
2004-09-13,46.99333190917969,47.06666564941406,24.91149139404297
2004-09-14,47.130001068115234,47.18333435058594,24.973236083984375
2004-09-15,46.83333206176758,46.50666809082031,24.615089416503906
2004-09-16,46.53333282470703,46.813331604003906,24.77740478515625
2004-09-17,46.9466667175293,46.96666717529297,24.858558654785156
2004-09-20,46.599998474121094,46.67333221435547,24.703310012817383
2004-09-21,47.19333267211914,47.4033317565918,25.089685440063477
2004-09-22,47.016666412353516,46.633331298828125,24.6821346282959
2004-09-23,46.766666412353516,46.50666809082031,24.615089416503906
2004-09-24,46.66666793823242,46.56666564941406,24.64684295654297
2004-09-27,46.313331604003906,46.33333206176758,24.523344039916992
2004-09-28,46.70333480834961,46.78666687011719,24.76329231262207
2004-09-29,46.79999923706055,46.96666717529297,24.858558654785156
2004-09-30,47.099998474121094,47.133331298828125,24.946767807006836
2004-10-01,47.400001525878906,47.866668701171875,25.334909439086914
2004-10-04,47.95000076293945,47.939998626708984,25.37373161315918
2004-10-05,47.983333587646484,47.96666717529297,25.387842178344727
2004-10-06,47.883331298828125,48.14666748046875,25.48311424255371
2004-10-07,48.04999923706055,47.81666564941406,25.308452606201172
2004-10-08,48.133331298828125,48.150001525878906,25.484878540039062
2004-10-11,48.16666793823242,48.266666412353516,25.546621322631836
2004-10-12,47.43333435058594,47.71666717529297,25.25551414489746
2004-10-13,47.65999984741211,47.383331298828125,25.079090118408203
2004-10-14,47.59000015258789,47.133331298828125,24.946767807006836
2004-10-15,47.59333419799805,47.66999816894531,25.230819702148438
2004-10-18,47.65666580200195,47.86000061035156,25.331388473510742
2004-10-19,48.133331298828125,47.766666412353516,25.281984329223633
2004-10-20,47.83333206176758,47.95000076293945,25.379018783569336
2004-10-21,48.003334045410156,48.22999954223633,25.5272159576416
2004-10-22,48.25,47.93333435058594,25.37019920349121
2004-10-25,47.983333587646484,47.883331298828125,25.343732833862305
2004-10-26,48.04999923706055,48.150001525878906,25.484878540039062
2004-10-27,48.223331451416016,48.650001525878906,25.74951171875
2004-10-28,48.68333435058594,48.78333282470703,25.820079803466797
2004-10-29,48.779998779296875,48.78333282470703,25.820079803466797
2004-11-01,48.793331146240234,48.866668701171875,25.864198684692383
2004-11-02,49.1966667175293,49.246665954589844,26.065326690673828
2004-11-03,49.96333312988281,49.83000183105469,26.374065399169922
2004-11-04,49.93333435058594,50.526668548583984,26.74279022216797
2004-11-05,50.41666793823242,50.76333236694336,26.868064880371094
2004-11-08,50.29999923706055,50.40999984741211,26.681055068969727
2004-11-09,50.26333236694336,50.28333282470703,26.614009857177734
2004-11-10,50.380001068115234,50.186668395996094,26.562850952148438
2004-11-11,50.413333892822266,50.733333587646484,26.852182388305664
2004-11-12,50.86333465576172,51.33333206176758,27.169748306274414
2004-11-15,51.266666412353516,51.383331298828125,27.19621467590332
2004-11-16,51.040000915527344,50.95000076293945,26.96686363220215
2004-11-17,51.496665954589844,51.599998474121094,27.310894012451172
2004-11-18,51.47999954223633,51.483333587646484,27.249147415161133
2004-11-19,51.71333312988281,51.150001525878906,27.072723388671875
2004-11-22,50.9466667175293,51.29999923706055,27.15211296081543
2004-11-23,51.33333206176758,51.400001525878906,27.20503044128418
2004-11-24,51.496665954589844,51.633331298828125,27.328536987304688
2004-11-26,51.95000076293945,51.93333435058594,27.487323760986328
2004-11-29,52.28333282470703,52.099998474121094,27.575536727905273
2004-11-30,52.09333419799805,51.75,27.390283584594727
2004-12-01,52.099998474121094,52.650001525878906,27.866636276245117
2004-12-02,52.70000076293945,52.56666564941406,27.822534561157227
2004-12-03,52.630001068115234,52.880001068115234,27.988374710083008
2004-12-06,52.6966667175293,52.55666732788086,27.817241668701172
2004-12-07,52.866668701171875,52.27000045776367,27.665504455566406
2004-12-08,51.93333435058594,52.233333587646484,27.646108627319336
2004-12-09,51.599998474121094,52.016666412353516,27.531429290771484
2004-12-10,51.233333587646484,51.50666809082031,27.261491775512695
2004-12-13,51.95000076293945,52.28333282470703,27.672565460205078
2004-12-14,52.163333892822266,52.29999923706055,27.6813907623291
2004-12-15,52.56999969482422,52.616668701171875,27.849000930786133
2004-12-16,52.41666793823242,52.28333282470703,27.672565460205078
2004-12-17,52.14666748046875,52.133331298828125,27.59316635131836
2004-12-20,52.880001068115234,52.61000061035156,27.84546661376953
2004-12-21,52.746665954589844,52.97999954223633,28.04129981994629
2004-12-22,52.97999954223633,53.060001373291016,28.083648681640625
2004-12-23,52.563331604003906,52.599998474121094,28.267976760864258
2004-12-27,52.89666748046875,53.01333236694336,28.4901065826416
2004-12-28,53.15999984741211,53.366668701171875,28.679990768432617
2004-12-29,52.8033332824707,53.11000061035156,28.54206085205078
2004-12-30,53.21333312988281,53.116668701171875,28.545650482177734
2004-12-31,53.33333206176758,53.41666793823242,28.706865310668945
2005-01-03,53.39666748046875,53.03333282470703,28.5008602142334
2005-01-04,52.93000030517578,52.016666412353516,27.95448875427246
2005-01-05,52.06666564941406,51.983333587646484,27.93656349182129
2005-01-06,52.099998474121094,51.983333587646484,27.93656349182129
2005-01-07,52.51333236694336,51.75,27.811172485351562
2005-01-10,52.150001525878906,51.983333587646484,27.93656349182129
2005-01-11,52.130001068115234,51.883331298828125,27.882835388183594
2005-01-12,52.1966667175293,52.29999923706055,28.106754302978516
2005-01-13,52.14666748046875,51.849998474121094,27.864912033081055
2005-01-14,51.97999954223633,52.099998474121094,27.999271392822266
2005-01-18,51.849998474121094,52.13999938964844,28.020767211914062
2005-01-19,52.233333587646484,51.599998474121094,27.73056411743164
2005-01-20,51.46333312988281,51.25666809082031,27.546051025390625
2005-01-21,51.53333282470703,51.459999084472656,27.655330657958984
2005-01-24,51.61333465576172,51.54999923706055,27.70369529724121
2005-01-25,51.60333251953125,51.56666564941406,27.712642669677734
2005-01-26,52.163333892822266,52.189998626708984,28.047645568847656
2005-01-27,52.08000183105469,52.266666412353516,28.088836669921875
2005-01-28,52.1966667175293,52.150001525878906,28.026145935058594
2005-01-31,52.16666793823242,52.400001525878906,28.160491943359375
2005-02-01,52.383331298828125,52.72666549682617,28.336042404174805
2005-02-02,52.866668701171875,52.79999923706055,28.375459671020508
2005-02-03,52.46666717529297,52.51333236694336,28.22139549255371
2005-02-04,52.503334045410156,52.78333282470703,28.36650848388672
2005-02-07,52.68000030517578,52.45000076293945,28.187362670898438
2005-02-08,52.313331604003906,52.45000076293945,28.187362670898438
2005-02-09,52.45000076293945,52.31666564941406,28.11570930480957
2005-02-10,52.66666793823242,52.86000061035156,28.4077091217041
2005-02-11,52.9466667175293,53.22666549682617,28.604751586914062
2005-02-14,53.616668701171875,53.63999938964844,28.826881408691406
2005-02-15,53.68000030517578,54.0,29.02035140991211
2005-02-16,53.67333221435547,53.52333450317383,28.764179229736328
2005-02-17,53.689998626708984,53.633331298828125,28.82330894470215
2005-02-18,53.849998474121094,53.900001525878906,28.96662139892578
2005-02-22,54.016666412353516,53.77333450317383,28.898542404174805
2005-02-23,53.71333312988281,53.79999923706055,28.91286849975586
2005-02-24,53.86333465576172,53.883331298828125,28.957664489746094
2005-02-25,54.15999984741211,54.5099983215332,29.294443130493164
2005-02-28,54.56666564941406,54.383331298828125,29.226362228393555
2005-03-01,54.54666519165039,54.68333435058594,29.38758659362793
2005-03-02,54.06666564941406,54.27333450317383,29.16724967956543
2005-03-03,54.496665954589844,54.29999923706055,29.181583404541016
2005-03-04,54.81999969482422,55.25,29.69212532043457
2005-03-07,54.9466667175293,55.016666412353516,29.56673240661621
2005-03-08,55.24333190917969,55.16666793823242,29.647335052490234
2005-03-09,55.18000030517578,54.91666793823242,29.51299476623535
2005-03-10,55.163333892822266,55.0966682434082,29.609724044799805
2005-03-11,55.1966667175293,55.08333206176758,29.602556228637695
2005-03-14,54.813331604003906,54.90666580200195,29.507610321044922
2005-03-15,55.06666564941406,54.56666564941406,29.32488441467285
2005-03-16,54.900001525878906,54.630001068115234,29.358932495117188
2005-03-17,54.48666763305664,54.56666564941406,29.32488441467285
2005-03-18,54.5966682434082,54.456668853759766,29.265769958496094
2005-03-21,54.313331604003906,54.086666107177734,29.066926956176758
2005-03-22,54.0533332824707,53.46666717529297,28.733739852905273
2005-03-23,53.33000183105469,53.11000061035156,28.54206085205078
2005-03-24,53.19333267211914,53.099998474121094,28.536680221557617
2005-03-28,53.133331298828125,53.099998474121094,28.536680221557617
2005-03-29,52.83333206176758,52.54999923706055,28.241107940673828
2005-03-30,52.866668701171875,52.97999954223633,28.472190856933594
2005-03-31,53.33000183105469,52.956668853759766,28.45965576171875
2005-04-01,53.400001525878906,52.83333206176758,28.393373489379883
2005-04-04,52.65999984741211,52.849998474121094,28.40233612060547
2005-04-05,52.96666717529297,53.133331298828125,28.554595947265625
2005-04-06,53.150001525878906,53.28333282470703,28.635202407836914
2005-04-07,53.400001525878906,53.5,28.751651763916016
2005-04-08,53.5,53.5,28.751651763916016
2005-04-11,53.79666519165039,53.70000076293945,28.85914421081543
2005-04-12,53.383331298828125,53.83333206176758,28.930784225463867
2005-04-13,53.46666717529297,53.266666412353516,28.62626075744629
2005-04-14,53.106666564941406,52.56666564941406,28.250062942504883
2005-04-15,52.66666793823242,51.92333221435547,27.904325485229492
2005-04-18,51.79999923706055,51.733333587646484,27.80222511291504
2005-04-19,52.20000076293945,52.41999816894531,28.171241760253906
2005-04-20,52.106666564941406,51.75,27.811172485351562
2005-04-21,52.33333206176758,52.686668395996094,28.31454849243164
2005-04-22,52.599998474121094,52.5,28.214237213134766
2005-04-25,52.650001525878906,52.776668548583984,28.3629207611084
2005-04-26,52.400001525878906,52.116668701171875,28.00822639465332
2005-04-27,51.836666107177734,51.97666549682617,27.932985305786133
2005-04-28,51.65666580200195,51.276668548583984,27.556808471679688
2005-04-29,52.0,52.099998474121094,27.999271392822266
2005-05-02,52.016666412353516,52.08333206176758,27.990312576293945
2005-05-03,52.11000061035156,52.1966667175293,28.051223754882812
2005-05-04,52.45000076293945,52.81666564941406,28.384416580200195
2005-05-05,52.96666717529297,52.893333435058594,28.42561149597168
2005-05-06,52.883331298828125,52.663333892822266,28.302011489868164
2005-05-09,52.58333206176758,52.78333282470703,28.36650848388672
2005-05-10,52.366668701171875,52.04999923706055,27.972400665283203
2005-05-11,52.26333236694336,52.28333282470703,28.09779167175293
2005-05-12,51.9900016784668,51.633331298828125,27.748476028442383
2005-05-13,51.58333206176758,51.33333206176758,27.587251663208008
2005-05-16,51.150001525878906,51.540000915527344,27.698320388793945
2005-05-17,51.18333435058594,51.53333282470703,27.694734573364258
2005-05-18,51.54999923706055,52.116668701171875,28.00822639465332
2005-05-19,51.973331451416016,52.1533317565918,28.02793312072754
2005-05-20,51.83333206176758,51.93333435058594,27.909700393676758
2005-05-23,52.06666564941406,52.36333465576172,28.14078712463379
2005-05-24,52.25,52.22666549682617,28.06734275817871
2005-05-25,52.1966667175293,52.08333206176758,27.990312576293945
2005-05-26,52.00666809082031,52.116668701171875,28.00822639465332
2005-05-27,52.18333435058594,52.33333206176758,28.124666213989258
2005-05-31,51.96333312988281,51.650001525878906,27.757429122924805
2005-06-01,51.686668395996094,51.96333312988281,27.925819396972656
2005-06-02,52.086666107177734,52.40666580200195,28.164081573486328
2005-06-03,52.21666717529297,51.91666793823242,27.900754928588867
2005-06-06,52.206668853759766,52.2599983215332,28.085254669189453
2005-06-07,52.473331451416016,52.526668548583984,28.22856903076172
2005-06-08,52.81666564941406,52.33333206176758,28.124666213989258
2005-06-09,52.18000030517578,52.540000915527344,28.235729217529297
2005-06-10,52.630001068115234,52.34000015258789,28.12826156616211
2005-06-13,51.959999084472656,52.15999984741211,28.03150749206543
2005-06-14,52.119998931884766,52.099998474121094,27.999271392822266
2005-06-15,52.349998474121094,52.40999984741211,28.16586685180664
2005-06-16,52.599998474121094,52.58000183105469,28.257230758666992
2005-06-17,53.06999969482422,53.369998931884766,28.68178367614746
2005-06-20,52.869998931884766,52.869998931884766,28.413076400756836
2005-06-21,52.869998931884766,53.27000045776367,28.62804412841797
2005-06-22,53.150001525878906,53.11000061035156,28.54206085205078
2005-06-23,52.95000076293945,52.5099983215332,28.219614028930664
2005-06-24,52.689998626708984,52.5,28.214237213134766
2005-06-27,52.380001068115234,52.380001068115234,28.149742126464844
2005-06-28,52.349998474121094,52.68000030517578,28.31096839904785
2005-06-29,52.540000915527344,52.459999084472656,28.192731857299805
2005-06-30,52.5099983215332,52.38999938964844,28.155120849609375
2005-07-01,52.45000076293945,52.31999969482422,28.117494583129883
2005-07-05,51.95000076293945,52.380001068115234,28.149742126464844
2005-07-06,52.349998474121094,52.2400016784668,28.074504852294922
2005-07-07,51.279998779296875,51.95000076293945,27.918655395507812
2005-07-08,52.029998779296875,52.650001525878906,28.29484748840332
2005-07-11,52.790000915527344,53.029998779296875,28.499067306518555
2005-07-12,53.380001068115234,53.58000183105469,28.79463768005371
2005-07-13,53.18000030517578,53.150001525878906,28.563554763793945
2005-07-14,53.459999084472656,53.29999923706055,28.6441593170166
2005-07-15,53.099998474121094,53.15999984741211,28.568927764892578
2005-07-18,53.150001525878906,53.0099983215332,28.48832130432129
2005-07-19,52.88999938964844,53.130001068115234,28.552812576293945
2005-07-20,53.099998474121094,53.4900016784668,28.746273040771484
2005-07-21,53.68000030517578,53.599998474121094,28.805395126342773
2005-07-22,53.630001068115234,53.54999923706055,28.77853012084961
2005-07-25,53.380001068115234,53.400001525878906,28.697919845581055
2005-07-26,53.279998779296875,53.2400016784668,28.611934661865234
2005-07-27,53.61000061035156,53.849998474121094,28.93974494934082
2005-07-28,53.91999816894531,54.220001220703125,29.13858985900879
2005-07-29,54.130001068115234,53.959999084472656,28.99886131286621
2005-08-01,54.59000015258789,54.4900016784668,29.283687591552734
2005-08-02,54.79999923706055,54.880001068115234,29.493284225463867
2005-08-03,55.099998474121094,55.290000915527344,29.7136173248291
2005-08-04,54.959999084472656,54.84000015258789,29.471790313720703
2005-08-05,54.90999984741211,54.63999938964844,29.364294052124023
2005-08-08,55.099998474121094,54.77000045776367,29.434158325195312
2005-08-09,55.16999816894531,55.470001220703125,29.810359954833984
2005-08-10,56.029998779296875,55.849998474121094,30.014570236206055
2005-08-11,56.31999969482422,56.75,30.498241424560547
2005-08-12,56.400001525878906,56.400001525878906,30.310144424438477
2005-08-15,56.29999923706055,56.5,30.363887786865234
2005-08-16,56.29999923706055,55.88999938964844,30.036062240600586
2005-08-17,55.72999954223633,55.75,29.96082878112793
2005-08-18,55.31999969482422,55.150001525878906,29.638383865356445
2005-08-19,55.439998626708984,55.41999816894531,29.783483505249023
2005-08-22,55.95000076293945,56.029998779296875,30.111310958862305
2005-08-23,55.54999923706055,55.790000915527344,29.98232650756836
2005-08-24,55.599998474121094,55.20000076293945,29.665254592895508
2005-08-25,55.470001220703125,55.40999984741211,29.77810287475586
2005-08-26,55.59000015258789,55.22999954223633,29.681373596191406
2005-08-29,55.0,55.20000076293945,29.665254592895508
2005-08-30,54.97999954223633,55.040000915527344,29.579269409179688
2005-08-31,55.27000045776367,56.029998779296875,30.111310958862305
2005-09-01,56.470001220703125,56.70000076293945,30.471372604370117
2005-09-02,56.880001068115234,56.900001525878906,30.578861236572266
2005-09-06,57.400001525878906,57.599998474121094,30.955039978027344
2005-09-07,57.290000915527344,57.439998626708984,30.869054794311523
2005-09-08,57.16999816894531,57.0,30.632604598999023
2005-09-09,57.470001220703125,57.75,31.035667419433594
2005-09-12,57.36000061035156,57.29999923706055,30.793821334838867
2005-09-13,57.08000183105469,56.90999984741211,30.5842342376709
2005-09-14,57.08000183105469,56.95000076293945,30.605737686157227
2005-09-15,57.150001525878906,56.9900016784668,30.627227783203125
2005-09-16,57.380001068115234,57.630001068115234,30.97117805480957
2005-09-19,57.34000015258789,57.25,30.766944885253906
2005-09-20,57.5,57.040000915527344,30.654098510742188
2005-09-21,57.439998626708984,57.099998474121094,30.686342239379883
2005-09-22,57.04999923706055,57.040000915527344,30.654098510742188
2005-09-23,56.83000183105469,56.79999923706055,30.525114059448242
2005-09-26,57.31999969482422,57.41999816894531,30.858312606811523
2005-09-27,57.150001525878906,57.20000076293945,30.74008560180664
2005-09-28,57.70000076293945,57.790000915527344,31.057159423828125
2005-09-29,57.970001220703125,58.47999954223633,31.427963256835938
2005-09-30,57.970001220703125,58.099998474121094,31.223745346069336
2005-10-03,57.91999816894531,57.900001525878906,31.11627769470215
2005-10-04,57.9900016784668,57.52000045776367,30.912052154541016
2005-10-05,57.599998474121094,57.02000045776367,30.643348693847656
2005-10-06,57.0,56.75,30.498241424560547
2005-10-07,57.0,56.95000076293945,30.605737686157227
2005-10-10,56.9900016784668,56.66999816894531,30.455245971679688
2005-10-11,57.060001373291016,56.7400016784668,30.49287223815918
2005-10-12,56.849998474121094,56.36000061035156,30.288652420043945
2005-10-13,55.93000030517578,56.2400016784668,30.224172592163086
2005-10-14,56.310001373291016,56.77000045776367,30.508995056152344
2005-10-17,56.2400016784668,56.20000076293945,30.20267105102539
2005-10-18,55.7599983215332,55.54999923706055,29.853351593017578
2005-10-19,54.95000076293945,56.0,30.09518814086914
2005-10-20,55.439998626708984,54.720001220703125,29.40730094909668
2005-10-21,55.15999984741211,54.959999084472656,29.53628158569336
2005-10-24,55.220001220703125,55.81999969482422,29.998455047607422
2005-10-25,55.880001068115234,55.880001068115234,30.03069305419922
2005-10-26,55.95000076293945,55.779998779296875,29.976953506469727
2005-10-27,56.25,55.66999816894531,29.917835235595703
2005-10-28,55.79999923706055,56.150001525878906,30.175798416137695
2005-10-31,56.349998474121094,56.25,30.229541778564453
2005-11-01,56.689998626708984,56.72999954223633,30.48749351501465
2005-11-02,56.650001525878906,57.5099983215332,30.90667724609375
2005-11-03,57.58000183105469,57.47999954223633,30.89056396484375
2005-11-04,57.41999816894531,56.95000076293945,30.605737686157227
2005-11-07,57.04999923706055,57.279998779296875,30.783077239990234
2005-11-08,57.040000915527344,57.13999938964844,30.707836151123047
2005-11-09,56.869998931884766,57.099998474121094,30.686342239379883
2005-11-10,57.0,57.029998779296875,30.648717880249023
2005-11-11,56.9900016784668,57.33000183105469,30.809946060180664
2005-11-14,57.22999954223633,56.9900016784668,30.627227783203125
2005-11-15,56.65999984741211,56.68000030517578,30.460630416870117
2005-11-16,56.47999954223633,56.58000183105469,30.406883239746094
2005-11-17,57.0,57.54999923706055,30.928165435791016
2005-11-18,57.790000915527344,57.95000076293945,31.143136978149414
2005-11-21,57.9900016784668,58.029998779296875,31.186126708984375
2005-11-22,57.529998779296875,58.220001220703125,31.288249969482422
2005-11-23,58.20000076293945,58.5,31.438720703125
2005-11-25,58.13999938964844,57.939998626708984,31.13776969909668
2005-11-28,58.119998931884766,58.09000015258789,31.218374252319336
2005-11-29,58.16999816894531,58.0,31.170013427734375
2005-11-30,57.880001068115234,57.54999923706055,30.928165435791016
2005-12-01,58.16999816894531,58.630001068115234,31.50857925415039
2005-12-02,58.66999816894531,58.849998474121094,31.6268253326416
2005-12-05,59.209999084472656,59.11000061035156,31.766542434692383
2005-12-06,59.209999084472656,59.290000915527344,31.86328125
2005-12-07,59.209999084472656,58.900001525878906,31.6536922454834
2005-12-08,58.88999938964844,58.88999938964844,31.648311614990234
2005-12-09,59.25,59.47999954223633,31.965389251708984
2005-12-12,60.13999938964844,60.22999954223633,32.36845397949219
2005-12-13,60.15999984741211,60.52000045776367,32.5243034362793
2005-12-14,60.400001525878906,60.4900016784668,32.508174896240234
2005-12-15,60.279998779296875,59.93000030517578,32.20722198486328
2005-12-16,60.400001525878906,60.400001525878906,32.45980453491211
2005-12-19,60.66999816894531,60.290000915527344,32.40068817138672
2005-12-20,60.41999816894531,60.29999923706055,32.406070709228516
2005-12-21,60.58000183105469,60.59000015258789,32.56190872192383
2005-12-22,60.689998626708984,60.939998626708984,32.7500114440918
2005-12-23,59.58000183105469,59.79999923706055,32.73358917236328
2005-12-27,59.900001525878906,59.25,32.432525634765625
2005-12-28,59.84000015258789,59.68000030517578,32.66790008544922
2005-12-29,59.79999923706055,59.70000076293945,32.67884826660156
2005-12-30,59.349998474121094,59.43000030517578,32.53105926513672
2006-01-03,60.5,61.41999816894531,33.62034606933594
2006-01-04,61.650001525878906,61.93000030517578,33.8995246887207
2006-01-05,61.619998931884766,61.619998931884766,33.72983169555664
2006-01-06,62.15999984741211,62.45000076293945,34.18415832519531
2006-01-09,62.369998931884766,62.47999954223633,34.200584411621094
2006-01-10,61.4900016784668,61.91999816894531,33.894039154052734
2006-01-11,61.88999938964844,62.45000076293945,34.18415832519531
2006-01-12,62.099998474121094,61.939998626708984,33.90498733520508
2006-01-13,61.790000915527344,62.18000030517578,34.0363655090332
2006-01-17,61.189998626708984,61.400001525878906,33.609405517578125
2006-01-18,60.66999816894531,60.56999969482422,33.15507125854492
2006-01-19,60.93000030517578,61.2599983215332,33.532772064208984
2006-01-20,61.400001525878906,60.33000183105469,33.02370834350586
2006-01-23,60.970001220703125,61.16999816894531,33.48350524902344
2006-01-24,61.220001220703125,61.47999954223633,33.653194427490234
2006-01-25,61.70000076293945,61.689998626708984,33.76814651489258
2006-01-26,62.220001220703125,62.41999816894531,34.1677360534668
2006-01-27,62.88999938964844,62.75,34.34836959838867
2006-01-30,62.720001220703125,62.79999923706055,34.3757438659668
2006-01-31,62.86000061035156,62.86000061035156,34.40858459472656
2006-02-01,62.880001068115234,63.04999923706055,34.51258087158203
2006-02-02,62.77000045776367,62.34000015258789,34.12394332885742
2006-02-03,61.93000030517578,62.18000030517578,34.0363655090332
2006-02-06,62.36000061035156,62.09000015258789,33.987091064453125
2006-02-07,62.02000045776367,61.630001068115234,33.73530960083008
2006-02-08,61.5,61.849998474121094,33.85573196411133
2006-02-09,62.119998931884766,61.970001220703125,33.92141342163086
2006-02-10,62.18000030517578,61.83000183105469,33.844783782958984
2006-02-13,61.29999923706055,61.400001525878906,33.609405517578125
2006-02-14,61.29999923706055,62.08000183105469,33.98162078857422
2006-02-15,61.709999084472656,61.52000045776367,33.67509460449219
2006-02-16,61.58000183105469,62.11000061035156,33.998050689697266
2006-02-17,61.650001525878906,61.93000030517578,33.8995246887207
2006-02-21,62.150001525878906,61.939998626708984,33.90498733520508
2006-02-22,62.099998474121094,62.40999984741211,34.162254333496094
2006-02-23,62.72999954223633,62.56999969482422,34.24985885620117
2006-02-24,62.70000076293945,62.779998779296875,34.364784240722656
2006-02-27,62.91999816894531,63.0,34.48521423339844
2006-02-28,62.779998779296875,62.41999816894531,34.1677360534668
2006-03-01,62.869998931884766,63.060001373291016,34.518062591552734
2006-03-02,62.650001525878906,62.939998626708984,34.45237350463867
2006-03-03,62.47999954223633,62.68000030517578,34.310054779052734
2006-03-06,62.90999984741211,62.439998626708984,34.17868423461914
2006-03-07,61.75,61.68000030517578,33.762672424316406
2006-03-08,61.5099983215332,61.88999938964844,33.877628326416016
2006-03-09,62.18000030517578,61.81999969482422,33.83930206298828
2006-03-10,62.119998931884766,62.7599983215332,34.35383987426758
2006-03-13,63.119998931884766,63.279998779296875,34.63848114013672
2006-03-14,63.25,63.95000076293945,35.00523376464844
2006-03-15,64.05999755859375,64.18000030517578,35.13112258911133
2006-03-16,64.0999984741211,64.38999938964844,35.24607467651367
2006-03-17,64.5999984741211,64.69999694824219,35.415767669677734
2006-03-20,65.01000213623047,64.83000183105469,35.4869270324707
2006-03-21,64.52999877929688,64.16000366210938,35.120182037353516
2006-03-22,64.4800033569336,64.76000213623047,35.44861602783203
2006-03-23,64.4000015258789,63.97999954223633,35.02165222167969
2006-03-24,64.06999969482422,64.48999786376953,35.300819396972656
2006-03-27,64.36000061035156,64.37999725341797,35.24060821533203
2006-03-28,64.33999633789062,63.7599983215332,34.90122985839844
2006-03-29,64.05000305175781,64.5999984741211,35.36103820800781
2006-03-30,64.87000274658203,65.37999725341797,35.787994384765625
2006-03-31,65.05000305175781,64.91999816894531,35.53619384765625
2006-04-03,65.18000030517578,65.62999725341797,35.92483901977539
2006-04-04,65.80000305175781,66.1500015258789,36.20948028564453
2006-04-05,66.16999816894531,66.37000274658203,36.32990646362305
2006-04-06,66.44999694824219,66.43000030517578,36.36273956298828
2006-04-07,66.41999816894531,65.66999816894531,35.94673156738281
2006-04-10,65.8499984741211,65.79000091552734,36.01241683959961
2006-04-11,65.8499984741211,65.3499984741211,35.77157211303711
2006-04-12,65.16000366210938,65.02999877929688,35.59640121459961
2006-04-13,64.97000122070312,65.19999694824219,35.689456939697266
2006-04-17,65.56999969482422,65.5,35.85367965698242
2006-04-18,66.06999969482422,66.83999633789062,36.58717727661133
2006-04-19,66.62000274658203,67.30000305175781,36.8389778137207
2006-04-20,66.9800033569336,67.0,36.67475509643555
2006-04-21,67.44999694824219,67.44999694824219,36.92107009887695
2006-04-24,67.37999725341797,67.5199966430664,36.95939636230469
2006-04-25,67.69999694824219,67.4800033569336,36.93750762939453
2006-04-26,67.75,67.9000015258789,37.16740036010742
2006-04-27,67.13999938964844,68.0199966430664,37.23308563232422
2006-04-28,67.8499984741211,68.02999877929688,37.23855972290039
2006-05-01,68.69999694824219,68.0,37.222145080566406
2006-05-02,68.81999969482422,69.04000091552734,37.79141616821289
2006-05-03,68.77999877929688,68.62999725341797,37.566986083984375
2006-05-04,68.62999725341797,69.16000366210938,37.85710525512695
2006-05-05,69.6500015258789,70.22000122070312,38.43733215332031
2006-05-08,70.4000015258789,70.16000366210938,38.404502868652344
2006-05-09,70.31999969482422,70.58000183105469,38.63439178466797
2006-05-10,70.3499984741211,70.36000061035156,38.51396560668945
2006-05-11,70.33000183105469,69.6500015258789,38.12532043457031
2006-05-12,69.41999816894531,68.75,37.6326789855957
2006-05-15,67.87000274658203,68.16000366210938,37.309730529785156
2006-05-16,68.27999877929688,68.05999755859375,37.25498962402344
2006-05-17,67.61000061035156,65.88999938964844,36.06716537475586
2006-05-18,66.23999786376953,65.69000244140625,35.95768356323242
2006-05-19,65.6500015258789,66.0199966430664,36.13831329345703
2006-05-22,64.3499984741211,64.56999969482422,35.344608306884766
2006-05-23,65.12000274658203,64.58999633789062,35.35555648803711
2006-05-24,64.66000366210938,64.55000305175781,35.333675384521484
2006-05-25,64.97000122070312,65.41999816894531,35.80989074707031
2006-05-26,65.94999694824219,65.94999694824219,36.099998474121094
2006-05-30,65.5,64.94999694824219,35.552616119384766
2006-05-31,65.33000183105469,65.43000030517578,35.81535720825195
2006-06-01,64.75,65.8499984741211,36.045265197753906
2006-06-02,66.63999938964844,66.48999786376953,36.395599365234375
2006-06-05,66.25,65.05000305175781,35.607357025146484
2006-06-06,64.55000305175781,64.26000213623047,35.17491912841797
2006-06-07,63.95000076293945,63.380001068115234,34.69321823120117
2006-06-08,62.04999923706055,61.97999954223633,33.926883697509766
2006-06-09,62.540000915527344,61.90999984741211,33.88856506347656
2006-06-12,62.29999923706055,61.380001068115234,33.59846115112305
2006-06-13,60.29999923706055,59.459999084472656,32.5474739074707
2006-06-14,60.40999984741211,60.31999969482422,33.01823043823242
2006-06-15,61.5099983215332,62.400001525878906,34.156795501708984
2006-06-16,62.13999938964844,61.900001525878906,33.883087158203125
2006-06-19,62.189998626708984,61.59000015258789,33.713401794433594
2006-06-20,61.849998474121094,61.959999084472656,33.91594314575195
2006-06-21,62.0,62.7599983215332,34.35383987426758
2006-06-22,62.63999938964844,62.43000030517578,34.17321014404297
2006-06-23,62.06999969482422,62.25,34.07468795776367
2006-06-26,62.47999954223633,62.7400016784668,34.34291076660156
2006-06-27,62.68000030517578,61.58000183105469,33.70793533325195
2006-06-28,62.099998474121094,62.279998779296875,34.09109878540039
2006-06-29,62.810001373291016,64.58000183105469,35.35009002685547
2006-06-30,65.27999877929688,65.38999938964844,35.79347229003906
2006-07-03,65.5,65.7300033569336,35.979576110839844
2006-07-05,64.9000015258789,64.4800033569336,35.29533767700195
2006-07-06,64.88999938964844,65.16000366210938,35.66757583618164
2006-07-07,65.44000244140625,64.86000061035156,35.50334548950195
2006-07-10,65.4000015258789,65.4000015258789,35.798946380615234
2006-07-11,65.1500015258789,65.58000183105469,35.8974609375
2006-07-12,64.7699966430664,64.3499984741211,35.224178314208984
2006-07-13,63.75,63.220001220703125,34.60563659667969
2006-07-14,62.880001068115234,62.68000030517578,34.310054779052734
2006-07-17,61.630001068115234,61.79999923706055,33.82835006713867
2006-07-18,61.79999923706055,61.70000076293945,33.773624420166016
2006-07-19,63.4900016784668,63.220001220703125,34.60563659667969
2006-07-20,63.459999084472656,62.880001068115234,34.41953659057617
2006-07-21,63.27000045776367,62.880001068115234,34.41953659057617
2006-07-24,63.18000030517578,64.0199966430664,35.043548583984375
2006-07-25,64.05999755859375,64.0,35.03261184692383
2006-07-26,63.91999816894531,64.44999694824219,35.27891540527344
2006-07-27,65.41000366210938,64.8499984741211,35.49787902832031
2006-07-28,65.44999694824219,66.1500015258789,36.20948028564453
2006-07-31,65.94000244140625,65.91999816894531,36.08356857299805
2006-08-01,65.5,65.45999908447266,35.831783294677734
2006-08-02,65.81999969482422,66.18000030517578,36.22590255737305
2006-08-03,65.4800033569336,66.06999969482422,36.16568374633789
2006-08-04,66.54000091552734,66.12000274658203,36.19306182861328
2006-08-07,65.63999938964844,65.70999908447266,35.9686393737793
2006-08-08,65.69999694824219,65.4800033569336,35.84273910522461
2006-08-09,66.37000274658203,65.80000305175781,36.01789093017578
2006-08-10,65.7300033569336,65.94999694824219,36.099998474121094
2006-08-11,65.43000030517578,65.37999725341797,35.787994384765625
2006-08-14,65.88999938964844,65.5999984741211,35.90842056274414
2006-08-15,66.80000305175781,67.0199966430664,36.685707092285156
2006-08-16,67.55000305175781,67.62999725341797,37.01960754394531
2006-08-17,67.55000305175781,67.37999725341797,36.88276290893555
2006-08-18,67.55000305175781,67.66000366210938,37.03602600097656
2006-08-21,67.52999877929688,67.44999694824219,36.92107009887695
2006-08-22,67.19999694824219,67.26000213623047,36.817081451416016
2006-08-23,67.44999694824219,67.0199966430664,36.685707092285156
2006-08-24,67.3499984741211,66.83000183105469,36.58169937133789
2006-08-25,66.81999969482422,66.77999877929688,36.554325103759766
2006-08-28,66.83000183105469,67.05999755859375,36.70759201049805
2006-08-29,67.45999908447266,67.5999984741211,37.0031852722168
2006-08-30,67.87999725341797,67.5999984741211,37.0031852722168
2006-08-31,67.95999908447266,67.5999984741211,37.0031852722168
2006-09-01,67.81999969482422,68.0999984741211,37.276885986328125
2006-09-05,68.37999725341797,68.45999908447266,37.473934173583984
2006-09-06,67.68000030517578,67.30999755859375,36.84444808959961
2006-09-07,66.5999984741211,66.5,36.40106964111328
2006-09-08,66.4800033569336,66.5199966430664,36.412010192871094
2006-09-11,66.13999938964844,66.12000274658203,36.19306182861328
2006-09-12,66.37999725341797,66.87999725341797,36.60906982421875
2006-09-13,66.5999984741211,66.75,36.53791427612305
2006-09-14,66.87999725341797,66.83999633789062,36.58717727661133
2006-09-15,67.02999877929688,66.69999694824219,36.51054763793945
2006-09-18,66.5999984741211,66.9800033569336,36.66380310058594
2006-09-19,66.9000015258789,66.36000061035156,36.32442855834961
2006-09-20,66.9000015258789,67.01000213623047,36.680233001708984
2006-09-21,67.47000122070312,67.16999816894531,36.767799377441406
2006-09-22,67.30999755859375,66.83999633789062,36.58717727661133
2006-09-25,67.0,67.12000274658203,36.740440368652344
2006-09-26,66.80000305175781,67.27999877929688,36.828025817871094
2006-09-27,67.5,67.70999908447266,37.06340026855469
2006-09-28,67.87000274658203,67.9000015258789,37.16740036010742
2006-09-29,67.8499984741211,67.75,37.085304260253906
2006-10-02,68.05000305175781,67.94000244140625,37.189292907714844
2006-10-03,67.7699966430664,68.0,37.222145080566406
2006-10-04,67.83000183105469,68.6500015258789,37.57794189453125
2006-10-05,68.66999816894531,68.7300033569336,37.62173080444336
2006-10-06,68.2699966430664,68.12000274658203,37.28783416748047
2006-10-09,67.95999908447266,68.16999816894531,37.31520080566406
2006-10-10,68.33000183105469,68.25,37.358985900878906
2006-10-11,68.12999725341797,68.19999694824219,37.33161544799805
2006-10-12,68.43000030517578,68.93000030517578,37.73121643066406
2006-10-13,68.87999725341797,69.05000305175781,37.7968864440918
2006-10-16,69.22000122070312,69.30999755859375,37.939212799072266
2006-10-17,68.98999786376953,68.87999725341797,37.70383071899414
2006-10-18,69.19000244140625,69.05000305175781,37.7968864440918
2006-10-19,69.27999877929688,69.56999969482422,38.0815315246582
2006-10-20,69.79000091552734,69.79000091552734,38.20196533203125
2006-10-23,69.33999633789062,69.8499984741211,38.23480987548828
2006-10-24,69.63999938964844,69.86000061035156,38.240272521972656
2006-10-25,69.94999694824219,70.3499984741211,38.50849914550781
2006-10-26,70.72000122070312,70.88999938964844,38.804080963134766
2006-10-27,70.69999694824219,70.4000015258789,38.53586196899414
2006-10-30,70.18000030517578,70.25,38.45376205444336
2006-10-31,70.18000030517578,70.29000091552734,38.47564697265625
2006-11-01,70.91999816894531,70.16999816894531,38.40997314453125
2006-11-02,70.19000244140625,70.43000030517578,38.55228042602539
2006-11-03,70.44999694824219,70.16000366210938,38.404502868652344
2006-11-06,70.63999938964844,71.19999694824219,38.97377014160156
2006-11-07,71.4000015258789,71.27999877929688,39.01755142211914
2006-11-08,70.9000015258789,71.30000305175781,39.02851486206055
2006-11-09,71.01000213623047,70.94000244140625,38.831443786621094
2006-11-10,71.25,71.22000122070312,38.98472213745117
2006-11-13,70.87999725341797,70.7699966430664,38.73839569091797
2006-11-14,71.44000244140625,71.55000305175781,39.16535949707031
2006-11-15,71.0999984741211,71.52999877929688,39.15440368652344
2006-11-16,71.41999816894531,71.37999725341797,39.07229995727539
2006-11-17,70.62000274658203,71.16999816894531,38.95734786987305
2006-11-20,70.54000091552734,70.62999725341797,38.66176223754883
2006-11-21,70.79000091552734,70.9800033569336,38.85334396362305
2006-11-22,71.55999755859375,71.66999816894531,39.23104476928711
2006-11-24,71.43000030517578,71.29000091552734,39.02303695678711
2006-11-27,71.44999694824219,70.69999694824219,38.700077056884766
2006-11-28,70.80000305175781,71.33000183105469,39.04493713378906
2006-11-29,71.94999694824219,72.13999938964844,39.488319396972656
2006-11-30,72.5,72.44999694824219,39.65800857543945
2006-12-01,72.54000091552734,72.36000061035156,39.60873794555664
2006-12-04,72.30000305175781,72.83000183105469,39.86601638793945
2006-12-05,72.94000244140625,73.23999786376953,40.0904426574707
2006-12-06,72.94999694824219,73.08000183105469,40.00285720825195
2006-12-07,73.66000366210938,73.33000183105469,40.13969802856445
2006-12-08,73.44999694824219,73.1500015258789,40.041175842285156
2006-12-11,73.06999969482422,73.44999694824219,40.205387115478516
2006-12-12,73.55999755859375,73.75,40.36960220336914
2006-12-13,73.87999725341797,74.02999877929688,40.52287673950195
2006-12-14,74.12999725341797,74.33000183105469,40.68708038330078
2006-12-15,74.52999877929688,74.02999877929688,40.52287673950195
2006-12-18,74.30000305175781,73.91999816894531,40.46266174316406
2006-12-19,73.7699966430664,74.25,40.6432991027832
2006-12-20,74.52999877929688,74.12000274658203,40.57212829589844
2006-12-21,72.5999984741211,72.55000305175781,40.551456451416016
2006-12-22,72.80999755859375,72.37999725341797,40.4564208984375
2006-12-26,72.44999694824219,72.3499984741211,40.439659118652344
2006-12-27,72.86000061035156,73.25,40.942718505859375
2006-12-28,73.41000366210938,73.30000305175781,40.970664978027344
2006-12-29,73.18000030517578,73.22000122070312,40.92594528198242
2007-01-03,73.95999908447266,73.51000213623047,41.08803176879883
2007-01-04,73.30999755859375,73.30000305175781,40.970664978027344
2007-01-05,72.79000091552734,72.19999694824219,40.35581588745117
2007-01-08,72.47000122070312,72.30000305175781,40.411712646484375
2007-01-09,72.6500015258789,72.37000274658203,40.450843811035156
2007-01-10,71.69999694824219,71.81999969482422,40.1434211730957
2007-01-11,71.81999969482422,72.27999877929688,40.400535583496094
2007-01-12,72.61000061035156,73.0999984741211,40.85886764526367
2007-01-16,73.29000091552734,73.01000213623047,40.808563232421875
2007-01-17,72.91999816894531,73.05000305175781,40.8309211730957
2007-01-18,73.4000015258789,72.80000305175781,40.691192626953125
2007-01-19,73.12000274658203,73.69000244140625,41.18864822387695
2007-01-22,73.91999816894531,73.31999969482422,40.98183822631836
2007-01-23,73.6500015258789,73.97000122070312,41.345157623291016
2007-01-24,74.0999984741211,74.44999694824219,41.61345291137695
2007-01-25,74.12000274658203,73.23999786376953,40.93712615966797
2007-01-26,73.4000015258789,73.37999725341797,41.015380859375
2007-01-29,73.4000015258789,73.45999908447266,41.060089111328125
2007-01-30,73.7300033569336,73.95999908447266,41.33955764770508
2007-01-31,73.44999694824219,74.23999786376953,41.49606704711914
2007-02-01,74.73999786376953,74.86000061035156,41.84260559082031
2007-02-02,74.75,74.70999908447266,41.75877380371094
2007-02-05,74.29000091552734,74.47000122070312,41.6246223449707
2007-02-06,74.98999786376953,75.05000305175781,41.948822021484375
2007-02-07,75.18000030517578,75.26000213623047,42.066192626953125
2007-02-08,74.58999633789062,74.95999908447266,41.89850997924805
2007-02-09,75.06999969482422,74.63999938964844,41.71965026855469
2007-02-12,74.52999877929688,74.3499984741211,41.557552337646484
2007-02-13,74.83000183105469,75.30000305175781,42.088558197021484
2007-02-14,75.66000366210938,76.31999969482422,42.6586799621582
2007-02-15,76.38999938964844,76.41000366210938,42.708988189697266
2007-02-16,76.31999969482422,76.37999725341797,42.692203521728516
2007-02-20,76.31999969482422,76.48999786376953,42.75370788574219
2007-02-21,75.83999633789062,76.0999984741211,42.53570556640625
2007-02-22,76.27999877929688,76.44000244140625,42.72575378417969
2007-02-23,76.55000305175781,76.68000030517578,42.85988998413086
2007-02-26,77.16000366210938,76.72000122070312,42.88225555419922
2007-02-27,75.66000366210938,73.62999725341797,41.155113220214844
2007-02-28,74.0,74.1500015258789,41.445770263671875
2007-03-01,72.9800033569336,73.38999938964844,41.02096939086914
2007-03-02,72.9000015258789,72.4000015258789,40.467613220214844
2007-03-05,71.45999908447266,70.9000015258789,39.62919616699219
2007-03-06,72.44000244140625,73.0999984741211,40.85886764526367
2007-03-07,73.06999969482422,73.12000274658203,40.870052337646484
2007-03-08,73.7699966430664,73.9800033569336,41.35075378417969
2007-03-09,74.18000030517578,74.0999984741211,41.41781234741211
2007-03-12,74.13999938964844,74.58000183105469,41.68611145019531
2007-03-13,73.97000122070312,72.80000305175781,40.691192626953125
2007-03-14,72.33000183105469,72.83000183105469,40.70795440673828
2007-03-15,72.69999694824219,73.16000366210938,40.89239501953125
2007-03-16,73.43000030517578,73.25,40.942718505859375
2007-03-19,74.0199966430664,74.37999725341797,41.57432174682617
2007-03-20,74.23999786376953,75.01000213623047,41.92646026611328
2007-03-21,75.25,76.61000061035156,42.820777893066406
2007-03-22,76.58000183105469,76.31999969482422,42.6586799621582
2007-03-23,76.5,76.5,42.75929260253906
2007-03-26,76.47000122070312,76.52999877929688,42.77604675292969
2007-03-27,76.52999877929688,76.19000244140625,42.58600997924805
2007-03-28,75.70999908447266,75.5199966430664,42.21151351928711
2007-03-29,76.2699966430664,76.18000030517578,42.58042526245117
2007-03-30,76.16000366210938,76.30000305175781,42.64749526977539
2007-04-02,76.30000305175781,76.5,42.75929260253906
2007-04-03,76.81999969482422,77.13999938964844,43.11701965332031
2007-04-04,77.25,77.45999908447266,43.295875549316406
2007-04-05,77.5,77.73999786376953,43.45237731933594
2007-04-09,77.75,77.68000030517578,43.41884231567383
2007-04-10,78.05000305175781,78.26000213623047,43.743019104003906
2007-04-11,78.4000015258789,77.87999725341797,43.5306282043457
2007-04-12,77.68000030517578,78.4000015258789,43.8212776184082
2007-04-13,78.54000091552734,78.66000366210938,43.96660232543945
2007-04-16,79.25,79.48999786376953,44.4305305480957
2007-04-17,79.48999786376953,79.5,44.436119079589844
2007-04-18,79.30000305175781,79.47000122070312,44.419342041015625
2007-04-19,78.66000366210938,79.16999816894531,44.25165557861328
2007-04-20,79.81999969482422,80.08000183105469,44.760292053222656
2007-04-23,79.5999984741211,79.30000305175781,44.32433319091797
2007-04-24,79.19000244140625,79.25,44.29637908935547
2007-04-25,79.6500015258789,79.98999786376953,44.71000671386719
2007-04-26,79.94999694824219,79.62000274658203,44.503196716308594
2007-04-27,79.30000305175781,79.44999694824219,44.40818405151367
2007-04-30,79.41999816894531,79.16000366210938,44.246089935302734
2007-05-01,79.3499984741211,79.08000183105469,44.20136260986328
2007-05-02,79.30000305175781,79.68000030517578,44.536739349365234
2007-05-03,79.70999908447266,79.79000091552734,44.59821319580078
2007-05-04,80.19999694824219,80.54000091552734,45.017425537109375
2007-05-07,80.68000030517578,80.66000366210938,45.08449935913086
2007-05-08,80.05000305175781,80.0,44.715599060058594
2007-05-09,80.08000183105469,80.44000244140625,44.9615364074707
2007-05-10,79.70999908447266,78.8499984741211,44.072811126708984
2007-05-11,79.33999633789062,80.18000030517578,44.81621170043945
2007-05-14,80.69000244140625,79.87999725341797,44.64852523803711
2007-05-15,79.72000122070312,80.0199966430664,44.72676086425781
2007-05-16,80.12000274658203,80.13999938964844,44.793846130371094
2007-05-17,79.66999816894531,79.7300033569336,44.564674377441406
2007-05-18,80.13999938964844,80.33999633789062,44.90563201904297
2007-05-21,80.1500015258789,79.97000122070312,44.69882583618164
2007-05-22,80.38999938964844,80.04000091552734,44.73796463012695
2007-05-23,80.83999633789062,80.44999694824219,44.96712112426758
2007-05-24,80.4800033569336,79.68000030517578,44.536739349365234
2007-05-25,79.94999694824219,80.19000244140625,44.82179641723633
2007-05-29,80.5199966430664,80.29000091552734,44.87766647338867
2007-05-30,79.5999984741211,80.62999725341797,45.06773376464844
2007-05-31,80.9000015258789,81.02999877929688,45.29129409790039
2007-06-01,81.36000061035156,81.55999755859375,45.58754348754883
2007-06-04,81.52999877929688,81.77999877929688,45.71051025390625
2007-06-05,81.66999816894531,81.36000061035156,45.47574996948242
2007-06-06,81.05000305175781,80.19000244140625,44.82179641723633
2007-06-07,78.83000183105469,78.81999969482422,44.0560302734375
2007-06-08,79.04000091552734,79.68000030517578,44.536739349365234
2007-06-11,79.4800033569336,79.94999694824219,44.68762969970703
2007-06-12,79.08000183105469,78.52999877929688,43.893943786621094
2007-06-13,78.80000305175781,79.55000305175781,44.464073181152344
2007-06-14,79.68000030517578,80.13999938964844,44.793846130371094
2007-06-15,81.02999877929688,80.79000091552734,45.15715789794922
2007-06-18,81.41000366210938,81.23999786376953,45.40868377685547
2007-06-19,81.12000274658203,81.31999969482422,45.453399658203125
2007-06-20,81.66999816894531,80.36000061035156,44.91680908203125
2007-06-21,80.5,81.08999633789062,45.32483673095703
2007-06-22,80.80000305175781,79.97000122070312,44.69882583618164
2007-06-25,80.05999755859375,79.94999694824219,44.68762969970703
2007-06-26,80.41999816894531,79.55000305175781,44.464073181152344
2007-06-27,79.2699966430664,80.12000274658203,44.782657623291016
2007-06-28,80.27999877929688,80.18000030517578,44.81621170043945
2007-06-29,80.7699966430664,80.7699966430664,45.145965576171875
2007-07-02,81.44999694824219,81.94000244140625,45.79994201660156
2007-07-03,82.18000030517578,82.33000183105469,46.017940521240234
2007-07-05,82.19999694824219,81.91999816894531,45.78875732421875
2007-07-06,82.12000274658203,82.51000213623047,46.118553161621094
2007-07-09,82.77999877929688,82.70999908447266,46.230323791503906
2007-07-10,82.25,81.69999694824219,45.66579818725586
2007-07-11,82.0,82.47000122070312,46.096187591552734
2007-07-12,82.62000274658203,83.62000274658203,46.738983154296875
2007-07-13,83.11000061035156,83.55999755859375,46.70542526245117
2007-07-16,83.55999755859375,83.37000274658203,46.5992317199707
2007-07-17,83.2699966430664,83.08999633789062,46.44272232055664
2007-07-18,82.80000305175781,82.80000305175781,46.280635833740234
2007-07-19,83.4800033569336,83.2699966430664,46.5433349609375
2007-07-20,83.19999694824219,82.41000366210938,46.06264114379883
2007-07-23,82.98999786376953,82.91000366210938,46.342124938964844
2007-07-24,82.68000030517578,81.66000366210938,45.6434326171875
2007-07-25,81.95999908447266,81.44000244140625,45.520477294921875
2007-07-26,81.05000305175781,78.7300033569336,44.0057373046875
2007-07-27,78.6500015258789,77.63999938964844,43.396484375
2007-07-30,78.7699966430664,79.0199966430664,44.167823791503906
2007-07-31,79.7699966430664,78.91999816894531,44.1119270324707
2007-08-01,78.6500015258789,79.05000305175781,44.18461227416992
2007-08-02,79.0,79.29000091552734,44.31874084472656
2007-08-03,78.68000030517578,77.86000061035156,43.519439697265625
2007-08-06,78.29000091552734,78.70999908447266,43.99455642700195
2007-08-07,78.1500015258789,78.9800033569336,44.145477294921875
2007-08-08,79.75,80.26000213623047,44.86091995239258
2007-08-09,78.26000213623047,77.97000122070312,43.580936431884766
2007-08-10,76.30000305175781,76.62999725341797,42.831947326660156
2007-08-13,77.55999755859375,76.77999877929688,42.915794372558594
2007-08-14,77.38999938964844,76.04000091552734,42.50216293334961
2007-08-15,75.08000183105469,74.26000213623047,41.50725173950195
2007-08-16,71.0,73.94000244140625,41.32838439941406
2007-08-17,74.94999694824219,74.62000274658203,41.70847702026367
2007-08-20,75.1500015258789,74.86000061035156,41.84260559082031
2007-08-21,74.75,74.80999755859375,41.814666748046875
2007-08-22,76.05999755859375,76.58000183105469,42.80399703979492
2007-08-23,77.41999816894531,76.91999816894531,42.99405288696289
2007-08-24,77.0999984741211,78.26000213623047,43.743019104003906
2007-08-27,77.95999908447266,77.43000030517578,43.27910232543945
2007-08-28,77.12000274658203,75.87000274658203,42.40714645385742
2007-08-29,76.69000244140625,77.61000061035156,43.37971115112305
2007-08-30,76.80000305175781,77.06999969482422,43.077880859375
2007-08-31,78.70999908447266,78.41999816894531,43.83244705200195
2007-09-04,78.22000122070312,79.13999938964844,44.23489761352539
2007-09-05,78.13999938964844,77.98999786376953,43.59211349487305
2007-09-06,78.05000305175781,78.27999877929688,43.75420379638672
2007-09-07,77.4800033569336,77.33000183105469,43.22320556640625
2007-09-10,77.55000305175781,77.01000213623047,43.04434585571289
2007-09-11,77.62999725341797,78.33999633789062,43.787742614746094
2007-09-12,77.95999908447266,78.41999816894531,43.83244705200195
2007-09-13,78.72000122070312,78.75,44.01690673828125
2007-09-14,77.88999938964844,78.29000091552734,43.75980758666992
2007-09-17,77.55000305175781,77.19000244140625,43.144954681396484
2007-09-18,77.79000091552734,79.69999694824219,44.547916412353516
2007-09-19,80.5,80.41999816894531,44.950355529785156
2007-09-20,80.55999755859375,80.3499984741211,44.91122817993164
2007-09-21,80.86000061035156,80.69999694824219,45.10684585571289
2007-09-24,81.25,80.87999725341797,45.20746612548828
2007-09-25,80.4000015258789,80.9800033569336,45.26334762573242
2007-09-26,81.44999694824219,81.37999725341797,45.486934661865234
2007-09-27,82.41999816894531,82.45999908447266,46.09059143066406
2007-09-28,82.56999969482422,82.58999633789062,46.16325378417969
2007-10-01,82.73999786376953,83.6500015258789,46.7557373046875
2007-10-02,83.5999984741211,83.44000244140625,46.63836669921875
2007-10-03,83.41999816894531,83.05999755859375,46.425960540771484
2007-10-04,83.33999633789062,83.3499984741211,46.588043212890625
2007-10-05,83.6500015258789,84.19999694824219,47.06315612792969
2007-10-08,82.62000274658203,83.41999816894531,46.62718200683594
2007-10-09,83.56999969482422,84.3499984741211,47.14701843261719
2007-10-10,83.69999694824219,84.19000244140625,47.057579040527344
2007-10-11,85.5999984741211,84.58000183105469,47.27556610107422
2007-10-12,84.52999877929688,84.94999694824219,47.482383728027344
2007-10-15,84.87000274658203,84.26000213623047,47.096710205078125
2007-10-16,83.25,82.95999908447266,46.370059967041016
2007-10-17,83.94999694824219,83.83999633789062,46.861942291259766
2007-10-18,83.6500015258789,84.04000091552734,46.973724365234375
2007-10-19,83.5999984741211,82.19000244140625,45.9396858215332
2007-10-22,81.31999969482422,82.08999633789062,45.8837776184082
2007-10-23,83.12999725341797,83.25,46.532169342041016
2007-10-24,82.87999725341797,83.06999969482422,46.43154525756836
2007-10-25,83.29000091552734,83.44999694824219,46.64394760131836
2007-10-26,84.43000030517578,84.95999908447266,47.487953186035156
2007-10-29,85.26000213623047,85.58000183105469,47.834510803222656
2007-10-30,85.0,84.9000015258789,47.454437255859375
2007-10-31,85.36000061035156,86.0999984741211,48.12516403198242
2007-11-01,84.76000213623047,84.29000091552734,47.11345672607422
2007-11-02,84.27999877929688,84.76000213623047,47.37617492675781
2007-11-05,83.4800033569336,83.41000366210938,46.62160873413086
2007-11-06,84.02999877929688,84.66999816894531,47.325870513916016
2007-11-07,84.0,83.19999694824219,46.50421142578125
2007-11-08,83.01000213623047,83.3499984741211,46.588043212890625
2007-11-09,82.76000213623047,81.7300033569336,45.68256378173828
2007-11-12,80.80000305175781,80.38999938964844,44.933589935302734
2007-11-13,81.5,82.55000305175781,46.140899658203125
2007-11-14,83.73999786376953,82.41999816894531,46.06824493408203
2007-11-15,81.55000305175781,81.05999755859375,45.308067321777344
2007-11-16,81.56999969482422,81.31999969482422,45.453399658203125
2007-11-19,81.0,79.16999816894531,44.25165557861328
2007-11-20,80.2699966430664,80.94000244140625,45.240997314453125
2007-11-21,79.37999725341797,79.11000061035156,44.2181282043457
2007-11-23,80.30000305175781,81.0999984741211,45.3304328918457
2007-11-26,81.22000122070312,79.83000183105469,44.620574951171875
2007-11-27,80.9800033569336,80.91000366210938,45.224246978759766
2007-11-28,81.4000015258789,83.20999908447266,46.509796142578125
2007-11-29,82.0999984741211,82.52999877929688,46.12971878051758
2007-11-30,83.88999938964844,82.9800033569336,46.38125228881836
2007-12-03,83.11000061035156,82.66999816894531,46.207977294921875
2007-12-04,82.05000305175781,82.1500015258789,45.917327880859375
2007-12-05,82.76000213623047,83.0999984741211,46.44832992553711
2007-12-06,82.8499984741211,83.88999938964844,46.889892578125
2007-12-07,83.76000213623047,83.55999755859375,46.70542526245117
2007-12-10,84.02999877929688,84.41999816894531,47.186119079589844
2007-12-11,84.29000091552734,82.22000122070312,45.95644760131836
2007-12-12,84.5,83.87000274658203,46.87871170043945
2007-12-13,82.23999786376953,82.16000366210938,45.922908782958984
2007-12-14,80.56999969482422,79.94000244140625,44.68206024169922
2007-12-17,79.0999984741211,78.23999786376953,43.73183822631836
2007-12-18,79.58999633789062,79.22000122070312,44.27960205078125
2007-12-19,78.93000030517578,78.56999969482422,43.916297912597656
2007-12-20,78.95999908447266,79.12999725341797,44.22930908203125
2007-12-21,79.83000183105469,80.26000213623047,44.86091995239258
2007-12-24,79.30000305175781,78.58000183105469,45.04434585571289
2007-12-26,78.83999633789062,78.80000305175781,45.170467376708984
2007-12-27,78.87999725341797,78.31999969482422,44.89530944824219
2007-12-28,79.2300033569336,78.98999786376953,45.27936935424805
2007-12-31,79.2300033569336,78.5,44.998497009277344
2008-01-02,79.02999877929688,78.22000122070312,44.83798599243164
2008-01-03,78.33999633789062,78.3499984741211,44.91251754760742
2008-01-04,78.0199966430664,76.56999969482422,43.89215850830078
2008-01-07,77.05000305175781,76.6500015258789,43.93803787231445
2008-01-08,77.43000030517578,76.22000122070312,43.691532135009766
2008-01-09,76.22000122070312,76.7699966430664,44.00679397583008
2008-01-10,75.87000274658203,76.69000244140625,43.9609489440918
2008-01-11,75.81999969482422,75.16000366210938,43.08391571044922
2008-01-14,76.5999984741211,76.36000061035156,43.771785736083984
2008-01-15,75.19000244140625,73.87999725341797,42.35016632080078
2008-01-16,73.3499984741211,72.38999938964844,41.49605941772461
2008-01-17,73.16999816894531,71.30000305175781,40.871246337890625
2008-01-18,72.5999984741211,71.70999908447266,41.10627365112305
2008-01-22,66.5,69.70999908447266,39.959800720214844
2008-01-23,66.25,69.30000305175781,39.72479248046875
2008-01-24,70.44999694824219,71.7300033569336,41.11774444580078
2008-01-25,72.7300033569336,70.69000244140625,40.52157974243164
2008-01-28,70.54000091552734,71.4800033569336,40.97442626953125
2008-01-29,71.80999755859375,71.91000366210938,41.220916748046875
2008-01-30,71.33999633789062,71.58000183105469,41.03173065185547
2008-01-31,70.25,72.33999633789062,41.467403411865234
2008-02-01,72.95999908447266,73.55000305175781,42.161006927490234
2008-02-04,73.41000366210938,72.80000305175781,41.731082916259766
2008-02-05,70.9800033569336,69.45999908447266,39.816497802734375
2008-02-06,70.20999908447266,69.4000015258789,39.78211212158203
2008-02-07,68.69999694824219,69.05000305175781,39.58147430419922
2008-02-08,68.3499984741211,68.33999633789062,39.17448425292969
2008-02-11,68.6500015258789,68.69999694824219,39.380836486816406
2008-02-12,69.76000213623047,70.18000030517578,40.22920608520508
2008-02-13,70.44000244140625,70.66000366210938,40.5043830871582
2008-02-14,71.27999877929688,70.33999633789062,40.320945739746094
2008-02-15,70.30000305175781,70.5999984741211,40.4699821472168
2008-02-19,72.19000244140625,71.29000091552734,40.86551284790039
2008-02-20,69.88999938964844,70.91999816894531,40.653411865234375
2008-02-21,71.69000244140625,70.79000091552734,40.57889175415039
2008-02-22,71.66999816894531,71.69000244140625,41.09480667114258
2008-02-25,71.91999816894531,72.83000183105469,41.748294830322266
2008-02-26,72.88999938964844,73.91000366210938,42.36737823486328
2008-02-27,73.4000015258789,74.1500015258789,42.50495529174805
2008-02-28,73.55999755859375,73.44000244140625,42.09795379638672
2008-02-29,72.54000091552734,71.5999984741211,41.043216705322266
2008-03-03,71.5199966430664,71.80999755859375,41.16358947753906
2008-03-04,70.52999877929688,70.72000122070312,40.53876876831055
2008-03-05,71.31999969482422,71.56999969482422,41.02601623535156
2008-03-06,71.5999984741211,70.55000305175781,40.44131851196289
2008-03-07,69.94999694824219,69.72000122070312,39.965538024902344
2008-03-10,70.19999694824219,69.37000274658203,39.7649040222168
2008-03-11,71.08000183105469,71.55999755859375,41.02029037475586
2008-03-12,71.80999755859375,71.55999755859375,41.02029037475586
2008-03-13,70.44000244140625,71.68000030517578,41.08906936645508
2008-03-14,71.63999938964844,69.94999694824219,40.097381591796875
2008-03-17,68.16000366210938,68.88999938964844,39.48976135253906
2008-03-18,70.05000305175781,71.0,40.69927215576172
2008-03-19,70.33999633789062,68.43000030517578,39.22607421875
2008-03-20,68.0,69.45999908447266,39.816497802734375
2008-03-24,69.7699966430664,70.7300033569336,40.54450225830078
2008-03-25,71.30000305175781,71.76000213623047,41.13492965698242
2008-03-26,71.79000091552734,71.76000213623047,41.13492965698242
2008-03-27,72.86000061035156,71.69999694824219,41.10054016113281
2008-03-28,72.12000274658203,71.63999938964844,41.066139221191406
2008-03-31,71.69000244140625,71.9000015258789,41.2151985168457
2008-04-01,72.9000015258789,74.16999816894531,42.516422271728516
2008-04-02,74.1500015258789,74.33000183105469,42.608123779296875
2008-04-03,73.8499984741211,74.55000305175781,42.7342414855957
2008-04-04,74.77999877929688,74.80000305175781,42.877540588378906
2008-04-07,75.5,75.26000213623047,43.141239166259766
2008-04-08,74.23999786376953,74.47000122070312,42.688385009765625
2008-04-09,74.44999694824219,73.86000061035156,42.33870315551758
2008-04-10,73.68000030517578,73.62999725341797,42.206871032714844
2008-04-11,73.19999694824219,72.63999938964844,41.63936233520508
2008-04-14,72.87000274658203,72.80000305175781,41.731082916259766
2008-04-15,73.26000213623047,73.30999755859375,42.023441314697266
2008-04-16,74.4800033569336,75.62000274658203,43.34759521484375
2008-04-17,74.4000015258789,74.77999877929688,42.8660888671875
2008-04-18,75.26000213623047,75.30999755859375,43.16990280151367
2008-04-21,75.47000122070312,75.9000015258789,43.50810241699219
2008-04-22,75.3499984741211,75.11000061035156,43.05524826049805
2008-04-23,75.0999984741211,75.5,43.27880859375
2008-04-24,74.73999786376953,75.01000213623047,42.9979248046875
2008-04-25,75.79000091552734,75.62999725341797,43.353328704833984
2008-04-28,76.25,76.06999969482422,43.60554885864258
2008-04-29,75.56999969482422,75.4000015258789,43.22148513793945
2008-04-30,75.62999725341797,75.80999755859375,43.45649719238281
2008-05-01,75.4000015258789,76.2699966430664,43.72018814086914
2008-05-02,76.80000305175781,76.4800033569336,43.840576171875
2008-05-05,76.69999694824219,76.61000061035156,43.91509246826172
2008-05-06,76.3499984741211,77.18000030517578,44.24184036254883
2008-05-07,76.69000244140625,75.83000183105469,43.46797561645508
2008-05-08,76.43000030517578,76.48999786376953,43.84630584716797
2008-05-09,75.7300033569336,75.87999725341797,43.496620178222656
2008-05-12,76.1500015258789,76.63999938964844,43.932289123535156
2008-05-13,76.41000366210938,76.37999725341797,43.783241271972656
2008-05-14,76.56999969482422,76.37999725341797,43.783241271972656
2008-05-15,76.97000122070312,77.68000030517578,44.528446197509766
2008-05-16,78.0,78.5199966430664,45.00995635986328
2008-05-19,78.55999755859375,78.19999694824219,44.82651901245117
2008-05-20,77.95999908447266,77.4800033569336,44.4138069152832
2008-05-21,77.56999969482422,76.5999984741211,43.909358978271484
2008-05-22,77.45999908447266,77.48999786376953,44.41952133178711
2008-05-23,77.33000183105469,76.61000061035156,43.91509246826172
2008-05-27,76.13999938964844,76.45999908447266,43.829105377197266
2008-05-28,76.37000274658203,76.44999694824219,43.82337188720703
2008-05-29,75.87000274658203,76.27999877929688,43.72591781616211
2008-05-30,76.5999984741211,76.70999908447266,43.9724235534668
2008-06-02,76.08000183105469,75.91000366210938,43.51383590698242
2008-06-03,76.08000183105469,75.75,43.422119140625
2008-06-04,75.27999877929688,75.30999755859375,43.16990280151367
2008-06-05,75.5,76.55999755859375,43.88642883300781
2008-06-06,75.58999633789062,74.36000061035156,42.62533950805664
2008-06-09,75.0,74.26000213623047,42.56800842285156
2008-06-10,72.97000122070312,73.0,41.84572219848633
2008-06-11,72.9000015258789,72.06999969482422,41.31262969970703
2008-06-12,71.8499984741211,71.81999969482422,41.16933059692383
2008-06-13,71.69999694824219,72.4800033569336,41.54764938354492
2008-06-16,72.4000015258789,72.8499984741211,41.7597541809082
2008-06-17,73.66000366210938,73.06999969482422,41.88585662841797
2008-06-18,72.33000183105469,72.47000122070312,41.54191589355469
2008-06-19,72.08999633789062,72.33000183105469,41.461666107177734
2008-06-20,71.30000305175781,70.75,40.555973052978516
2008-06-23,70.80999755859375,70.73999786376953,40.550235748291016
2008-06-24,70.30999755859375,70.41999816894531,40.36680603027344
2008-06-25,69.6500015258789,69.8499984741211,40.79785919189453
2008-06-26,69.19999694824219,68.08000183105469,39.764034271240234
2008-06-27,68.70999908447266,68.26000213623047,39.86916732788086
2008-06-30,68.70999908447266,68.66999816894531,40.108619689941406
2008-07-01,67.55000305175781,67.93000030517578,39.67642593383789
2008-07-02,68.3499984741211,66.8499984741211,39.045616149902344
2008-07-03,67.5,67.27999877929688,39.29676818847656
2008-07-07,67.04000091552734,66.69999694824219,38.958011627197266
2008-07-08,66.41000366210938,67.05000305175781,39.16242980957031
2008-07-09,67.37999725341797,66.18000030517578,38.65428924560547
2008-07-10,66.38999938964844,66.75,38.987213134765625
2008-07-11,65.69000244140625,65.69999694824219,38.37391662597656
2008-07-14,66.4000015258789,65.55999755859375,38.29216384887695
2008-07-15,64.63999938964844,64.51000213623047,37.67887496948242
2008-07-16,64.25,65.69999694824219,38.37391662597656
2008-07-17,66.62000274658203,66.69999694824219,38.958011627197266
2008-07-18,66.7699966430664,67.12999725341797,39.20915603637695
2008-07-21,67.7300033569336,67.5199966430664,39.436954498291016
2008-07-22,66.66999816894531,67.75,39.5712890625
2008-07-23,67.97000122070312,68.0,39.717308044433594
2008-07-24,67.94999694824219,66.76000213623047,38.9930534362793
2008-07-25,66.87000274658203,66.9000015258789,39.07482147216797
2008-07-28,66.97000122070312,65.77999877929688,38.420658111572266
2008-07-29,65.69000244140625,66.43000030517578,38.80030059814453
2008-07-30,66.75,67.05000305175781,39.16242980957031
2008-07-31,66.69999694824219,66.38999938964844,38.77693176269531
2008-08-01,66.1500015258789,65.4000015258789,38.19871139526367
2008-08-04,65.3499984741211,64.77999877929688,37.836570739746094
2008-08-05,65.6500015258789,66.41999816894531,38.794456481933594
2008-08-06,65.95999908447266,66.44000244140625,38.806148529052734
2008-08-07,65.91000366210938,65.11000061035156,38.02931594848633
2008-08-08,64.23999786376953,65.37999725341797,38.18702697753906
2008-08-11,65.43000030517578,65.31999969482422,38.151973724365234
2008-08-12,65.31999969482422,64.8499984741211,37.87746047973633
2008-08-13,63.9900016784668,63.83000183105469,37.28171157836914
2008-08-14,63.36000061035156,63.58000183105469,37.135684967041016
2008-08-15,63.189998626708984,63.15999984741211,36.8903694152832
2008-08-18,63.779998779296875,62.84000015258789,36.703453063964844
2008-08-19,62.099998474121094,62.130001068115234,36.28877258300781
2008-08-20,62.29999923706055,62.5,36.504878997802734
2008-08-21,62.34000015258789,62.75,36.65089797973633
2008-08-22,62.83000183105469,63.040000915527344,36.82027816772461
2008-08-25,62.91999816894531,62.04999923706055,36.24204635620117
2008-08-26,62.119998931884766,62.36000061035156,36.42310333251953
2008-08-27,62.689998626708984,62.95000076293945,36.76771926879883
2008-08-28,63.720001220703125,63.7599983215332,37.240814208984375
2008-08-29,63.88999938964844,63.56999969482422,37.129844665527344
2008-09-02,63.41999816894531,62.59000015258789,36.55744934082031
2008-09-03,62.349998474121094,62.33000183105469,36.40557861328125
2008-09-04,61.61000061035156,59.65999984741211,34.84609603881836
2008-09-05,59.349998474121094,59.439998626708984,34.71760177612305
2008-09-08,61.33000183105469,60.77000045776367,35.49442672729492
2008-09-09,60.33000183105469,58.79999923706055,34.34378433227539
2008-09-10,59.68000030517578,59.369998931884766,34.67671203613281
2008-09-11,58.0,59.2400016784668,34.60078430175781
2008-09-12,59.36000061035156,60.400001525878906,35.27831268310547
2008-09-15,57.75,57.83000183105469,33.77722930908203
2008-09-16,56.15999984741211,57.400001525878906,33.52607727050781
2008-09-17,56.31999969482422,55.209999084472656,32.246944427490234
2008-09-18,56.630001068115234,57.720001220703125,33.71298599243164
2008-09-19,60.689998626708984,61.810001373291016,36.101863861083984
2008-09-22,61.36000061035156,59.70000076293945,34.86946105957031
2008-09-23,59.70000076293945,58.86000061035156,34.37883377075195
2008-09-24,59.68000030517578,59.029998779296875,34.478126525878906
2008-09-25,59.790000915527344,60.38999938964844,35.27247619628906
2008-09-26,59.099998474121094,59.75,34.89866638183594
2008-09-29,56.84000015258789,53.08000183105469,31.00285530090332
2008-09-30,55.2400016784668,56.29999923706055,32.883583068847656
2008-10-01,55.54999923706055,55.880001068115234,32.63828659057617
2008-10-02,54.810001373291016,53.439998626708984,31.21312713623047
2008-10-03,53.54999923706055,53.22999954223633,31.090490341186523
2008-10-06,51.18000030517578,50.220001220703125,29.3324031829834
2008-10-07,51.29999923706055,47.869998931884766,27.959815979003906
2008-10-08,47.150001525878906,46.79999923706055,27.334863662719727
2008-10-09,48.13999938964844,44.0,25.699432373046875
2008-10-10,41.310001373291016,42.36000061035156,24.74154281616211
2008-10-13,45.650001525878906,49.09000015258789,28.672391891479492
2008-10-14,50.40999984741211,48.08000183105469,28.082477569580078
2008-10-15,46.849998474121094,42.95000076293945,25.086156845092773
2008-10-16,44.2599983215332,45.47999954223633,26.563871383666992
2008-10-17,43.40999984741211,44.5099983215332,25.9973087310791
2008-10-20,45.65999984741211,47.349998474121094,27.65609359741211
2008-10-21,45.66999816894531,44.68000030517578,26.096601486206055
2008-10-22,43.209999084472656,41.41999816894531,24.19251251220703
2008-10-23,41.619998931884766,42.33000183105469,24.724029541015625
2008-10-24,38.47999954223633,39.59000015258789,23.1236515045166
2008-10-27,38.099998474121094,37.5099983215332,21.908763885498047
2008-10-28,39.790000915527344,42.68000030517578,24.928449630737305
2008-10-29,42.189998626708984,42.779998779296875,24.986852645874023
2008-10-30,44.91999816894531,44.279998779296875,25.862977981567383
2008-10-31,43.290000915527344,44.56999969482422,26.03235626220703
2008-11-03,44.380001068115234,44.75,26.137496948242188
2008-11-04,46.20000076293945,47.81999969482422,27.930614471435547
2008-11-05,46.939998626708984,45.220001220703125,26.412015914916992
2008-11-06,44.77000045776367,42.29999923706055,24.70649528503418
2008-11-07,43.84000015258789,44.689998626708984,26.102436065673828
2008-11-10,45.45000076293945,44.02000045776367,25.711118698120117
2008-11-11,43.029998779296875,42.56999969482422,24.864200592041016
2008-11-12,41.61000061035156,40.279998779296875,23.52666664123535
2008-11-13,40.79999923706055,43.709999084472656,25.530044555664062
2008-11-14,41.68000030517578,41.20000076293945,24.06401824951172
2008-11-17,40.7599983215332,40.45000076293945,23.62595558166504
2008-11-18,40.0,40.52000045776367,23.666847229003906
2008-11-19,40.099998474121094,37.810001373291016,22.0839900970459
2008-11-20,37.68000030517578,35.72999954223633,20.869104385375977
2008-11-21,37.709999084472656,38.27000045776367,22.352670669555664
2008-11-24,39.09000015258789,40.560001373291016,23.690204620361328
2008-11-25,41.83000183105469,41.29999923706055,24.122425079345703
2008-11-26,40.189998626708984,41.75,24.385265350341797
2008-11-28,41.290000915527344,41.72999954223633,24.373580932617188
2008-12-01,40.310001373291016,38.31999969482422,22.38187599182129
2008-12-02,39.7400016784668,40.400001525878906,23.596759796142578
2008-12-03,39.18000030517578,40.939998626708984,23.912160873413086
2008-12-04,39.630001068115234,39.68000030517578,23.176219940185547
2008-12-05,38.95000076293945,40.18000030517578,23.468257904052734
2008-12-08,41.349998474121094,42.09000015258789,24.583845138549805
2008-12-09,41.810001373291016,41.70000076293945,24.356054306030273
2008-12-10,42.459999084472656,42.79999923706055,24.99854278564453
2008-12-11,42.939998626708984,42.61000061035156,24.887571334838867
2008-12-12,41.81999969482422,43.029998779296875,25.13287925720215
2008-12-15,43.220001220703125,43.13999938964844,25.197128295898438
2008-12-16,43.04999923706055,45.619998931884766,26.64563751220703
2008-12-17,44.59000015258789,45.38999938964844,26.511302947998047
2008-12-18,45.279998779296875,44.0,25.699432373046875
2008-12-19,43.63999938964844,43.36000061035156,25.32562255859375
2008-12-22,43.619998931884766,43.060001373291016,25.150400161743164
2008-12-23,42.880001068115234,42.20000076293945,24.961711883544922
2008-12-24,42.65999984741211,42.7599983215332,25.292953491210938
2008-12-26,42.880001068115234,42.959999084472656,25.411258697509766
2008-12-29,43.59000015258789,42.970001220703125,25.41716957092285
2008-12-30,43.45000076293945,44.2599983215332,26.180221557617188
2008-12-31,44.119998931884766,44.86000061035156,26.535120010375977
2009-01-02,44.59000015258789,45.439998626708984,26.878202438354492
2009-01-05,44.689998626708984,44.709999084472656,26.446401596069336
2009-01-06,44.900001525878906,45.189998626708984,26.730327606201172
2009-01-07,44.849998474121094,44.40999984741211,26.268949508666992
2009-01-08,44.470001220703125,45.06999969482422,26.659347534179688
2009-01-09,44.54999923706055,43.5099983215332,25.736581802368164
2009-01-12,43.279998779296875,42.459999084472656,25.115501403808594
2009-01-13,41.619998931884766,41.68000030517578,24.654130935668945
2009-01-14,40.56999969482422,39.970001220703125,23.642642974853516
2009-01-15,40.2400016784668,40.33000183105469,23.855588912963867
2009-01-16,41.25,40.56999969482422,23.997547149658203
2009-01-20,39.13999938964844,37.599998474121094,22.240766525268555
2009-01-21,38.400001525878906,39.439998626708984,23.32914161682129
2009-01-22,38.13999938964844,38.52000045776367,22.78495979309082
2009-01-23,37.11000061035156,38.25,22.6252498626709
2009-01-26,38.619998931884766,39.0,23.068883895874023
2009-01-27,39.40999984741211,39.7599983215332,23.51842498779297
2009-01-28,40.75,40.93000030517578,24.210498809814453
2009-01-29,39.900001525878906,39.06999969482422,23.110286712646484
2009-01-30,39.4900016784668,38.70000076293945,22.891429901123047
2009-02-02,37.970001220703125,38.31999969482422,22.666648864746094
2009-02-03,38.810001373291016,39.41999816894531,23.317312240600586
2009-02-04,39.54999923706055,39.220001220703125,23.199012756347656
2009-02-05,38.9900016784668,39.779998779296875,23.530254364013672
2009-02-06,39.939998626708984,40.70000076293945,24.074447631835938
2009-02-09,40.68000030517578,40.689998626708984,24.068531036376953
2009-02-10,40.25,38.66999816894531,22.873680114746094
2009-02-11,39.279998779296875,39.09000015258789,23.122112274169922
2009-02-12,38.2599983215332,38.970001220703125,23.051136016845703
2009-02-13,38.790000915527344,38.54999923706055,22.802698135375977
2009-02-17,36.93000030517578,36.5,21.590105056762695
2009-02-18,36.779998779296875,36.470001220703125,21.572357177734375
2009-02-19,37.290000915527344,36.41999816894531,21.54277992248535
2009-02-20,35.29999923706055,35.88999938964844,21.229284286499023
2009-02-23,36.18000030517578,34.52000045776367,20.41891098022461
2009-02-24,34.86000061035156,35.959999084472656,21.270689010620117
2009-02-25,35.43000030517578,34.970001220703125,20.68509292602539
2009-02-26,35.58000183105469,34.68000030517578,20.513551712036133
2009-02-27,34.33000183105469,34.68000030517578,20.513551712036133
2009-03-02,33.63999938964844,32.689998626708984,19.336450576782227
2009-03-03,33.20000076293945,32.560001373291016,19.259553909301758
2009-03-04,33.36000061035156,34.0099983215332,20.11724853515625
2009-03-05,33.060001373291016,32.63999938964844,19.3068790435791
2009-03-06,33.08000183105469,32.58000183105469,19.271392822265625
2009-03-09,31.600000381469727,31.700000762939453,18.7508602142334
2009-03-10,32.97999954223633,33.83000183105469,20.010780334472656
2009-03-11,34.25,34.02000045776367,20.123157501220703
2009-03-12,33.65999984741211,34.790000915527344,20.578622817993164
2009-03-13,34.959999084472656,35.02000045776367,20.714675903320312
2009-03-16,35.61000061035156,35.400001525878906,20.939443588256836
2009-03-17,35.279998779296875,36.33000183105469,21.489553451538086
2009-03-18,35.90999984741211,37.369998931884766,22.104719161987305
2009-03-19,38.25,37.349998474121094,22.09288787841797
2009-03-20,37.400001525878906,36.83000183105469,21.78530502319336
2009-03-23,38.119998931884766,39.47999954223633,23.352800369262695
2009-03-24,38.459999084472656,38.2400016784668,22.619327545166016
2009-03-25,38.560001373291016,38.83000183105469,22.96832275390625
2009-03-26,39.130001068115234,39.349998474121094,23.275907516479492
2009-03-27,38.33000183105469,38.09000015258789,22.53060531616211
2009-03-30,36.959999084472656,36.63999938964844,21.67291259765625
2009-03-31,37.349998474121094,37.59000015258789,22.234853744506836
2009-04-01,37.36000061035156,38.56999969482422,22.81452751159668
2009-04-02,39.900001525878906,40.310001373291016,23.84375762939453
2009-04-03,40.13999938964844,40.540000915527344,23.979806900024414
2009-04-06,39.68000030517578,39.70000076293945,23.48293685913086
2009-04-07,39.09000015258789,38.869998931884766,22.99197769165039
2009-04-08,39.20000076293945,39.2599983215332,23.22266960144043
2009-04-09,40.150001525878906,40.310001373291016,23.84375762939453
2009-04-13,40.119998931884766,40.709999084472656,24.080358505249023
2009-04-14,40.349998474121094,40.31999969482422,23.84967613220215
2009-04-15,40.15999984741211,40.849998474121094,24.16317367553711
2009-04-16,41.02000045776367,41.11000061035156,24.316957473754883
2009-04-17,41.189998626708984,40.970001220703125,24.234149932861328
2009-04-20,40.02000045776367,39.290000915527344,23.240413665771484
2009-04-21,38.939998626708984,40.189998626708984,23.77277183532715
2009-04-22,39.560001373291016,39.869998931884766,23.583499908447266
2009-04-23,40.41999816894531,40.869998931884766,24.17500114440918
2009-04-24,41.4900016784668,41.5,24.54765510559082
2009-04-27,40.88999938964844,41.0099983215332,24.257808685302734
2009-04-28,40.220001220703125,40.619998931884766,24.02712059020996
2009-04-29,41.310001373291016,41.65999984741211,24.642292022705078
2009-04-30,42.2599983215332,41.91999816894531,24.79608917236328
2009-05-01,42.150001525878906,42.40999984741211,25.085927963256836
2009-05-04,42.88999938964844,44.16999816894531,26.126985549926758
2009-05-05,44.029998779296875,43.72999954223633,25.866724014282227
2009-05-06,44.59000015258789,44.790000915527344,26.49371910095215
2009-05-07,45.16999816894531,44.040000915527344,26.05009651184082
2009-05-08,45.02000045776367,45.95000076293945,27.179874420166016
2009-05-11,44.84000015258789,44.779998779296875,26.487812042236328
2009-05-12,45.380001068115234,45.2599983215332,26.771732330322266
2009-05-13,44.220001220703125,43.720001220703125,25.860801696777344
2009-05-14,43.689998626708984,44.150001525878906,26.11515235900879
2009-05-15,44.25,43.75,25.878551483154297
2009-05-18,44.68000030517578,45.41999816894531,26.866369247436523
2009-05-19,45.619998931884766,45.83000183105469,27.10889434814453
2009-05-20,46.2599983215332,46.130001068115234,27.286346435546875
2009-05-21,45.54999923706055,45.779998779296875,27.079313278198242
2009-05-22,46.209999084472656,46.040000915527344,27.23310089111328
2009-05-26,45.38999938964844,46.959999084472656,27.77729606628418
2009-05-27,46.959999084472656,46.04999923706055,27.2390193939209
2009-05-28,46.400001525878906,46.52000045776367,27.517032623291016
2009-05-29,47.18000030517578,47.45000076293945,28.067136764526367
2009-06-01,48.36000061035156,48.619998931884766,28.75920295715332
2009-06-02,48.470001220703125,49.040000915527344,29.007631301879883
2009-06-03,48.060001373291016,47.58000183105469,28.14403533935547
2009-06-04,47.720001220703125,47.880001068115234,28.321483612060547
2009-06-05,48.0,47.290000915527344,27.972490310668945
2009-06-08,46.77000045776367,47.189998626708984,27.913345336914062
2009-06-09,47.470001220703125,47.77000045776367,28.256418228149414
2009-06-10,48.4900016784668,47.86000061035156,28.309661865234375
2009-06-11,48.2599983215332,48.68000030517578,28.794689178466797
2009-06-12,48.15999984741211,48.43000030517578,28.646812438964844
2009-06-15,47.38999938964844,46.689998626708984,27.617586135864258
2009-06-16,47.02000045776367,46.150001525878906,27.29817771911621
2009-06-17,46.18000030517578,46.279998779296875,27.375062942504883
2009-06-18,46.15999984741211,46.20000076293945,27.327743530273438
2009-06-19,46.93000030517578,46.93000030517578,27.759553909301758
2009-06-22,46.11000061035156,45.41999816894531,26.866369247436523
2009-06-23,44.939998626708984,45.060001373291016,27.219755172729492
2009-06-24,45.58000183105469,45.099998474121094,27.24392318725586
2009-06-25,44.84000015258789,46.04999923706055,27.817792892456055
2009-06-26,45.91999816894531,45.959999084472656,27.763425827026367
2009-06-29,46.15999984741211,46.349998474121094,27.999019622802734
2009-06-30,46.349998474121094,45.810001373291016,27.672821044921875
2009-07-01,46.4900016784668,46.56999969482422,28.131912231445312
2009-07-02,45.630001068115234,45.22999954223633,27.322444915771484
2009-07-06,44.65999984741211,45.290000915527344,27.358694076538086
2009-07-07,45.02000045776367,44.189998626708984,26.6942081451416
2009-07-08,44.290000915527344,44.0099983215332,26.585474014282227
2009-07-09,44.52000045776367,44.54999923706055,26.91167640686035
2009-07-10,43.880001068115234,44.029998779296875,26.59755516052246
2009-07-13,44.130001068115234,44.79999923706055,27.062694549560547
2009-07-14,45.060001373291016,45.040000915527344,27.207677841186523
2009-07-15,46.0099983215332,46.58000183105469,28.137950897216797
2009-07-16,46.58000183105469,46.9900016784668,28.38562774658203
2009-07-17,46.689998626708984,46.81999969482422,28.28293800354004
2009-07-20,47.58000183105469,47.72999954223633,28.83264923095703
2009-07-21,48.310001373291016,48.029998779296875,29.013872146606445
2009-07-22,47.650001525878906,48.150001525878906,29.08636474609375
2009-07-23,48.06999969482422,48.959999084472656,29.575658798217773
2009-07-24,48.869998931884766,49.2599983215332,29.756885528564453
2009-07-27,49.06999969482422,49.310001373291016,29.78709602355957
2009-07-28,48.939998626708984,49.099998474121094,29.660226821899414
2009-07-29,48.959999084472656,48.70000076293945,29.41860008239746
2009-07-30,49.59000015258789,49.650001525878906,29.99247932434082
2009-07-31,49.91999816894531,50.40999984741211,30.451587677001953
2009-08-03,51.220001220703125,51.58000183105469,31.158349990844727
2009-08-04,51.09000015258789,51.5,31.110013961791992
2009-08-05,51.380001068115234,51.290000915527344,30.983165740966797
2009-08-06,51.41999816894531,50.970001220703125,30.78986358642578
2009-08-07,51.15999984741211,50.91999816894531,30.759653091430664
2009-08-10,50.70000076293945,50.61000061035156,30.5723934173584
2009-08-11,50.38999938964844,50.31999969482422,30.397220611572266
2009-08-12,50.29999923706055,50.88999938964844,30.741535186767578
2009-08-13,51.599998474121094,51.66999816894531,31.21271324157715
2009-08-14,51.790000915527344,51.22999954223633,30.946916580200195
2009-08-17,49.70000076293945,49.58000183105469,29.9501895904541
2009-08-18,49.90999984741211,50.439998626708984,30.46969985961914
2009-08-19,49.83000183105469,50.869998931884766,30.72945213317871
2009-08-20,50.849998474121094,51.22999954223633,30.946916580200195
2009-08-21,51.9900016784668,52.349998474121094,31.62348175048828
2009-08-24,52.56999969482422,52.34000015258789,31.61745834350586
2009-08-25,52.88999938964844,52.86000061035156,31.93156623840332
2009-08-26,52.43000030517578,52.63999938964844,31.798664093017578
2009-08-27,52.59000015258789,53.040000915527344,32.04029846191406
2009-08-28,53.52000045776367,53.06999969482422,32.058414459228516
2009-08-31,52.439998626708984,52.68000030517578,31.822834014892578
2009-09-01,52.13999938964844,51.369998931884766,31.031494140625
2009-09-02,51.09000015258789,51.310001373291016,30.9952449798584
2009-09-03,51.83000183105469,51.709999084472656,31.23687744140625
2009-09-04,51.790000915527344,52.5,31.7141056060791
2009-09-08,53.650001525878906,53.540000915527344,32.342342376708984
2009-09-09,53.869998931884766,54.20000076293945,32.74103546142578
2009-09-10,54.099998474121094,54.68000030517578,33.03099060058594
2009-09-11,54.869998931884766,54.61000061035156,32.98869323730469
2009-09-14,54.0,54.720001220703125,33.05515670776367
2009-09-15,54.45000076293945,54.72999954223633,33.061195373535156
2009-09-16,55.36000061035156,55.810001373291016,33.71359634399414
2009-09-17,55.400001525878906,55.45000076293945,33.49613571166992
2009-09-18,55.849998474121094,55.599998474121094,33.58673095703125
2009-09-21,54.650001525878906,55.0099983215332,33.2303352355957
2009-09-22,55.869998931884766,55.77000045776367,33.68943405151367
2009-09-23,55.9900016784668,55.290000915527344,33.399478912353516
2009-09-24,55.650001525878906,54.47999954223633,32.91016387939453
2009-09-25,54.36000061035156,54.25,32.771240234375
2009-09-28,54.439998626708984,54.9900016784668,33.2182502746582
2009-09-29,54.84000015258789,54.65999984741211,33.018898010253906
2009-09-30,55.11000061035156,54.68000030517578,33.03099060058594
2009-10-01,54.34000015258789,53.25,32.16715621948242
2009-10-02,52.45000076293945,52.65999984741211,31.810754776000977
2009-10-05,52.689998626708984,53.41999816894531,32.26984786987305
2009-10-06,54.040000915527344,54.31999969482422,32.81351852416992
2009-10-07,54.290000915527344,54.52000045776367,32.934326171875
2009-10-08,55.220001220703125,55.310001373291016,33.41155242919922
2009-10-09,55.11000061035156,55.16999816894531,33.32698059082031
2009-10-12,55.72999954223633,55.5,33.52632141113281
2009-10-13,55.470001220703125,55.380001068115234,33.4538459777832
2009-10-14,56.459999084472656,56.709999084472656,34.25727081298828
2009-10-15,56.43000030517578,56.970001220703125,34.414329528808594
2009-10-16,56.02000045776367,56.11000061035156,33.89482498168945
2009-10-19,56.650001525878906,57.0099983215332,34.4384880065918
2009-10-20,57.18000030517578,56.709999084472656,34.25727081298828
2009-10-21,56.59000015258789,56.52000045776367,34.14248275756836
2009-10-22,56.47999954223633,57.06999969482422,34.474735260009766
2009-10-23,56.91999816894531,56.16999816894531,33.931060791015625
2009-10-26,56.369998931884766,55.31999969482422,33.417598724365234
2009-10-27,55.43000030517578,54.880001068115234,33.151798248291016
2009-10-28,54.349998474121094,53.560001373291016,32.35441970825195
2009-10-29,54.560001373291016,55.13999938964844,33.30885696411133
2009-10-30,54.779998779296875,53.29999923706055,32.19736099243164
2009-11-02,53.77000045776367,53.81999969482422,32.5114860534668
2009-11-03,52.849998474121094,53.61000061035156,32.3846321105957
2009-11-04,54.310001373291016,54.150001525878906,32.71082305908203
2009-11-05,54.68000030517578,54.849998474121094,33.1336784362793
2009-11-06,54.470001220703125,55.0099983215332,33.2303352355957
2009-11-09,56.0,56.54999923706055,34.16061019897461
2009-11-10,55.970001220703125,56.25,33.979393005371094
2009-11-11,56.63999938964844,56.41999816894531,34.08208465576172
2009-11-12,56.20000076293945,55.599998474121094,33.58673095703125
2009-11-13,55.93000030517578,56.380001068115234,34.05791473388672
2009-11-16,56.869998931884766,57.279998779296875,34.601585388183594
2009-11-17,56.689998626708984,56.900001525878906,34.372039794921875
2009-11-18,56.939998626708984,56.720001220703125,34.2633056640625
2009-11-19,55.90999984741211,55.650001525878906,33.616943359375
2009-11-20,54.970001220703125,55.34000015258789,33.42967987060547
2009-11-23,56.459999084472656,56.33000183105469,34.0277214050293
2009-11-24,56.20000076293945,56.099998474121094,33.88878631591797
2009-11-25,56.56999969482422,56.849998474121094,34.34184265136719
2009-11-27,54.52000045776367,55.209999084472656,33.351158142089844
2009-11-30,55.2400016784668,55.38999938964844,33.45988464355469
2009-12-01,56.470001220703125,56.90999984741211,34.378074645996094
2009-12-02,56.880001068115234,57.0,34.43244934082031
2009-12-03,57.33000183105469,56.869998931884766,34.35392379760742
2009-12-04,57.36000061035156,56.66999816894531,34.23310852050781
2009-12-07,56.310001373291016,56.36000061035156,34.045841217041016
2009-12-08,55.790000915527344,55.380001068115234,33.4538459777832
2009-12-09,55.25,55.310001373291016,33.41155242919922
2009-12-10,55.599998474121094,55.47999954223633,33.51425552368164
2009-12-11,55.650001525878906,55.459999084472656,33.50217056274414
2009-12-14,55.86000061035156,56.0,33.82837677001953
2009-12-15,55.290000915527344,55.380001068115234,33.4538459777832
2009-12-16,55.90999984741211,56.029998779296875,33.84649658203125
2009-12-17,55.02000045776367,54.709999084472656,33.04911422729492
2009-12-18,54.939998626708984,54.84000015258789,33.127647399902344
2009-12-21,54.95000076293945,55.0,33.22429656982422
2009-12-22,54.77000045776367,54.849998474121094,33.435203552246094
2009-12-23,55.150001525878906,55.349998474121094,33.739986419677734
2009-12-24,55.560001373291016,55.56999969482422,33.87409973144531
2009-12-28,55.849998474121094,55.810001373291016,34.02040481567383
2009-12-29,56.189998626708984,55.900001525878906,34.07526397705078
2009-12-30,55.38999938964844,55.66999816894531,33.93505859375
2009-12-31,55.91999816894531,55.279998779296875,33.69732666015625
2010-01-04,56.41999816894531,56.72999954223633,34.58120346069336
2010-01-05,56.869998931884766,56.779998779296875,34.61167526245117
2010-01-06,56.68000030517578,57.02000045776367,34.757991790771484
2010-01-07,56.63999938964844,56.79999923706055,34.62387466430664
2010-01-08,56.900001525878906,57.25,34.898189544677734
2010-01-11,57.83000183105469,57.720001220703125,35.1846809387207
2010-01-12,57.11000061035156,57.040000915527344,34.77017593383789
2010-01-13,57.279998779296875,57.52000045776367,35.062782287597656
2010-01-14,57.5,57.959999084472656,35.33098602294922
2010-01-15,57.5099983215332,57.04999923706055,34.77627182006836
2010-01-19,56.880001068115234,57.61000061035156,35.11763381958008
2010-01-20,56.369998931884766,56.13999938964844,34.2215576171875
2010-01-21,56.040000915527344,54.939998626708984,33.49006652832031
2010-01-22,54.70000076293945,53.869998931884766,32.83781814575195
2010-01-25,54.86000061035156,54.529998779296875,33.240150451660156
2010-01-26,54.04999923706055,54.220001220703125,33.05117416381836
2010-01-27,53.880001068115234,54.15999984741211,33.01459884643555
2010-01-28,54.189998626708984,53.25,32.45988845825195
2010-01-29,53.31999969482422,52.47999954223633,31.99049949645996
2010-02-01,53.20000076293945,53.439998626708984,32.57571029663086
2010-02-02,53.81999969482422,54.33000183105469,33.11821746826172
2010-02-03,53.97999954223633,53.7599983215332,32.7707633972168
2010-02-04,52.7400016784668,51.56999969482422,31.4357967376709
2010-02-05,51.290000915527344,51.47999954223633,31.38093376159668
2010-02-08,50.970001220703125,50.459999084472656,30.759166717529297
2010-02-09,51.59000015258789,52.04999923706055,31.728389739990234
2010-02-10,51.77000045776367,51.720001220703125,31.527238845825195
2010-02-11,51.540000915527344,52.20000076293945,31.819841384887695
2010-02-12,51.29999923706055,51.75,31.545530319213867
2010-02-16,51.9900016784668,52.900001525878906,32.24654006958008
2010-02-17,53.13999938964844,52.970001220703125,32.28919982910156
2010-02-18,52.810001373291016,53.27000045776367,32.47207260131836
2010-02-19,52.529998779296875,52.939998626708984,32.27092742919922
2010-02-22,53.22999954223633,53.040000915527344,32.331871032714844
2010-02-23,52.79999923706055,52.290000915527344,31.874698638916016
2010-02-24,52.369998931884766,52.619998931884766,32.07585144042969
2010-02-25,51.58000183105469,52.29999923706055,31.88079833984375
2010-02-26,52.189998626708984,52.619998931884766,32.07585144042969
2010-03-01,52.7400016784668,53.029998779296875,32.325782775878906
2010-03-02,53.38999938964844,53.43000030517578,32.569610595703125
2010-03-03,53.90999984741211,54.06999969482422,32.95974349975586
2010-03-04,54.130001068115234,53.93000030517578,32.874393463134766
2010-03-05,54.310001373291016,54.97999954223633,33.51445007324219
2010-03-08,55.060001373291016,54.97999954223633,33.51445007324219
2010-03-09,54.470001220703125,54.849998474121094,33.435203552246094
2010-03-10,54.849998474121094,55.08000183105469,33.57541275024414
2010-03-11,55.04999923706055,55.290000915527344,33.70343017578125
2010-03-12,55.72999954223633,55.65999984741211,33.92896270751953
2010-03-15,55.20000076293945,55.27000045776367,33.691226959228516
2010-03-16,55.459999084472656,55.970001220703125,34.1179313659668
2010-03-17,56.18000030517578,56.27000045776367,34.30080032348633
2010-03-18,56.08000183105469,55.939998626708984,34.09963607788086
2010-03-19,55.369998931884766,55.369998931884766,33.7521858215332
2010-03-22,54.63999938964844,55.529998779296875,33.84971618652344
2010-03-23,55.560001373291016,55.91999816894531,34.08745193481445
2010-03-24,55.0,55.0,33.52664566040039
2010-03-25,55.45000076293945,54.970001220703125,33.50835037231445
2010-03-26,55.33000183105469,55.5099983215332,33.8375244140625
2010-03-29,55.779998779296875,55.97999954223633,34.1240234375
2010-03-30,56.15999984741211,55.97999954223633,34.1240234375
2010-03-31,55.77000045776367,55.97999954223633,34.1240234375
2010-04-01,56.54999923706055,56.970001220703125,34.72751235961914
2010-04-05,56.939998626708984,57.029998779296875,34.76407241821289
2010-04-06,56.439998626708984,56.869998931884766,34.66655349731445
2010-04-07,56.560001373291016,56.470001220703125,34.42272186279297
2010-04-08,55.86000061035156,56.40999984741211,34.386146545410156
2010-04-09,56.58000183105469,57.150001525878906,34.83723068237305
2010-04-12,57.34000015258789,57.33000183105469,34.94694900512695
2010-04-13,57.38999938964844,57.279998779296875,34.916465759277344
2010-04-14,57.689998626708984,58.040000915527344,35.3797492980957
2010-04-15,57.689998626708984,58.0,35.35537338256836
2010-04-16,57.47999954223633,56.720001220703125,34.575111389160156
2010-04-19,56.08000183105469,56.56999969482422,34.483680725097656
2010-04-20,57.0,56.91999816894531,34.697025299072266
2010-04-21,56.689998626708984,56.54999923706055,34.47148132324219
2010-04-22,55.68000030517578,56.040000915527344,34.16060256958008
2010-04-23,55.810001373291016,56.459999084472656,34.4166145324707
2010-04-26,56.619998931884766,56.52000045776367,34.453189849853516
2010-04-27,55.70000076293945,54.25,33.06946563720703
2010-04-28,54.689998626708984,54.2599983215332,33.075565338134766
2010-04-29,54.849998474121094,55.099998474121094,33.587581634521484
2010-04-30,55.119998931884766,54.40999984741211,33.166988372802734
2010-05-03,54.5099983215332,54.79999923706055,33.40473175048828
2010-05-04,53.38999938964844,52.630001068115234,32.08195114135742
2010-05-05,51.45000076293945,51.619998931884766,31.46627426147461
2010-05-06,51.279998779296875,49.31999969482422,30.06425666809082
2010-05-07,49.810001373291016,49.209999084472656,29.99720001220703
2010-05-10,52.45000076293945,52.400001525878906,31.941743850708008
2010-05-11,51.209999084472656,51.54999923706055,31.423606872558594
2010-05-12,51.9900016784668,52.130001068115234,31.77716827392578
2010-05-13,51.7599983215332,51.45000076293945,31.362648010253906
2010-05-14,50.81999969482422,49.9900016784668,30.472673416137695
2010-05-17,50.16999816894531,50.060001373291016,30.515342712402344
2010-05-18,50.540000915527344,48.97999954223633,29.85700798034668
2010-05-19,48.880001068115234,49.16999816894531,29.972822189331055
2010-05-20,47.709999084472656,47.459999084472656,28.930442810058594
2010-05-21,47.02000045776367,48.619998931884766,29.63754653930664
2010-05-24,47.939998626708984,47.5,28.954824447631836
2010-05-25,46.09000015258789,47.31999969482422,28.845108032226562
2010-05-26,47.369998931884766,46.619998931884766,28.41840171813965
2010-05-27,48.29999923706055,49.27000045776367,30.03377342224121
2010-05-28,49.029998779296875,48.31999969482422,29.454683303833008
2010-06-01,47.88999938964844,47.84000015258789,29.162084579467773
2010-06-02,48.060001373291016,49.119998931884766,29.942344665527344
2010-06-03,49.369998931884766,48.970001220703125,29.850908279418945
2010-06-04,47.7599983215332,46.880001068115234,28.576887130737305
2010-06-07,47.06999969482422,46.290000915527344,28.217241287231445
2010-06-08,46.54999923706055,47.029998779296875,28.668331146240234
2010-06-09,47.34000015258789,46.86000061035156,28.564699172973633
2010-06-10,48.2400016784668,48.84000015258789,29.771652221679688
2010-06-11,48.290000915527344,48.90999984741211,29.8143310546875
2010-06-14,49.630001068115234,49.220001220703125,30.00330352783203
2010-06-15,50.0,50.779998779296875,30.954238891601562
2010-06-16,50.150001525878906,50.540000915527344,30.807937622070312
2010-06-17,50.779998779296875,50.70000076293945,30.905466079711914
2010-06-18,50.630001068115234,50.61000061035156,30.850608825683594
2010-06-21,51.38999938964844,50.599998474121094,30.84450340270996
2010-06-22,50.720001220703125,49.959999084472656,30.45438575744629
2010-06-23,49.459999084472656,49.43000030517578,30.658445358276367
2010-06-24,49.099998474121094,48.56999969482422,30.12503433227539
2010-06-25,48.540000915527344,48.849998474121094,30.2987003326416
2010-06-28,48.75,48.4900016784668,30.075416564941406
2010-06-29,47.599998474121094,46.83000183105469,29.045814514160156
2010-06-30,46.900001525878906,46.5099983215332,28.847335815429688
2010-07-01,47.099998474121094,47.189998626708984,29.26911163330078
2010-07-02,47.470001220703125,47.09000015258789,29.207075119018555
2010-07-06,48.43000030517578,48.029998779296875,29.790102005004883
2010-07-07,48.31999969482422,49.529998779296875,30.720458984375
2010-07-08,49.70000076293945,50.0099983215332,31.018177032470703
2010-07-09,49.560001373291016,50.060001373291016,31.049182891845703
2010-07-12,49.650001525878906,49.869998931884766,30.931352615356445
2010-07-13,50.5099983215332,50.790000915527344,31.50197410583496
2010-07-14,50.56999969482422,50.970001220703125,31.613609313964844
2010-07-15,51.08000183105469,51.220001220703125,31.76866340637207
2010-07-16,50.61000061035156,49.58000183105469,30.751483917236328
2010-07-19,49.9900016784668,49.900001525878906,30.949962615966797
2010-07-20,49.13999938964844,50.2400016784668,31.16083335876465
2010-07-21,50.220001220703125,49.33000183105469,30.596420288085938
2010-07-22,50.52000045776367,50.9900016784668,31.626014709472656
2010-07-23,50.90999984741211,51.59000015258789,31.99815559387207
2010-07-26,51.310001373291016,51.95000076293945,32.2214469909668
2010-07-27,52.25,52.099998474121094,32.31447982788086
2010-07-28,51.959999084472656,51.83000183105469,32.14701461791992
2010-07-29,52.58000183105469,52.06999969482422,32.29587936401367
2010-07-30,51.459999084472656,51.90999984741211,32.196632385253906
2010-08-02,53.09000015258789,53.65999984741211,33.28206253051758
2010-08-03,53.41999816894531,53.58000183105469,33.23244094848633
2010-08-04,53.5099983215332,53.630001068115234,33.26344680786133
2010-08-05,53.43000030517578,53.59000015258789,33.23863983154297
2010-08-06,53.27000045776367,53.75,33.3378791809082
2010-08-09,53.88999938964844,53.810001373291016,33.375091552734375
2010-08-10,52.880001068115234,53.380001068115234,33.1083984375
2010-08-11,51.70000076293945,50.95000076293945,31.601207733154297
2010-08-12,50.5099983215332,50.88999938964844,31.563987731933594
2010-08-13,50.869998931884766,50.709999084472656,31.452346801757812
2010-08-16,50.720001220703125,51.119998931884766,31.706649780273438
2010-08-17,51.689998626708984,51.689998626708984,32.060184478759766
2010-08-18,51.83000183105469,51.66999816894531,32.04777908325195
2010-08-19,51.70000076293945,50.84000015258789,31.532981872558594
2010-08-20,50.29999923706055,50.310001373291016,31.204254150390625
2010-08-23,50.560001373291016,50.209999084472656,31.142240524291992
2010-08-24,49.529998779296875,49.52000045776367,30.71426010131836
2010-08-25,49.08000183105469,49.56999969482422,30.745277404785156
2010-08-26,49.849998474121094,49.54999923706055,30.732866287231445
2010-08-27,50.130001068115234,50.52000045776367,31.334508895874023
2010-08-30,50.189998626708984,49.790000915527344,30.88173484802246
2010-08-31,49.7400016784668,49.939998626708984,30.97475814819336
2010-09-01,51.15999984741211,51.720001220703125,32.07879638671875
2010-09-02,51.70000076293945,52.0099983215332,32.25865936279297
2010-09-03,52.43000030517578,52.4900016784668,32.556365966796875
2010-09-07,52.099998474121094,51.7599983215332,32.10359573364258
2010-09-08,52.11000061035156,52.15999984741211,32.35169219970703
2010-09-09,53.0,52.650001525878906,32.655616760253906
2010-09-10,52.66999816894531,52.810001373291016,32.754852294921875
2010-09-13,53.540000915527344,53.77000045776367,33.35028839111328
2010-09-14,53.58000183105469,54.130001068115234,33.573577880859375
2010-09-15,53.779998779296875,54.150001525878906,33.58597183227539
2010-09-16,53.7599983215332,53.88999938964844,33.424705505371094
2010-09-17,53.880001068115234,53.630001068115234,33.26344680786133
2010-09-20,53.90999984741211,54.560001373291016,33.840267181396484
2010-09-21,54.56999969482422,54.54999923706055,33.834068298339844
2010-09-22,54.720001220703125,54.470001220703125,33.784454345703125
2010-09-23,53.86000061035156,53.880001068115234,33.41850662231445
2010-09-24,54.93000030517578,55.380001068115234,34.34886169433594
2010-09-27,55.36000061035156,55.099998474121094,34.17519760131836
2010-09-28,55.220001220703125,55.41999816894531,34.37367630004883
2010-09-29,55.43000030517578,55.33000183105469,34.317867279052734
2010-09-30,55.61000061035156,54.91999816894531,34.06355285644531
2010-10-01,55.47999954223633,55.470001220703125,34.40470504760742
2010-10-04,54.9900016784668,54.66999816894531,33.90849685668945
2010-10-05,55.650001525878906,56.220001220703125,34.869873046875
2010-10-06,56.470001220703125,56.689998626708984,35.161380767822266
2010-10-07,57.11000061035156,56.5,35.04352569580078
2010-10-08,56.619998931884766,56.869998931884766,35.27301788330078
2010-10-11,56.970001220703125,56.79999923706055,35.2296028137207
2010-10-12,56.36000061035156,56.68000030517578,35.15517807006836
2010-10-13,57.209999084472656,57.31999969482422,35.5521354675293
2010-10-14,57.72999954223633,57.720001220703125,35.80023193359375
2010-10-15,57.88999938964844,57.529998779296875,35.68238067626953
2010-10-18,57.41999816894531,57.65999984741211,35.76301193237305
2010-10-19,56.650001525878906,56.38999938964844,34.975303649902344
2010-10-20,56.72999954223633,57.45000076293945,35.632755279541016
2010-10-21,57.5,57.13999938964844,35.440486907958984
2010-10-22,57.40999984741211,57.290000915527344,35.533531188964844
2010-10-25,57.88999938964844,57.5099983215332,35.669979095458984
2010-10-26,56.88999938964844,57.13999938964844,35.440486907958984
2010-10-27,56.630001068115234,56.59000015258789,35.09935760498047
2010-10-28,57.18000030517578,57.029998779296875,35.37226104736328
2010-10-29,56.939998626708984,57.0099983215332,35.35986328125
2010-11-01,57.099998474121094,56.79999923706055,35.2296028137207
2010-11-02,57.68000030517578,57.7400016784668,35.81262969970703
2010-11-03,57.81999969482422,58.13999938964844,36.06072235107422
2010-11-04,59.189998626708984,59.459999084472656,36.87943649291992
2010-11-05,59.150001525878906,59.20000076293945,36.71818161010742
2010-11-08,58.7400016784668,58.84000015258789,36.494895935058594
2010-11-09,59.20000076293945,58.25,36.12895584106445
2010-11-10,58.45000076293945,58.41999816894531,36.23440170288086
2010-11-11,57.84000015258789,57.91999816894531,35.92427062988281
2010-11-12,57.75,57.439998626708984,35.62656021118164
2010-11-15,57.83000183105469,57.400001525878906,35.601749420166016
2010-11-16,56.900001525878906,56.04999923706055,34.76443099975586
2010-11-17,56.349998474121094,56.36000061035156,34.95670700073242
2010-11-18,57.54999923706055,57.77000045776367,35.831241607666016
2010-11-19,57.310001373291016,57.77000045776367,35.831241607666016
2010-11-22,57.099998474121094,57.150001525878906,35.44669723510742
2010-11-23,55.869998931884766,55.43000030517578,34.37987518310547
2010-11-24,55.959999084472656,56.310001373291016,34.92568588256836
2010-11-26,55.369998931884766,55.369998931884766,34.34266662597656
2010-11-29,54.77000045776367,54.880001068115234,34.03874969482422
2010-11-30,53.880001068115234,54.2599983215332,33.654205322265625
2010-12-01,55.33000183105469,55.79999923706055,34.60936737060547
2010-12-02,55.689998626708984,56.86000061035156,35.266822814941406
2010-12-03,56.900001525878906,57.40999984741211,35.60795593261719
2010-12-06,56.900001525878906,57.150001525878906,35.44669723510742
2010-12-07,57.90999984741211,57.18000030517578,35.465309143066406
2010-12-08,57.2400016784668,57.349998474121094,35.57073974609375
2010-12-09,57.52000045776367,57.5,35.663780212402344
2010-12-10,57.459999084472656,57.630001068115234,35.74440002441406
2010-12-13,58.09000015258789,58.25,36.12895584106445
2010-12-14,58.36000061035156,58.34000015258789,36.18476867675781
2010-12-15,57.95000076293945,57.56999969482422,35.707191467285156
2010-12-16,57.599998474121094,57.88999938964844,35.90567398071289
2010-12-17,57.560001373291016,57.56999969482422,35.707191467285156
2010-12-20,57.849998474121094,57.70000076293945,35.78783416748047
2010-12-21,57.650001525878906,57.63999938964844,36.08708953857422
2010-12-22,57.650001525878906,57.75,36.15596008300781
2010-12-23,57.56999969482422,57.720001220703125,36.13717269897461
2010-12-27,57.380001068115234,57.599998474121094,36.06203842163086
2010-12-28,57.90999984741211,57.650001525878906,36.093353271484375
2010-12-29,58.0099983215332,58.150001525878906,36.40637969970703
2010-12-30,58.029998779296875,57.869998931884766,36.23108673095703
2010-12-31,57.869998931884766,58.220001220703125,36.45021057128906
2011-01-03,58.61000061035156,58.70000076293945,36.750728607177734
2011-01-04,58.95000076293945,58.52000045776367,36.638038635253906
2011-01-05,57.65999984741211,58.27000045776367,36.48151779174805
2011-01-06,58.310001373291016,57.599998474121094,36.06203842163086
2011-01-07,57.689998626708984,57.369998931884766,35.91804122924805
2011-01-10,56.970001220703125,57.27000045776367,35.855438232421875
2011-01-11,57.619998931884766,57.65999984741211,36.099609375
2011-01-12,58.349998474121094,58.93000030517578,36.894737243652344
2011-01-13,59.34000015258789,59.09000015258789,36.994895935058594
2011-01-14,58.91999816894531,59.45000076293945,37.22028732299805
2011-01-18,59.709999084472656,59.84000015258789,37.46446228027344
2011-01-19,60.029998779296875,59.43000030517578,37.207763671875
2011-01-20,58.900001525878906,58.91999816894531,36.888458251953125
2011-01-21,59.41999816894531,59.2400016784668,37.08881378173828
2011-01-24,59.13999938964844,59.869998931884766,37.483238220214844
2011-01-25,59.38999938964844,59.75,37.408111572265625
2011-01-26,60.029998779296875,60.130001068115234,37.646018981933594
2011-01-27,60.189998626708984,60.27000045776367,37.733665466308594
2011-01-28,59.90999984741211,58.93000030517578,36.894737243652344
2011-01-31,59.40999984741211,59.439998626708984,37.214027404785156
2011-02-01,60.20000076293945,60.849998474121094,38.09679412841797
2011-02-02,60.720001220703125,60.79999923706055,38.06549072265625
2011-02-03,60.5099983215332,60.810001373291016,38.071754455566406
2011-02-04,60.61000061035156,60.790000915527344,38.05923080444336
2011-02-07,60.65999984741211,60.97999954223633,38.178184509277344
2011-02-08,61.040000915527344,61.380001068115234,38.42860794067383
2011-02-09,61.029998779296875,61.20000076293945,38.31591796875
2011-02-10,60.36000061035156,60.79999923706055,38.06549072265625
2011-02-11,60.2599983215332,60.83000183105469,38.08427429199219
2011-02-14,60.70000076293945,60.95000076293945,38.159400939941406
2011-02-15,60.88999938964844,60.77000045776367,38.046714782714844
2011-02-16,61.0,61.5,38.50374221801758
2011-02-17,61.36000061035156,61.709999084472656,38.63521957397461
2011-02-18,61.70000076293945,61.91999816894531,38.76668930053711
2011-02-22,60.630001068115234,60.150001525878906,37.658546447753906
2011-02-23,60.41999816894531,60.22999954223633,37.7086296081543
2011-02-24,60.349998474121094,60.279998779296875,37.739925384521484
2011-02-25,60.689998626708984,61.0,38.19070053100586
2011-02-28,61.619998931884766,61.54999923706055,38.535037994384766
2011-03-01,61.7599983215332,60.689998626708984,37.996620178222656
2011-03-02,60.810001373291016,61.0099983215332,38.19696807861328
2011-03-03,61.529998779296875,61.790000915527344,38.68531036376953
2011-03-04,61.56999969482422,61.22999954223633,38.334716796875
2011-03-07,61.4900016784668,60.63999938964844,37.9653205871582
2011-03-08,60.540000915527344,60.83000183105469,38.08427429199219
2011-03-09,60.84000015258789,60.849998474121094,38.09679412841797
2011-03-10,59.7400016784668,59.34000015258789,37.15142059326172
2011-03-11,58.84000015258789,59.34000015258789,37.15142059326172
2011-03-14,57.869998931884766,58.279998779296875,36.487770080566406
2011-03-15,55.20000076293945,57.060001373291016,35.72395706176758
2011-03-16,56.66999816894531,55.290000915527344,34.61581039428711
2011-03-17,57.220001220703125,57.130001068115234,35.76778793334961
2011-03-18,57.9900016784668,57.91999816894531,36.262386322021484
2011-03-21,58.970001220703125,59.349998474121094,37.157676696777344
2011-03-22,59.310001373291016,59.18000030517578,37.051246643066406
2011-03-23,58.81999969482422,59.25,37.095069885253906
2011-03-24,59.5099983215332,60.040000915527344,37.58966827392578
2011-03-25,59.58000183105469,59.380001068115234,37.17647171020508
2011-03-28,59.54999923706055,59.349998474121094,37.157676696777344
2011-03-29,59.20000076293945,59.65999984741211,37.35176086425781
2011-03-30,60.09000015258789,60.369998931884766,37.796268463134766
2011-03-31,60.0,60.08000183105469,37.61471176147461
2011-04-01,60.189998626708984,60.650001525878906,37.971588134765625
2011-04-04,60.81999969482422,60.72999954223633,38.02166748046875
2011-04-05,60.209999084472656,60.58000183105469,37.927757263183594
2011-04-06,60.83000183105469,61.08000183105469,38.24079895019531
2011-04-07,60.93000030517578,60.779998779296875,38.0529670715332
2011-04-08,61.5,61.279998779296875,38.36600875854492
2011-04-11,61.439998626708984,61.15999984741211,38.29087829589844
2011-04-12,60.880001068115234,60.59000015258789,37.93400955200195
2011-04-13,61.25,60.77000045776367,38.046714782714844
2011-04-14,60.58000183105469,61.040000915527344,38.21574783325195
2011-04-15,60.84000015258789,60.95000076293945,38.159400939941406
2011-04-18,59.61000061035156,59.70000076293945,37.37681198120117
2011-04-19,60.02000045776367,60.13999938964844,37.65227127075195
2011-04-20,61.540000915527344,61.66999816894531,38.610172271728516
2011-04-21,62.119998931884766,62.06999969482422,38.86061096191406
2011-04-25,62.13999938964844,62.06999969482422,38.86061096191406
2011-04-26,62.22999954223633,62.54999923706055,39.1611328125
2011-04-27,62.7599983215332,63.33000183105469,39.64946746826172
2011-04-28,63.290000915527344,63.7599983215332,39.91868209838867
2011-04-29,63.790000915527344,63.459999084472656,39.73085403442383
2011-05-02,64.12999725341797,63.869998931884766,39.987548828125
2011-05-03,63.650001525878906,63.349998474121094,39.6619873046875
2011-05-04,63.43000030517578,62.810001373291016,39.32390594482422
2011-05-05,62.11000061035156,61.56999969482422,38.54757308959961
2011-05-06,62.43000030517578,61.599998474121094,38.56635665893555
2011-05-09,61.619998931884766,62.040000915527344,38.84182357788086
2011-05-10,62.25,62.630001068115234,39.211212158203125
2011-05-11,62.29999923706055,61.369998931884766,38.4223518371582
2011-05-12,61.18000030517578,61.56999969482422,38.54757308959961
2011-05-13,61.45000076293945,60.61000061035156,37.946537017822266
2011-05-16,60.45000076293945,60.5,37.87767028808594
2011-05-17,60.18000030517578,60.630001068115234,37.95905685424805
2011-05-18,60.560001373291016,61.0,38.19070053100586
2011-05-19,61.18000030517578,61.349998474121094,38.40983581542969
2011-05-20,60.93000030517578,60.47999954223633,37.86513900756836
2011-05-23,59.08000183105469,59.08000183105469,36.98863983154297
2011-05-24,59.56999969482422,59.41999816894531,37.201507568359375
2011-05-25,59.2400016784668,59.79999923706055,37.43941116333008
2011-05-26,60.060001373291016,60.36000061035156,37.79001235961914
2011-05-27,60.68000030517578,60.79999923706055,38.06549072265625
2011-05-31,61.810001373291016,62.060001373291016,38.854347229003906
2011-06-01,61.720001220703125,60.59000015258789,37.93400955200195
2011-06-02,60.880001068115234,60.900001525878906,38.12809753417969
2011-06-03,60.279998779296875,60.93000030517578,38.146888732910156
2011-06-06,60.779998779296875,60.13999938964844,37.65227127075195
2011-06-07,60.900001525878906,60.689998626708984,37.996620178222656
2011-06-08,60.2400016784668,59.90999984741211,37.50828170776367
2011-06-09,60.11000061035156,60.529998779296875,37.89645004272461
2011-06-10,60.0,59.130001068115234,37.01994705200195
2011-06-13,59.349998474121094,59.220001220703125,37.0762825012207
2011-06-14,60.06999969482422,60.27000045776367,37.733665466308594
2011-06-15,59.08000183105469,58.290000915527344,36.49404525756836
2011-06-16,58.02000045776367,58.09000015258789,36.368812561035156
2011-06-17,58.880001068115234,58.65999984741211,36.72568893432617
2011-06-20,58.2400016784668,58.59000015258789,36.681861877441406
2011-06-21,59.15999984741211,59.86000061035156,37.47697448730469
2011-06-22,58.41999816894531,58.150001525878906,37.11381149291992
2011-06-23,57.060001373291016,57.650001525878906,36.79469299316406
2011-06-24,57.68000030517578,57.099998474121094,36.443660736083984
2011-06-27,57.060001373291016,57.56999969482422,36.74363708496094
2011-06-28,57.81999969482422,58.2599983215332,37.184017181396484
2011-06-29,58.900001525878906,59.279998779296875,37.83502960205078
2011-06-30,59.56999969482422,60.13999938964844,38.38393020629883
2011-07-01,60.04999923706055,60.79999923706055,38.805152893066406
2011-07-05,60.540000915527344,60.439998626708984,38.57539749145508
2011-07-06,59.93000030517578,60.060001373291016,38.332862854003906
2011-07-07,60.40999984741211,60.58000183105469,38.664756774902344
2011-07-08,59.91999816894531,59.83000183105469,38.186065673828125
2011-07-11,58.5099983215332,58.02000045776367,37.03084182739258
2011-07-12,57.66999816894531,57.630001068115234,36.78193283081055
2011-07-13,58.279998779296875,58.4900016784668,37.3308219909668
2011-07-14,58.79999923706055,57.97999954223633,37.00532150268555
2011-07-15,58.27000045776367,58.18000030517578,37.13296890258789
2011-07-18,57.439998626708984,57.31999969482422,36.58407974243164
2011-07-19,57.810001373291016,58.18000030517578,37.13296890258789
2011-07-20,58.70000076293945,58.869998931884766,37.57335662841797
2011-07-21,59.470001220703125,60.119998931884766,38.371150970458984
2011-07-22,60.15999984741211,60.18000030517578,38.40945053100586
2011-07-25,59.79999923706055,59.79999923706055,38.16691207885742
2011-07-26,60.119998931884766,60.15999984741211,38.396690368652344
2011-07-27,59.77000045776367,58.70000076293945,37.464847564697266
2011-07-28,58.61000061035156,58.560001373291016,37.37550354003906
2011-07-29,58.459999084472656,58.709999084472656,37.47122573852539
2011-08-01,59.369998931884766,57.970001220703125,36.99894332885742
2011-08-02,57.310001373291016,56.439998626708984,36.022422790527344
2011-08-03,56.79999923706055,56.77000045776367,36.23305130004883
2011-08-04,54.88999938964844,52.810001373291016,33.70560073852539
2011-08-05,54.0099983215332,53.7400016784668,34.299163818359375
2011-08-08,51.720001220703125,49.72999954223633,31.73981285095215
2011-08-09,51.68000030517578,53.08000183105469,33.8779296875
2011-08-10,51.630001068115234,49.90999984741211,31.85470199584961
2011-08-11,50.15999984741211,52.29999923706055,33.380104064941406
2011-08-12,52.849998474121094,52.900001525878906,33.7630500793457
2011-08-15,53.540000915527344,54.130001068115234,34.54808807373047
2011-08-16,53.189998626708984,53.34000015258789,34.04386901855469
2011-08-17,53.849998474121094,53.650001525878906,34.241722106933594
2011-08-18,51.70000076293945,51.040000915527344,32.575904846191406
2011-08-19,50.439998626708984,50.16999816894531,32.02063751220703
2011-08-22,51.720001220703125,50.4900016784668,32.224876403808594
2011-08-23,51.09000015258789,52.130001068115234,33.2715950012207
2011-08-24,51.709999084472656,52.150001525878906,33.284366607666016
2011-08-25,52.02000045776367,50.88999938964844,32.48017501831055
2011-08-26,50.720001220703125,51.689998626708984,32.99076461791992
2011-08-29,52.439998626708984,52.91999816894531,33.77581024169922
2011-08-30,52.33000183105469,52.61000061035156,33.57795333862305
2011-08-31,53.45000076293945,53.56999969482422,34.190670013427734
2011-09-01,53.310001373291016,52.90999984741211,33.76942825317383
2011-09-02,51.95000076293945,51.72999954223633,33.016292572021484
2011-09-06,49.29999923706055,50.029998779296875,31.931289672851562
2011-09-07,50.72999954223633,51.52000045776367,32.882266998291016
2011-09-08,50.790000915527344,50.5,32.23126220703125
2011-09-09,49.529998779296875,48.75,31.114330291748047
2011-09-12,47.7599983215332,48.540000915527344,30.980302810668945
2011-09-13,48.540000915527344,49.060001373291016,31.312198638916016
2011-09-14,49.22999954223633,49.79999923706055,31.784494400024414
2011-09-15,50.56999969482422,50.880001068115234,32.473793029785156
2011-09-16,50.970001220703125,50.900001525878906,32.48655700683594
2011-09-19,49.209999084472656,49.5,31.593021392822266
2011-09-20,49.709999084472656,49.70000076293945,31.72066307067871
2011-09-21,49.650001525878906,48.220001220703125,30.776071548461914
2011-09-22,46.709999084472656,46.65999984741211,29.78040885925293
2011-09-23,46.29999923706055,47.189998626708984,30.118669509887695
2011-09-26,47.5,48.15999984741211,30.737777709960938
2011-09-27,49.529998779296875,49.349998474121094,31.497282028198242
2011-09-28,49.630001068115234,48.5099983215332,30.96116065979004
2011-09-29,49.810001373291016,49.459999084472656,31.567493438720703
2011-09-30,48.25,47.779998779296875,30.495237350463867
2011-10-03,47.310001373291016,46.52000045776367,29.691051483154297
2011-10-04,46.02000045776367,47.29999923706055,30.188888549804688
2011-10-05,47.2400016784668,48.029998779296875,30.654802322387695
2011-10-06,48.0,49.31999969482422,31.478132247924805
2011-10-07,49.56999969482422,48.97999954223633,31.26112937927246
2011-10-10,50.150001525878906,50.849998474121094,32.45465087890625
2011-10-11,50.16999816894531,50.7599983215332,32.397193908691406
2011-10-12,51.45000076293945,51.5,32.8694953918457
2011-10-13,51.18000030517578,51.52000045776367,32.882266998291016
2011-10-14,52.0099983215332,52.119998931884766,33.26522445678711
2011-10-17,51.720001220703125,50.91999816894531,32.499324798583984
2011-10-18,50.81999969482422,51.650001525878906,32.96523666381836
2011-10-19,51.36000061035156,50.720001220703125,32.371673583984375
2011-10-20,50.869998931884766,50.849998474121094,32.45465087890625
2011-10-21,51.65999984741211,52.08000183105469,33.239688873291016
2011-10-24,52.060001373291016,52.86000061035156,33.73752212524414
2011-10-25,52.5099983215332,51.95000076293945,33.156715393066406
2011-10-26,52.84000015258789,52.65999984741211,33.60986328125
2011-10-27,55.060001373291016,55.56999969482422,35.4671516418457
2011-10-28,54.869998931884766,55.25,35.26291275024414
2011-10-31,53.63999938964844,52.380001068115234,33.4311637878418
2011-11-01,50.27000045776367,50.7400016784668,32.38445281982422
2011-11-02,51.15999984741211,51.16999816894531,32.658878326416016
2011-11-03,51.9900016784668,52.459999084472656,33.48221969604492
2011-11-04,51.849998474121094,51.79999923706055,33.060977935791016
2011-11-07,51.7400016784668,52.02000045776367,33.201385498046875
2011-11-08,52.29999923706055,52.650001525878906,33.60348892211914
2011-11-09,50.689998626708984,49.95000076293945,31.880224227905273
2011-11-10,50.95000076293945,50.540000915527344,32.25679016113281
2011-11-11,51.33000183105469,51.79999923706055,33.060977935791016
2011-11-14,51.189998626708984,50.880001068115234,32.473793029785156
2011-11-15,50.720001220703125,50.7400016784668,32.38445281982422
2011-11-16,50.20000076293945,49.77000045776367,31.765344619750977
2011-11-17,50.0099983215332,49.22999954223633,31.420692443847656
2011-11-18,49.810001373291016,49.400001525878906,31.529190063476562
2011-11-21,48.38999938964844,48.150001525878906,30.73138427734375
2011-11-22,48.099998474121094,48.0099983215332,30.64203453063965
2011-11-23,47.40999984741211,46.689998626708984,29.799564361572266
2011-11-25,46.599998474121094,46.45000076293945,29.646377563476562
2011-11-28,48.470001220703125,48.43000030517578,30.91010093688965
2011-11-29,48.65999984741211,48.75,31.114330291748047
2011-11-30,50.689998626708984,51.2400016784668,32.70356369018555
2011-12-01,50.97999954223633,50.79999923706055,32.42273712158203
2011-12-02,51.459999084472656,50.790000915527344,32.41636657714844
2011-12-05,51.7599983215332,51.369998931884766,32.78653335571289
2011-12-06,51.08000183105469,51.130001068115234,32.63335418701172
2011-12-07,50.790000915527344,51.4900016784668,32.863121032714844
2011-12-08,50.779998779296875,49.79999923706055,31.784494400024414
2011-12-09,50.2599983215332,51.040000915527344,32.575904846191406
2011-12-12,49.95000076293945,49.54999923706055,31.62492561340332
2011-12-13,49.779998779296875,48.880001068115234,31.197311401367188
2011-12-14,48.599998474121094,48.29999923706055,30.827119827270508
2011-12-15,48.880001068115234,48.540000915527344,30.980302810668945
2011-12-16,48.70000076293945,48.34000015258789,30.85265350341797
2011-12-19,48.58000183105469,47.88999938964844,30.565452575683594
2011-12-20,48.41999816894531,48.9900016784668,31.643478393554688
2011-12-21,48.66999816894531,48.72999954223633,31.475547790527344
2011-12-22,48.7400016784668,49.16999816894531,31.759742736816406
2011-12-23,49.25,49.5099983215332,31.97935676574707
2011-12-27,49.34000015258789,49.290000915527344,31.83725929260254
2011-12-28,49.150001525878906,48.400001525878906,31.26239776611328
2011-12-29,48.54999923706055,49.290000915527344,31.83725929260254
2011-12-30,49.27000045776367,49.529998779296875,31.992280960083008
2012-01-03,50.540000915527344,50.880001068115234,32.86426544189453
2012-01-04,50.56999969482422,50.58000183105469,32.67049026489258
2012-01-05,49.75,49.83000183105469,32.18606185913086
2012-01-06,49.650001525878906,49.150001525878906,31.74683380126953
2012-01-09,49.45000076293945,49.34000015258789,31.869556427001953
2012-01-10,50.18000030517578,50.09000015258789,32.353981018066406
2012-01-11,49.689998626708984,49.93000030517578,32.25065231323242
2012-01-12,50.13999938964844,50.13999938964844,32.386287689208984
2012-01-13,49.56999969482422,49.599998474121094,32.03748321533203
2012-01-17,50.25,50.189998626708984,32.418582916259766
2012-01-18,50.4900016784668,51.029998779296875,32.961158752441406
2012-01-19,51.38999938964844,51.65999984741211,33.36808776855469
2012-01-20,51.59000015258789,51.93000030517578,33.5424919128418
2012-01-23,52.02000045776367,52.130001068115234,33.67166519165039
2012-01-24,51.58000183105469,51.84000015258789,33.48434829711914
2012-01-25,51.599998474121094,52.380001068115234,33.83314895629883
2012-01-26,52.880001068115234,52.400001525878906,33.84605407714844
2012-01-27,52.2400016784668,52.4900016784668,33.90419387817383
2012-01-30,51.650001525878906,51.869998931884766,33.50371551513672
2012-01-31,52.41999816894531,52.13999938964844,33.678123474121094
2012-02-01,52.84000015258789,52.959999084472656,34.207767486572266
2012-02-02,53.08000183105469,53.06999969482422,34.27882766723633
2012-02-03,53.41999816894531,53.900001525878906,34.814945220947266
2012-02-06,53.369998931884766,53.63999938964844,34.64699935913086
2012-02-07,53.68000030517578,53.970001220703125,34.86014175415039
2012-02-08,54.099998474121094,54.15999984741211,34.982872009277344
2012-02-09,54.369998931884766,54.29999923706055,35.07329559326172
2012-02-10,53.29999923706055,53.27000045776367,34.40800476074219
2012-02-13,53.93000030517578,53.880001068115234,34.80201721191406
2012-02-14,53.630001068115234,53.47999954223633,34.54365921020508
2012-02-15,53.93000030517578,53.540000915527344,34.5824089050293
2012-02-16,53.400001525878906,54.279998779296875,35.06037902832031
2012-02-17,54.59000015258789,54.52000045776367,35.21540451049805
2012-02-21,54.709999084472656,54.529998779296875,35.22185516357422
2012-02-22,54.43000030517578,54.369998931884766,35.11851119995117
2012-02-23,54.43000030517578,54.81999969482422,35.4091796875
2012-02-24,55.04999923706055,55.150001525878906,35.622337341308594
2012-02-27,54.40999984741211,54.869998931884766,35.44146728515625
2012-02-28,55.029998779296875,55.380001068115234,35.77088928222656
2012-02-29,55.4900016784668,54.65999984741211,35.305843353271484
2012-03-01,54.959999084472656,55.279998779296875,35.706295013427734
2012-03-02,54.88999938964844,54.77000045776367,35.37688446044922
2012-03-05,54.65999984741211,54.47999954223633,35.1895637512207
2012-03-06,53.20000076293945,52.7400016784668,34.065673828125
2012-03-07,53.119998931884766,53.38999938964844,34.48552703857422
2012-03-08,54.2400016784668,54.540000915527344,35.228328704833984
2012-03-09,54.279998779296875,54.36000061035156,35.11206817626953
2012-03-12,54.15999984741211,54.220001220703125,35.02162551879883
2012-03-13,54.43000030517578,55.099998474121094,35.59003829956055
2012-03-14,54.9900016784668,54.61000061035156,35.27354049682617
2012-03-15,54.79999923706055,55.130001068115234,35.60941696166992
2012-03-16,55.540000915527344,55.5099983215332,35.85485076904297
2012-03-19,55.34000015258789,55.79999923706055,36.042179107666016
2012-03-20,55.02000045776367,55.13999938964844,35.61587142944336
2012-03-21,54.93000030517578,54.779998779296875,35.38334274291992
2012-03-22,54.20000076293945,54.400001525878906,35.137901306152344
2012-03-23,54.349998474121094,54.779998779296875,35.38334274291992
2012-03-26,55.189998626708984,55.47999954223633,35.83548355102539
2012-03-27,55.560001373291016,55.130001068115234,35.60941696166992
2012-03-28,55.150001525878906,54.75,35.36396789550781
2012-03-29,54.209999084472656,54.400001525878906,35.137901306152344
2012-03-30,54.84000015258789,54.88999938964844,35.45439147949219
2012-04-02,54.63999938964844,55.529998779296875,35.8677864074707
2012-04-03,55.209999084472656,54.560001373291016,35.24123764038086
2012-04-04,53.4900016784668,53.34000015258789,34.45322036743164
2012-04-05,52.869998931884766,53.02000045776367,34.24653625488281
2012-04-09,52.459999084472656,52.790000915527344,34.09796905517578
2012-04-10,52.61000061035156,51.65999984741211,33.36808776855469
2012-04-11,52.650001525878906,52.380001068115234,33.83314895629883
2012-04-12,52.630001068115234,53.34000015258789,34.45322036743164
2012-04-13,52.869998931884766,52.31999969482422,33.79438781738281
2012-04-16,52.72999954223633,52.70000076293945,34.03983688354492
2012-04-17,53.189998626708984,53.540000915527344,34.5824089050293
2012-04-18,53.16999816894531,53.2599983215332,34.40155029296875
2012-04-19,53.22999954223633,52.939998626708984,34.194854736328125
2012-04-20,53.31999969482422,53.45000076293945,34.52428436279297
2012-04-23,52.40999984741211,52.380001068115234,33.83314895629883
2012-04-24,52.61000061035156,52.79999923706055,34.104427337646484
2012-04-25,53.41999816894531,53.52000045776367,34.569488525390625
2012-04-26,53.29999923706055,53.84000015258789,34.77617263793945
2012-04-27,54.0,54.060001373291016,34.91828155517578
2012-04-30,53.81999969482422,53.75,34.718048095703125
2012-05-01,53.630001068115234,53.970001220703125,34.86014175415039
2012-05-02,53.310001373291016,53.54999923706055,34.58885955810547
2012-05-03,53.439998626708984,53.08000183105469,34.2852897644043
2012-05-04,52.79999923706055,52.27000045776367,33.7620964050293
2012-05-07,52.27000045776367,52.650001525878906,34.00754165649414
2012-05-08,52.029998779296875,51.84000015258789,33.48434829711914
2012-05-09,50.84000015258789,51.2400016784668,33.096797943115234
2012-05-10,51.75,51.47999954223633,33.2518196105957
2012-05-11,50.880001068115234,51.15999984741211,33.04513168334961
2012-05-14,50.36000061035156,50.18000030517578,32.41212463378906
2012-05-15,49.900001525878906,49.54999923706055,32.005191802978516
2012-05-16,49.560001373291016,49.060001373291016,31.688703536987305
2012-05-17,49.0,48.459999084472656,31.301151275634766
2012-05-18,48.68000030517578,48.11000061035156,31.0750732421875
2012-05-21,48.5,49.16999816894531,31.759742736816406
2012-05-22,49.20000076293945,48.9900016784668,31.643478393554688
2012-05-23,48.41999816894531,48.59000015258789,31.38511848449707
2012-05-24,48.529998779296875,48.27000045776367,31.178428649902344
2012-05-25,48.029998779296875,48.099998474121094,31.068620681762695
2012-05-29,48.689998626708984,48.709999084472656,31.462627410888672
2012-05-30,47.970001220703125,47.560001373291016,30.719816207885742
2012-05-31,47.77000045776367,47.7599983215332,30.849008560180664
2012-06-01,46.93000030517578,46.54999923706055,30.06743621826172
2012-06-04,46.9900016784668,46.939998626708984,30.319351196289062
2012-06-05,46.90999984741211,47.279998779296875,30.538970947265625
2012-06-06,47.65999984741211,48.599998474121094,31.39157485961914
2012-06-07,49.27000045776367,48.66999816894531,31.436779022216797
2012-06-08,47.939998626708984,48.5099983215332,31.33344841003418
2012-06-11,49.02000045776367,48.040000915527344,31.029861450195312
2012-06-12,48.5,48.84000015258789,31.54659080505371
2012-06-13,48.470001220703125,48.45000076293945,31.29468536376953
2012-06-14,48.41999816894531,48.810001373291016,31.527219772338867
2012-06-15,49.099998474121094,49.5,31.972898483276367
2012-06-18,49.2400016784668,49.36000061035156,31.88247299194336
2012-06-19,49.869998931884766,50.18000030517578,32.41212463378906
2012-06-20,50.41999816894531,50.470001220703125,32.59943771362305
2012-06-21,49.22999954223633,48.029998779296875,31.746129989624023
2012-06-22,48.5099983215332,48.439998626708984,32.01713943481445
2012-06-25,47.630001068115234,47.36000061035156,31.30329132080078
2012-06-26,47.619998931884766,47.66999816894531,31.50819969177246
2012-06-27,47.84000015258789,48.119998931884766,31.805622100830078
2012-06-28,47.779998779296875,48.220001220703125,31.871726989746094
2012-06-29,49.72999954223633,49.959999084472656,33.02180862426758
2012-07-02,50.099998474121094,50.290000915527344,33.239925384521484
2012-07-03,50.33000183105469,50.75,33.543968200683594
2012-07-05,49.95000076293945,49.90999984741211,32.98875427246094
2012-07-06,49.470001220703125,49.439998626708984,32.67809295654297
2012-07-09,49.16999816894531,49.33000183105469,32.60539245605469
2012-07-10,49.54999923706055,49.0,32.38726806640625
2012-07-11,49.22999954223633,49.150001525878906,32.486412048339844
2012-07-12,48.5099983215332,48.65999984741211,32.162540435791016
2012-07-13,48.689998626708984,49.349998474121094,32.61861038208008
2012-07-16,49.209999084472656,49.34000015258789,32.612003326416016
2012-07-17,49.47999954223633,49.47999954223633,32.70453643798828
2012-07-18,49.31999969482422,49.869998931884766,32.962310791015625
2012-07-19,50.119998931884766,50.33000183105469,33.266357421875
2012-07-20,49.400001525878906,49.150001525878906,32.486412048339844
2012-07-23,47.84000015258789,48.13999938964844,31.818851470947266
2012-07-24,48.08000183105469,47.619998931884766,31.475139617919922
2012-07-25,48.040000915527344,47.869998931884766,31.64038848876953
2012-07-26,49.18000030517578,49.33000183105469,32.60539245605469
2012-07-27,49.79999923706055,50.369998931884766,33.29280090332031
2012-07-30,50.09000015258789,50.310001373291016,33.25312805175781
2012-07-31,50.27000045776367,50.0,33.04823684692383
2012-08-01,50.349998474121094,50.0099983215332,33.05483627319336
2012-08-02,49.470001220703125,49.310001373291016,32.5921745300293
2012-08-03,50.38999938964844,50.9900016784668,33.70259094238281
2012-08-06,51.209999084472656,51.349998474121094,33.9405403137207
2012-08-07,51.779998779296875,51.779998779296875,34.22473907470703
2012-08-08,51.4900016784668,51.75,34.20492935180664
2012-08-09,51.630001068115234,51.779998779296875,34.22473907470703
2012-08-10,51.369998931884766,51.869998931884766,34.284236907958984
2012-08-13,51.72999954223633,51.619998931884766,34.11899948120117
2012-08-14,51.77000045776367,51.7400016784668,34.19831848144531
2012-08-15,51.56999969482422,51.59000015258789,34.09916687011719
2012-08-16,51.86000061035156,52.22999954223633,34.522178649902344
2012-08-17,52.31999969482422,52.29999923706055,34.568458557128906
2012-08-20,52.15999984741211,52.2400016784668,34.5287971496582
2012-08-21,52.650001525878906,52.540000915527344,34.727088928222656
2012-08-22,52.09000015258789,52.47999954223633,34.68743896484375
2012-08-23,52.27000045776367,52.18000030517578,34.48914337158203
2012-08-24,51.810001373291016,52.099998474121094,34.43626403808594
2012-08-27,52.2400016784668,52.130001068115234,34.45610427856445
2012-08-28,51.91999816894531,52.08000183105469,34.42304229736328
2012-08-29,52.029998779296875,51.91999816894531,34.31728744506836
2012-08-30,51.630001068115234,51.150001525878906,33.808349609375
2012-08-31,51.779998779296875,51.599998474121094,34.105777740478516
2012-09-04,51.470001220703125,51.34000015258789,33.93392562866211
2012-09-05,51.34000015258789,51.20000076293945,33.84139633178711
2012-09-06,51.619998931884766,52.470001220703125,34.680816650390625
2012-09-07,53.04999923706055,53.2599983215332,35.20298385620117
2012-09-10,53.04999923706055,52.84000015258789,34.92538070678711
2012-09-11,53.060001373291016,53.439998626708984,35.32195281982422
2012-09-12,53.88999938964844,53.790000915527344,35.55329132080078
2012-09-13,53.72999954223633,54.61000061035156,36.09528732299805
2012-09-14,55.18000030517578,55.150001525878906,36.45221710205078
2012-09-17,55.09000015258789,54.86000061035156,36.26051712036133
2012-09-18,54.560001373291016,54.630001068115234,36.10850524902344
2012-09-19,54.720001220703125,54.86000061035156,36.26051712036133
2012-09-20,54.16999816894531,54.5099983215332,36.02919006347656
2012-09-21,54.86000061035156,54.540000915527344,36.04901123046875
2012-09-24,54.11000061035156,54.349998474121094,35.923431396484375
2012-09-25,54.4900016784668,53.970001220703125,35.67226028442383
2012-09-26,53.540000915527344,53.43000030517578,35.315345764160156
2012-09-27,53.790000915527344,54.06999969482422,35.73835372924805
2012-09-28,53.5,53.0,35.03113555908203
2012-10-01,53.56999969482422,53.43000030517578,35.315345764160156
2012-10-02,53.95000076293945,53.63999938964844,35.45415115356445
2012-10-03,53.599998474121094,53.41999816894531,35.30873489379883
2012-10-04,53.810001373291016,54.06999969482422,35.73835372924805
2012-10-05,54.5099983215332,54.13999938964844,35.784629821777344
2012-10-08,53.810001373291016,53.81999969482422,35.573123931884766
2012-10-09,53.47999954223633,53.040000915527344,35.05757141113281
2012-10-10,53.04999923706055,52.88999938964844,34.958431243896484
2012-10-11,53.41999816894531,53.22999954223633,35.18314743041992
2012-10-12,53.369998931884766,53.16999816894531,35.14349365234375
2012-10-15,53.529998779296875,53.689998626708984,35.4871940612793
2012-10-16,54.22999954223633,54.58000183105469,36.07545852661133
2012-10-17,54.849998474121094,55.09000015258789,36.412540435791016
2012-10-18,54.900001525878906,54.880001068115234,36.273746490478516
2012-10-19,54.72999954223633,54.13999938964844,35.784629821777344
2012-10-22,54.5099983215332,54.52000045776367,36.03579330444336
2012-10-23,53.41999816894531,53.349998474121094,35.26246643066406
2012-10-24,53.68000030517578,53.380001068115234,35.28229522705078
2012-10-25,54.0,53.70000076293945,35.493797302246094
2012-10-26,53.54999923706055,53.619998931884766,35.44093704223633
2012-10-31,53.91999816894531,53.58000183105469,35.41449737548828
2012-11-01,53.849998474121094,54.209999084472656,35.830902099609375
2012-11-02,54.16999816894531,53.689998626708984,35.4871940612793
2012-11-05,53.560001373291016,53.560001373291016,35.401275634765625
2012-11-06,53.77000045776367,54.06999969482422,35.73835372924805
2012-11-07,53.5,53.2599983215332,35.20298385620117
2012-11-08,53.060001373291016,52.779998779296875,34.88571548461914
2012-11-09,52.5099983215332,52.79999923706055,34.8989372253418
2012-11-12,52.810001373291016,52.7599983215332,34.872493743896484
2012-11-13,52.2599983215332,52.5,34.700645446777344
2012-11-14,52.689998626708984,51.95000076293945,34.337120056152344
2012-11-15,52.189998626708984,52.119998931884766,34.44948196411133
2012-11-16,52.130001068115234,52.09000015258789,34.429656982421875
2012-11-19,52.790000915527344,53.220001220703125,35.176544189453125
2012-11-20,53.0,53.29999923706055,35.22941970825195
2012-11-21,53.349998474121094,53.38999938964844,35.288917541503906
2012-11-23,54.20000076293945,54.540000915527344,36.04901123046875
2012-11-26,54.2400016784668,54.40999984741211,35.96308898925781
2012-11-27,54.290000915527344,54.13999938964844,35.784629821777344
2012-11-28,53.83000183105469,54.529998779296875,36.04240798950195
2012-11-29,54.959999084472656,55.0,36.353057861328125
2012-11-30,55.029998779296875,55.06999969482422,36.39933395385742
2012-12-03,55.34000015258789,55.13999938964844,36.445594787597656
2012-12-04,55.31999969482422,55.279998779296875,36.53812789916992
2012-12-05,55.29999923706055,55.36000061035156,36.59101486206055
2012-12-06,55.45000076293945,55.470001220703125,36.66371536254883
2012-12-07,55.349998474121094,55.4900016784668,36.676937103271484
2012-12-10,55.33000183105469,55.54999923706055,36.71658706665039
2012-12-11,55.720001220703125,55.869998931884766,36.9280891418457
2012-12-12,56.040000915527344,56.04999923706055,37.04707336425781
2012-12-13,55.95000076293945,55.880001068115234,36.934715270996094
2012-12-14,55.939998626708984,56.08000183105469,37.06690216064453
2012-12-17,56.040000915527344,56.310001373291016,37.21892547607422
2012-12-18,55.95000076293945,56.279998779296875,37.60648727416992
2012-12-19,56.720001220703125,56.47999954223633,37.7401237487793
2012-12-20,56.68000030517578,56.86000061035156,37.99404525756836
2012-12-21,56.08000183105469,56.5099983215332,37.760169982910156
2012-12-24,56.439998626708984,56.36000061035156,37.65993881225586
2012-12-26,56.52000045776367,56.349998474121094,37.65325164794922
2012-12-27,56.65999984741211,56.61000061035156,37.82697677612305
2012-12-28,56.13999938964844,56.0099983215332,37.426063537597656
2012-12-31,56.2400016784668,56.86000061035156,37.99404525756836
2013-01-02,57.66999816894531,57.7400016784668,38.582061767578125
2013-01-03,57.33000183105469,57.18000030517578,38.20785903930664
2013-01-04,57.06999969482422,57.470001220703125,38.40164566040039
2013-01-07,57.02000045776367,57.220001220703125,38.234596252441406
2013-01-08,57.02000045776367,56.900001525878906,38.0207633972168
2013-01-09,57.09000015258789,57.189998626708984,38.214542388916016
2013-01-10,57.79999923706055,57.91999816894531,38.70233154296875
2013-01-11,58.0099983215332,58.040000915527344,38.78252029418945
2013-01-14,58.04999923706055,58.11000061035156,38.82930374145508
2013-01-15,57.75,58.02000045776367,38.7691535949707
2013-01-16,57.619998931884766,57.7400016784668,38.582061767578125
2013-01-17,58.13999938964844,58.209999084472656,38.8961067199707
2013-01-18,58.13999938964844,58.150001525878906,38.856021881103516
2013-01-22,58.029998779296875,58.18000030517578,38.87607192993164
2013-01-23,58.040000915527344,58.119998931884766,38.83597183227539
2013-01-24,58.220001220703125,58.400001525878906,39.0230712890625
2013-01-25,58.95000076293945,59.029998779296875,39.44403839111328
2013-01-28,58.810001373291016,58.7400016784668,39.250274658203125
2013-01-29,58.869998931884766,59.13999938964844,39.517547607421875
2013-01-30,59.16999816894531,59.20000076293945,39.557640075683594
2013-01-31,59.11000061035156,58.97999954223633,39.41062545776367
2013-02-01,59.36000061035156,59.45000076293945,39.724693298339844
2013-02-04,58.790000915527344,58.380001068115234,39.00970458984375
2013-02-05,58.540000915527344,58.650001525878906,39.19013977050781
2013-02-06,58.279998779296875,58.63999938964844,39.183441162109375
2013-02-07,58.59000015258789,58.15999984741211,38.86271286010742
2013-02-08,58.36000061035156,58.529998779296875,39.10994338989258
2013-02-11,58.529998779296875,58.470001220703125,39.069854736328125
2013-02-12,58.5,58.7599983215332,39.26362991333008
2013-02-13,59.040000915527344,58.900001525878906,39.357181549072266
2013-02-14,58.380001068115234,58.58000183105469,39.143348693847656
2013-02-15,58.65999984741211,58.43000030517578,39.043128967285156
2013-02-19,58.93000030517578,59.119998931884766,39.50417709350586
2013-02-20,59.25,58.540000915527344,39.116615295410156
2013-02-21,57.84000015258789,57.65999984741211,38.528602600097656
2013-02-22,58.119998931884766,58.4900016784668,39.08320999145508
2013-02-25,58.83000183105469,57.09000015258789,38.147727966308594
2013-02-26,57.68000030517578,57.54999923706055,38.45510482788086
2013-02-27,57.470001220703125,58.279998779296875,38.94288635253906
2013-02-28,58.2599983215332,58.220001220703125,38.90279769897461
2013-03-01,57.79999923706055,58.099998474121094,38.82261276245117
2013-03-04,57.95000076293945,58.349998474121094,38.989654541015625
2013-03-05,58.81999969482422,58.93000030517578,39.377227783203125
2013-03-06,59.18000030517578,59.08000183105469,39.477447509765625
2013-03-07,59.220001220703125,59.25,39.591041564941406
2013-03-08,59.290000915527344,59.380001068115234,39.67790985107422
2013-03-11,59.290000915527344,59.560001373291016,39.798194885253906
2013-03-12,59.529998779296875,59.2599983215332,39.59772872924805
2013-03-13,59.130001068115234,59.16999816894531,39.5375862121582
2013-03-14,59.43000030517578,59.75,39.92514419555664
2013-03-15,59.91999816894531,59.869998931884766,40.005332946777344
2013-03-18,59.119998931884766,59.209999084472656,39.56432342529297
2013-03-19,59.36000061035156,59.029998779296875,39.44403839111328
2013-03-20,59.439998626708984,59.38999938964844,39.684600830078125
2013-03-21,58.900001525878906,58.849998474121094,39.32376480102539
2013-03-22,59.18000030517578,59.36000061035156,39.66454315185547
2013-03-25,59.38999938964844,58.619998931884766,39.17008590698242
2013-03-26,58.83000183105469,58.9900016784668,39.41730880737305
2013-03-27,58.310001373291016,58.70000076293945,39.22353744506836
2013-03-28,58.81999969482422,58.97999954223633,39.41062545776367
2013-04-01,58.56999969482422,58.189998626708984,38.88275146484375
2013-04-02,58.84000015258789,58.810001373291016,39.29703140258789
2013-04-03,59.060001373291016,58.52000045776367,39.1032600402832
2013-04-04,58.720001220703125,59.040000915527344,39.45071029663086
2013-04-05,58.220001220703125,58.77000045776367,39.270301818847656
2013-04-08,58.7400016784668,59.0,39.42399215698242
2013-04-09,58.97999954223633,59.209999084472656,39.56432342529297
2013-04-10,59.75,60.09000015258789,40.15233612060547
2013-04-11,60.470001220703125,60.560001373291016,40.46638107299805
2013-04-12,60.279998779296875,60.40999984741211,40.36616134643555
2013-04-15,59.869998931884766,59.220001220703125,39.57099533081055
2013-04-16,59.900001525878906,60.060001373291016,40.132293701171875
2013-04-17,59.34000015258789,58.810001373291016,39.29703140258789
2013-04-18,58.91999816894531,58.630001068115234,39.1767578125
2013-04-19,59.0099983215332,59.099998474121094,39.490814208984375
2013-04-22,59.099998474121094,59.349998474121094,39.657859802246094
2013-04-23,59.84000015258789,60.189998626708984,40.21916198730469
2013-04-24,60.52000045776367,60.709999084472656,40.56662368774414
2013-04-25,61.0099983215332,61.029998779296875,40.78044891357422
2013-04-26,60.959999084472656,61.08000183105469,40.813865661621094
2013-04-29,61.36000061035156,61.86000061035156,41.335052490234375
2013-04-30,61.84000015258789,61.939998626708984,41.388511657714844
2013-05-01,62.0,61.56999969482422,41.14127731323242
2013-05-02,61.41999816894531,61.7599983215332,41.26823806762695
2013-05-03,62.310001373291016,62.54999923706055,41.79611587524414
2013-05-06,62.279998779296875,62.470001220703125,41.74265670776367
2013-05-07,62.560001373291016,62.56999969482422,41.80948257446289
2013-05-08,62.900001525878906,63.22999954223633,42.2504997253418
2013-05-09,62.900001525878906,62.619998931884766,41.84288787841797
2013-05-10,62.54999923706055,62.689998626708984,41.88965606689453
2013-05-13,62.619998931884766,62.65999984741211,41.86960983276367
2013-05-14,62.560001373291016,62.779998779296875,41.949806213378906
2013-05-15,62.689998626708984,63.04999923706055,42.130218505859375
2013-05-16,62.72999954223633,62.619998931884766,41.84288787841797
2013-05-17,62.650001525878906,63.04999923706055,42.130218505859375
2013-05-20,63.08000183105469,63.400001525878906,42.36408615112305
2013-05-21,63.150001525878906,63.529998779296875,42.450950622558594
2013-05-22,63.540000915527344,62.88999938964844,42.02329635620117
2013-05-23,61.33000183105469,61.9900016784668,41.42192459106445
2013-05-24,61.16999816894531,61.45000076293945,41.06108474731445
2013-05-28,61.970001220703125,61.61000061035156,41.168006896972656
2013-05-29,61.08000183105469,61.02000045776367,40.77376937866211
2013-05-30,61.029998779296875,61.2599983215332,40.93413543701172
2013-05-31,60.5099983215332,60.06999969482422,40.13897705078125
2013-06-03,60.08000183105469,60.29999923706055,40.29265594482422
2013-06-04,60.790000915527344,60.52000045776367,40.439666748046875
2013-06-05,59.83000183105469,59.16999816894531,39.5375862121582
2013-06-06,59.15999984741211,59.5,39.75809860229492
2013-06-07,59.540000915527344,60.29999923706055,40.29265594482422
2013-06-10,60.470001220703125,60.36000061035156,40.332759857177734
2013-06-11,59.47999954223633,59.619998931884766,39.838279724121094
2013-06-12,60.29999923706055,59.54999923706055,39.79149627685547
2013-06-13,59.689998626708984,60.459999084472656,40.399574279785156
2013-06-14,60.0099983215332,59.79999923706055,39.95854568481445
2013-06-17,60.869998931884766,60.65999984741211,40.53321838378906
2013-06-18,60.869998931884766,61.09000015258789,40.8205451965332
2013-06-19,61.040000915527344,59.95000076293945,40.05879211425781
2013-06-20,58.709999084472656,57.75,38.588741302490234
2013-06-21,58.41999816894531,57.939998626708984,38.715694427490234
2013-06-24,56.7400016784668,57.029998779296875,38.10763168334961
2013-06-25,57.529998779296875,57.7599983215332,38.595420837402344
2013-06-26,58.029998779296875,57.9900016784668,38.74911117553711
2013-06-27,57.33000183105469,57.40999984741211,39.139076232910156
2013-06-28,57.310001373291016,57.29999923706055,39.064083099365234
2013-07-01,57.810001373291016,57.84000015258789,39.43221664428711
2013-07-02,57.779998779296875,57.54999923706055,39.23451614379883
2013-07-03,57.11000061035156,57.56999969482422,39.248146057128906
2013-07-05,57.959999084472656,57.84000015258789,39.43221664428711
2013-07-08,58.04999923706055,58.20000076293945,39.67765426635742
2013-07-09,58.63999938964844,58.52000045776367,39.895809173583984
2013-07-10,58.5099983215332,58.689998626708984,40.01171112060547
2013-07-11,59.779998779296875,60.209999084472656,41.047969818115234
2013-07-12,59.77000045776367,59.810001373291016,40.77526092529297
2013-07-15,60.029998779296875,60.18000030517578,41.02750778198242
2013-07-16,60.130001068115234,60.13999938964844,41.00022888183594
2013-07-17,60.619998931884766,60.31999969482422,41.12295150756836
2013-07-18,60.4900016784668,60.720001220703125,41.39565658569336
2013-07-19,60.5099983215332,60.66999816894531,41.361568450927734
2013-07-22,60.810001373291016,61.0099983215332,41.593360900878906
2013-07-23,61.209999084472656,61.13999938964844,41.68198776245117
2013-07-24,61.369998931884766,61.060001373291016,41.62744903564453
2013-07-25,60.5,61.18000030517578,41.70926284790039
2013-07-26,60.630001068115234,60.79999923706055,41.450191497802734
2013-07-29,60.2400016784668,60.220001220703125,41.05477523803711
2013-07-30,60.470001220703125,60.209999084472656,41.047969818115234
2013-07-31,60.060001373291016,60.349998474121094,41.143402099609375
2013-08-01,61.119998931884766,61.16999816894531,41.702430725097656
2013-08-02,61.22999954223633,61.66999816894531,42.04330825805664
2013-08-05,61.400001525878906,61.540000915527344,41.954681396484375
2013-08-06,61.689998626708984,61.45000076293945,41.8933219909668
2013-08-07,61.20000076293945,61.18000030517578,41.70926284790039
2013-08-08,61.52000045776367,61.72999954223633,42.08422088623047
2013-08-09,61.650001525878906,61.84000015258789,42.159210205078125
2013-08-12,61.5099983215332,61.66999816894531,42.04330825805664
2013-08-13,61.83000183105469,62.06999969482422,42.31600570678711
2013-08-14,62.099998474121094,62.099998474121094,42.336463928222656
2013-08-15,61.33000183105469,61.58000183105469,41.981956481933594
2013-08-16,61.709999084472656,61.689998626708984,42.05693054199219
2013-08-19,61.619998931884766,61.25,41.75697326660156
2013-08-20,61.029998779296875,61.16999816894531,41.702430725097656
2013-08-21,60.77000045776367,60.45000076293945,41.21157455444336
2013-08-22,60.900001525878906,61.040000915527344,41.61381149291992
2013-08-23,61.380001068115234,61.56999969482422,41.97513198852539
2013-08-26,61.279998779296875,61.119998931884766,41.6683464050293
2013-08-27,60.43000030517578,60.08000183105469,40.95933532714844
2013-08-28,59.75,60.0099983215332,40.91161346435547
2013-08-29,59.86000061035156,59.90999984741211,40.84344482421875
2013-08-30,59.619998931884766,59.16999816894531,40.33893966674805
2013-09-03,60.5099983215332,60.310001373291016,41.11613464355469
2013-09-04,60.209999084472656,60.849998474121094,41.48427963256836
2013-09-05,60.59000015258789,60.79999923706055,41.450191497802734
2013-09-06,61.060001373291016,61.130001068115234,41.67516326904297
2013-09-09,61.4900016784668,61.970001220703125,42.247840881347656
2013-09-10,62.47999954223633,62.66999816894531,42.725059509277344
2013-09-11,62.41999816894531,62.88999938964844,42.875038146972656
2013-09-12,62.56999969482422,62.529998779296875,42.629608154296875
2013-09-13,62.61000061035156,62.83000183105469,42.834136962890625
2013-09-16,63.650001525878906,63.31999969482422,43.1682014465332
2013-09-17,63.16999816894531,63.36000061035156,43.195457458496094
2013-09-18,63.40999984741211,65.05000305175781,44.34762191772461
2013-09-19,65.06999969482422,64.73999786376953,44.136260986328125
2013-09-20,64.62999725341797,64.2699966430664,43.81584548950195
2013-09-23,64.29000091552734,64.25,43.802215576171875
2013-09-24,64.19999694824219,64.1500015258789,43.73404312133789
2013-09-25,64.11000061035156,64.22000122070312,43.78175354003906
2013-09-26,64.30000305175781,64.48999786376953,43.96583938598633
2013-09-27,64.19000244140625,64.26000213623047,43.80903244018555
2013-09-30,63.61000061035156,63.79999923706055,43.495426177978516
2013-10-01,63.869998931884766,64.13999938964844,43.72722244262695
2013-10-02,63.90999984741211,64.12000274658203,43.71358871459961
2013-10-03,63.9900016784668,63.70000076293945,43.42726135253906
2013-10-04,63.61000061035156,63.849998474121094,43.529518127441406
2013-10-07,63.060001373291016,63.189998626708984,43.079566955566406
2013-10-08,63.220001220703125,62.70000076293945,42.745513916015625
2013-10-09,62.93000030517578,62.970001220703125,42.9295768737793
2013-10-10,63.5099983215332,64.0999984741211,43.69994354248047
2013-10-11,64.11000061035156,64.44000244140625,43.9317512512207
2013-10-14,64.16999816894531,64.66000366210938,44.081729888916016
2013-10-15,64.4000015258789,64.3499984741211,43.87038803100586
2013-10-16,64.54000091552734,64.83000183105469,44.1976318359375
2013-10-17,65.19000244140625,65.69000244140625,44.7839469909668
2013-10-18,65.88999938964844,66.08000183105469,45.04981231689453
2013-10-21,65.98999786376953,66.18000030517578,45.117984771728516
2013-10-22,66.5199966430664,66.83999633789062,45.567928314208984
2013-10-23,66.20999908447266,66.19000244140625,45.12480163574219
2013-10-24,66.55999755859375,66.6500015258789,45.43841552734375
2013-10-25,66.44999694824219,66.45999908447266,45.308876037597656
2013-10-28,66.27999877929688,66.3499984741211,45.23387908935547
2013-10-29,66.41000366210938,66.48999786376953,45.32933044433594
2013-10-30,66.55999755859375,66.25,45.165706634521484
2013-10-31,66.06999969482422,65.87999725341797,44.91345977783203
2013-11-01,65.52999877929688,65.55999755859375,44.69530487060547
2013-11-04,65.68000030517578,65.87999725341797,44.91345977783203
2013-11-05,65.19999694824219,65.30999755859375,44.52485656738281
2013-11-06,65.88999938964844,65.87999725341797,44.91345977783203
2013-11-07,65.62000274658203,64.83999633789062,44.20444107055664
2013-11-08,64.69999694824219,65.22000122070312,44.463504791259766
2013-11-11,65.23999786376953,65.36000061035156,44.5589485168457
2013-11-12,65.18000030517578,65.13999938964844,44.40896987915039
2013-11-13,64.63999938964844,65.3499984741211,44.55214309692383
2013-11-14,65.3499984741211,65.6500015258789,44.75666427612305
2013-11-15,66.02999877929688,66.18000030517578,45.117984771728516
2013-11-18,66.55999755859375,66.18000030517578,45.117984771728516
2013-11-19,66.0199966430664,66.01000213623047,45.00209045410156
2013-11-20,66.08000183105469,65.55000305175781,44.68848419189453
2013-11-21,65.7699966430664,65.95999908447266,44.96800231933594
2013-11-22,65.94999694824219,66.1500015258789,45.09754180908203
2013-11-25,66.0999984741211,65.94999694824219,44.961177825927734
2013-11-26,65.81999969482422,65.94999694824219,44.961177825927734
2013-11-27,66.18000030517578,66.11000061035156,45.07026672363281
2013-11-29,66.5199966430664,66.23999786376953,45.15888977050781
2013-12-02,66.01000213623047,65.75,44.824832916259766
2013-12-03,65.41999816894531,65.29000091552734,44.511234283447266
2013-12-04,64.52999877929688,64.94000244140625,44.27262496948242
2013-12-05,64.7300033569336,64.56999969482422,44.0203742980957
2013-12-06,65.12999725341797,65.37000274658203,44.56576919555664
2013-12-09,65.25,65.30000305175781,44.518043518066406
2013-12-10,65.1500015258789,65.19000244140625,44.44306564331055
2013-12-11,65.19999694824219,64.58000183105469,44.027191162109375
2013-12-12,64.27999877929688,64.11000061035156,43.70676803588867
2013-12-13,64.0999984741211,64.06999969482422,43.67950439453125
2013-12-16,64.51000213623047,64.52999877929688,43.99309158325195
2013-12-17,64.36000061035156,64.25,43.802215576171875
2013-12-18,64.22000122070312,64.69999694824219,44.491249084472656
2013-12-19,64.48999786376953,64.69999694824219,44.491249084472656
2013-12-20,64.91000366210938,65.06999969482422,44.74567413330078
2013-12-23,65.48999786376953,65.73999786376953,45.2064094543457
2013-12-24,65.62999725341797,65.87000274658203,45.29580307006836
2013-12-26,66.16000366210938,66.2300033569336,45.543357849121094
2013-12-27,66.76000213623047,66.56999969482422,45.777156829833984
2013-12-30,66.73999786376953,66.8499984741211,45.969696044921875
2013-12-31,67.04000091552734,67.0999984741211,46.14161682128906
2014-01-02,66.20999908447266,65.91000366210938,45.323307037353516
2014-01-03,66.0199966430664,65.9800033569336,45.37144470214844
2014-01-06,66.05000305175781,65.9000015258789,45.316429138183594
2014-01-07,66.16999816894531,66.2699966430664,45.570858001708984
2014-01-08,66.31999969482422,66.25,45.55710983276367
2014-01-09,66.27999877929688,66.19999694824219,45.52273941040039
2014-01-10,66.5,66.80999755859375,45.94219207763672
2014-01-13,66.5199966430664,66.2300033569336,45.543357849121094
2014-01-14,66.41999816894531,66.76000213623047,45.90780258178711
2014-01-15,66.72000122070312,67.04000091552734,46.100364685058594
2014-01-16,66.93000030517578,67.01000213623047,46.07971954345703
2014-01-17,66.9800033569336,66.80999755859375,45.94219207763672
2014-01-21,67.19999694824219,67.12999725341797,46.16223907470703
2014-01-22,67.11000061035156,67.12999725341797,46.16223907470703
2014-01-23,66.88999938964844,66.68000030517578,45.85279846191406
2014-01-24,65.69000244140625,64.8499984741211,44.59438705444336
2014-01-27,64.87999725341797,64.55000305175781,44.388099670410156
2014-01-28,64.86000061035156,65.11000061035156,44.7731819152832
2014-01-29,64.26000213623047,64.37999725341797,44.27118682861328
2014-01-30,64.66000366210938,64.70999908447266,44.49811553955078
2014-01-31,63.33000183105469,63.61000061035156,43.741703033447266
2014-02-03,63.540000915527344,62.310001373291016,42.847747802734375
2014-02-04,62.77000045776367,63.029998779296875,43.34285354614258
2014-02-05,63.0,63.15999984741211,43.4322509765625
2014-02-06,63.720001220703125,64.27999877929688,44.202423095703125
2014-02-07,64.62000274658203,65.12000274658203,44.780059814453125
2014-02-10,64.93000030517578,64.9000015258789,44.62877655029297
2014-02-11,65.2699966430664,65.93000030517578,45.337059020996094
2014-02-12,65.94999694824219,66.04000091552734,45.41270446777344
2014-02-13,65.45999908447266,66.23999786376953,45.55023193359375
2014-02-14,66.16999816894531,66.48999786376953,45.72214889526367
2014-02-18,66.94000244140625,67.05999755859375,46.11410140991211
2014-02-19,66.91999816894531,66.61000061035156,45.80466842651367
2014-02-20,66.54000091552734,66.83999633789062,45.96282196044922
2014-02-21,67.1500015258789,66.97000122070312,46.052215576171875
2014-02-24,67.22000122070312,67.55000305175781,46.45106506347656
2014-02-25,67.56999969482422,67.38999938964844,46.341026306152344
2014-02-26,67.26000213623047,67.16000366210938,46.18288040161133
2014-02-27,66.9800033569336,67.38999938964844,46.341026306152344
2014-02-28,67.5,67.51000213623047,46.423545837402344
2014-03-03,66.37999725341797,66.08000183105469,45.44020462036133
2014-03-04,67.4000015258789,67.38999938964844,46.341026306152344
2014-03-05,67.29000091552734,67.33000183105469,46.299774169921875
2014-03-06,68.0199966430664,68.02999877929688,46.7811279296875
2014-03-07,67.91000366210938,67.66000366210938,46.526702880859375
2014-03-10,67.20999908447266,67.23999786376953,46.23787307739258
2014-03-11,67.11000061035156,66.75,45.900936126708984
2014-03-12,66.16000366210938,66.5,45.7290153503418
2014-03-13,66.63999938964844,65.26000213623047,44.8763427734375
2014-03-14,64.87000274658203,65.12000274658203,44.780059814453125
2014-03-17,65.62999725341797,65.94000244140625,45.34394454956055
2014-03-18,65.98999786376953,66.3499984741211,45.6258659362793
2014-03-19,66.27999877929688,65.54000091552734,45.068870544433594
2014-03-20,64.95999908447266,65.29000091552734,44.89697265625
2014-03-21,65.61000061035156,65.16000366210938,44.80756759643555
2014-03-24,65.61000061035156,65.33000183105469,44.924468994140625
2014-03-25,65.83000183105469,66.04000091552734,45.41270446777344
2014-03-26,66.56999969482422,66.02999877929688,45.40583038330078
2014-03-27,66.27999877929688,66.36000061035156,45.63275146484375
2014-03-28,66.86000061035156,66.86000061035156,45.97658157348633
2014-03-31,67.37000274658203,67.19999694824219,46.21038818359375
2014-04-01,67.5999984741211,67.62999725341797,46.50607681274414
2014-04-02,67.63999938964844,67.76000213623047,46.595462799072266
2014-04-03,67.68000030517578,67.56999969482422,46.464813232421875
2014-04-04,67.83999633789062,67.36000061035156,46.320396423339844
2014-04-07,67.26000213623047,67.04000091552734,46.100364685058594
2014-04-08,66.79000091552734,67.0,46.072853088378906
2014-04-09,67.55000305175781,67.86000061035156,46.66423416137695
2014-04-10,67.55000305175781,66.66000366210938,45.839054107666016
2014-04-11,66.3499984741211,66.26000213623047,45.56398391723633
2014-04-14,66.5999984741211,66.63999938964844,45.825294494628906
2014-04-15,66.52999877929688,66.36000061035156,45.63275146484375
2014-04-16,66.91000366210938,67.18000030517578,46.196624755859375
2014-04-17,67.27999877929688,67.52999877929688,46.43730163574219
2014-04-21,67.52999877929688,67.62000274658203,46.49919509887695
2014-04-22,67.83000183105469,67.9000015258789,46.69173812866211
2014-04-23,67.83999633789062,67.73999786376953,46.58171081542969
2014-04-24,67.72000122070312,67.7300033569336,46.57483673095703
2014-04-25,67.61000061035156,67.4000015258789,46.34790802001953
2014-04-28,67.62000274658203,67.61000061035156,46.4923210144043
2014-04-29,67.95999908447266,68.05000305175781,46.794891357421875
2014-04-30,68.05000305175781,68.31999969482422,46.98054504394531
2014-05-01,68.38999938964844,68.51000213623047,47.11121368408203
2014-05-02,68.26000213623047,68.4000015258789,47.03556442260742
2014-05-05,67.9000015258789,68.3499984741211,47.00117874145508
2014-05-06,68.36000061035156,68.2300033569336,46.91866683959961
2014-05-07,68.20999908447266,68.30999755859375,46.973670959472656
2014-05-08,68.41000366210938,68.31999969482422,46.98054504394531
2014-05-09,68.2699966430664,68.22000122070312,46.91179275512695
2014-05-12,68.4800033569336,68.66999816894531,47.22123336791992
2014-05-13,68.7699966430664,68.7699966430664,47.28998947143555
2014-05-14,68.75,68.63999938964844,47.20061111450195
2014-05-15,68.48999786376953,68.33999633789062,46.99430465698242
2014-05-16,68.3499984741211,68.48999786376953,47.097450256347656
2014-05-19,68.12000274658203,68.3499984741211,47.00117874145508
2014-05-20,68.11000061035156,67.91999816894531,46.70548629760742
2014-05-21,68.19999694824219,68.44999694824219,47.069950103759766
2014-05-22,68.45999908447266,68.54000091552734,47.13184356689453
2014-05-23,68.48999786376953,68.72000122070312,47.255619049072266
2014-05-27,69.22000122070312,69.20999908447266,47.59256362915039
2014-05-28,69.0199966430664,68.9800033569336,47.434410095214844
2014-05-29,69.27999877929688,69.4000015258789,47.72322463989258
2014-05-30,69.31999969482422,69.41000366210938,47.73009490966797
2014-06-02,69.63999938964844,69.55000305175781,47.82637023925781
2014-06-03,69.31999969482422,69.37999725341797,47.709468841552734
2014-06-04,69.2300033569336,69.36000061035156,47.695709228515625
2014-06-05,69.55999755859375,69.83999633789062,48.025779724121094
2014-06-06,70.0199966430664,70.22000122070312,48.287105560302734
2014-06-09,69.94999694824219,70.1500015258789,48.23896026611328
2014-06-10,69.8499984741211,70.0,48.13581466674805
2014-06-11,69.69000244140625,69.6500015258789,47.89513397216797
2014-06-12,69.87000274658203,69.66999816894531,47.90889358520508
2014-06-13,69.72000122070312,69.72000122070312,47.943275451660156
2014-06-16,69.5999984741211,69.73999786376953,47.95703125
2014-06-17,69.41000366210938,69.69000244140625,47.92263412475586
2014-06-18,69.7699966430664,70.29000091552734,48.33522415161133
2014-06-19,70.7300033569336,70.66999816894531,48.59653854370117
2014-06-20,70.56999969482422,70.55000305175781,48.514015197753906
2014-06-23,70.2300033569336,70.36000061035156,48.38336181640625
2014-06-24,70.20999908447266,69.91999816894531,48.08079147338867
2014-06-25,67.88999938964844,68.22000122070312,48.06388473510742
2014-06-26,68.12000274658203,68.2699966430664,48.099117279052734
2014-06-27,68.04000091552734,68.30999755859375,48.12730026245117
2014-06-30,68.16000366210938,68.37000274658203,48.16957092285156
2014-07-01,68.72000122070312,68.97000122070312,48.59229278564453
2014-07-02,68.94999694824219,69.08000183105469,48.669795989990234
2014-07-03,69.05999755859375,69.22000122070312,48.7684440612793
2014-07-07,68.69000244140625,68.68000030517578,48.38797378540039
2014-07-08,68.27999877929688,67.95999908447266,47.88071060180664
2014-07-09,67.88999938964844,68.18000030517578,48.03572082519531
2014-07-10,66.95999908447266,67.43000030517578,47.50729751586914
2014-07-11,67.33999633789062,67.47000122070312,47.535484313964844
2014-07-14,68.11000061035156,67.97000122070312,47.88775634765625
2014-07-15,68.02999877929688,67.80000305175781,47.767982482910156
2014-07-16,68.27999877929688,68.22000122070312,48.06388473510742
2014-07-17,67.81999969482422,67.3499984741211,47.45093536376953
2014-07-18,67.5199966430664,67.87999725341797,47.8243408203125
2014-07-21,67.45999908447266,67.62999725341797,47.648216247558594
2014-07-22,67.98999786376953,67.93000030517578,47.85957336425781
2014-07-23,68.19999694824219,68.06999969482422,47.95820999145508
2014-07-24,68.26000213623047,68.2300033569336,48.07093811035156
2014-07-25,68.11000061035156,67.94999694824219,47.87366485595703
2014-07-28,67.95999908447266,67.95999908447266,47.88071060180664
2014-07-29,68.1500015258789,67.81999969482422,47.78206253051758
2014-07-30,67.81999969482422,67.72000122070312,47.71162414550781
2014-07-31,67.02999877929688,66.58999633789062,46.91549301147461
2014-08-01,66.31999969482422,66.12999725341797,46.591400146484375
2014-08-04,66.41000366210938,66.44000244140625,46.809810638427734
2014-08-05,66.06999969482422,65.58999633789062,46.210941314697266
2014-08-06,65.08999633789062,65.43000030517578,46.09822082519531
2014-08-07,65.56999969482422,64.9000015258789,45.72480773925781
2014-08-08,64.83999633789062,65.27999877929688,45.99254608154297
2014-08-11,65.56999969482422,65.52999877929688,46.168663024902344
2014-08-12,65.43000030517578,65.4800033569336,46.13344955444336
2014-08-13,65.87000274658203,65.8499984741211,46.394126892089844
2014-08-14,66.0999984741211,66.19999694824219,46.64072799682617
2014-08-15,66.51000213623047,66.12999725341797,46.591400146484375
2014-08-18,66.43000030517578,66.55999755859375,46.89434814453125
2014-08-19,66.58999633789062,66.72000122070312,47.007076263427734
2014-08-20,66.33000183105469,66.51000213623047,46.859127044677734
2014-08-21,66.69000244140625,66.79000091552734,47.05638885498047
2014-08-22,66.5999984741211,66.47000122070312,46.83094024658203
2014-08-25,66.77999877929688,66.9000015258789,47.133888244628906
2014-08-26,66.9800033569336,66.91000366210938,47.14093780517578
2014-08-27,67.19000244140625,67.04000091552734,47.23253631591797
2014-08-28,66.62999725341797,66.73999786376953,47.02116775512695
2014-08-29,66.72000122070312,66.70999908447266,47.000022888183594
2014-09-02,66.91000366210938,66.83999633789062,47.09161376953125
2014-09-03,67.44999694824219,67.30999755859375,47.42276382446289
2014-09-04,67.22000122070312,66.98999786376953,47.19729995727539
2014-09-05,66.80000305175781,67.0,47.20435333251953
2014-09-08,66.5,66.29000091552734,46.704124450683594
2014-09-09,66.20999908447266,66.0999984741211,46.57025909423828
2014-09-10,66.0999984741211,66.4800033569336,46.83799362182617
2014-09-11,66.01000213623047,66.11000061035156,46.57730484008789
2014-09-12,66.05000305175781,66.0199966430664,46.5139045715332
2014-09-15,65.93000030517578,65.87999725341797,46.415260314941406
2014-09-16,65.52999877929688,66.16000366210938,46.61253356933594
2014-09-17,65.97000122070312,65.69000244140625,46.281402587890625
2014-09-18,66.05999755859375,66.19999694824219,46.64072799682617
2014-09-19,66.29000091552734,65.97000122070312,46.47867202758789
2014-09-22,65.88999938964844,65.68000030517578,46.274356842041016
2014-09-23,65.23999786376953,65.12999725341797,45.8868522644043
2014-09-24,65.13999938964844,65.45999908447266,46.11935043334961
2014-09-25,65.12000274658203,64.5,45.44298553466797
2014-09-26,64.70999908447266,64.7699966430664,45.633216857910156
2014-09-29,64.08000183105469,64.16999816894531,45.210487365722656
2014-09-30,63.9900016784668,64.12000274658203,45.175270080566406
2014-10-01,63.75,63.36000061035156,44.63981628417969
2014-10-02,63.0099983215332,62.68000030517578,44.16072463989258
2014-10-03,62.59000015258789,62.68000030517578,44.16072463989258
2014-10-06,63.02000045776367,63.08000183105469,44.44255065917969
2014-10-07,62.65999984741211,62.0099983215332,43.68867492675781
2014-10-08,62.08000183105469,62.9900016784668,44.3791389465332
2014-10-09,62.380001068115234,61.29999923706055,43.18846130371094
2014-10-10,61.0099983215332,60.380001068115234,42.540283203125
2014-10-13,61.04999923706055,60.29999923706055,42.48391342163086
2014-10-14,60.7400016784668,60.45000076293945,42.589595794677734
2014-10-15,60.04999923706055,60.09000015258789,42.33595657348633
2014-10-16,58.68000030517578,59.529998779296875,41.941410064697266
2014-10-17,60.459999084472656,60.63999938964844,42.72345733642578
2014-10-20,60.56999969482422,61.02000045776367,42.99119567871094
2014-10-21,61.34000015258789,61.75,43.5054931640625
2014-10-22,61.709999084472656,61.29999923706055,43.18846130371094
2014-10-23,61.81999969482422,61.88999938964844,43.604129791259766
2014-10-24,62.060001373291016,62.22999954223633,43.843685150146484
2014-10-27,61.68000030517578,61.880001068115234,43.59709930419922
2014-10-28,62.529998779296875,62.81999969482422,44.25936508178711
2014-10-29,63.0,62.34000015258789,43.92118835449219
2014-10-30,62.13999938964844,62.790000915527344,44.23823165893555
2014-10-31,63.709999084472656,63.95000076293945,45.05549621582031
2014-11-03,63.52000045776367,63.400001525878906,44.66799545288086
2014-11-04,62.939998626708984,63.040000915527344,44.41435623168945
2014-11-05,63.18000030517578,63.15999984741211,44.49890899658203
2014-11-06,63.02000045776367,62.81999969482422,44.25936508178711
2014-11-07,62.61000061035156,62.849998474121094,44.280494689941406
2014-11-10,63.09000015258789,63.130001068115234,44.4777717590332
2014-11-11,63.290000915527344,63.5099983215332,44.7454948425293
2014-11-12,62.810001373291016,62.970001220703125,44.365047454833984
2014-11-13,63.040000915527344,63.27000045776367,44.57640075683594
2014-11-14,62.880001068115234,63.36000061035156,44.63981628417969
2014-11-17,62.84000015258789,63.11000061035156,44.463680267333984
2014-11-18,63.58000183105469,63.79999923706055,44.94981384277344
2014-11-19,63.630001068115234,63.61000061035156,44.81595230102539
2014-11-20,62.970001220703125,63.22999954223633,44.54822540283203
2014-11-21,64.0199966430664,63.779998779296875,44.935726165771484
2014-11-24,64.05999755859375,64.1500015258789,45.19640350341797
2014-11-25,64.16000366210938,64.26000213623047,45.27389907836914
2014-11-26,64.33999633789062,64.51000213623047,45.450035095214844
2014-11-28,64.0999984741211,63.9900016784668,45.08367919921875
2014-12-01,64.02999877929688,63.93000030517578,45.04140853881836
2014-12-02,64.05999755859375,64.11000061035156,45.168212890625
2014-12-03,63.95000076293945,64.02999877929688,45.11185836791992
2014-12-04,63.86000061035156,63.81999969482422,44.96390151977539
2014-12-05,63.97999954223633,63.959999084472656,45.06254196166992
2014-12-08,63.59000015258789,63.400001525878906,44.66799545288086
2014-12-09,62.810001373291016,63.060001373291016,44.42844772338867
2014-12-10,62.900001525878906,62.2599983215332,43.86481857299805
2014-12-11,62.36000061035156,62.18000030517578,43.80845642089844
2014-12-12,62.0099983215332,60.97999954223633,42.96300506591797
2014-12-15,61.15999984741211,59.970001220703125,42.25141906738281
2014-12-16,60.02000045776367,60.400001525878906,42.55436325073242
2014-12-17,60.02000045776367,60.529998779296875,43.06304931640625
2014-12-18,61.220001220703125,61.61000061035156,43.83139419555664
2014-12-19,61.470001220703125,61.70000076293945,43.89542007446289
2014-12-22,61.970001220703125,62.0,44.108856201171875
2014-12-23,61.869998931884766,61.79999923706055,43.9665641784668
2014-12-24,61.880001068115234,62.08000183105469,44.165771484375
2014-12-26,62.27000045776367,62.2400016784668,44.27959060668945
2014-12-29,61.709999084472656,61.790000915527344,43.959449768066406
2014-12-30,61.439998626708984,61.220001220703125,43.55393600463867
2014-12-31,61.45000076293945,60.84000015258789,43.28358840942383
2015-01-02,61.04999923706055,60.58000183105469,43.098609924316406
2015-01-05,59.72999954223633,59.150001525878906,42.081275939941406
2015-01-06,59.099998474121094,58.47999954223633,41.60460662841797
2015-01-07,58.95000076293945,59.130001068115234,42.06703567504883
2015-01-08,59.4900016784668,59.93000030517578,42.63618850708008
2015-01-09,60.0,59.63999938964844,42.429866790771484
2015-01-12,59.709999084472656,59.5,42.33027267456055
2015-01-13,60.2400016784668,59.79999923706055,42.543697357177734
2015-01-14,59.5099983215332,59.630001068115234,42.4227409362793
2015-01-15,60.349998474121094,60.0099983215332,42.69309997558594
2015-01-16,60.08000183105469,60.790000915527344,43.248016357421875
2015-01-20,61.27000045776367,61.0,43.39741134643555
2015-01-21,60.97999954223633,61.47999954223633,43.73890686035156
2015-01-22,61.29999923706055,61.709999084472656,43.90254592895508
2015-01-23,61.599998474121094,61.36000061035156,43.653533935546875
2015-01-26,61.86000061035156,62.20000076293945,44.25114822387695
2015-01-27,62.06999969482422,62.290000915527344,44.31516647338867
2015-01-28,62.310001373291016,61.36000061035156,43.653533935546875
2015-01-29,61.88999938964844,62.20000076293945,44.25114822387695
2015-01-30,61.59000015258789,61.220001220703125,43.55393600463867
2015-02-02,61.630001068115234,61.959999084472656,44.08040237426758
2015-02-03,62.34000015258789,62.95000076293945,44.78471374511719
2015-02-04,62.619998931884766,62.43000030517578,44.41476821899414
2015-02-05,62.84000015258789,63.290000915527344,45.0265998840332
2015-02-06,62.689998626708984,62.5,44.46457290649414
2015-02-09,61.9900016784668,62.20000076293945,44.25114822387695
2015-02-10,62.59000015258789,62.77000045776367,44.656654357910156
2015-02-11,62.36000061035156,62.43000030517578,44.41476821899414
2015-02-12,62.86000061035156,63.400001525878906,45.1048583984375
2015-02-13,63.65999984741211,63.81999969482422,45.40365219116211
2015-02-17,63.70000076293945,63.970001220703125,45.5103759765625
2015-02-18,64.16000366210938,64.3499984741211,45.78071594238281
2015-02-19,64.3499984741211,64.43000030517578,45.8376350402832
2015-02-20,64.23999786376953,65.02999877929688,46.264488220214844
2015-02-23,64.68000030517578,64.80000305175781,46.100860595703125
2015-02-24,64.77999877929688,65.19999694824219,46.38543701171875
2015-02-25,65.0999984741211,65.25,46.42101287841797
2015-02-26,65.0999984741211,65.06999969482422,46.29294967651367
2015-02-27,65.12999725341797,65.0999984741211,46.31428909301758
2015-03-02,65.08000183105469,65.19999694824219,46.38543701171875
2015-03-03,64.95999908447266,64.80000305175781,46.100860595703125
2015-03-04,64.44000244140625,64.54000091552734,45.91588592529297
2015-03-05,64.73999786376953,64.69000244140625,46.02260971069336
2015-03-06,64.18000030517578,63.810001373291016,45.396549224853516
2015-03-09,63.779998779296875,63.90999984741211,45.46769332885742
2015-03-10,62.86000061035156,62.52000045776367,44.478797912597656
2015-03-11,62.630001068115234,62.68000030517578,44.59262466430664
2015-03-12,63.400001525878906,63.459999084472656,45.14754867553711
2015-03-13,62.95000076293945,63.09000015258789,44.884307861328125
2015-03-16,63.529998779296875,63.79999923706055,45.38943099975586
2015-03-17,63.47999954223633,63.63999938964844,45.27560043334961
2015-03-18,63.630001068115234,65.0,46.24314880371094
2015-03-19,64.23999786376953,64.23999786376953,45.702457427978516
2015-03-20,65.31999969482422,65.66000366210938,46.71270751953125
2015-03-23,65.87999725341797,65.98999786376953,46.947471618652344
2015-03-24,66.11000061035156,65.8499984741211,46.847869873046875
2015-03-25,66.08999633789062,65.54000091552734,46.62732696533203
2015-03-26,64.9800033569336,64.97000122070312,46.22180938720703
2015-03-27,64.9800033569336,65.13999938964844,46.342750549316406
2015-03-30,65.12999725341797,65.18000030517578,46.371212005615234
2015-03-31,64.13999938964844,64.16999816894531,45.65265655517578
2015-04-01,64.66000366210938,64.62999725341797,45.979923248291016
2015-04-02,65.01000213623047,65.19000244140625,46.37832260131836
2015-04-06,65.58999633789062,65.8499984741211,46.847869873046875
2015-04-07,65.94999694824219,65.76000213623047,46.78384017944336
2015-04-08,66.4000015258789,66.04000091552734,46.9830436706543
2015-04-09,66.0999984741211,66.12999725341797,47.04706954956055
2015-04-10,65.98999786376953,66.26000213623047,47.139549255371094
2015-04-13,65.95999908447266,65.83999633789062,46.84074783325195
2015-04-14,66.23999786376953,66.33000183105469,47.189361572265625
2015-04-15,66.51000213623047,66.62999725341797,47.40278625488281
2015-04-16,66.69999694824219,66.80999755859375,47.53084182739258
2015-04-17,65.94000244140625,65.97000122070312,46.93324279785156
2015-04-20,66.01000213623047,66.04000091552734,46.9830436706543
2015-04-21,66.62000274658203,66.62999725341797,47.40278625488281
2015-04-22,66.6500015258789,66.76000213623047,47.495269775390625
2015-04-23,66.38999938964844,67.01000213623047,47.673133850097656
2015-04-24,67.2699966430664,67.4000015258789,47.950592041015625
2015-04-27,67.7699966430664,67.7300033569336,48.18536376953125
2015-04-28,67.55999755859375,67.80999755859375,48.24227523803711
2015-04-29,67.30000305175781,67.22000122070312,47.822532653808594
2015-04-30,66.75,66.51000213623047,47.317413330078125
2015-05-01,66.86000061035156,67.25,47.843868255615234
2015-05-04,67.20999908447266,67.18000030517578,47.794071197509766
2015-05-05,66.9000015258789,66.18000030517578,47.08264923095703
2015-05-06,66.5999984741211,66.3499984741211,47.20358657836914
2015-05-07,66.05999755859375,66.12999725341797,47.04706954956055
2015-05-08,67.27999877929688,67.66000366210938,48.13556671142578
2015-05-11,67.16000366210938,67.06999969482422,47.7158088684082
2015-05-12,66.94999694824219,67.02999877929688,47.68735885620117
2015-05-13,67.72000122070312,67.52999877929688,48.04307174682617
2015-05-14,68.12999725341797,68.33999633789062,48.61933135986328
2015-05-15,68.11000061035156,68.41999816894531,48.67625427246094
2015-05-18,68.0999984741211,68.19000244140625,48.512630462646484
2015-05-19,67.91999816894531,67.93000030517578,48.32765197753906
2015-05-20,67.9000015258789,68.05999755859375,48.420127868652344
2015-05-21,68.16000366210938,68.41999816894531,48.67625427246094
2015-05-22,68.06999969482422,67.9800033569336,48.36321258544922
2015-05-26,67.36000061035156,66.76000213623047,47.495269775390625
2015-05-27,66.83999633789062,67.41000366210938,47.95771026611328
2015-05-28,67.05999755859375,67.29000091552734,47.872337341308594
2015-05-29,66.94999694824219,66.63999938964844,47.409908294677734
2015-06-01,66.80000305175781,66.45999908447266,47.28184509277344
2015-06-02,66.63999938964844,66.7699966430664,47.50239562988281
2015-06-03,67.02999877929688,67.13999938964844,47.76560974121094
2015-06-04,66.69999694824219,66.41999816894531,47.25338363647461
2015-06-05,65.47000122070312,65.62999725341797,46.691349029541016
2015-06-08,65.52999877929688,65.54000091552734,46.62732696533203
2015-06-09,65.19999694824219,65.18000030517578,46.371212005615234
2015-06-10,66.1500015258789,66.55000305175781,47.34587860107422
2015-06-11,66.80999755859375,66.7300033569336,47.473934173583984
2015-06-12,66.04000091552734,66.19999694824219,47.096866607666016
2015-06-15,65.38999938964844,65.80000305175781,46.81229782104492
2015-06-16,65.47000122070312,65.77999877929688,46.798072814941406
2015-06-17,65.54000091552734,65.62999725341797,46.691349029541016
2015-06-18,65.83000183105469,66.22000122070312,47.1110954284668
2015-06-19,66.16000366210938,66.05999755859375,46.99726104736328
2015-06-22,67.33000183105469,67.30999755859375,47.88655471801758
2015-06-23,67.41999816894531,67.48999786376953,48.014617919921875
2015-06-24,67.12999725341797,66.91000366210938,47.60199737548828
2015-06-25,66.06999969482422,65.7699966430664,47.580997467041016
2015-06-26,65.87000274658203,65.73999786376953,47.55930709838867
2015-06-29,64.43000030517578,63.720001220703125,46.09794998168945
2015-06-30,64.37000274658203,63.4900016784668,45.931549072265625
2015-07-01,64.2300033569336,63.900001525878906,46.2281608581543
2015-07-02,64.08000183105469,63.97999954223633,46.286041259765625
2015-07-06,62.63999938964844,62.689998626708984,45.35279846191406
2015-07-07,62.25,62.709999084472656,45.36726760864258
2015-07-08,61.720001220703125,61.25,44.311031341552734
2015-07-09,62.650001525878906,62.2599983215332,45.04171371459961
2015-07-10,64.18000030517578,64.30000305175781,46.51755142211914
2015-07-13,64.51000213623047,64.54000091552734,46.69116973876953
2015-07-14,64.79000091552734,65.08000183105469,47.08182907104492
2015-07-15,64.91999816894531,64.83999633789062,46.908199310302734
2015-07-16,65.44999694824219,65.4000015258789,47.31332778930664
2015-07-17,65.37000274658203,65.29000091552734,47.2337532043457
2015-07-20,65.48999786376953,65.45999908447266,47.35673904418945
2015-07-21,65.23999786376953,65.2699966430664,47.21928405761719
2015-07-22,64.58999633789062,64.7699966430664,46.85755920410156
2015-07-23,64.87999725341797,64.5999984741211,46.73457336425781
2015-07-24,64.44999694824219,63.88999938964844,46.220924377441406
2015-07-27,63.7400016784668,63.41999816894531,45.88090896606445
2015-07-28,63.869998931884766,64.22000122070312,46.45966720581055
2015-07-29,64.16999816894531,64.44999694824219,46.62604904174805
2015-07-30,64.20999908447266,64.4000015258789,46.58989715576172
2015-07-31,64.9800033569336,64.77999877929688,46.864784240722656
2015-08-03,64.8499984741211,64.61000061035156,46.741817474365234
2015-08-04,64.75,64.66000366210938,46.77798080444336
2015-08-05,65.0199966430664,65.0,47.023956298828125
2015-08-06,64.87999725341797,64.7300033569336,46.82862854003906
2015-08-07,64.38999938964844,64.61000061035156,46.741817474365234
2015-08-10,64.77999877929688,65.4000015258789,47.31332778930664
2015-08-11,64.5,64.4000015258789,46.58989715576172
2015-08-12,63.52000045776367,63.939998626708984,46.25709915161133
2015-08-13,63.83000183105469,63.900001525878906,46.2281608581543
2015-08-14,63.68000030517578,64.0,46.300514221191406
2015-08-17,63.459999084472656,63.880001068115234,46.21370315551758
2015-08-18,63.470001220703125,63.400001525878906,45.8664436340332
2015-08-19,62.900001525878906,62.84000015258789,45.46131134033203
2015-08-20,62.119998931884766,61.31999969482422,44.36167907714844
2015-08-21,61.13999938964844,59.91999816894531,43.348846435546875
2015-08-24,57.349998474121094,57.849998474121094,41.851322174072266
2015-08-25,60.380001068115234,58.400001525878906,42.24921417236328
2015-08-26,59.68000030517578,59.779998779296875,43.2475700378418
2015-08-27,60.06999969482422,60.5099983215332,43.77567672729492
2015-08-28,60.11000061035156,60.41999816894531,43.7105712890625
2015-08-31,60.040000915527344,59.970001220703125,43.3850212097168
2015-09-01,58.25,57.959999084472656,41.93088912963867
2015-09-02,58.93000030517578,58.81999969482422,42.553062438964844
2015-09-03,59.02000045776367,58.959999084472656,42.65434265136719
2015-09-04,57.709999084472656,57.61000061035156,41.67768859863281
2015-09-08,59.04999923706055,59.29999923706055,42.900306701660156
2015-09-09,60.22999954223633,59.060001373291016,42.726688385009766
2015-09-10,59.11000061035156,59.45000076293945,43.00883102416992
2015-09-11,59.02000045776367,59.439998626708984,43.0015983581543
2015-09-14,58.93000030517578,58.9900016784668,42.67604446411133
2015-09-15,58.880001068115234,59.38999938964844,42.96542739868164
2015-09-16,59.900001525878906,60.29999923706055,43.62376022338867
2015-09-17,59.939998626708984,60.33000183105469,43.64546203613281
2015-09-18,59.189998626708984,58.81999969482422,42.553062438964844
2015-09-21,59.0,58.790000915527344,42.5313606262207
2015-09-22,57.40999984741211,57.38999938964844,41.518531799316406
2015-09-23,57.470001220703125,57.119998931884766,41.32320022583008
2015-09-24,56.63999938964844,56.959999084472656,41.20745086669922
2015-09-25,57.81999969482422,57.459999084472656,41.56916809082031
2015-09-28,57.02000045776367,56.33000183105469,40.75167465209961
2015-09-29,56.130001068115234,56.25,40.69380569458008
2015-09-30,57.150001525878906,57.31999969482422,41.46788787841797
2015-10-01,57.66999816894531,57.5,41.598106384277344
2015-10-02,57.25,58.47999954223633,42.307090759277344
2015-10-05,59.220001220703125,59.63999938964844,43.14628219604492
2015-10-06,59.63999938964844,59.709999084472656,43.196922302246094
2015-10-07,60.369998931884766,60.459999084472656,43.73950958251953
2015-10-08,60.060001373291016,60.939998626708984,44.08675765991211
2015-10-09,61.04999923706055,61.04999923706055,44.16633605957031
2015-10-12,60.93000030517578,60.93000030517578,44.079532623291016
2015-10-13,60.119998931884766,60.15999984741211,43.522483825683594
2015-10-14,60.31999969482422,60.279998779296875,43.609291076660156
2015-10-15,60.7599983215332,61.310001373291016,44.35444259643555
2015-10-16,61.220001220703125,61.2599983215332,44.31826400756836
2015-10-19,61.0,61.04999923706055,44.16633605957031
2015-10-20,60.779998779296875,60.79999923706055,43.98549270629883
2015-10-21,61.16999816894531,60.77000045776367,43.96377944946289
2015-10-22,61.11000061035156,61.45000076293945,44.45571517944336
2015-10-23,61.9900016784668,62.060001373291016,44.89702606201172
2015-10-26,61.970001220703125,61.83000183105469,44.730628967285156
2015-10-27,61.369998931884766,61.290000915527344,44.33997344970703
2015-10-28,61.540000915527344,61.689998626708984,44.62934875488281
2015-10-29,60.959999084472656,61.2400016784668,44.30379867553711
2015-10-30,61.2599983215332,61.11000061035156,44.209747314453125
2015-11-02,61.439998626708984,61.689998626708984,44.62934875488281
2015-11-03,61.290000915527344,61.66999816894531,44.614871978759766
2015-11-04,61.720001220703125,61.33000183105469,44.36890411376953
2015-11-05,61.45000076293945,61.220001220703125,44.28933334350586
2015-11-06,60.84000015258789,60.939998626708984,44.08675765991211
2015-11-09,60.560001373291016,60.310001373291016,43.6309928894043
2015-11-10,60.029998779296875,60.27000045776367,43.60205841064453
2015-11-11,60.79999923706055,60.58000183105469,43.826332092285156
2015-11-12,60.060001373291016,59.790000915527344,43.25481033325195
2015-11-13,59.5,59.290000915527344,42.89308547973633
2015-11-16,59.34000015258789,60.040000915527344,43.43566131591797
2015-11-17,60.29999923706055,60.20000076293945,43.55141067504883
2015-11-18,60.38999938964844,60.75,43.949310302734375
2015-11-19,61.11000061035156,61.060001373291016,44.17357635498047
2015-11-20,61.2400016784668,60.91999816894531,44.072288513183594
2015-11-23,60.7599983215332,60.540000915527344,43.797393798828125
2015-11-24,60.099998474121094,60.54999923706055,43.80462646484375
2015-11-25,60.63999938964844,60.689998626708984,43.90589904785156
2015-11-27,60.7599983215332,60.70000076293945,43.91313934326172
2015-11-30,60.790000915527344,60.650001525878906,43.87696838378906
2015-12-01,61.13999938964844,61.290000915527344,44.33997344970703
2015-12-02,61.0099983215332,60.63999938964844,43.869728088378906
2015-12-03,60.95000076293945,60.349998474121094,43.659934997558594
2015-12-04,60.13999938964844,60.84000015258789,44.01441192626953
2015-12-07,60.560001373291016,60.45000076293945,43.732276916503906
2015-12-08,59.41999816894531,59.560001373291016,43.088409423828125
2015-12-09,59.56999969482422,59.290000915527344,42.89308547973633
2015-12-10,59.560001373291016,59.29999923706055,42.900306701660156
2015-12-11,58.5,58.16999816894531,42.082820892333984
2015-12-14,58.41999816894531,58.2599983215332,42.14793395996094
2015-12-15,58.619998931884766,58.54999923706055,42.35773468017578
2015-12-16,59.220001220703125,59.72999954223633,43.21139907836914
2015-12-17,59.65999984741211,58.970001220703125,42.66157913208008
2015-12-18,58.689998626708984,58.349998474121094,42.21303939819336
2015-12-21,58.5,58.11000061035156,42.40864181518555
2015-12-22,58.290000915527344,58.54999923706055,42.7297477722168
2015-12-23,59.099998474121094,59.529998779296875,43.444942474365234
2015-12-24,59.279998779296875,59.43000030517578,43.3719596862793
2015-12-28,59.29999923706055,59.290000915527344,43.26979446411133
2015-12-29,59.72999954223633,59.880001068115234,43.700374603271484
2015-12-30,59.650001525878906,59.52000045776367,43.437644958496094
2015-12-31,59.130001068115234,58.720001220703125,42.85380554199219
2016-01-04,57.81999969482422,57.81999969482422,42.196990966796875
2016-01-05,57.709999084472656,57.72999954223633,42.13130569458008
2016-01-06,56.529998779296875,56.779998779296875,41.43799591064453
2016-01-07,55.720001220703125,55.599998474121094,40.57683181762695
2016-01-08,55.93000030517578,54.93000030517578,40.08787155151367
2016-01-11,55.560001373291016,55.15999984741211,40.25572204589844
2016-01-12,55.630001068115234,55.41999816894531,40.445472717285156
2016-01-13,55.79999923706055,54.560001373291016,39.817848205566406
2016-01-14,54.77000045776367,55.2599983215332,40.328697204589844
2016-01-15,53.459999084472656,53.2599983215332,38.86909866333008
2016-01-19,54.189998626708984,53.75,39.226707458496094
2016-01-20,52.65999984741211,52.529998779296875,38.33634948730469
2016-01-21,52.31999969482422,52.91999816894531,38.620967864990234
2016-01-22,54.20000076293945,54.47999954223633,39.75944900512695
2016-01-25,54.060001373291016,53.75,39.226707458496094
2016-01-26,54.04999923706055,54.709999084472656,39.927310943603516
2016-01-27,54.599998474121094,54.36000061035156,39.67188262939453
2016-01-28,54.86000061035156,54.52000045776367,39.78864669799805
2016-01-29,54.75,55.47999954223633,40.489253997802734
2016-02-01,55.02000045776367,55.41999816894531,40.445472717285156
2016-02-02,54.630001068115234,54.130001068115234,39.5040283203125
2016-02-03,54.41999816894531,54.58000183105469,39.83244323730469
2016-02-04,54.22999954223633,54.650001525878906,39.88352966308594
2016-02-05,54.40999984741211,53.810001373291016,39.27049255371094
2016-02-08,52.939998626708984,52.810001373291016,38.54069137573242
2016-02-09,51.66999816894531,52.20000076293945,38.09550857543945
2016-02-10,52.380001068115234,52.13999938964844,38.051727294921875
2016-02-11,51.43000030517578,51.380001068115234,37.49708938598633
2016-02-12,51.529998779296875,52.279998779296875,38.153892517089844
2016-02-16,53.20000076293945,53.34000015258789,38.927486419677734
2016-02-17,53.790000915527344,54.2599983215332,39.598899841308594
2016-02-18,54.4900016784668,53.97999954223633,39.394554138183594
2016-02-19,53.56999969482422,53.91999816894531,39.35076904296875
2016-02-22,54.31999969482422,54.529998779296875,39.79594421386719
2016-02-23,54.18000030517578,53.63999938964844,39.146427154541016
2016-02-24,52.75,53.45000076293945,39.00777053833008
2016-02-25,53.75,54.09000015258789,39.474830627441406
2016-02-26,54.369998931884766,53.95000076293945,39.372657775878906
2016-02-29,53.84000015258789,53.630001068115234,39.139137268066406
2016-03-01,54.40999984741211,55.029998779296875,40.16084671020508
2016-03-02,55.0,55.40999984741211,40.43816375732422
2016-03-03,55.560001373291016,55.95000076293945,40.83226013183594
2016-03-04,56.34000015258789,56.36000061035156,41.13148498535156
2016-03-07,55.779998779296875,56.290000915527344,41.08039093017578
2016-03-08,56.04999923706055,55.7400016784668,40.67900848388672
2016-03-09,55.9900016784668,55.95000076293945,40.83226013183594
2016-03-10,56.400001525878906,55.86000061035156,40.76658248901367
2016-03-11,56.869998931884766,57.31999969482422,41.83208465576172
2016-03-14,57.2400016784668,57.20000076293945,41.744510650634766
2016-03-15,56.61000061035156,56.65999984741211,41.350425720214844
2016-03-16,56.22999954223633,57.15999984741211,41.71531677246094
2016-03-17,57.189998626708984,57.599998474121094,42.03642654418945
2016-03-18,57.5099983215332,57.5,41.96345138549805
2016-03-21,57.36000061035156,57.40999984741211,41.89777374267578
2016-03-22,56.95000076293945,57.310001373291016,41.82479476928711
2016-03-23,57.15999984741211,56.72999954223633,41.401519775390625
2016-03-24,56.02000045776367,56.349998474121094,41.124176025390625
2016-03-28,56.7400016784668,56.689998626708984,41.37232208251953
2016-03-29,56.41999816894531,57.29999923706055,41.81748962402344
2016-03-30,57.790000915527344,57.72999954223633,42.13130569458008
2016-03-31,57.459999084472656,57.15999984741211,41.71531677246094
2016-04-01,55.9900016784668,56.54999923706055,41.2701416015625
2016-04-04,56.70000076293945,56.43000030517578,41.18256378173828
2016-04-05,55.41999816894531,55.31999969482422,40.372493743896484
2016-04-06,55.5099983215332,56.220001220703125,41.02930450439453
2016-04-07,55.7599983215332,55.400001525878906,40.43087387084961
2016-04-08,56.5099983215332,56.459999084472656,41.20446014404297
2016-04-11,56.83000183105469,56.4900016784668,41.22636032104492
2016-04-12,56.939998626708984,57.33000183105469,41.839385986328125
2016-04-13,58.13999938964844,58.2400016784668,42.50349807739258
2016-04-14,58.540000915527344,58.43000030517578,42.64215850830078
2016-04-15,58.38999938964844,58.29999923706055,42.54729080200195
2016-04-18,58.220001220703125,58.79999923706055,42.91218948364258
2016-04-19,59.689998626708984,59.81999969482422,43.65658950805664
2016-04-20,59.790000915527344,59.869998931884766,43.69308090209961
2016-04-21,59.779998779296875,59.5099983215332,43.43034744262695
2016-04-22,59.45000076293945,59.540000915527344,43.452247619628906
2016-04-25,59.2400016784668,59.2400016784668,43.233299255371094
2016-04-26,59.470001220703125,59.45000076293945,43.386566162109375
2016-04-27,59.27000045776367,59.4900016784668,43.41575241088867
2016-04-28,58.779998779296875,58.68000030517578,42.824615478515625
2016-04-29,58.720001220703125,58.43000030517578,42.64215850830078
2016-05-02,58.900001525878906,58.97999954223633,43.04354476928711
2016-05-03,58.400001525878906,58.0099983215332,42.33564376831055
2016-05-04,57.52000045776367,57.34000015258789,41.846683502197266
2016-05-05,57.29999923706055,57.220001220703125,41.75910568237305
2016-05-06,56.970001220703125,57.380001068115234,41.87587356567383
2016-05-09,57.52000045776367,57.2599983215332,41.78829574584961
2016-05-10,57.689998626708984,58.08000183105469,42.386741638183594
2016-05-11,57.70000076293945,57.58000183105469,42.02183532714844
2016-05-12,58.06999969482422,57.560001373291016,42.007240295410156
2016-05-13,57.11000061035156,56.970001220703125,41.57666778564453
2016-05-16,57.15999984741211,57.650001525878906,42.07292556762695
2016-05-17,57.54999923706055,57.22999954223633,41.76639938354492
2016-05-18,57.290000915527344,57.25,41.781002044677734
2016-05-19,56.90999984741211,56.84000015258789,41.481781005859375
2016-05-20,57.31999969482422,57.310001373291016,41.82479476928711
2016-05-23,57.099998474121094,57.119998931884766,41.68612289428711
2016-05-24,57.5099983215332,57.95000076293945,42.2918586730957
2016-05-25,58.380001068115234,58.560001373291016,42.73704528808594
2016-05-26,58.779998779296875,58.720001220703125,42.85380554199219
2016-05-27,58.619998931884766,58.65999984741211,42.81001663208008
2016-05-31,58.900001525878906,58.380001068115234,42.605682373046875
2016-06-01,58.099998474121094,58.33000183105469,42.569183349609375
2016-06-02,58.0,58.33000183105469,42.569183349609375
2016-06-03,58.540000915527344,58.709999084472656,42.84650421142578
2016-06-06,58.900001525878906,59.040000915527344,43.08734893798828
2016-06-07,59.4900016784668,59.470001220703125,43.40115737915039
2016-06-08,59.650001525878906,59.59000015258789,43.488731384277344
2016-06-09,58.86000061035156,58.86000061035156,42.95597839355469
2016-06-10,57.619998931884766,57.150001525878906,41.70802307128906
2016-06-13,56.40999984741211,56.31999969482422,41.10228729248047
2016-06-14,55.72999954223633,55.41999816894531,40.445472717285156
2016-06-15,55.900001525878906,55.790000915527344,40.71550369262695
2016-06-16,55.0,55.90999984741211,40.80307388305664
2016-06-17,56.099998474121094,56.459999084472656,41.20446014404297
2016-06-20,58.20000076293945,57.86000061035156,42.22618865966797
2016-06-21,58.34000015258789,58.33000183105469,42.569183349609375
2016-06-22,57.38999938964844,57.119998931884766,42.54310989379883
2016-06-23,58.34000015258789,58.70000076293945,43.719905853271484
2016-06-24,53.88999938964844,53.65999984741211,39.96609878540039
2016-06-27,52.90999984741211,52.630001068115234,39.198951721191406
2016-06-28,53.86000061035156,54.0099983215332,40.226783752441406
2016-06-29,54.810001373291016,55.0,40.96412658691406
2016-06-30,55.11000061035156,55.81999969482422,41.57486343383789
2016-07-01,55.84000015258789,55.81999969482422,41.57486343383789
2016-07-05,55.13999938964844,54.7400016784668,40.770484924316406
2016-07-06,54.11000061035156,54.63999938964844,40.696006774902344
2016-07-07,54.7400016784668,54.41999816894531,40.53214645385742
2016-07-08,55.040000915527344,55.25,41.150333404541016
2016-07-11,55.9900016784668,56.060001373291016,41.75362014770508
2016-07-12,56.86000061035156,56.81999969482422,42.319671630859375
2016-07-13,56.959999084472656,56.7599983215332,42.274986267089844
2016-07-14,57.290000915527344,57.25,42.63994216918945
2016-07-15,57.099998474121094,56.959999084472656,42.4239387512207
2016-07-18,56.959999084472656,57.099998474121094,42.5282096862793
2016-07-19,56.650001525878906,56.650001525878906,42.193058013916016
2016-07-20,57.0099983215332,57.15999984741211,42.572906494140625
2016-07-21,56.97999954223633,56.93000030517578,42.40160369873047
2016-07-22,57.04999923706055,57.040000915527344,42.48352813720703
2016-07-25,57.08000183105469,56.970001220703125,42.43140411376953
2016-07-26,57.189998626708984,57.209999084472656,42.61014938354492
2016-07-27,57.47999954223633,57.41999816894531,42.76655197143555
2016-07-28,57.380001068115234,57.36000061035156,42.721866607666016
2016-07-29,57.84000015258789,58.040000915527344,43.228328704833984
2016-08-01,57.86000061035156,57.65999984741211,42.9453125
2016-08-02,57.529998779296875,57.369998931884766,42.729312896728516
2016-08-03,56.88999938964844,57.16999816894531,42.58035659790039
2016-08-04,57.349998474121094,57.5,42.826141357421875
2016-08-05,57.5,57.7599983215332,43.0197868347168
2016-08-08,57.86000061035156,57.880001068115234,43.109161376953125
2016-08-09,58.13999938964844,58.34000015258789,43.4517707824707
2016-08-10,58.720001220703125,58.540000915527344,43.600730895996094
2016-08-11,58.81999969482422,58.959999084472656,43.913551330566406
2016-08-12,58.9900016784668,58.810001373291016,43.80182647705078
2016-08-15,59.0,59.040000915527344,43.973140716552734
2016-08-16,58.93000030517578,58.95000076293945,43.906105041503906
2016-08-17,58.790000915527344,58.93000030517578,43.891204833984375
2016-08-18,58.88999938964844,59.22999954223633,44.114654541015625
2016-08-19,58.619998931884766,58.790000915527344,43.78694152832031
2016-08-22,58.61000061035156,58.849998474121094,43.83161163330078
2016-08-23,59.2400016784668,59.099998474121094,44.017822265625
2016-08-24,59.130001068115234,58.959999084472656,43.913551330566406
2016-08-25,58.7599983215332,58.720001220703125,43.734798431396484
2016-08-26,58.810001373291016,58.369998931884766,43.47411346435547
2016-08-29,58.2400016784668,58.54999923706055,43.60818862915039
2016-08-30,58.599998474121094,58.470001220703125,43.54859924316406
2016-08-31,58.400001525878906,58.349998474121094,43.4592170715332
2016-09-01,58.619998931884766,58.75,43.75714111328125
2016-09-02,59.29999923706055,59.43000030517578,44.26360321044922
2016-09-06,59.560001373291016,59.83000183105469,44.561527252197266
2016-09-07,59.9900016784668,59.86000061035156,44.58387756347656
2016-09-08,59.810001373291016,59.689998626708984,44.4572639465332
2016-09-09,59.25,58.529998779296875,43.59328079223633
2016-09-12,58.099998474121094,59.0099983215332,43.95079040527344
2016-09-13,58.25,57.81999969482422,43.06447982788086
2016-09-14,57.7400016784668,57.7400016784668,43.0048942565918
2016-09-15,57.790000915527344,58.2400016784668,43.37729263305664
2016-09-16,57.61000061035156,57.4900016784668,42.81869125366211
2016-09-19,58.060001373291016,57.790000915527344,43.042137145996094
2016-09-20,58.34000015258789,58.13999938964844,43.30281066894531
2016-09-21,58.70000076293945,59.15999984741211,44.06251525878906
2016-09-22,60.029998779296875,59.7599983215332,44.509395599365234
2016-09-23,59.279998779296875,59.2599983215332,44.13698959350586
2016-09-26,58.75,58.709999084472656,43.72734832763672
2016-09-27,58.470001220703125,58.9900016784668,43.935890197753906
2016-09-28,58.9900016784668,59.40999984741211,44.248714447021484
2016-09-29,59.40999984741211,58.66999816894531,43.69755935668945
2016-09-30,58.810001373291016,59.130001068115234,44.040164947509766
2016-10-03,58.970001220703125,58.970001220703125,43.92100524902344
2016-10-04,59.2400016784668,58.959999084472656,43.913551330566406
2016-10-05,59.18000030517578,59.20000076293945,44.092308044433594
2016-10-06,58.900001525878906,58.880001068115234,43.853965759277344
2016-10-07,58.630001068115234,58.58000183105469,43.63053512573242
2016-10-10,58.58000183105469,58.75,43.75714111328125
2016-10-11,58.47999954223633,57.91999816894531,43.13895797729492
2016-10-12,57.84000015258789,57.790000915527344,43.042137145996094
2016-10-13,57.150001525878906,57.56999969482422,42.878273010253906
2016-10-14,57.959999084472656,57.66999816894531,42.9527473449707
2016-10-17,57.540000915527344,57.5,42.826141357421875
2016-10-18,58.189998626708984,58.06999969482422,43.25067901611328
2016-10-19,58.15999984741211,58.22999954223633,43.36984634399414
2016-10-20,58.150001525878906,58.31999969482422,43.43687438964844
2016-10-21,57.91999816894531,58.189998626708984,43.340049743652344
2016-10-24,58.36000061035156,58.18000030517578,43.33260726928711
2016-10-25,58.04999923706055,58.13999938964844,43.30281066894531
2016-10-26,57.84000015258789,57.880001068115234,43.109161376953125
2016-10-27,58.0099983215332,57.810001373291016,43.05702590942383
2016-10-28,57.709999084472656,57.790000915527344,43.042137145996094
2016-10-31,57.75,57.81999969482422,43.06447982788086
2016-11-01,57.959999084472656,57.56999969482422,42.878273010253906
2016-11-02,57.529998779296875,57.18000030517578,42.58780288696289
2016-11-03,57.380001068115234,57.119998931884766,42.54310989379883
2016-11-04,56.7400016784668,56.56999969482422,42.13347244262695
2016-11-07,57.279998779296875,57.349998474121094,42.714412689208984
2016-11-08,57.18000030517578,57.5099983215332,42.83358383178711
2016-11-09,57.06999969482422,57.560001373291016,42.870826721191406
2016-11-10,57.529998779296875,57.400001525878906,42.75166320800781
2016-11-11,57.150001525878906,57.04999923706055,42.4909782409668
2016-11-14,56.630001068115234,56.7400016784668,42.26008605957031
2016-11-15,56.59000015258789,56.9900016784668,42.4462890625
2016-11-16,56.43000030517578,56.38999938964844,41.99940490722656
2016-11-17,56.66999816894531,56.81999969482422,42.319671630859375
2016-11-18,56.310001373291016,56.20000076293945,41.85790252685547
2016-11-21,56.41999816894531,56.68000030517578,42.21540832519531
2016-11-22,56.810001373291016,56.81999969482422,42.319671630859375
2016-11-23,56.25,56.619998931884766,42.17071533203125
2016-11-25,56.81999969482422,56.790000915527344,42.29733657836914
2016-11-28,56.630001068115234,56.4900016784668,42.07389450073242
2016-11-29,56.529998779296875,56.849998474121094,42.34202194213867
2016-11-30,56.97999954223633,56.790000915527344,42.29733657836914
2016-12-01,56.72999954223633,56.56999969482422,42.13347244262695
2016-12-02,56.470001220703125,56.709999084472656,42.23774337768555
2016-12-05,57.0,57.27000045776367,42.65483474731445
2016-12-06,57.33000183105469,57.65999984741211,42.9453125
2016-12-07,57.880001068115234,58.52000045776367,43.58584213256836
2016-12-08,58.52000045776367,58.470001220703125,43.54859924316406
2016-12-09,58.470001220703125,58.720001220703125,43.734798431396484
2016-12-12,58.5,58.459999084472656,43.541141510009766
2016-12-13,58.97999954223633,59.09000015258789,44.010379791259766
2016-12-14,58.959999084472656,58.220001220703125,43.36239242553711
2016-12-15,58.0,58.09000015258789,43.265567779541016
2016-12-16,58.04999923706055,58.130001068115234,43.29536437988281
2016-12-19,58.15999984741211,58.040000915527344,43.228328704833984
2016-12-20,58.11000061035156,58.2400016784668,43.37729263305664
2016-12-21,57.650001525878906,57.65999984741211,43.38933181762695
2016-12-22,57.619998931884766,57.529998779296875,43.291507720947266
2016-12-23,57.58000183105469,57.68000030517578,43.404388427734375
2016-12-27,57.630001068115234,57.61000061035156,43.351707458496094
2016-12-28,57.560001373291016,57.38999938964844,43.186153411865234
2016-12-29,57.5,57.529998779296875,43.291507720947266
2016-12-30,57.970001220703125,57.72999954223633,43.44200897216797
2017-01-03,57.95000076293945,58.09000015258789,43.7129020690918
2017-01-04,58.400001525878906,58.75,44.209564208984375
2017-01-05,58.900001525878906,59.25,44.585811614990234
2017-01-06,58.970001220703125,59.04999923706055,44.43531036376953
2017-01-09,58.83000183105469,58.959999084472656,44.36758804321289
2017-01-10,58.91999816894531,58.970001220703125,44.375118255615234
2017-01-11,58.849998474121094,59.279998779296875,44.60839080810547
2017-01-12,59.36000061035156,59.369998931884766,44.676116943359375
2017-01-13,59.41999816894531,59.59000015258789,44.841670989990234
2017-01-17,59.40999984741211,59.369998931884766,44.676116943359375
2017-01-18,59.189998626708984,59.20000076293945,44.54819107055664
2017-01-19,59.099998474121094,59.04999923706055,44.43531036376953
2017-01-20,59.2599983215332,59.38999938964844,44.691158294677734
2017-01-23,59.310001373291016,59.540000915527344,44.80404281616211
2017-01-24,59.439998626708984,59.689998626708984,44.916908264160156
2017-01-25,60.0099983215332,60.310001373291016,45.38346481323242
2017-01-26,60.189998626708984,60.06999969482422,45.20286178588867
2017-01-27,60.02000045776367,59.970001220703125,45.127620697021484
2017-01-30,59.45000076293945,59.540000915527344,44.80404281616211
2017-01-31,59.650001525878906,59.630001068115234,44.87177276611328
2017-02-01,60.0,59.869998931884766,45.052371978759766
2017-02-02,59.93000030517578,59.900001525878906,45.0749397277832
2017-02-03,60.0099983215332,60.13999938964844,45.25554275512695
2017-02-06,59.52000045776367,59.709999084472656,44.93196487426758
2017-02-07,59.58000183105469,59.650001525878906,44.886817932128906
2017-02-08,59.59000015258789,59.75,44.962066650390625
2017-02-09,59.83000183105469,60.0,45.150184631347656
2017-02-10,59.93000030517578,60.13999938964844,45.25554275512695
2017-02-13,60.38999938964844,60.380001068115234,45.43614196777344
2017-02-14,60.16999816894531,60.290000915527344,45.368408203125
2017-02-15,60.029998779296875,60.52000045776367,45.5414924621582
2017-02-16,60.540000915527344,60.65999984741211,45.646846771240234
2017-02-17,60.31999969482422,60.5,45.52643966674805
2017-02-21,60.439998626708984,60.70000076293945,45.676944732666016
2017-02-22,60.38999938964844,60.70000076293945,45.676944732666016
2017-02-23,60.880001068115234,60.83000183105469,45.77477264404297
2017-02-24,60.16999816894531,60.38999938964844,45.443660736083984
2017-02-27,60.189998626708984,60.43000030517578,45.47377014160156
2017-02-28,60.31999969482422,60.34000015258789,45.40604782104492
2017-03-01,60.75,60.970001220703125,45.8801155090332
2017-03-02,60.709999084472656,60.56999969482422,45.5791130065918
2017-03-03,60.70000076293945,60.93000030517578,45.85002517700195
2017-03-06,60.72999954223633,60.7400016784668,45.7070426940918
2017-03-07,60.470001220703125,60.529998779296875,45.54901885986328
2017-03-08,60.4900016784668,60.310001373291016,45.38346481323242
2017-03-09,60.470001220703125,60.540000915527344,45.556549072265625
2017-03-10,60.959999084472656,61.04999923706055,45.94032287597656
2017-03-13,61.20000076293945,61.369998931884766,46.181121826171875
2017-03-14,60.91999816894531,60.900001525878906,45.82744216918945
2017-03-15,61.029998779296875,61.77000045776367,46.482120513916016
2017-03-16,62.099998474121094,62.06999969482422,46.70786666870117
2017-03-17,62.18000030517578,62.22999954223633,46.82826614379883
2017-03-20,62.25,62.099998474121094,46.730445861816406
2017-03-21,62.58000183105469,61.81999969482422,46.519737243652344
2017-03-22,61.619998931884766,61.83000183105469,46.527278900146484
2017-03-23,61.72999954223633,61.970001220703125,46.632625579833984
2017-03-24,62.11000061035156,62.13999938964844,46.76055145263672
2017-03-27,62.09000015258789,62.29999923706055,46.880950927734375
2017-03-28,62.38999938964844,62.599998474121094,47.106693267822266
2017-03-29,62.290000915527344,62.599998474121094,47.106693267822266
2017-03-30,62.43000030517578,62.380001068115234,46.94114685058594
2017-03-31,62.11000061035156,62.290000915527344,46.8734245300293
2017-04-03,62.189998626708984,62.20000076293945,46.80569839477539
2017-04-04,61.93000030517578,62.18000030517578,46.790645599365234
2017-04-05,62.130001068115234,61.849998474121094,46.542320251464844
2017-04-06,61.880001068115234,61.86000061035156,46.54984664916992
2017-04-07,61.75,61.81999969482422,46.519737243652344
2017-04-10,61.72999954223633,61.75,46.467079162597656
2017-04-11,62.0,62.040000915527344,46.685302734375
2017-04-12,61.95000076293945,61.9900016784668,46.647674560546875
2017-04-13,61.70000076293945,61.59000015258789,46.346675872802734
2017-04-17,61.849998474121094,61.970001220703125,46.632625579833984
2017-04-18,61.54999923706055,61.689998626708984,46.42192459106445
2017-04-19,61.7599983215332,61.439998626708984,46.233795166015625
2017-04-20,61.959999084472656,61.93000030517578,46.60251998901367
2017-04-21,61.93000030517578,61.970001220703125,46.632625579833984
2017-04-24,63.40999984741211,63.540000915527344,47.814048767089844
2017-04-25,63.849998474121094,63.9900016784668,48.152679443359375
2017-04-26,63.810001373291016,63.810001373291016,48.01722717285156
2017-04-27,63.91999816894531,63.869998931884766,48.062381744384766
2017-04-28,63.88999938964844,63.79999923706055,48.00970458984375
2017-05-01,63.9900016784668,64.05999755859375,48.20534896850586
2017-05-02,64.25,64.38999938964844,48.45367431640625
2017-05-03,64.22000122070312,64.26000213623047,48.35586166381836
2017-05-04,64.4800033569336,64.87000274658203,48.814884185791016
2017-05-05,64.94000244140625,65.58999633789062,49.356685638427734
2017-05-08,65.11000061035156,65.0999984741211,48.987953186035156
2017-05-09,64.9800033569336,64.94000244140625,48.867557525634766
2017-05-10,64.9800033569336,65.04000091552734,48.942806243896484
2017-05-11,64.7699966430664,64.87999725341797,48.822410583496094
2017-05-12,64.94000244140625,65.23999786376953,49.093299865722656
2017-05-15,65.37999725341797,65.56999969482422,49.341636657714844
2017-05-16,65.94999694824219,65.98999786376953,49.657684326171875
2017-05-17,65.66999816894531,65.23999786376953,49.093299865722656
2017-05-18,65.08000183105469,65.3499984741211,49.17607879638672
2017-05-19,65.80999755859375,66.11000061035156,49.74798583984375
2017-05-22,66.18000030517578,66.19000244140625,49.80819320678711
2017-05-23,66.33999633789062,66.19999694824219,49.815704345703125
2017-05-24,66.0199966430664,66.23999786376953,49.84580612182617
2017-05-25,66.23999786376953,66.23999786376953,49.84580612182617
2017-05-26,65.87000274658203,66.05000305175781,49.70283126831055
2017-05-30,65.87000274658203,65.9800033569336,49.65016174316406
2017-05-31,66.31999969482422,66.05999755859375,49.71034622192383
2017-06-01,66.30999755859375,66.48999786376953,50.033931732177734
2017-06-02,66.95999908447266,67.22000122070312,50.58325958251953
2017-06-05,66.86000061035156,66.8499984741211,50.30482864379883
2017-06-06,66.58000183105469,66.66000366210938,50.16185760498047
2017-06-07,66.7699966430664,66.68000030517578,50.176910400390625
2017-06-08,66.41999816894531,66.55999755859375,50.086612701416016
2017-06-09,66.22000122070312,66.30999755859375,49.89847946166992
2017-06-12,66.12000274658203,66.05999755859375,49.71034622192383
2017-06-13,66.47000122070312,66.56999969482422,50.09413528442383
2017-06-14,66.94999694824219,66.5199966430664,50.05651092529297
2017-06-15,65.51000213623047,65.83000183105469,49.53728485107422
2017-06-16,66.1500015258789,66.38999938964844,49.95869064331055
2017-06-19,66.63999938964844,66.66000366210938,50.16185760498047
2017-06-20,65.41999816894531,65.06999969482422,49.75811004638672
2017-06-21,64.91999816894531,64.98999786376953,49.696929931640625
2017-06-22,64.97000122070312,64.9800033569336,49.689292907714844
2017-06-23,64.98999786376953,65.13999938964844,49.81163024902344
2017-06-26,65.55999755859375,65.25,49.89575958251953
2017-06-27,65.27999877929688,65.23999786376953,49.888092041015625
2017-06-28,65.48999786376953,65.80999755859375,50.323970794677734
2017-06-29,65.61000061035156,65.16000366210938,49.82693099975586
2017-06-30,65.33000183105469,65.19999694824219,49.857513427734375
2017-07-03,65.12000274658203,65.12000274658203,49.79634475708008
2017-07-05,64.93000030517578,65.12000274658203,49.79634475708008
2017-07-06,64.69999694824219,64.83000183105469,49.574581146240234
2017-07-07,64.6500015258789,64.83999633789062,49.58222961425781
2017-07-10,64.80000305175781,65.0,49.7045783996582
2017-07-11,64.83000183105469,65.1500015258789,49.81928253173828
2017-07-12,65.55000305175781,65.66999816894531,50.216915130615234
2017-07-13,65.75,65.86000061035156,50.36221694946289
2017-07-14,66.05000305175781,66.31999969482422,50.71396255493164
2017-07-17,66.19000244140625,66.19000244140625,50.614559173583984
2017-07-18,66.12999725341797,66.25,50.66043472290039
2017-07-19,66.36000061035156,66.54000091552734,50.8822021484375
2017-07-20,66.70999908447266,66.80999755859375,51.08865737915039
2017-07-21,66.45999908447266,66.55000305175781,50.88985824584961
2017-07-24,66.25,66.37000274658203,50.752201080322266
2017-07-25,66.70999908447266,66.45999908447266,50.821022033691406
2017-07-26,66.6500015258789,66.87000274658203,51.134544372558594
2017-07-27,67.0,66.72000122070312,51.01984405517578
2017-07-28,66.55000305175781,66.79000091552734,51.07337188720703
2017-07-31,66.87999725341797,66.93000030517578,51.180423736572266
2017-08-01,67.44000244140625,67.30000305175781,51.46335983276367
2017-08-02,67.33999633789062,67.33000183105469,51.48630142211914
2017-08-03,67.30999755859375,67.37000274658203,51.51689529418945
2017-08-04,67.44000244140625,67.45999908447266,51.5857048034668
2017-08-07,67.31999969482422,67.48999786376953,51.608646392822266
2017-08-08,67.37000274658203,67.12999725341797,51.3333625793457
2017-08-09,66.7300033569336,67.0199966430664,51.249237060546875
2017-08-10,66.62000274658203,66.06999969482422,50.52279281616211
2017-08-11,66.02999877929688,65.94999694824219,50.4310302734375
2017-08-14,66.43000030517578,66.43000030517578,50.79808044433594
2017-08-15,66.3499984741211,66.37999725341797,50.75984191894531
2017-08-16,66.5999984741211,66.76000213623047,51.05043029785156
2017-08-17,66.5199966430664,66.01000213623047,50.47692108154297
2017-08-18,66.12000274658203,66.19000244140625,50.614559173583984
2017-08-21,66.16000366210938,66.16999816894531,50.59925842285156
2017-08-22,66.30999755859375,66.48999786376953,50.843963623046875
2017-08-23,66.30000305175781,66.5,50.85160446166992
2017-08-24,66.5199966430664,66.3499984741211,50.736907958984375
2017-08-25,66.58999633789062,66.75,51.04277801513672
2017-08-28,66.81999969482422,66.75,51.04277801513672
2017-08-29,66.37999725341797,66.4800033569336,50.8363151550293
2017-08-30,66.37000274658203,66.38999938964844,50.76749801635742
2017-08-31,66.6500015258789,66.9000015258789,51.15748596191406
2017-09-01,67.1500015258789,66.98999786376953,51.22629928588867
2017-09-05,66.98999786376953,66.54000091552734,50.8822021484375
2017-09-06,66.9000015258789,66.94999694824219,51.19571304321289
2017-09-07,67.5,67.5,51.616302490234375
2017-09-08,67.66000366210938,67.51000213623047,51.62394714355469
2017-09-11,67.95999908447266,68.04000091552734,52.02922821044922
2017-09-12,68.04000091552734,68.25,52.1898078918457
2017-09-13,68.11000061035156,67.87999725341797,51.9068717956543
2017-09-14,67.76000213623047,68.0,51.99864196777344
2017-09-15,68.05999755859375,68.05999755859375,52.044525146484375
2017-09-18,68.2300033569336,68.1500015258789,52.113338470458984
2017-09-19,68.43000030517578,68.47000122070312,52.35803985595703
2017-09-20,68.48999786376953,68.31999969482422,52.24334716796875
2017-09-21,68.16000366210938,68.18000030517578,52.13627624511719
2017-09-22,68.37999725341797,68.38999938964844,52.29685974121094
2017-09-25,68.11000061035156,68.0,51.99864196777344
2017-09-26,67.88999938964844,67.8499984741211,51.88393020629883
2017-09-27,67.76000213623047,67.9000015258789,51.92217254638672
2017-09-28,67.9000015258789,68.08000183105469,52.059814453125
2017-09-29,68.08000183105469,68.4800033569336,52.36569595336914
2017-10-02,68.2699966430664,68.41999816894531,52.31980514526367
2017-10-03,68.45999908447266,68.6500015258789,52.495689392089844
2017-10-04,68.47000122070312,68.5199966430664,52.39627456665039
2017-10-05,68.38999938964844,68.4800033569336,52.36569595336914
2017-10-06,68.16999816894531,68.43000030517578,52.32746124267578
2017-10-09,68.5199966430664,68.44999694824219,52.34273910522461
2017-10-10,68.8499984741211,69.0999984741211,52.83979797363281
2017-10-11,69.06999969482422,69.2699966430664,52.96977996826172
2017-10-12,69.1500015258789,69.20999908447266,52.92391586303711
2017-10-13,69.5999984741211,69.56999969482422,53.199188232421875
2017-10-16,69.56999969482422,69.5199966430664,53.16095733642578
2017-10-17,69.3499984741211,69.33999633789062,53.023319244384766
2017-10-18,69.44999694824219,69.54000091552734,53.17625427246094
2017-10-19,69.2300033569336,69.43000030517578,53.09214401245117
2017-10-20,69.37999725341797,69.33999633789062,53.023319244384766
2017-10-23,69.37000274658203,69.19000244140625,52.90861892700195
2017-10-24,69.27999877929688,69.30000305175781,52.992733001708984
2017-10-25,69.2699966430664,69.02999877929688,52.786251068115234
2017-10-26,69.20999908447266,69.0199966430664,52.77861404418945
2017-10-27,68.9800033569336,69.18000030517578,52.90096664428711
2017-10-30,69.22000122070312,69.33999633789062,53.023319244384766
2017-10-31,69.4800033569336,69.62999725341797,53.245079040527344
2017-11-01,69.93000030517578,69.69999694824219,53.29861068725586
2017-11-02,69.6500015258789,69.91000366210938,53.45917892456055
2017-11-03,69.80000305175781,69.80000305175781,53.37507629394531
2017-11-06,69.61000061035156,69.9000015258789,53.4515380859375
2017-11-07,69.7699966430664,69.63999938964844,53.252723693847656
2017-11-08,69.75,69.87000274658203,53.42860794067383
2017-11-09,69.29000091552734,69.47000122070312,53.12273406982422
2017-11-10,69.23999786376953,69.27999877929688,52.9774284362793
2017-11-13,68.58999633789062,68.98999786376953,52.75566482543945
2017-11-14,68.86000061035156,68.94000244140625,52.71744155883789
2017-11-15,68.37000274658203,68.61000061035156,52.465091705322266
2017-11-16,69.05000305175781,69.16000366210938,52.885677337646484
2017-11-17,68.97000122070312,68.91000366210938,52.69450378417969
2017-11-20,69.12999725341797,69.05999755859375,52.80919647216797
2017-11-21,69.52999877929688,69.58000183105469,53.206851959228516
2017-11-22,69.87000274658203,69.7699966430664,53.35211944580078
2017-11-24,70.3499984741211,70.33999633789062,53.78799819946289
2017-11-27,70.19999694824219,69.91999816894531,53.46684265136719
2017-11-28,70.13999938964844,70.31999969482422,53.77271270751953
2017-11-29,70.37000274658203,70.04000091552734,53.558589935302734
2017-11-30,70.33000183105469,70.11000061035156,53.61212158203125
2017-12-01,69.76000213623047,69.83000183105469,53.39801788330078
2017-12-04,69.6500015258789,69.58000183105469,53.206851959228516
2017-12-05,69.47000122070312,69.43000030517578,53.09214401245117
2017-12-06,69.33000183105469,69.29000091552734,52.98509216308594
2017-12-07,69.54000091552734,69.47000122070312,53.12273406982422
2017-12-08,69.79000091552734,69.83999633789062,53.40565872192383
2017-12-11,69.9800033569336,70.0199966430664,53.54329299926758
2017-12-12,70.11000061035156,70.11000061035156,53.61212158203125
2017-12-13,70.22000122070312,70.37999725341797,53.81858825683594
2017-12-14,70.33000183105469,69.98999786376953,53.520362854003906
2017-12-15,69.91999816894531,69.97000122070312,53.50506591796875
2017-12-18,70.72000122070312,70.80000305175781,54.13975143432617
2017-12-19,69.94999694824219,69.80000305175781,53.94115447998047
2017-12-20,69.87000274658203,69.68000030517578,53.84840774536133
2017-12-21,69.7699966430664,69.93000030517578,54.04160690307617
2017-12-22,69.9000015258789,70.11000061035156,54.180721282958984
2017-12-26,69.9800033569336,70.08999633789062,54.16524887084961
2017-12-27,70.19000244140625,70.22000122070312,54.26572799682617
2017-12-28,70.4000015258789,70.26000213623047,54.296634674072266
2017-12-29,70.56999969482422,70.30999755859375,54.33528137207031
2018-01-02,70.52999877929688,70.83000183105469,54.73712921142578
2018-01-03,70.88999938964844,71.16999816894531,54.999881744384766
2018-01-04,71.86000061035156,71.94999694824219,55.6026496887207
2018-01-05,72.1500015258789,72.3499984741211,55.911773681640625
2018-01-08,72.26000213623047,72.33000183105469,55.89632034301758
2018-01-09,72.33999633789062,72.41000366210938,55.95814514160156
2018-01-10,72.41999816894531,72.2699966430664,55.84995651245117
2018-01-11,72.47000122070312,72.7699966430664,56.2363395690918
2018-01-12,73.02999877929688,73.5,56.80049133300781
2018-01-16,73.70999908447266,73.43000030517578,56.74640655517578
2018-01-17,73.62999725341797,73.80999755859375,57.0400505065918
2018-01-18,73.61000061035156,73.72000122070312,56.97050857543945
2018-01-19,74.08999633789062,74.12999725341797,57.2873649597168
2018-01-22,74.19000244140625,74.51000213623047,57.58101272583008
2018-01-23,74.5999984741211,74.75,57.76649475097656
2018-01-24,75.16000366210938,74.87999725341797,57.86695098876953
2018-01-25,75.18000030517578,74.58999633789062,57.642845153808594
2018-01-26,74.9800033569336,75.25,58.15288543701172
2018-01-29,74.6500015258789,74.55999755859375,57.61966323852539
2018-01-30,74.31999969482422,73.94000244140625,57.14052200317383
2018-01-31,74.19000244140625,73.83999633789062,57.06324768066406
2018-02-01,73.72000122070312,74.05000305175781,57.225521087646484
2018-02-02,73.33000183105469,72.55000305175781,56.066341400146484
2018-02-05,71.63999938964844,69.51000213623047,53.717041015625
2018-02-06,69.41999816894531,70.87999725341797,54.77576446533203
2018-02-07,70.25,70.12999725341797,54.19617462158203
2018-02-08,70.16999816894531,68.30000305175781,52.78195571899414
2018-02-09,68.75,68.58999633789062,53.00606155395508
2018-02-12,69.0999984741211,69.63999938964844,53.81748962402344
2018-02-13,69.08999633789062,69.43000030517578,53.655216217041016
2018-02-14,69.01000213623047,70.66000366210938,54.60576629638672
2018-02-15,71.05999755859375,71.0999984741211,54.94578170776367
2018-02-16,71.20999908447266,71.41999816894531,55.19308090209961
2018-02-20,70.87999725341797,70.75,54.67530822753906
2018-02-21,70.94999694824219,70.41000366210938,54.41255187988281
2018-02-22,70.70999908447266,70.77999877929688,54.6984977722168
2018-02-23,71.04000091552734,71.33999633789062,55.13124084472656
2018-02-26,71.63999938964844,72.01000213623047,55.649024963378906
2018-02-27,71.55999755859375,70.94000244140625,54.822147369384766
2018-02-28,71.04000091552734,70.2699966430664,54.30437088012695
2018-03-01,69.69999694824219,69.08999633789062,53.392459869384766
2018-03-02,68.8499984741211,69.41999816894531,53.647483825683594
2018-03-05,68.91000366210938,69.79000091552734,53.933433532714844
2018-03-06,70.3499984741211,70.19999694824219,54.25027084350586
2018-03-07,69.86000061035156,70.18000030517578,54.23481369018555
2018-03-08,70.37999725341797,70.33000183105469,54.350738525390625
2018-03-09,70.43000030517578,70.77999877929688,54.6984977722168
2018-03-12,70.86000061035156,70.86000061035156,54.76031494140625
2018-03-13,71.0999984741211,70.38999938964844,54.3971061706543
2018-03-14,70.93000030517578,70.55999755859375,54.528480529785156
2018-03-15,70.55999755859375,70.5199966430664,54.497554779052734
2018-03-16,70.38999938964844,70.47000122070312,54.45893096923828
2018-03-19,70.20999908447266,69.9000015258789,54.0184211730957
2018-03-20,69.81999969482422,69.88999938964844,54.01070022583008
2018-03-21,69.77999877929688,70.0,54.09571838378906
2018-03-22,69.29000091552734,68.69999694824219,53.09107971191406
2018-03-23,68.81999969482422,67.94000244140625,52.50374984741211
2018-03-26,68.9800033569336,69.16000366210938,53.44655990600586
2018-03-27,69.5,68.6500015258789,53.05242919921875
2018-03-28,69.08000183105469,69.05000305175781,53.36155319213867
2018-03-29,69.55000305175781,69.68000030517578,53.84840774536133
2018-04-02,69.41000366210938,68.72000122070312,53.106529235839844
2018-04-03,69.08999633789062,69.16000366210938,53.44655990600586
2018-04-04,68.3499984741211,69.4000015258789,53.63203430175781
2018-04-05,69.7300033569336,69.86000061035156,53.98752975463867
2018-04-06,69.80999755859375,69.4000015258789,53.63203430175781
2018-04-09,70.06999969482422,69.97000122070312,54.07252502441406
2018-04-10,70.66999816894531,70.72000122070312,54.652130126953125
2018-04-11,70.56999969482422,70.44999694824219,54.44346237182617
2018-04-12,70.54000091552734,70.72000122070312,54.652130126953125
2018-04-13,70.95999908447266,70.79000091552734,54.706214904785156
2018-04-16,70.97000122070312,70.9000015258789,54.79122543334961
2018-04-17,71.02999877929688,71.22000122070312,55.03852462768555
2018-04-18,71.5199966430664,71.58999633789062,55.32444763183594
2018-04-19,71.51000213623047,71.31999969482422,55.11580276489258
2018-04-20,71.08999633789062,71.05000305175781,54.907142639160156
2018-04-23,70.98999786376953,70.95999908447266,54.83758544921875
2018-04-24,71.08999633789062,70.66999816894531,54.61347579956055
2018-04-25,70.41000366210938,70.55000305175781,54.520751953125
2018-04-26,70.9000015258789,70.9000015258789,54.79122543334961
2018-04-27,70.87999725341797,70.97000122070312,54.84531784057617
2018-04-30,70.88999938964844,70.73999786376953,54.667579650878906
2018-05-01,70.66000366210938,70.48999786376953,54.47438049316406
2018-05-02,70.8499984741211,70.45999908447266,54.451202392578125
2018-05-03,70.58000183105469,70.68000030517578,54.6212043762207
2018-05-04,70.16999816894531,70.93000030517578,54.81440353393555
2018-05-07,70.87999725341797,70.94000244140625,54.822147369384766
2018-05-08,70.69000244140625,70.94999694824219,54.829864501953125
2018-05-09,70.8499984741211,71.12000274658203,54.96125030517578
2018-05-10,71.33999633789062,71.58000183105469,55.31671905517578
2018-05-11,71.80000305175781,71.7699966430664,55.463558197021484
2018-05-14,72.02999877929688,71.9000015258789,55.56402587890625
2018-05-15,71.27999877929688,71.37999725341797,55.162174224853516
2018-05-16,71.30999755859375,71.4800033569336,55.23945617675781
2018-05-17,71.51000213623047,71.58999633789062,55.32444763183594
2018-05-18,71.37999725341797,71.33000183105469,55.12352752685547
2018-05-21,71.69000244140625,71.77999877929688,55.47127914428711
2018-05-22,71.87999725341797,71.69000244140625,55.401729583740234
2018-05-23,70.77999877929688,70.9000015258789,54.79122543334961
2018-05-24,70.77999877929688,70.68000030517578,54.6212043762207
2018-05-25,70.16999816894531,70.22000122070312,54.26572799682617
2018-05-29,69.13999938964844,68.79000091552734,53.1606330871582
2018-05-30,69.37999725341797,69.83999633789062,53.97205352783203
2018-05-31,69.62999725341797,69.4000015258789,53.63203430175781
2018-06-01,69.91999816894531,70.0,54.09571838378906
2018-06-04,70.45999908447266,70.20999908447266,54.25799560546875
2018-06-05,70.22000122070312,70.0999984741211,54.17298126220703
2018-06-06,70.3499984741211,70.7300033569336,54.65985107421875
2018-06-07,70.79000091552734,70.33000183105469,54.350738525390625
2018-06-08,70.2699966430664,70.41000366210938,54.41255187988281
2018-06-11,70.66999816894531,70.86000061035156,54.76031494140625
2018-06-12,70.72000122070312,70.41000366210938,54.41255187988281
2018-06-13,70.63999938964844,70.51000213623047,54.489837646484375
2018-06-14,70.51000213623047,70.36000061035156,54.3739128112793
2018-06-15,70.02999877929688,70.0,54.09571838378906
2018-06-18,69.2300033569336,69.5,53.70930862426758
2018-06-19,67.16000366210938,67.5199966430664,53.21591567993164
2018-06-20,67.77999877929688,67.56999969482422,53.255332946777344
2018-06-21,67.38999938964844,67.08999633789062,52.87702560424805
2018-06-22,67.94999694824219,67.80000305175781,53.43661117553711
2018-06-25,67.31999969482422,66.86000061035156,52.69575119018555
2018-06-26,67.08000183105469,66.9800033569336,52.79032897949219
2018-06-27,67.04000091552734,66.3499984741211,52.29378890991211
2018-06-28,66.33000183105469,66.5999984741211,52.49083709716797
2018-06-29,67.12000274658203,66.97000122070312,52.78245162963867
2018-07-02,66.0199966430664,66.36000061035156,52.301673889160156
2018-07-03,66.88999938964844,66.55999755859375,52.45930480957031
2018-07-05,67.16999816894531,67.22000122070312,52.97948455810547
2018-07-06,67.30999755859375,67.58000183105469,53.263214111328125
2018-07-09,68.12000274658203,68.2300033569336,53.77552032470703
2018-07-10,68.11000061035156,68.19999694824219,53.75187683105469
2018-07-11,67.43000030517578,67.05999755859375,52.85337829589844
2018-07-12,67.41999816894531,67.58000183105469,53.263214111328125
2018-07-13,67.61000061035156,67.79000091552734,53.428733825683594
2018-07-16,67.7699966430664,67.76000213623047,53.405086517333984
2018-07-17,67.58000183105469,67.87999725341797,53.499671936035156
2018-07-18,67.83000183105469,67.88999938964844,53.50754165649414
2018-07-19,67.54000091552734,67.75,53.3972053527832
2018-07-20,67.7699966430664,68.06999969482422,53.6494140625
2018-07-23,68.06999969482422,68.06999969482422,53.6494140625
2018-07-24,68.63999938964844,68.47000122070312,53.96466827392578
2018-07-25,68.45999908447266,68.9800033569336,54.36663055419922
2018-07-26,68.72000122070312,68.66999816894531,54.12230682373047
2018-07-27,68.97000122070312,68.80000305175781,54.224769592285156
2018-07-30,69.04000091552734,68.79000091552734,54.216888427734375
2018-07-31,69.04000091552734,68.87999725341797,54.28780746459961
2018-08-01,68.7699966430664,68.52999877929688,54.011959075927734
2018-08-02,67.79000091552734,68.08000183105469,53.657291412353516
2018-08-03,67.81999969482422,68.12000274658203,53.688819885253906
2018-08-06,67.69999694824219,67.83000183105469,53.46024703979492
2018-08-07,68.51000213623047,68.36000061035156,53.87797164916992
2018-08-08,68.27999877929688,68.30000305175781,53.83068084716797
2018-08-09,68.31999969482422,68.0999984741211,53.67304229736328
2018-08-10,66.86000061035156,66.73999786376953,52.60116958618164
2018-08-13,66.6500015258789,66.5,52.41201400756836
2018-08-14,66.58999633789062,66.48999786376953,52.40414047241211
2018-08-15,65.61000061035156,65.52999877929688,51.64750671386719
2018-08-16,65.95999908447266,65.98999786376953,52.01005172729492
2018-08-17,65.97000122070312,66.37999725341797,52.317440032958984
2018-08-20,66.63999938964844,66.73999786376953,52.60116958618164
2018-08-21,67.16999816894531,67.1500015258789,52.92431640625
2018-08-22,67.44999694824219,67.41000366210938,53.12923049926758
2018-08-23,67.06999969482422,66.93000030517578,52.750919342041016
2018-08-24,67.2300033569336,67.31999969482422,53.05829620361328
2018-08-27,67.91000366210938,68.22000122070312,53.767635345458984
2018-08-28,68.38999938964844,68.16000366210938,53.72035217285156
2018-08-29,68.16000366210938,68.52999877929688,54.011959075927734
2018-08-30,67.94999694824219,67.87999725341797,53.499671936035156
2018-08-31,67.45999908447266,67.33999633789062,53.07405090332031
2018-09-04,66.5,66.7699966430664,52.62480545043945
2018-09-05,66.33999633789062,66.16000366210938,52.14405059814453
2018-09-06,66.05999755859375,65.95999908447266,51.98642349243164
2018-09-07,65.33000183105469,65.43000030517578,51.56869125366211
2018-09-10,65.94999694824219,65.83000183105469,51.88395690917969
2018-09-11,65.5,65.88999938964844,51.93124771118164
2018-09-12,65.95999908447266,66.16999816894531,52.15192794799805
2018-09-13,66.80999755859375,66.66000366210938,52.53812026977539
2018-09-14,66.86000061035156,66.76000213623047,52.61693572998047
2018-09-17,67.08999633789062,66.81999969482422,52.664222717285156
2018-09-18,67.30999755859375,67.5199966430664,53.21591567993164
2018-09-19,67.58999633789062,67.76000213623047,53.405086517333984
2018-09-20,68.47000122070312,68.5999984741211,54.06713104248047
2018-09-21,68.58000183105469,68.62999725341797,54.09077072143555
2018-09-24,68.63999938964844,68.31999969482422,53.84645080566406
2018-09-25,68.8499984741211,68.66000366210938,54.11442565917969
2018-09-26,68.62999725341797,68.69000244140625,54.13806915283203
2018-09-27,68.55999755859375,68.55000305175781,54.027732849121094
2018-09-28,67.93000030517578,67.98999786376953,53.58635711669922
2018-10-01,68.20999908447266,68.06999969482422,53.6494140625
2018-10-02,67.55000305175781,67.72000122070312,53.373565673828125
2018-10-03,67.83999633789062,67.5999984741211,53.27897644042969
2018-10-04,67.16999816894531,66.80999755859375,52.656333923339844
2018-10-05,66.6500015258789,66.41000366210938,52.341087341308594
2018-10-08,65.69000244140625,66.08999633789062,52.0888786315918
2018-10-09,65.4000015258789,65.91999816894531,51.954891204833984
2018-10-10,65.68000030517578,64.5199966430664,50.85148620605469
2018-10-11,64.33000183105469,63.619998931884766,50.142147064208984
2018-10-12,64.11000061035156,63.849998474121094,50.32341003417969
2018-10-15,63.689998626708984,63.70000076293945,50.205204010009766
2018-10-16,64.52999877929688,64.79000091552734,51.06427764892578
2018-10-17,64.58999633789062,64.41999816894531,50.77265930175781
2018-10-18,64.16999816894531,63.380001068115234,49.95298767089844
2018-10-19,63.720001220703125,63.7400016784668,50.236717224121094
2018-10-22,63.79999923706055,63.459999084472656,50.01604461669922
2018-10-23,62.41999816894531,62.86000061035156,49.54314422607422
2018-10-24,62.5,61.08000183105469,48.14024353027344
2018-10-25,61.58000183105469,61.849998474121094,48.747108459472656
2018-10-26,61.09000015258789,61.43000030517578,48.41609191894531
2018-10-29,62.099998474121094,61.2599983215332,48.2821044921875
2018-10-30,61.38999938964844,62.0,48.865333557128906
2018-10-31,62.5099983215332,62.459999084472656,49.22788619995117
2018-11-01,63.0,63.2599983215332,49.858402252197266
2018-11-02,63.83000183105469,63.349998474121094,49.92933654785156
2018-11-05,63.38999938964844,63.349998474121094,49.92933654785156
2018-11-06,63.369998931884766,63.61000061035156,50.13425827026367
2018-11-07,64.19000244140625,64.45999908447266,50.80419158935547
2018-11-08,64.22000122070312,63.83000183105469,50.30765914916992
2018-11-09,63.40999984741211,63.40999984741211,49.97663116455078
2018-11-12,62.970001220703125,62.369998931884766,49.156951904296875
2018-11-13,62.529998779296875,62.63999938964844,49.369754791259766
2018-11-14,63.08000183105469,62.689998626708984,49.40916442871094
2018-11-15,62.279998779296875,62.88999938964844,49.56679153442383
2018-11-16,62.47999954223633,62.959999084472656,49.62195587158203
2018-11-19,62.91999816894531,62.40999984741211,49.1884765625
2018-11-20,61.56999969482422,61.33000183105469,48.337276458740234
2018-11-21,62.09000015258789,62.189998626708984,49.01508331298828
2018-11-23,61.65999984741211,61.779998779296875,48.69194030761719
2018-11-26,62.560001373291016,62.709999084472656,49.42491912841797
2018-11-27,62.34000015258789,62.470001220703125,49.23576736450195
2018-11-28,62.560001373291016,63.36000061035156,49.93722915649414
2018-11-29,62.9900016784668,63.040000915527344,49.68501281738281
2018-11-30,62.68000030517578,62.77000045776367,49.47221755981445
2018-12-03,63.75,63.599998474121094,50.126373291015625
2018-12-04,63.279998779296875,61.95000076293945,48.825927734375
2018-12-06,60.900001525878906,61.369998931884766,48.368797302246094
2018-12-07,61.459999084472656,60.75,47.880149841308594
2018-12-10,60.4900016784668,60.279998779296875,47.50971603393555
2018-12-11,60.900001525878906,60.470001220703125,47.65946960449219
2018-12-12,61.41999816894531,61.36000061035156,48.36092758178711
2018-12-13,61.47999954223633,61.25,48.27421951293945
2018-12-14,60.59000015258789,60.459999084472656,47.651588439941406
2018-12-17,60.45000076293945,59.97999954223633,47.27326965332031
2018-12-18,59.619998931884766,59.38999938964844,47.3115119934082
2018-12-19,59.63999938964844,58.81999969482422,46.8574333190918
2018-12-20,58.900001525878906,58.58000183105469,46.66624450683594
2018-12-21,58.16999816894531,57.560001373291016,45.85369110107422
2018-12-24,57.560001373291016,56.88999938964844,45.31995391845703
2018-12-26,57.25,58.209999084472656,46.37149429321289
2018-12-27,57.54999923706055,58.380001068115234,46.50692367553711
2018-12-28,58.959999084472656,58.689998626708984,46.75387191772461
2018-12-31,59.02000045776367,58.779998779296875,46.82557678222656
2019-01-02,58.0,58.65999984741211,46.7299690246582
2019-01-03,58.52000045776367,58.130001068115234,46.307762145996094
2019-01-04,59.08000183105469,59.90999984741211,47.72575759887695
2019-01-07,59.9900016784668,60.13999938964844,47.908973693847656
2019-01-08,60.72999954223633,60.529998779296875,48.219661712646484
2019-01-09,61.08000183105469,61.209999084472656,48.7613639831543
2019-01-10,60.970001220703125,61.45000076293945,48.95256042480469
2019-01-11,60.97999954223633,61.029998779296875,48.61797332763672
2019-01-14,60.58000183105469,60.75,48.394920349121094
2019-01-15,60.90999984741211,61.06999969482422,48.64983367919922
2019-01-16,61.130001068115234,61.2400016784668,48.7852668762207
2019-01-17,60.880001068115234,61.459999084472656,48.96052551269531
2019-01-18,62.06999969482422,62.08000183105469,49.454429626464844
2019-01-22,61.43000030517578,61.119998931884766,48.689674377441406
2019-01-23,61.63999938964844,61.400001525878906,48.9127197265625
2019-01-24,61.43000030517578,61.470001220703125,48.96848678588867
2019-01-25,62.060001373291016,62.16999816894531,49.526126861572266
2019-01-28,61.66999816894531,61.83000183105469,49.25527572631836
2019-01-29,62.209999084472656,61.970001220703125,49.36680603027344
2019-01-30,62.27000045776367,62.650001525878906,49.908504486083984
2019-01-31,62.560001373291016,62.68000030517578,49.932411193847656
2019-02-01,62.689998626708984,62.65999984741211,49.91646957397461
2019-02-04,62.56999969482422,62.88999938964844,50.09969711303711
2019-02-05,63.290000915527344,63.380001068115234,50.490047454833984
2019-02-06,63.220001220703125,63.060001373291016,50.23512649536133
2019-02-07,62.56999969482422,62.220001220703125,49.56595993041992
2019-02-08,61.81999969482422,62.02000045776367,49.40663528442383
2019-02-11,61.959999084472656,61.959999084472656,49.35884094238281
2019-02-12,62.540000915527344,62.68000030517578,49.932411193847656
2019-02-13,62.900001525878906,62.689998626708984,49.94037628173828
2019-02-14,62.70000076293945,62.709999084472656,49.956302642822266
2019-02-15,63.34000015258789,63.619998931884766,50.681236267089844
2019-02-19,63.40999984741211,63.86000061035156,50.87242126464844
2019-02-20,63.939998626708984,64.04000091552734,51.015811920166016
2019-02-21,63.9900016784668,63.90999984741211,50.91225814819336
2019-02-22,64.0999984741211,64.12000274658203,51.07954406738281
2019-02-25,64.5199966430664,64.30999755859375,51.23091125488281
2019-02-26,64.41999816894531,64.62000274658203,51.47785949707031
2019-02-27,64.5,64.36000061035156,51.27072525024414
2019-02-28,64.30999755859375,64.2699966430664,51.199031829833984
2019-03-01,64.63999938964844,64.62000274658203,51.47785949707031
2019-03-04,64.68000030517578,64.37999725341797,51.28666687011719
2019-03-05,64.36000061035156,64.44000244140625,51.3344612121582
2019-03-06,64.55000305175781,64.27999877929688,51.20699691772461
2019-03-07,64.0,63.459999084472656,50.55377960205078
2019-03-08,63.06999969482422,63.470001220703125,50.561737060546875
2019-03-11,63.5099983215332,64.0199966430664,50.999881744384766
2019-03-12,63.9900016784668,63.97999954223633,50.96800994873047
2019-03-13,64.22000122070312,64.52999877929688,51.40615463256836
2019-03-14,64.48999786376953,64.5199966430664,51.398197174072266
2019-03-15,64.97000122070312,65.22000122070312,51.955841064453125
2019-03-18,65.33000183105469,65.44999694824219,52.13905715942383
2019-03-19,65.83999633789062,65.58000183105469,52.24261474609375
2019-03-20,65.33000183105469,65.61000061035156,52.266517639160156
2019-03-21,65.16999816894531,65.56999969482422,52.234649658203125
2019-03-22,64.8499984741211,64.30999755859375,51.23091125488281
2019-03-25,64.26000213623047,64.4000015258789,51.30260467529297
2019-03-26,64.87000274658203,64.72000122070312,51.557518005371094
2019-03-27,64.88999938964844,64.75,51.581417083740234
2019-03-28,64.62999725341797,64.58999633789062,51.453956604003906
2019-03-29,64.87000274658203,64.86000061035156,51.66904067993164
2019-04-01,65.4800033569336,65.69000244140625,52.33024597167969
2019-04-02,65.5999984741211,65.70999908447266,52.34617233276367
2019-04-03,66.16999816894531,66.22000122070312,52.7524528503418
2019-04-04,65.98999786376953,66.08000183105469,52.64093780517578
2019-04-05,66.02999877929688,66.25,52.77634811401367
2019-04-08,66.23999786376953,66.29000091552734,52.80821228027344
2019-04-09,66.05000305175781,65.87000274658203,52.473628997802734
2019-04-10,65.95999908447266,66.12000274658203,52.672794342041016
2019-04-11,66.05000305175781,65.9800033569336,52.56126403808594
2019-04-12,66.41999816894531,66.44000244140625,52.92771911621094
2019-04-15,66.48999786376953,66.47000122070312,52.95161056518555
2019-04-16,66.7300033569336,66.5199966430664,52.99143600463867
2019-04-17,66.8499984741211,66.70999908447266,53.14280319213867
2019-04-18,66.70999908447266,66.66999816894531,53.110931396484375
2019-04-22,66.45999908447266,66.55999755859375,53.0233039855957
2019-04-23,66.44000244140625,66.69000244140625,53.12686538696289
2019-04-24,66.33999633789062,66.2300033569336,52.76042938232422
2019-04-25,66.0199966430664,66.18000030517578,52.7205924987793
2019-04-26,66.30000305175781,66.44999694824219,52.93567657470703
2019-04-29,66.4800033569336,66.72000122070312,53.15076446533203
2019-04-30,66.69999694824219,66.76000213623047,53.18263626098633
2019-05-01,66.86000061035156,66.37999725341797,52.87991714477539
2019-05-02,66.44000244140625,66.27999877929688,52.80024719238281
2019-05-03,66.58999633789062,66.98999786376953,53.365840911865234
2019-05-06,65.5199966430664,66.2300033569336,52.76042938232422
2019-05-07,65.62999725341797,65.06999969482422,51.836334228515625
2019-05-08,65.08999633789062,65.1500015258789,51.90007400512695
2019-05-09,64.44000244140625,64.8499984741211,51.66107940673828
2019-05-10,64.83999633789062,65.33000183105469,52.043460845947266
2019-05-13,64.12999725341797,63.810001373291016,50.83259201049805
2019-05-14,64.2699966430664,64.44999694824219,51.34242630004883
2019-05-15,63.97999954223633,64.68000030517578,51.52565002441406
2019-05-16,64.91999816894531,65.19999694824219,51.93989562988281
2019-05-17,64.80000305175781,64.7699966430664,51.597347259521484
2019-05-20,64.51000213623047,64.51000213623047,51.39023208618164
2019-05-21,64.86000061035156,64.94000244140625,51.73277282714844
2019-05-22,64.62000274658203,64.68000030517578,51.52565002441406
2019-05-23,64.0,64.08999633789062,51.05564498901367
2019-05-24,64.7699966430664,64.77999877929688,51.605316162109375
2019-05-28,64.7300033569336,64.1500015258789,51.10344314575195
2019-05-29,63.68000030517578,63.7400016784668,50.776824951171875
2019-05-30,63.81999969482422,63.97999954223633,50.96800994873047
2019-05-31,63.130001068115234,63.400001525878906,50.50597381591797
2019-06-03,63.59000015258789,63.77000045776367,50.800724029541016
2019-06-04,64.20999908447266,64.5,51.38226318359375
2019-06-05,64.79000091552734,64.4800033569336,51.36632537841797
2019-06-06,64.7300033569336,64.73999786376953,51.57344436645508
2019-06-07,65.36000061035156,65.55999755859375,52.226680755615234
2019-06-10,65.7300033569336,65.73999786376953,52.37007141113281
2019-06-11,66.33999633789062,66.06999969482422,52.63296127319336
2019-06-12,65.80999755859375,65.58000183105469,52.24261474609375
2019-06-13,65.73999786376953,65.63999938964844,52.2904167175293
2019-06-14,65.25,65.16000366210938,51.908042907714844
2019-06-17,63.79999923706055,63.83000183105469,51.94547653198242
2019-06-18,64.3499984741211,64.68000030517578,52.637203216552734
2019-06-19,64.83000183105469,65.08000183105469,52.962730407714844
2019-06-20,65.83000183105469,65.6500015258789,53.42660140991211
2019-06-21,65.37000274658203,65.37000274658203,53.19873809814453
2019-06-24,65.55999755859375,65.51000213623047,53.31267547607422
2019-06-25,65.58000183105469,65.12000274658203,52.99528121948242
2019-06-26,65.37000274658203,65.19999694824219,53.060386657714844
2019-06-27,65.37000274658203,65.36000061035156,53.19060134887695
2019-06-28,65.63999938964844,65.7300033569336,53.49171447753906
2019-07-01,66.38999938964844,66.04000091552734,53.743988037109375
2019-07-02,66.16999816894531,66.2300033569336,53.89862060546875
2019-07-03,66.58999633789062,66.68000030517578,54.26483154296875
2019-07-05,66.0999984741211,66.16999816894531,53.84978103637695
2019-07-08,65.80000305175781,65.79000091552734,53.54053497314453
2019-07-09,65.33000183105469,65.51000213623047,53.31267547607422
2019-07-10,65.81999969482422,65.73999786376953,53.499847412109375
2019-07-11,65.87000274658203,65.72000122070312,53.48357391357422
2019-07-12,65.69000244140625,65.80000305175781,53.54868698120117
2019-07-15,65.87000274658203,65.86000061035156,53.59750747680664
2019-07-16,65.66999816894531,65.58999633789062,53.37777328491211
2019-07-17,65.76000213623047,65.5,53.30453109741211
2019-07-18,65.25,65.69999694824219,53.467288970947266
2019-07-19,65.66999816894531,65.51000213623047,53.31267547607422
2019-07-22,65.5999984741211,65.58000183105469,53.36963653564453
2019-07-23,65.9800033569336,65.98999786376953,53.70329666137695
2019-07-24,65.80999755859375,66.04000091552734,53.743988037109375
2019-07-25,65.83999633789062,65.37000274658203,53.19873809814453
2019-07-26,65.55000305175781,65.5,53.30453109741211
2019-07-29,65.72000122070312,65.63999938964844,53.41846466064453
2019-07-30,64.9000015258789,64.87999725341797,52.79996109008789
2019-07-31,64.8499984741211,64.44999694824219,52.45003128051758
2019-08-01,64.52999877929688,64.2699966430664,52.30353546142578
2019-08-02,64.0199966430664,63.70000076293945,51.83967971801758
2019-08-05,62.779998779296875,62.11000061035156,50.545711517333984
2019-08-06,62.599998474121094,62.529998779296875,50.88751220703125
2019-08-07,62.27000045776367,62.77000045776367,51.082828521728516
2019-08-08,63.02000045776367,63.380001068115234,51.57925796508789
2019-08-09,63.189998626708984,62.939998626708984,51.22117614746094
2019-08-12,62.689998626708984,62.439998626708984,50.81427001953125
2019-08-13,62.31999969482422,63.029998779296875,51.29442596435547
2019-08-14,61.86000061035156,61.29999923706055,49.886531829833984
2019-08-15,61.58000183105469,61.5099983215332,50.05742645263672
2019-08-16,61.86000061035156,62.25,50.65965270996094
2019-08-19,62.81999969482422,62.630001068115234,50.96889877319336
2019-08-20,62.61000061035156,62.41999816894531,50.797996520996094
2019-08-21,63.099998474121094,62.86000061035156,51.156070709228516
2019-08-22,62.88999938964844,62.7400016784668,51.05841827392578
2019-08-23,62.59000015258789,61.959999084472656,50.423648834228516
2019-08-26,62.59000015258789,62.470001220703125,50.838687896728516
2019-08-27,62.77000045776367,62.41999816894531,50.797996520996094
2019-08-28,62.27000045776367,62.41999816894531,50.797996520996094
2019-08-29,63.02000045776367,62.959999084472656,51.237449645996094
2019-08-30,63.400001525878906,63.209999084472656,51.44090270996094
2019-09-03,62.849998474121094,63.09000015258789,51.34325408935547
2019-09-04,63.7400016784668,63.97999954223633,52.067535400390625
2019-09-05,64.43000030517578,64.31999969482422,52.34423828125
2019-09-06,64.51000213623047,64.52999877929688,52.515132904052734
2019-09-09,64.7300033569336,64.72000122070312,52.66976547241211
2019-09-10,64.5999984741211,64.83000183105469,52.75928497314453
2019-09-11,65.0199966430664,65.19000244140625,53.0522575378418
2019-09-12,65.23999786376953,65.56999969482422,53.36149597167969
2019-09-13,65.88999938964844,65.94000244140625,53.66260528564453
2019-09-16,65.52999877929688,65.3499984741211,53.18245315551758
2019-09-17,65.25,65.56999969482422,53.36149597167969
2019-09-18,65.41000366210938,65.48999786376953,53.29638671875
2019-09-19,65.83000183105469,65.70999908447266,53.47542953491211
2019-09-20,65.79000091552734,65.55999755859375,53.353363037109375
2019-09-23,65.19999694824219,65.38999938964844,53.21501159667969
2019-09-24,65.55000305175781,65.13999938964844,53.01155471801758
2019-09-25,64.79000091552734,64.94999694824219,52.856937408447266
2019-09-26,65.30000305175781,65.19000244140625,53.0522575378418
2019-09-27,65.19000244140625,64.97000122070312,52.87321090698242
2019-09-30,64.97000122070312,65.20999908447266,53.06852340698242
2019-10-01,65.0199966430664,64.56999969482422,52.547691345214844
2019-10-02,63.72999954223633,63.25,51.47345733642578
2019-10-03,63.2599983215332,63.66999816894531,51.81526184082031
2019-10-04,63.720001220703125,64.16999816894531,52.22216033935547
2019-10-07,64.12000274658203,64.08999633789062,52.15705871582031
2019-10-08,63.7599983215332,63.4900016784668,51.66877746582031
2019-10-09,63.91999816894531,63.95000076293945,52.043121337890625
2019-10-10,63.91999816894531,64.4000015258789,52.40934753417969
2019-10-11,65.37000274658203,65.55000305175781,53.345218658447266
2019-10-14,65.23999786376953,65.27999877929688,53.12549591064453
2019-10-15,65.55999755859375,66.04000091552734,53.743988037109375
2019-10-16,66.0199966430664,66.13999938964844,53.82535934448242
2019-10-17,66.4800033569336,66.30000305175781,53.9555778503418
2019-10-18,66.20999908447266,66.2699966430664,53.93115997314453
2019-10-21,66.70999908447266,66.62999725341797,54.22414016723633
2019-10-22,66.68000030517578,66.47000122070312,54.09392547607422
2019-10-23,66.5999984741211,66.83000183105469,54.38689422607422
2019-10-24,67.06999969482422,66.94999694824219,54.484554290771484
2019-10-25,66.76000213623047,67.0199966430664,54.5415153503418
2019-10-28,67.12000274658203,67.31999969482422,54.78566360473633
2019-10-29,67.05999755859375,67.30000305175781,54.76939010620117
2019-10-30,67.23999786376953,67.58000183105469,54.99725341796875
2019-10-31,67.37000274658203,67.41999816894531,54.86705017089844
2019-11-01,67.8499984741211,68.0199966430664,55.35533142089844
2019-11-04,68.4800033569336,68.37000274658203,55.640167236328125
2019-11-05,68.29000091552734,68.23999786376953,55.53436279296875
2019-11-06,68.30999755859375,68.20999908447266,55.50995635986328
2019-11-07,68.58999633789062,68.41999816894531,55.68086624145508
2019-11-08,68.18000030517578,68.37999725341797,55.64830780029297
2019-11-11,68.0199966430664,68.29000091552734,55.5750617980957
2019-11-12,68.27999877929688,68.31999969482422,55.59947204589844
2019-11-13,67.83999633789062,68.08000183105469,55.40415573120117
2019-11-14,67.7300033569336,67.88999938964844,55.249534606933594
2019-11-15,68.05000305175781,68.31999969482422,55.59947204589844
2019-11-18,68.23999786376953,68.4000015258789,55.664581298828125
2019-11-19,68.5999984741211,68.30999755859375,55.591331481933594
2019-11-20,67.94000244140625,67.87999725341797,55.24140548706055
2019-11-21,67.87000274658203,67.79000091552734,55.168155670166016
2019-11-22,68.05999755859375,67.9800033569336,55.322776794433594
2019-11-25,68.27999877929688,68.5199966430664,55.76222610473633
2019-11-26,68.41000366210938,68.4800033569336,55.72969436645508
2019-11-27,68.56999969482422,68.66000366210938,55.87617492675781
2019-11-29,68.22000122070312,68.18000030517578,55.485538482666016
2019-12-02,68.0999984741211,67.83000183105469,55.20070266723633
2019-12-03,67.2300033569336,67.58000183105469,54.99725341796875
2019-12-04,68.0,68.19999694824219,55.50182342529297
2019-12-05,68.23999786376953,68.06999969482422,55.396026611328125
2019-12-06,68.62000274658203,68.69000244140625,55.90058898925781
2019-12-09,68.56999969482422,68.33000183105469,55.607608795166016
2019-12-10,68.26000213623047,68.36000061035156,55.632015228271484
2019-12-11,68.38999938964844,68.72000122070312,55.92499923706055
2019-12-12,68.63999938964844,69.18000030517578,56.29935073852539
2019-12-13,69.55999755859375,69.66000366210938,56.68998336791992
2019-12-16,69.5999984741211,69.62000274658203,57.29568862915039
2019-12-17,69.30000305175781,69.22000122070312,56.96650695800781
2019-12-18,69.13999938964844,69.12999725341797,56.892425537109375
2019-12-19,68.98999786376953,69.12999725341797,56.892425537109375
2019-12-20,69.29000091552734,69.18000030517578,56.93357467651367
2019-12-23,69.23999786376953,69.29000091552734,57.024105072021484
2019-12-24,69.27999877929688,69.22000122070312,56.96650695800781
2019-12-26,69.3499984741211,69.5199966430664,57.21338653564453
2019-12-27,69.83999633789062,69.63999938964844,57.31215286254883
2019-12-30,69.76000213623047,69.12000274658203,56.88420867919922
2019-12-31,69.19000244140625,69.44000244140625,57.14755630493164
2020-01-02,69.95999908447266,70.13999938964844,57.7236442565918
2020-01-03,69.19000244140625,69.2699966430664,57.00764846801758
2020-01-06,69.16000366210938,69.54000091552734,57.22985076904297
2020-01-07,69.5199966430664,69.3499984741211,57.073486328125
2020-01-08,69.2699966430664,69.55000305175781,57.23808288574219
2020-01-09,69.68000030517578,69.70999908447266,57.3697509765625
2020-01-10,69.66000366210938,69.44999694824219,57.15578079223633
2020-01-13,69.51000213623047,69.80999755859375,57.45205307006836
2020-01-14,69.68000030517578,69.87999725341797,57.50965881347656
2020-01-15,69.81999969482422,69.87999725341797,57.50965881347656
2020-01-16,69.98999786376953,70.16999816894531,57.74833679199219
2020-01-17,70.36000061035156,70.37999725341797,57.921142578125
2020-01-21,70.05999755859375,69.81999969482422,57.46028518676758
2020-01-22,70.13999938964844,69.95999908447266,57.57550048828125
2020-01-23,69.69999694824219,69.79000091552734,57.43560791015625
2020-01-24,70.08000183105469,69.48999786376953,57.18870162963867
2020-01-27,68.1500015258789,68.05000305175781,56.00362014770508
2020-01-28,68.36000061035156,68.69000244140625,56.53031921386719
2020-01-29,68.81999969482422,68.69999694824219,56.538551330566406
2020-01-30,68.1500015258789,68.63999938964844,56.489166259765625
2020-01-31,68.0,67.4800033569336,55.534523010253906
2020-02-03,67.66999816894531,67.63999938964844,55.66619873046875
2020-02-04,68.66000366210938,68.7699966430664,56.59615707397461
2020-02-05,69.43000030517578,69.43000030517578,57.13933181762695
2020-02-06,69.63999938964844,69.62000274658203,57.29568862915039
2020-02-07,69.20999908447266,68.95999908447266,56.75252914428711
2020-02-10,68.8499984741211,69.0999984741211,56.867740631103516
2020-02-11,69.58000183105469,69.56999969482422,57.254539489746094
2020-02-12,69.80000305175781,69.80999755859375,57.45205307006836
2020-02-13,69.18000030517578,69.31999969482422,57.048797607421875
2020-02-14,69.30999755859375,69.19999694824219,56.950035095214844
2020-02-18,68.69999694824219,68.76000213623047,56.58793640136719
2020-02-19,69.0,68.98999786376953,56.77720642089844
2020-02-20,68.72000122070312,68.58000183105469,56.439796447753906
2020-02-21,68.36000061035156,68.26000213623047,56.17644500732422
2020-02-24,65.51000213623047,65.52999877929688,53.929710388183594
2020-02-25,65.83000183105469,64.44999694824219,53.040897369384766
2020-02-26,65.0,64.52999877929688,53.10673141479492
2020-02-27,63.5099983215332,62.619998931884766,51.53485107421875
2020-02-28,61.2599983215332,62.2400016784668,51.22211837768555
2020-03-02,62.22999954223633,63.040000915527344,51.880496978759766
2020-03-03,63.56999969482422,62.529998779296875,51.460777282714844
2020-03-04,63.630001068115234,64.4000015258789,52.99974822998047
2020-03-05,62.959999084472656,62.689998626708984,51.59245681762695
2020-03-06,61.560001373291016,61.75,50.81886291503906
2020-03-09,57.630001068115234,56.959999084472656,46.87679672241211
2020-03-10,59.20000076293945,59.060001373291016,48.60505294799805
2020-03-11,57.540000915527344,56.04999923706055,46.12788009643555
2020-03-12,51.79999923706055,49.88999938964844,41.05834197998047
2020-03-13,53.119998931884766,52.90999984741211,43.543739318847656
2020-03-16,46.59000015258789,47.45000076293945,39.05027770996094
2020-03-17,48.119998931884766,49.7599983215332,40.95135498046875
2020-03-18,46.68000030517578,46.90999984741211,38.60588073730469
2020-03-19,46.86000061035156,47.63999938964844,39.206642150878906
2020-03-20,48.869998931884766,47.04999923706055,38.72108459472656
2020-03-23,47.34000015258789,46.5,38.26844787597656
2020-03-24,50.029998779296875,50.439998626708984,41.510986328125
2020-03-25,51.0,52.08000183105469,42.86066436767578
2020-03-26,52.380001068115234,54.40999984741211,44.7781982421875
2020-03-27,52.439998626708984,52.86000061035156,43.50258255004883
2020-03-30,53.04999923706055,53.93000030517578,44.383174896240234
2020-03-31,53.09000015258789,53.459999084472656,43.99637985229492
2020-04-01,51.72999954223633,51.09000015258789,42.04592514038086
2020-04-02,51.16999816894531,52.09000015258789,42.868900299072266
2020-04-03,51.2599983215332,50.900001525878906,41.889556884765625
2020-04-06,52.75,53.599998474121094,44.11158752441406
2020-04-07,55.41999816894531,53.900001525878906,44.358482360839844
2020-04-08,54.04999923706055,54.34000015258789,44.7205924987793
2020-04-09,55.18000030517578,55.56999969482422,45.732852935791016
2020-04-13,55.400001525878906,55.040000915527344,45.29668045043945
2020-04-14,55.91999816894531,56.02000045776367,46.10319519042969
2020-04-15,54.45000076293945,54.27000045776367,44.662986755371094
2020-04-16,54.47999954223633,54.29999923706055,44.68767547607422
2020-04-17,55.599998474121094,55.7400016784668,45.872764587402344
2020-04-20,55.060001373291016,54.90999984741211,45.1896858215332
2020-04-21,54.099998474121094,53.84000015258789,44.309104919433594
2020-04-22,54.7599983215332,54.75,45.05801773071289
2020-04-23,54.86000061035156,54.58000183105469,44.91810607910156
2020-04-24,54.9900016784668,55.209999084472656,45.436580657958984
2020-04-27,55.58000183105469,55.939998626708984,46.03736114501953
2020-04-28,57.08000183105469,56.36000061035156,46.38300704956055
2020-04-29,57.540000915527344,57.77000045776367,47.54341125488281
2020-04-30,56.9900016784668,56.56999969482422,46.55582809448242
2020-05-01,55.72999954223633,55.34000015258789,45.54356384277344
2020-05-04,54.91999816894531,55.31999969482422,45.52711486816406
2020-05-05,55.72999954223633,55.41999816894531,45.60940933227539
2020-05-06,55.849998474121094,55.060001373291016,45.31314468383789
2020-05-07,55.869998931884766,55.88999938964844,45.996212005615234
2020-05-08,56.58000183105469,56.84000015258789,46.778038024902344
2020-05-11,56.5,56.790000915527344,46.73688507080078
2020-05-12,56.959999084472656,56.06999969482422,46.144344329833984
2020-05-13,56.40999984741211,55.63999938964844,45.790462493896484
2020-05-14,54.349998474121094,55.11000061035156,45.35429000854492
2020-05-15,55.040000915527344,55.15999984741211,45.39543914794922
2020-05-18,56.560001373291016,57.38999938964844,47.230674743652344
2020-05-19,56.970001220703125,56.599998474121094,46.58052062988281
2020-05-20,57.68000030517578,57.779998779296875,47.5516357421875
2020-05-21,57.59000015258789,57.11000061035156,47.000244140625
2020-05-22,56.83000183105469,56.95000076293945,46.868560791015625
2020-05-26,58.689998626708984,58.58000183105469,48.21002197265625
2020-05-27,59.310001373291016,59.290000915527344,48.79433822631836
2020-05-28,60.060001373291016,59.849998474121094,49.25519561767578
2020-05-29,59.7599983215332,59.63999938964844,49.082374572753906
2020-06-01,60.130001068115234,60.970001220703125,50.17694091796875
2020-06-02,61.34000015258789,61.540000915527344,50.64603042602539
2020-06-03,62.31999969482422,63.0099983215332,51.85581588745117
2020-06-04,62.61000061035156,62.7400016784668,51.63361358642578
2020-06-05,63.97999954223633,63.81999969482422,52.522422790527344
2020-06-08,64.16999816894531,64.6500015258789,53.20549392700195
2020-06-09,63.540000915527344,63.810001373291016,52.514190673828125
2020-06-10,64.04000091552734,63.66999816894531,52.39897537231445
2020-06-11,61.97999954223633,60.2599983215332,49.59262466430664
2020-06-12,61.86000061035156,61.29999923706055,50.448516845703125
2020-06-15,59.31999969482422,60.689998626708984,50.655517578125
2020-06-16,61.900001525878906,61.439998626708984,51.28150939941406
2020-06-17,61.91999816894531,61.66999816894531,51.473480224609375
2020-06-18,61.16999816894531,61.34000015258789,51.19804000854492
2020-06-19,62.040000915527344,61.040000915527344,50.94764709472656
2020-06-22,61.45000076293945,61.77000045776367,51.55694580078125
2020-06-23,62.4900016784668,62.11000061035156,51.840728759765625
2020-06-24,61.38999938964844,60.52000045776367,50.51362228393555
2020-06-25,60.58000183105469,61.380001068115234,51.23143005371094
2020-06-26,61.22999954223633,60.4900016784668,50.488582611083984
2020-06-29,60.790000915527344,60.97999954223633,50.897560119628906
2020-06-30,60.54999923706055,60.869998931884766,50.80575180053711
2020-07-01,60.79999923706055,61.099998474121094,50.99772644042969
2020-07-02,61.95000076293945,61.77000045776367,51.55694580078125
2020-07-06,62.70000076293945,62.779998779296875,52.39994430541992
2020-07-07,62.209999084472656,61.86000061035156,51.6320686340332
2020-07-08,61.869998931884766,62.380001068115234,52.06608581542969
2020-07-09,62.290000915527344,61.66999816894531,51.473480224609375
2020-07-10,61.91999816894531,62.33000183105469,52.024356842041016
2020-07-13,62.68000030517578,61.93000030517578,51.690486907958984
2020-07-14,62.04999923706055,62.84000015258789,52.45003128051758
2020-07-15,63.790000915527344,63.54999923706055,53.042640686035156
2020-07-16,63.150001525878906,63.13999938964844,52.700435638427734
2020-07-17,63.290000915527344,63.5099983215332,53.009246826171875
2020-07-20,63.5099983215332,63.81999969482422,53.26799011230469
2020-07-21,64.1500015258789,63.95000076293945,53.37651062011719
2020-07-22,63.95000076293945,64.12000274658203,53.518402099609375
2020-07-23,63.970001220703125,63.61000061035156,53.092716217041016
2020-07-24,63.220001220703125,63.2599983215332,52.80058670043945
2020-07-27,63.869998931884766,64.08999633789062,53.493350982666016
2020-07-28,63.75,63.68000030517578,53.15114974975586
2020-07-29,63.970001220703125,64.3499984741211,53.710365295410156
2020-07-30,62.83000183105469,63.400001525878906,52.917442321777344
2020-07-31,63.0099983215332,62.04999923706055,51.7906494140625
2020-08-03,62.689998626708984,63.2599983215332,52.80058670043945
2020-08-04,62.970001220703125,63.61000061035156,53.092716217041016
2020-08-05,64.08999633789062,63.81999969482422,53.26799011230469
2020-08-06,63.56999969482422,63.88999938964844,53.32642364501953
2020-08-07,63.27000045776367,63.630001068115234,53.10940933227539
2020-08-10,63.68000030517578,63.84000015258789,53.284690856933594
2020-08-11,64.93000030517578,64.06999969482422,53.47666549682617
2020-08-12,65.3499984741211,65.48999786376953,54.6618766784668
2020-08-13,65.41000366210938,65.19999694824219,54.41982650756836
2020-08-14,64.73999786376953,64.80000305175781,54.085968017578125
2020-08-17,65.11000061035156,65.29000091552734,54.49494934082031
2020-08-18,65.52999877929688,65.25,54.46156311035156
2020-08-19,65.54000091552734,64.95999908447266,54.21950912475586
2020-08-20,64.3499984741211,64.75,54.04423141479492
2020-08-21,64.01000213623047,64.41999816894531,53.7687873840332
2020-08-24,65.38999938964844,65.2699966430664,54.478248596191406
2020-08-25,65.62999725341797,65.30999755859375,54.51163864135742
2020-08-26,65.33999633789062,65.69000244140625,54.82881164550781
2020-08-27,65.7300033569336,65.0199966430664,54.269588470458984
2020-08-28,65.41000366210938,65.4800033569336,54.653541564941406
2020-08-31,65.30999755859375,64.9800033569336,54.236209869384766
2020-09-01,65.0199966430664,65.05000305175781,54.29462814331055
2020-09-02,65.5199966430664,65.91999816894531,55.020782470703125
2020-09-03,65.70999908447266,64.43000030517578,53.777137756347656
2020-09-04,64.69000244140625,64.5199966430664,53.85226058959961
2020-09-08,63.72999954223633,63.72999954223633,53.1928825378418
2020-09-09,64.75,64.91999816894531,54.18611526489258
2020-09-10,65.2699966430664,64.16000366210938,53.551780700683594
2020-09-11,64.94999694824219,64.80000305175781,54.085968017578125
2020-09-14,65.3499984741211,65.1500015258789,54.37809371948242
2020-09-15,65.80999755859375,65.56999969482422,54.72865295410156
2020-09-16,65.76000213623047,65.56999969482422,54.72865295410156
2020-09-17,65.18000030517578,65.66000366210938,54.80377197265625
2020-09-18,65.47000122070312,65.12999725341797,54.36140823364258
2020-09-21,63.5099983215332,63.47999954223633,52.98421096801758
2020-09-22,63.47999954223633,63.459999084472656,52.96752166748047
2020-09-23,63.84000015258789,62.93000030517578,52.525150299072266
2020-09-24,62.77000045776367,62.869998931884766,52.47507095336914
2020-09-25,62.33000183105469,63.08000183105469,52.65034866333008
2020-09-28,63.88999938964844,64.02999877929688,53.443275451660156
2020-09-29,64.02999877929688,63.959999084472656,53.384857177734375
2020-09-30,63.720001220703125,63.650001525878906,53.12610626220703
2020-10-01,64.0,64.0199966430664,53.4349250793457
2020-10-02,63.2400016784668,63.88999938964844,53.32642364501953
2020-10-05,64.41000366210938,64.86000061035156,54.13604736328125
2020-10-06,64.91000366210938,64.16999816894531,53.56011962890625
2020-10-07,64.62000274658203,64.72000122070312,54.01919174194336
2020-10-08,65.01000213623047,65.16999816894531,54.3947868347168
2020-10-09,65.51000213623047,65.68000030517578,54.82046890258789
2020-10-12,65.83000183105469,66.05999755859375,55.137638092041016
2020-10-13,65.5199966430664,65.31999969482422,54.519989013671875
2020-10-14,65.52999877929688,65.20999908447266,54.42818069458008
2020-10-15,63.939998626708984,64.44000244140625,53.785491943359375
2020-10-16,64.6500015258789,64.73999786376953,54.03588104248047
2020-10-19,65.08999633789062,64.5,53.835567474365234
2020-10-20,64.97000122070312,64.81999969482422,54.102657318115234
2020-10-21,64.72000122070312,64.51000213623047,53.843910217285156
2020-10-22,64.44000244140625,64.55999755859375,53.885643005371094
2020-10-23,64.94999694824219,64.9800033569336,54.236209869384766
2020-10-26,64.16000366210938,63.810001373291016,53.25965118408203
2020-10-27,63.70000076293945,63.310001373291016,52.84232711791992
2020-10-28,61.90999984741211,61.41999816894531,51.26481246948242
2020-10-29,61.459999084472656,61.709999084472656,51.506866455078125
2020-10-30,61.439998626708984,61.38999938964844,51.239768981933594
2020-11-02,62.08000183105469,62.189998626708984,51.90749740600586
2020-11-03,63.40999984741211,63.81999969482422,53.26799011230469
2020-11-04,64.0999984741211,64.5199966430664,53.85226058959961
2020-11-05,66.01000213623047,66.06999969482422,55.14598083496094
2020-11-06,66.31999969482422,66.20999908447266,55.26283645629883
2020-11-09,69.36000061035156,68.13999938964844,56.87372970581055
2020-11-10,68.7300033569336,68.75,57.382869720458984
2020-11-11,69.23999786376953,69.33000183105469,57.866973876953125
2020-11-12,68.75,68.31999969482422,57.02397155761719
2020-11-13,68.75,69.37000274658203,57.900367736816406
2020-11-16,70.06999969482422,70.08999633789062,58.501304626464844
2020-11-17,69.83999633789062,70.0199966430664,58.44289016723633
2020-11-18,70.12999725341797,69.6500015258789,58.134063720703125
2020-11-19,69.63999938964844,70.13999938964844,58.543052673339844
2020-11-20,70.12000274658203,70.3499984741211,58.71832275390625
2020-11-23,70.5999984741211,70.26000213623047,58.64320755004883
2020-11-24,70.91000366210938,71.30999755859375,59.519596099853516
2020-11-25,70.88999938964844,71.22000122070312,59.44447708129883
2020-11-27,71.37999725341797,71.70999908447266,59.853458404541016
2020-11-30,71.45999908447266,70.1500015258789,58.5513916015625
2020-12-01,71.33999633789062,71.80000305175781,59.92858123779297
2020-12-02,71.44999694824219,71.80999755859375,59.93693542480469
2020-12-03,72.05999755859375,71.93000030517578,60.03709411621094
2020-12-04,72.33999633789062,72.54000091552734,60.546234130859375
2020-12-07,72.0199966430664,71.94999694824219,60.05377960205078
2020-12-08,71.77999877929688,72.19999694824219,60.26243209838867
2020-12-09,72.63999938964844,72.30000305175781,60.34592056274414
2020-12-10,71.91000366210938,72.4000015258789,60.429378509521484
2020-12-11,71.95999908447266,72.18000030517578,60.245758056640625
2020-12-14,71.95999908447266,71.52999877929688,60.282833099365234
2020-12-15,71.81999969482422,72.26000213623047,60.898040771484375
2020-12-16,72.37000274658203,72.54000091552734,61.134029388427734
2020-12-17,73.16999816894531,73.05000305175781,61.563838958740234
2020-12-18,73.0,72.66999816894531,61.24359130859375
2020-12-21,70.88999938964844,71.73999786376953,60.45980453491211
2020-12-22,71.58999633789062,71.55999755859375,60.308109283447266
2020-12-23,72.16999816894531,72.33000183105469,60.957054138183594
2020-12-24,72.30000305175781,72.36000061035156,60.982330322265625
2020-12-28,73.12000274658203,72.94999694824219,61.479557037353516
2020-12-29,73.80000305175781,73.41999816894531,61.87565612792969
2020-12-30,73.80999755859375,73.5199966430664,61.95992660522461
2020-12-31,73.44000244140625,72.95999908447266,61.48799133300781
2021-01-04,74.38999938964844,73.33999633789062,61.80823516845703
2021-01-05,73.58000183105469,74.0999984741211,62.44873809814453
2021-01-06,74.30000305175781,74.94999694824219,63.16507339477539
2021-01-07,74.8499984741211,75.02999877929688,63.23250961303711
2021-01-08,75.58000183105469,75.7300033569336,63.822444915771484
2021-01-11,74.3499984741211,74.73999786376953,62.98810577392578
2021-01-12,74.68000030517578,75.08000183105469,63.274654388427734
2021-01-13,74.95999908447266,74.9800033569336,63.19035720825195
2021-01-14,75.20999908447266,75.58000183105469,63.6960334777832
2021-01-15,74.61000061035156,74.4000015258789,62.701568603515625
2021-01-19,74.97000122070312,74.94000244140625,63.15666580200195
2021-01-20,75.05000305175781,75.44999694824219,63.58647155761719
2021-01-21,75.5,75.51000213623047,63.63703536987305
2021-01-22,74.86000061035156,75.1500015258789,63.33364486694336
2021-01-25,74.58000183105469,75.05999755859375,63.25778579711914
2021-01-26,75.16999816894531,75.16999816894531,63.35049057006836
2021-01-27,73.79000091552734,73.44999694824219,61.90093994140625
2021-01-28,73.63999938964844,73.91999816894531,62.29704284667969
2021-01-29,73.04000091552734,72.38999938964844,61.00760269165039
2021-02-01,73.27999877929688,73.25,61.732398986816406
2021-02-02,73.6500015258789,73.98999786376953,62.35602569580078
2021-02-03,74.0199966430664,74.16999816894531,62.507728576660156
2021-02-04,73.88999938964844,74.25,62.57515335083008
2021-02-05,74.61000061035156,74.70999908447266,62.96283721923828
2021-02-08,75.25,75.2300033569336,63.40106201171875
2021-02-09,75.33999633789062,75.63999938964844,63.746585845947266
2021-02-10,75.87000274658203,75.37999725341797,63.52747344970703
2021-02-11,75.79000091552734,75.88999938964844,63.95728302001953
2021-02-12,75.68000030517578,76.30999755859375,64.31124114990234
2021-02-16,76.98999786376953,76.86000061035156,64.7747573852539
2021-02-17,76.30000305175781,76.41000366210938,64.39551544189453
2021-02-18,75.8499984741211,76.02999877929688,64.07527160644531
2021-02-19,76.33999633789062,76.25,64.26067352294922
2021-02-22,76.0199966430664,76.05999755859375,64.10055541992188
2021-02-23,75.97000122070312,76.12999725341797,64.1595458984375
2021-02-24,75.66000366210938,76.37000274658203,64.3617935180664
2021-02-25,76.5,75.06999969482422,63.26621627807617
2021-02-26,74.86000061035156,74.01000213623047,62.372886657714844
2021-03-01,74.9000015258789,75.4000015258789,63.544342041015625
2021-03-02,75.33999633789062,75.31999969482422,63.476905822753906
2021-03-03,75.08999633789062,74.86000061035156,63.08922576904297
2021-03-04,74.93000030517578,74.1500015258789,62.490875244140625
2021-03-05,74.61000061035156,74.62999725341797,62.89539337158203
2021-03-08,74.31999969482422,74.37000274658203,62.67628479003906
2021-03-09,75.18000030517578,75.37000274658203,63.51905059814453
2021-03-10,75.69999694824219,75.69000244140625,63.78872299194336
2021-03-11,75.93000030517578,76.08999633789062,64.1258316040039
2021-03-12,75.68000030517578,76.27999877929688,64.28595733642578
2021-03-15,76.16999816894531,76.33999633789062,64.3365249633789
2021-03-16,76.5199966430664,76.47000122070312,64.44608306884766
2021-03-17,76.20999908447266,76.91999816894531,64.8253173828125
2021-03-18,76.54000091552734,76.22000122070312,64.23540496826172
2021-03-19,76.20999908447266,76.43000030517578,64.41236877441406
2021-03-22,76.30000305175781,76.5,64.47136688232422
2021-03-23,75.9800033569336,75.44000244140625,63.57804870605469
2021-03-24,75.2300033569336,75.05999755859375,63.25778579711914
2021-03-25,75.0,75.62000274658203,63.729740142822266
2021-03-26,75.87999725341797,76.5999984741211,64.5556411743164
2021-03-29,76.13999938964844,76.30000305175781,64.30281829833984
2021-03-30,75.88999938964844,76.19999694824219,64.2185287475586
2021-03-31,75.87999725341797,75.87000274658203,63.94041442871094
2021-04-01,76.26000213623047,76.86000061035156,64.7747573852539
2021-04-05,77.48999786376953,77.9800033569336,65.71865844726562
2021-04-06,77.05000305175781,77.1500015258789,65.01915740966797
2021-04-07,77.16999816894531,77.30999755859375,65.15399932861328
2021-04-08,77.66000366210938,77.75,65.52482604980469
2021-04-09,77.69000244140625,77.98999786376953,65.72708892822266
2021-04-12,77.66999816894531,77.55999755859375,65.36470031738281
2021-04-13,77.66999816894531,78.01000213623047,65.74394226074219
2021-04-14,78.05000305175781,78.06999969482422,65.79450988769531
2021-04-15,78.55999755859375,78.72000122070312,66.34229278564453
2021-04-16,79.0199966430664,79.29000091552734,66.82266998291016
2021-04-19,79.37000274658203,79.1500015258789,66.70469665527344
2021-04-20,78.23999786376953,77.7300033569336,65.50798034667969
2021-04-21,77.58000183105469,78.52999877929688,66.18218231201172
2021-04-22,78.70999908447266,78.2699966430664,65.96305084228516
2021-04-23,78.55000305175781,79.06999969482422,66.63726806640625
2021-04-26,79.0999984741211,79.12999725341797,66.68782806396484
2021-04-27,78.73999786376953,78.87000274658203,66.46871948242188
2021-04-28,78.80999755859375,79.06999969482422,66.63726806640625
2021-04-29,79.33999633789062,79.0999984741211,66.66254425048828
2021-04-30,78.62000274658203,78.11000061035156,65.82820892333984
2021-05-03,78.75,78.97000122070312,66.55298614501953
2021-05-04,78.11000061035156,77.80000305175781,65.56697082519531
2021-05-05,78.6500015258789,78.86000061035156,66.46028137207031
2021-05-06,78.95999908447266,79.51000213623047,67.00809478759766
2021-05-07,79.6500015258789,80.41000366210938,67.76656341552734
2021-05-10,80.66999816894531,79.9800033569336,67.40418243408203
2021-05-11,78.52999877929688,78.93000030517578,66.51927185058594
2021-05-12,78.38999938964844,77.66999816894531,65.45738983154297
2021-05-13,77.69000244140625,78.25,65.9461898803711
2021-05-14,79.01000213623047,79.55999755859375,67.05022430419922
2021-05-17,79.0999984741211,79.41000366210938,66.92382049560547
2021-05-18,80.04000091552734,79.58000183105469,67.06707000732422
2021-05-19,78.58999633789062,78.87999725341797,66.47714233398438
2021-05-20,79.38999938964844,79.91999816894531,67.35362243652344
2021-05-21,80.18000030517578,80.02999877929688,67.4463119506836
2021-05-24,80.25,80.5199966430664,67.8592758178711
2021-05-25,80.7699966430664,80.54000091552734,67.8761215209961
2021-05-26,80.44999694824219,80.48999786376953,67.83399200439453
2021-05-27,80.62000274658203,80.63999938964844,67.96041107177734
2021-05-28,80.83999633789062,80.83000183105469,68.12054443359375
2021-06-01,81.5,81.12000274658203,68.36492919921875
2021-06-02,81.2699966430664,81.38999938964844,68.59247589111328
2021-06-03,80.95999908447266,80.98999786376953,68.25537109375
2021-06-04,81.52999877929688,81.68000030517578,68.83688354492188
2021-06-07,81.87000274658203,81.94999694824219,69.06440734863281
2021-06-08,82.02999877929688,81.91000366210938,69.03071594238281
2021-06-09,81.87999725341797,81.69000244140625,68.84532165527344
2021-06-10,80.66999816894531,80.80999755859375,69.03495025634766
2021-06-11,80.91000366210938,81.0,69.197265625
2021-06-14,80.93000030517578,81.13999938964844,69.31687927246094
2021-06-15,81.20999908447266,81.23999786376953,69.40229797363281
2021-06-16,81.30999755859375,80.73999786376953,68.97514343261719
2021-06-17,80.22000122070312,80.18000030517578,68.49675750732422
2021-06-18,78.7300033569336,78.5199966430664,67.07864379882812
2021-06-21,78.87000274658203,79.55000305175781,67.95856475830078
2021-06-22,79.31999969482422,79.55999755859375,67.96709442138672
2021-06-23,79.47000122070312,79.05000305175781,67.53141021728516
2021-06-24,79.63999938964844,79.80999755859375,68.18067169189453
2021-06-25,79.98999786376953,79.9800033569336,68.3259048461914
2021-06-28,79.69999694824219,79.47000122070312,67.89021301269531
2021-06-29,79.62999725341797,79.48999786376953,67.90727996826172
2021-06-30,78.76000213623047,78.87999725341797,67.38617706298828
2021-07-01,78.88999938964844,79.06999969482422,67.54849243164062
2021-07-02,79.08000183105469,79.33999633789062,67.77916717529297
2021-07-06,79.37999725341797,78.81999969482422,67.33492279052734
2021-07-07,79.16000366210938,79.25,67.7022705078125
2021-07-08,77.9800033569336,78.2300033569336,66.83090209960938
2021-07-09,79.05000305175781,79.55999755859375,67.96709442138672
2021-07-12,79.58000183105469,79.9000015258789,68.257568359375
2021-07-13,79.61000061035156,79.4800033569336,67.89876556396484
2021-07-14,79.81999969482422,79.66000366210938,68.05253601074219
2021-07-15,78.9000015258789,78.9000015258789,67.40326690673828
2021-07-16,78.8499984741211,78.31999969482422,66.90777587890625
2021-07-19,77.08999633789062,76.9000015258789,65.69469451904297
2021-07-20,76.72000122070312,77.45999908447266,66.17308807373047
2021-07-21,78.01000213623047,78.63999938964844,67.18115234375
2021-07-22,78.93000030517578,78.66999816894531,67.20677947998047
2021-07-23,79.19000244140625,79.22000122070312,67.67665100097656
2021-07-26,79.06999969482422,79.33000183105469,67.77061462402344
2021-07-27,78.97000122070312,79.01000213623047,67.49723052978516
2021-07-28,79.0199966430664,79.3499984741211,67.7876968383789
2021-07-29,80.01000213623047,79.9000015258789,68.257568359375
2021-07-30,79.58999633789062,79.48999786376953,67.90727996826172
2021-08-02,80.13999938964844,79.88999938964844,68.24901580810547
2021-08-03,80.2300033569336,80.45999908447266,68.73595428466797
2021-08-04,80.51000213623047,80.22000122070312,68.53092956542969
2021-08-05,80.62999725341797,80.61000061035156,68.86410522460938
2021-08-06,80.43000030517578,80.30999755859375,68.60781860351562
2021-08-09,80.33000183105469,80.2699966430664,68.57363891601562
2021-08-10,80.2699966430664,80.44999694824219,68.7274169921875
2021-08-11,80.93000030517578,81.0,69.197265625
2021-08-12,80.83000183105469,80.93000030517578,69.1374740600586
2021-08-13,81.19000244140625,81.41999816894531,69.55607604980469
2021-08-16,80.79000091552734,81.0,69.197265625
2021-08-17,80.23999786376953,80.23999786376953,68.54801177978516
2021-08-18,80.22000122070312,79.93000030517578,68.2831802368164
2021-08-19,78.88999938964844,79.13999938964844,67.6082992553711
2021-08-20,78.91000366210938,79.44999694824219,67.87311553955078
2021-08-23,79.87999725341797,80.19000244140625,68.50530242919922
2021-08-24,80.16000366210938,80.36000061035156,68.65052795410156
2021-08-25,80.27999877929688,80.38999938964844,68.6761703491211
2021-08-26,80.12999725341797,79.97000122070312,68.3173599243164
2021-08-27,79.98999786376953,80.69999694824219,68.94098663330078
2021-08-30,80.66999816894531,80.68000030517578,68.92389678955078
2021-08-31,80.81999969482422,80.63999938964844,68.88972473144531
2021-09-01,81.26000213623047,81.37000274658203,69.51336669921875
2021-09-02,81.70999908447266,81.69999694824219,69.79527282714844
2021-09-03,81.80000305175781,82.06999969482422,70.11135864257812
2021-09-07,82.19999694824219,82.12999725341797,70.1626205444336
2021-09-08,81.77999877929688,81.4800033569336,69.60733795166016
2021-09-09,81.44999694824219,81.33999633789062,69.48773193359375
2021-09-10,81.91999816894531,81.16000366210938,69.33396911621094
2021-09-13,81.94999694824219,81.80000305175781,69.88070678710938
2021-09-14,82.04000091552734,81.45999908447266,69.59024810791016
2021-09-15,81.37999725341797,81.69999694824219,69.79527282714844
2021-09-16,81.3499984741211,81.56999969482422,69.68421173095703
2021-09-17,81.06999969482422,80.5,68.77012634277344
2021-09-20,78.73999786376953,79.01000213623047,67.49723052978516
2021-09-21,80.08000183105469,79.79000091552734,68.16358184814453
2021-09-22,80.18000030517578,80.19000244140625,68.50530242919922
2021-09-23,80.81999969482422,81.05999755859375,69.24852752685547
2021-09-24,80.22000122070312,80.30000305175781,68.59927368164062
2021-09-27,80.06999969482422,80.25,68.55655670166016
2021-09-28,79.04000091552734,78.5,67.06155395507812
2021-09-29,78.70999908447266,78.31999969482422,66.90777587890625
2021-09-30,78.4000015258789,78.01000213623047,66.64295959472656
2021-10-01,78.05000305175781,78.19999694824219,66.80526733398438
2021-10-04,77.95999908447266,77.37999725341797,66.10475158691406
2021-10-05,77.55000305175781,77.91000366210938,66.55753326416016
2021-10-06,76.6500015258789,77.38999938964844,66.11329650878906
2021-10-07,77.80999755859375,77.98999786376953,66.62586975097656
2021-10-08,78.19000244140625,77.9800033569336,66.61732482910156
2021-10-11,78.16000366210938,77.7300033569336,66.40375518798828
2021-10-12,77.87000274658203,77.7699966430664,66.43792724609375
2021-10-13,78.18000030517578,78.54000091552734,67.0957260131836
2021-10-14,79.29000091552734,79.31999969482422,67.76207733154297
2021-10-15,79.76000213623047,79.9800033569336,68.3259048461914
2021-10-18,79.37999725341797,79.63999938964844,68.03544616699219
2021-10-19,79.94999694824219,80.12000274658203,68.44548797607422
2021-10-20,80.19999694824219,80.4000015258789,68.68470001220703
2021-10-21,79.87999725341797,80.0199966430664,68.36006927490234
2021-10-22,80.37000274658203,80.5,68.77012634277344
2021-10-25,80.29000091552734,80.33999633789062,68.63345336914062
2021-10-26,80.83000183105469,80.5,68.77012634277344
2021-10-27,80.51000213623047,80.18000030517578,68.49675750732422
2021-10-28,80.56999969482422,80.95999908447266,69.1631088256836
2021-10-29,80.2699966430664,80.48999786376953,68.76158142089844
2021-11-01,80.94999694824219,81.2699966430664,69.42793273925781
2021-11-02,81.02999877929688,81.0999984741211,69.28269958496094
2021-11-03,81.06999969482422,81.76000213623047,69.84652709960938
2021-11-04,81.52999877929688,81.70999908447266,69.8038101196289
2021-11-05,81.69999694824219,81.83000183105469,69.90632629394531
2021-11-08,81.87000274658203,81.81999969482422,69.89778900146484
2021-11-09,81.87000274658203,81.63999938964844,69.7440185546875
2021-11-10,81.30000305175781,80.6500015258789,68.89827728271484
2021-11-11,81.05999755859375,80.94000244140625,69.14601135253906
2021-11-12,81.20999908447266,81.37999725341797,69.52190399169922
2021-11-15,81.58000183105469,81.2300033569336,69.39375305175781
2021-11-16,81.22000122070312,81.05000305175781,69.239990234375
2021-11-17,80.87999725341797,80.94999694824219,69.1545639038086
2021-11-18,80.94000244140625,81.02999877929688,69.22289276123047
2021-11-19,80.58999633789062,80.33999633789062,68.63345336914062
2021-11-22,80.2300033569336,79.87000274658203,68.23191833496094
2021-11-23,79.69999694824219,79.79000091552734,68.16358184814453
2021-11-24,78.66000366210938,79.26000213623047,67.71080780029297
2021-11-26,77.7300033569336,77.12999725341797,65.89117431640625
2021-11-29,77.73999786376953,77.5199966430664,66.22435760498047
2021-11-30,77.3499984741211,76.83999633789062,65.6434326171875
2021-12-01,77.88999938964844,76.4000015258789,65.2675552368164
2021-12-02,76.87999725341797,77.3499984741211,66.07913208007812
2021-12-03,77.5999984741211,77.02999877929688,65.80575561523438
2021-12-06,77.55000305175781,77.7699966430664,66.43792724609375
2021-12-07,78.7699966430664,79.41000366210938,67.83895874023438
2021-12-08,79.47000122070312,79.55999755859375,67.96709442138672
2021-12-09,79.04000091552734,78.9000015258789,67.40326690673828
2021-12-10,79.04000091552734,79.06999969482422,67.54849243164062
2021-12-13,77.38999938964844,76.98999786376953,66.91575622558594
2021-12-14,76.66999816894531,76.58000183105469,66.55941009521484
2021-12-15,76.79000091552734,77.62000274658203,67.46331787109375
2021-12-16,78.0,77.62999725341797,67.47200775146484
2021-12-17,77.05999755859375,76.6500015258789,66.62025451660156
2021-12-20,76.19999694824219,76.4800033569336,66.47248840332031
2021-12-21,76.8499984741211,77.33000183105469,67.21127319335938
2021-12-22,77.22000122070312,78.05000305175781,67.83704376220703
2021-12-23,78.12999725341797,78.51000213623047,68.23688507080078
2021-12-27,78.55000305175781,79.12000274658203,68.76704406738281
2021-12-28,79.19999694824219,79.1500015258789,68.79312896728516
2021-12-29,79.05000305175781,79.12000274658203,68.76704406738281
2021-12-30,79.02999877929688,78.75,68.58675384521484
2021-12-31,78.73999786376953,78.68000030517578,68.52579498291016
2022-01-03,79.13999938964844,79.19000244140625,68.96997833251953
2022-01-04,79.68000030517578,79.63999938964844,69.36190795898438
2022-01-05,79.94000244140625,78.94000244140625,68.75224304199219
2022-01-06,78.68000030517578,78.54000091552734,68.40386199951172
2022-01-07,78.5,78.7699966430664,68.60417175292969
2022-01-10,77.88999938964844,78.04000091552734,67.96839141845703
2022-01-11,78.08999633789062,78.88999938964844,68.70868682861328
2022-01-12,79.37999725341797,79.66000366210938,69.37932586669922
2022-01-13,79.88999938964844,79.08000183105469,68.87417602539062
2022-01-14,78.77999877929688,79.0,68.80449676513672
2022-01-18,78.06999969482422,77.83999633789062,67.79420471191406
2022-01-19,78.2300033569336,77.7699966430664,67.73324584960938
2022-01-20,78.05000305175781,77.38999938964844,67.40228271484375
2022-01-21,77.1500015258789,76.33999633789062,66.48777770996094
2022-01-24,74.91000366210938,75.58000183105469,65.82587432861328
2022-01-25,74.68000030517578,75.12000274658203,65.42523956298828
2022-01-26,76.04000091552734,74.83000183105469,65.17265319824219
2022-01-27,74.97000122070312,74.4800033569336,64.86782836914062
2022-01-28,73.9800033569336,74.7300033569336,65.08556365966797
2022-01-31,74.70999908447266,75.81999969482422,66.03489685058594
2022-02-01,76.29000091552734,76.54000091552734,66.6619873046875
2022-02-02,77.16000366210938,77.11000061035156,67.15841674804688
2022-02-03,76.38999938964844,75.88999938964844,66.09586334228516
2022-02-04,75.75,76.06999969482422,66.25262451171875
2022-02-07,76.12999725341797,76.19999694824219,66.36585235595703
2022-02-08,76.19000244140625,76.58999633789062,66.70551300048828
2022-02-09,77.66000366210938,77.83000183105469,67.78549194335938
2022-02-10,76.72000122070312,76.83999633789062,66.92326354980469
2022-02-11,76.80999755859375,75.68000030517578,65.91297149658203
2022-02-14,75.37000274658203,75.19000244140625,65.48621368408203
2022-02-15,76.08000183105469,76.56999969482422,66.68810272216797
2022-02-16,76.2699966430664,76.86000061035156,66.94068145751953
2022-02-17,76.29000091552734,75.62000274658203,65.86070251464844
2022-02-18,75.66000366210938,75.30000305175781,65.5820083618164
2022-02-22,74.62000274658203,74.41999816894531,64.81558227539062
2022-02-23,75.16999816894531,73.80999755859375,64.28429412841797
2022-02-24,71.11000061035156,72.81999969482422,63.42207336425781
2022-02-25,73.45999908447266,74.63999938964844,65.00718688964844
2022-02-28,73.11000061035156,73.22000122070312,63.77044677734375
2022-03-01,72.91000366210938,71.62000274658203,62.376953125
2022-03-02,72.12999725341797,72.5199966430664,63.16077423095703
2022-03-03,72.22000122070312,71.08999633789062,61.915340423583984
2022-03-04,69.11000061035156,69.02999877929688,60.12119674682617
2022-03-07,68.58999633789062,66.83999633789062,58.21383285522461
2022-03-08,67.48999786376953,67.41999816894531,58.7189826965332
2022-03-09,69.54000091552734,70.23999786376953,61.1750373840332
2022-03-10,69.25,69.4000015258789,60.44343948364258
2022-03-11,69.95999908447266,68.6500015258789,59.79024124145508
2022-03-14,69.69000244140625,69.27999877929688,60.33893585205078
2022-03-15,69.6500015258789,69.94000244140625,60.91374969482422
2022-03-16,71.4000015258789,72.44999694824219,63.09981918334961
2022-03-17,72.13999938964844,73.05999755859375,63.631103515625
2022-03-18,72.44999694824219,73.7699966430664,64.24945831298828
2022-03-21,73.55999755859375,73.30999755859375,63.848819732666016
2022-03-22,73.76000213623047,74.0,64.44977569580078
2022-03-23,73.18000030517578,73.04000091552734,63.613670349121094
2022-03-24,73.27999877929688,73.72000122070312,64.20592498779297
2022-03-25,73.66000366210938,73.76000213623047,64.24076080322266
2022-03-28,73.29000091552734,73.5199966430664,64.03172302246094
2022-03-29,75.18000030517578,75.1500015258789,65.45137023925781
2022-03-30,74.87999725341797,74.83999633789062,65.1813735961914
2022-03-31,74.30000305175781,73.5999984741211,64.10140991210938
2022-04-01,74.05999755859375,74.29000091552734,64.70235443115234
2022-04-04,74.12999725341797,74.58999633789062,64.96363830566406
2022-04-05,74.11000061035156,73.58000183105469,64.08399200439453
2022-04-06,72.66000366210938,72.69999694824219,63.31755447387695
2022-04-07,72.7699966430664,72.86000061035156,63.456912994384766
2022-04-08,72.58999633789062,72.88999938964844,63.483028411865234
2022-04-11,72.58000183105469,72.12000274658203,62.812416076660156
2022-04-12,72.2300033569336,71.58000183105469,62.34210205078125
2022-04-13,71.56999969482422,72.3499984741211,63.01272964477539
2022-04-14,72.48999786376953,72.0199966430664,62.725311279296875
2022-04-18,71.69999694824219,71.5999984741211,62.359519958496094
2022-04-19,71.18000030517578,71.94000244140625,62.65563201904297
2022-04-20,72.5,72.41999816894531,63.07368850708008
2022-04-21,73.08999633789062,71.63999938964844,62.39435577392578
2022-04-22,71.52999877929688,70.47000122070312,61.37535858154297
2022-04-25,69.70999908447266,70.12999725341797,61.0792236328125
2022-04-26,69.56999969482422,68.16999816894531,59.372188568115234
2022-04-27,68.43000030517578,68.4800033569336,59.642181396484375
2022-04-28,68.91000366210938,69.44999694824219,60.48698425292969
2022-04-29,69.69999694824219,68.63999938964844,59.781524658203125
2022-05-02,68.38999938964844,68.47000122070312,59.63347244262695
2022-05-03,68.93000030517578,68.9800033569336,60.07765579223633
2022-05-04,69.0,70.19000244140625,61.13148498535156
2022-05-05,69.18000030517578,67.93000030517578,59.16316604614258
2022-05-06,67.44000244140625,67.2699966430664,58.58833312988281
2022-05-09,66.04000091552734,65.23999786376953,56.82032012939453
2022-05-10,66.4000015258789,65.7300033569336,57.24708938598633
2022-05-11,65.91000366210938,65.33999633789062,56.907413482666016
2022-05-12,64.93000030517578,65.18000030517578,56.768062591552734
2022-05-13,66.13999938964844,66.98999786376953,58.34446334838867
2022-05-16,66.69000244140625,67.05000305175781,58.39673614501953
2022-05-17,68.16000366210938,68.30000305175781,59.485408782958984
2022-05-18,67.70999908447266,66.66999816894531,58.065765380859375
2022-05-19,66.58999633789062,67.30999755859375,58.6231689453125
2022-05-20,68.08000183105469,67.7699966430664,59.023807525634766
2022-05-23,68.48999786376953,68.91999816894531,60.025394439697266
2022-05-24,68.69999694824219,68.80999755859375,59.92958450317383
2022-05-25,68.33999633789062,68.83000183105469,59.94700241088867
2022-05-26,68.93000030517578,69.58999633789062,60.608909606933594
2022-05-27,70.04000091552734,70.43000030517578,61.340511322021484
2022-05-31,70.19000244140625,70.01000213623047,60.9747200012207
2022-06-01,70.41999816894531,69.2699966430664,60.33021926879883
2022-06-02,69.83000183105469,70.70999908447266,61.58437728881836
2022-06-03,69.80999755859375,69.69999694824219,60.70472717285156
2022-06-06,70.51000213623047,69.9800033569336,60.94859313964844
2022-06-07,69.27999877929688,70.19000244140625,61.13148498535156
2022-06-08,69.41999816894531,69.20999908447266,60.27796936035156
2022-06-09,67.3499984741211,66.29000091552734,59.012081146240234
2022-06-10,65.05999755859375,64.69000244140625,57.58775329589844
2022-06-13,63.029998779296875,62.54999923706055,55.682701110839844
2022-06-14,62.529998779296875,61.959999084472656,55.15747833251953
2022-06-15,62.63999938964844,63.119998931884766,56.19011688232422
2022-06-16,61.59000015258789,61.72999954223633,54.95272445678711
2022-06-17,61.68000030517578,61.47999954223633,54.73017120361328
2022-06-21,62.56999969482422,62.40999984741211,55.558067321777344
2022-06-22,61.709999084472656,61.9900016784668,55.184181213378906
2022-06-23,61.849998474121094,61.91999816894531,55.12186050415039
2022-06-24,62.790000915527344,63.77000045776367,56.76875305175781
2022-06-27,63.65999984741211,63.5,56.52839279174805
2022-06-28,64.0199966430664,63.06999969482422,56.145606994628906
2022-06-29,63.099998474121094,62.83000183105469,55.93195724487305
2022-06-30,61.709999084472656,62.4900016784668,55.62928771972656
2022-07-01,61.709999084472656,62.63999938964844,55.762813568115234
2022-07-05,60.65999984741211,61.29999923706055,54.56993103027344
2022-07-06,61.20000076293945,61.349998474121094,54.614444732666016
2022-07-07,61.86000061035156,62.279998779296875,55.44234085083008
2022-07-08,62.119998931884766,62.349998474121094,55.50465393066406
2022-07-11,61.56999969482422,61.34000015258789,54.60554122924805
2022-07-12,61.2400016784668,61.33000183105469,54.596641540527344
2022-07-13,60.58000183105469,61.29999923706055,54.56993103027344
2022-07-14,59.9900016784668,60.439998626708984,53.804351806640625
2022-07-15,60.880001068115234,61.400001525878906,54.658958435058594
2022-07-18,62.2599983215332,61.650001525878906,54.881507873535156
2022-07-19,62.81999969482422,63.33000183105469,56.37705993652344
2022-07-20,63.130001068115234,62.90999984741211,56.003173828125
2022-07-21,62.77000045776367,63.560001373291016,56.58181381225586
2022-07-22,63.83000183105469,63.400001525878906,56.43938064575195
2022-07-25,63.880001068115234,63.88999938964844,56.87557601928711
2022-07-26,63.41999816894531,63.0,56.08329391479492
2022-07-27,63.63999938964844,64.48999786376953,57.40970230102539
2022-07-28,64.38999938964844,64.81999969482422,57.7034797668457
2022-07-29,64.94000244140625,65.72000122070312,58.50466537475586
2022-08-01,65.69999694824219,65.80999755859375,58.584781646728516
2022-08-02,65.27999877929688,64.76000213623047,57.650062561035156
2022-08-03,65.05000305175781,65.13999938964844,57.98834228515625
2022-08-04,65.26000213623047,65.47000122070312,58.28211212158203
2022-08-05,64.66000366210938,65.01000213623047,57.87261962890625
2022-08-08,65.52999877929688,65.16000366210938,58.00615692138672
2022-08-09,65.12999725341797,64.80999755859375,57.69456481933594
2022-08-10,66.16999816894531,66.2699966430664,58.9942741394043
2022-08-11,66.52999877929688,66.25,58.97647476196289
2022-08-12,66.29000091552734,66.76000213623047,59.430484771728516
2022-08-15,66.19000244140625,66.36000061035156,59.074398040771484
2022-08-16,65.94999694824219,66.33999633789062,59.05659866333008
2022-08-17,65.69999694824219,65.80999755859375,58.584781646728516
2022-08-18,65.7300033569336,65.58999633789062,58.388938903808594
2022-08-19,64.97000122070312,64.69000244140625,57.58775329589844
2022-08-22,63.9900016784668,63.59000015258789,56.608516693115234
2022-08-23,63.43000030517578,63.619998931884766,56.635223388671875
2022-08-24,63.349998474121094,63.70000076293945,56.706443786621094
2022-08-25,63.86000061035156,64.4000015258789,57.32958984375
2022-08-26,64.43000030517578,62.709999084472656,55.825130462646484
2022-08-29,62.43000030517578,62.56999969482422,55.700504302978516
2022-08-30,62.9900016784668,62.119998931884766,55.299903869628906
2022-08-31,62.119998931884766,61.70000076293945,54.92601776123047
2022-09-01,60.79999923706055,60.869998931884766,54.18714141845703
2022-09-02,61.38999938964844,60.470001220703125,53.831058502197266
2022-09-06,60.7599983215332,60.31999969482422,53.69752502441406
2022-09-07,59.84000015258789,60.849998474121094,54.16933822631836
2022-09-08,60.16999816894531,60.88999938964844,54.20494842529297
2022-09-09,62.060001373291016,62.439998626708984,55.58477783203125
2022-09-12,63.220001220703125,63.310001373291016,56.35926055908203
2022-09-13,62.130001068115234,61.11000061035156,54.400794982910156
2022-09-14,61.29999923706055,61.310001373291016,54.578834533691406
2022-09-15,60.86000061035156,60.77000045776367,54.098121643066406
2022-09-16,60.2400016784668,60.400001525878906,53.76874542236328
2022-09-19,59.709999084472656,60.61000061035156,53.9556884765625
2022-09-20,59.77000045776367,59.58000183105469,53.03877639770508
2022-09-21,59.529998779296875,58.79999923706055,52.34440231323242
2022-09-22,59.029998779296875,58.630001068115234,52.19307327270508
2022-09-23,57.290000915527344,56.7599983215332,50.52836990356445
2022-09-26,56.18000030517578,55.91999816894531,49.78059768676758
2022-09-27,56.189998626708984,55.540000915527344,49.44232177734375
2022-09-28,55.52000045776367,56.880001068115234,50.635196685791016
2022-09-29,56.0099983215332,56.209999084472656,50.038761138916016
2022-09-30,55.959999084472656,56.0099983215332,49.8607177734375
2022-10-03,56.59000015258789,57.119998931884766,50.84885025024414
2022-10-04,58.630001068115234,59.40999984741211,52.88743591308594
2022-10-05,58.41999816894531,58.779998779296875,52.326602935791016
2022-10-06,58.09000015258789,57.75,51.4096794128418
2022-10-07,57.47999954223633,56.83000183105469,50.590694427490234
2022-10-10,56.79999923706055,56.5099983215332,50.305824279785156
2022-10-11,56.13999938964844,55.88999938964844,49.75389862060547
2022-10-12,55.7400016784668,55.709999084472656,49.593650817871094
2022-10-13,54.7400016784668,56.86000061035156,50.61739730834961
2022-10-14,57.220001220703125,56.0099983215332,49.8607177734375
2022-10-17,57.22999954223633,57.38999938964844,51.08920669555664
2022-10-18,58.2400016784668,57.79999923706055,51.454193115234375
2022-10-19,57.2599983215332,57.09000015258789,50.822147369384766
2022-10-20,57.13999938964844,56.959999084472656,50.7064208984375
2022-10-21,56.439998626708984,57.9900016784668,51.62333297729492
2022-10-24,57.779998779296875,58.0,51.632240295410156
2022-10-25,58.41999816894531,59.279998779296875,52.771705627441406
2022-10-26,59.2599983215332,59.84000015258789,53.27022171020508
2022-10-27,59.630001068115234,59.279998779296875,52.771705627441406
2022-10-28,59.189998626708984,59.869998931884766,53.296932220458984
2022-10-31,59.20000076293945,59.310001373291016,52.79841613769531
2022-11-01,60.5,59.779998779296875,53.2168083190918
2022-11-02,59.869998931884766,58.90999984741211,52.442325592041016
2022-11-03,58.11000061035156,58.40999984741211,51.997222900390625
2022-11-04,60.16999816894531,60.75,54.08031463623047
2022-11-07,60.970001220703125,60.939998626708984,54.24945831298828
2022-11-08,61.36000061035156,61.630001068115234,54.86370086669922
2022-11-09,61.20000076293945,60.77000045776367,54.098121643066406
2022-11-10,63.27000045776367,64.18000030517578,57.13374328613281
2022-11-11,64.76000213623047,65.45999908447266,58.27320861816406
2022-11-14,64.93000030517578,64.7699966430664,57.65896224975586
2022-11-15,65.81999969482422,65.19999694824219,58.04175567626953
2022-11-16,65.30000305175781,65.05000305175781,57.90822219848633
2022-11-17,64.22000122070312,65.0199966430664,57.88151550292969
2022-11-18,65.31999969482422,65.1500015258789,57.99724578857422
2022-11-21,64.5999984741211,64.66000366210938,57.5610466003418
2022-11-22,65.06999969482422,65.55999755859375,58.36222839355469
2022-11-23,65.68000030517578,66.27999877929688,59.00318145751953
2022-11-25,66.36000061035156,66.62000274658203,59.30585861206055
2022-11-28,66.29000091552734,65.76000213623047,58.540279388427734
2022-11-29,65.91999816894531,65.94999694824219,58.709407806396484
2022-11-30,66.47000122070312,67.12000274658203,59.7509651184082
2022-12-01,67.87000274658203,67.7699966430664,60.329593658447266
2022-12-02,67.13999938964844,67.72000122070312,60.28509521484375
2022-12-05,67.48999786376953,66.83000183105469,59.49280548095703
2022-12-06,66.97000122070312,66.52999877929688,59.22573471069336
2022-12-07,66.55999755859375,66.52999877929688,59.22573471069336
2022-12-08,66.5199966430664,66.87000274658203,59.528411865234375
2022-12-09,67.02999877929688,66.91000366210938,59.564022064208984
2022-12-12,66.9000015258789,67.11000061035156,59.742061614990234
2022-12-13,68.6500015258789,67.79000091552734,60.58935546875
2022-12-14,67.88999938964844,67.7300033569336,60.53573989868164
2022-12-15,66.88999938964844,66.0,58.98949432373047
2022-12-16,65.45999908447266,65.41999816894531,58.471099853515625
2022-12-19,65.62999725341797,65.26000213623047,58.32810592651367
2022-12-20,65.4000015258789,65.5199966430664,58.56047821044922
2022-12-21,65.91999816894531,66.19999694824219,59.168251037597656
2022-12-22,65.94999694824219,65.66000366210938,58.685611724853516
2022-12-23,65.55000305175781,65.88999938964844,58.89118194580078
2022-12-27,65.94000244140625,65.98999786376953,58.98055648803711
2022-12-28,66.12999725341797,65.29000091552734,58.354915618896484
2022-12-29,66.04000091552734,66.31999969482422,59.27550506591797
2022-12-30,65.94999694824219,65.63999938964844,58.6677360534668
2023-01-03,66.45999908447266,66.22000122070312,59.186134338378906
2023-01-04,67.18000030517578,67.0999984741211,59.972660064697266
2023-01-05,66.47000122070312,66.43000030517578,59.37382125854492
2023-01-06,66.83000183105469,68.12999725341797,60.893253326416016
2023-01-09,68.6500015258789,68.41999816894531,61.1524543762207
2023-01-10,68.33000183105469,68.62000274658203,61.331199645996094
2023-01-11,68.94999694824219,69.13999938964844,61.79595947265625
2023-01-12,69.70999908447266,70.16000366210938,62.70762252807617
2023-01-13,69.80999755859375,70.52999877929688,63.038326263427734
2023-01-17,70.77999877929688,70.75,63.23495101928711
2023-01-18,71.55000305175781,70.5,63.01152420043945
2023-01-19,70.27999877929688,70.38999938964844,62.91319274902344
2023-01-20,70.36000061035156,71.01000213623047,63.467342376708984
2023-01-23,70.69999694824219,71.30000305175781,63.726539611816406
2023-01-24,70.91000366210938,71.20999908447266,63.646095275878906
2023-01-25,70.9800033569336,71.68000030517578,64.066162109375
2023-01-26,71.73999786376953,71.73999786376953,64.11978912353516
2023-01-27,71.30000305175781,71.5999984741211,63.99467086791992
2023-01-30,71.33999633789062,71.13999938964844,63.583526611328125
2023-01-31,70.94000244140625,71.55000305175781,63.94998550415039
2023-02-01,71.48999786376953,72.19000244140625,64.52200317382812
2023-02-02,72.37999725341797,72.08999633789062,64.43260955810547
2023-02-03,71.38999938964844,71.41999816894531,63.83378219604492
2023-02-06,70.72000122070312,70.69000244140625,63.18132019042969
2023-02-07,70.36000061035156,71.29000091552734,63.717594146728516
2023-02-08,71.18000030517578,70.8499984741211,63.3243293762207
2023-02-09,71.87000274658203,70.9800033569336,63.44053268432617
2023-02-10,70.72000122070312,70.66999816894531,63.1634407043457
2023-02-13,70.7699966430664,71.37999725341797,63.798030853271484
2023-02-14,71.05000305175781,71.51000213623047,63.91422653198242
2023-02-15,70.62999725341797,71.19000244140625,63.62821578979492
2023-02-16,70.56999969482422,70.83999633789062,63.31538772583008
2023-02-17,70.51000213623047,71.0199966430664,63.47626876831055
2023-02-21,70.5199966430664,70.23999786376953,62.77912521362305
2023-02-22,70.12000274658203,69.8499984741211,62.430538177490234
2023-02-23,70.1500015258789,70.20999908447266,62.7523193359375
2023-02-24,69.0199966430664,69.04000091552734,61.70658493041992
2023-02-27,69.83999633789062,69.86000061035156,62.43949890136719
2023-02-28,69.66000366210938,69.3499984741211,61.983665466308594
2023-03-01,69.9000015258789,69.72000122070312,62.314353942871094
2023-03-02,69.2300033569336,69.86000061035156,62.43949890136719
2023-03-03,70.25,70.87999725341797,63.35114669799805
2023-03-06,70.72000122070312,70.69999694824219,63.19026184082031
2023-03-07,70.5999984741211,69.5199966430664,62.135597229003906
2023-03-08,69.73999786376953,69.9000015258789,62.47523880004883
2023-03-09,70.02999877929688,69.38999938964844,62.019405364990234
2023-03-10,69.41000366210938,68.6500015258789,61.35801315307617
2023-03-13,67.93000030517578,68.18000030517578,60.93794631958008
2023-03-14,68.88999938964844,69.08999633789062,61.75127410888672
2023-03-15,66.52999877929688,66.94999694824219,59.83858871459961
2023-03-16,66.61000061035156,67.98999786376953,60.76811599731445
2023-03-17,67.37999725341797,67.18000030517578,60.04415512084961
2023-03-20,67.93000030517578,68.2300033569336,60.982635498046875
2023-03-21,69.2300033569336,69.26000213623047,61.903221130371094
2023-03-22,69.37000274658203,69.0199966430664,61.688716888427734
2023-03-23,69.62999725341797,69.02999877929688,61.697654724121094
2023-03-24,68.54000091552734,68.81999969482422,61.509952545166016
2023-03-27,69.23999786376953,69.47000122070312,62.09092330932617
2023-03-28,69.43000030517578,69.5,62.11772155761719
2023-03-29,70.18000030517578,70.33999633789062,62.868499755859375
2023-03-30,71.1500015258789,71.16000366210938,63.60140609741211
2023-03-31,71.3499984741211,71.5199966430664,63.92316436767578
2023-04-03,71.69000244140625,72.08999633789062,64.43260955810547
2023-04-04,72.0999984741211,72.0999984741211,64.44155883789062
2023-04-05,71.72000122070312,71.5999984741211,63.99467086791992
2023-04-06,71.61000061035156,71.94000244140625,64.29855346679688
2023-04-10,71.48999786376953,71.88999938964844,64.25386047363281
2023-04-11,72.05000305175781,72.12999725341797,64.46836853027344
2023-04-12,72.77999877929688,72.58999633789062,64.87950897216797
2023-04-13,73.19000244140625,73.5199966430664,65.71072387695312
2023-04-14,73.48999786376953,73.22000122070312,65.44258880615234
2023-04-17,73.0199966430664,73.08999633789062,65.32640075683594
2023-04-18,73.45999908447266,73.48999786376953,65.68390655517578
2023-04-19,73.12000274658203,73.26000213623047,65.47833251953125
2023-04-20,73.08999633789062,73.26000213623047,65.47833251953125
2023-04-21,73.3499984741211,73.62999725341797,65.80904388427734
2023-04-24,73.62999725341797,73.81999969482422,65.97886657714844
2023-04-25,73.4800033569336,72.79000091552734,65.05826568603516
2023-04-26,73.23999786376953,72.73999786376953,65.0135726928711
2023-04-27,73.12000274658203,73.6500015258789,65.8269271850586
2023-04-28,73.02999877929688,73.62000274658203,65.80010986328125
2023-05-01,73.69000244140625,73.51000213623047,65.70178985595703
2023-05-02,72.83000183105469,72.7699966430664,65.0403823852539
2023-05-03,73.04000091552734,72.95999908447266,65.21021270751953
2023-05-04,72.75,72.80999755859375,65.07614135742188
2023-05-05,73.16999816894531,73.87999725341797,66.03248596191406
2023-05-08,74.02999877929688,73.9000015258789,66.05036163330078
2023-05-09,73.29000091552734,73.5999984741211,65.78224182128906
2023-05-10,73.68000030517578,73.44999694824219,65.64816284179688
2023-05-11,73.02999877929688,73.2699966430664,65.48727416992188
2023-05-12,73.36000061035156,73.13999938964844,65.37108612060547
2023-05-15,73.36000061035156,73.69999694824219,65.87158966064453
2023-05-16,73.31999969482422,73.0,65.24596405029297
2023-05-17,73.08999633789062,73.33999633789062,65.54985046386719
2023-05-18,73.16999816894531,73.2300033569336,65.45153045654297
2023-05-19,73.55000305175781,73.66000366210938,65.83585357666016
2023-05-22,73.55999755859375,73.68000030517578,65.85372924804688
2023-05-23,73.04000091552734,72.5999984741211,64.88844299316406
2023-05-24,71.88999938964844,71.54000091552734,63.9410514831543
2023-05-25,71.51000213623047,71.44000244140625,63.851661682128906
2023-05-26,71.75,72.13999938964844,64.47731018066406
2023-05-30,71.91999816894531,71.41000366210938,63.82484817504883
2023-05-31,70.69000244140625,70.66999816894531,63.1634407043457
2023-06-01,71.05000305175781,71.72000122070312,64.10192108154297
2023-06-02,72.6500015258789,72.6500015258789,64.9331283569336
2023-06-05,72.54000091552734,72.2300033569336,64.55774688720703
2023-06-06,72.37999725341797,72.83000183105469,65.0940170288086
2023-06-07,71.25,70.88999938964844,64.52152252197266
2023-06-08,71.2300033569336,71.63999938964844,65.20414733886719
2023-06-09,71.56999969482422,71.5199966430664,65.09492492675781
2023-06-12,71.76000213623047,71.83000183105469,65.37708282470703
2023-06-13,72.48999786376953,72.51000213623047,65.9959945678711
2023-06-14,72.97000122070312,72.77999877929688,66.2417221069336
2023-06-15,72.7699966430664,73.55000305175781,66.94255828857422
2023-06-16,73.87999725341797,73.38999938964844,66.79692840576172
2023-06-20,72.58999633789062,72.41999816894531,65.91407775878906
2023-06-21,72.30000305175781,72.52999877929688,66.0141830444336
2023-06-22,72.01000213623047,72.08000183105469,65.60462188720703
2023-06-23,70.83000183105469,70.95999908447266,64.5852279663086
2023-06-26,71.05000305175781,71.05000305175781,64.66715240478516
2023-06-27,71.26000213623047,71.66999816894531,65.23145294189453
2023-06-28,71.6500015258789,71.72000122070312,65.2769546508789
2023-06-29,71.38999938964844,71.62000274658203,65.18595123291016
2023-06-30,72.29000091552734,72.5,65.98689270019531
2023-07-03,72.47000122070312,72.41999816894531,65.91407775878906
2023-07-05,71.9000015258789,71.61000061035156,65.17684936523438
2023-07-06,70.54000091552734,70.37000274658203,64.04824829101562
2023-07-07,70.44000244140625,70.9000015258789,64.53062438964844
2023-07-10,70.77999877929688,71.0999984741211,64.71266174316406
2023-07-11,71.41000366210938,71.73999786376953,65.29515838623047
2023-07-12,72.69000244140625,73.11000061035156,66.5420913696289
2023-07-13,74.06999969482422,74.27999877929688,67.60697937011719
2023-07-14,74.2300033569336,73.86000061035156,67.22471618652344
2023-07-17,73.52999877929688,73.7699966430664,67.14278411865234
2023-07-18,73.9000015258789,74.25,67.57967376708984
2023-07-19,74.30000305175781,74.20999908447266,67.54325866699219
2023-07-20,74.05000305175781,73.83000183105469,67.19740295410156
2023-07-21,74.0,73.9800033569336,67.33393859863281
2023-07-24,73.66000366210938,73.80000305175781,67.17009735107422
2023-07-25,73.68000030517578,73.87999725341797,67.24291229248047
2023-07-26,73.54000091552734,74.08000183105469,67.4249496459961
2023-07-27,74.69000244140625,73.91000366210938,67.27023315429688
2023-07-28,74.45999908447266,74.44000244140625,67.75260925292969
2023-07-31,74.51000213623047,74.45999908447266,67.77081298828125
2023-08-01,73.7300033569336,73.52999877929688,66.92436218261719
2023-08-02,72.62000274658203,72.16000366210938,65.67744445800781
2023-08-03,71.58999633789062,71.95999908447266,65.49539947509766
2023-08-04,72.33000183105469,72.16000366210938,65.67744445800781
2023-08-07,72.62999725341797,72.7699966430664,66.23262786865234
2023-08-08,71.97000122070312,72.33000183105469,65.83216094970703
2023-08-09,72.43000030517578,72.30999755859375,65.81395721435547
2023-08-10,73.08999633789062,72.62000274658203,66.09611511230469
2023-08-11,72.11000061035156,72.12999725341797,65.6501235961914
2023-08-14,71.4000015258789,71.80999755859375,65.35887908935547
2023-08-15,71.38999938964844,70.91999816894531,64.54882049560547
2023-08-16,70.69000244140625,70.33999633789062,64.02093505859375
2023-08-17,70.55999755859375,69.83999633789062,63.56584930419922
2023-08-18,69.31999969482422,69.83999633789062,63.56584930419922
2023-08-21,70.0199966430664,70.0999984741211,63.802486419677734
2023-08-22,70.43000030517578,69.97000122070312,63.68417739868164
2023-08-23,70.25,70.7300033569336,64.37590026855469
2023-08-24,70.37999725341797,69.76000213623047,63.493045806884766
2023-08-25,70.19999694824219,70.2300033569336,63.92081832885742
2023-08-28,70.70999908447266,70.97000122070312,64.59432983398438
2023-08-29,70.83000183105469,71.8499984741211,65.39527893066406
2023-08-30,71.91000366210938,71.80999755859375,65.35887908935547
2023-08-31,71.83999633789062,71.52999877929688,65.10401916503906
2023-09-01,72.1500015258789,71.48999786376953,65.067626953125
2023-09-05,71.30999755859375,70.87000274658203,64.50332641601562
2023-09-06,70.8499984741211,70.72000122070312,64.3667984008789
2023-09-07,70.5,70.48999786376953,64.15746307373047
2023-09-08,70.38999938964844,70.38999938964844,64.06644439697266
2023-09-11,70.9800033569336,71.12000274658203,64.73086547851562
2023-09-12,70.76000213623047,70.83000183105469,64.4669189453125
2023-09-13,70.68000030517578,70.61000061035156,64.26667022705078
2023-09-14,71.1500015258789,71.54000091552734,65.1131362915039
2023-09-15,71.69000244140625,71.37999725341797,64.9675064086914
2023-09-18,71.08000183105469,71.12999725341797,64.73995971679688
2023-09-19,71.25,71.19000244140625,64.79457092285156
2023-09-20,71.52999877929688,71.0199966430664,64.63983917236328
2023-09-21,70.3499984741211,69.83999633789062,63.56584930419922
2023-09-22,70.22000122070312,69.9000015258789,63.620452880859375
2023-09-25,69.31999969482422,69.58999633789062,63.33830261230469
2023-09-26,69.04000091552734,68.69000244140625,62.519161224365234
2023-09-27,68.94999694824219,68.55999755859375,62.400840759277344
2023-09-28,68.62000274658203,69.12000274658203,62.91053009033203
2023-09-29,69.75,68.91999816894531,62.72850036621094
2023-10-02,68.47000122070312,67.91000366210938,61.80924606323242
2023-10-03,67.30000305175781,67.05999755859375,61.03559112548828
2023-10-04,67.2300033569336,67.18000030517578,61.144813537597656
2023-10-05,67.56999969482422,67.7699966430664,61.68180465698242
2023-10-06,67.63999938964844,68.5199966430664,62.364437103271484
2023-10-09,67.87999725341797,68.41999816894531,62.27342224121094
2023-10-10,69.19000244140625,69.36000061035156,63.128971099853516
2023-10-11,69.76000213623047,69.6500015258789,63.39291763305664
2023-10-12,69.73999786376953,69.06999969482422,62.86503219604492
2023-10-13,68.87000274658203,68.43000030517578,62.28252029418945
2023-10-16,68.55000305175781,68.93000030517578,62.737606048583984
2023-10-17,68.36000061035156,68.97000122070312,62.774009704589844
2023-10-18,68.36000061035156,67.7699966430664,61.68180465698242
2023-10-19,67.55000305175781,67.16999816894531,61.13571548461914
2023-10-20,66.93000030517578,66.56999969482422,60.58961868286133
2023-10-23,66.31999969482422,66.62000274658203,60.635128021240234
2023-10-24,66.73999786376953,67.0,60.98098373413086
2023-10-25,66.81999969482422,66.5199966430664,60.54410171508789
2023-10-26,66.3499984741211,66.04000091552734,60.10722351074219
2023-10-27,66.5,65.83999633789062,59.92518615722656
2023-10-30,66.55999755859375,66.68000030517578,60.689735412597656
2023-10-31,66.76000213623047,66.91999816894531,60.90817642211914
2023-11-01,67.08000183105469,67.55000305175781,61.4815788269043
2023-11-02,68.68000030517578,68.93000030517578,62.737606048583984
2023-11-03,69.51000213623047,69.66000366210938,63.40202331542969
2023-11-06,69.55999755859375,69.30999755859375,63.08346176147461
2023-11-07,68.7699966430664,68.88999938964844,62.701194763183594
2023-11-08,68.86000061035156,68.80000305175781,62.619285583496094
2023-11-09,69.41000366210938,68.79000091552734,62.61017990112305
2023-11-10,68.73999786376953,69.0999984741211,62.8923225402832
2023-11-13,68.81999969482422,69.27999877929688,63.0561637878418
2023-11-14,70.45999908447266,71.05000305175781,64.66715240478516
2023-11-15,71.08000183105469,70.94000244140625,64.5670394897461
2023-11-16,70.81999969482422,70.88999938964844,64.52152252197266
2023-11-17,71.55000305175781,71.8499984741211,65.39527893066406
2023-11-20,71.73999786376953,72.12000274658203,65.64102935791016
2023-11-21,72.08000183105469,71.83999633789062,65.38617706298828
2023-11-22,71.94999694824219,72.01000213623047,65.54090881347656
2023-11-24,72.23999786376953,72.55999755859375,66.04150390625
2023-11-27,72.33999633789062,72.30999755859375,65.81395721435547
2023-11-28,72.11000061035156,72.33000183105469,65.83216094970703
2023-11-29,72.54000091552734,72.4800033569336,65.96868896484375
2023-11-30,72.48999786376953,72.41999816894531,65.91407775878906
2023-12-01,72.37999725341797,73.18000030517578,66.6058120727539
2023-12-04,72.45999908447266,72.61000061035156,66.08702087402344
2023-12-05,72.37999725341797,72.3499984741211,65.8503646850586
2023-12-06,73.06999969482422,72.56999969482422,66.05060577392578
2023-12-07,72.72000122070312,72.91999816894531,66.3691635131836
2023-12-08,72.73999786376953,73.13999938964844,66.56938934326172
2023-12-11,73.02999877929688,73.31999969482422,66.73322296142578
2023-12-12,73.19999694824219,73.44999694824219,66.8515396118164
2023-12-13,73.51000213623047,74.5199966430664,67.8254165649414
2023-12-14,74.88999938964844,75.06999969482422,68.32600402832031
2023-12-15,74.70999908447266,74.33999633789062,67.66158294677734
2023-12-18,74.6500015258789,74.5199966430664,67.8254165649414
2023-12-19,74.93000030517578,75.1500015258789,68.39883422851562
2023-12-20,74.23999786376953,73.47000122070312,67.70855712890625
2023-12-21,74.26000213623047,74.66000366210938,68.80524444580078
2023-12-22,74.81999969482422,74.7300033569336,68.8697509765625
2023-12-26,74.80999755859375,75.06999969482422,69.18309020996094
2023-12-27,75.12000274658203,75.47000122070312,69.55172729492188
2023-12-28,75.44999694824219,75.2699966430664,69.36740112304688
2023-12-29,75.37999725341797,75.3499984741211,69.44112396240234
2024-01-02,74.54000091552734,74.51000213623047,68.66700744628906
2024-01-03,73.77999877929688,73.94999694824219,68.15091705322266
2024-01-04,73.94000244140625,74.12000274658203,68.30757904052734
2024-01-05,74.02999877929688,74.16999816894531,68.3536605834961
2024-01-08,74.33000183105469,74.95999908447266,69.08171081542969
2024-01-09,74.29000091552734,74.29000091552734,68.4642562866211
2024-01-10,74.61000061035156,74.7699966430664,68.90660858154297
2024-01-11,74.97000122070312,74.76000213623047,68.89739227294922
2024-01-12,75.26000213623047,75.06999969482422,69.18309020996094
2024-01-16,74.16000366210938,73.80999755859375,68.02188873291016
2024-01-17,72.83000183105469,73.11000061035156,67.37678527832031
2024-01-18,73.41999816894531,73.76000213623047,67.97582244873047
2024-01-19,73.55999755859375,73.93000030517578,68.13248443603516
2024-01-22,74.11000061035156,74.16000366210938,68.34444427490234
2024-01-23,73.77999877929688,73.94999694824219,68.15091705322266
2024-01-24,74.93000030517578,74.51000213623047,68.66700744628906
2024-01-25,74.69000244140625,74.72000122070312,68.86051940917969
2024-01-26,75.11000061035156,75.05000305175781,69.16465759277344
2024-01-29,75.0199966430664,75.48999786376953,69.57015228271484
2024-01-30,75.37999725341797,75.38999938964844,69.47798919677734
2024-01-31,75.7300033569336,75.01000213623047,69.12779235839844
2024-02-01,75.19000244140625,75.75,69.80976104736328
2024-02-02,75.12999725341797,75.1500015258789,69.25680541992188
2024-02-05,74.69999694824219,74.75,68.88818359375
2024-02-06,74.72000122070312,75.20999908447266,69.3121109008789
2024-02-07,75.16999816894531,75.16999816894531,69.27523040771484
2024-02-08,75.05000305175781,75.04000091552734,69.15543365478516
2024-02-09,75.05000305175781,75.30000305175781,69.39505004882812
2024-02-12,75.2699966430664,75.43000030517578,69.51484680175781
2024-02-13,74.62000274658203,74.2699966430664,68.44581604003906
2024-02-14,74.76000213623047,75.0999984741211,69.21074676513672
2024-02-15,75.45999908447266,75.94999694824219,69.99407196044922
2024-02-16,75.9800033569336,76.06999969482422,70.10467529296875
2024-02-20,76.55000305175781,76.37999725341797,70.39035034179688
2024-02-21,76.22000122070312,76.44000244140625,70.44566345214844
2024-02-22,77.06999969482422,77.30000305175781,71.23822021484375
2024-02-23,77.37999725341797,77.4000015258789,71.33036804199219
2024-02-26,77.45999908447266,77.29000091552734,71.22899627685547
2024-02-27,77.33999633789062,77.5,71.42252349853516
2024-02-28,76.9800033569336,77.05000305175781,71.00782012939453
2024-02-29,77.41999816894531,77.25,71.19213104248047
2024-03-01,77.56999969482422,78.0,71.88331604003906
2024-03-04,77.76000213623047,77.80000305175781,71.69900512695312
2024-03-05,77.8499984741211,77.66000366210938,71.56997680664062
2024-03-06,78.51000213623047,78.58000183105469,72.41783905029297
2024-03-07,79.16999816894531,79.51000213623047,73.27490997314453
2024-03-08,79.77999877929688,79.25,73.03529357910156
2024-03-11,78.72000122070312,78.80000305175781,72.6205825805664
2024-03-12,78.91000366210938,79.43000030517578,73.20117950439453
2024-03-13,79.3499984741211,79.44000244140625,73.21040344238281
2024-03-14,79.41999816894531,78.86000061035156,72.6758804321289
2024-03-15,79.04000091552734,78.88999938964844,72.70352935791016
2024-03-18,79.08999633789062,78.87000274658203,72.68510437011719
2024-03-19,78.81999969482422,79.01000213623047,72.81411743164062
2024-03-20,78.95999908447266,79.8499984741211,73.58824920654297
2024-03-21,79.9000015258789,79.80999755859375,73.5513687133789
2024-03-22,79.77999877929688,79.63999938964844,73.39470672607422
2024-03-25,79.38999938964844,79.47000122070312,73.23804473876953
2024-03-26,79.8499984741211,79.55999755859375,73.32098388671875
2024-03-27,79.73999786376953,80.04000091552734,73.76335144042969
2024-03-28,79.7300033569336,79.86000061035156,73.59746551513672
2024-04-01,79.72000122070312,79.5199966430664,73.28411865234375
2024-04-02,78.88999938964844,78.95999908447266,72.76803588867188
2024-04-03,78.81999969482422,79.4000015258789,73.17353057861328
2024-04-04,79.91999816894531,78.72000122070312,72.54685974121094
2024-04-05,78.61000061035156,78.97000122070312,72.7772445678711
2024-04-08,79.41999816894531,79.36000061035156,73.13665771484375
2024-04-09,79.7300033569336,79.3499984741211,73.12744903564453
2024-04-10,78.20999908447266,78.30000305175781,72.1597900390625
2024-04-11,78.56999969482422,78.51000213623047,72.35333251953125
2024-04-12,77.86000061035156,77.23999786376953,71.18292236328125
2024-04-15,78.13999938964844,77.01000213623047,70.97095489501953
2024-04-16,76.38999938964844,76.25,70.27055358886719
2024-04-17,76.68000030517578,76.30000305175781,70.31663513183594
2024-04-18,76.2699966430664,76.08999633789062,70.12310791015625
2024-04-19,76.18000030517578,76.12000274658203,70.15074157714844
2024-04-22,76.54000091552734,77.01000213623047,70.97095489501953
2024-04-23,77.2699966430664,77.8499984741211,71.74507904052734
2024-04-24,77.97000122070312,77.69999694824219,71.60684204101562
2024-04-25,76.61000061035156,77.33999633789062,71.27507781982422
2024-04-26,77.68000030517578,77.95999908447266,71.84645080566406
2024-04-29,78.16000366210938,78.26000213623047,72.12293243408203
2024-04-30,78.0,77.2699966430664,71.21056365966797
2024-05-01,77.25,77.0999984741211,71.05389404296875
2024-05-02,77.93000030517578,78.13999938964844,72.01233673095703
2024-05-03,78.9800033569336,78.91999816894531,72.73117065429688
2024-05-06,79.30999755859375,79.45999908447266,73.22882843017578
2024-05-07,79.72000122070312,79.66999816894531,73.42236328125
2024-05-08,79.31999969482422,79.58000183105469,73.33941650390625
2024-05-09,79.56999969482422,80.19000244140625,73.9015884399414
2024-05-10,80.45999908447266,80.33999633789062,74.03981018066406
2024-05-13,80.41000366210938,80.33999633789062,74.03981018066406
2024-05-14,80.6500015258789,80.94000244140625,74.59276580810547
2024-05-15,81.31999969482422,81.80000305175781,75.38533020019531
2024-05-16,81.63999938964844,81.36000061035156,74.9798355102539
2024-05-17,81.37999725341797,81.63999938964844,75.23787689208984
2024-05-20,81.72000122070312,81.69999694824219,75.29316711425781
2024-05-21,81.4000015258789,81.56999969482422,75.1733627319336
2024-05-22,81.0199966430664,80.80000305175781,74.4637451171875
2024-05-23,81.5,80.38999938964844,74.08589935302734
2024-05-24,80.80000305175781,81.05000305175781,74.69413757324219
2024-05-28,81.3499984741211,81.0199966430664,74.66648864746094
2024-05-29,79.9800033569336,79.73999786376953,73.48686981201172
2024-05-30,80.23999786376953,80.41000366210938,74.10433197021484
2024-05-31,80.95999908447266,81.18000030517578,74.81394958496094
2024-06-03,81.44000244140625,81.41000366210938,75.02590942382812
2024-06-04,81.2300033569336,81.30999755859375,74.93375396728516
2024-06-05,81.70999908447266,81.87999725341797,75.45905303955078
2024-06-06,81.91000366210938,82.16000366210938,75.71710968017578
2024-06-07,81.44000244140625,81.2699966430664,74.89689636230469
2024-06-10,80.72000122070312,81.20999908447266,74.84159088134766
2024-06-11,78.88999938964844,78.91000366210938,73.99114227294922
2024-06-12,80.18000030517578,79.83999633789062,74.8631591796875
2024-06-13,79.18000030517578,78.69999694824219,73.79422760009766
2024-06-14,77.66000366210938,77.83000183105469,72.97845458984375
2024-06-17,77.62999725341797,78.13999938964844,73.26912689208984
2024-06-18,78.13999938964844,78.44999694824219,73.55980682373047
2024-06-20,78.29000091552734,78.5,73.606689453125
2024-06-21,77.88999938964844,77.94999694824219,73.0909652709961
2024-06-24,78.58999633789062,78.56999969482422,73.67232513427734
2024-06-25,78.55999755859375,78.76000213623047,73.8504867553711
2024-06-26,78.05999755859375,78.18000030517578,73.306640625
2024-06-27,78.31999969482422,78.23999786376953,73.3628921508789
2024-06-28,78.2300033569336,78.33000183105469,73.44729614257812
2024-07-01,78.76000213623047,78.47000122070312,73.57856750488281
2024-07-02,78.22000122070312,78.66000366210938,73.75672149658203
2024-07-03,79.25,79.55999755859375,74.6006088256836
2024-07-05,80.22000122070312,80.08999633789062,75.09757232666016
2024-07-08,80.13999938964844,79.69000244140625,74.72251892089844
2024-07-09,79.5199966430664,79.37000274658203,74.42245483398438
2024-07-10,80.01000213623047,80.48999786376953,75.47264099121094
2024-07-11,81.04000091552734,80.72000122070312,75.68831634521484
2024-07-12,81.36000061035156,81.58000183105469,76.49470520019531
2024-07-15,81.38999938964844,80.86000061035156,75.819580078125
2024-07-16,80.6500015258789,81.25,76.18527221679688
2024-07-17,80.8499984741211,80.81999969482422,75.78207397460938
2024-07-18,80.95999908447266,80.0199966430664,75.03194427490234
2024-07-19,79.77999877929688,79.52999877929688,74.57247924804688
2024-07-22,80.23999786376953,80.37000274658203,75.36012268066406
2024-07-23,79.94999694824219,79.91999816894531,74.93817901611328
2024-07-24,79.66999816894531,78.91000366210938,73.99114227294922
2024-07-25,78.23999786376953,78.41000366210938,73.52230072021484
2024-07-26,79.0199966430664,79.41000366210938,74.45996856689453
2024-07-29,79.2300033569336,79.05999755859375,74.13179016113281
2024-07-30,79.37000274658203,79.23999786376953,74.3005599975586
2024-07-31,80.4000015258789,80.36000061035156,75.35074615478516
2024-08-01,79.33999633789062,78.2300033569336,73.35352325439453
2024-08-02,77.16999816894531,77.0,72.20018768310547
2024-08-05,74.2300033569336,75.31999969482422,70.62491607666016
2024-08-06,74.70999908447266,75.44999694824219,70.74681091308594
2024-08-07,76.8499984741211,75.80999755859375,71.0843734741211
2024-08-08,76.55000305175781,77.08000183105469,72.27521514892578
2024-08-09,76.87000274658203,77.37999725341797,72.5564956665039
2024-08-12,77.33000183105469,77.30999755859375,72.4908676147461
2024-08-13,77.88999938964844,78.63999938964844,73.73796081542969
2024-08-14,78.79000091552734,78.93000030517578,74.00988006591797
2024-08-15,79.63999938964844,79.88999938964844,74.91004943847656
2024-08-16,79.9800033569336,80.33000183105469,75.32261657714844
2024-08-19,80.80999755859375,81.30999755859375,76.24153137207031
2024-08-20,81.16999816894531,81.05999755859375,76.00711059570312
2024-08-21,81.58000183105469,81.80999755859375,76.71035766601562
2024-08-22,82.11000061035156,81.33000183105469,76.26028442382812
2024-08-23,81.98999786376953,82.81999969482422,77.65740203857422
2024-08-26,82.55999755859375,82.44999694824219,77.31047058105469
2024-08-27,82.6500015258789,82.83000183105469,77.66678619384766
2024-08-28,82.73999786376953,82.54000091552734,77.39485931396484
2024-08-29,82.93000030517578,82.8499984741211,77.68553161621094
2024-08-30,83.12000274658203,82.9800033569336,77.80743408203125
2024-09-03,82.55999755859375,81.66999816894531,76.57908630371094
2024-09-04,81.06999969482422,81.30999755859375,76.24153137207031
2024-09-05,81.41000366210938,81.33000183105469,76.26028442382812
2024-09-06,81.12000274658203,79.80000305175781,74.8256607055664
2024-09-09,80.41000366210938,80.5999984741211,75.5757827758789
2024-09-10,80.30999755859375,80.19999694824219,75.20071411132812
2024-09-11,80.2699966430664,80.68000030517578,75.65080261230469
2024-09-12,80.61000061035156,81.33999633789062,76.26964569091797
2024-09-13,81.44999694824219,81.52999877929688,76.44781494140625
2024-09-16,81.87999725341797,82.19000244140625,77.0666732788086
2024-09-17,82.08999633789062,81.7300033569336,76.63536071777344
2024-09-18,81.80999755859375,81.47000122070312,76.39155578613281
2024-09-19,82.95999908447266,83.08000183105469,77.90119934082031
2024-09-20,82.58999633789062,82.26000213623047,77.13231658935547
2024-09-23,82.38999938964844,82.56999969482422,77.42298889160156
2024-09-24,82.81999969482422,83.05999755859375,77.88243865966797
2024-09-25,83.20999908447266,82.61000061035156,77.46049499511719
2024-09-26,84.19000244140625,84.43000030517578,79.16704559326172
2024-09-27,84.2699966430664,83.91999816894531,78.68883514404297
2024-09-30,83.95999908447266,83.62999725341797,78.41690826416016
2024-10-01,83.66000366210938,83.01000213623047,77.83556365966797
2024-10-02,82.86000061035156,82.83999633789062,77.67615509033203
2024-10-03,82.12000274658203,82.06999969482422,76.95414733886719
2024-10-04,82.12999725341797,82.55000305175781,77.40422821044922
2024-10-07,82.30000305175781,82.08999633789062,76.97290802001953
2024-10-08,81.9000015258789,81.95999908447266,76.85100555419922
2024-10-09,81.5199966430664,81.9800033569336,76.86976623535156
2024-10-10,81.7699966430664,81.87999725341797,76.7760009765625
2024-10-11,81.83999633789062,82.30000305175781,77.1698226928711
2024-10-14,82.11000061035156,82.54000091552734,77.39485931396484
2024-10-15,82.23999786376953,81.16999816894531,76.11026000976562
2024-10-16,81.37999725341797,81.37999725341797,76.30715942382812
2024-10-17,81.68000030517578,81.38999938964844,76.31654357910156
2024-10-18,81.80999755859375,81.94000244140625,76.83226013183594
2024-10-21,81.48999786376953,80.97000122070312,75.92272186279297
2024-10-22,80.44000244140625,80.51000213623047,75.49140167236328
2024-10-23,79.79000091552734,79.69999694824219,74.73188781738281
2024-10-24,80.33000183105469,80.1500015258789,75.15383911132812
2024-10-25,80.33999633789062,79.87999725341797,74.90067291259766
2024-10-28,80.23999786376953,80.5199966430664,75.50077056884766
2024-10-29,80.25,80.2300033569336,75.22885131835938
2024-10-30,79.56999969482422,79.70999908447266,74.74126434326172
2024-10-31,79.31999969482422,79.22000122070312,74.28180694580078
2024-11-01,79.6500015258789,79.37999725341797,74.43183135986328
2024-11-04,79.81999969482422,79.44000244140625,74.48809814453125
2024-11-05,79.6500015258789,80.2300033569336,75.22885131835938
2024-11-06,79.05000305175781,79.06999969482422,74.14115905761719
2024-11-07,79.9800033569336,80.2699966430664,75.266357421875
2024-11-08,79.37999725341797,79.16000366210938,74.22555541992188
2024-11-11,79.41000366210938,79.18000030517578,74.24430847167969
2024-11-12,78.41999816894531,77.70999908447266,72.86593627929688
2024-11-13,77.4000015258789,77.25,72.43460845947266
2024-11-14,77.80999755859375,77.41000366210938,72.58463287353516
2024-11-15,77.30999755859375,77.12999725341797,72.32208251953125
2024-11-18,77.06999969482422,77.55000305175781,72.71591186523438
2024-11-19,76.9000015258789,77.44999694824219,72.62213897705078
2024-11-20,77.12999725341797,77.23999786376953,72.42523193359375
2024-11-21,77.12000274658203,77.26000213623047,72.44398498535156
2024-11-22,77.16999816894531,77.55999755859375,72.72528076171875
2024-11-25,78.16000366210938,77.95999908447266,73.10034942626953
2024-11-26,77.83000183105469,77.51000213623047,72.67840576171875
2024-11-27,77.83999633789062,77.93000030517578,73.07221984863281
2024-11-29,78.23999786376953,78.97000122070312,74.0473861694336
2024-12-02,79.08000183105469,79.19000244140625,74.2536849975586
2024-12-03,79.70999908447266,79.63999938964844,74.67562866210938
2024-12-04,79.73999786376953,79.69999694824219,74.73188781738281
2024-12-05,80.0999984741211,80.08999633789062,75.09757232666016
2024-12-06,80.38999938964844,80.08000183105469,75.08820343017578
2024-12-09,80.52999877929688,80.02999877929688,75.04132080078125
2024-12-10,79.83000183105469,79.30999755859375,74.36620330810547
2024-12-11,79.7300033569336,79.80999755859375,74.83502960205078
2024-12-12,79.38999938964844,79.11000061035156,74.17866516113281
2024-12-13,79.20999908447266,78.88999938964844,73.97238159179688
2024-12-16,78.58000183105469,78.62999725341797,73.72858428955078
2024-12-17,77.43000030517578,77.44999694824219,73.61167907714844
2024-12-18,77.37999725341797,75.55000305175781,71.80584716796875
2024-12-19,75.80000305175781,75.30999755859375,71.5777359008789
2024-12-20,74.37999725341797,75.0999984741211,71.3781509399414
2024-12-23,75.23999786376953,75.58999633789062,71.84385681152344
2024-12-24,75.62000274658203,75.86000061035156,72.10047912597656
2024-12-26,75.98999786376953,76.22000122070312,72.4426498413086
2024-12-27,76.08000183105469,76.11000061035156,72.33808898925781
2024-12-30,75.63999938964844,75.61000061035156,71.86287689208984
2024-12-31,75.86000061035156,75.61000061035156,71.86287689208984
2025-01-02,75.69999694824219,75.3499984741211,71.61576080322266
2025-01-03,75.52999877929688,75.68000030517578,71.92939758300781
2025-01-06,76.33000183105469,76.4000015258789,72.61371612548828
2025-01-07,77.05999755859375,76.33999633789062,72.55669403076172
2025-01-08,75.9000015258789,76.22000122070312,72.4426498413086
2025-01-10,75.6500015258789,75.05999755859375,71.34012603759766
2025-01-13,74.25,74.8499984741211,71.1405258178711
2025-01-14,75.0199966430664,75.12000274658203,71.39715576171875
2025-01-15,76.19999694824219,76.08000183105469,72.30958557128906
2025-01-16,76.25,76.47000122070312,72.68025207519531
2025-01-17,76.86000061035156,76.77999877929688,72.97489166259766
2025-01-21,77.80000305175781,78.33000183105469,74.44808197021484
2025-01-22,78.48999786376953,78.1500015258789,74.27699279785156
2025-01-23,78.33999633789062,78.79000091552734,74.88526916503906
2025-01-24,79.1500015258789,79.2300033569336,75.303466796875
2025-01-27,78.83999633789062,79.2300033569336,75.303466796875
2025-01-28,79.11000061035156,79.12999725341797,75.20841979980469
2025-01-29,79.13999938964844,79.12000274658203,75.19892120361328
2025-01-30,79.87999725341797,79.98999786376953,76.02580261230469
2025-01-31,79.86000061035156,79.23999786376953,75.3129653930664
2025-02-03,77.91000366210938,78.30999755859375,74.42906188964844
2025-02-04,78.79000091552734,79.22000122070312,75.2939682006836
2025-02-05,79.70999908447266,79.98999786376953,76.02580261230469
2025-02-06,80.25,80.37000274658203,76.38697814941406
2025-02-07,80.41999816894531,79.61000061035156,75.66463470458984
2025-02-10,79.9800033569336,80.1500015258789,76.1778793334961
2025-02-11,80.05999755859375,80.52999877929688,76.5390396118164
2025-02-12,80.01000213623047,80.83000183105469,76.82417297363281
2025-02-13,81.19999694824219,81.80999755859375,77.75560760498047
2025-02-14,82.2699966430664,81.93000030517578,77.86965942382812
2025-02-18,82.47000122070312,82.5199966430664,78.43041229248047
2025-02-19,81.6500015258789,81.66999816894531,77.62254333496094
2025-02-20,81.91000366210938,82.05000305175781,77.98371124267578
2025-02-21,82.12000274658203,81.54000091552734,77.49898529052734
2025-02-24,81.87000274658203,81.48999786376953,77.45146179199219
2025-02-25,82.51000213623047,82.2300033569336,78.15479278564453
2025-02-26,82.47000122070312,82.33999633789062,78.25933074951172
2025-02-27,82.11000061035156,81.41000366210938,77.37543487548828
2025-02-28,81.33000183105469,81.58000183105469,77.5370101928711
2025-03-03,83.16999816894531,82.4800033569336,78.39240264892578
2025-03-04,81.88999938964844,82.45999908447266,78.3733901977539
2025-03-05,83.58000183105469,84.43000030517578,80.24576568603516
2025-03-06,83.80999755859375,83.55999755859375,79.41887664794922
2025-03-07,83.70999908447266,84.43000030517578,80.24576568603516
2025-03-10,83.04000091552734,82.44000244140625,78.3543930053711
2025-03-11,82.52999877929688,82.16000366210938,78.08827209472656
2025-03-12,82.70999908447266,82.75,78.64901733398438
2025-03-13,82.2699966430664,82.19999694824219,78.12627410888672
2025-03-14,83.0,83.70999908447266,79.56144714355469
2025-03-17,83.93000030517578,84.6500015258789,80.45486450195312
2025-03-18,84.58000183105469,84.63999938964844,80.44535827636719
2025-03-19,84.33999633789062,84.88999938964844,80.6829605102539
2025-03-20,83.66999816894531,84.18000030517578,80.00814819335938
2025-03-21,83.55000305175781,83.66000366210938,79.51393127441406
2025-03-24,83.58999633789062,83.6500015258789,79.5044174194336
2025-03-25,84.22000122070312,84.11000061035156,79.9416275024414
2025-03-26,83.55000305175781,83.0199966430664,78.90563201904297
2025-03-27,82.88999938964844,83.19999694824219,79.07671356201172
2025-03-28,82.79000091552734,82.45999908447266,78.3733901977539
2025-03-31,81.2699966430664,81.7300033569336,77.67957305908203
2025-04-01,81.77999877929688,81.8499984741211,77.79362487792969
2025-04-02,81.25,82.04000091552734,77.97420501708984
2025-04-03,81.23999786376953,80.31999969482422,76.33944702148438
2025-04-04,77.25,75.0199966430664,71.30210876464844
2025-04-07,72.69000244140625,73.20999908447266,69.5818099975586
2025-04-08,75.83000183105469,72.95999908447266,69.34420776367188
2025-04-09,73.16000366210938,78.58999633789062,74.69518280029297
2025-04-10,77.19999694824219,77.04000091552734,73.22200775146484
2025-04-11,77.33999633789062,78.97000122070312,75.05635070800781
2025-04-14,79.44999694824219,79.81999969482422,75.86422729492188
2025-04-15,80.44999694824219,80.54000091552734,76.54854583740234
2025-04-16,80.55000305175781,80.2300033569336,76.25391387939453
2025-04-17,80.95999908447266,81.0999984741211,77.08079528808594
2025-04-21,81.47000122070312,80.66000366210938,76.66260528564453
2025-04-22,81.7699966430664,82.33000183105469,78.24983215332031
2025-04-23,83.12000274658203,82.66000366210938,78.56348419189453
2025-04-24,83.02999877929688,83.76000213623047,79.60897064208984
2025-04-25,83.5999984741211,84.12000274658203,79.95112609863281
2025-04-28,84.2300033569336,84.68000030517578,80.4833755493164
2025-04-29,84.58999633789062,84.8499984741211,80.64494323730469
2025-04-30,84.27999877929688,84.75,80.5499038696289
2025-05-01,84.9800033569336,84.4800033569336,80.29328918457031
2025-05-02,85.95999908447266,86.0999984741211,81.83300018310547
2025-05-05,86.37000274658203,86.25,81.97557067871094
2025-05-06,86.20999908447266,86.13999938964844,81.87100982666016
2025-05-07,85.93000030517578,85.8499984741211,81.59538269042969
2025-05-08,86.08999633789062,85.55000305175781,81.31026458740234
2025-05-09,86.20999908447266,85.97000122070312,81.70944213867188
2025-05-12,86.08999633789062,86.41000366210938,82.12763977050781
2025-05-13,86.30000305175781,86.5199966430664,82.23218536376953
2025-05-14,86.80999755859375,86.0999984741211,81.83300018310547
2025-05-15,86.72000122070312,87.04000091552734,82.7264175415039
2025-05-16,86.94000244140625,87.23999786376953,82.91650390625
2025-05-19,87.23999786376953,88.06999969482422,83.70537567138672
2025-05-20,88.26000213623047,88.48999786376953,84.10456085205078
2025-05-21,88.5999984741211,87.97000122070312,83.61032104492188
2025-05-22,87.62999725341797,87.91999816894531,83.56279754638672
2025-05-23,87.19999694824219,88.04000091552734,83.6768569946289
2025-05-27,89.30000305175781,89.31999969482422,84.89342498779297
2025-05-28,88.44999694824219,88.29000091552734,83.91446685791016
2025-05-29,88.73999786376953,88.68000030517578,84.28514099121094
2025-05-30,88.75,88.80999755859375,84.40869903564453
2025-06-02,88.97000122070312,89.76000213623047,85.3116226196289
2025-06-03,88.86000061035156,89.08000183105469,84.66532135009766
2025-06-04,89.29000091552734,89.4800033569336,85.04550170898438
2025-06-05,89.76000213623047,89.41999816894531,84.98845672607422
2025-06-06,89.62000274658203,89.73999786376953,85.2926025390625
2025-06-09,89.62000274658203,89.7300033569336,85.2831039428711
2025-06-10,90.05000305175781,89.8499984741211,85.39715576171875
2025-06-11,90.01000213623047,89.69999694824219,85.25458526611328
2025-06-12,90.19999694824219,90.38999938964844,85.91039276123047
2025-06-13,89.22000122070312,89.2300033569336,84.8078842163086
2025-06-16,88.41000366210938,88.04000091552734,85.1259994506836
2025-06-17,87.66999816894531,86.95999908447266,84.08174133300781
2025-06-18,87.20999908447266,87.11000061035156,84.22677612304688
2025-06-20,87.04000091552734,86.33000183105469,83.47259521484375
2025-06-23,85.73999786376953,86.9800033569336,84.10108184814453
2025-06-24,87.66000366210938,88.04000091552734,85.1259994506836
2025-06-25,87.56999969482422,87.55999755859375,84.66188049316406
2025-06-26,88.23999786376953,88.54000091552734,85.60944366455078
2025-06-27,89.18000030517578,89.33999633789062,86.3829574584961
2025-06-30,89.12000274658203,89.38999938964844,86.43130493164062
2025-07-01,89.11000061035156,89.23999786376953,86.2862777709961
2025-07-02,88.97000122070312,89.5,86.53767395019531
2025-07-03,89.44000244140625,89.5199966430664,86.5570068359375
2025-07-07,88.94000244140625,88.55000305175781,85.61911010742188
2025-07-08,88.69999694824219,89.19999694824219,86.24759674072266
2025-07-09,89.58999633789062,89.87000274658203,86.89542388916016
2025-07-10,89.62999725341797,89.80999755859375,86.83740997314453
2025-07-11,89.0999984741211,88.94999694824219,86.00587463378906
2025-07-14,88.6500015258789,88.94999694824219,86.00587463378906
2025-07-15,88.95999908447266,88.0199966430664,85.10665893554688
2025-07-16,87.9800033569336,88.37999725341797,85.45474243164062
2025-07-17,88.1500015258789,88.61000061035156,85.67713165283203
2025-07-18,89.0199966430664,88.36000061035156,85.4354019165039
2025-07-21,88.77999877929688,88.83000183105469,85.88984680175781
2025-07-22,88.93000030517578,89.31999969482422,86.3636245727539
2025-07-23,90.54000091552734,91.54000091552734,88.51014709472656
2025-07-24,91.06999969482422,90.86000061035156,87.8526611328125
2025-07-25,90.19000244140625,90.75,87.74629211425781
2025-07-28,89.80999755859375,89.29000091552734,86.3346176147461
2025-07-29,89.30000305175781,89.11000061035156,86.16057586669922
2025-07-30,88.83000183105469,88.47000122070312,85.54176330566406
2025-07-31,88.0999984741211,87.5199966430664,84.62320709228516
2025-08-01,87.27999877929688,87.29000091552734,84.40081787109375
2025-08-04,88.2300033569336,88.44999694824219,85.52242279052734
2025-08-05,88.5999984741211,88.44000244140625,85.51275634765625
2025-08-06,88.83999633789062,89.0199966430664,86.07355499267578
2025-08-07,90.0199966430664,89.81999969482422,86.84707641601562
2025-08-08,90.1500015258789,90.37000274658203,87.37887573242188
2025-08-11,90.12000274658203,89.98999786376953,87.01144409179688
2025-08-12,90.38999938964844,91.08999633789062,88.07503509521484
2025-08-13,91.38999938964844,91.63999938964844,88.6068344116211
2025-08-14,91.2300033569336,91.6500015258789,88.61650848388672
2025-08-15,92.22000122070312,92.19000244140625,89.13863372802734
2025-08-18,91.94999694824219,92.08999633789062,89.04193878173828
2025-08-19,92.33000183105469,92.0999984741211,89.0516128540039
2025-08-20,92.2699966430664,92.43000030517578,89.37068939208984
2025-08-21,91.91999816894531,91.8499984741211,88.80988311767578
2025-08-22,92.20999908447266,93.2300033569336,90.14421844482422
2025-08-25,92.79000091552734,92.0,88.95492553710938
2025-08-26,91.73999786376953,91.9000015258789,88.85823059082031
2025-08-27,91.22000122070312,91.68000030517578,88.6455078125
2025-08-28,92.0,92.0199966430664,88.97425842285156
2025-08-29,91.52999877929688,91.4800033569336,88.45214080810547
2025-09-02,90.0999984741211,90.58000183105469,87.58192443847656
2025-09-03,90.44999694824219,90.72000122070312,87.71729278564453
2025-09-04,91.0,91.37999725341797,88.35543823242188
2025-09-05,92.12000274658203,91.79000091552734,88.75187683105469
2025-09-08,92.45999908447266,92.70999908447266,89.64141845703125
2025-09-09,92.33000183105469,92.4000015258789,89.34168243408203
2025-09-10,92.6500015258789,92.37999725341797,89.32234191894531
2025-09-11,92.77999877929688,93.36000061035156,90.26990509033203
2025-09-12,92.98999786376953,92.98999786376953,89.91215515136719
2025-09-15,93.44999694824219,93.61000061035156,90.51163482666016
2025-09-16,93.5199966430664,93.3499984741211,90.26023864746094
2025-09-17,93.23999786376953,93.0,89.92182159423828
2025-09-18,93.0999984741211,93.36000061035156,90.26990509033203
2025-09-19,93.04000091552734,93.0,89.92182159423828
2025-09-22,92.95999908447266,93.30000305175781,90.21189880371094
2025-09-23,93.51000213623047,93.12000274658203,90.03785705566406
2025-09-24,92.69000244140625,92.58000183105469,89.51573181152344
2025-09-25,91.94999694824219,91.91999816894531,88.8775634765625
2025-09-26,92.30999755859375,92.62999725341797,89.56407165527344
2025-09-29,92.91999816894531,92.98999786376953,89.91215515136719
2025-09-30,92.88999938964844,93.37000274658203,90.27957916259766
2025-10-01,93.87999725341797,94.13999938964844,91.02409362792969
2025-10-02,94.54000091552734,94.29000091552734,91.16912841796875
2025-10-03,94.97000122070312,95.08000183105469,91.93297576904297
2025-10-06,95.25,95.30000305175781,92.14569854736328
2025-10-07,94.95999908447266,94.47000122070312,91.34317016601562
2025-10-08,94.79000091552734,94.75,91.61389923095703
2025-10-09,94.79000091552734,93.97000122070312,90.85972595214844
2025-10-10,93.69000244140625,92.23999786376953,89.18697357177734
2025-10-13,92.6500015258789,92.9800033569336,89.9024887084961
2025-10-14,92.44999694824219,93.4000015258789,90.30859375
2025-10-15,93.86000061035156,93.8499984741211,90.74369049072266
2025-10-16,94.41999816894531,94.33999633789062,91.21746826171875
2025-10-17,94.04000091552734,94.51000213623047,91.38184356689453
2025-10-20,94.94999694824219,95.29000091552734,92.13602447509766
2025-10-21,94.86000061035156,94.58999633789062,91.45919799804688
2025-10-22,94.5999984741211,94.44999694824219,91.3238296508789
2025-10-23,94.62000274658203,94.88999938964844,91.749267578125
2025-10-24,95.08000183105469,95.04000091552734,91.89430236816406
2025-10-27,95.55999755859375,95.69999694824219,92.53245544433594
2025-10-28,95.62999725341797,95.66000366210938,92.49378204345703
2025-10-29,95.66000366210938,95.12000274658203,91.97166442871094
2025-10-30,94.56999969482422,94.69999694824219,91.5655517578125
2025-10-31,94.58999633789062,94.48999786376953,91.36250305175781
2025-11-03,94.55999755859375,94.52999877929688,91.40118408203125
2025-11-04,93.52999877929688,93.55999755859375,90.46328735351562
2025-11-05,93.68000030517578,94.16000366210938,91.0434341430664
2025-11-06,94.2699966430664,93.94999694824219,90.84037780761719
2025-11-07,93.56999969482422,94.30000305175781,91.17880249023438
2025-11-10,94.86000061035156,95.29000091552734,92.13602447509766
2025-11-11,95.66999816894531,95.98999786376953,92.81285858154297
2025-11-12,96.30999755859375,96.55999755859375,93.3639907836914
2025-11-13,96.3499984741211,95.52999877929688,92.36808013916016
2025-11-14,94.87999725341797,95.26000213623047,92.10702514648438
2025-11-17,94.5999984741211,94.0199966430664,90.90806579589844
2025-11-18,92.80999755859375,92.80000305175781,89.72844696044922
2025-11-19,92.70999908447266,92.5199966430664,89.45770263671875
2025-11-20,93.12999725341797,91.23999786376953,88.22007751464844
2025-11-21,92.0999984741211,92.6500015258789,89.58341217041016
2025-11-24,92.44999694824219,92.7300033569336,89.6607666015625
2025-11-25,93.12999725341797,93.83999633789062,90.73401641845703
2025-11-26,94.26000213623047,94.87000274658203,91.72993469238281
2025-11-28,94.83999633789062,95.19000244140625,92.03934478759766
2025-12-01,94.91999816894531,94.72000122070312,91.58489227294922
2025-12-02,95.08000183105469,95.04000091552734,91.89430236816406
2025-12-03,95.12000274658203,95.55000305175781,92.3874282836914
2025-12-04,96.08000183105469,95.80999755859375,92.6388168334961
2025-12-05,96.0999984741211,95.80999755859375,92.6388168334961
2025-12-08,95.81999969482422,95.51000213623047,92.34874725341797
2025-12-09,95.5999984741211,95.37999725341797,92.22305297851562
2025-12-10,95.55999755859375,96.44000244140625,93.24796295166016
2025-12-11,96.72000122070312,97.01000213623047,93.7990951538086
2025-12-12,97.05999755859375,96.5,93.30597686767578
2025-12-15,97.30999755859375,97.08999633789062,93.87644958496094
2025-12-16,95.13999938964844,94.91999816894531,93.44133758544922
2025-12-17,94.7300033569336,94.1500015258789,92.68333435058594
2025-12-18,94.94999694824219,94.81999969482422,93.3428955078125
2025-12-19,95.26000213623047,95.45999908447266,93.9729232788086
2025-12-22,95.47000122070312,95.69999694824219,94.20918273925781
2025-12-23,96.27999877929688,96.29000091552734,94.79000091552734
2025-12-24,96.33000183105469,96.41000366210938,94.90813446044922
2025-12-26,96.52999877929688,96.56999969482422,95.06563568115234
2025-12-29,96.26000213623047,96.27999877929688,94.7801513671875
2025-12-30,96.62999725341797,96.44000244140625,94.93766021728516
2025-12-31,96.33000183105469,96.02999877929688,94.53404235839844
2026-01-02,97.02999877929688,97.04000091552734,95.52831268310547
2026-01-05,97.26000213623047,98.1500015258789,96.62102508544922
2026-01-06,98.30999755859375,98.30000305175781,96.76869201660156
2026-01-07,98.13999938964844,97.93000030517578,96.40444946289062
2026-01-08,97.55999755859375,97.94000244140625,96.41429901123047
2026-01-09,98.41999816894531,98.80999755859375,97.27073669433594
2026-01-12,99.1500015258789,99.41000366210938,97.86139678955078
2026-01-13,99.2300033569336,98.83999633789062,97.3002700805664
2026-01-14,99.19000244140625,99.30000305175781,97.75311279296875
2026-01-15,99.62000274658203,99.26000213623047,97.71372985839844
2026-01-16,99.41999816894531,99.52999877929688,97.97952270507812
2026-01-20,98.0,98.0199966430664,96.4930419921875
2026-01-21,98.2699966430664,99.02999877929688,97.48731231689453
2026-01-22,99.38999938964844,99.41999816894531,97.8712387084961
2026-01-23,99.16999816894531,99.97000122070312,98.41267395019531
2026-01-26,100.54000091552734,100.47000122070312,98.9048843383789
2026-01-27,101.47000122070312,102.08999633789062,100.49964141845703
2026-01-28,101.19000244140625,101.01000213623047,99.43647003173828
2026-01-29,102.0199966430664,101.69000244140625,100.10588073730469
2026-01-30,101.3499984741211,100.73999786376953,99.17066955566406
2026-02-02,100.87999725341797,101.4000015258789,99.82039642333984
2026-02-03,101.13999938964844,101.44999694824219,99.86961364746094
2026-02-04,102.47000122070312,101.77999877929688,100.19447326660156
2026-02-05,100.62000274658203,100.33000183105469,98.7670669555664
2026-02-06,101.69000244140625,102.61000061035156,101.01154327392578
2026-02-09,103.2300033569336,103.98999786376953,102.37004089355469
2026-02-10,104.58000183105469,104.23999786376953,102.61614990234375
2026-02-11,104.83999633789062,104.94000244140625,103.30525207519531
2026-02-12,105.08999633789062,104.1500015258789,102.52755737304688
2026-02-13,103.87999725341797,104.23999786376953,102.61614990234375
2026-02-17,103.36000061035156,104.22000122070312,102.59646606445312
2026-02-18,104.37000274658203,104.33999633789062,102.71459197998047
2026-02-19,103.54000091552734,104.05000305175781,102.42911529541016
2026-02-20,103.86000061035156,104.9000015258789,103.265869140625
2026-02-23,104.80999755859375,104.47000122070312,102.84256744384766
2026-02-24,104.16999816894531,104.66000366210938,103.02960968017578
2026-02-25,105.26000213623047,105.66000366210938,104.0140380859375
2026-02-26,105.63999938964844,105.56999969482422,103.92543029785156
2026-02-27,105.5199966430664,105.37999725341797,103.73838806152344
2026-03-02,102.76000213623047,103.30000305175781,101.6907958984375
2026-03-03,98.6500015258789,100.08999633789062,98.53079986572266
2026-03-04,100.79000091552734,101.37999725341797,99.80070495605469
2026-03-05,99.77999877929688,99.16000366210938,97.61529541015625
2026-03-06,97.2699966430664,98.27999877929688,96.74899291992188
2026-03-09,96.77999877929688,98.98999786376953,97.44793701171875
2026-03-10,99.73999786376953,99.22000122070312,97.67435455322266
2026-03-11,98.63999938964844,99.01000213623047,97.4676284790039
2026-03-12,98.04000091552734,97.45999908447266,95.9417724609375
2026-03-13,97.66999816894531,96.30000305175781,94.79984283447266
2026-03-16,97.63999938964844,98.0999984741211,96.5718002319336
2026-03-17,98.73999786376953,98.37000274658203,96.83760070800781
2026-03-18,97.80999755859375,96.69000244140625,95.18376922607422
2026-03-19,94.94000244140625,96.5199966430664,95.01641082763672
2026-03-20,96.12999725341797,93.58999633789062,92.1320571899414
2026-03-23,95.52999877929688,95.83999633789062,94.34700012207031
2026-03-24,94.48999786376953,95.2699966430664,93.78588104248047
2026-03-25,96.91999816894531,96.66000366210938,95.15423583984375
2026-03-26,95.47000122070312,94.66000366210938,93.18539428710938
2026-03-27,94.29000091552734,93.80000305175781,92.33879089355469
2026-03-30,94.72000122070312,94.06999969482422,92.60457611083984
2026-03-31,95.56999969482422,97.12999725341797,95.61690521240234
2026-04-01,98.5199966430664,98.61000061035156,97.07386016845703
2026-04-02,96.54000091552734,98.0,96.47335815429688
2026-04-06,98.12999725341797,98.48999786376953,96.95572662353516
2026-04-07,97.66999816894531,98.3499984741211,96.81790161132812
2026-04-08,102.48999786376953,102.19000244140625,100.59809112548828
2026-04-09,101.08999633789062,101.94999694824219,100.36182403564453
2026-04-10,102.62999725341797,102.18000030517578,100.58824157714844
2026-04-13,101.2699966430664,102.80999755859375,101.20842742919922
2026-04-14,103.33999633789062,103.63999938964844,102.02549743652344
2026-04-15,103.38999938964844,103.30999755859375,101.70063781738281
2026-04-16,103.55999755859375,103.01000213623047,101.40531158447266
2026-04-17,104.45999908447266,104.31999969482422,102.69490814208984
2026-04-20,103.72000122070312,103.91000366210938,102.29129791259766
2026-04-21,103.12999725341797,101.62999725341797,100.04680633544922
2026-04-22,102.33000183105469,101.97000122070312,100.38151550292969
2026-04-23,101.75,101.23999786376953,99.66288757324219
2026-04-24,101.41000366210938,101.7699966430664,100.18462371826172
2026-04-27,101.83000183105469,101.37999725341797,99.80070495605469
2026-04-28,100.93000030517578,100.95999908447266,99.38724517822266
2026-04-29,100.4000015258789,99.93000030517578,98.373291015625
2026-04-30,101.31999969482422,102.31999969482422,100.72605895996094
2026-05-01,102.29000091552734,102.0999984741211,100.50949096679688
2026-05-04,101.44000244140625,100.69999694824219,99.13129425048828
2026-05-05,101.66999816894531,102.04000091552734,100.45042419433594
2026-05-06,104.5,104.80999755859375,103.1772689819336
2026-05-07,104.81999969482422,102.88999938964844,101.28718566894531
2026-05-08,103.7699966430664,103.95999908447266,102.34051513671875
2026-05-11,103.80999755859375,103.73999786376953,102.12393951416016
2026-05-12,103.0,103.13999938964844,101.53328704833984
2026-05-13,103.01000213623047,103.83000183105469,102.21253967285156
2026-05-14,103.79000091552734,103.45999908447266,101.84830474853516
2026-05-15,102.01000213623047,101.72000122070312,100.13540649414062
2026-05-18,102.4800033569336,102.66000366210938,101.0607681274414
2026-05-19,102.08000183105469,101.91999816894531,100.33229064941406
2026-05-20,102.16000366210938,103.62000274658203,102.00581359863281
2026-05-21,102.81999969482422,104.19000244140625,102.56693267822266
2026-05-22,104.22000122070312,103.9800033569336,102.3602066040039
2026-05-26,105.3499984741211,105.12999725341797,103.4922866821289
2026-05-27,105.05999755859375,104.7699966430664,103.13789367675781
2026-05-28,104.12000274658203,104.69000244140625,103.05914306640625
2026-05-29,105.12999725341797,104.80000305175781,103.16743469238281
2026-06-01,103.98999786376953,104.44000244140625,102.81304168701172
2026-06-02,104.58999633789062,105.0199966430664,103.38399505615234
2026-06-03,104.58000183105469,104.12000274658203,102.4980239868164
2026-06-04,104.54000091552734,104.94999694824219,103.3150863647461
2026-06-05,104.13999938964844,102.26000213623047,100.66699981689453
2026-06-08,103.2699966430664,102.87999725341797,101.27733612060547
2026-06-09,103.88999938964844,102.9000015258789,101.29702758789062
2026-06-10,102.2300033569336,101.56999969482422,99.98774719238281
2026-06-11,102.4800033569336,104.7300033569336,103.09852600097656
2026-06-12,104.6500015258789,105.0199966430664,103.38399505615234
2026-06-15,104.69000244140625,104.08000183105469,104.08000183105469
2026-06-16,104.72000122070312,104.30999755859375,104.30999755859375
2026-06-17,105.04000091552734,103.77999877929688,103.77999877929688
2026-06-18,104.58000183105469,104.41000366210938,104.41000366210938
2026-06-22,104.58999633789062,104.58000183105469,104.58000183105469
2026-06-23,102.37999725341797,102.45999908447266,102.45999908447266
2026-06-24,102.23999786376953,102.26000213623047,102.26000213623047
2026-06-25,103.4800033569336,103.1500015258789,103.1500015258789
2026-06-26,102.45999908447266,102.54000091552734,102.54000091552734
2026-06-29,102.87000274658203,103.44999694824219,103.44999694824219
2026-06-30,103.31999969482422,103.87999725341797,103.87999725341797
2026-07-01,103.06999969482422,103.0199966430664,103.0199966430664
2026-07-02,104.58999633789062,104.37000274658203,104.37000274658203
2026-07-06,105.0,105.45999908447266,105.45999908447266
2026-07-07,105.0199966430664,104.16000366210938,104.16000366210938
2026-07-08,102.80999755859375,103.36000061035156,103.36000061035156
2026-07-09,103.61000061035156,103.91999816894531,103.91999816894531
2026-07-10,104.18000030517578,104.33000183105469,104.33000183105469
2026-07-13,103.8499984741211,103.23999786376953,103.23999786376953
2026-07-14,104.37999725341797,103.95999908447266,103.95999908447266
2026-07-15,104.27999877929688,104.6500015258789,104.6500015258789
2026-07-16,103.66999816894531,103.80999755859375,103.80999755859375
2026-07-17,102.51000213623047,103.33000183105469,103.33000183105469
2026-07-20,103.33999633789062,102.56999969482422,102.56999969482422
2026-07-21,103.51000213623047,104.05999755859375,104.05999755859375
2026-07-22,104.44000244140625,104.25,104.25
2026-07-23,102.76000213623047,102.9000015258789,102.9000015258789
2026-07-24,103.5,103.41000366210938,103.41000366210938
2026-07-27,104.36000061035156,103.91000366210938,103.91000366210938
2026-07-28,103.19000244140625,103.88999938964844,103.88999938964844
2026-07-29,103.72000122070312,103.37000274658203,103.37000274658203
2026-07-30,105.01000213623047,106.23999786376953,106.23999786376953
2026-07-31,105.75,105.58000183105469,105.58000183105469
2026-08-03,105.72000122070312,106.0199966430664,106.0199966430664
2026-08-04,106.72000122070312,107.31999969482422,107.31999969482422
2026-08-05,107.98999786376953,107.43000030517578,107.43000030517578
2026-08-06,107.66000366210938,107.36000061035156,107.36000061035156
2026-08-07,108.75,108.55000305175781,108.55000305175781
2026-08-10,108.20999908447266,108.01000213623047,108.01000213623047
2026-08-11,108.44000244140625,108.08999633789062,108.08999633789062
2026-08-12,108.75,108.5,108.5
2026-08-13,108.66999816894531,108.69000244140625,108.69000244140625
2026-08-14,108.76000213623047,108.63999938964844,108.63999938964844
2026-08-17,108.66000366210938,108.44999694824219,108.44999694824219
2026-08-18,107.75,107.2699966430664,107.2699966430664
2026-08-19,107.87000274658203,107.66000366210938,107.66000366210938
2026-08-20,107.29000091552734,107.3499984741211,107.3499984741211
2026-08-21,108.12999725341797,108.23999786376953,108.23999786376953
2026-08-24,107.98999786376953,108.02999877929688,108.02999877929688
2026-08-25,108.51000213623047,108.80999755859375,108.80999755859375
2026-08-26,108.68000030517578,108.2699966430664,108.2699966430664
2026-08-27,108.04000091552734,108.0199966430664,108.0199966430664
2026-08-28,108.5199966430664,107.72000122070312,107.72000122070312
2026-08-31,108.04000091552734,107.44999694824219,107.44999694824219
2026-09-01,107.04000091552734,106.48999786376953,106.48999786376953
2026-09-02,106.7300033569336,107.05999755859375,107.05999755859375
2026-09-03,108.0199966430664,108.20999908447266,108.20999908447266
2026-09-04,107.8499984741211,108.3499984741211,108.3499984741211
