Date,Open,Close,AdjClose
2017-11-09,308.6449890136719,320.8840026855469,320.8840026855469
2017-11-10,320.6709899902344,299.25299072265625,299.25299072265625
2017-11-11,298.58599853515625,314.6809997558594,314.6809997558594
2017-11-12,314.69000244140625,307.9079895019531,307.9079895019531
2017-11-13,307.0249938964844,316.71600341796875,316.71600341796875
2017-11-14,316.76300048828125,337.6310119628906,337.6310119628906
2017-11-15,337.9639892578125,333.35699462890625,333.35699462890625
2017-11-16,333.4429931640625,330.92401123046875,330.92401123046875
2017-11-17,330.1669921875,332.3940124511719,332.3940124511719
2017-11-18,331.9800109863281,347.61199951171875,347.61199951171875
2017-11-19,347.4010009765625,354.385986328125,354.385986328125
2017-11-20,354.093994140625,366.7300109863281,366.7300109863281
2017-11-21,367.4429931640625,360.4010009765625,360.4010009765625
2017-11-22,360.31201171875,380.6520080566406,380.6520080566406
2017-11-23,381.4389953613281,410.1659851074219,410.1659851074219
2017-11-24,412.5010070800781,474.9110107421875,474.9110107421875
2017-11-25,475.6759948730469,466.2760009765625,466.2760009765625
2017-11-26,465.9739990234375,471.3299865722656,471.3299865722656
2017-11-27,471.531005859375,480.3550109863281,480.3550109863281
2017-11-28,480.51800537109375,472.9020080566406,472.9020080566406
2017-11-29,473.281005859375,427.52301025390625,427.52301025390625
2017-11-30,431.2149963378906,447.114013671875,447.114013671875
2017-12-01,445.2090148925781,466.5400085449219,466.5400085449219
2017-12-02,466.85101318359375,463.4490051269531,463.4490051269531
2017-12-03,463.7049865722656,465.8529968261719,465.8529968261719
2017-12-04,466.0539855957031,470.2040100097656,470.2040100097656
2017-12-05,470.29400634765625,463.281005859375,463.281005859375
2017-12-06,462.60400390625,428.5880126953125,428.5880126953125
2017-12-07,426.3689880371094,434.4079895019531,434.4079895019531
2017-12-08,434.989013671875,456.031005859375,456.031005859375
2017-12-09,457.343994140625,473.50201416015625,473.50201416015625
2017-12-10,472.78900146484375,441.72100830078125,441.72100830078125
2017-12-11,440.3580017089844,515.135986328125,515.135986328125
2017-12-12,522.2860107421875,651.4310302734375,651.4310302734375
2017-12-13,644.906005859375,702.7670288085938,702.7670288085938
2017-12-14,700.593994140625,695.8159790039062,695.8159790039062
2017-12-15,696.3759765625,684.447998046875,684.447998046875
2017-12-16,686.1920166015625,696.208984375,696.208984375
2017-12-17,696.2369995117188,719.9749755859375,719.9749755859375
2017-12-18,721.7319946289062,794.64501953125,794.64501953125
2017-12-19,793.9010009765625,826.822998046875,826.822998046875
2017-12-20,827.5159912109375,819.0859985351562,819.0859985351562
2017-12-21,820.2360229492188,821.06298828125,821.06298828125
2017-12-22,822.6430053710938,674.8599853515625,674.8599853515625
2017-12-23,681.3159790039062,719.3870239257812,719.3870239257812
2017-12-24,721.7689819335938,694.1480102539062,694.1480102539062
2017-12-25,698.8699951171875,765.833984375,765.833984375
2017-12-26,763.3699951171875,773.8359985351562,773.8359985351562
2017-12-27,774.969970703125,762.8419799804688,762.8419799804688
2017-12-28,762.2080078125,737.0230102539062,737.0230102539062
2017-12-29,740.3889770507812,753.5919799804688,753.5919799804688
2017-12-30,753.8150024414062,717.2570190429688,717.2570190429688
2017-12-31,712.2119750976562,756.7329711914062,756.7329711914062
2018-01-01,755.7570190429688,772.6409912109375,772.6409912109375
2018-01-02,772.3460083007812,884.4439697265625,884.4439697265625
2018-01-03,886.0,962.719970703125,962.719970703125
2018-01-04,961.7130126953125,980.9219970703125,980.9219970703125
2018-01-05,975.75,997.719970703125,997.719970703125
2018-01-06,995.1539916992188,1041.6800537109375,1041.6800537109375
2018-01-07,1043.010009765625,1153.1700439453125,1153.1700439453125
2018-01-08,1158.260009765625,1148.530029296875,1148.530029296875
2018-01-09,1146.0,1299.739990234375,1299.739990234375
2018-01-10,1300.3399658203125,1255.8199462890625,1255.8199462890625
2018-01-11,1268.0899658203125,1154.9300537109375,1154.9300537109375
2018-01-12,1158.2900390625,1273.199951171875,1273.199951171875
2018-01-13,1270.469970703125,1396.4200439453125,1396.4200439453125
2018-01-14,1397.47998046875,1366.77001953125,1366.77001953125
2018-01-15,1365.2099609375,1291.9200439453125,1291.9200439453125
2018-01-16,1292.6300048828125,1053.68994140625,1053.68994140625
2018-01-17,1061.3399658203125,1014.25,1014.25
2018-01-18,1016.4400024414062,1036.280029296875,1036.280029296875
2018-01-19,1028.8199462890625,1039.0999755859375,1039.0999755859375
2018-01-20,1044.949951171875,1155.1500244140625,1155.1500244140625
2018-01-21,1155.6800537109375,1049.5799560546875,1049.5799560546875
2018-01-22,1055.3499755859375,1003.260009765625,1003.260009765625
2018-01-23,1004.1699829101562,986.22900390625,986.22900390625
2018-01-24,987.4769897460938,1058.780029296875,1058.780029296875
2018-01-25,1063.219970703125,1056.030029296875,1056.030029296875
2018-01-26,1052.699951171875,1055.1700439453125,1055.1700439453125
2018-01-27,1055.75,1107.0699462890625,1107.0699462890625
2018-01-28,1111.780029296875,1246.010009765625,1246.010009765625
2018-01-29,1246.699951171875,1182.3599853515625,1182.3599853515625
2018-01-30,1184.1300048828125,1071.1300048828125,1071.1300048828125
2018-01-31,1071.0899658203125,1118.31005859375,1118.31005859375
2018-02-01,1119.3699951171875,1036.7900390625,1036.7900390625
2018-02-02,1035.77001953125,915.7849731445312,915.7849731445312
2018-02-03,919.2109985351562,964.0189819335938,964.0189819335938
2018-02-04,964.6669921875,834.6820068359375,834.6820068359375
2018-02-05,834.9580078125,697.9509887695312,697.9509887695312
2018-02-06,707.7369995117188,793.1220092773438,793.1220092773438
2018-02-07,790.427978515625,757.0679931640625,757.0679931640625
2018-02-08,755.843017578125,817.8070068359375,817.8070068359375
2018-02-09,818.47998046875,883.864990234375,883.864990234375
2018-02-10,882.4669799804688,860.4149780273438,860.4149780273438
2018-02-11,859.2880249023438,814.6599731445312,814.6599731445312
2018-02-12,817.5079956054688,868.7069702148438,868.7069702148438
2018-02-13,869.2930297851562,845.2579956054688,845.2579956054688
2018-02-14,844.2789916992188,923.5609741210938,923.5609741210938
2018-02-15,923.72802734375,936.9760131835938,936.9760131835938
2018-02-16,934.7860107421875,944.2100219726562,944.2100219726562
2018-02-17,944.7479858398438,974.114990234375,974.114990234375
2018-02-18,973.3489990234375,923.9210205078125,923.9210205078125
2018-02-19,921.6680297851562,943.864990234375,943.864990234375
2018-02-20,943.5670166015625,895.3709716796875,895.3709716796875
2018-02-21,894.135009765625,849.9710083007812,849.9710083007812
2018-02-22,849.2620239257812,812.844970703125,812.844970703125
2018-02-23,811.5850219726562,864.1890258789062,864.1890258789062
2018-02-24,861.593017578125,840.5150146484375,840.5150146484375
2018-02-25,839.458984375,844.8099975585938,844.8099975585938
2018-02-26,845.2780151367188,869.3150024414062,869.3150024414062
2018-02-27,870.364990234375,878.2650146484375,878.2650146484375
2018-02-28,877.9340209960938,855.198974609375,855.198974609375
2018-03-01,856.0120239257812,872.2000122070312,872.2000122070312
2018-03-02,871.7639770507812,856.85302734375,856.85302734375
2018-03-03,856.7109985351562,857.2249755859375,857.2249755859375
2018-03-04,856.1859741210938,866.677978515625,866.677978515625
2018-03-05,866.8460083007812,853.6840209960938,853.6840209960938
2018-03-06,853.8170166015625,816.9509887695312,816.9509887695312
2018-03-07,816.27099609375,752.8309936523438,752.8309936523438
2018-03-08,752.5700073242188,704.5960083007812,704.5960083007812
2018-03-09,702.197021484375,728.916015625,728.916015625
2018-03-10,730.1599731445312,686.8900146484375,686.8900146484375
2018-03-11,685.31201171875,723.3389892578125,723.3389892578125
2018-03-12,724.406005859375,699.8309936523438,699.8309936523438
2018-03-13,698.1530151367188,690.8270263671875,690.8270263671875
2018-03-14,691.218994140625,614.291015625,614.291015625
2018-03-15,614.8389892578125,611.3040161132812,611.3040161132812
2018-03-16,611.7780151367188,601.666015625,601.666015625
2018-03-17,601.677978515625,552.7789916992188,552.7789916992188
2018-03-18,551.6400146484375,538.6439819335938,538.6439819335938
2018-03-19,546.6259765625,556.7260131835938,556.7260131835938
2018-03-20,556.7219848632812,557.1749877929688,557.1749877929688
2018-03-21,559.0999755859375,561.7319946289062,561.7319946289062
2018-03-22,562.10302734375,539.7020263671875,539.7020263671875
2018-03-23,539.864013671875,539.6190185546875,539.6190185546875
2018-03-24,542.572021484375,526.4390258789062,526.4390258789062
2018-03-25,522.7030029296875,524.2869873046875,524.2869873046875
2018-03-26,524.2869873046875,489.95098876953125,489.95098876953125
2018-03-27,489.5899963378906,450.1159973144531,450.1159973144531
2018-03-28,450.2909851074219,446.27899169921875,446.27899169921875
2018-03-29,448.07501220703125,385.9679870605469,385.9679870605469
2018-03-30,385.9049987792969,394.6449890136719,394.6449890136719
2018-03-31,395.0039978027344,396.4570007324219,396.4570007324219
2018-04-01,397.2539978027344,379.60699462890625,379.60699462890625
2018-04-02,379.6990051269531,386.42498779296875,386.42498779296875
2018-04-03,387.31201171875,416.89300537109375,416.89300537109375
2018-04-04,416.4849853515625,380.5429992675781,380.5429992675781
2018-04-05,379.9469909667969,383.23199462890625,383.23199462890625
2018-04-06,382.7309875488281,370.2850036621094,370.2850036621094
2018-04-07,370.3800048828125,385.3139953613281,385.3139953613281
2018-04-08,385.7430114746094,400.50799560546875,400.50799560546875
2018-04-09,400.85699462890625,398.5260009765625,398.5260009765625
2018-04-10,399.4110107421875,414.2430114746094,414.2430114746094
2018-04-11,415.02398681640625,430.5400085449219,430.5400085449219
2018-04-12,430.1610107421875,492.9410095214844,492.9410095214844
2018-04-13,493.1600036621094,492.7349853515625,492.7349853515625
2018-04-14,492.5799865722656,501.4779968261719,501.4779968261719
2018-04-15,502.8800048828125,531.7020263671875,531.7020263671875
2018-04-16,532.073974609375,511.1470031738281,511.1470031738281
2018-04-17,511.1449890136719,502.8940124511719,502.8940124511719
2018-04-18,503.3089904785156,524.7890014648438,524.7890014648438
2018-04-19,524.0380249023438,567.8889770507812,567.8889770507812
2018-04-20,567.989013671875,615.718017578125,615.718017578125
2018-04-21,616.0040283203125,605.39501953125,605.39501953125
2018-04-22,606.1190185546875,621.8599853515625,621.8599853515625
2018-04-23,621.198974609375,642.5479736328125,642.5479736328125
2018-04-24,643.3980102539062,708.1580200195312,708.1580200195312
2018-04-25,707.06201171875,615.416015625,615.416015625
2018-04-26,618.0789794921875,662.8090209960938,662.8090209960938
2018-04-27,662.1090087890625,647.031982421875,647.031982421875
2018-04-28,644.64599609375,683.677978515625,683.677978515625
2018-04-29,683.9119873046875,688.8809814453125,688.8809814453125
2018-04-30,689.760986328125,669.9240112304688,669.9240112304688
2018-05-01,670.4630126953125,673.6129760742188,673.6129760742188
2018-05-02,674.0750122070312,687.1489868164062,687.1489868164062
2018-05-03,686.5910034179688,779.5430297851562,779.5430297851562
2018-05-04,776.7750244140625,785.6240234375,785.6240234375
2018-05-05,784.5830078125,816.1199951171875,816.1199951171875
2018-05-06,816.0880126953125,792.3109741210938,792.3109741210938
2018-05-07,793.3389892578125,753.7249755859375,753.7249755859375
2018-05-08,755.0089721679688,752.8569946289062,752.8569946289062
2018-05-09,752.9019775390625,752.2750244140625,752.2750244140625
2018-05-10,752.5789794921875,727.2769775390625,727.2769775390625
2018-05-11,727.0130004882812,679.5859985351562,679.5859985351562
2018-05-12,679.8770141601562,686.0479736328125,686.0479736328125
2018-05-13,687.1749877929688,733.4959716796875,733.4959716796875
2018-05-14,732.7329711914062,730.5490112304688,730.5490112304688
2018-05-15,731.1430053710938,708.8709716796875,708.8709716796875
2018-05-16,708.0869750976562,707.0499877929688,707.0499877929688
2018-05-17,708.718017578125,672.656982421875,672.656982421875
2018-05-18,672.1019897460938,694.3670043945312,694.3670043945312
2018-05-19,695.072021484375,696.530029296875,696.530029296875
2018-05-20,697.9229736328125,715.3690185546875,715.3690185546875
2018-05-21,717.1929931640625,699.2219848632812,699.2219848632812
2018-05-22,700.177978515625,647.7410278320312,647.7410278320312
2018-05-23,646.6699829101562,583.5850219726562,583.5850219726562
2018-05-24,584.5360107421875,601.7550048828125,601.7550048828125
2018-05-25,602.1400146484375,586.7340087890625,586.7340087890625
2018-05-26,587.426025390625,587.280029296875,587.280029296875
2018-05-27,588.52001953125,572.6680297851562,572.6680297851562
2018-05-28,573.0449829101562,516.0360107421875,516.0360107421875
2018-05-29,516.1480102539062,565.3880004882812,565.3880004882812
2018-05-30,566.8300170898438,559.5900268554688,559.5900268554688
2018-05-31,558.4970092773438,577.64501953125,577.64501953125
2018-06-01,578.6719970703125,580.0430297851562,580.0430297851562
2018-06-02,580.4290161132812,591.8079833984375,591.8079833984375
2018-06-03,591.2589721679688,618.3289794921875,618.3289794921875
2018-06-04,619.43701171875,592.9849853515625,592.9849853515625
2018-06-05,593.406005859375,609.302978515625,609.302978515625
2018-06-06,610.2620239257812,607.1240234375,607.1240234375
2018-06-07,607.68701171875,605.18701171875,605.18701171875
2018-06-08,605.4429931640625,601.0770263671875,601.0770263671875
2018-06-09,600.905029296875,597.56201171875,597.56201171875
2018-06-10,594.344970703125,526.47900390625,526.47900390625
2018-06-11,524.8569946289062,533.2839965820312,533.2839965820312
2018-06-12,532.7100219726562,496.8429870605469,496.8429870605469
2018-06-13,498.01800537109375,477.4939880371094,477.4939880371094
2018-06-14,478.3810119628906,519.7420043945312,519.7420043945312
2018-06-15,520.47998046875,491.0039978027344,491.0039978027344
2018-06-16,490.41400146484375,499.6419982910156,499.6419982910156
2018-06-17,499.4599914550781,500.447998046875,500.447998046875
2018-06-18,499.38299560546875,518.8909912109375,518.8909912109375
2018-06-19,519.0230102539062,537.9569702148438,537.9569702148438
2018-06-20,538.5059814453125,536.2680053710938,536.2680053710938
2018-06-21,536.447021484375,527.3670043945312,527.3670043945312
2018-06-22,527.1939697265625,465.8169860839844,465.8169860839844
2018-06-23,466.27398681640625,474.5199890136719,474.5199890136719
2018-06-24,474.76800537109375,457.6719970703125,457.6719970703125
2018-06-25,455.9360046386719,460.30999755859375,460.30999755859375
2018-06-26,460.7330017089844,432.7720031738281,432.7720031738281
2018-06-27,432.2439880371094,442.364990234375,442.364990234375
2018-06-28,442.2900085449219,422.364990234375,422.364990234375
2018-06-29,422.5870056152344,436.0090026855469,436.0090026855469
2018-06-30,436.2090148925781,455.17999267578125,455.17999267578125
2018-07-01,455.24200439453125,453.9179992675781,453.9179992675781
2018-07-02,453.8240051269531,475.34698486328125,475.34698486328125
2018-07-03,475.385986328125,464.19500732421875,464.19500732421875
2018-07-04,464.1510009765625,467.3179931640625,467.3179931640625
2018-07-05,467.2869873046875,474.4119873046875,474.4119873046875
2018-07-06,474.35699462890625,474.0119934082031,474.0119934082031
2018-07-07,474.0570068359375,491.6600036621094,491.6600036621094
2018-07-08,492.0679931640625,489.1189880371094,489.1189880371094
2018-07-09,488.87799072265625,476.6820068359375,476.6820068359375
2018-07-10,476.1619873046875,434.42401123046875,434.42401123046875
2018-07-11,434.5150146484375,446.51800537109375,446.51800537109375
2018-07-12,446.50201416015625,430.0740051269531,430.0740051269531
2018-07-13,430.7409973144531,434.0270080566406,434.0270080566406
2018-07-14,434.510986328125,436.08599853515625,436.08599853515625
2018-07-15,435.88299560546875,449.8500061035156,449.8500061035156
2018-07-16,450.42498779296875,480.6579895019531,480.6579895019531
2018-07-17,480.0769958496094,501.00201416015625,501.00201416015625
2018-07-18,500.8380126953125,480.51300048828125,480.51300048828125
2018-07-19,480.62799072265625,469.6189880371094,469.6189880371094
2018-07-20,469.3070068359375,450.697998046875,450.697998046875
2018-07-21,450.6789855957031,462.4360046386719,462.4360046386719
2018-07-22,462.43798828125,459.6570129394531,459.6570129394531
2018-07-23,459.4389953613281,450.8529968261719,450.8529968261719
2018-07-24,451.135986328125,479.37298583984375,479.37298583984375
2018-07-25,479.906005859375,472.4930114746094,472.4930114746094
2018-07-26,472.33099365234375,464.0369873046875,464.0369873046875
2018-07-27,464.0090026855469,469.6659851074219,469.6659851074219
2018-07-28,469.6780090332031,466.89801025390625,466.89801025390625
2018-07-29,466.9150085449219,466.6650085449219,466.6650085449219
2018-07-30,466.8269958496094,457.08099365234375,457.08099365234375
2018-07-31,457.2449951171875,433.86700439453125,433.86700439453125
2018-08-01,433.8689880371094,420.74700927734375,420.74700927734375
2018-08-02,420.8059997558594,412.6210021972656,412.6210021972656
2018-08-03,412.5669860839844,418.2619934082031,418.2619934082031
2018-08-04,418.23699951171875,407.25201416015625,407.25201416015625
2018-08-05,407.34600830078125,410.5159912109375,410.5159912109375
2018-08-06,410.5669860839844,406.6579895019531,406.6579895019531
2018-08-07,406.8009948730469,380.2149963378906,380.2149963378906
2018-08-08,379.8919982910156,356.6130065917969,356.6130065917969
2018-08-09,356.97100830078125,365.5880126953125,365.5880126953125
2018-08-10,365.7760009765625,334.1759948730469,334.1759948730469
2018-08-11,334.2640075683594,322.11199951171875,322.11199951171875
2018-08-12,320.822998046875,319.57000732421875,319.57000732421875
2018-08-13,320.2099914550781,286.4949951171875,286.4949951171875
2018-08-14,286.364990234375,278.9320068359375,278.9320068359375
2018-08-15,280.3869934082031,282.364013671875,282.364013671875
2018-08-16,282.7409973144531,288.0459899902344,288.0459899902344
2018-08-17,287.6830139160156,315.72900390625,315.72900390625
2018-08-18,316.7909851074219,295.81201171875,295.81201171875
2018-08-19,295.6700134277344,300.8340148925781,300.8340148925781
2018-08-20,301.3810119628906,274.31500244140625,274.31500244140625
2018-08-21,273.33099365234375,281.9440002441406,281.9440002441406
2018-08-22,281.9679870605469,271.34100341796875,271.34100341796875
2018-08-23,271.74798583984375,277.10400390625,277.10400390625
2018-08-24,278.1109924316406,282.9670104980469,282.9670104980469
2018-08-25,283.281005859375,279.64599609375,279.64599609375
2018-08-26,279.5249938964844,275.1969909667969,275.1969909667969
2018-08-27,275.3500061035156,285.6029968261719,285.6029968261719
2018-08-28,286.64898681640625,296.4989929199219,296.4989929199219
2018-08-29,296.1629943847656,289.31201171875,289.31201171875
2018-08-30,289.75299072265625,284.1050109863281,284.1050109863281
2018-08-31,284.1199951171875,283.0039978027344,283.0039978027344
2018-09-01,283.4960021972656,295.34100341796875,295.34100341796875
2018-09-02,295.4530029296875,294.3710021972656,294.3710021972656
2018-09-03,295.1809997558594,289.2590026855469,289.2590026855469
2018-09-04,289.2969970703125,285.7229919433594,285.7229919433594
2018-09-05,286.0450134277344,232.33099365234375,232.33099365234375
2018-09-06,231.6479949951172,230.21499633789062,230.21499633789062
2018-09-07,229.53500366210938,217.2030029296875,217.2030029296875
2018-09-08,217.91200256347656,197.9510040283203,197.9510040283203
2018-09-09,198.38499450683594,196.9239959716797,196.9239959716797
2018-09-10,197.8509979248047,197.07899475097656,197.07899475097656
2018-09-11,198.177001953125,185.0659942626953,185.0659942626953
2018-09-12,185.42300415039062,183.33099365234375,183.33099365234375
2018-09-13,183.6790008544922,211.35400390625,211.35400390625
2018-09-14,212.66900634765625,211.74899291992188,211.74899291992188
2018-09-15,209.81399536132812,223.07400512695312,223.07400512695312
2018-09-16,222.80299377441406,220.58900451660156,220.58900451660156
2018-09-17,221.58200073242188,197.875,197.875
2018-09-18,197.09500122070312,209.97500610351562,209.97500610351562
2018-09-19,209.4720001220703,209.968994140625,209.968994140625
2018-09-20,210.28799438476562,224.59100341796875,224.59100341796875
2018-09-21,225.25100708007812,246.58399963378906,246.58399963378906
2018-09-22,247.33700561523438,240.47999572753906,240.47999572753906
2018-09-23,240.99200439453125,244.3300018310547,244.3300018310547
2018-09-24,244.843994140625,228.72999572753906,228.72999572753906
2018-09-25,228.32699584960938,218.5050048828125,218.5050048828125
2018-09-26,218.64700317382812,215.8470001220703,215.8470001220703
2018-09-27,215.44000244140625,228.49400329589844,228.49400329589844
2018-09-28,229.04100036621094,222.40199279785156,222.40199279785156
2018-09-29,221.7050018310547,231.63499450683594,231.63499450683594
2018-09-30,231.32899475097656,232.84800720214844,232.84800720214844
2018-10-01,233.22000122070312,230.76800537109375,230.76800537109375
2018-10-02,231.10000610351562,227.18099975585938,227.18099975585938
2018-10-03,226.40699768066406,220.48899841308594,220.48899841308594
2018-10-04,220.4459991455078,222.21800231933594,222.21800231933594
2018-10-05,222.26699829101562,227.6009979248047,227.6009979248047
2018-10-06,227.552001953125,225.1199951171875,225.1199951171875
2018-10-07,225.43499755859375,226.11900329589844,226.11900329589844
2018-10-08,226.50900268554688,229.2550048828125,229.2550048828125
2018-10-09,229.7100067138672,227.98199462890625,227.98199462890625
2018-10-10,227.61500549316406,225.7689971923828,225.7689971923828
2018-10-11,225.61000061035156,189.49899291992188,189.49899291992188
2018-10-12,188.70700073242188,196.7270050048828,196.7270050048828
2018-10-13,196.36399841308594,199.84100341796875,199.84100341796875
2018-10-14,199.6909942626953,195.71499633789062,195.71499633789062
2018-10-15,195.27000427246094,209.70399475097656,209.70399475097656
2018-10-16,209.6280059814453,210.1199951171875,210.1199951171875
2018-10-17,210.2169952392578,207.08299255371094,207.08299255371094
2018-10-18,207.4040069580078,203.3520050048828,203.3520050048828
2018-10-19,203.2570037841797,203.7270050048828,203.7270050048828
2018-10-20,203.51499938964844,205.42999267578125,205.42999267578125
2018-10-21,205.38999938964844,205.14199829101562,205.14199829101562
2018-10-22,205.1739959716797,204.04400634765625,204.04400634765625
2018-10-23,204.01600646972656,204.33599853515625,204.33599853515625
2018-10-24,204.1269989013672,203.8520050048828,203.8520050048828
2018-10-25,203.8679962158203,202.718994140625,202.718994140625
2018-10-26,202.33599853515625,203.32899475097656,203.32899475097656
2018-10-27,203.3560028076172,204.2100067138672,204.2100067138672
2018-10-28,204.50999450683594,205.36599731445312,205.36599731445312
2018-10-29,205.1739959716797,197.2469940185547,197.2469940185547
2018-10-30,197.2030029296875,197.55599975585938,197.55599975585938
2018-10-31,197.6490020751953,197.38099670410156,197.38099670410156
2018-11-01,197.53700256347656,198.8719940185547,198.8719940185547
2018-11-02,198.98199462890625,200.63499450683594,200.63499450683594
2018-11-03,200.74000549316406,200.18600463867188,200.18600463867188
2018-11-04,200.1580047607422,207.48599243164062,207.48599243164062
2018-11-05,207.10000610351562,209.09100341796875,209.09100341796875
2018-11-06,209.4739990234375,218.45199584960938,218.45199584960938
2018-11-07,218.8990020751953,217.18299865722656,217.18299865722656
2018-11-08,217.32699584960938,212.2310028076172,212.2310028076172
2018-11-09,211.98699951171875,210.07400512695312,210.07400512695312
2018-11-10,209.97500610351562,212.5330047607422,212.5330047607422
2018-11-11,212.47900390625,211.33999633789062,211.33999633789062
2018-11-12,211.51300048828125,210.41799926757812,210.41799926757812
2018-11-13,210.1490020751953,206.8260040283203,206.8260040283203
2018-11-14,206.53399658203125,181.39700317382812,181.39700317382812
2018-11-15,181.8990020751953,180.80599975585938,180.80599975585938
2018-11-16,180.86500549316406,175.177001953125,175.177001953125
2018-11-17,175.36000061035156,174.00100708007812,174.00100708007812
2018-11-18,174.1750030517578,177.06700134277344,177.06700134277344
2018-11-19,177.1790008544922,149.1750030517578,149.1750030517578
2018-11-20,148.81100463867188,130.33900451660156,130.33900451660156
2018-11-21,131.14199829101562,136.7010040283203,136.7010040283203
2018-11-22,136.81100463867188,126.70600128173828,126.70600128173828
2018-11-23,126.41899871826172,123.2959976196289,123.2959976196289
2018-11-24,123.30400085449219,113.49400329589844,113.49400329589844
2018-11-25,113.1259994506836,116.44999694824219,116.44999694824219
2018-11-26,116.34300231933594,108.33499908447266,108.33499908447266
2018-11-27,107.91300201416016,110.01000213623047,110.01000213623047
2018-11-28,110.197998046875,122.43800354003906,122.43800354003906
2018-11-29,122.72154998779297,117.54264831542969,117.54264831542969
2018-11-30,117.72809600830078,113.17141723632812,113.17141723632812
2018-12-01,113.39775848388672,118.63555908203125,118.63555908203125
2018-12-02,118.26815032958984,116.38890075683594,116.38890075683594
2018-12-03,116.3787612915039,108.92501831054688,108.92501831054688
2018-12-04,108.80316162109375,110.21418762207031,110.21418762207031
2018-12-05,110.33551788330078,102.47555541992188,102.47555541992188
2018-12-06,102.45059204101562,91.76105499267578,91.76105499267578
2018-12-07,91.64983367919922,93.29456329345703,93.29456329345703
2018-12-08,93.41007995605469,92.15963745117188,92.15963745117188
2018-12-09,92.03543090820312,95.14205932617188,95.14205932617188
2018-12-10,94.99217224121094,91.68565368652344,91.68565368652344
2018-12-11,91.57893371582031,88.94530487060547,88.94530487060547
2018-12-12,88.61070251464844,90.59329986572266,90.59329986572266
2018-12-13,90.65522766113281,86.53931427001953,86.53931427001953
2018-12-14,86.63035583496094,84.30829620361328,84.30829620361328
2018-12-15,84.27969360351562,84.44081115722656,84.44081115722656
2018-12-16,84.46940612792969,85.26210021972656,85.26210021972656
2018-12-17,85.38211059570312,95.13382720947266,95.13382720947266
2018-12-18,95.10803985595703,101.11245727539062,101.11245727539062
2018-12-19,101.68384552001953,101.2685775756836,101.2685775756836
2018-12-20,101.09043884277344,116.21687316894531,116.21687316894531
2018-12-21,115.83540344238281,109.49623107910156,109.49623107910156
2018-12-22,109.45594024658203,116.7594985961914,116.7594985961914
2018-12-23,117.27389526367188,130.7652587890625,130.7652587890625
2018-12-24,130.64166259765625,140.23800659179688,140.23800659179688
2018-12-25,140.99758911132812,129.84434509277344,129.84434509277344
2018-12-26,129.88882446289062,131.86563110351562,131.86563110351562
2018-12-27,131.923583984375,116.57591247558594,116.57591247558594
2018-12-28,116.89820098876953,137.6470184326172,137.6470184326172
2018-12-29,138.46878051757812,138.01834106445312,138.01834106445312
2018-12-30,137.62745666503906,139.8594512939453,139.8594512939453
2018-12-31,140.03106689453125,133.36825561523438,133.36825561523438
2019-01-01,133.41815185546875,140.8194122314453,140.8194122314453
2019-01-02,141.51951599121094,155.0476837158203,155.0476837158203
2019-01-03,155.196044921875,149.135009765625,149.135009765625
2019-01-04,148.9128875732422,154.58193969726562,154.58193969726562
2019-01-05,154.33741760253906,155.6385955810547,155.6385955810547
2019-01-06,155.80422973632812,157.74620056152344,157.74620056152344
2019-01-07,157.8094940185547,151.69921875,151.69921875
2019-01-08,151.96754455566406,150.35963439941406,150.35963439941406
2019-01-09,150.5546875,150.80311584472656,150.80311584472656
2019-01-10,150.843505859375,128.62518310546875,128.62518310546875
2019-01-11,127.81396484375,127.54832458496094,127.54832458496094
2019-01-12,127.52808380126953,125.9665298461914,125.9665298461914
2019-01-13,125.9072265625,116.8978042602539,116.8978042602539
2019-01-14,116.97909545898438,129.0687255859375,129.0687255859375
2019-01-15,129.1726837158203,122.03271484375,122.03271484375
2019-01-16,121.80924224853516,123.54706573486328,123.54706573486328
2019-01-17,123.57353973388672,123.7419204711914,123.7419204711914
2019-01-18,123.65465545654297,121.01026153564453,121.01026153564453
2019-01-19,121.61442565917969,124.5190200805664,124.5190200805664
2019-01-20,124.63240051269531,119.4748306274414,119.4748306274414
2019-01-21,119.63645935058594,117.15785217285156,117.15785217285156
2019-01-22,117.11075592041016,118.74755096435547,118.74755096435547
2019-01-23,118.71381378173828,117.45260620117188,117.45260620117188
2019-01-24,117.46278381347656,117.36288452148438,117.36288452148438
2019-01-25,117.59495544433594,116.37834167480469,116.37834167480469
2019-01-26,116.37352752685547,116.48873901367188,116.48873901367188
2019-01-27,116.51031494140625,113.40528869628906,113.40528869628906
2019-01-28,113.28523254394531,106.58997344970703,106.58997344970703
2019-01-29,106.72195434570312,105.59821319580078,105.59821319580078
2019-01-30,105.4072036743164,108.90753936767578,108.90753936767578
2019-01-31,108.90077209472656,107.0610122680664,107.0610122680664
2019-02-01,107.1476821899414,107.60978698730469,107.60978698730469
2019-02-02,107.46641540527344,110.43025970458984,110.43025970458984
2019-02-03,110.49031829833984,107.49266815185547,107.49266815185547
2019-02-04,107.62582397460938,107.82160186767578,107.82160186767578
2019-02-05,107.62816619873047,107.44351959228516,107.44351959228516
2019-02-06,107.56930541992188,104.9192886352539,104.9192886352539
2019-02-07,104.83577728271484,104.5353012084961,104.5353012084961
2019-02-08,104.64505004882812,119.26774597167969,119.26774597167969
2019-02-09,119.214111328125,119.4308853149414,119.4308853149414
2019-02-10,119.40896606445312,124.80648803710938,124.80648803710938
2019-02-11,124.87153625488281,121.29839324951172,121.29839324951172
2019-02-12,121.17857360839844,122.5722885131836,122.5722885131836
2019-02-13,122.5442886352539,122.55360412597656,122.55360412597656
2019-02-14,122.41698455810547,121.39020538330078,121.39020538330078
2019-02-15,121.45369720458984,122.10038757324219,122.10038757324219
2019-02-16,122.39645385742188,123.26021575927734,123.26021575927734
2019-02-17,123.18208312988281,133.598876953125,133.598876953125
2019-02-18,133.0325469970703,146.09837341308594,146.09837341308594
2019-02-19,146.39881896972656,145.34619140625,145.34619140625
2019-02-20,145.1727294921875,149.55433654785156,149.55433654785156
2019-02-21,149.35232543945312,146.13084411621094,146.13084411621094
2019-02-22,146.07325744628906,149.0924530029297,149.0924530029297
2019-02-23,148.67662048339844,158.79542541503906,158.79542541503906
2019-02-24,158.90240478515625,135.8526611328125,135.8526611328125
2019-02-25,135.49972534179688,139.82286071777344,139.82286071777344
2019-02-26,139.64608764648438,138.0896759033203,138.0896759033203
2019-02-27,138.02957153320312,136.12596130371094,136.12596130371094
2019-02-28,136.2830810546875,136.74624633789062,136.74624633789062
2019-03-01,136.83624267578125,136.44361877441406,136.44361877441406
2019-03-02,136.35008239746094,134.2069549560547,134.2069549560547
2019-03-03,134.78611755371094,132.24942016601562,132.24942016601562
2019-03-04,132.1578826904297,127.77412414550781,127.77412414550781
2019-03-05,127.79295349121094,137.8223876953125,137.8223876953125
2019-03-06,137.958740234375,138.7893524169922,138.7893524169922
2019-03-07,138.9423828125,138.0345001220703,138.0345001220703
2019-03-08,138.3113555908203,135.1270751953125,135.1270751953125
2019-03-09,134.88755798339844,137.96533203125,137.96533203125
2019-03-10,138.1804962158203,136.75868225097656,136.75868225097656
2019-03-11,136.8495330810547,133.8340301513672,133.8340301513672
2019-03-12,134.01284790039062,134.44288635253906,134.44288635253906
2019-03-13,134.6117706298828,133.26307678222656,133.26307678222656
2019-03-14,133.2039031982422,133.7115936279297,133.7115936279297
2019-03-15,133.56715393066406,137.69178771972656,137.69178771972656
2019-03-16,137.91195678710938,142.39817810058594,142.39817810058594
2019-03-17,142.23829650878906,140.00054931640625,140.00054931640625
2019-03-18,140.1048583984375,139.37460327148438,139.37460327148438
2019-03-19,139.25401306152344,140.51919555664062,140.51919555664062
2019-03-20,140.48471069335938,140.6863555908203,140.6863555908203
2019-03-21,140.47848510742188,136.6360626220703,136.6360626220703
2019-03-22,136.562255859375,137.1814422607422,137.1814422607422
2019-03-23,137.0398712158203,138.2398681640625,138.2398681640625
2019-03-24,138.3153533935547,136.98692321777344,136.98692321777344
2019-03-25,137.08135986328125,135.03102111816406,135.03102111816406
2019-03-26,135.0543212890625,135.46035766601562,135.46035766601562
2019-03-27,135.45436096191406,140.9881591796875,140.9881591796875
2019-03-28,141.00584411621094,139.41647338867188,139.41647338867188
2019-03-29,139.34320068359375,142.49742126464844,142.49742126464844
2019-03-30,142.35914611816406,142.09268188476562,142.09268188476562
2019-03-31,142.13922119140625,141.51409912109375,141.51409912109375
2019-04-01,141.46548461914062,141.830322265625,141.830322265625
2019-04-02,141.8395233154297,163.9617462158203,163.9617462158203
2019-04-03,164.00863647460938,161.45880126953125,161.45880126953125
2019-04-04,161.4317626953125,158.0525360107422,158.0525360107422
2019-04-05,158.02000427246094,165.5148468017578,165.5148468017578
2019-04-06,165.51124572753906,165.94720458984375,165.94720458984375
2019-04-07,165.9772491455078,174.53164672851562,174.53164672851562
2019-04-08,174.44967651367188,180.25881958007812,180.25881958007812
2019-04-09,180.2221221923828,176.1145782470703,176.1145782470703
2019-04-10,176.06784057617188,177.3374786376953,177.3374786376953
2019-04-11,177.34275817871094,165.4970245361328,165.4970245361328
2019-04-12,165.335205078125,164.736328125,164.736328125
2019-04-13,164.6228485107422,164.5133514404297,164.5133514404297
2019-04-14,164.47608947753906,167.83851623535156,167.83851623535156
2019-04-15,167.89747619628906,161.5741729736328,161.5741729736328
2019-04-16,161.52655029296875,167.62344360351562,167.62344360351562
2019-04-17,167.55369567871094,166.9507598876953,166.9507598876953
2019-04-18,166.9132080078125,173.81402587890625,173.81402587890625
2019-04-19,173.7878875732422,173.70843505859375,173.70843505859375
2019-04-20,173.71881103515625,173.7512664794922,173.7512664794922
2019-04-21,173.7154083251953,170.04652404785156,170.04652404785156
2019-04-22,170.01748657226562,171.87466430664062,171.87466430664062
2019-04-23,172.00721740722656,171.4477996826172,171.4477996826172
2019-04-24,171.3495330810547,165.8260955810547,165.8260955810547
2019-04-25,165.91473388671875,154.4593963623047,154.4593963623047
2019-04-26,154.57943725585938,156.3470916748047,156.3470916748047
2019-04-27,156.27085876464844,158.4349365234375,158.4349365234375
2019-04-28,158.49977111816406,157.29507446289062,157.29507446289062
2019-04-29,157.2910614013672,155.20199584960938,155.20199584960938
2019-04-30,155.1727752685547,162.16603088378906,162.16603088378906
2019-05-01,162.18655395507812,160.81834411621094,160.81834411621094
2019-05-02,160.85357666015625,162.12278747558594,162.12278747558594
2019-05-03,162.07516479492188,167.95240783691406,167.95240783691406
2019-05-04,167.88722229003906,164.02658081054688,164.02658081054688
2019-05-05,164.0152587890625,163.45069885253906,163.45069885253906
2019-05-06,163.33798217773438,172.65321350097656,172.65321350097656
2019-05-07,172.42727661132812,169.7986602783203,169.7986602783203
2019-05-08,169.90420532226562,170.9481658935547,170.9481658935547
2019-05-09,170.95187377929688,170.289306640625,170.289306640625
2019-05-10,170.31297302246094,173.1427459716797,173.1427459716797
2019-05-11,173.13931274414062,194.30433654785156,194.30433654785156
2019-05-12,194.16302490234375,187.3253173828125,187.3253173828125
2019-05-13,187.4179229736328,196.84628295898438,196.84628295898438
2019-05-14,196.73828125,217.14857482910156,217.14857482910156
2019-05-15,217.01011657714844,247.15306091308594,247.15306091308594
2019-05-16,246.94195556640625,264.010009765625,264.010009765625
2019-05-17,263.8483581542969,243.76458740234375,243.76458740234375
2019-05-18,243.9113006591797,234.59523010253906,234.59523010253906
2019-05-19,234.449462890625,261.2922058105469,261.2922058105469
2019-05-20,261.2674865722656,251.86441040039062,251.86441040039062
2019-05-21,251.64784240722656,255.21588134765625,255.21588134765625
2019-05-22,254.9953155517578,244.69891357421875,244.69891357421875
2019-05-23,244.6651153564453,245.96566772460938,245.96566772460938
2019-05-24,245.98709106445312,249.4849853515625,249.4849853515625
2019-05-25,249.6940460205078,251.75987243652344,251.75987243652344
2019-05-26,251.72479248046875,267.06964111328125,267.06964111328125
2019-05-27,267.1418762207031,272.8626403808594,272.8626403808594
2019-05-28,272.5904846191406,271.7687072753906,271.7687072753906
2019-05-29,271.779052734375,269.4556884765625,269.4556884765625
2019-05-30,269.5518798828125,255.85894775390625,255.85894775390625
2019-05-31,256.0152587890625,268.1135559082031,268.1135559082031
2019-06-01,268.433349609375,265.3912658691406,265.3912658691406
2019-06-02,265.5127258300781,270.22552490234375,270.22552490234375
2019-06-03,270.08856201171875,252.60792541503906,252.60792541503906
2019-06-04,252.5116424560547,241.3387908935547,241.3387908935547
2019-06-05,241.49703979492188,247.05101013183594,247.05101013183594
2019-06-06,246.9252471923828,249.47433471679688,249.47433471679688
2019-06-07,249.3352813720703,250.93035888671875,250.93035888671875
2019-06-08,251.2493133544922,245.73809814453125,245.73809814453125
2019-06-09,245.5404815673828,233.08670043945312,233.08670043945312
2019-06-10,232.83013916015625,247.52012634277344,247.52012634277344
2019-06-11,247.86212158203125,245.78182983398438,245.78182983398438
2019-06-12,245.9254913330078,260.9032897949219,260.9032897949219
2019-06-13,260.91351318359375,256.1687927246094,256.1687927246094
2019-06-14,256.1796569824219,264.08746337890625,264.08746337890625
2019-06-15,263.93414306640625,269.0193176269531,269.0193176269531
2019-06-16,268.9011535644531,269.22320556640625,269.22320556640625
2019-06-17,269.090576171875,274.3511047363281,274.3511047363281
2019-06-18,274.32025146484375,265.0518493652344,265.0518493652344
2019-06-19,265.0568542480469,269.4317932128906,269.4317932128906
2019-06-20,269.4078674316406,271.69500732421875,271.69500732421875
2019-06-21,271.74310302734375,294.9102783203125,294.9102783203125
2019-06-22,295.1150817871094,309.38031005859375,309.38031005859375
2019-06-23,309.41668701171875,307.8277893066406,307.8277893066406
2019-06-24,307.7221374511719,310.4246826171875,310.4246826171875
2019-06-25,310.6786193847656,318.1263122558594,318.1263122558594
2019-06-26,317.9925842285156,336.753173828125,336.753173828125
2019-06-27,336.95989990234375,294.26763916015625,294.26763916015625
2019-06-28,294.1430358886719,311.2261047363281,311.2261047363281
2019-06-29,311.284423828125,320.05889892578125,320.05889892578125
2019-06-30,319.58404541015625,290.69598388671875,290.69598388671875
2019-07-01,290.26849365234375,293.64111328125,293.64111328125
2019-07-02,293.5372619628906,291.596435546875,291.596435546875
2019-07-03,291.7646179199219,303.0999755859375,303.0999755859375
2019-07-04,303.02508544921875,284.5232238769531,284.5232238769531
2019-07-05,284.38092041015625,287.9975280761719,287.9975280761719
2019-07-06,287.8938293457031,287.547119140625,287.547119140625
2019-07-07,287.6036071777344,305.7005615234375,305.7005615234375
2019-07-08,305.7347717285156,313.25140380859375,313.25140380859375
2019-07-09,313.3251647949219,308.8810119628906,308.8810119628906
2019-07-10,308.8512878417969,290.0023193359375,290.0023193359375
2019-07-11,289.94598388671875,268.70404052734375,268.70404052734375
2019-07-12,268.6922607421875,276.2767028808594,276.2767028808594
2019-07-13,276.28912353515625,269.45880126953125,269.45880126953125
2019-07-14,269.2816162109375,227.57806396484375,227.57806396484375
2019-07-15,227.96505737304688,229.7760009765625,229.7760009765625
2019-07-16,229.7486572265625,199.1886749267578,199.1886749267578
2019-07-17,199.06678771972656,211.48497009277344,211.48497009277344
2019-07-18,211.44461059570312,226.566162109375,226.566162109375
2019-07-19,226.65769958496094,221.3334197998047,221.3334197998047
2019-07-20,221.41265869140625,229.1192169189453,229.1192169189453
2019-07-21,229.16769409179688,225.63076782226562,225.63076782226562
2019-07-22,225.6986541748047,217.5600128173828,217.5600128173828
2019-07-23,217.56846618652344,212.728515625,212.728515625
2019-07-24,212.55381774902344,217.04637145996094,217.04637145996094
2019-07-25,216.9691162109375,219.6179962158203,219.6179962158203
2019-07-26,219.6281280517578,219.62960815429688,219.62960815429688
2019-07-27,219.6176300048828,207.40830993652344,207.40830993652344
2019-07-28,207.4137725830078,211.18655395507812,211.18655395507812
2019-07-29,211.1236572265625,211.26805114746094,211.26805114746094
2019-07-30,211.33920288085938,210.52259826660156,210.52259826660156
2019-07-31,210.49241638183594,218.65414428710938,218.65414428710938
2019-08-01,218.55459594726562,217.80844116210938,217.80844116210938
2019-08-02,217.88446044921875,217.87156677246094,217.87156677246094
2019-08-03,217.8955535888672,222.49034118652344,222.49034118652344
2019-08-04,222.580810546875,222.6697235107422,222.6697235107422
2019-08-05,222.65087890625,234.21502685546875,234.21502685546875
2019-08-06,234.24559020996094,226.02064514160156,226.02064514160156
2019-08-07,225.92529296875,226.39100646972656,226.39100646972656
2019-08-08,226.5184783935547,220.94186401367188,220.94186401367188
2019-08-09,220.9086456298828,210.48890686035156,210.48890686035156
2019-08-10,210.53016662597656,206.73353576660156,206.73353576660156
2019-08-11,206.73223876953125,216.09286499023438,216.09286499023438
2019-08-12,216.055908203125,211.28807067871094,211.28807067871094
2019-08-13,211.3426971435547,208.70904541015625,208.70904541015625
2019-08-14,208.60398864746094,186.6077423095703,186.6077423095703
2019-08-15,186.68350219726562,188.50205993652344,188.50205993652344
2019-08-16,188.64425659179688,185.44007873535156,185.44007873535156
2019-08-17,185.5316619873047,185.68768310546875,185.68768310546875
2019-08-18,185.84109497070312,194.4935302734375,194.4935302734375
2019-08-19,194.5560302734375,203.09193420410156,203.09193420410156
2019-08-20,202.81314086914062,196.56541442871094,196.56541442871094
2019-08-21,196.62168884277344,186.89163208007812,186.89163208007812
2019-08-22,186.9412384033203,191.33291625976562,191.33291625976562
2019-08-23,191.10687255859375,194.70620727539062,194.70620727539062
2019-08-24,194.671630859375,191.28956604003906,191.28956604003906
2019-08-25,191.2347869873047,186.84239196777344,186.84239196777344
2019-08-26,186.7355499267578,188.92938232421875,188.92938232421875
2019-08-27,188.95005798339844,187.51666259765625,187.51666259765625
2019-08-28,187.49549865722656,173.8899688720703,173.8899688720703
2019-08-29,173.9586944580078,169.51673889160156,169.51673889160156
2019-08-30,169.48928833007812,168.83486938476562,168.83486938476562
2019-08-31,168.8878936767578,172.46978759765625,172.46978759765625
2019-09-01,172.45840454101562,171.62942504882812,171.62942504882812
2019-09-02,171.69760131835938,178.34735107421875,178.34735107421875
2019-09-03,178.35775756835938,179.49932861328125,179.49932861328125
2019-09-04,179.4919891357422,175.99288940429688,175.99288940429688
2019-09-05,175.96627807617188,174.21713256835938,174.21713256835938
2019-09-06,174.17222595214844,169.9561767578125,169.9561767578125
2019-09-07,169.9552764892578,178.2626190185547,178.2626190185547
2019-09-08,178.2825927734375,181.35552978515625,181.35552978515625
2019-09-09,181.36248779296875,181.1494598388672,181.1494598388672
2019-09-10,181.2128448486328,179.78717041015625,179.78717041015625
2019-09-11,179.83949279785156,178.72549438476562,178.72549438476562
2019-09-12,178.80377197265625,181.01609802246094,181.01609802246094
2019-09-13,180.9755859375,181.10972595214844,181.10972595214844
2019-09-14,181.3215789794922,188.1055145263672,188.1055145263672
2019-09-15,188.0684356689453,189.78912353515625,189.78912353515625
2019-09-16,189.6893310546875,197.11317443847656,197.11317443847656
2019-09-17,197.11476135253906,208.60874938964844,208.60874938964844
2019-09-18,208.05059814453125,211.39303588867188,211.39303588867188
2019-09-19,211.2472381591797,221.28085327148438,221.28085327148438
2019-09-20,221.0696258544922,218.050048828125,218.050048828125
2019-09-21,217.8973846435547,215.51620483398438,215.51620483398438
2019-09-22,215.48655700683594,211.54537963867188,211.54537963867188
2019-09-23,211.7132110595703,201.9213104248047,201.9213104248047
2019-09-24,201.8420867919922,168.11073303222656,168.11073303222656
2019-09-25,168.13357543945312,170.8927001953125,170.8927001953125
2019-09-26,170.7569122314453,166.7271270751953,166.7271270751953
2019-09-27,166.65170288085938,174.71099853515625,174.71099853515625
2019-09-28,174.6808319091797,174.57289123535156,174.57289123535156
2019-09-29,174.6127471923828,170.50347900390625,170.50347900390625
2019-09-30,170.4613494873047,179.87220764160156,179.87220764160156
2019-10-01,180.20912170410156,177.34042358398438,177.34042358398438
2019-10-02,177.22406005859375,180.71051025390625,180.71051025390625
2019-10-03,180.70370483398438,175.1993408203125,175.1993408203125
2019-10-04,175.23843383789062,176.98500061035156,176.98500061035156
2019-10-05,176.94631958007812,176.3515167236328,176.3515167236328
2019-10-06,176.3643798828125,173.05914306640625,173.05914306640625
2019-10-07,172.94033813476562,181.18634033203125,181.18634033203125
2019-10-08,181.1133575439453,182.0215606689453,182.0215606689453
2019-10-09,182.0363006591797,193.2932586669922,193.2932586669922
2019-10-10,193.19107055664062,191.65966796875,191.65966796875
2019-10-11,191.8010711669922,182.56968688964844,182.56968688964844
2019-10-12,182.53402709960938,180.82664489746094,180.82664489746094
2019-10-13,180.86131286621094,182.0751495361328,182.0751495361328
2019-10-14,182.02847290039062,186.96090698242188,186.96090698242188
2019-10-15,186.97705078125,181.40606689453125,181.40606689453125
2019-10-16,181.34373474121094,176.0135040283203,176.0135040283203
2019-10-17,175.90689086914062,178.02835083007812,178.02835083007812
2019-10-18,177.98855590820312,173.621337890625,173.621337890625
2019-10-19,173.64944458007812,172.91302490234375,172.91302490234375
2019-10-20,172.97476196289062,175.5343780517578,175.5343780517578
2019-10-21,175.52474975585938,174.92098999023438,174.92098999023438
2019-10-22,174.90505981445312,172.3008575439453,172.3008575439453
2019-10-23,172.26280212402344,162.4027862548828,162.4027862548828
2019-10-24,162.5141143798828,162.16854858398438,162.16854858398438
2019-10-25,162.18971252441406,181.52320861816406,181.52320861816406
2019-10-26,181.6670684814453,179.83547973632812,179.83547973632812
2019-10-27,179.93263244628906,184.24221801757812,184.24221801757812
2019-10-28,184.3975067138672,182.66281127929688,182.66281127929688
2019-10-29,182.67037963867188,190.3425750732422,190.3425750732422
2019-10-30,190.33639526367188,184.69216918945312,184.69216918945312
2019-10-31,184.79762268066406,183.9669189453125,183.9669189453125
2019-11-01,183.80369567871094,183.9698944091797,183.9698944091797
2019-11-02,184.01815795898438,183.92572021484375,183.92572021484375
2019-11-03,183.9948272705078,182.42501831054688,182.42501831054688
2019-11-04,182.31903076171875,186.35519409179688,186.35519409179688
2019-11-05,186.30931091308594,189.30416870117188,189.30416870117188
2019-11-06,189.11349487304688,191.59384155273438,191.59384155273438
2019-11-07,191.50430297851562,187.97654724121094,187.97654724121094
2019-11-08,187.9242706298828,184.2114715576172,184.2114715576172
2019-11-09,184.3117218017578,185.02871704101562,185.02871704101562
2019-11-10,184.943359375,189.47727966308594,189.47727966308594
2019-11-11,189.5029296875,185.48963928222656,185.48963928222656
2019-11-12,185.56483459472656,186.84341430664062,186.84341430664062
2019-11-13,186.94244384765625,188.2587432861328,188.2587432861328
2019-11-14,188.2725067138672,185.9996337890625,185.9996337890625
2019-11-15,186.05816650390625,180.52117919921875,180.52117919921875
2019-11-16,180.4990997314453,183.34835815429688,183.34835815429688
2019-11-17,183.350830078125,185.11923217773438,185.11923217773438
2019-11-18,185.0414581298828,180.55960083007812,180.55960083007812
2019-11-19,180.50245666503906,177.45555114746094,177.45555114746094
2019-11-20,177.415283203125,175.69834899902344,175.69834899902344
2019-11-21,175.67359924316406,161.4627227783203,161.4627227783203
2019-11-22,161.50588989257812,150.26817321777344,150.26817321777344
2019-11-23,150.21221923828125,153.41778564453125,153.41778564453125
2019-11-24,153.43052673339844,142.83470153808594,142.83470153808594
2019-11-25,142.69700622558594,146.47653198242188,146.47653198242188
2019-11-26,146.40431213378906,148.96507263183594,148.96507263183594
2019-11-27,148.39682006835938,153.01055908203125,153.01055908203125
2019-11-28,153.06924438476562,151.7175750732422,151.7175750732422
2019-11-29,151.7686004638672,155.3041534423828,155.3041534423828
2019-11-30,155.28640747070312,152.53968811035156,152.53968811035156
2019-12-01,152.49192810058594,151.18572998046875,151.18572998046875
2019-12-02,151.17547607421875,149.0591583251953,149.0591583251953
2019-12-03,149.05824279785156,147.9564208984375,147.9564208984375
2019-12-04,147.9183807373047,146.74774169921875,146.74774169921875
2019-12-05,146.68649291992188,149.24899291992188,149.24899291992188
2019-12-06,149.396484375,149.19444274902344,149.19444274902344
2019-12-07,149.19760131835938,148.76815795898438,148.76815795898438
2019-12-08,148.74368286132812,151.2647247314453,151.2647247314453
2019-12-09,151.22439575195312,148.2251739501953,148.2251739501953
2019-12-10,148.1798553466797,146.2670440673828,146.2670440673828
2019-12-11,146.32064819335938,143.60800170898438,143.60800170898438
2019-12-12,143.61566162109375,145.60400390625,145.60400390625
2019-12-13,145.6556854248047,144.9447479248047,144.9447479248047
2019-12-14,144.9534149169922,142.86923217773438,142.86923217773438
2019-12-15,142.864990234375,143.114990234375,143.114990234375
2019-12-16,143.1395263671875,133.61402893066406,133.61402893066406
2019-12-17,133.64718627929688,122.60388946533203,122.60388946533203
2019-12-18,122.6568374633789,133.09219360351562,133.09219360351562
2019-12-19,133.0527801513672,129.32113647460938,129.32113647460938
2019-12-20,129.38436889648438,129.06605529785156,129.06605529785156
2019-12-21,129.09596252441406,128.13095092773438,128.13095092773438
2019-12-22,128.09812927246094,132.3725128173828,132.3725128173828
2019-12-23,132.30699157714844,128.6140899658203,128.6140899658203
2019-12-24,128.62925720214844,129.0638885498047,129.0638885498047
2019-12-25,129.06849670410156,126.45463562011719,126.45463562011719
2019-12-26,126.486328125,126.36122131347656,126.36122131347656
2019-12-27,126.3687973022461,127.21460723876953,127.21460723876953
2019-12-28,127.2130126953125,128.3227081298828,128.3227081298828
2019-12-29,128.26687622070312,134.7579803466797,134.7579803466797
2019-12-30,134.79652404785156,132.63348388671875,132.63348388671875
2019-12-31,132.61227416992188,129.61085510253906,129.61085510253906
2020-01-01,129.6306610107422,130.802001953125,130.802001953125
2020-01-02,130.82003784179688,127.4101791381836,127.4101791381836
2020-01-03,127.41126251220703,134.1717071533203,134.1717071533203
2020-01-04,134.16851806640625,135.06936645507812,135.06936645507812
2020-01-05,135.0720977783203,136.2767791748047,136.2767791748047
2020-01-06,136.3055419921875,144.3041534423828,144.3041534423828
2020-01-07,144.31199645996094,143.5439910888672,143.5439910888672
2020-01-08,143.48782348632812,141.2581329345703,141.2581329345703
2020-01-09,141.15577697753906,138.9792022705078,138.9792022705078
2020-01-10,138.967041015625,143.96377563476562,143.96377563476562
2020-01-11,143.4091033935547,142.92710876464844,142.92710876464844
2020-01-12,143.0325469970703,145.87393188476562,145.87393188476562
2020-01-13,146.2201385498047,144.22659301757812,144.22659301757812
2020-01-14,144.2510528564453,165.95535278320312,165.95535278320312
2020-01-15,165.734619140625,166.23068237304688,166.23068237304688
2020-01-16,166.33282470703125,164.39100646972656,164.39100646972656
2020-01-17,164.4893798828125,170.7799530029297,170.7799530029297
2020-01-18,170.7477264404297,175.3656768798828,175.3656768798828
2020-01-19,175.46759033203125,166.9698486328125,166.9698486328125
2020-01-20,166.9041290283203,167.12051391601562,167.12051391601562
2020-01-21,167.0604705810547,169.69715881347656,169.69715881347656
2020-01-22,169.60853576660156,168.29415893554688,168.29415893554688
2020-01-23,168.2957000732422,162.92855834960938,162.92855834960938
2020-01-24,162.8993682861328,163.05117797851562,163.05117797851562
2020-01-25,163.06729125976562,161.283935546875,161.283935546875
2020-01-26,161.17681884765625,168.0771026611328,168.0771026611328
2020-01-27,168.00885009765625,170.93089294433594,170.93089294433594
2020-01-28,170.88485717773438,176.3703155517578,176.3703155517578
2020-01-29,176.34788513183594,175.0503387451172,175.0503387451172
2020-01-30,174.91770935058594,184.6904754638672,184.6904754638672
2020-01-31,184.73690795898438,180.16017150878906,180.16017150878906
2020-02-01,180.11376953125,183.6739501953125,183.6739501953125
2020-02-02,183.53250122070312,188.61753845214844,188.61753845214844
2020-02-03,188.60740661621094,189.8650665283203,189.8650665283203
2020-02-04,189.86172485351562,189.25059509277344,189.25059509277344
2020-02-05,189.29910278320312,204.23023986816406,204.23023986816406
2020-02-06,204.12969970703125,212.33908081054688,212.33908081054688
2020-02-07,212.31588745117188,222.72605895996094,222.72605895996094
2020-02-08,222.51097106933594,223.14651489257812,223.14651489257812
2020-02-09,222.98223876953125,228.5785675048828,228.5785675048828
2020-02-10,228.54913330078125,223.522705078125,223.522705078125
2020-02-11,223.3849334716797,235.8511962890625,235.8511962890625
2020-02-12,235.89822387695312,265.4061279296875,265.4061279296875
2020-02-13,265.0527038574219,268.0992431640625,268.0992431640625
2020-02-14,268.0232849121094,284.2174987792969,284.2174987792969
2020-02-15,284.5613098144531,264.72857666015625,264.72857666015625
2020-02-16,264.904052734375,259.89471435546875,259.89471435546875
2020-02-17,259.89056396484375,266.3634338378906,266.3634338378906
2020-02-18,266.5088195800781,281.944580078125,281.944580078125
2020-02-19,282.0362854003906,259.76397705078125,259.76397705078125
2020-02-20,259.8198547363281,257.949462890625,257.949462890625
2020-02-21,257.89111328125,265.6006164550781,265.6006164550781
2020-02-22,265.55157470703125,262.33172607421875,262.33172607421875
2020-02-23,262.2784118652344,273.754150390625,273.754150390625
2020-02-24,273.705078125,265.2164306640625,265.2164306640625
2020-02-25,265.28338623046875,247.81759643554688,247.81759643554688
2020-02-26,247.74020385742188,225.68026733398438,225.68026733398438
2020-02-27,225.68704223632812,226.75338745117188,226.75338745117188
2020-02-28,226.98760986328125,226.760498046875,226.760498046875
2020-02-29,226.8334503173828,219.8485107421875,219.8485107421875
2020-03-01,219.752685546875,218.97059631347656,218.97059631347656
2020-03-02,218.7116241455078,230.5697784423828,230.5697784423828
2020-03-03,230.5239715576172,224.47962951660156,224.47962951660156
2020-03-04,224.56533813476562,224.51797485351562,224.51797485351562
2020-03-05,224.6418914794922,229.2681884765625,229.2681884765625
2020-03-06,229.16842651367188,243.52529907226562,243.52529907226562
2020-03-07,243.7501983642578,237.85308837890625,237.85308837890625
2020-03-08,237.7806854248047,200.68905639648438,200.68905639648438
2020-03-09,201.31849670410156,201.986328125,201.986328125
2020-03-10,202.86395263671875,200.76724243164062,200.76724243164062
2020-03-11,200.76803588867188,194.8685302734375,194.8685302734375
2020-03-12,194.73892211914062,112.34712219238281,112.34712219238281
2020-03-13,112.68999481201172,133.20181274414062,133.20181274414062
2020-03-14,133.5824737548828,123.30602264404297,123.30602264404297
2020-03-15,123.24606323242188,125.21430206298828,125.21430206298828
2020-03-16,124.9961166381836,110.60587310791016,110.60587310791016
2020-03-17,110.40678405761719,113.9427490234375,113.9427490234375
2020-03-18,113.8576431274414,114.84226989746094,114.84226989746094
2020-03-19,114.83982849121094,136.59385681152344,136.59385681152344
2020-03-20,136.64927673339844,132.73716735839844,132.73716735839844
2020-03-21,133.1017608642578,132.81871032714844,132.81871032714844
2020-03-22,132.85113525390625,123.32115173339844,123.32115173339844
2020-03-23,123.36598205566406,134.91160583496094,134.91160583496094
2020-03-24,135.1941375732422,138.76144409179688,138.76144409179688
2020-03-25,138.9149627685547,136.19589233398438,136.19589233398438
2020-03-26,136.190673828125,138.36155700683594,138.36155700683594
2020-03-27,138.36993408203125,133.9379425048828,133.9379425048828
2020-03-28,134.03274536132812,130.9864959716797,130.9864959716797
2020-03-29,131.0153350830078,125.58373260498047,125.58373260498047
2020-03-30,125.57789611816406,132.904541015625,132.904541015625
2020-03-31,132.8209228515625,133.59356689453125,133.59356689453125
2020-04-01,133.61231994628906,135.63455200195312,135.63455200195312
2020-04-02,135.732177734375,142.02914428710938,142.02914428710938
2020-04-03,142.11045837402344,142.09130859375,142.09130859375
2020-04-04,142.21517944335938,145.21939086914062,145.21939086914062
2020-04-05,145.26101684570312,143.54664611816406,143.54664611816406
2020-04-06,143.60821533203125,169.13587951660156,169.13587951660156
2020-04-07,169.14744567871094,165.10194396972656,165.10194396972656
2020-04-08,165.24032592773438,172.64173889160156,172.64173889160156
2020-04-09,172.76126098632812,170.80714416503906,170.80714416503906
2020-04-10,170.8292694091797,158.41244506835938,158.41244506835938
2020-04-11,158.5389862060547,158.2160186767578,158.2160186767578
2020-04-12,158.23239135742188,161.14242553710938,161.14242553710938
2020-04-13,160.72067260742188,156.27955627441406,156.27955627441406
2020-04-14,156.35595703125,157.5963897705078,157.5963897705078
2020-04-15,157.56564331054688,153.28689575195312,153.28689575195312
2020-04-16,153.20042419433594,172.15737915039062,172.15737915039062
2020-04-17,172.2794189453125,171.63858032226562,171.63858032226562
2020-04-18,171.61807250976562,186.91400146484375,186.91400146484375
2020-04-19,186.8619842529297,181.61495971679688,181.61495971679688
2020-04-20,181.480224609375,172.2971649169922,172.2971649169922
2020-04-21,172.01771545410156,172.73770141601562,172.73770141601562
2020-04-22,172.67039489746094,182.59957885742188,182.59957885742188
2020-04-23,182.62017822265625,185.02867126464844,185.02867126464844
2020-04-24,185.22210693359375,189.2369384765625,189.2369384765625
2020-04-25,189.2073974609375,195.5153045654297,195.5153045654297
2020-04-26,195.41358947753906,197.31753540039062,197.31753540039062
2020-04-27,197.47572326660156,197.22471618652344,197.22471618652344
2020-04-28,197.2735137939453,198.41539001464844,198.41539001464844
2020-04-29,198.46519470214844,216.96823120117188,216.96823120117188
2020-04-30,216.9091339111328,207.60205078125,207.60205078125
2020-05-01,207.9017333984375,214.21910095214844,214.21910095214844
2020-05-02,214.23008728027344,215.32537841796875,215.32537841796875
2020-05-03,215.35206604003906,210.9331512451172,210.9331512451172
2020-05-04,210.89085388183594,208.17401123046875,208.17401123046875
2020-05-05,208.01300048828125,206.77439880371094,206.77439880371094
2020-05-06,206.48135375976562,204.0557861328125,204.0557861328125
2020-05-07,203.91285705566406,212.28941345214844,212.28941345214844
2020-05-08,212.1982421875,212.9915771484375,212.9915771484375
2020-05-09,213.1421661376953,211.60012817382812,211.60012817382812
2020-05-10,211.5522003173828,188.5995635986328,188.5995635986328
2020-05-11,188.63218688964844,185.912841796875,185.912841796875
2020-05-12,185.87733459472656,189.3125,189.3125
2020-05-13,189.3740997314453,199.1932830810547,199.1932830810547
2020-05-14,198.89151000976562,202.9490966796875,202.9490966796875
2020-05-15,202.9553985595703,195.62266540527344,195.62266540527344
2020-05-16,195.61338806152344,200.6771240234375,200.6771240234375
2020-05-17,200.60887145996094,207.15869140625,207.15869140625
2020-05-18,207.17977905273438,214.52505493164062,214.52505493164062
2020-05-19,214.6049346923828,213.45111083984375,213.45111083984375
2020-05-20,213.4462432861328,210.09674072265625,210.09674072265625
2020-05-21,210.129150390625,199.88360595703125,199.88360595703125
2020-05-22,199.8371124267578,207.169189453125,207.169189453125
2020-05-23,207.19448852539062,208.69439697265625,208.69439697265625
2020-05-24,208.716064453125,202.37034606933594,202.37034606933594
2020-05-25,201.98265075683594,205.3197479248047,205.3197479248047
2020-05-26,205.2595672607422,201.90231323242188,201.90231323242188
2020-05-27,201.89300537109375,208.86343383789062,208.86343383789062
2020-05-28,208.88543701171875,219.84042358398438,219.84042358398438
2020-05-29,219.925048828125,220.6751251220703,220.6751251220703
2020-05-30,220.7172088623047,242.34559631347656,242.34559631347656
2020-05-31,242.35137939453125,230.9757080078125,230.9757080078125
2020-06-01,230.86026000976562,246.99176025390625,246.99176025390625
2020-06-02,246.82818603515625,237.21905517578125,237.21905517578125
2020-06-03,237.3952178955078,244.1793212890625,244.1793212890625
2020-06-04,244.10528564453125,244.4263916015625,244.4263916015625
2020-06-05,244.34959411621094,241.22198486328125,241.22198486328125
2020-06-06,241.20135498046875,241.9313201904297,241.9313201904297
2020-06-07,241.9080810546875,245.16725158691406,245.16725158691406
2020-06-08,245.17857360839844,246.30990600585938,246.30990600585938
2020-06-09,246.17501831054688,244.9114532470703,244.9114532470703
2020-06-10,244.8220672607422,247.4449462890625,247.4449462890625
2020-06-11,247.5485382080078,231.70266723632812,231.70266723632812
2020-06-12,231.62545776367188,237.4932098388672,237.4932098388672
2020-06-13,237.54461669921875,238.90884399414062,238.90884399414062
2020-06-14,238.9681854248047,234.1147003173828,234.1147003173828
2020-06-15,234.0583038330078,229.9289093017578,229.9289093017578
2020-06-16,229.76229858398438,234.41616821289062,234.41616821289062
2020-06-17,234.49237060546875,233.0282745361328,233.0282745361328
2020-06-18,232.89869689941406,232.10116577148438,232.10116577148438
2020-06-19,231.95497131347656,227.13829040527344,227.13829040527344
2020-06-20,226.9763641357422,229.27426147460938,229.27426147460938
2020-06-21,229.2161407470703,228.9898223876953,228.9898223876953
2020-06-22,229.0033721923828,242.53318786621094,242.53318786621094
2020-06-23,242.53701782226562,244.14215087890625,244.14215087890625
2020-06-24,244.18592834472656,235.7724609375,235.7724609375
2020-06-25,235.70285034179688,232.94448852539062,232.94448852539062
2020-06-26,232.8774871826172,229.6680450439453,229.6680450439453
2020-06-27,229.63148498535156,222.9597930908203,222.9597930908203
2020-06-28,222.91448974609375,225.34716796875,225.34716796875
2020-06-29,225.36143493652344,228.1948699951172,228.1948699951172
2020-06-30,227.9684295654297,226.31500244140625,226.31500244140625
2020-07-01,226.13458251953125,231.11341857910156,231.11341857910156
2020-07-02,231.28890991210938,229.39219665527344,229.39219665527344
2020-07-03,229.31895446777344,225.38706970214844,225.38706970214844
2020-07-04,225.28848266601562,229.07411193847656,229.07411193847656
2020-07-05,228.9761962890625,227.6645965576172,227.6645965576172
2020-07-06,227.6850128173828,241.51022338867188,241.51022338867188
2020-07-07,240.97259521484375,239.07553100585938,239.07553100585938
2020-07-08,239.15997314453125,246.67001342773438,246.67001342773438
2020-07-09,246.748291015625,243.01596069335938,243.01596069335938
2020-07-10,242.86801147460938,240.9849853515625,240.9849853515625
2020-07-11,241.04478454589844,239.4581756591797,239.4581756591797
2020-07-12,239.4596405029297,242.13169860839844,242.13169860839844
2020-07-13,242.18186950683594,239.60458374023438,239.60458374023438
2020-07-14,239.97561645507812,240.21148681640625,240.21148681640625
2020-07-15,240.14364624023438,238.42352294921875,238.42352294921875
2020-07-16,238.45091247558594,233.64088439941406,233.64088439941406
2020-07-17,233.69139099121094,232.77308654785156,232.77308654785156
2020-07-18,232.85568237304688,235.4838104248047,235.4838104248047
2020-07-19,235.4582977294922,238.48751831054688,238.48751831054688
2020-07-20,238.494873046875,236.15316772460938,236.15316772460938
2020-07-21,236.30250549316406,245.0167236328125,245.0167236328125
2020-07-22,245.03726196289062,262.1906433105469,262.1906433105469
2020-07-23,262.3886413574219,274.6890563964844,274.6890563964844
2020-07-24,274.7226867675781,279.2154235839844,279.2154235839844
2020-07-25,279.0263671875,304.0567626953125,304.0567626953125
2020-07-26,303.6923828125,309.64361572265625,309.64361572265625
2020-07-27,309.6579284667969,321.51409912109375,321.51409912109375
2020-07-28,321.8297424316406,316.6572570800781,316.6572570800781
2020-07-29,316.55535888671875,318.1908874511719,318.1908874511719
2020-07-30,318.1449890136719,334.5866394042969,334.5866394042969
2020-07-31,334.63372802734375,345.5546569824219,345.5546569824219
2020-08-01,345.7986145019531,385.19970703125,385.19970703125
2020-08-02,385.54986572265625,370.6717224121094,370.6717224121094
2020-08-03,371.13385009765625,386.295166015625,386.295166015625
2020-08-04,386.1564636230469,389.87548828125,389.87548828125
2020-08-05,389.7108154296875,401.590576171875,401.590576171875
2020-08-06,401.5838623046875,394.9619445800781,394.9619445800781
2020-08-07,395.22686767578125,379.5128479003906,379.5128479003906
2020-08-08,379.55157470703125,393.98736572265625,393.98736572265625
2020-08-09,395.30523681640625,391.1204528808594,391.1204528808594
2020-08-10,391.04150390625,395.8875732421875,395.8875732421875
2020-08-11,395.89471435546875,380.3840637207031,380.3840637207031
2020-08-12,380.0638122558594,391.024169921875,391.024169921875
2020-08-13,390.8381042480469,428.7417907714844,428.7417907714844
2020-08-14,428.6772766113281,437.3978271484375,437.3978271484375
2020-08-15,437.56298828125,433.35491943359375,433.35491943359375
2020-08-16,433.3505859375,433.78662109375,433.78662109375
2020-08-17,433.9737548828125,429.53125,429.53125
2020-08-18,429.66961669921875,423.6693115234375,423.6693115234375
2020-08-19,423.73858642578125,406.4637756347656,406.4637756347656
2020-08-20,406.7589111328125,416.4397888183594,416.4397888183594
2020-08-21,416.1487731933594,389.1263427734375,389.1263427734375
2020-08-22,389.0310974121094,395.83514404296875,395.83514404296875
2020-08-23,395.5628356933594,391.3844909667969,391.3844909667969
2020-08-24,391.6789855957031,408.1441955566406,408.1441955566406
2020-08-25,408.0716857910156,384.00103759765625,384.00103759765625
2020-08-26,383.9774475097656,386.46612548828125,386.46612548828125
2020-08-27,386.60986328125,382.63262939453125,382.63262939453125
2020-08-28,382.62957763671875,395.8746643066406,395.8746643066406
2020-08-29,395.6875915527344,399.9214782714844,399.9214782714844
2020-08-30,399.61669921875,428.3957214355469,428.3957214355469
2020-08-31,428.5090026855469,435.0797424316406,435.0797424316406
2020-09-01,434.87445068359375,477.0519104003906,477.0519104003906
2020-09-02,477.00787353515625,440.0404968261719,440.0404968261719
2020-09-03,440.239990234375,385.67193603515625,385.67193603515625
2020-09-04,384.671630859375,388.24114990234375,388.24114990234375
2020-09-05,388.03839111328125,335.26007080078125,335.26007080078125
2020-09-06,335.3345642089844,353.3622741699219,353.3622741699219
2020-09-07,353.45025634765625,352.6734924316406,352.6734924316406
2020-09-08,353.2022705078125,337.60211181640625,337.60211181640625
2020-09-09,337.8249206542969,351.1100158691406,351.1100158691406
2020-09-10,351.4293212890625,368.1018981933594,368.1018981933594
2020-09-11,368.1184997558594,374.6955871582031,374.6955871582031
2020-09-12,374.59539794921875,387.18310546875,387.18310546875
2020-09-13,387.519287109375,365.57000732421875,365.57000732421875
2020-09-14,365.6995849609375,377.26885986328125,377.26885986328125
2020-09-15,377.1540222167969,364.8392028808594,364.8392028808594
2020-09-16,364.7439880371094,365.8122863769531,365.8122863769531
2020-09-17,365.86578369140625,389.01922607421875,389.01922607421875
2020-09-18,389.3374938964844,384.3645324707031,384.3645324707031
2020-09-19,384.0416564941406,385.54437255859375,385.54437255859375
2020-09-20,385.5979919433594,371.0528259277344,371.0528259277344
2020-09-21,371.400146484375,341.78607177734375,341.78607177734375
2020-09-22,341.72381591796875,344.503173828125,344.503173828125
2020-09-23,344.58990478515625,321.1163024902344,321.1163024902344
2020-09-24,320.9850158691406,349.3555908203125,349.3555908203125
2020-09-25,349.41143798828125,352.1832580566406,352.1832580566406
2020-09-26,352.35089111328125,355.48809814453125,355.48809814453125
2020-09-27,354.95989990234375,357.4385070800781,357.4385070800781
2020-09-28,357.9259338378906,355.159423828125,355.159423828125
2020-09-29,354.3630065917969,359.75738525390625,359.75738525390625
2020-09-30,360.03851318359375,359.9378662109375,359.9378662109375
2020-10-01,360.30914306640625,353.2059020996094,353.2059020996094
2020-10-02,352.9496765136719,346.2389221191406,346.2389221191406
2020-10-03,346.2186279296875,346.5220947265625,346.5220947265625
2020-10-04,346.60223388671875,352.5790100097656,352.5790100097656
2020-10-05,352.73681640625,353.956787109375,353.956787109375
2020-10-06,353.95648193359375,340.81585693359375,340.81585693359375
2020-10-07,340.9430847167969,341.80865478515625,341.80865478515625
2020-10-08,342.0446472167969,350.7661437988281,350.7661437988281
2020-10-09,351.1128845214844,365.5904846191406,365.5904846191406
2020-10-10,365.4024658203125,370.96759033203125,370.96759033203125
2020-10-11,370.9284362792969,375.1420593261719,375.1420593261719
2020-10-12,374.7987365722656,387.73126220703125,387.73126220703125
2020-10-13,387.1429443359375,381.1907653808594,381.1907653808594
2020-10-14,381.9714660644531,379.4840393066406,379.4840393066406
2020-10-15,379.1922302246094,377.44183349609375,377.44183349609375
2020-10-16,377.8684997558594,366.22900390625,366.22900390625
2020-10-17,366.0157165527344,368.8559265136719,368.8559265136719
2020-10-18,368.7275390625,378.21368408203125,378.21368408203125
2020-10-19,378.4696350097656,379.93560791015625,379.93560791015625
2020-10-20,379.7196960449219,369.13690185546875,369.13690185546875
2020-10-21,369.0594177246094,392.1899719238281,392.1899719238281
2020-10-22,391.4886169433594,413.7729797363281,413.7729797363281
2020-10-23,414.05133056640625,409.7666931152344,409.7666931152344
2020-10-24,409.7672424316406,412.4576110839844,412.4576110839844
2020-10-25,412.4576416015625,406.2177734375,406.2177734375
2020-10-26,406.2179870605469,393.8883056640625,393.8883056640625
2020-10-27,393.88818359375,403.9970397949219,403.9970397949219
2020-10-28,403.9971008300781,388.6507568359375,388.6507568359375
2020-10-29,388.65106201171875,386.7301025390625,386.7301025390625
2020-10-30,386.7302551269531,382.8199768066406,382.8199768066406
2020-10-31,382.8200378417969,386.59033203125,386.59033203125
2020-11-01,386.59033203125,396.3581848144531,396.3581848144531
2020-11-02,396.3559875488281,383.15673828125,383.15673828125
2020-11-03,383.1560363769531,387.6021728515625,387.6021728515625
2020-11-04,387.60321044921875,402.1419982910156,402.1419982910156
2020-11-05,402.1429443359375,414.0673522949219,414.0673522949219
2020-11-06,414.06671142578125,454.71929931640625,454.71929931640625
2020-11-07,454.7225646972656,435.713134765625,435.713134765625
2020-11-08,435.71881103515625,453.5547790527344,453.5547790527344
2020-11-09,453.57415771484375,444.1630554199219,444.1630554199219
2020-11-10,444.1663818359375,449.67962646484375,449.67962646484375
2020-11-11,449.6796569824219,462.9605407714844,462.9605407714844
2020-11-12,462.95953369140625,461.0052795410156,461.0052795410156
2020-11-13,461.0054931640625,474.6264343261719,474.6264343261719
2020-11-14,474.6264343261719,460.14984130859375,460.14984130859375
2020-11-15,460.14990234375,447.55908203125,447.55908203125
2020-11-16,447.5589904785156,459.9403076171875,459.9403076171875
2020-11-17,464.4066467285156,480.3600769042969,480.3600769042969
2020-11-18,480.3468322753906,479.48406982421875,479.48406982421875
2020-11-19,479.48101806640625,471.63043212890625,471.63043212890625
2020-11-20,471.6314697265625,509.74456787109375,509.74456787109375
2020-11-21,509.7445983886719,549.4866333007812,549.4866333007812
2020-11-22,549.4866333007812,558.068115234375,558.068115234375
2020-11-23,558.0595092773438,608.4540405273438,608.4540405273438
2020-11-24,608.5227661132812,603.8977661132812,603.8977661132812
2020-11-25,603.9020385742188,570.6866455078125,570.6866455078125
2020-11-26,570.514892578125,518.8011474609375,518.8011474609375
2020-11-27,519.1080932617188,517.4937133789062,517.4937133789062
2020-11-28,517.5973510742188,538.2297973632812,538.2297973632812
2020-11-29,538.2645874023438,575.758056640625,575.758056640625
2020-11-30,575.757080078125,614.842529296875,614.842529296875
2020-12-01,615.0703125,587.3241577148438,587.3241577148438
2020-12-02,587.2615966796875,598.3523559570312,598.3523559570312
2020-12-03,598.459228515625,616.708740234375,616.708740234375
2020-12-04,616.7227783203125,569.3541870117188,569.3541870117188
2020-12-05,569.34765625,596.595458984375,596.595458984375
2020-12-06,596.5686645507812,601.9089965820312,601.9089965820312
2020-12-07,601.797119140625,591.8433837890625,591.8433837890625
2020-12-08,591.9008178710938,554.8277587890625,554.8277587890625
2020-12-09,554.7929077148438,573.4791259765625,573.4791259765625
2020-12-10,573.5040283203125,559.6785278320312,559.6785278320312
2020-12-11,559.67919921875,545.79736328125,545.79736328125
2020-12-12,545.5785522460938,568.5673217773438,568.5673217773438
2020-12-13,568.60986328125,589.6632080078125,589.6632080078125
2020-12-14,589.782470703125,586.0111694335938,586.0111694335938
2020-12-15,586.0217895507812,589.3555908203125,589.3555908203125
2020-12-16,589.378662109375,636.1818237304688,636.1818237304688
2020-12-17,636.1541748046875,642.8689575195312,642.8689575195312
2020-12-18,642.9169921875,654.8119506835938,654.8119506835938
2020-12-19,654.6242065429688,659.2979125976562,659.2979125976562
2020-12-20,659.18505859375,638.2908325195312,638.2908325195312
2020-12-21,638.315185546875,609.81787109375,609.81787109375
2020-12-22,609.4205322265625,634.8541870117188,634.8541870117188
2020-12-23,634.8245849609375,583.714599609375,583.714599609375
2020-12-24,584.1356201171875,611.607177734375,611.607177734375
2020-12-25,611.5545654296875,626.4107055664062,626.4107055664062
2020-12-26,626.498046875,635.8358154296875,635.8358154296875
2020-12-27,635.8871459960938,682.642333984375,682.642333984375
2020-12-28,683.205810546875,730.3973388671875,730.3973388671875
2020-12-29,730.3587036132812,731.5201416015625,731.5201416015625
2020-12-30,731.4728393554688,751.6189575195312,751.6189575195312
2020-12-31,751.6266479492188,737.8034057617188,737.8034057617188
2021-01-01,737.7083740234375,730.3675537109375,730.3675537109375
2021-01-02,730.4026489257812,774.5349731445312,774.5349731445312
2021-01-03,774.5118408203125,975.5076904296875,975.5076904296875
2021-01-04,977.058837890625,1040.2330322265625,1040.2330322265625
2021-01-05,1041.498779296875,1100.006103515625,1100.006103515625
2021-01-06,1101.0050048828125,1207.1121826171875,1207.1121826171875
2021-01-07,1208.078369140625,1225.6781005859375,1225.6781005859375
2021-01-08,1225.9678955078125,1224.1971435546875,1224.1971435546875
2021-01-09,1223.740478515625,1281.0772705078125,1281.0772705078125
2021-01-10,1280.87109375,1262.2467041015625,1262.2467041015625
2021-01-11,1261.6229248046875,1090.1453857421875,1090.1453857421875
2021-01-12,1088.5267333984375,1043.4345703125,1043.4345703125
2021-01-13,1043.740966796875,1130.7393798828125,1130.7393798828125
2021-01-14,1130.231201171875,1218.4530029296875,1218.4530029296875
2021-01-15,1221.877197265625,1171.8345947265625,1171.8345947265625
2021-01-16,1171.443115234375,1233.53759765625,1233.53759765625
2021-01-17,1233.453369140625,1230.1722412109375,1230.1722412109375
2021-01-18,1230.313232421875,1257.279541015625,1257.279541015625
2021-01-19,1257.4345703125,1377.2958984375,1377.2958984375
2021-01-20,1375.2484130859375,1382.2740478515625,1382.2740478515625
2021-01-21,1382.6844482421875,1121.5709228515625,1121.5709228515625
2021-01-22,1118.8890380859375,1236.51220703125,1236.51220703125
2021-01-23,1235.2679443359375,1230.9906005859375,1230.9906005859375
2021-01-24,1231.2105712890625,1391.609375,1391.609375
2021-01-25,1390.639892578125,1324.414794921875,1324.414794921875
2021-01-26,1323.74169921875,1357.05810546875,1357.05810546875
2021-01-27,1358.3333740234375,1253.1871337890625,1253.1871337890625
2021-01-28,1251.27978515625,1332.4921875,1332.4921875
2021-01-29,1369.0867919921875,1382.5228271484375,1382.5228271484375
2021-01-30,1382.23193359375,1376.115478515625,1376.115478515625
2021-01-31,1376.8236083984375,1314.9862060546875,1314.9862060546875
2021-02-01,1314.855224609375,1369.04052734375,1369.04052734375
2021-02-02,1369.505126953125,1515.1937255859375,1515.1937255859375
2021-02-03,1514.7696533203125,1660.9095458984375,1660.9095458984375
2021-02-04,1661.170166015625,1594.7626953125,1594.7626953125
2021-02-05,1594.7933349609375,1718.65087890625,1718.65087890625
2021-02-06,1717.7974853515625,1677.8468017578125,1677.8468017578125
2021-02-07,1677.605712890625,1614.227783203125,1614.227783203125
2021-02-08,1613.6422119140625,1746.6168212890625,1746.6168212890625
2021-02-09,1746.9261474609375,1768.0350341796875,1768.0350341796875
2021-02-10,1768.039794921875,1744.243408203125,1744.243408203125
2021-02-11,1743.7142333984375,1783.7979736328125,1783.7979736328125
2021-02-12,1783.4891357421875,1843.5325927734375,1843.5325927734375
2021-02-13,1843.98681640625,1814.10986328125,1814.10986328125
2021-02-14,1814.372314453125,1805.0841064453125,1805.0841064453125
2021-02-15,1804.6767578125,1779.791015625,1779.791015625
2021-02-16,1778.945556640625,1781.0675048828125,1781.0675048828125
2021-02-17,1781.35009765625,1848.458251953125,1848.458251953125
2021-02-18,1848.206298828125,1937.44921875,1937.44921875
2021-02-19,1938.85986328125,1960.164794921875,1960.164794921875
2021-02-20,1959.9029541015625,1919.5340576171875,1919.5340576171875
2021-02-21,1918.673095703125,1935.60107421875,1935.60107421875
2021-02-22,1935.557861328125,1781.992919921875,1781.992919921875
2021-02-23,1781.4090576171875,1570.2039794921875,1570.2039794921875
2021-02-24,1571.4764404296875,1626.57568359375,1626.57568359375
2021-02-25,1625.3939208984375,1475.7037353515625,1475.7037353515625
2021-02-26,1478.6533203125,1446.03369140625,1446.03369140625
2021-02-27,1446.929443359375,1459.97314453125,1459.97314453125
2021-02-28,1459.8604736328125,1416.0489501953125,1416.0489501953125
2021-03-01,1417.151123046875,1564.7076416015625,1564.7076416015625
2021-03-02,1564.0634765625,1492.6087646484375,1492.6087646484375
2021-03-03,1491.451171875,1575.8531494140625,1575.8531494140625
2021-03-04,1574.623779296875,1541.914306640625,1541.914306640625
2021-03-05,1541.541748046875,1533.2750244140625,1533.2750244140625
2021-03-06,1532.372802734375,1654.7415771484375,1654.7415771484375
2021-03-07,1655.3924560546875,1723.15380859375,1723.15380859375
2021-03-08,1724.229248046875,1834.7279052734375,1834.7279052734375
2021-03-09,1835.1480712890625,1868.048828125,1868.048828125
2021-03-10,1868.489013671875,1799.166259765625,1799.166259765625
2021-03-11,1798.033935546875,1826.1949462890625,1826.1949462890625
2021-03-12,1826.5467529296875,1772.1024169921875,1772.1024169921875
2021-03-13,1772.1663818359375,1924.6854248046875,1924.6854248046875
2021-03-14,1923.86376953125,1854.5643310546875,1854.5643310546875
2021-03-15,1854.086669921875,1791.7022705078125,1791.7022705078125
2021-03-16,1792.413818359375,1806.9718017578125,1806.9718017578125
2021-03-17,1807.05615234375,1823.4493408203125,1823.4493408203125
2021-03-18,1823.158447265625,1782.8551025390625,1782.8551025390625
2021-03-19,1782.5687255859375,1817.6241455078125,1817.6241455078125
2021-03-20,1817.522705078125,1812.6346435546875,1812.6346435546875
2021-03-21,1812.6065673828125,1788.217041015625,1788.217041015625
2021-03-22,1788.3621826171875,1691.333984375,1691.333984375
2021-03-23,1690.871826171875,1678.650146484375,1678.650146484375
2021-03-24,1678.0025634765625,1593.4134521484375,1593.4134521484375
2021-03-25,1593.123291015625,1595.3592529296875,1595.3592529296875
2021-03-26,1595.2100830078125,1702.842041015625,1702.842041015625
2021-03-27,1703.0361328125,1716.49462890625,1716.49462890625
2021-03-28,1716.4056396484375,1691.35595703125,1691.35595703125
2021-03-29,1691.26318359375,1819.6849365234375,1819.6849365234375
2021-03-30,1819.46630859375,1846.03369140625,1846.03369140625
2021-03-31,1846.0982666015625,1918.362060546875,1918.362060546875
2021-04-01,1919.1572265625,1977.27685546875,1977.27685546875
2021-04-02,1976.9327392578125,2143.2255859375,2143.2255859375
2021-04-03,2142.89599609375,2028.4224853515625,2028.4224853515625
2021-04-04,2027.6712646484375,2093.122802734375,2093.122802734375
2021-04-05,2093.2607421875,2107.88720703125,2107.88720703125
2021-04-06,2109.4931640625,2118.37890625,2118.37890625
2021-04-07,2117.728515625,1971.0772705078125,1971.0772705078125
2021-04-08,1969.1331787109375,2088.57373046875,2088.57373046875
2021-04-09,2088.772216796875,2072.10888671875,2072.10888671875
2021-04-10,2071.111572265625,2135.942138671875,2135.942138671875
2021-04-11,2136.156982421875,2157.656982421875,2157.656982421875
2021-04-12,2157.36181640625,2139.353271484375,2139.353271484375
2021-04-13,2139.3642578125,2299.187744140625,2299.187744140625
2021-04-14,2299.347900390625,2435.10498046875,2435.10498046875
2021-04-15,2436.03466796875,2519.1162109375,2519.1162109375
2021-04-16,2516.601806640625,2431.946533203125,2431.946533203125
2021-04-17,2429.98095703125,2344.89501953125,2344.89501953125
2021-04-18,2346.452392578125,2237.136962890625,2237.136962890625
2021-04-19,2238.03271484375,2166.188720703125,2166.188720703125
2021-04-20,2161.939453125,2330.2109375,2330.2109375
2021-04-21,2331.16015625,2364.751708984375,2364.751708984375
2021-04-22,2357.87109375,2403.53515625,2403.53515625
2021-04-23,2401.25634765625,2363.586181640625,2363.586181640625
2021-04-24,2367.19921875,2211.625732421875,2211.625732421875
2021-04-25,2214.413818359375,2316.0595703125,2316.0595703125
2021-04-26,2319.47802734375,2534.481689453125,2534.481689453125
2021-04-27,2534.03125,2662.865234375,2662.865234375
2021-04-28,2664.685546875,2746.380126953125,2746.380126953125
2021-04-29,2748.649658203125,2756.876953125,2756.876953125
2021-04-30,2757.734130859375,2773.20703125,2773.20703125
2021-05-01,2772.83837890625,2945.892822265625,2945.892822265625
2021-05-02,2945.56005859375,2952.05615234375,2952.05615234375
2021-05-03,2951.17578125,3431.086181640625,3431.086181640625
2021-05-04,3431.131591796875,3253.62939453125,3253.62939453125
2021-05-05,3240.5546875,3522.783203125,3522.783203125
2021-05-06,3524.930908203125,3490.88037109375,3490.88037109375
2021-05-07,3490.105224609375,3484.72900390625,3484.72900390625
2021-05-08,3481.988037109375,3902.647705078125,3902.647705078125
2021-05-09,3911.463134765625,3928.8447265625,3928.8447265625
2021-05-10,3924.413330078125,3952.2939453125,3952.2939453125
2021-05-11,3948.27197265625,4168.701171875,4168.701171875
2021-05-12,4174.6357421875,3785.8486328125,3785.8486328125
2021-05-13,3828.91845703125,3715.1484375,3715.1484375
2021-05-14,3720.122314453125,4079.057373046875,4079.057373046875
2021-05-15,4075.95166015625,3638.1220703125,3638.1220703125
2021-05-16,3641.830810546875,3587.506103515625,3587.506103515625
2021-05-17,3581.343017578125,3282.397705078125,3282.397705078125
2021-05-18,3276.872314453125,3380.070068359375,3380.070068359375
2021-05-19,3382.6572265625,2460.67919921875,2460.67919921875
2021-05-20,2439.638671875,2784.294189453125,2784.294189453125
2021-05-21,2772.34130859375,2430.621337890625,2430.621337890625
2021-05-22,2436.0146484375,2295.70556640625,2295.70556640625
2021-05-23,2298.3671875,2109.579833984375,2109.579833984375
2021-05-24,2099.93603515625,2643.591064453125,2643.591064453125
2021-05-25,2649.033203125,2706.62890625,2706.62890625
2021-05-26,2707.052734375,2888.69873046875,2888.69873046875
2021-05-27,2888.75244140625,2736.488525390625,2736.488525390625
2021-05-28,2742.468994140625,2419.90625,2419.90625
2021-05-29,2414.067138671875,2279.51416015625,2279.51416015625
2021-05-30,2278.288818359375,2390.305419921875,2390.305419921875
2021-05-31,2387.198486328125,2714.9453125,2714.9453125
2021-06-01,2707.560546875,2633.518310546875,2633.518310546875
2021-06-02,2634.4560546875,2706.125,2706.125
2021-06-03,2708.376220703125,2855.12646484375,2855.12646484375
2021-06-04,2857.16552734375,2688.195068359375,2688.195068359375
2021-06-05,2691.619384765625,2630.576904296875,2630.576904296875
2021-06-06,2629.748779296875,2715.0927734375,2715.0927734375
2021-06-07,2713.04736328125,2590.26318359375,2590.26318359375
2021-06-08,2594.602294921875,2517.438720703125,2517.438720703125
2021-06-09,2510.19921875,2608.26708984375,2608.26708984375
2021-06-10,2611.142578125,2471.5185546875,2471.5185546875
2021-06-11,2472.85888671875,2353.768798828125,2353.768798828125
2021-06-12,2354.752197265625,2372.484375,2372.484375
2021-06-13,2372.690185546875,2508.3916015625,2508.3916015625
2021-06-14,2508.7705078125,2537.89111328125,2537.89111328125
2021-06-15,2587.7626953125,2610.936767578125,2610.936767578125
2021-06-16,2544.86474609375,2367.66357421875,2367.66357421875
2021-06-17,2367.306396484375,2372.001953125,2372.001953125
2021-06-18,2374.5869140625,2231.733154296875,2231.733154296875
2021-06-19,2235.1591796875,2178.4990234375,2178.4990234375
2021-06-20,2171.337890625,2246.364501953125,2246.364501953125
2021-06-21,2245.31787109375,1888.447509765625,1888.447509765625
2021-06-22,1886.6676025390625,1874.9500732421875,1874.9500732421875
2021-06-23,1878.625,1989.736328125,1989.736328125
2021-06-24,1968.9573974609375,1988.456298828125,1988.456298828125
2021-06-25,1989.2158203125,1813.21728515625,1813.21728515625
2021-06-26,1810.88427734375,1829.2392578125,1829.2392578125
2021-06-27,1830.9969482421875,1978.8946533203125,1978.8946533203125
2021-06-28,1981.386474609375,2079.657470703125,2079.657470703125
2021-06-29,2083.44873046875,2160.768310546875,2160.768310546875
2021-06-30,2164.21630859375,2274.547607421875,2274.547607421875
2021-07-01,2274.3974609375,2113.60546875,2113.60546875
2021-07-02,2109.892578125,2150.040283203125,2150.040283203125
2021-07-03,2150.8349609375,2226.1142578125,2226.1142578125
2021-07-04,2226.55029296875,2321.72412109375,2321.72412109375
2021-07-05,2321.9228515625,2198.58251953125,2198.58251953125
2021-07-06,2197.91943359375,2324.679443359375,2324.679443359375
2021-07-07,2323.20849609375,2315.161865234375,2315.161865234375
2021-07-08,2317.94921875,2120.0263671875,2120.0263671875
2021-07-09,2115.573974609375,2146.6923828125,2146.6923828125
2021-07-10,2146.999755859375,2111.403564453125,2111.403564453125
2021-07-11,2110.875732421875,2139.664794921875,2139.664794921875
2021-07-12,2140.5068359375,2036.7210693359375,2036.7210693359375
2021-07-13,2034.098388671875,1940.083984375,1940.083984375
2021-07-14,1941.1678466796875,1994.331298828125,1994.331298828125
2021-07-15,1994.7120361328125,1911.1756591796875,1911.1756591796875
2021-07-16,1916.598388671875,1880.3829345703125,1880.3829345703125
2021-07-17,1876.88134765625,1898.8251953125,1898.8251953125
2021-07-18,1900.1943359375,1895.5521240234375,1895.5521240234375
2021-07-19,1893.0535888671875,1817.296630859375,1817.296630859375
2021-07-20,1819.08203125,1787.5107421875,1787.5107421875
2021-07-21,1786.2762451171875,1990.9708251953125,1990.9708251953125
2021-07-22,1994.8228759765625,2025.2027587890625,2025.2027587890625
2021-07-23,2025.105712890625,2124.776611328125,2124.776611328125
2021-07-24,2123.961181640625,2189.21875,2189.21875
2021-07-25,2187.1455078125,2191.373779296875,2191.373779296875
2021-07-26,2191.309814453125,2233.36669921875,2233.36669921875
2021-07-27,2230.197021484375,2298.33349609375,2298.33349609375
2021-07-28,2302.081298828125,2296.54541015625,2296.54541015625
2021-07-29,2299.011962890625,2380.956787109375,2380.956787109375
2021-07-30,2382.545166015625,2466.96142578125,2466.96142578125
2021-07-31,2461.57568359375,2536.2099609375,2536.2099609375
2021-08-01,2530.462890625,2561.85205078125,2561.85205078125
2021-08-02,2557.774658203125,2610.1533203125,2610.1533203125
2021-08-03,2609.4130859375,2502.349609375,2502.349609375
2021-08-04,2508.544921875,2724.619873046875,2724.619873046875
2021-08-05,2725.669677734375,2827.328857421875,2827.328857421875
2021-08-06,2827.50341796875,2890.941650390625,2890.941650390625
2021-08-07,2891.70751953125,3157.23876953125,3157.23876953125
2021-08-08,3161.232666015625,3013.732666015625,3013.732666015625
2021-08-09,3012.8857421875,3167.856201171875,3167.856201171875
2021-08-10,3163.050048828125,3141.691162109375,3141.691162109375
2021-08-11,3142.830322265625,3164.2451171875,3164.2451171875
2021-08-12,3164.17578125,3043.414306640625,3043.414306640625
2021-08-13,3049.001220703125,3322.211669921875,3322.211669921875
2021-08-14,3322.7626953125,3265.443359375,3265.443359375
2021-08-15,3266.276123046875,3310.504150390625,3310.504150390625
2021-08-16,3309.422119140625,3156.509521484375,3156.509521484375
2021-08-17,3149.38037109375,3014.845947265625,3014.845947265625
2021-08-18,3011.963623046875,3020.08984375,3020.08984375
2021-08-19,3019.126953125,3182.7021484375,3182.7021484375
2021-08-20,3182.16259765625,3286.935302734375,3286.935302734375
2021-08-21,3286.931640625,3226.083984375,3226.083984375
2021-08-22,3226.227294921875,3242.115478515625,3242.115478515625
2021-08-23,3241.357421875,3319.25732421875,3319.25732421875
2021-08-24,3324.85546875,3172.456298828125,3172.456298828125
2021-08-25,3174.269775390625,3224.915283203125,3224.915283203125
2021-08-26,3228.747314453125,3100.325439453125,3100.325439453125
2021-08-27,3096.406005859375,3270.600830078125,3270.600830078125
2021-08-28,3275.1044921875,3244.4033203125,3244.4033203125
2021-08-29,3246.77099609375,3227.002685546875,3227.002685546875
2021-08-30,3227.192626953125,3224.374267578125,3224.374267578125
2021-08-31,3227.758056640625,3433.732666015625,3433.732666015625
2021-09-01,3430.762451171875,3834.828125,3834.828125
2021-09-02,3825.02783203125,3790.989990234375,3790.989990234375
2021-09-03,3787.486572265625,3940.61474609375,3940.61474609375
2021-09-04,3937.91015625,3887.828369140625,3887.828369140625
2021-09-05,3886.3310546875,3952.133544921875,3952.133544921875
2021-09-06,3951.520751953125,3928.37939453125,3928.37939453125
2021-09-07,3926.527587890625,3426.394287109375,3426.394287109375
2021-09-08,3428.378173828125,3497.315185546875,3497.315185546875
2021-09-09,3452.54833984375,3427.340087890625,3427.340087890625
2021-09-10,3425.56494140625,3211.505859375,3211.505859375
2021-09-11,3209.030517578125,3270.278076171875,3270.278076171875
2021-09-12,3270.291748046875,3410.134521484375,3410.134521484375
2021-09-13,3407.471923828125,3285.51171875,3285.51171875
2021-09-14,3286.31640625,3429.169677734375,3429.169677734375
2021-09-15,3431.21728515625,3615.28271484375,3615.28271484375
2021-09-16,3613.07373046875,3571.294921875,3571.294921875
2021-09-17,3569.568115234375,3398.538818359375,3398.538818359375
2021-09-18,3397.4228515625,3432.018310546875,3432.018310546875
2021-09-19,3433.287841796875,3329.447998046875,3329.447998046875
2021-09-20,3329.670654296875,2958.993408203125,2958.993408203125
2021-09-21,2977.310546875,2764.43115234375,2764.43115234375
2021-09-22,2763.209228515625,3077.867919921875,3077.867919921875
2021-09-23,3077.974365234375,3155.523681640625,3155.523681640625
2021-09-24,3154.56201171875,2931.669189453125,2931.669189453125
2021-09-25,2930.884765625,2925.565673828125,2925.565673828125
2021-09-26,2926.343017578125,3062.265380859375,3062.265380859375
2021-09-27,3065.837890625,2934.138916015625,2934.138916015625
2021-09-28,2928.96337890625,2807.296630859375,2807.296630859375
2021-09-29,2809.297607421875,2853.143310546875,2853.143310546875
2021-09-30,2852.558837890625,3001.678955078125,3001.678955078125
2021-10-01,3001.12939453125,3307.51611328125,3307.51611328125
2021-10-02,3308.870361328125,3391.6943359375,3391.6943359375
2021-10-03,3390.767578125,3418.358642578125,3418.358642578125
2021-10-04,3418.7763671875,3380.089111328125,3380.089111328125
2021-10-05,3381.784423828125,3518.5185546875,3518.5185546875
2021-10-06,3516.5703125,3580.56201171875,3580.56201171875
2021-10-07,3576.814453125,3587.974853515625,3587.974853515625
2021-10-08,3587.832763671875,3563.75927734375,3563.75927734375
2021-10-09,3559.997802734375,3575.716796875,3575.716796875
2021-10-10,3575.0205078125,3425.852783203125,3425.852783203125
2021-10-11,3419.726806640625,3545.35400390625,3545.35400390625
2021-10-12,3546.477783203125,3492.5732421875,3492.5732421875
2021-10-13,3492.753662109375,3606.20166015625,3606.20166015625
2021-10-14,3604.958984375,3786.01416015625,3786.01416015625
2021-10-15,3790.154296875,3862.634765625,3862.634765625
2021-10-16,3865.66650390625,3830.382080078125,3830.382080078125
2021-10-17,3829.85888671875,3847.1044921875,3847.1044921875
2021-10-18,3847.72998046875,3748.76025390625,3748.76025390625
2021-10-19,3747.162841796875,3877.65087890625,3877.65087890625
2021-10-20,3877.73095703125,4155.9921875,4155.9921875
2021-10-21,4161.71337890625,4054.32275390625,4054.32275390625
2021-10-22,4055.6865234375,3970.181884765625,3970.181884765625
2021-10-23,3971.3564453125,4171.66357421875,4171.66357421875
2021-10-24,4171.85595703125,4087.903076171875,4087.903076171875
2021-10-25,4084.42578125,4217.876953125,4217.876953125
2021-10-26,4217.337890625,4131.10205078125,4131.10205078125
2021-10-27,4132.17333984375,3930.25732421875,3930.25732421875
2021-10-28,3924.8154296875,4287.31884765625,4287.31884765625
2021-10-29,4288.6865234375,4414.74658203125,4414.74658203125
2021-10-30,4414.24365234375,4325.650390625,4325.650390625
2021-10-31,4322.744140625,4288.07421875,4288.07421875
2021-11-01,4288.21728515625,4324.626953125,4324.626953125
2021-11-02,4322.5009765625,4584.798828125,4584.798828125
2021-11-03,4589.6845703125,4607.19384765625,4607.19384765625
2021-11-04,4604.6787109375,4537.32421875,4537.32421875
2021-11-05,4537.42333984375,4486.2431640625,4486.2431640625
2021-11-06,4482.64794921875,4521.5810546875,4521.5810546875
2021-11-07,4523.98193359375,4620.5546875,4620.5546875
2021-11-08,4619.6494140625,4812.08740234375,4812.08740234375
2021-11-09,4810.0712890625,4735.06884765625,4735.06884765625
2021-11-10,4733.36279296875,4636.17431640625,4636.17431640625
2021-11-11,4635.45361328125,4730.38427734375,4730.38427734375
2021-11-12,4724.306640625,4667.115234375,4667.115234375
2021-11-13,4666.71923828125,4651.46044921875,4651.46044921875
2021-11-14,4648.6328125,4626.35888671875,4626.35888671875
2021-11-15,4627.0908203125,4557.50390625,4557.50390625
2021-11-16,4570.47802734375,4216.365234375,4216.365234375
2021-11-17,4213.91064453125,4287.59375,4287.59375
2021-11-18,4287.80224609375,4000.65087890625,4000.65087890625
2021-11-19,3995.7294921875,4298.306640625,4298.306640625
2021-11-20,4298.3505859375,4409.93115234375,4409.93115234375
2021-11-21,4412.1953125,4269.73291015625,4269.73291015625
2021-11-22,4266.50927734375,4088.457763671875,4088.457763671875
2021-11-23,4089.680419921875,4340.763671875,4340.763671875
2021-11-24,4340.0361328125,4239.9814453125,4239.9814453125
2021-11-25,4271.39453125,4274.7431640625,4274.7431640625
2021-11-26,4522.208984375,4030.908935546875,4030.908935546875
2021-11-27,4042.9990234375,4096.912109375,4096.912109375
2021-11-28,4101.64892578125,4294.45361328125,4294.45361328125
2021-11-29,4296.94677734375,4445.10498046875,4445.10498046875
2021-11-30,4447.76806640625,4631.47900390625,4631.47900390625
2021-12-01,4623.6796875,4586.990234375,4586.990234375
2021-12-02,4586.3330078125,4511.30224609375,4511.30224609375
2021-12-03,4514.35595703125,4220.7060546875,4220.7060546875
2021-12-04,4227.76220703125,4119.58740234375,4119.58740234375
2021-12-05,4119.62890625,4198.32275390625,4198.32275390625
2021-12-06,4199.0,4358.7373046875,4358.7373046875
2021-12-07,4358.5869140625,4315.0615234375,4315.0615234375
2021-12-08,4311.67431640625,4439.35791015625,4439.35791015625
2021-12-09,4433.02490234375,4119.81591796875,4119.81591796875
2021-12-10,4113.58837890625,3908.49609375,3908.49609375
2021-12-11,3909.667724609375,4084.452392578125,4084.452392578125
2021-12-12,4084.811279296875,4134.453125,4134.453125
2021-12-13,4136.35986328125,3784.226806640625,3784.226806640625
2021-12-14,3782.82275390625,3745.4404296875,3745.4404296875
2021-12-15,3862.25146484375,4018.388671875,4018.388671875
2021-12-16,4020.4150390625,3962.4697265625,3962.4697265625
2021-12-17,3959.012451171875,3879.486572265625,3879.486572265625
2021-12-18,3880.29150390625,3960.860107421875,3960.860107421875
2021-12-19,3960.872314453125,3922.592529296875,3922.592529296875
2021-12-20,3923.69580078125,3933.844482421875,3933.844482421875
2021-12-21,3938.4638671875,4020.260009765625,4020.260009765625
2021-12-22,4018.69580078125,3982.099609375,3982.099609375
2021-12-23,3981.961669921875,4108.015625,4108.015625
2021-12-24,4111.34521484375,4047.98291015625,4047.98291015625
2021-12-25,4049.781982421875,4093.281005859375,4093.281005859375
2021-12-26,4094.151611328125,4067.328125,4067.328125
2021-12-27,4064.746337890625,4037.547607421875,4037.547607421875
2021-12-28,4037.5380859375,3800.89306640625,3800.89306640625
2021-12-29,3797.436279296875,3628.53173828125,3628.53173828125
2021-12-30,3632.2197265625,3713.85205078125,3713.85205078125
2021-12-31,3713.43017578125,3682.6328125,3682.6328125
2022-01-01,3683.047119140625,3769.697021484375,3769.697021484375
2022-01-02,3769.29833984375,3829.56494140625,3829.56494140625
2022-01-03,3829.53564453125,3761.38037109375,3761.38037109375
2022-01-04,3761.361572265625,3794.056640625,3794.056640625
2022-01-05,3794.26904296875,3550.386962890625,3550.386962890625
2022-01-06,3549.708984375,3418.408203125,3418.408203125
2022-01-07,3417.837890625,3193.21044921875,3193.21044921875
2022-01-08,3193.50244140625,3091.97265625,3091.97265625
2022-01-09,3091.6962890625,3157.75146484375,3157.75146484375
2022-01-10,3157.570556640625,3083.097900390625,3083.097900390625
2022-01-11,3082.990966796875,3238.111572265625,3238.111572265625
2022-01-12,3238.449951171875,3372.25830078125,3372.25830078125
2022-01-13,3372.10498046875,3248.28857421875,3248.28857421875
2022-01-14,3248.648681640625,3310.00146484375,3310.00146484375
2022-01-15,3309.84423828125,3330.53076171875,3330.53076171875
2022-01-16,3330.38720703125,3350.921875,3350.921875
2022-01-17,3350.947265625,3212.304931640625,3212.304931640625
2022-01-18,3212.28759765625,3164.025146484375,3164.025146484375
2022-01-19,3163.850341796875,3095.825927734375,3095.825927734375
2022-01-20,3095.271728515625,3001.1201171875,3001.1201171875
2022-01-21,3002.956787109375,2557.931640625,2557.931640625
2022-01-22,2561.145263671875,2405.18115234375,2405.18115234375
2022-01-23,2406.92431640625,2535.0390625,2535.0390625
2022-01-24,2535.89111328125,2440.352294921875,2440.352294921875
2022-01-25,2440.3935546875,2455.93505859375,2455.93505859375
2022-01-26,2455.5791015625,2468.0302734375,2468.0302734375
2022-01-27,2467.1884765625,2423.001220703125,2423.001220703125
2022-01-28,2421.64697265625,2547.092041015625,2547.092041015625
2022-01-29,2546.590576171875,2597.084716796875,2597.084716796875
2022-01-30,2598.56494140625,2603.466552734375,2603.466552734375
2022-01-31,2603.263427734375,2688.27880859375,2688.27880859375
2022-02-01,2687.89892578125,2792.1171875,2792.1171875
2022-02-02,2791.958984375,2682.85400390625,2682.85400390625
2022-02-03,2682.22607421875,2679.16259765625,2679.16259765625
2022-02-04,2681.0576171875,2983.5869140625,2983.5869140625
2022-02-05,2984.446044921875,3014.648193359375,3014.648193359375
2022-02-06,3014.959716796875,3057.47607421875,3057.47607421875
2022-02-07,3057.422119140625,3142.470703125,3142.470703125
2022-02-08,3143.008544921875,3122.608642578125,3122.608642578125
2022-02-09,3121.1826171875,3239.45703125,3239.45703125
2022-02-10,3240.113037109375,3077.482177734375,3077.482177734375
2022-02-11,3077.4130859375,2927.383544921875,2927.383544921875
2022-02-12,2927.386474609375,2917.36279296875,2917.36279296875
2022-02-13,2916.78955078125,2883.46337890625,2883.46337890625
2022-02-14,2880.187744140625,2933.47900390625,2933.47900390625
2022-02-15,2933.72900390625,3179.877197265625,3179.877197265625
2022-02-16,3180.44677734375,3127.830078125,3127.830078125
2022-02-17,3126.8583984375,2881.48193359375,2881.48193359375
2022-02-18,2884.340576171875,2785.7275390625,2785.7275390625
2022-02-19,2784.872802734375,2763.701171875,2763.701171875
2022-02-20,2763.756591796875,2628.6484375,2628.6484375
2022-02-21,2627.66552734375,2573.816162109375,2573.816162109375
2022-02-22,2572.898681640625,2639.29931640625,2639.29931640625
2022-02-23,2639.447021484375,2590.359619140625,2590.359619140625
2022-02-24,2588.166259765625,2598.067138671875,2598.067138671875
2022-02-25,2598.436279296875,2764.53564453125,2764.53564453125
2022-02-26,2764.989501953125,2781.11181640625,2781.11181640625
2022-02-27,2780.50439453125,2621.8017578125,2621.8017578125
2022-02-28,2621.172119140625,2919.201171875,2919.201171875
2022-03-01,2919.77587890625,2972.485107421875,2972.485107421875
2022-03-02,2972.471923828125,2950.118408203125,2950.118408203125
2022-03-03,2950.15673828125,2834.468994140625,2834.468994140625
2022-03-04,2834.9873046875,2617.156005859375,2617.156005859375
2022-03-05,2618.4736328125,2664.8310546875,2664.8310546875
2022-03-06,2664.943603515625,2555.037353515625,2555.037353515625
2022-03-07,2555.297607421875,2497.771240234375,2497.771240234375
2022-03-08,2497.721435546875,2576.74755859375,2576.74755859375
2022-03-09,2577.165283203125,2729.783447265625,2729.783447265625
2022-03-10,2729.116455078125,2608.048583984375,2608.048583984375
2022-03-11,2608.271240234375,2559.56298828125,2559.56298828125
2022-03-12,2559.66064453125,2574.754150390625,2574.754150390625
2022-03-13,2573.488037109375,2518.944580078125,2518.944580078125
2022-03-14,2518.486328125,2590.696044921875,2590.696044921875
2022-03-15,2590.6689453125,2620.149658203125,2620.149658203125
2022-03-16,2620.028564453125,2772.0556640625,2772.0556640625
2022-03-17,2771.964111328125,2814.8544921875,2814.8544921875
2022-03-18,2814.4345703125,2945.343017578125,2945.343017578125
2022-03-19,2944.7216796875,2946.257080078125,2946.257080078125
2022-03-20,2946.547607421875,2860.459228515625,2860.459228515625
2022-03-21,2860.103271484375,2897.9765625,2897.9765625
2022-03-22,2897.774169921875,2973.131103515625,2973.131103515625
2022-03-23,2973.14501953125,3031.067138671875,3031.067138671875
2022-03-24,3031.060791015625,3108.06201171875,3108.06201171875
2022-03-25,3108.448974609375,3106.67138671875,3106.67138671875
2022-03-26,3106.4052734375,3143.178955078125,3143.178955078125
2022-03-27,3143.795654296875,3291.57763671875,3291.57763671875
2022-03-28,3292.322509765625,3336.634521484375,3336.634521484375
2022-03-29,3335.021240234375,3401.98779296875,3401.98779296875
2022-03-30,3401.526123046875,3385.157958984375,3385.157958984375
2022-03-31,3385.289306640625,3281.642822265625,3281.642822265625
2022-04-01,3282.576171875,3449.55224609375,3449.55224609375
2022-04-02,3449.78857421875,3445.059326171875,3445.059326171875
2022-04-03,3444.810546875,3522.83349609375,3522.83349609375
2022-04-04,3522.364990234375,3521.2412109375,3521.2412109375
2022-04-05,3521.23974609375,3411.79248046875,3411.79248046875
2022-04-06,3411.672119140625,3171.69189453125,3171.69189453125
2022-04-07,3172.197265625,3233.274658203125,3233.274658203125
2022-04-08,3233.2724609375,3192.073974609375,3192.073974609375
2022-04-09,3191.97607421875,3261.916259765625,3261.916259765625
2022-04-10,3261.29150390625,3211.866943359375,3211.866943359375
2022-04-11,3209.576904296875,2981.05224609375,2981.05224609375
2022-04-12,2981.420654296875,3030.37646484375,3030.37646484375
2022-04-13,3029.8779296875,3118.34423828125,3118.34423828125
2022-04-14,3117.82177734375,3019.909423828125,3019.909423828125
2022-04-15,3020.134521484375,3040.91650390625,3040.91650390625
2022-04-16,3041.123291015625,3062.310302734375,3062.310302734375
2022-04-17,3061.8818359375,2993.4033203125,2993.4033203125
2022-04-18,2993.48388671875,3057.606689453125,3057.606689453125
2022-04-19,3057.5703125,3104.1064453125,3104.1064453125
2022-04-20,3103.93505859375,3077.745849609375,3077.745849609375
2022-04-21,3077.829345703125,2987.480712890625,2987.480712890625
2022-04-22,2986.938720703125,2964.835693359375,2964.835693359375
2022-04-23,2964.80224609375,2938.114013671875,2938.114013671875
2022-04-24,2937.34716796875,2922.732666015625,2922.732666015625
2022-04-25,2922.990234375,3009.3935546875,3009.3935546875
2022-04-26,3008.9462890625,2808.29833984375,2808.29833984375
2022-04-27,2808.64599609375,2888.9296875,2888.9296875
2022-04-28,2888.849853515625,2936.94091796875,2936.94091796875
2022-04-29,2936.776611328125,2815.601806640625,2815.601806640625
2022-04-30,2815.533447265625,2730.186767578125,2730.186767578125
2022-05-01,2729.994140625,2827.756103515625,2827.756103515625
2022-05-02,2827.614013671875,2857.410400390625,2857.410400390625
2022-05-03,2857.15234375,2783.476318359375,2783.476318359375
2022-05-04,2783.131103515625,2940.644775390625,2940.644775390625
2022-05-05,2940.2265625,2749.213134765625,2749.213134765625
2022-05-06,2748.931640625,2694.979736328125,2694.979736328125
2022-05-07,2694.991943359375,2636.093017578125,2636.093017578125
2022-05-08,2636.121826171875,2517.4599609375,2517.4599609375
2022-05-09,2518.50830078125,2245.430419921875,2245.430419921875
2022-05-10,2242.650390625,2343.510986328125,2343.510986328125
2022-05-11,2342.754150390625,2072.108642578125,2072.108642578125
2022-05-12,2072.504638671875,1961.7015380859375,1961.7015380859375
2022-05-13,1960.12255859375,2014.418212890625,2014.418212890625
2022-05-14,2014.2806396484375,2056.27392578125,2056.27392578125
2022-05-15,2056.18310546875,2145.706787109375,2145.706787109375
2022-05-16,2145.8369140625,2022.7259521484375,2022.7259521484375
2022-05-17,2022.88232421875,2090.4091796875,2090.4091796875
2022-05-18,2090.4599609375,1916.6561279296875,1916.6561279296875
2022-05-19,1916.1495361328125,2018.336181640625,2018.336181640625
2022-05-20,2018.0001220703125,1961.315673828125,1961.315673828125
2022-05-21,1961.0179443359375,1974.518310546875,1974.518310546875
2022-05-22,1974.670654296875,2043.170166015625,2043.170166015625
2022-05-23,2042.3447265625,1972.181884765625,1972.181884765625
2022-05-24,1972.390869140625,1978.9827880859375,1978.9827880859375
2022-05-25,1978.677001953125,1944.827880859375,1944.827880859375
2022-05-26,1945.0333251953125,1803.913330078125,1803.913330078125
2022-05-27,1802.5438232421875,1724.9228515625,1724.9228515625
2022-05-28,1724.635986328125,1757.9417724609375,1757.9417724609375
2022-05-29,1792.1844482421875,1812.031005859375,1812.031005859375
2022-05-30,1811.885986328125,1996.4412841796875,1996.4412841796875
2022-05-31,1996.4080810546875,1942.3280029296875,1942.3280029296875
2022-06-01,1942.0506591796875,1823.5693359375,1823.5693359375
2022-06-02,1822.412109375,1834.1505126953125,1834.1505126953125
2022-06-03,1834.135009765625,1775.07861328125,1775.07861328125
2022-06-04,1775.2208251953125,1801.6094970703125,1801.6094970703125
2022-06-05,1801.8189697265625,1805.2049560546875,1805.2049560546875
2022-06-06,1805.635986328125,1859.2896728515625,1859.2896728515625
2022-06-07,1859.333740234375,1814.04833984375,1814.04833984375
2022-06-08,1814.1007080078125,1793.572265625,1793.572265625
2022-06-09,1793.5128173828125,1789.8260498046875,1789.8260498046875
2022-06-10,1789.68994140625,1665.042236328125,1665.042236328125
2022-06-11,1665.2178955078125,1529.6634521484375,1529.6634521484375
2022-06-12,1530.189697265625,1445.216552734375,1445.216552734375
2022-06-13,1443.83544921875,1204.582763671875,1204.582763671875
2022-06-14,1204.5552978515625,1211.662841796875,1211.662841796875
2022-06-15,1211.365966796875,1233.2064208984375,1233.2064208984375
2022-06-16,1233.603515625,1067.730712890625,1067.730712890625
2022-06-17,1067.9876708984375,1086.519287109375,1086.519287109375
2022-06-18,1086.3779296875,993.6367797851562,993.6367797851562
2022-06-19,993.400634765625,1127.656494140625,1127.656494140625
2022-06-20,1127.65625,1127.6424560546875,1127.6424560546875
2022-06-21,1127.5118408203125,1124.8245849609375,1124.8245849609375
2022-06-22,1125.3729248046875,1051.421875,1051.421875
2022-06-23,1051.329345703125,1143.38671875,1143.38671875
2022-06-24,1143.2047119140625,1226.8447265625,1226.8447265625
2022-06-25,1226.7247314453125,1243.4468994140625,1243.4468994140625
2022-06-26,1242.987548828125,1199.8316650390625,1199.8316650390625
2022-06-27,1199.713134765625,1193.6806640625,1193.6806640625
2022-06-28,1193.2540283203125,1144.5792236328125,1144.5792236328125
2022-06-29,1144.5244140625,1098.94384765625,1098.94384765625
2022-06-30,1099.3531494140625,1067.298828125,1067.298828125
2022-07-01,1068.3167724609375,1059.767333984375,1059.767333984375
2022-07-02,1060.1212158203125,1066.5128173828125,1066.5128173828125
2022-07-03,1066.4674072265625,1073.7669677734375,1073.7669677734375
2022-07-04,1073.7943115234375,1151.05908203125,1151.05908203125
2022-07-05,1150.509765625,1134.541015625,1134.541015625
2022-07-06,1134.822265625,1186.9739990234375,1186.9739990234375
2022-07-07,1186.9609375,1237.5933837890625,1237.5933837890625
2022-07-08,1237.580322265625,1222.5062255859375,1222.5062255859375
2022-07-09,1222.306884765625,1216.978271484375,1216.978271484375
2022-07-10,1216.9044189453125,1168.401611328125,1168.401611328125
2022-07-11,1168.1390380859375,1097.236572265625,1097.236572265625
2022-07-12,1097.2591552734375,1038.191650390625,1038.191650390625
2022-07-13,1038.1866455078125,1113.587158203125,1113.587158203125
2022-07-14,1113.5157470703125,1191.5262451171875,1191.5262451171875
2022-07-15,1191.6748046875,1233.129150390625,1233.129150390625
2022-07-16,1232.7916259765625,1352.62646484375,1352.62646484375
2022-07-17,1353.205078125,1338.6357421875,1338.6357421875
2022-07-18,1338.8060302734375,1578.7178955078125,1578.7178955078125
2022-07-19,1578.3839111328125,1542.9752197265625,1542.9752197265625
2022-07-20,1542.954345703125,1520.20068359375,1520.20068359375
2022-07-21,1520.37451171875,1576.74951171875,1576.74951171875
2022-07-22,1576.745361328125,1537.4051513671875,1537.4051513671875
2022-07-23,1536.4573974609375,1549.2974853515625,1549.2974853515625
2022-07-24,1549.2225341796875,1599.4766845703125,1599.4766845703125
2022-07-25,1599.1572265625,1445.3834228515625,1445.3834228515625
2022-07-26,1445.151123046875,1441.8067626953125,1441.8067626953125
2022-07-27,1443.726806640625,1636.232666015625,1636.232666015625
2022-07-28,1636.23193359375,1725.4681396484375,1725.4681396484375
2022-07-29,1725.6239013671875,1727.406982421875,1727.406982421875
2022-07-30,1727.0618896484375,1695.969482421875,1695.969482421875
2022-07-31,1695.884765625,1681.517333984375,1681.517333984375
2022-08-01,1681.445556640625,1635.19580078125,1635.19580078125
2022-08-02,1634.6458740234375,1632.9454345703125,1632.9454345703125
2022-08-03,1633.05126953125,1618.87451171875,1618.87451171875
2022-08-04,1618.88671875,1608.205810546875,1608.205810546875
2022-08-05,1607.52392578125,1732.254638671875,1732.254638671875
2022-08-06,1732.6611328125,1691.6580810546875,1691.6580810546875
2022-08-07,1691.7779541015625,1699.350830078125,1699.350830078125
2022-08-08,1699.6934814453125,1775.51611328125,1775.51611328125
2022-08-09,1776.0712890625,1703.0250244140625,1703.0250244140625
2022-08-10,1702.906494140625,1851.74267578125,1851.74267578125
2022-08-11,1851.828369140625,1881.22412109375,1881.22412109375
2022-08-12,1880.899169921875,1957.2464599609375,1957.2464599609375
2022-08-13,1957.333984375,1981.3365478515625,1981.3365478515625
2022-08-14,1981.782470703125,1936.802001953125,1936.802001953125
2022-08-15,1936.760498046875,1904.2281494140625,1904.2281494140625
2022-08-16,1902.8331298828125,1878.139404296875,1878.139404296875
2022-08-17,1877.934326171875,1832.9996337890625,1832.9996337890625
2022-08-18,1833.715576171875,1847.0078125,1847.0078125
2022-08-19,1847.0953369140625,1612.9873046875,1612.9873046875
2022-08-20,1612.650634765625,1577.0037841796875,1577.0037841796875
2022-08-21,1576.5435791015625,1619.3189697265625,1619.3189697265625
2022-08-22,1619.1668701171875,1622.505859375,1622.505859375
2022-08-23,1622.9393310546875,1662.7698974609375,1662.7698974609375
2022-08-24,1662.6954345703125,1657.0592041015625,1657.0592041015625
2022-08-25,1657.3365478515625,1696.45703125,1696.45703125
2022-08-26,1696.3245849609375,1507.7828369140625,1507.7828369140625
2022-08-27,1508.156982421875,1491.39501953125,1491.39501953125
2022-08-28,1491.206787109375,1430.54736328125,1430.54736328125
2022-08-29,1430.439453125,1553.037353515625,1553.037353515625
2022-08-30,1553.18896484375,1523.8388671875,1523.8388671875
2022-08-31,1524.2864990234375,1553.6849365234375,1553.6849365234375
2022-09-01,1553.75634765625,1586.1767578125,1586.1767578125
2022-09-02,1586.0179443359375,1577.220458984375,1577.220458984375
2022-09-03,1577.2137451171875,1556.8726806640625,1556.8726806640625
2022-09-04,1556.8958740234375,1577.6416015625,1577.6416015625
2022-09-05,1577.884033203125,1617.1832275390625,1617.1832275390625
2022-09-06,1617.240234375,1561.74853515625,1561.74853515625
2022-09-07,1560.90673828125,1629.9063720703125,1629.9063720703125
2022-09-08,1629.80517578125,1635.34765625,1635.34765625
2022-09-09,1635.187744140625,1719.08544921875,1719.08544921875
2022-09-10,1718.9613037109375,1776.2037353515625,1776.2037353515625
2022-09-11,1775.97607421875,1761.800048828125,1761.800048828125
2022-09-12,1762.0848388671875,1713.7652587890625,1713.7652587890625
2022-09-13,1713.9625244140625,1580.7879638671875,1580.7879638671875
2022-09-14,1574.858154296875,1634.7550048828125,1634.7550048828125
2022-09-15,1635.0830078125,1471.6934814453125,1471.6934814453125
2022-09-16,1471.9283447265625,1432.44775390625,1432.44775390625
2022-09-17,1432.87646484375,1469.74169921875,1469.74169921875
2022-09-18,1469.7054443359375,1335.3291015625,1335.3291015625
2022-09-19,1335.270751953125,1377.5413818359375,1377.5413818359375
2022-09-20,1377.6190185546875,1324.38818359375,1324.38818359375
2022-09-21,1324.215576171875,1252.6077880859375,1252.6077880859375
2022-09-22,1251.5673828125,1327.68017578125,1327.68017578125
2022-09-23,1327.481201171875,1328.259521484375,1328.259521484375
2022-09-24,1328.24462890625,1317.9932861328125,1317.9932861328125
2022-09-25,1317.9384765625,1294.216796875,1294.216796875
2022-09-26,1294.3861083984375,1335.3201904296875,1335.3201904296875
2022-09-27,1335.3370361328125,1330.127685546875,1330.127685546875
2022-09-28,1329.5413818359375,1337.410888671875,1337.410888671875
2022-09-29,1337.554443359375,1335.65234375,1335.65234375
2022-09-30,1335.646484375,1327.9786376953125,1327.9786376953125
2022-10-01,1328.1937255859375,1311.6444091796875,1311.6444091796875
2022-10-02,1311.75341796875,1276.093505859375,1276.093505859375
2022-10-03,1276.1634521484375,1323.439208984375,1323.439208984375
2022-10-04,1323.2783203125,1362.1265869140625,1362.1265869140625
2022-10-05,1361.972900390625,1352.837158203125,1352.837158203125
2022-10-06,1352.806640625,1351.70947265625,1351.70947265625
2022-10-07,1351.83642578125,1332.5169677734375,1332.5169677734375
2022-10-08,1332.371337890625,1315.50048828125,1315.50048828125
2022-10-09,1315.460205078125,1322.604248046875,1322.604248046875
2022-10-10,1322.61865234375,1291.337646484375,1291.337646484375
2022-10-11,1291.109619140625,1279.57568359375,1279.57568359375
2022-10-12,1279.7322998046875,1294.9063720703125,1294.9063720703125
2022-10-13,1294.9173583984375,1288.1239013671875,1288.1239013671875
2022-10-14,1288.0487060546875,1297.422119140625,1297.422119140625
2022-10-15,1297.305908203125,1274.8717041015625,1274.8717041015625
2022-10-16,1275.0054931640625,1306.296630859375,1306.296630859375
2022-10-17,1306.3095703125,1331.713623046875,1331.713623046875
2022-10-18,1331.669921875,1310.447021484375,1310.447021484375
2022-10-19,1310.5631103515625,1285.7442626953125,1285.7442626953125
2022-10-20,1285.6602783203125,1283.200927734375,1283.200927734375
2022-10-21,1283.1881103515625,1299.9464111328125,1299.9464111328125
2022-10-22,1299.90234375,1314.2991943359375,1314.2991943359375
2022-10-23,1314.24951171875,1363.447021484375,1363.447021484375
2022-10-24,1363.4918212890625,1344.99853515625,1344.99853515625
2022-10-25,1344.7113037109375,1461.6654052734375,1461.6654052734375
2022-10-26,1461.1331787109375,1566.566650390625,1566.566650390625
2022-10-27,1566.8414306640625,1514.3748779296875,1514.3748779296875
2022-10-28,1514.3231201171875,1555.4779052734375,1555.4779052734375
2022-10-29,1555.274658203125,1619.698486328125,1619.698486328125
2022-10-30,1619.6978759765625,1590.7833251953125,1590.7833251953125
2022-10-31,1590.4813232421875,1572.7144775390625,1572.7144775390625
2022-11-01,1572.6453857421875,1579.70458984375,1579.70458984375
2022-11-02,1579.4979248046875,1519.7117919921875,1519.7117919921875
2022-11-03,1519.724853515625,1531.541748046875,1531.541748046875
2022-11-04,1531.3975830078125,1645.0933837890625,1645.0933837890625
2022-11-05,1645.156494140625,1627.968017578125,1627.968017578125
2022-11-06,1627.901123046875,1572.2347412109375,1572.2347412109375
2022-11-07,1572.0169677734375,1568.59130859375,1568.59130859375
2022-11-08,1568.32958984375,1332.8355712890625,1332.8355712890625
2022-11-09,1333.1224365234375,1100.1697998046875,1100.1697998046875
2022-11-10,1100.107177734375,1299.464599609375,1299.464599609375
2022-11-11,1298.8824462890625,1287.2210693359375,1287.2210693359375
2022-11-12,1287.4383544921875,1255.268310546875,1255.268310546875
2022-11-13,1255.4412841796875,1221.8192138671875,1221.8192138671875
2022-11-14,1221.8955078125,1241.604248046875,1241.604248046875
2022-11-15,1241.677734375,1251.7362060546875,1251.7362060546875
2022-11-16,1251.808837890625,1215.6025390625,1215.6025390625
2022-11-17,1215.8486328125,1200.80859375,1200.80859375
2022-11-18,1200.8021240234375,1212.30029296875,1212.30029296875
2022-11-19,1212.2154541015625,1218.4267578125,1218.4267578125
2022-11-20,1218.436279296875,1142.4666748046875,1142.4666748046875
2022-11-21,1142.395751953125,1108.35302734375,1108.35302734375
2022-11-22,1107.89599609375,1135.1734619140625,1135.1734619140625
2022-11-23,1135.4215087890625,1183.1995849609375,1183.1995849609375
2022-11-24,1183.3450927734375,1203.983154296875,1203.983154296875
2022-11-25,1203.7994384765625,1198.9259033203125,1198.9259033203125
2022-11-26,1198.79052734375,1205.89794921875,1205.89794921875
2022-11-27,1205.9052734375,1195.126953125,1195.126953125
2022-11-28,1194.9603271484375,1170.086181640625,1170.086181640625
2022-11-29,1169.8743896484375,1216.9012451171875,1216.9012451171875
2022-11-30,1216.9287109375,1295.6885986328125,1295.6885986328125
2022-12-01,1295.76953125,1276.27392578125,1276.27392578125
2022-12-02,1276.32861328125,1294.3033447265625,1294.3033447265625
2022-12-03,1294.45654296875,1243.3348388671875,1243.3348388671875
2022-12-04,1243.21923828125,1280.256591796875,1280.256591796875
2022-12-05,1279.9989013671875,1259.6767578125,1259.6767578125
2022-12-06,1259.854248046875,1271.65380859375,1271.65380859375
2022-12-07,1271.5531005859375,1232.4375,1232.4375
2022-12-08,1232.4517822265625,1281.1163330078125,1281.1163330078125
2022-12-09,1281.0772705078125,1264.2847900390625,1264.2847900390625
2022-12-10,1264.37548828125,1266.3841552734375,1266.3841552734375
2022-12-11,1266.4178466796875,1263.8685302734375,1263.8685302734375
2022-12-12,1263.573486328125,1274.6190185546875,1274.6190185546875
2022-12-13,1274.6624755859375,1320.5491943359375,1320.5491943359375
2022-12-14,1320.6885986328125,1309.3287353515625,1309.3287353515625
2022-12-15,1309.1907958984375,1266.3538818359375,1266.3538818359375
2022-12-16,1266.4605712890625,1168.2593994140625,1168.2593994140625
2022-12-17,1168.0667724609375,1188.1495361328125,1188.1495361328125
2022-12-18,1188.1285400390625,1184.7152099609375,1184.7152099609375
2022-12-19,1184.75830078125,1167.60986328125,1167.60986328125
2022-12-20,1167.8826904296875,1217.70361328125,1217.70361328125
2022-12-21,1217.58642578125,1213.5999755859375,1213.5999755859375
2022-12-22,1213.672607421875,1218.18212890625,1218.18212890625
2022-12-23,1218.079345703125,1220.159423828125,1220.159423828125
2022-12-24,1220.117919921875,1221.1485595703125,1221.1485595703125
2022-12-25,1221.1715087890625,1218.9620361328125,1218.9620361328125
2022-12-26,1218.920166015625,1226.974365234375,1226.974365234375
2022-12-27,1226.987060546875,1212.7916259765625,1212.7916259765625
2022-12-28,1212.736572265625,1189.986083984375,1189.986083984375
2022-12-29,1190.0101318359375,1201.5953369140625,1201.5953369140625
2022-12-30,1201.569580078125,1199.2327880859375,1199.2327880859375
2022-12-31,1199.360107421875,1196.771240234375,1196.771240234375
2023-01-01,1196.713623046875,1200.96484375,1200.96484375
2023-01-02,1201.103271484375,1214.6566162109375,1214.6566162109375
2023-01-03,1214.7440185546875,1214.77880859375,1214.77880859375
2023-01-04,1214.7186279296875,1256.526611328125,1256.526611328125
2023-01-05,1256.484619140625,1250.4385986328125,1250.4385986328125
2023-01-06,1250.458984375,1269.3790283203125,1269.3790283203125
2023-01-07,1269.4197998046875,1264.2703857421875,1264.2703857421875
2023-01-08,1264.181884765625,1287.3594970703125,1287.3594970703125
2023-01-09,1287.4508056640625,1321.5389404296875,1321.5389404296875
2023-01-10,1321.3955078125,1336.5860595703125,1336.5860595703125
2023-01-11,1336.48681640625,1387.9327392578125,1387.9327392578125
2023-01-12,1405.3514404296875,1417.9384765625,1417.9384765625
2023-01-13,1417.9461669921875,1451.6148681640625,1451.6148681640625
2023-01-14,1451.428466796875,1550.7069091796875,1550.7069091796875
2023-01-15,1550.7315673828125,1552.4794921875,1552.4794921875
2023-01-16,1552.519287109375,1576.83349609375,1576.83349609375
2023-01-17,1577.107421875,1567.8460693359375,1567.8460693359375
2023-01-18,1567.698974609375,1515.5069580078125,1515.5069580078125
2023-01-19,1515.2496337890625,1552.5565185546875,1552.5565185546875
2023-01-20,1552.3736572265625,1659.754150390625,1659.754150390625
2023-01-21,1659.7060546875,1627.1181640625,1627.1181640625
2023-01-22,1627.365966796875,1628.382080078125,1628.382080078125
2023-01-23,1628.55078125,1628.2510986328125,1628.2510986328125
2023-01-24,1627.8482666015625,1556.604248046875,1556.604248046875
2023-01-25,1556.8074951171875,1611.7110595703125,1611.7110595703125
2023-01-26,1611.0809326171875,1603.10595703125,1603.10595703125
2023-01-27,1603.080078125,1598.156494140625,1598.156494140625
2023-01-28,1598.1253662109375,1572.43505859375,1572.43505859375
2023-01-29,1572.6295166015625,1646.1556396484375,1646.1556396484375
2023-01-30,1646.147705078125,1567.3265380859375,1567.3265380859375
2023-01-31,1567.419921875,1586.535400390625,1586.535400390625
2023-02-01,1586.4881591796875,1641.792724609375,1641.792724609375
2023-02-02,1641.365966796875,1643.2415771484375,1643.2415771484375
2023-02-03,1642.9046630859375,1664.74560546875,1664.74560546875
2023-02-04,1664.4722900390625,1667.0592041015625,1667.0592041015625
2023-02-05,1667.16650390625,1631.6458740234375,1631.6458740234375
2023-02-06,1631.645263671875,1616.2470703125,1616.2470703125
2023-02-07,1616.0096435546875,1672.0035400390625,1672.0035400390625
2023-02-08,1671.9052734375,1650.716796875,1650.716796875
2023-02-09,1651.082275390625,1546.438232421875,1546.438232421875
2023-02-10,1546.5965576171875,1514.869140625,1514.869140625
2023-02-11,1514.94189453125,1539.9267578125,1539.9267578125
2023-02-12,1539.7760009765625,1515.03369140625,1515.03369140625
2023-02-13,1514.9169921875,1507.1658935546875,1507.1658935546875
2023-02-14,1506.9920654296875,1556.8751220703125,1556.8751220703125
2023-02-15,1556.76513671875,1673.7459716796875,1673.7459716796875
2023-02-16,1673.867431640625,1640.067626953125,1640.067626953125
2023-02-17,1640.2801513671875,1694.7833251953125,1694.7833251953125
2023-02-18,1694.7418212890625,1691.8194580078125,1691.8194580078125
2023-02-19,1691.68017578125,1681.4361572265625,1681.4361572265625
2023-02-20,1682.3370361328125,1702.6751708984375,1702.6751708984375
2023-02-21,1702.7978515625,1658.036376953125,1658.036376953125
2023-02-22,1658.1409912109375,1643.231689453125,1643.231689453125
2023-02-23,1643.298583984375,1651.0738525390625,1651.0738525390625
2023-02-24,1650.8951416015625,1608.3731689453125,1608.3731689453125
2023-02-25,1608.6583251953125,1594.9149169921875,1594.9149169921875
2023-02-26,1594.7611083984375,1640.817138671875,1640.817138671875
2023-02-27,1640.763671875,1634.326416015625,1634.326416015625
2023-02-28,1634.50244140625,1605.8951416015625,1605.8951416015625
2023-03-01,1606.0404052734375,1663.4337158203125,1663.4337158203125
2023-03-02,1663.549072265625,1647.3193359375,1647.3193359375
2023-03-03,1647.5577392578125,1569.1676025390625,1569.1676025390625
2023-03-04,1569.278076171875,1566.9239501953125,1566.9239501953125
2023-03-05,1567.1793212890625,1564.46875,1564.46875
2023-03-06,1564.3831787109375,1567.398681640625,1567.398681640625
2023-03-07,1567.4246826171875,1561.93310546875,1561.93310546875
2023-03-08,1561.9779052734375,1534.0882568359375,1534.0882568359375
2023-03-09,1534.0316162109375,1438.6607666015625,1438.6607666015625
2023-03-10,1438.7601318359375,1429.1580810546875,1429.1580810546875
2023-03-11,1429.100830078125,1482.61669921875,1482.61669921875
2023-03-12,1482.431884765625,1590.29296875,1590.29296875
2023-03-13,1590.8311767578125,1680.3089599609375,1680.3089599609375
2023-03-14,1680.2952880859375,1703.507080078125,1703.507080078125
2023-03-15,1705.18994140625,1656.1805419921875,1656.1805419921875
2023-03-16,1656.33203125,1677.2154541015625,1677.2154541015625
2023-03-17,1677.2967529296875,1792.485107421875,1792.485107421875
2023-03-18,1793.5924072265625,1761.65966796875,1761.65966796875
2023-03-19,1762.9632568359375,1785.5765380859375,1785.5765380859375
2023-03-20,1785.416259765625,1735.3212890625,1735.3212890625
2023-03-21,1735.617919921875,1806.7607421875,1806.7607421875
2023-03-22,1804.95703125,1737.717041015625,1737.717041015625
2023-03-23,1737.140869140625,1816.4051513671875,1816.4051513671875
2023-03-24,1815.81982421875,1752.0447998046875,1752.0447998046875
2023-03-25,1751.469482421875,1743.7647705078125,1743.7647705078125
2023-03-26,1743.8421630859375,1775.6767578125,1775.6767578125
2023-03-27,1775.4813232421875,1715.4608154296875,1715.4608154296875
2023-03-28,1715.327392578125,1772.78564453125,1772.78564453125
2023-03-29,1772.89990234375,1793.0018310546875,1793.0018310546875
2023-03-30,1793.345947265625,1792.7371826171875,1792.7371826171875
2023-03-31,1793.6201171875,1822.0220947265625,1822.0220947265625
2023-04-01,1821.704345703125,1813.860595703125,1813.860595703125
2023-04-02,1821.192138671875,1795.7081298828125,1795.7081298828125
2023-04-03,1794.9224853515625,1810.297119140625,1810.297119140625
2023-04-04,1810.14208984375,1871.005126953125,1871.005126953125
2023-04-05,1870.965087890625,1909.114013671875,1909.114013671875
2023-04-06,1909.1435546875,1872.922607421875,1872.922607421875
2023-04-07,1872.734130859375,1865.6361083984375,1865.6361083984375
2023-04-08,1864.6790771484375,1849.4981689453125,1849.4981689453125
2023-04-09,1849.6722412109375,1859.3878173828125,1859.3878173828125
2023-04-10,1859.7412109375,1911.20751953125,1911.20751953125
2023-04-11,1911.3758544921875,1892.189697265625,1892.189697265625
2023-04-12,1891.94970703125,1920.68212890625,1920.68212890625
2023-04-13,1917.6983642578125,2012.6346435546875,2012.6346435546875
2023-04-14,2013.9306640625,2101.635498046875,2101.635498046875
2023-04-15,2101.616455078125,2092.466796875,2092.466796875
2023-04-16,2092.281005859375,2120.005859375,2120.005859375
2023-04-17,2120.001220703125,2076.242919921875,2076.242919921875
2023-04-18,2075.855224609375,2104.537353515625,2104.537353515625
2023-04-19,2103.9462890625,1936.4034423828125,1936.4034423828125
2023-04-20,1936.41796875,1943.09765625,1943.09765625
2023-04-21,1943.409912109375,1849.9998779296875,1849.9998779296875
2023-04-22,1849.2864990234375,1874.2286376953125,1874.2286376953125
2023-04-23,1874.1715087890625,1862.06201171875,1862.06201171875
2023-04-24,1862.0853271484375,1842.7574462890625,1842.7574462890625
2023-04-25,1842.204345703125,1866.753662109375,1866.753662109375
2023-04-26,1866.14892578125,1866.564208984375,1866.564208984375
2023-04-27,1866.6932373046875,1908.786376953125,1908.786376953125
2023-04-28,1909.2730712890625,1892.5128173828125,1892.5128173828125
2023-04-29,1892.5650634765625,1908.9169921875,1908.9169921875
2023-04-30,1908.7413330078125,1876.92431640625,1876.92431640625
2023-05-01,1868.89111328125,1831.954833984375,1831.954833984375
2023-05-02,1831.7265625,1870.789306640625,1870.789306640625
2023-05-03,1870.6871337890625,1904.65185546875,1904.65185546875
2023-05-04,1905.1689453125,1877.7041015625,1877.7041015625
2023-05-05,1877.8331298828125,1995.0609130859375,1995.0609130859375
2023-05-06,1995.4791259765625,1900.2218017578125,1900.2218017578125
2023-05-07,1899.9176025390625,1873.076416015625,1873.076416015625
2023-05-08,1872.47509765625,1849.042724609375,1849.042724609375
2023-05-09,1849.06103515625,1848.6031494140625,1848.6031494140625
2023-05-10,1848.2135009765625,1842.4014892578125,1842.4014892578125
2023-05-11,1842.4920654296875,1796.4906005859375,1796.4906005859375
2023-05-12,1795.1766357421875,1808.019775390625,1808.019775390625
2023-05-13,1808.375,1796.1148681640625,1796.1148681640625
2023-05-14,1796.10791015625,1800.5009765625,1800.5009765625
2023-05-15,1800.3712158203125,1817.5499267578125,1817.5499267578125
2023-05-16,1816.82421875,1824.1214599609375,1824.1214599609375
2023-05-17,1824.068359375,1821.859619140625,1821.859619140625
2023-05-18,1822.0682373046875,1801.728515625,1801.728515625
2023-05-19,1800.994384765625,1812.5894775390625,1812.5894775390625
2023-05-20,1812.76611328125,1820.47802734375,1820.47802734375
2023-05-21,1820.1380615234375,1804.5313720703125,1804.5313720703125
2023-05-22,1804.8419189453125,1817.5347900390625,1817.5347900390625
2023-05-23,1817.7811279296875,1854.380615234375,1854.380615234375
2023-05-24,1854.2996826171875,1800.0999755859375,1800.0999755859375
2023-05-25,1799.84521484375,1805.9537353515625,1805.9537353515625
2023-05-26,1805.7254638671875,1828.689697265625,1828.689697265625
2023-05-27,1828.57568359375,1831.1182861328125,1831.1182861328125
2023-05-28,1831.0986328125,1910.9141845703125,1910.9141845703125
2023-05-29,1909.2974853515625,1893.078125,1893.078125
2023-05-30,1893.0931396484375,1901.026611328125,1901.026611328125
2023-05-31,1901.0982666015625,1874.1304931640625,1874.1304931640625
2023-06-01,1873.9146728515625,1862.201416015625,1862.201416015625
2023-06-02,1862.4237060546875,1907.256591796875,1907.256591796875
2023-06-03,1907.4207763671875,1892.4124755859375,1892.4124755859375
2023-06-04,1892.398193359375,1890.5135498046875,1890.5135498046875
2023-06-05,1890.4176025390625,1811.828369140625,1811.828369140625
2023-06-06,1810.5814208984375,1884.494873046875,1884.494873046875
2023-06-07,1884.3729248046875,1832.39599609375,1832.39599609375
2023-06-08,1832.5135498046875,1846.3018798828125,1846.3018798828125
2023-06-09,1846.077880859375,1840.2252197265625,1840.2252197265625
2023-06-10,1840.3919677734375,1752.384765625,1752.384765625
2023-06-11,1752.527587890625,1753.415283203125,1753.415283203125
2023-06-12,1753.075439453125,1742.5286865234375,1742.5286865234375
2023-06-13,1742.39013671875,1739.03759765625,1739.03759765625
2023-06-14,1739.2501220703125,1650.519287109375,1650.519287109375
2023-06-15,1650.4981689453125,1665.519775390625,1665.519775390625
2023-06-16,1665.41064453125,1716.6688232421875,1716.6688232421875
2023-06-17,1716.6717529296875,1727.2041015625,1727.2041015625
2023-06-18,1727.1937255859375,1720.5775146484375,1720.5775146484375
2023-06-19,1720.50537109375,1737.659423828125,1737.659423828125
2023-06-20,1736.8797607421875,1792.1199951171875,1792.1199951171875
2023-06-21,1791.9949951171875,1891.0072021484375,1891.0072021484375
2023-06-22,1889.79443359375,1872.9429931640625,1872.9429931640625
2023-06-23,1872.540771484375,1892.862060546875,1892.862060546875
2023-06-24,1893.77197265625,1876.0596923828125,1876.0596923828125
2023-06-25,1875.84912109375,1900.506103515625,1900.506103515625
2023-06-26,1900.05029296875,1859.432861328125,1859.432861328125
2023-06-27,1859.34619140625,1889.703369140625,1889.703369140625
2023-06-28,1889.906494140625,1827.97119140625,1827.97119140625
2023-06-29,1828.059326171875,1852.227294921875,1852.227294921875
2023-06-30,1852.0084228515625,1933.18896484375,1933.18896484375
2023-07-01,1933.3238525390625,1924.56591796875,1924.56591796875
2023-07-02,1924.4481201171875,1937.4383544921875,1937.4383544921875
2023-07-03,1937.8837890625,1955.38916015625,1955.38916015625
2023-07-04,1955.524169921875,1936.633544921875,1936.633544921875
2023-07-05,1936.7967529296875,1910.5880126953125,1910.5880126953125
2023-07-06,1910.4171142578125,1848.636474609375,1848.636474609375
2023-07-07,1847.5125732421875,1870.6025390625,1870.6025390625
2023-07-08,1871.0020751953125,1865.53955078125,1865.53955078125
2023-07-09,1865.594970703125,1863.009765625,1863.009765625
2023-07-10,1863.240234375,1880.556396484375,1880.556396484375
2023-07-11,1880.6549072265625,1878.3360595703125,1878.3360595703125
2023-07-12,1878.322021484375,1872.11376953125,1872.11376953125
2023-07-13,1872.040283203125,2006.511474609375,2006.511474609375
2023-07-14,2005.6861572265625,1939.3470458984375,1939.3470458984375
2023-07-15,1939.129638671875,1931.466552734375,1931.466552734375
2023-07-16,1931.64501953125,1923.681884765625,1923.681884765625
2023-07-17,1923.6943359375,1911.6461181640625,1911.6461181640625
2023-07-18,1911.697021484375,1897.5992431640625,1897.5992431640625
2023-07-19,1897.7972412109375,1889.0079345703125,1889.0079345703125
2023-07-20,1889.07373046875,1890.9691162109375,1890.9691162109375
2023-07-21,1891.581298828125,1892.080078125,1892.080078125
2023-07-22,1891.955078125,1864.912353515625,1864.912353515625
2023-07-23,1866.09423828125,1889.191650390625,1889.191650390625
2023-07-24,1888.8095703125,1850.0020751953125,1850.0020751953125
2023-07-25,1850.0279541015625,1857.741943359375,1857.741943359375
2023-07-26,1857.696533203125,1872.159912109375,1872.159912109375
2023-07-27,1872.0863037109375,1860.357177734375,1860.357177734375
2023-07-28,1860.7025146484375,1874.744873046875,1874.744873046875
2023-07-29,1874.5604248046875,1881.06884765625,1881.06884765625
2023-07-30,1880.87158203125,1861.643798828125,1861.643798828125
2023-07-31,1861.7552490234375,1856.162353515625,1856.162353515625
2023-08-01,1856.190185546875,1871.7921142578125,1871.7921142578125
2023-08-02,1873.4681396484375,1839.0897216796875,1839.0897216796875
2023-08-03,1838.89794921875,1835.136474609375,1835.136474609375
2023-08-04,1834.8905029296875,1827.712890625,1827.712890625
2023-08-05,1827.798583984375,1834.9879150390625,1834.9879150390625
2023-08-06,1834.84521484375,1827.4620361328125,1827.4620361328125
2023-08-07,1827.239501953125,1826.9388427734375,1826.9388427734375
2023-08-08,1826.9310302734375,1855.807373046875,1855.807373046875
2023-08-09,1855.7794189453125,1854.297607421875,1854.297607421875
2023-08-10,1854.3482666015625,1850.75341796875,1850.75341796875
2023-08-11,1850.74169921875,1847.1243896484375,1847.1243896484375
2023-08-12,1847.1719970703125,1848.889892578125,1848.889892578125
2023-08-13,1849.0538330078125,1839.2801513671875,1839.2801513671875
2023-08-14,1839.323486328125,1844.185791015625,1844.185791015625
2023-08-15,1844.1641845703125,1826.9327392578125,1826.9327392578125
2023-08-16,1827.036376953125,1805.6590576171875,1805.6590576171875
2023-08-17,1805.5673828125,1684.9334716796875,1684.9334716796875
2023-08-18,1682.0384521484375,1660.945068359375,1660.945068359375
2023-08-19,1660.8443603515625,1669.471923828125,1669.471923828125
2023-08-20,1669.5877685546875,1684.85205078125,1684.85205078125
2023-08-21,1685.0223388671875,1667.26904296875,1667.26904296875
2023-08-22,1667.279296875,1633.892578125,1633.892578125
2023-08-23,1634.4017333984375,1679.2744140625,1679.2744140625
2023-08-24,1679.248291015625,1659.944580078125,1659.944580078125
2023-08-25,1660.2698974609375,1652.93505859375,1652.93505859375
2023-08-26,1652.92724609375,1646.3067626953125,1646.3067626953125
2023-08-27,1646.27197265625,1657.5130615234375,1657.5130615234375
2023-08-28,1657.4398193359375,1652.4573974609375,1652.4573974609375
2023-08-29,1652.274169921875,1729.7257080078125,1729.7257080078125
2023-08-30,1729.6766357421875,1705.1121826171875,1705.1121826171875
2023-08-31,1705.364501953125,1645.63916015625,1645.63916015625
2023-09-01,1645.581298828125,1628.4912109375,1628.4912109375
2023-09-02,1628.5596923828125,1637.025390625,1637.025390625
2023-09-03,1637.0435791015625,1636.11767578125,1636.11767578125
2023-09-04,1635.7247314453125,1629.6552734375,1629.6552734375
2023-09-05,1629.9110107421875,1633.62939453125,1633.62939453125
2023-09-06,1633.912109375,1632.2523193359375,1632.2523193359375
2023-09-07,1632.2628173828125,1647.5982666015625,1647.5982666015625
2023-09-08,1647.8076171875,1636.1378173828125,1636.1378173828125
2023-09-09,1636.0504150390625,1635.162353515625,1635.162353515625
2023-09-10,1635.211669921875,1616.828857421875,1616.828857421875
2023-09-11,1616.769775390625,1551.6376953125,1551.6376953125
2023-09-12,1551.497802734375,1592.429443359375,1592.429443359375
2023-09-13,1592.892333984375,1607.988525390625,1607.988525390625
2023-09-14,1608.0316162109375,1626.974365234375,1626.974365234375
2023-09-15,1626.8701171875,1641.640380859375,1641.640380859375
2023-09-16,1641.4464111328125,1635.2216796875,1635.2216796875
2023-09-17,1635.2010498046875,1622.896728515625,1622.896728515625
2023-09-18,1623.0819091796875,1637.3470458984375,1637.3470458984375
2023-09-19,1637.31201171875,1643.544677734375,1643.544677734375
2023-09-20,1643.495361328125,1622.890625,1622.890625
2023-09-21,1622.591796875,1584.3070068359375,1584.3070068359375
2023-09-22,1584.0025634765625,1593.268310546875,1593.268310546875
2023-09-23,1593.213134765625,1593.8577880859375,1593.8577880859375
2023-09-24,1593.82568359375,1580.8533935546875,1580.8533935546875
2023-09-25,1580.7474365234375,1588.3228759765625,1588.3228759765625
2023-09-26,1588.023193359375,1593.417236328125,1593.417236328125
2023-09-27,1593.1082763671875,1597.4912109375,1597.4912109375
2023-09-28,1597.6719970703125,1652.8826904296875,1652.8826904296875
2023-09-29,1652.9998779296875,1667.94384765625,1667.94384765625
2023-09-30,1667.83447265625,1671.161865234375,1671.161865234375
2023-10-01,1671.1614990234375,1733.8104248046875,1733.8104248046875
2023-10-02,1732.9840087890625,1663.6275634765625,1663.6275634765625
2023-10-03,1662.88720703125,1656.6856689453125,1656.6856689453125
2023-10-04,1656.7359619140625,1647.838134765625,1647.838134765625
2023-10-05,1647.7882080078125,1611.4764404296875,1611.4764404296875
2023-10-06,1611.36572265625,1645.83154296875,1645.83154296875
2023-10-07,1645.8109130859375,1634.51123046875,1634.51123046875
2023-10-08,1634.6573486328125,1633.548583984375,1633.548583984375
2023-10-09,1633.454833984375,1579.806640625,1579.806640625
2023-10-10,1580.112060546875,1567.7130126953125,1567.7130126953125
2023-10-11,1567.6807861328125,1566.2547607421875,1566.2547607421875
2023-10-12,1566.35595703125,1539.6124267578125,1539.6124267578125
2023-10-13,1539.432861328125,1552.0894775390625,1552.0894775390625
2023-10-14,1552.2637939453125,1555.2568359375,1555.2568359375
2023-10-15,1555.0760498046875,1558.06982421875,1558.06982421875
2023-10-16,1558.3134765625,1600.5343017578125,1600.5343017578125
2023-10-17,1600.6356201171875,1565.4395751953125,1565.4395751953125
2023-10-18,1565.3828125,1563.7498779296875,1563.7498779296875
2023-10-19,1563.9581298828125,1567.45703125,1567.45703125
2023-10-20,1567.5709228515625,1604.6668701171875,1604.6668701171875
2023-10-21,1604.822265625,1629.304443359375,1629.304443359375
2023-10-22,1629.2977294921875,1663.429931640625,1663.429931640625
2023-10-23,1674.8492431640625,1765.3826904296875,1765.3826904296875
2023-10-24,1766.0146484375,1784.4375,1784.4375
2023-10-25,1784.905029296875,1787.3975830078125,1787.3975830078125
2023-10-26,1787.48193359375,1804.039306640625,1804.039306640625
2023-10-27,1803.794921875,1780.0452880859375,1780.0452880859375
2023-10-28,1780.084228515625,1776.6181640625,1776.6181640625
2023-10-29,1776.56396484375,1795.5460205078125,1795.5460205078125
2023-10-30,1795.589111328125,1810.088623046875,1810.088623046875
2023-10-31,1810.131591796875,1816.458984375,1816.458984375
2023-11-01,1815.8720703125,1847.0897216796875,1847.0897216796875
2023-11-02,1847.2598876953125,1800.6209716796875,1800.6209716796875
2023-11-03,1800.91650390625,1832.795166015625,1832.795166015625
2023-11-04,1833.368896484375,1857.6986083984375,1857.6986083984375
2023-11-05,1857.3956298828125,1894.15771484375,1894.15771484375
2023-11-06,1894.027099609375,1899.83740234375,1899.83740234375
2023-11-07,1900.5997314453125,1888.124267578125,1888.124267578125
2023-11-08,1887.1190185546875,1889.3223876953125,1889.3223876953125
2023-11-09,1888.9403076171875,2120.56103515625,2120.56103515625
2023-11-10,2121.0673828125,2078.289794921875,2078.289794921875
2023-11-11,2078.058349609375,2052.7138671875,2052.7138671875
2023-11-12,2053.11865234375,2045.18701171875,2045.18701171875
2023-11-13,2045.3544921875,2055.265380859375,2055.265380859375
2023-11-14,2054.765380859375,1979.0526123046875,1979.0526123046875
2023-11-15,1979.47265625,2060.408447265625,2060.408447265625
2023-11-16,2059.9658203125,1960.881591796875,1960.881591796875
2023-11-17,1961.8675537109375,1961.28076171875,1961.28076171875
2023-11-18,1961.6712646484375,1963.2850341796875,1963.2850341796875
2023-11-19,1963.1800537109375,2013.2044677734375,2013.2044677734375
2023-11-20,2011.8533935546875,2022.2391357421875,2022.2391357421875
2023-11-21,2022.21728515625,1937.0667724609375,1937.0667724609375
2023-11-22,1933.5831298828125,2064.42529296875,2064.42529296875
2023-11-23,2063.905517578125,2062.210693359375,2062.210693359375
2023-11-24,2062.411865234375,2081.152099609375,2081.152099609375
2023-11-25,2081.296142578125,2084.4130859375,2084.4130859375
2023-11-26,2084.177490234375,2063.2861328125,2063.2861328125
2023-11-27,2062.390869140625,2027.4173583984375,2027.4173583984375
2023-11-28,2027.5172119140625,2049.338134765625,2049.338134765625
2023-11-29,2049.186767578125,2029.92919921875,2029.92919921875
2023-11-30,2029.3583984375,2052.55615234375,2052.55615234375
2023-12-01,2052.0966796875,2087.139892578125,2087.139892578125
2023-12-02,2087.66357421875,2165.7041015625,2165.7041015625
2023-12-03,2165.895751953125,2193.691650390625,2193.691650390625
2023-12-04,2193.663330078125,2243.2158203125,2243.2158203125
2023-12-05,2243.092529296875,2293.841796875,2293.841796875
2023-12-06,2293.628173828125,2231.661376953125,2231.661376953125
2023-12-07,2233.2177734375,2357.57958984375,2357.57958984375
2023-12-08,2357.169189453125,2358.73193359375,2358.73193359375
2023-12-09,2358.68603515625,2341.17529296875,2341.17529296875
2023-12-10,2341.440185546875,2352.462646484375,2352.462646484375
2023-12-11,2352.49658203125,2224.578857421875,2224.578857421875
2023-12-12,2224.39111328125,2202.0380859375,2202.0380859375
2023-12-13,2202.600341796875,2260.648681640625,2260.648681640625
2023-12-14,2260.736083984375,2316.5791015625,2316.5791015625
2023-12-15,2316.1103515625,2219.33740234375,2219.33740234375
2023-12-16,2220.41552734375,2226.926513671875,2226.926513671875
2023-12-17,2226.892578125,2196.481201171875,2196.481201171875
2023-12-18,2195.341796875,2217.2734375,2217.2734375
2023-12-19,2218.240966796875,2177.87255859375,2177.87255859375
2023-12-20,2177.239501953125,2201.911376953125,2201.911376953125
2023-12-21,2201.7900390625,2239.54248046875,2239.54248046875
2023-12-22,2239.59814453125,2326.52490234375,2326.52490234375
2023-12-23,2326.7158203125,2309.04638671875,2309.04638671875
2023-12-24,2309.626708984375,2265.692138671875,2265.692138671875
2023-12-25,2265.340576171875,2272.561767578125,2272.561767578125
2023-12-26,2272.21875,2231.46533203125,2231.46533203125
2023-12-27,2231.39306640625,2378.739990234375,2378.739990234375
2023-12-28,2380.20068359375,2347.566162109375,2347.566162109375
2023-12-29,2346.84375,2300.690673828125,2300.690673828125
2023-12-30,2300.399658203125,2292.0654296875,2292.0654296875
2023-12-31,2291.9453125,2281.47119140625,2281.47119140625
2024-01-01,2282.870361328125,2352.327880859375,2352.327880859375
2024-01-02,2352.593505859375,2355.83642578125,2355.83642578125
2024-01-03,2355.9814453125,2210.761962890625,2210.761962890625
2024-01-04,2210.529052734375,2269.0380859375,2269.0380859375
2024-01-05,2269.409423828125,2268.647216796875,2268.647216796875
2024-01-06,2269.5400390625,2241.624755859375,2241.624755859375
2024-01-07,2242.0126953125,2222.865966796875,2222.865966796875
2024-01-08,2222.857666015625,2333.03271484375,2333.03271484375
2024-01-09,2332.8681640625,2344.8271484375,2344.8271484375
2024-01-10,2344.923583984375,2582.103515625,2582.103515625
2024-01-11,2584.171630859375,2619.619140625,2619.619140625
2024-01-12,2619.177001953125,2524.460205078125,2524.460205078125
2024-01-13,2522.933837890625,2576.597900390625,2576.597900390625
2024-01-14,2578.003662109375,2472.2412109375,2472.2412109375
2024-01-15,2471.6669921875,2511.36376953125,2511.36376953125
2024-01-16,2510.627197265625,2587.691162109375,2587.691162109375
2024-01-17,2587.044677734375,2528.369384765625,2528.369384765625
2024-01-18,2528.59326171875,2467.018798828125,2467.018798828125
2024-01-19,2468.68896484375,2489.49853515625,2489.49853515625
2024-01-20,2489.84765625,2469.589111328125,2469.589111328125
2024-01-21,2469.798583984375,2453.9130859375,2453.9130859375
2024-01-22,2454.9873046875,2310.826416015625,2310.826416015625
2024-01-23,2310.95166015625,2240.68603515625,2240.68603515625
2024-01-24,2241.749755859375,2233.561767578125,2233.561767578125
2024-01-25,2233.969970703125,2217.710205078125,2217.710205078125
2024-01-26,2217.44189453125,2267.19970703125,2267.19970703125
2024-01-27,2267.3193359375,2267.885986328125,2267.885986328125
2024-01-28,2268.19287109375,2257.208740234375,2257.208740234375
2024-01-29,2256.995361328125,2317.064208984375,2317.064208984375
2024-01-30,2317.435791015625,2344.49365234375,2344.49365234375
2024-01-31,2343.558837890625,2282.54443359375,2282.54443359375
2024-02-01,2282.17529296875,2303.82470703125,2303.82470703125
2024-02-02,2303.7060546875,2308.0380859375,2308.0380859375
2024-02-03,2307.980224609375,2296.038330078125,2296.038330078125
2024-02-04,2296.116943359375,2289.546142578125,2289.546142578125
2024-02-05,2289.20556640625,2298.888916015625,2298.888916015625
2024-02-06,2298.955078125,2372.201904296875,2372.201904296875
2024-02-07,2372.2626953125,2423.7451171875,2423.7451171875
2024-02-08,2424.080078125,2419.906494140625,2419.906494140625
2024-02-09,2419.773681640625,2487.515625,2487.515625
2024-02-10,2487.650390625,2501.228271484375,2501.228271484375
2024-02-11,2501.1298828125,2507.570556640625,2507.570556640625
2024-02-12,2507.578857421875,2658.115966796875,2658.115966796875
2024-02-13,2659.586181640625,2642.185302734375,2642.185302734375
2024-02-14,2641.685302734375,2777.90234375,2777.90234375
2024-02-15,2777.601318359375,2824.37890625,2824.37890625
2024-02-16,2825.480712890625,2803.69140625,2803.69140625
2024-02-17,2803.73583984375,2786.672607421875,2786.672607421875
2024-02-18,2786.709716796875,2878.998046875,2878.998046875
2024-02-19,2881.296875,2943.57470703125,2943.57470703125
2024-02-20,2944.1064453125,3013.503662109375,3013.503662109375
2024-02-21,3015.6533203125,2970.35546875,2970.35546875
2024-02-22,2969.599853515625,2971.00732421875,2971.00732421875
2024-02-23,2970.1396484375,2921.658203125,2921.658203125
2024-02-24,2921.962890625,2992.385986328125,2992.385986328125
2024-02-25,2992.36669921875,3112.697265625,3112.697265625
2024-02-26,3112.529052734375,3178.99365234375,3178.99365234375
2024-02-27,3178.405029296875,3244.519287109375,3244.519287109375
2024-02-28,3243.893310546875,3385.703857421875,3385.703857421875
2024-02-29,3386.802734375,3341.919677734375,3341.919677734375
2024-03-01,3341.9658203125,3435.053955078125,3435.053955078125
2024-03-02,3436.1591796875,3422.0498046875,3422.0498046875
2024-03-03,3422.875244140625,3490.99365234375,3490.99365234375
2024-03-04,3489.340087890625,3630.433837890625,3630.433837890625
2024-03-05,3631.928955078125,3554.964599609375,3554.964599609375
2024-03-06,3554.06787109375,3819.226318359375,3819.226318359375
2024-03-07,3818.31103515625,3874.34765625,3874.34765625
2024-03-08,3874.830810546875,3892.06103515625,3892.06103515625
2024-03-09,3892.119140625,3915.4189453125,3915.4189453125
2024-03-10,3915.590576171875,3881.193115234375,3881.193115234375
2024-03-11,3881.23779296875,4066.445068359375,4066.445068359375
2024-03-12,4066.6904296875,3980.273193359375,3980.273193359375
2024-03-13,3980.26513671875,4006.45703125,4006.45703125
2024-03-14,4005.7451171875,3883.140380859375,3883.140380859375
2024-03-15,3882.85693359375,3735.22021484375,3735.22021484375
2024-03-16,3736.10498046875,3522.860107421875,3522.860107421875
2024-03-17,3523.02978515625,3642.4130859375,3642.4130859375
2024-03-18,3642.298828125,3517.985107421875,3517.985107421875
2024-03-19,3518.34765625,3157.6181640625,3157.6181640625
2024-03-20,3158.396728515625,3513.39306640625,3513.39306640625
2024-03-21,3514.017578125,3492.9912109375,3492.9912109375
2024-03-22,3492.89794921875,3333.68798828125,3333.68798828125
2024-03-23,3335.592529296875,3336.593994140625,3336.593994140625
2024-03-24,3336.666015625,3454.636474609375,3454.636474609375
2024-03-25,3454.8857421875,3590.8837890625,3590.8837890625
2024-03-26,3591.085205078125,3587.5048828125,3587.5048828125
2024-03-27,3587.313720703125,3500.115234375,3500.115234375
2024-03-28,3500.216064453125,3561.2939453125,3561.2939453125
2024-03-29,3561.01171875,3511.80615234375,3511.80615234375
2024-03-30,3511.82763671875,3507.9443359375,3507.9443359375
2024-03-31,3507.95166015625,3647.8564453125,3647.8564453125
2024-04-01,3647.819580078125,3505.030029296875,3505.030029296875
2024-04-02,3504.818359375,3277.234619140625,3277.234619140625
2024-04-03,3277.32421875,3311.44189453125,3311.44189453125
2024-04-04,3311.495361328125,3330.04052734375,3330.04052734375
2024-04-05,3330.005859375,3318.88525390625,3318.88525390625
2024-04-06,3318.86474609375,3354.183837890625,3354.183837890625
2024-04-07,3354.2138671875,3453.49462890625,3453.49462890625
2024-04-08,3453.498779296875,3695.292724609375,3695.292724609375
2024-04-09,3695.341796875,3505.163330078125,3505.163330078125
2024-04-10,3505.156005859375,3543.737060546875,3543.737060546875
2024-04-11,3543.4521484375,3505.247802734375,3505.247802734375
2024-04-12,3505.329833984375,3243.034912109375,3243.034912109375
2024-04-13,3242.94091796875,3004.900390625,3004.900390625
2024-04-14,3005.547607421875,3156.94189453125,3156.94189453125
2024-04-15,3156.830078125,3101.600341796875,3101.600341796875
2024-04-16,3101.140625,3084.920166015625,3084.920166015625
2024-04-17,3084.923583984375,2984.7275390625,2984.7275390625
2024-04-18,2984.705322265625,3066.027587890625,3066.027587890625
2024-04-19,3065.953125,3059.278564453125,3059.278564453125
2024-04-20,3059.47802734375,3157.627197265625,3157.627197265625
2024-04-21,3157.571044921875,3147.28857421875,3147.28857421875
2024-04-22,3147.66357421875,3201.652099609375,3201.652099609375
2024-04-23,3201.588623046875,3219.91162109375,3219.91162109375
2024-04-24,3219.95703125,3139.80517578125,3139.80517578125
2024-04-25,3139.624267578125,3156.509521484375,3156.509521484375
2024-04-26,3156.384033203125,3130.164794921875,3130.164794921875
2024-04-27,3129.72705078125,3252.168212890625,3252.168212890625
2024-04-28,3252.24560546875,3262.774658203125,3262.774658203125
2024-04-29,3262.3408203125,3215.428955078125,3215.428955078125
2024-04-30,3215.381103515625,3012.286865234375,3012.286865234375
2024-05-01,3011.015625,2969.78466796875,2969.78466796875
2024-05-02,2969.79443359375,2988.16845703125,2988.16845703125
2024-05-03,2988.134521484375,3103.5419921875,3103.5419921875
2024-05-04,3103.61962890625,3117.576416015625,3117.576416015625
2024-05-05,3117.636962890625,3137.2490234375,3137.2490234375
2024-05-06,3137.51025390625,3062.728759765625,3062.728759765625
2024-05-07,3062.7509765625,3006.5771484375,3006.5771484375
2024-05-08,3006.315673828125,2973.6572265625,2973.6572265625
2024-05-09,2973.9716796875,3036.0205078125,3036.0205078125
2024-05-10,3036.231201171875,2909.791259765625,2909.791259765625
2024-05-11,2909.845458984375,2911.60205078125,2911.60205078125
2024-05-12,2911.658203125,2928.701904296875,2928.701904296875
2024-05-13,2928.81396484375,2949.359619140625,2949.359619140625
2024-05-14,2949.213134765625,2881.157958984375,2881.157958984375
2024-05-15,2881.224609375,3037.056640625,3037.056640625
2024-05-16,3036.01416015625,2945.131103515625,2945.131103515625
2024-05-17,2945.136962890625,3094.11865234375,3094.11865234375
2024-05-18,3094.553466796875,3122.948974609375,3122.948974609375
2024-05-19,3122.82470703125,3071.843017578125,3071.843017578125
2024-05-20,3071.85888671875,3663.85546875,3663.85546875
2024-05-21,3663.01123046875,3789.312744140625,3789.312744140625
2024-05-22,3789.372802734375,3737.2177734375,3737.2177734375
2024-05-23,3737.178466796875,3776.92724609375,3776.92724609375
2024-05-24,3776.992431640625,3726.9345703125,3726.9345703125
2024-05-25,3726.9755859375,3749.236572265625,3749.236572265625
2024-05-26,3749.179931640625,3825.8974609375,3825.8974609375
2024-05-27,3826.127197265625,3892.0068359375,3892.0068359375
2024-05-28,3892.096923828125,3840.25634765625,3840.25634765625
2024-05-29,3840.235107421875,3763.196533203125,3763.196533203125
2024-05-30,3763.357666015625,3746.849609375,3746.849609375
2024-05-31,3746.861572265625,3760.026611328125,3760.026611328125
2024-06-01,3759.88427734375,3813.198974609375,3813.198974609375
2024-06-02,3813.275634765625,3780.89599609375,3780.89599609375
2024-06-03,3780.854248046875,3766.38916015625,3766.38916015625
2024-06-04,3766.476318359375,3812.515869140625,3812.515869140625
2024-06-05,3812.560791015625,3864.260986328125,3864.260986328125
2024-06-06,3864.263427734375,3811.60595703125,3811.60595703125
2024-06-07,3811.666015625,3678.629150390625,3678.629150390625
2024-06-08,3677.400390625,3680.949951171875,3680.949951171875
2024-06-09,3680.93603515625,3705.90380859375,3705.90380859375
2024-06-10,3705.877197265625,3666.717529296875,3666.717529296875
2024-06-11,3666.35888671875,3498.33056640625,3498.33056640625
2024-06-12,3497.89697265625,3559.61767578125,3559.61767578125
2024-06-13,3559.725341796875,3469.28125,3469.28125
2024-06-14,3467.969970703125,3480.27197265625,3480.27197265625
2024-06-15,3479.78564453125,3565.549560546875,3565.549560546875
2024-06-16,3566.761962890625,3620.5634765625,3620.5634765625
2024-06-17,3622.383544921875,3511.37890625,3511.37890625
2024-06-18,3510.565185546875,3483.681396484375,3483.681396484375
2024-06-19,3482.350830078125,3559.347412109375,3559.347412109375
2024-06-20,3559.347412109375,3511.0869140625,3511.0869140625
2024-06-21,3511.268310546875,3516.07568359375,3516.07568359375
2024-06-22,3516.55126953125,3494.8134765625,3494.8134765625
2024-06-23,3494.953857421875,3418.61181640625,3418.61181640625
2024-06-24,3418.783203125,3350.25634765625,3350.25634765625
2024-06-25,3350.5556640625,3395.029052734375,3395.029052734375
2024-06-26,3394.373291015625,3369.477294921875,3369.477294921875
2024-06-27,3368.88623046875,3444.800537109375,3444.800537109375
2024-06-28,3445.498779296875,3373.635986328125,3373.635986328125
2024-06-29,3373.68994140625,3372.9677734375,3372.9677734375
2024-06-30,3373.07568359375,3432.88916015625,3432.88916015625
2024-07-01,3432.607421875,3440.341552734375,3440.341552734375
2024-07-02,3439.38134765625,3416.354736328125,3416.354736328125
2024-07-03,3416.2548828125,3292.916748046875,3292.916748046875
2024-07-04,3291.81787109375,3054.52197265625,3054.52197265625
2024-07-05,3057.833251953125,2981.5986328125,2981.5986328125
2024-07-06,2981.988037109375,3069.3779296875,3069.3779296875
2024-07-07,3067.405029296875,2929.38720703125,2929.38720703125
2024-07-08,2929.861572265625,3018.73193359375,3018.73193359375
2024-07-09,3018.80322265625,3064.032958984375,3064.032958984375
2024-07-10,3066.13720703125,3102.21875,3102.21875
2024-07-11,3101.335205078125,3100.330810546875,3100.330810546875
2024-07-12,3099.989990234375,3134.15869140625,3134.15869140625
2024-07-13,3134.550537109375,3177.19873046875,3177.19873046875
2024-07-14,3176.741455078125,3244.0791015625,3244.0791015625
2024-07-15,3246.131591796875,3489.552734375,3489.552734375
2024-07-16,3486.14404296875,3443.513427734375,3443.513427734375
2024-07-17,3446.73681640625,3388.75244140625,3388.75244140625
2024-07-18,3388.030029296875,3426.258544921875,3426.258544921875
2024-07-19,3425.90869140625,3505.73486328125,3505.73486328125
2024-07-20,3505.721435546875,3519.29541015625,3519.29541015625
2024-07-21,3519.426513671875,3536.60546875,3536.60546875
2024-07-22,3536.627197265625,3440.419921875,3440.419921875
2024-07-23,3440.768310546875,3481.995849609375,3481.995849609375
2024-07-24,3482.15185546875,3336.33935546875,3336.33935546875
2024-07-25,3336.3623046875,3174.42724609375,3174.42724609375
2024-07-26,3174.051025390625,3275.951416015625,3275.951416015625
2024-07-27,3275.8916015625,3247.60791015625,3247.60791015625
2024-07-28,3247.50732421875,3271.464599609375,3271.464599609375
2024-07-29,3271.453369140625,3320.539306640625,3320.539306640625
2024-07-30,3320.63525390625,3278.667724609375,3278.667724609375
2024-07-31,3278.6865234375,3231.295654296875,3231.295654296875
2024-08-01,3231.248779296875,3201.564453125,3201.564453125
2024-08-02,3201.599365234375,2986.01318359375,2986.01318359375
2024-08-03,2985.950927734375,2903.3857421875,2903.3857421875
2024-08-04,2903.088623046875,2686.39892578125,2686.39892578125
2024-08-05,2686.027587890625,2417.206298828125,2417.206298828125
2024-08-06,2417.269775390625,2458.723876953125,2458.723876953125
2024-08-07,2458.989013671875,2336.58935546875,2336.58935546875
2024-08-08,2336.9150390625,2683.352783203125,2683.352783203125
2024-08-09,2683.719970703125,2599.5986328125,2599.5986328125
2024-08-10,2599.582275390625,2610.02294921875,2610.02294921875
2024-08-11,2609.9697265625,2553.252197265625,2553.252197265625
2024-08-12,2553.49658203125,2724.431884765625,2724.431884765625
2024-08-13,2724.303466796875,2703.671875,2703.671875
2024-08-14,2703.5869140625,2662.914794921875,2662.914794921875
2024-08-15,2662.885498046875,2570.087646484375,2570.087646484375
2024-08-16,2570.085205078125,2593.1865234375,2593.1865234375
2024-08-17,2593.1669921875,2614.546875,2614.546875
2024-08-18,2614.109619140625,2613.357177734375,2613.357177734375
2024-08-19,2612.718505859375,2637.306396484375,2637.306396484375
2024-08-20,2637.306396484375,2573.10693359375,2573.10693359375
2024-08-21,2573.10888671875,2631.3955078125,2631.3955078125
2024-08-22,2630.8642578125,2622.951416015625,2622.951416015625
2024-08-23,2622.916015625,2764.447021484375,2764.447021484375
2024-08-24,2765.4814453125,2769.3896484375,2769.3896484375
2024-08-25,2769.09814453125,2749.15771484375,2749.15771484375
2024-08-26,2749.24755859375,2681.340576171875,2681.340576171875
2024-08-27,2681.622802734375,2458.7265625,2458.7265625
2024-08-28,2458.90478515625,2528.41552734375,2528.41552734375
2024-08-29,2528.3623046875,2528.792724609375,2528.792724609375
2024-08-30,2528.732177734375,2525.822021484375,2525.822021484375
2024-08-31,2525.859130859375,2513.393798828125,2513.393798828125
2024-09-01,2513.42431640625,2427.90234375,2427.90234375
2024-09-02,2427.973388671875,2538.187255859375,2538.187255859375
2024-09-03,2538.16064453125,2420.603759765625,2420.603759765625
2024-09-04,2420.1923828125,2448.97705078125,2448.97705078125
2024-09-05,2448.98681640625,2367.737548828125,2367.737548828125
2024-09-06,2367.700927734375,2223.87646484375,2223.87646484375
2024-09-07,2223.92919921875,2274.107177734375,2274.107177734375
2024-09-08,2274.437744140625,2297.29296875,2297.29296875
2024-09-09,2297.896240234375,2358.482177734375,2358.482177734375
2024-09-10,2358.497802734375,2389.5810546875,2389.5810546875
2024-09-11,2389.603759765625,2339.841552734375,2339.841552734375
2024-09-12,2339.8408203125,2361.78173828125,2361.78173828125
2024-09-13,2361.740966796875,2441.607177734375,2441.607177734375
2024-09-14,2441.580810546875,2418.595703125,2418.595703125
2024-09-15,2418.26611328125,2320.897216796875,2320.897216796875
2024-09-16,2320.89453125,2295.28369140625,2295.28369140625
2024-09-17,2295.284423828125,2341.707763671875,2341.707763671875
2024-09-18,2341.73291015625,2369.72900390625,2369.72900390625
2024-09-19,2369.374755859375,2464.752197265625,2464.752197265625
2024-09-20,2464.7822265625,2561.072021484375,2561.072021484375
2024-09-21,2560.879638671875,2615.857177734375,2615.857177734375
2024-09-22,2615.84814453125,2582.862548828125,2582.862548828125
2024-09-23,2582.77490234375,2648.54638671875,2648.54638671875
2024-09-24,2648.482177734375,2654.35498046875,2654.35498046875
2024-09-25,2654.361572265625,2579.388671875,2579.388671875
2024-09-26,2579.217529296875,2632.199951171875,2632.199951171875
2024-09-27,2632.241943359375,2695.900634765625,2695.900634765625
2024-09-28,2695.81591796875,2677.5390625,2677.5390625
2024-09-29,2677.628662109375,2659.346923828125,2659.346923828125
2024-09-30,2659.292724609375,2603.062744140625,2603.062744140625
2024-10-01,2603.26416015625,2448.921142578125,2448.921142578125
2024-10-02,2448.877197265625,2365.231689453125,2365.231689453125
2024-10-03,2365.213623046875,2349.791259765625,2349.791259765625
2024-10-04,2349.73291015625,2414.7939453125,2414.7939453125
2024-10-05,2414.84716796875,2415.6318359375,2415.6318359375
2024-10-06,2415.53173828125,2439.957763671875,2439.957763671875
2024-10-07,2439.94482421875,2421.796630859375,2421.796630859375
2024-10-08,2421.98095703125,2439.8408203125,2439.8408203125
2024-10-09,2439.840087890625,2368.283447265625,2368.283447265625
2024-10-10,2368.273193359375,2383.85791015625,2383.85791015625
2024-10-11,2383.940185546875,2436.513427734375,2436.513427734375
2024-10-12,2436.515625,2476.523193359375,2476.523193359375
2024-10-13,2476.520263671875,2467.677001953125,2467.677001953125
2024-10-14,2467.6474609375,2628.89990234375,2628.89990234375
2024-10-15,2629.017578125,2606.02197265625,2606.02197265625
2024-10-16,2606.01953125,2611.10205078125,2611.10205078125
2024-10-17,2611.192138671875,2604.2734375,2604.2734375
2024-10-18,2604.814453125,2641.55224609375,2641.55224609375
2024-10-19,2641.48828125,2648.656982421875,2648.656982421875
2024-10-20,2648.665771484375,2746.364013671875,2746.364013671875
2024-10-21,2746.3056640625,2665.712158203125,2665.712158203125
2024-10-22,2665.65673828125,2620.197509765625,2620.197509765625
2024-10-23,2620.088623046875,2509.098876953125,2509.098876953125
2024-10-24,2523.60693359375,2534.49853515625,2534.49853515625
2024-10-25,2534.454833984375,2435.93408203125,2435.93408203125
2024-10-26,2436.050048828125,2479.603271484375,2479.603271484375
2024-10-27,2479.93701171875,2505.940673828125,2505.940673828125
2024-10-28,2505.590576171875,2565.34814453125,2565.34814453125
2024-10-29,2565.41796875,2637.95751953125,2637.95751953125
2024-10-30,2637.64013671875,2657.37255859375,2657.37255859375
2024-10-31,2657.213134765625,2515.79931640625,2515.79931640625
2024-11-01,2515.870361328125,2511.885498046875,2511.885498046875
2024-11-02,2512.208251953125,2491.068603515625,2491.068603515625
2024-11-03,2491.094482421875,2456.42529296875,2456.42529296875
2024-11-04,2456.09521484375,2397.0263671875,2397.0263671875
2024-11-05,2397.036376953125,2422.650634765625,2422.650634765625
2024-11-06,2422.539306640625,2724.169189453125,2724.169189453125
2024-11-07,2724.005859375,2895.58544921875,2895.58544921875
2024-11-08,2895.597900390625,2962.296630859375,2962.296630859375
2024-11-09,2962.791015625,3131.14453125,3131.14453125
2024-11-10,3130.729248046875,3191.331298828125,3191.331298828125
2024-11-11,3191.656982421875,3374.81298828125,3374.81298828125
2024-11-12,3375.15478515625,3246.25732421875,3246.25732421875
2024-11-13,3244.543212890625,3192.595947265625,3192.595947265625
2024-11-14,3192.5205078125,3058.94873046875,3058.94873046875
2024-11-15,3059.526123046875,3103.04052734375,3103.04052734375
2024-11-16,3089.739990234375,3133.27392578125,3133.27392578125
2024-11-17,3133.306640625,3075.66162109375,3075.66162109375
2024-11-18,3075.722900390625,3207.8564453125,3207.8564453125
2024-11-19,3208.25048828125,3111.384033203125,3111.384033203125
2024-11-20,3111.116943359375,3072.18798828125,3072.18798828125
2024-11-21,3072.05517578125,3361.053955078125,3361.053955078125
2024-11-22,3360.654296875,3331.600830078125,3331.600830078125
2024-11-23,3331.6455078125,3396.223388671875,3396.223388671875
2024-11-24,3396.99951171875,3363.659912109375,3363.659912109375
2024-11-25,3364.6015625,3413.5439453125,3413.5439453125
2024-11-26,3412.950927734375,3326.517333984375,3326.517333984375
2024-11-27,3326.029052734375,3657.249267578125,3657.249267578125
2024-11-28,3656.609619140625,3579.8115234375,3579.8115234375
2024-11-29,3579.91064453125,3593.494384765625,3593.494384765625
2024-11-30,3593.59814453125,3705.705322265625,3705.705322265625
2024-12-01,3706.619873046875,3711.1650390625,3711.1650390625
2024-12-02,3710.495361328125,3644.198486328125,3644.198486328125
2024-12-03,3643.7421875,3620.711669921875,3620.711669921875
2024-12-04,3620.03759765625,3841.3310546875,3841.3310546875
2024-12-05,3840.844482421875,3811.00830078125,3811.00830078125
2024-12-06,3792.20849609375,4005.810546875,4005.810546875
2024-12-07,4006.02880859375,4002.692626953125,4002.692626953125
2024-12-08,4007.690673828125,4005.70458984375,4005.70458984375
2024-12-09,4006.101806640625,3718.6904296875,3718.6904296875
2024-12-10,3719.00048828125,3631.833740234375,3631.833740234375
2024-12-11,3631.276123046875,3832.822021484375,3832.822021484375
2024-12-12,3833.172119140625,3883.1015625,3883.1015625
2024-12-13,3883.030029296875,3911.205322265625,3911.205322265625
2024-12-14,3910.847900390625,3868.4052734375,3868.4052734375
2024-12-15,3868.441162109375,3951.941162109375,3951.941162109375
2024-12-16,3951.65283203125,3987.48095703125,3987.48095703125
2024-12-17,3987.333984375,3886.76611328125,3886.76611328125
2024-12-18,3886.886962890625,3618.791259765625,3618.791259765625
2024-12-19,3619.58203125,3417.927978515625,3417.927978515625
2024-12-20,3417.93017578125,3472.553466796875,3472.553466796875
2024-12-21,3472.589111328125,3337.222412109375,3337.222412109375
2024-12-22,3336.998779296875,3277.53515625,3277.53515625
2024-12-23,3277.51416015625,3415.785400390625,3415.785400390625
2024-12-24,3415.738037109375,3492.0498046875,3492.0498046875
2024-12-25,3491.95751953125,3493.2353515625,3493.2353515625
2024-12-26,3493.30419921875,3331.225830078125,3331.225830078125
2024-12-27,3331.0537109375,3328.9169921875,3328.9169921875
2024-12-28,3328.774658203125,3397.90234375,3397.90234375
2024-12-29,3397.862548828125,3349.513427734375,3349.513427734375
2024-12-30,3349.5859375,3356.392578125,3356.392578125
2024-12-31,3356.394775390625,3332.53173828125,3332.53173828125
2025-01-01,3332.406494140625,3353.504150390625,3353.504150390625
2025-01-02,3353.412109375,3451.392578125,3451.392578125
2025-01-03,3451.680908203125,3605.009765625,3605.009765625
2025-01-04,3605.20068359375,3657.706787109375,3657.706787109375
2025-01-05,3657.7431640625,3634.103759765625,3634.103759765625
2025-01-06,3634.11376953125,3688.611328125,3688.611328125
2025-01-07,3688.34130859375,3381.577392578125,3381.577392578125
2025-01-08,3381.615478515625,3326.329345703125,3326.329345703125
2025-01-09,3326.359619140625,3219.4306640625,3219.4306640625
2025-01-10,3219.49658203125,3267.489990234375,3267.489990234375
2025-01-11,3267.5224609375,3282.2177734375,3282.2177734375
2025-01-12,3282.150390625,3265.951171875,3265.951171875
2025-01-13,3266.095458984375,3135.499755859375,3135.499755859375
2025-01-14,3135.670166015625,3223.6845703125,3223.6845703125
2025-01-15,3223.6845703125,3450.53759765625,3450.53759765625
2025-01-16,3450.30517578125,3308.34521484375,3308.34521484375
2025-01-17,3308.191162109375,3474.107177734375,3474.107177734375
2025-01-18,3473.563720703125,3305.78955078125,3305.78955078125
2025-01-19,3305.39794921875,3208.96435546875,3208.96435546875
2025-01-20,3208.933837890625,3278.035400390625,3278.035400390625
2025-01-21,3278.43603515625,3327.40625,3327.40625
2025-01-22,3327.2373046875,3240.224609375,3240.224609375
2025-01-23,3240.475341796875,3334.714111328125,3334.714111328125
2025-01-24,3334.808349609375,3309.554931640625,3309.554931640625
2025-01-25,3309.711669921875,3317.26953125,3317.26953125
2025-01-26,3317.29150390625,3236.13427734375,3236.13427734375
2025-01-27,3235.855224609375,3178.92041015625,3178.92041015625
2025-01-28,3179.0869140625,3077.112548828125,3077.112548828125
2025-01-29,3076.380126953125,3112.9990234375,3112.9990234375
2025-01-30,3113.289794921875,3247.780029296875,3247.780029296875
2025-01-31,3247.8671875,3298.26513671875,3298.26513671875
2025-02-01,3298.822265625,3118.32861328125,3118.32861328125
2025-02-02,3118.611572265625,2868.69287109375,2868.69287109375
2025-02-03,2868.07861328125,2884.566650390625,2884.566650390625
2025-02-04,2883.818359375,2735.05126953125,2735.05126953125
2025-02-05,2735.225830078125,2787.779052734375,2787.779052734375
2025-02-06,2787.65869140625,2688.40087890625,2688.40087890625
2025-02-07,2688.8974609375,2622.211181640625,2622.211181640625
2025-02-08,2623.001953125,2632.308349609375,2632.308349609375
2025-02-09,2632.578125,2628.72119140625,2628.72119140625
2025-02-10,2628.650146484375,2661.166748046875,2661.166748046875
2025-02-11,2661.315673828125,2602.781982421875,2602.781982421875
2025-02-12,2602.828125,2736.902099609375,2736.902099609375
2025-02-13,2737.028564453125,2675.902587890625,2675.902587890625
2025-02-14,2675.939453125,2726.091552734375,2726.091552734375
2025-02-15,2726.07470703125,2693.559814453125,2693.559814453125
2025-02-16,2693.5625,2663.31591796875,2663.31591796875
2025-02-17,2663.2294921875,2743.19970703125,2743.19970703125
2025-02-18,2743.02294921875,2669.3388671875,2669.3388671875
2025-02-19,2669.21337890625,2715.77099609375,2715.77099609375
2025-02-20,2715.6826171875,2740.386474609375,2740.386474609375
2025-02-21,2740.022216796875,2659.655517578125,2659.655517578125
2025-02-22,2660.035888671875,2764.029296875,2764.029296875
2025-02-23,2764.031005859375,2821.310302734375,2821.310302734375
2025-02-24,2820.456298828125,2513.8212890625,2513.8212890625
2025-02-25,2514.2109375,2493.592529296875,2493.592529296875
2025-02-26,2493.381591796875,2331.45263671875,2331.45263671875
2025-02-27,2331.51025390625,2305.484375,2305.484375
2025-02-28,2305.56005859375,2237.9052734375,2237.9052734375
2025-03-01,2237.942138671875,2216.643310546875,2216.643310546875
2025-03-02,2216.521728515625,2519.694580078125,2519.694580078125
2025-03-03,2519.531005859375,2145.573974609375,2145.573974609375
2025-03-04,2145.65283203125,2170.01513671875,2170.01513671875
2025-03-05,2169.98681640625,2241.977294921875,2241.977294921875
2025-03-06,2241.906494140625,2202.476806640625,2202.476806640625
2025-03-07,2202.498291015625,2138.987548828125,2138.987548828125
2025-03-08,2139.7978515625,2201.51025390625,2201.51025390625
2025-03-09,2201.708740234375,2015.5091552734375,2015.5091552734375
2025-03-10,2015.430419921875,1861.1513671875,1861.1513671875
2025-03-11,1859.7777099609375,1919.844970703125,1919.844970703125
2025-03-12,1919.664794921875,1908.982666015625,1908.982666015625
2025-03-13,1909.015380859375,1862.9696044921875,1862.9696044921875
2025-03-14,1862.9979248046875,1909.467529296875,1909.467529296875
2025-03-15,1909.528076171875,1937.3946533203125,1937.3946533203125
2025-03-16,1937.384765625,1887.43505859375,1887.43505859375
2025-03-17,1887.44921875,1927.0029296875,1927.0029296875
2025-03-18,1927.0057373046875,1932.54345703125,1932.54345703125
2025-03-19,1932.5445556640625,2057.7490234375,2057.7490234375
2025-03-20,2057.951171875,1982.099853515625,1982.099853515625
2025-03-21,1981.85302734375,1964.8475341796875,1964.8475341796875
2025-03-22,1964.9404296875,1980.037841796875,1980.037841796875
2025-03-23,1979.983642578125,2005.2991943359375,2005.2991943359375
2025-03-24,2005.7183837890625,2077.47900390625,2077.47900390625
2025-03-25,2078.568115234375,2067.76416015625,2067.76416015625
2025-03-26,2067.5087890625,2009.1893310546875,2009.1893310546875
2025-03-27,2008.9405517578125,2002.357421875,2002.357421875
2025-03-28,2002.4105224609375,1895.5029296875,1895.5029296875
2025-03-29,1895.5496826171875,1827.3203125,1827.3203125
2025-03-30,1827.31103515625,1806.2186279296875,1806.2186279296875
2025-03-31,1806.3165283203125,1823.47998046875,1823.47998046875
2025-04-01,1823.5623779296875,1905.491455078125,1905.491455078125
2025-04-02,1905.484619140625,1795.313232421875,1795.313232421875
2025-04-03,1794.97607421875,1815.63720703125,1815.63720703125
2025-04-04,1815.60986328125,1815.335205078125,1815.335205078125
2025-04-05,1815.344970703125,1805.9732666015625,1805.9732666015625
2025-04-06,1805.9630126953125,1576.72802734375,1576.72802734375
2025-04-07,1576.9498291015625,1555.240966796875,1555.240966796875
2025-04-08,1554.93212890625,1472.5531005859375,1472.5531005859375
2025-04-09,1472.6014404296875,1668.0400390625,1668.0400390625
2025-04-10,1668.2017822265625,1522.518798828125,1522.518798828125
2025-04-11,1522.4730224609375,1567.1497802734375,1567.1497802734375
2025-04-12,1567.15576171875,1643.528564453125,1643.528564453125
2025-04-13,1643.5010986328125,1596.685791015625,1596.685791015625
2025-04-14,1596.8818359375,1622.7698974609375,1622.7698974609375
2025-04-15,1622.7718505859375,1588.6324462890625,1588.6324462890625
2025-04-16,1589.031005859375,1578.1053466796875,1578.1053466796875
2025-04-17,1578.01416015625,1582.54833984375,1582.54833984375
2025-04-18,1582.397216796875,1588.9246826171875,1588.9246826171875
2025-04-19,1588.9697265625,1612.9228515625,1612.9228515625
2025-04-20,1612.966064453125,1587.5142822265625,1587.5142822265625
2025-04-21,1587.4609375,1579.7344970703125,1579.7344970703125
2025-04-22,1579.815185546875,1757.3316650390625,1757.3316650390625
2025-04-23,1757.196533203125,1796.104248046875,1796.104248046875
2025-04-24,1795.9794921875,1769.8316650390625,1769.8316650390625
2025-04-25,1770.003662109375,1786.634521484375,1786.634521484375
2025-04-26,1786.532958984375,1821.881103515625,1821.881103515625
2025-04-27,1822.175537109375,1792.864990234375,1792.864990234375
2025-04-28,1792.4461669921875,1798.851806640625,1798.851806640625
2025-04-29,1798.9122314453125,1799.1756591796875,1799.1756591796875
2025-04-30,1799.2091064453125,1793.775390625,1793.775390625
2025-05-01,1794.041015625,1839.2215576171875,1839.2215576171875
2025-05-02,1839.1748046875,1842.7078857421875,1842.7078857421875
2025-05-03,1842.7181396484375,1833.8397216796875,1833.8397216796875
2025-05-04,1833.647216796875,1808.59423828125,1808.59423828125
2025-05-05,1808.7049560546875,1819.697509765625,1819.697509765625
2025-05-06,1819.7340087890625,1815.0875244140625,1815.0875244140625
2025-05-07,1815.0189208984375,1811.606689453125,1811.606689453125
2025-05-08,1811.54638671875,2206.5146484375,2206.5146484375
2025-05-09,2206.128173828125,2345.50732421875,2345.50732421875
2025-05-10,2345.760498046875,2582.422607421875,2582.422607421875
2025-05-11,2582.71044921875,2510.23779296875,2510.23779296875
2025-05-12,2510.289306640625,2496.397705078125,2496.397705078125
2025-05-13,2496.33740234375,2680.129638671875,2680.129638671875
2025-05-14,2680.26220703125,2610.063232421875,2610.063232421875
2025-05-15,2610.02783203125,2546.85693359375,2546.85693359375
2025-05-16,2547.058349609375,2536.297607421875,2536.297607421875
2025-05-17,2536.297607421875,2475.75439453125,2475.75439453125
2025-05-18,2475.76953125,2498.233642578125,2498.233642578125
2025-05-19,2498.800048828125,2529.166748046875,2529.166748046875
2025-05-20,2529.135009765625,2524.173095703125,2524.173095703125
2025-05-21,2524.1591796875,2552.34716796875,2552.34716796875
2025-05-22,2552.766845703125,2664.156982421875,2664.156982421875
2025-05-23,2664.08203125,2526.44189453125,2526.44189453125
2025-05-24,2526.387939453125,2530.646240234375,2530.646240234375
2025-05-25,2530.89013671875,2551.763916015625,2551.763916015625
2025-05-26,2551.380859375,2564.138427734375,2564.138427734375
2025-05-27,2564.140869140625,2663.06982421875,2663.06982421875
2025-05-28,2663.01025390625,2682.212890625,2682.212890625
2025-05-29,2681.84326171875,2632.65478515625,2632.65478515625
2025-05-30,2632.8359375,2529.943603515625,2529.943603515625
2025-05-31,2529.833984375,2529.08740234375,2529.08740234375
2025-06-01,2529.0966796875,2536.266357421875,2536.266357421875
2025-06-02,2536.184814453125,2607.097412109375,2607.097412109375
2025-06-03,2607.197509765625,2593.2802734375,2593.2802734375
2025-06-04,2593.482666015625,2608.64306640625,2608.64306640625
2025-06-05,2608.607177734375,2416.28564453125,2416.28564453125
2025-06-06,2416.455078125,2477.19482421875,2477.19482421875
2025-06-07,2477.183349609375,2526.50537109375,2526.50537109375
2025-06-08,2526.193359375,2510.787109375,2510.787109375
2025-06-09,2510.838134765625,2681.51708984375,2681.51708984375
2025-06-10,2681.285400390625,2813.517578125,2813.517578125
2025-06-11,2813.73974609375,2773.529296875,2773.529296875
2025-06-12,2773.597900390625,2651.795166015625,2651.795166015625
2025-06-13,2651.91552734375,2579.486083984375,2579.486083984375
2025-06-14,2579.721435546875,2533.444091796875,2533.444091796875
2025-06-15,2533.183349609375,2546.837158203125,2546.837158203125
2025-06-16,2547.226806640625,2540.60498046875,2540.60498046875
2025-06-17,2540.314453125,2510.761474609375,2510.761474609375
2025-06-18,2510.81689453125,2524.301513671875,2524.301513671875
2025-06-19,2524.404052734375,2521.653564453125,2521.653564453125
2025-06-20,2521.5263671875,2407.30419921875,2407.30419921875
2025-06-21,2407.34765625,2300.49560546875,2300.49560546875
2025-06-22,2298.8427734375,2228.213134765625,2228.213134765625
2025-06-23,2228.484619140625,2421.824951171875,2421.824951171875
2025-06-24,2421.83056640625,2448.0087890625,2448.0087890625
2025-06-25,2448.7373046875,2419.310302734375,2419.310302734375
2025-06-26,2419.15478515625,2416.146728515625,2416.146728515625
2025-06-27,2416.023193359375,2423.866943359375,2423.866943359375
2025-06-28,2423.92529296875,2437.109375,2437.109375
2025-06-29,2437.11474609375,2500.9599609375,2500.9599609375
2025-06-30,2500.60546875,2486.46435546875,2486.46435546875
2025-07-01,2486.428466796875,2405.792724609375,2405.792724609375
2025-07-02,2405.857421875,2571.33544921875,2571.33544921875
2025-07-03,2570.796630859375,2591.00732421875,2591.00732421875
2025-07-04,2590.845703125,2508.518310546875,2508.518310546875
2025-07-05,2508.095947265625,2517.280029296875,2517.280029296875
2025-07-06,2517.280029296875,2571.236572265625,2571.236572265625
2025-07-07,2571.395263671875,2543.01318359375,2543.01318359375
2025-07-08,2542.97265625,2615.505859375,2615.505859375
2025-07-09,2615.505859375,2770.777587890625,2770.777587890625
2025-07-10,2770.7373046875,2954.84521484375,2954.84521484375
2025-07-11,2954.832763671875,2957.88623046875,2957.88623046875
2025-07-12,2958.333740234375,2942.91162109375,2942.91162109375
2025-07-13,2942.853515625,2973.35888671875,2973.35888671875
2025-07-14,2973.22509765625,3013.350830078125,3013.350830078125
2025-07-15,3013.29345703125,3139.8896484375,3139.8896484375
2025-07-16,3139.8896484375,3371.5068359375,3371.5068359375
2025-07-17,3371.5068359375,3476.784423828125,3476.784423828125
2025-07-18,3476.1240234375,3549.016357421875,3549.016357421875
2025-07-19,3548.926025390625,3595.273681640625,3595.273681640625
2025-07-20,3595.240478515625,3759.471435546875,3759.471435546875
2025-07-21,3758.920654296875,3763.371337890625,3763.371337890625
2025-07-22,3762.882080078125,3749.1455078125,3749.1455078125
2025-07-23,3749.238525390625,3629.70361328125,3629.70361328125
2025-07-24,3629.731689453125,3708.005615234375,3708.005615234375
2025-07-25,3708.005615234375,3727.266845703125,3727.266845703125
2025-07-26,3727.2373046875,3741.39599609375,3741.39599609375
2025-07-27,3741.25732421875,3875.24658203125,3875.24658203125
2025-07-28,3875.255859375,3787.42578125,3787.42578125
2025-07-29,3788.319580078125,3793.454833984375,3793.454833984375
2025-07-30,3793.58251953125,3808.20166015625,3808.20166015625
2025-07-31,3808.24609375,3696.707763671875,3696.707763671875
2025-08-01,3696.144287109375,3488.365966796875,3488.365966796875
2025-08-02,3487.956787109375,3392.7412109375,3392.7412109375
2025-08-03,3392.744384765625,3497.379150390625,3497.379150390625
2025-08-04,3497.613037109375,3718.986083984375,3718.986083984375
2025-08-05,3719.81787109375,3611.8994140625,3611.8994140625
2025-08-06,3612.038818359375,3683.920654296875,3683.920654296875
2025-08-07,3684.06201171875,3914.325927734375,3914.325927734375
2025-08-08,3914.110595703125,4009.848876953125,4009.848876953125
2025-08-09,4009.150634765625,4263.59912109375,4263.59912109375
2025-08-10,4263.552734375,4254.2177734375,4254.2177734375
2025-08-11,4254.2314453125,4226.966796875,4226.966796875
2025-08-12,4227.20703125,4590.9248046875,4590.9248046875
2025-08-13,4590.65771484375,4756.27587890625,4756.27587890625
2025-08-14,4756.04345703125,4548.16650390625,4548.16650390625
2025-08-15,4549.07568359375,4439.98876953125,4439.98876953125
2025-08-16,4439.998046875,4426.18017578125,4426.18017578125
2025-08-17,4426.259765625,4473.271484375,4473.271484375
2025-08-18,4473.33056640625,4312.5048828125,4312.5048828125
2025-08-19,4312.5302734375,4073.464111328125,4073.464111328125
2025-08-20,4073.168212890625,4334.50048828125,4334.50048828125
2025-08-21,4334.5673828125,4223.2099609375,4223.2099609375
2025-08-22,4223.73095703125,4831.3486328125,4831.3486328125
2025-08-23,4831.08837890625,4776.09033203125,4776.09033203125
2025-08-24,4776.70458984375,4779.6474609375,4779.6474609375
2025-08-25,4779.76953125,4372.98779296875,4372.98779296875
2025-08-26,4372.88037109375,4600.4267578125,4600.4267578125
2025-08-27,4600.51025390625,4503.39306640625,4503.39306640625
2025-08-28,4503.63134765625,4507.177734375,4507.177734375
2025-08-29,4507.63134765625,4360.15283203125,4360.15283203125
2025-08-30,4360.0888671875,4374.1533203125,4374.1533203125
2025-08-31,4374.8935546875,4390.01904296875,4390.01904296875
2025-09-01,4389.6259765625,4314.47021484375,4314.47021484375
2025-09-02,4314.39111328125,4325.36572265625,4325.36572265625
2025-09-03,4324.6962890625,4450.38916015625,4450.38916015625
2025-09-04,4450.2158203125,4298.744140625,4298.744140625
2025-09-05,4298.8369140625,4306.98876953125,4306.98876953125
2025-09-06,4306.97314453125,4274.2421875,4274.2421875
2025-09-07,4274.1669921875,4305.34765625,4305.34765625
2025-09-08,4305.38134765625,4308.072265625,4308.072265625
2025-09-09,4308.283203125,4309.04150390625,4309.04150390625
2025-09-10,4309.091796875,4349.14599609375,4349.14599609375
2025-09-11,4349.2001953125,4461.2333984375,4461.2333984375
2025-09-12,4461.4794921875,4715.24609375,4715.24609375
2025-09-13,4714.70361328125,4668.1796875,4668.1796875
2025-09-14,4668.17138671875,4609.59765625,4609.59765625
2025-09-15,4609.72314453125,4526.8203125,4526.8203125
2025-09-16,4526.078125,4503.564453125,4503.564453125
2025-09-17,4503.6357421875,4592.7333984375,4592.7333984375
2025-09-18,4592.44287109375,4589.9189453125,4589.9189453125
2025-09-19,4589.505859375,4470.9169921875,4470.9169921875
2025-09-20,4470.978515625,4482.265625,4482.265625
2025-09-21,4482.583984375,4451.3291015625,4451.3291015625
2025-09-22,4451.58056640625,4202.87744140625,4202.87744140625
2025-09-23,4203.021484375,4165.50390625,4165.50390625
2025-09-24,4165.41259765625,4153.46923828125,4153.46923828125
2025-09-25,4153.52099609375,3868.333984375,3868.333984375
2025-09-26,3868.69091796875,4035.887939453125,4035.887939453125
2025-09-27,4035.91455078125,4018.658203125,4018.658203125
2025-09-28,4018.65966796875,4141.4765625,4141.4765625
2025-09-29,4141.3564453125,4217.341796875,4217.341796875
2025-09-30,4217.05517578125,4145.95751953125,4145.95751953125
2025-10-01,4146.03369140625,4351.1123046875,4351.1123046875
2025-10-02,4352.24072265625,4487.923828125,4487.923828125
2025-10-03,4486.9345703125,4514.87060546875,4514.87060546875
2025-10-04,4514.9091796875,4489.197265625,4489.197265625
2025-10-05,4489.05322265625,4515.4228515625,4515.4228515625
2025-10-06,4515.30078125,4687.771484375,4687.771484375
2025-10-07,4687.7099609375,4451.15185546875,4451.15185546875
2025-10-08,4451.10791015625,4527.64794921875,4527.64794921875
2025-10-09,4526.9609375,4369.1435546875,4369.1435546875
2025-10-10,4369.0654296875,3843.0087890625,3843.0087890625
2025-10-11,3840.96044921875,3750.611572265625,3750.611572265625
2025-10-12,3750.946044921875,4164.427734375,4164.427734375
2025-10-13,4164.04931640625,4245.4677734375,4245.4677734375
2025-10-14,4245.37255859375,4125.412109375,4125.412109375
2025-10-15,4125.361328125,3987.45947265625,3987.45947265625
2025-10-16,3987.14892578125,3894.75439453125,3894.75439453125
2025-10-17,3894.377685546875,3832.558837890625,3832.558837890625
2025-10-18,3833.009521484375,3890.34619140625,3890.34619140625
2025-10-19,3890.58349609375,3984.649658203125,3984.649658203125
2025-10-20,3984.6962890625,3980.76025390625,3980.76025390625
2025-10-21,3980.740478515625,3876.76416015625,3876.76416015625
2025-10-22,3877.363037109375,3808.122314453125,3808.122314453125
2025-10-23,3808.0849609375,3856.0263671875,3856.0263671875
2025-10-24,3856.033203125,3934.5673828125,3934.5673828125
2025-10-25,3934.489990234375,3953.470947265625,3953.470947265625
2025-10-26,3953.437255859375,4157.9892578125,4157.9892578125
2025-10-27,4158.0107421875,4120.1220703125,4120.1220703125
2025-10-28,4120.27490234375,3982.262451171875,3982.262451171875
2025-10-29,3980.759033203125,3903.35302734375,3903.35302734375
2025-10-30,3903.322509765625,3804.375244140625,3804.375244140625
2025-10-31,3805.082763671875,3847.080322265625,3847.080322265625
2025-11-01,3847.17138671875,3874.18798828125,3874.18798828125
2025-11-02,3873.894287109375,3911.063232421875,3911.063232421875
2025-11-03,3911.747802734375,3602.30810546875,3602.30810546875
2025-11-04,3602.040771484375,3292.574462890625,3292.574462890625
2025-11-05,3292.148193359375,3425.171142578125,3425.171142578125
2025-11-06,3425.361083984375,3312.2578125,3312.2578125
2025-11-07,3312.029296875,3435.301025390625,3435.301025390625
2025-11-08,3435.1474609375,3400.3759765625,3400.3759765625
2025-11-09,3400.0986328125,3582.621337890625,3582.621337890625
2025-11-10,3583.44482421875,3568.4599609375,3568.4599609375
2025-11-11,3568.47265625,3415.2822265625,3415.2822265625
2025-11-12,3415.7958984375,3413.09423828125,3413.09423828125
2025-11-13,3412.994873046875,3232.757080078125,3232.757080078125
2025-11-14,3232.295166015625,3103.78564453125,3103.78564453125
2025-11-15,3104.230224609375,3166.63134765625,3166.63134765625
2025-11-16,3166.79345703125,3092.847412109375,3092.847412109375
2025-11-17,3092.941650390625,3024.538818359375,3024.538818359375
2025-11-18,3024.4140625,3122.97900390625,3122.97900390625
2025-11-19,3122.64599609375,3023.07080078125,3023.07080078125
2025-11-20,3022.885498046875,2831.777587890625,2831.777587890625
2025-11-21,2829.2646484375,2765.69921875,2765.69921875
2025-11-22,2766.090576171875,2767.607421875,2767.607421875
2025-11-23,2767.594970703125,2801.676025390625,2801.676025390625
2025-11-24,2801.204345703125,2952.71337890625,2952.71337890625
2025-11-25,2952.58447265625,2957.936279296875,2957.936279296875
2025-11-26,2958.32958984375,3027.81201171875,3027.81201171875
2025-11-27,3027.799072265625,3014.542236328125,3014.542236328125
2025-11-28,3014.543701171875,3032.304443359375,3032.304443359375
2025-11-29,3032.29541015625,2991.685302734375,2991.685302734375
2025-11-30,2991.375244140625,2992.112548828125,2992.112548828125
2025-12-01,2991.923095703125,2800.18896484375,2800.18896484375
2025-12-02,2800.22314453125,2997.939697265625,2997.939697265625
2025-12-03,2997.801513671875,3191.57177734375,3191.57177734375
2025-12-04,3188.343505859375,3134.31640625,3134.31640625
2025-12-05,3134.357421875,3024.432861328125,3024.432861328125
2025-12-06,3024.487548828125,3040.207763671875,3040.207763671875
2025-12-07,3040.17919921875,3061.3017578125,3061.3017578125
2025-12-08,3061.013671875,3125.197998046875,3125.197998046875
2025-12-09,3124.942626953125,3321.114990234375,3321.114990234375
2025-12-10,3321.2041015625,3325.39013671875,3325.39013671875
2025-12-11,3324.38671875,3237.056884765625,3237.056884765625
2025-12-12,3237.025634765625,3084.172607421875,3084.172607421875
2025-12-13,3084.129638671875,3116.6953125,3116.6953125
2025-12-14,3116.743896484375,3060.5947265625,3060.5947265625
2025-12-15,3060.4814453125,2964.18310546875,2964.18310546875
2025-12-16,2964.379638671875,2964.180908203125,2964.180908203125
2025-12-17,2964.01953125,2831.403564453125,2831.403564453125
2025-12-18,2831.48828125,2827.069091796875,2827.069091796875
2025-12-19,2827.410400390625,2977.970703125,2977.970703125
2025-12-20,2977.869140625,2977.58251953125,2977.58251953125
2025-12-21,2977.508544921875,3001.61376953125,3001.61376953125
2025-12-22,3001.61279296875,3006.07373046875,3006.07373046875
2025-12-23,3006.073974609375,2963.3740234375,2963.3740234375
2025-12-24,2962.922607421875,2945.590576171875,2945.590576171875
2025-12-25,2945.423095703125,2903.57958984375,2903.57958984375
2025-12-26,2903.625,2925.74560546875,2925.74560546875
2025-12-27,2925.7451171875,2947.998291015625,2947.998291015625
2025-12-28,2947.898193359375,2948.568115234375,2948.568115234375
2025-12-29,2948.55908203125,2934.538330078125,2934.538330078125
2025-12-30,2934.416259765625,2971.416748046875,2971.416748046875
2025-12-31,2971.407470703125,2967.03759765625,2967.03759765625
2026-01-01,2966.997314453125,3000.394287109375,3000.394287109375
2026-01-02,3000.453125,3124.422607421875,3124.422607421875
2026-01-03,3124.310302734375,3125.91748046875,3125.91748046875
2026-01-04,3125.960205078125,3140.71044921875,3140.71044921875
2026-01-05,3141.486328125,3226.13037109375,3226.13037109375
2026-01-06,3226.116455078125,3295.94677734375,3295.94677734375
2026-01-07,3295.91259765625,3166.843994140625,3166.843994140625
2026-01-08,3166.924072265625,3104.382568359375,3104.382568359375
2026-01-09,3104.334716796875,3083.047119140625,3083.047119140625
2026-01-10,3083.16650390625,3082.39599609375,3082.39599609375
2026-01-11,3082.407470703125,3118.88525390625,3118.88525390625
2026-01-12,3118.828857421875,3092.3251953125,3092.3251953125
2026-01-13,3092.008544921875,3322.095458984375,3322.095458984375
2026-01-14,3322.192138671875,3354.72265625,3354.72265625
2026-01-15,3354.765869140625,3317.101318359375,3317.101318359375
2026-01-16,3317.341796875,3295.482177734375,3295.482177734375
2026-01-17,3295.482666015625,3308.8642578125,3308.8642578125
2026-01-18,3308.90576171875,3281.15771484375,3281.15771484375
2026-01-19,3282.19921875,3186.62109375,3186.62109375
2026-01-20,3186.62109375,2935.605712890625,2935.605712890625
2026-01-21,2935.882080078125,2978.901123046875,2978.901123046875
2026-01-22,2979.307861328125,2949.63330078125,2949.63330078125
2026-01-23,2949.44580078125,2953.25634765625,2953.25634765625
2026-01-24,2953.23828125,2948.74072265625,2948.74072265625
2026-01-25,2948.534423828125,2815.90234375,2815.90234375
2026-01-26,2815.768798828125,2926.45703125,2926.45703125
2026-01-27,2926.201171875,3022.2109375,3022.2109375
2026-01-28,3022.237548828125,3006.607421875,3006.607421875
2026-01-29,3006.26171875,2818.232666015625,2818.232666015625
2026-01-30,2818.135498046875,2702.375244140625,2702.375244140625
2026-01-31,2702.301513671875,2445.091796875,2445.091796875
2026-02-01,2445.0693359375,2267.96484375,2267.96484375
2026-02-02,2267.5625,2344.356689453125,2344.356689453125
2026-02-03,2344.44580078125,2227.558837890625,2227.558837890625
2026-02-04,2227.967041015625,2143.504150390625,2143.504150390625
2026-02-05,2143.618896484375,1821.68310546875,1821.68310546875
2026-02-06,1821.12939453125,2063.386962890625,2063.386962890625
2026-02-07,2063.333740234375,2090.54931640625,2090.54931640625
2026-02-08,2090.633544921875,2088.762939453125,2088.762939453125
2026-02-09,2087.92138671875,2103.567626953125,2103.567626953125
2026-02-10,2104.181884765625,2019.4974365234375,2019.4974365234375
2026-02-11,2019.580078125,1940.621337890625,1940.621337890625
2026-02-12,1940.8411865234375,1946.940673828125,1946.940673828125
2026-02-13,1946.6107177734375,2048.52734375,2048.52734375
2026-02-14,2048.330322265625,2086.009765625,2086.009765625
2026-02-15,2085.95361328125,1966.04296875,1966.04296875
2026-02-16,1965.9232177734375,1997.917724609375,1997.917724609375
2026-02-17,1997.9217529296875,1992.1943359375,1992.1943359375
2026-02-18,1992.195068359375,1953.97412109375,1953.97412109375
2026-02-19,1953.994140625,1948.2010498046875,1948.2010498046875
2026-02-20,1948.268798828125,1969.0223388671875,1969.0223388671875
2026-02-21,1968.86181640625,1973.7371826171875,1973.7371826171875
2026-02-22,1973.57080078125,1957.805908203125,1957.805908203125
2026-02-23,1958.1396484375,1855.5028076171875,1855.5028076171875
2026-02-24,1855.4727783203125,1852.969482421875,1852.969482421875
2026-02-25,1852.87548828125,2054.6279296875,2054.6279296875
2026-02-26,2053.78271484375,2026.7926025390625,2026.7926025390625
2026-02-27,2026.735107421875,1930.7618408203125,1930.7618408203125
2026-02-28,1930.7469482421875,1965.050537109375,1965.050537109375
2026-03-01,1965.3902587890625,1939.066650390625,1939.066650390625
2026-03-02,1939.0587158203125,2027.2689208984375,2027.2689208984375
2026-03-03,2027.407958984375,1982.7689208984375,1982.7689208984375
2026-03-04,1982.711181640625,2126.50537109375,2126.50537109375
2026-03-05,2126.560546875,2071.60546875,2071.60546875
2026-03-06,2072.025634765625,1978.751220703125,1978.751220703125
2026-03-07,1978.6905517578125,1969.4554443359375,1969.4554443359375
2026-03-08,1969.4522705078125,1936.604736328125,1936.604736328125
2026-03-09,1936.637451171875,1992.938232421875,1992.938232421875
2026-03-10,1992.986083984375,2037.1204833984375,2037.1204833984375
2026-03-11,2037.1212158203125,2051.5732421875,2051.5732421875
2026-03-12,2051.7666015625,2073.13623046875,2073.13623046875
2026-03-13,2073.289306640625,2092.5634765625,2092.5634765625
2026-03-14,2092.558349609375,2097.086669921875,2097.086669921875
2026-03-15,2096.880859375,2177.476318359375,2177.476318359375
2026-03-16,2177.782958984375,2351.176025390625,2351.176025390625
2026-03-17,2351.134765625,2318.053466796875,2318.053466796875
2026-03-18,2318.556884765625,2203.671630859375,2203.671630859375
2026-03-19,2203.478759765625,2137.423828125,2137.423828125
2026-03-20,2137.394287109375,2146.4970703125,2146.4970703125
2026-03-21,2146.7099609375,2076.68994140625,2076.68994140625
2026-03-22,2077.201171875,2053.04833984375,2053.04833984375
2026-03-23,2052.953125,2152.14599609375,2152.14599609375
2026-03-24,2152.114501953125,2155.704345703125,2155.704345703125
2026-03-25,2155.719482421875,2168.021484375,2168.021484375
2026-03-26,2168.02880859375,2059.578369140625,2059.578369140625
2026-03-27,2059.44873046875,1991.27197265625,1991.27197265625
2026-03-28,1991.283447265625,1992.694580078125,1992.694580078125
2026-03-29,1992.69384765625,1982.5596923828125,1982.5596923828125
2026-03-30,1982.5506591796875,2023.514892578125,2023.514892578125
2026-03-31,2023.5206298828125,2104.708251953125,2104.708251953125
2026-04-01,2104.717529296875,2138.737060546875,2138.737060546875
2026-04-02,2138.7236328125,2056.8525390625,2056.8525390625
2026-04-03,2056.704833984375,2053.38525390625,2053.38525390625
2026-04-04,2053.58447265625,2065.3515625,2065.3515625
2026-04-05,2065.37060546875,2108.99560546875,2108.99560546875
2026-04-06,2108.935791015625,2107.761474609375,2107.761474609375
2026-04-07,2107.784912109375,2241.806640625,2241.806640625
2026-04-08,2242.276611328125,2190.33544921875,2190.33544921875
2026-04-09,2190.33251953125,2189.14404296875,2189.14404296875
2026-04-10,2189.380859375,2245.148681640625,2245.148681640625
2026-04-11,2245.1044921875,2285.39013671875,2285.39013671875
2026-04-12,2285.43017578125,2192.201171875,2192.201171875
2026-04-13,2192.33154296875,2370.71484375,2370.71484375
2026-04-14,2370.314453125,2323.30859375,2323.30859375
2026-04-15,2323.34326171875,2359.43701171875,2359.43701171875
2026-04-16,2359.70458984375,2348.64501953125,2348.64501953125
2026-04-17,2348.85498046875,2421.07177734375,2421.07177734375
2026-04-18,2421.102294921875,2351.1005859375,2351.1005859375
2026-04-19,2350.86181640625,2264.9169921875,2264.9169921875
2026-04-20,2264.87353515625,2315.21240234375,2315.21240234375
2026-04-21,2315.178466796875,2327.970458984375,2327.970458984375
2026-04-22,2327.96484375,2376.088134765625,2376.088134765625
2026-04-23,2376.087890625,2331.513916015625,2331.513916015625
2026-04-24,2331.56884765625,2315.690185546875,2315.690185546875
2026-04-25,2315.741455078125,2318.8291015625,2318.8291015625
2026-04-26,2318.906494140625,2369.72900390625,2369.72900390625
2026-04-27,2369.841796875,2303.06396484375,2303.06396484375
2026-04-28,2303.079833984375,2289.419677734375,2289.419677734375
2026-04-29,2289.412109375,2253.415771484375,2253.415771484375
2026-04-30,2253.484375,2256.251220703125,2256.251220703125
2026-05-01,2256.344970703125,2295.09375,2295.09375
2026-05-02,2295.04443359375,2316.23193359375,2316.23193359375
2026-05-03,2316.2109375,2321.6357421875,2321.6357421875
2026-05-04,2321.81640625,2346.39697265625,2346.39697265625
2026-05-05,2346.4150390625,2361.1826171875,2361.1826171875
2026-05-06,2361.290771484375,2350.802001953125,2350.802001953125
2026-05-07,2350.8525390625,2291.107666015625,2291.107666015625
2026-05-08,2291.07568359375,2306.97216796875,2306.97216796875
2026-05-09,2307.069580078125,2326.727294921875,2326.727294921875
2026-05-10,2326.744384765625,2369.0439453125,2369.0439453125
2026-05-11,2369.193359375,2339.36083984375,2339.36083984375
2026-05-12,2339.287109375,2274.6435546875,2274.6435546875
2026-05-13,2274.591796875,2257.576416015625,2257.576416015625
2026-05-14,2257.57177734375,2280.934814453125,2280.934814453125
2026-05-15,2280.933349609375,2223.328857421875,2223.328857421875
2026-05-16,2223.33837890625,2179.751953125,2179.751953125
2026-05-17,2179.8544921875,2127.645263671875,2127.645263671875
2026-05-18,2127.681396484375,2128.51611328125,2128.51611328125
2026-05-19,2128.531982421875,2109.9638671875,2109.9638671875
2026-05-20,2109.85400390625,2126.9833984375,2126.9833984375
2026-05-21,2127.17236328125,2131.41064453125,2131.41064453125
2026-05-22,2131.3701171875,2064.636962890625,2064.636962890625
2026-05-23,2064.634765625,2115.951416015625,2115.951416015625
2026-05-24,2115.544921875,2097.993896484375,2097.993896484375
2026-05-25,2097.993896484375,2111.370361328125,2111.370361328125
2026-05-26,2111.366455078125,2070.858154296875,2070.858154296875
2026-05-27,2070.86669921875,2022.1982421875,2022.1982421875
2026-05-28,2022.0908203125,2007.552734375,2007.552734375
2026-05-29,2007.5496826171875,2011.978515625,2011.978515625
2026-05-30,2011.909423828125,2019.458251953125,2019.458251953125
2026-05-31,2019.242431640625,2004.341552734375,2004.341552734375
2026-06-01,2004.2425537109375,2003.22119140625,2003.22119140625
2026-06-02,2003.26025390625,1857.71630859375,1857.71630859375
2026-06-03,1857.6417236328125,1811.7322998046875,1811.7322998046875
2026-06-04,1811.7425537109375,1769.58056640625,1769.58056640625
2026-06-05,1769.986083984375,1580.86083984375,1580.86083984375
2026-06-06,1580.88037109375,1568.7677001953125,1568.7677001953125
2026-06-07,1568.74951171875,1686.396240234375,1686.396240234375
2026-06-08,1686.251220703125,1690.1485595703125,1690.1485595703125
2026-06-09,1690.21337890625,1637.7066650390625,1637.7066650390625
2026-06-10,1637.6348876953125,1620.1376953125,1620.1376953125
2026-06-11,1620.1400146484375,1672.2806396484375,1672.2806396484375
2026-06-12,1671.8189697265625,1665.1278076171875,1665.1278076171875
2026-06-13,1665.0487060546875,1680.214599609375,1680.214599609375
2026-06-14,1680.146484375,1724.61328125,1724.61328125
2026-06-15,1724.5716552734375,1794.961181640625,1794.961181640625
2026-06-16,1794.93798828125,1790.398193359375,1790.398193359375
2026-06-17,1790.396240234375,1747.885498046875,1747.885498046875
2026-06-18,1747.8778076171875,1709.533447265625,1709.533447265625
2026-06-19,1709.4986572265625,1710.982421875,1710.982421875
2026-06-20,1710.982177734375,1739.3013916015625,1739.3013916015625
2026-06-21,1739.341064453125,1704.58056640625,1704.58056640625
2026-06-22,1704.6304931640625,1726.5108642578125,1726.5108642578125
2026-06-23,1726.519775390625,1665.436767578125,1665.436767578125
2026-06-24,1665.309814453125,1619.9249267578125,1619.9249267578125
2026-06-25,1619.8853759765625,1564.816650390625,1564.816650390625
2026-06-26,1564.6136474609375,1576.6160888671875,1576.6160888671875
2026-06-27,1576.5911865234375,1571.5882568359375,1571.5882568359375
2026-06-28,1571.564453125,1570.3612060546875,1570.3612060546875
2026-06-29,1569.993408203125,1610.205810546875,1610.205810546875
2026-06-30,1610.163818359375,1569.5838623046875,1569.5838623046875
2026-07-01,1569.90966796875,1608.960693359375,1608.960693359375
2026-07-02,1609.0125732421875,1698.16943359375,1698.16943359375
2026-07-03,1698.41796875,1756.5186767578125,1756.5186767578125
2026-07-04,1756.57568359375,1779.032958984375,1779.032958984375
2026-07-05,1779.042724609375,1783.0059814453125,1783.0059814453125
2026-07-06,1783.002685546875,1797.57373046875,1797.57373046875
2026-07-07,1797.562255859375,1768.511474609375,1768.511474609375
2026-07-08,1768.3896484375,1742.6776123046875,1742.6776123046875
2026-07-09,1742.664794921875,1744.484619140625,1744.484619140625
2026-07-10,1744.47314453125,1795.6932373046875,1795.6932373046875
2026-07-11,1795.8193359375,1788.099609375,1788.099609375
2026-07-12,1787.568359375,1805.7880859375,1805.7880859375
2026-07-13,1805.7579345703125,1773.500732421875,1773.500732421875
2026-07-14,1773.471435546875,1889.4798583984375,1889.4798583984375
2026-07-15,1889.5008544921875,1916.9437255859375,1916.9437255859375
2026-07-16,1916.9781494140625,1863.193359375,1863.193359375
2026-07-17,1863.21630859375,1840.9881591796875,1840.9881591796875
2026-07-18,1841.1021728515625,1861.39208984375,1861.39208984375
2026-07-19,1861.419921875,1871.508544921875,1871.508544921875
2026-07-20,1871.2757568359375,1903.7589111328125,1903.7589111328125
2026-07-21,1903.689697265625,1928.3837890625,1928.3837890625
2026-07-22,1928.1976318359375,1933.4901123046875,1933.4901123046875
2026-07-23,1933.470947265625,1877.1002197265625,1877.1002197265625
2026-07-24,1877.09765625,1860.1767578125,1860.1767578125
2026-07-25,1860.1756591796875,1873.222412109375,1873.222412109375
2026-07-26,1873.235595703125,1953.4112548828125,1953.4112548828125
2026-07-27,1953.4053955078125,1890.613525390625,1890.613525390625
2026-07-28,1890.634521484375,1919.948486328125,1919.948486328125
2026-07-29,1919.9915771484375,1908.51904296875,1908.51904296875
2026-07-30,1908.5860595703125,1917.3729248046875,1917.3729248046875
2026-07-31,1917.1417236328125,1860.345947265625,1860.345947265625
2026-08-01,1860.37109375,1843.417724609375,1843.417724609375
2026-08-02,1843.41748046875,1882.52197265625,1882.52197265625
2026-08-03,1882.7835693359375,1858.2564697265625,1858.2564697265625
2026-08-04,1858.22021484375,1868.3858642578125,1868.3858642578125
2026-08-05,1868.4923095703125,1906.5260009765625,1906.5260009765625
2026-08-06,1906.442626953125,1902.0574951171875,1902.0574951171875
2026-08-07,1902.1405029296875,1913.2794189453125,1913.2794189453125
2026-08-08,1913.324951171875,1915.532958984375,1915.532958984375
2026-08-09,1915.46484375,1908.6827392578125,1908.6827392578125
2026-08-10,1908.7197265625,1871.2786865234375,1871.2786865234375
2026-08-11,1871.263671875,1881.37353515625,1881.37353515625
2026-08-12,1881.37353515625,1878.135009765625,1878.135009765625
2026-08-13,1878.1884765625,1883.9913330078125,1883.9913330078125
2026-08-14,1884.0169677734375,1880.6500244140625,1880.6500244140625
2026-08-15,1880.613037109375,1880.9083251953125,1880.9083251953125
2026-08-16,1880.8916015625,1873.9429931640625,1873.9429931640625
2026-08-17,1873.969970703125,1912.2021484375,1912.2021484375
2026-08-18,1912.2086181640625,1916.4595947265625,1916.4595947265625
2026-08-19,1916.4267578125,2251.4580078125,2251.4580078125
2026-08-20,2251.444091796875,2326.384765625,2326.384765625
2026-08-21,2326.38232421875,2515.28173828125,2515.28173828125
2026-08-22,2515.392333984375,2424.251220703125,2424.251220703125
2026-08-23,2424.217041015625,2463.81591796875,2463.81591796875
2026-08-24,2463.640625,2481.831298828125,2481.831298828125
2026-08-25,2481.77783203125,2443.159423828125,2443.159423828125
2026-08-26,2442.4892578125,2506.260986328125,2506.260986328125
2026-08-27,2506.239501953125,2510.41015625,2510.41015625
2026-08-28,2510.672607421875,2442.535888671875,2442.535888671875
2026-08-29,2442.564697265625,2457.686279296875,2457.686279296875
2026-08-30,2457.69189453125,2417.938720703125,2417.938720703125
2026-08-31,2417.903076171875,2466.8203125,2466.8203125
2026-09-01,2466.5751953125,2417.842041015625,2417.842041015625
2026-09-02,2417.828369140625,2391.5009765625,2391.5009765625
2026-09-03,2391.599853515625,2508.020751953125,2508.020751953125
2026-09-05,2456.20458984375,2453.300048828125,2453.300048828125
