Date,Open,Close,AdjClose
2000-05-26,45.53125,45.71875,32.59065246582031
2000-05-30,46.375,47.40625,33.79356384277344
2000-05-31,47.5625,47.578125,33.91609573364258
2000-06-01,48.5546875,48.65625,34.68463897705078
2000-06-02,50.859375,51.1875,36.48904800415039
2000-06-05,51.0625,51.0,36.35538101196289
2000-06-06,51.8046875,51.5,36.71181106567383
2000-06-07,51.1875,51.5625,36.756370544433594
2000-06-08,52.125,51.4375,36.66727828979492
2000-06-09,51.9375,52.34375,37.313270568847656
2000-06-12,52.5,50.7890625,36.20500564575195
2000-06-13,50.6640625,51.4375,36.66727828979492
2000-06-14,51.859375,51.1875,36.48904800415039
2000-06-15,50.875,51.25,36.533599853515625
2000-06-16,51.46875,50.96875,36.33310317993164
2000-06-19,51.25,52.25,37.24644470214844
2000-06-20,52.328125,52.59375,37.49148178100586
2000-06-21,52.125,52.84375,37.691192626953125
2000-06-22,53.0,51.25,36.55445098876953
2000-06-23,51.75,50.90625,36.309261322021484
2000-06-26,51.109375,51.53125,36.75505447387695
2000-06-27,51.609375,50.71875,36.175540924072266
2000-06-28,50.9375,52.0,37.08937072753906
2000-06-29,51.75,51.1875,36.509857177734375
2000-06-30,51.21875,51.6796875,36.860939025878906
2000-07-03,51.5625,52.40625,37.379146575927734
2000-07-05,52.109375,51.8125,36.95564270019531
2000-07-06,51.828125,52.421875,37.390289306640625
2000-07-07,52.4296875,52.75,37.624332427978516
2000-07-10,52.71875,53.09375,37.869510650634766
2000-07-11,53.0,53.03125,37.82493209838867
2000-07-12,53.3125,54.09375,38.58277130126953
2000-07-13,54.140625,54.265625,38.70536804199219
2000-07-14,54.546875,54.3125,38.738800048828125
2000-07-17,54.359375,54.5,38.872535705566406
2000-07-18,54.140625,53.5625,38.20384216308594
2000-07-19,53.390625,52.625,37.53517532348633
2000-07-20,53.125,53.5,38.15926742553711
2000-07-21,53.1875,52.03125,37.11166763305664
2000-07-24,52.3125,51.2734375,36.57115173339844
2000-07-25,51.6796875,51.375,36.64359664916992
2000-07-26,51.0,51.28125,36.576744079589844
2000-07-27,51.1796875,49.875,35.57370376586914
2000-07-28,50.1640625,49.0,34.94961929321289
2000-07-31,49.25,50.25,35.841182708740234
2000-08-01,49.875,49.921875,35.607154846191406
2000-08-02,49.625,50.0,35.662879943847656
2000-08-03,49.03125,49.96875,35.64058303833008
2000-08-04,50.5625,50.21875,35.81888961791992
2000-08-07,50.40625,51.1484375,36.481998443603516
2000-08-08,51.0,50.90625,36.309261322021484
2000-08-09,51.28125,50.5390625,36.04736328125
2000-08-10,50.546875,50.25,35.841182708740234
2000-08-11,49.75,51.125,36.465293884277344
2000-08-14,50.96875,51.65625,36.844207763671875
2000-08-15,51.546875,50.90625,36.309261322021484
2000-08-16,51.125,51.15625,36.487579345703125
2000-08-17,51.34375,51.625,36.821922302246094
2000-08-18,51.8125,51.546875,36.76619338989258
2000-08-21,51.875,51.734375,36.89992904663086
2000-08-22,51.765625,51.65625,36.844207763671875
2000-08-23,51.59375,51.578125,36.78847122192383
2000-08-24,51.859375,52.34375,37.33457946777344
2000-08-25,52.375,52.5625,37.49059295654297
2000-08-28,52.8125,52.65625,37.55746841430664
2000-08-29,52.78125,53.15625,37.91411590576172
2000-08-30,53.109375,53.21875,37.958656311035156
2000-08-31,53.40625,53.75,38.33758544921875
2000-09-01,54.0,54.1875,38.649620056152344
2000-09-05,54.1171875,53.8125,38.382144927978516
2000-09-06,54.0625,53.578125,38.21500015258789
2000-09-07,53.8125,54.375,38.78337478637695
2000-09-08,54.1015625,53.4375,38.11470413208008
2000-09-11,53.7109375,53.5,38.15926742553711
2000-09-12,53.8125,53.328125,38.036685943603516
2000-09-13,53.09375,53.59375,38.22615051269531
2000-09-14,53.828125,53.90625,38.44905090332031
2000-09-15,53.625,52.90625,37.73576736450195
2000-09-18,53.140625,51.65625,36.844207763671875
2000-09-19,51.984375,52.5,37.44600296020508
2000-09-20,52.3125,51.90625,37.14846420288086
2000-09-21,52.0,50.9375,36.45515441894531
2000-09-22,50.0,51.59375,36.92483139038086
2000-09-25,52.1796875,51.65625,36.969539642333984
2000-09-26,51.625,50.921875,36.4439697265625
2000-09-27,51.15625,50.6875,36.27621841430664
2000-09-28,50.8125,52.0625,37.26028060913086
2000-09-29,52.015625,51.8125,37.08137512207031
2000-10-02,52.203125,50.96875,36.47751235961914
2000-10-03,51.5859375,50.2265625,35.94635772705078
2000-10-04,50.453125,50.578125,36.19795608520508
2000-10-05,50.625,50.0625,35.82893753051758
2000-10-06,50.15625,48.84375,34.956687927246094
2000-10-09,48.875,48.734375,34.878414154052734
2000-10-10,48.796875,47.5625,34.03970718383789
2000-10-11,47.71875,47.40625,33.92790222167969
2000-10-12,47.84375,45.96875,32.89909362792969
2000-10-13,46.09375,47.75,34.17390441894531
2000-10-16,48.0,48.125,34.4422721862793
2000-10-17,48.125,46.9140625,33.57564163208008
2000-10-18,45.8203125,46.53125,33.30165481567383
2000-10-19,47.28125,47.96875,34.33045959472656
2000-10-20,48.34375,48.578125,34.766605377197266
2000-10-23,48.84375,49.0625,35.11323165893555
2000-10-24,49.21875,48.34375,34.59885787963867
2000-10-25,48.25,47.265625,33.827239990234375
2000-10-26,47.7109375,48.0,34.35282897949219
2000-10-27,47.625,48.03125,34.375213623046875
2000-10-30,47.9375,48.25,34.53173828125
2000-10-31,48.4375,49.5,35.42634582519531
2000-11-01,49.34375,49.53125,35.44872283935547
2000-11-02,49.890625,50.71875,36.298606872558594
2000-11-03,50.796875,50.65625,36.25387191772461
2000-11-06,51.09375,50.265625,35.974308013916016
2000-11-07,50.296875,50.6875,36.27621841430664
2000-11-08,50.71875,49.78125,35.62764358520508
2000-11-09,49.375,49.25,35.2474250793457
2000-11-10,49.375,48.0,34.35282897949219
2000-11-13,47.5,47.515625,34.00617599487305
2000-11-14,48.4375,48.65625,34.82249069213867
2000-11-15,48.71875,49.28125,35.269805908203125
2000-11-16,48.640625,47.8515625,34.24658203125
2000-11-17,48.5,48.15625,34.46464920043945
2000-11-20,47.6875,46.90625,33.57004928588867
2000-11-21,47.0625,46.6328125,33.374351501464844
2000-11-22,46.28125,45.65625,32.67544174194336
2000-11-24,46.2109375,46.9375,33.59242248535156
2000-11-27,47.90625,47.0703125,33.68747329711914
2000-11-28,46.875,45.65625,32.67544174194336
2000-11-29,46.0,45.53125,32.585994720458984
2000-11-30,45.0,44.5625,31.892669677734375
2000-12-01,45.1875,45.5625,32.60835647583008
2000-12-04,45.734375,45.0625,32.25050354003906
2000-12-05,45.75,47.25,33.81607437133789
2000-12-06,47.09375,46.15625,33.033294677734375
2000-12-07,45.71875,46.03125,32.943824768066406
2000-12-08,46.96875,46.65625,33.391136169433594
2000-12-11,47.96875,48.78125,34.911956787109375
2000-12-12,48.78125,47.71875,34.151546478271484
2000-12-13,47.890625,46.6171875,33.515594482421875
2000-12-14,46.5,45.875,32.98198699951172
2000-12-15,45.34375,45.625,32.8022575378418
2000-12-18,45.84375,46.3125,33.296531677246094
2000-12-19,46.25,45.5,32.712371826171875
2000-12-20,44.734375,44.0625,31.678865432739258
2000-12-21,44.0625,44.40625,31.926021575927734
2000-12-22,45.125,46.25,33.25159454345703
2000-12-26,46.25,46.515625,33.44255447387695
2000-12-27,46.5,47.75,34.330020904541016
2000-12-28,47.71875,49.28125,35.430938720703125
2000-12-29,49.46875,47.875,34.41989517211914
2001-01-02,47.875,46.203125,33.21788024902344
2001-01-03,45.75,48.1171875,34.59401321411133
2001-01-04,47.9375,47.5,34.150264739990234
2001-01-05,47.4375,46.03125,33.094322204589844
2001-01-08,45.875,46.1875,33.20664596557617
2001-01-09,46.1875,46.1171875,33.156105041503906
2001-01-10,45.6875,47.59375,34.21766662597656
2001-01-11,47.25,48.2421875,34.68388366699219
2001-01-12,48.0625,48.375,34.77937316894531
2001-01-16,48.25,49.34375,35.475860595703125
2001-01-17,50.09375,49.3125,35.453392028808594
2001-01-18,49.4375,49.5,35.58819580078125
2001-01-19,49.90625,48.625,34.95911407470703
2001-01-22,48.5,48.96875,35.20624923706055
2001-01-23,49.0,50.1875,36.08245849609375
2001-01-24,50.25,50.0,35.947669982910156
2001-01-25,50.0234375,49.8125,35.8128662109375
2001-01-26,49.53125,49.8125,35.8128662109375
2001-01-29,49.69499969482422,50.82500076293945,36.54081344604492
2001-01-30,51.0,51.154998779296875,36.7780647277832
2001-01-31,51.224998474121094,50.45000076293945,36.271202087402344
2001-02-01,50.474998474121094,50.81999969482422,36.53720474243164
2001-02-02,50.900001525878906,49.685001373291016,35.721195220947266
2001-02-05,49.5,49.78499984741211,35.793087005615234
2001-02-06,49.875,50.57500076293945,36.36106872558594
2001-02-07,50.025001525878906,50.70000076293945,36.450950622558594
2001-02-08,50.82500076293945,49.939998626708984,35.904537200927734
2001-02-09,49.875,49.29999923706055,35.44438934326172
2001-02-12,49.32500076293945,50.400001525878906,36.235252380371094
2001-02-13,50.82500076293945,49.92499923706055,35.89374923706055
2001-02-14,50.20000076293945,50.45000076293945,36.271202087402344
2001-02-15,51.0,50.70000076293945,36.450950622558594
2001-02-16,49.54999923706055,49.60499954223633,35.66367721557617
2001-02-20,49.849998474121094,49.029998779296875,35.25027847290039
2001-02-21,48.599998474121094,48.17499923706055,34.63557052612305
2001-02-22,48.17499923706055,47.5,34.150264739990234
2001-02-23,47.400001525878906,47.599998474121094,34.22216796875
2001-02-26,48.07500076293945,48.650001525878906,34.977088928222656
2001-02-27,48.650001525878906,47.775001525878906,34.3480110168457
2001-02-28,47.900001525878906,47.07500076293945,33.8447380065918
2001-03-01,47.025001525878906,47.400001525878906,34.078392028808594
2001-03-02,46.650001525878906,47.525001525878906,34.16826629638672
2001-03-05,48.0,47.349998474121094,34.04243850708008
2001-03-06,48.0,48.04999923706055,34.54572296142578
2001-03-07,48.400001525878906,48.29999923706055,34.725440979003906
2001-03-08,48.29499816894531,47.900001525878906,34.437862396240234
2001-03-09,47.29999923706055,46.95500183105469,33.82697677612305
2001-03-12,46.625,45.625,32.86881637573242
2001-03-13,45.900001525878906,46.099998474121094,33.21100997924805
2001-03-14,44.875,45.0,32.41855239868164
2001-03-15,45.525001525878906,44.82500076293945,32.292476654052734
2001-03-16,44.92499923706055,44.0,31.698143005371094
2001-03-19,44.5,45.150001525878906,32.526615142822266
2001-03-20,45.04999923706055,44.099998474121094,31.770183563232422
2001-03-21,44.125,43.42499923706055,31.283910751342773
2001-03-22,43.125,43.0,30.977720260620117
2001-03-23,43.875,44.125,31.78818702697754
2001-03-26,44.5,44.724998474121094,32.22043228149414
2001-03-27,44.79999923706055,45.084999084472656,32.47976303100586
2001-03-28,44.45000076293945,43.875,31.608095169067383
2001-03-29,43.875,43.95000076293945,31.66213035583496
2001-03-30,44.224998474121094,44.79999923706055,32.27448272705078
2001-04-02,44.775001525878906,43.75,31.518035888671875
2001-04-03,43.650001525878906,42.26499938964844,30.448226928710938
2001-04-04,42.32500076293945,42.400001525878906,30.54546356201172
2001-04-05,43.0,44.45000076293945,32.02230453491211
2001-04-06,43.75,43.20000076293945,31.121810913085938
2001-04-09,43.79999923706055,44.150001525878906,31.806196212768555
2001-04-10,44.375,45.20000076293945,32.5626220703125
2001-04-11,45.900001525878906,44.900001525878906,32.34650802612305
2001-04-12,44.625,45.45000076293945,32.742733001708984
2001-04-16,45.25,44.630001068115234,32.152015686035156
2001-04-17,44.375,45.349998474121094,32.67071533203125
2001-04-18,46.07500076293945,46.67499923706055,33.625247955322266
2001-04-19,46.650001525878906,47.19499969482422,33.99984359741211
2001-04-20,47.0,46.64500045776367,33.6036376953125
2001-04-23,46.0,45.79999923706055,32.99488830566406
2001-04-24,46.099998474121094,46.150001525878906,33.24703598022461
2001-04-25,46.25,47.150001525878906,33.967437744140625
2001-04-26,47.25,47.82500076293945,34.45372009277344
2001-04-27,48.125,48.45000076293945,34.90398025512695
2001-04-30,48.82500076293945,48.5,34.940006256103516
2001-05-01,48.32500076293945,49.099998474121094,35.37223815917969
2001-05-02,49.20000076293945,48.974998474121094,35.2822151184082
2001-05-03,48.57500076293945,48.369998931884766,34.84634017944336
2001-05-04,48.07500076293945,49.04999923706055,35.33623504638672
2001-05-07,49.29999923706055,48.75,35.12009048461914
2001-05-08,49.04999923706055,49.0,35.30020523071289
2001-05-09,48.54999923706055,48.70000076293945,35.08408737182617
2001-05-10,49.42499923706055,48.75,35.12009048461914
2001-05-11,48.82500076293945,48.459999084472656,34.91116714477539
2001-05-14,48.459999084472656,48.45000076293945,34.90398025512695
2001-05-15,48.5,48.92499923706055,35.24617385864258
2001-05-16,48.54999923706055,49.8650016784668,35.92336654663086
2001-05-17,49.875,50.380001068115234,36.29437255859375
2001-05-18,50.125,50.57500076293945,36.434852600097656
2001-05-21,50.42499923706055,51.45000076293945,37.065223693847656
2001-05-22,51.599998474121094,51.70000076293945,37.24530792236328
2001-05-23,51.32500076293945,50.5,36.380828857421875
2001-05-24,50.79999923706055,51.025001525878906,36.759037017822266
2001-05-25,51.04999923706055,50.650001525878906,36.48891067504883
2001-05-29,50.75,50.0,36.02060317993164
2001-05-30,49.95000076293945,49.349998474121094,35.55233383178711
2001-05-31,49.57500076293945,49.54999923706055,35.69641876220703
2001-06-01,49.875,50.1349983215332,36.117862701416016
2001-06-04,50.375,50.790000915527344,36.58974075317383
2001-06-05,50.79999923706055,51.5,37.101234436035156
2001-06-06,51.5,51.17499923706055,36.86709213256836
2001-06-07,51.0,51.38999938964844,37.021968841552734
2001-06-08,51.25,50.95000076293945,36.80670166015625
2001-06-11,50.95000076293945,50.275001525878906,36.3190803527832
2001-06-12,50.0,50.400001525878906,36.40938949584961
2001-06-13,50.625,50.33000183105469,36.35881805419922
2001-06-14,49.875,49.07500076293945,35.452178955078125
2001-06-15,49.0,49.375,35.66891860961914
2001-06-18,49.25,49.0,35.39801025390625
2001-06-19,49.5,48.849998474121094,35.289634704589844
2001-06-20,48.5,49.42499923706055,35.70504379272461
2001-06-21,49.32500076293945,49.494998931884766,35.7556037902832
2001-06-22,49.625,48.599998474121094,35.109066009521484
2001-06-25,48.849998474121094,48.2599983215332,34.863441467285156
2001-06-26,48.0,49.0,35.39801025390625
2001-06-27,49.099998474121094,49.474998474121094,35.74117660522461
2001-06-28,49.75,50.099998474121094,36.19266128540039
2001-06-29,50.45000076293945,50.95000076293945,36.80670166015625
2001-07-02,50.79999923706055,49.79999923706055,35.97595977783203
2001-07-03,49.625,49.5,35.75922393798828
2001-07-05,49.0,48.849998474121094,35.289634704589844
2001-07-06,48.54999923706055,47.95000076293945,34.63949966430664
2001-07-09,48.125,48.400001525878906,34.96455383300781
2001-07-10,48.54999923706055,47.5,34.31441116333008
2001-07-11,47.400001525878906,47.5,34.31441116333008
2001-07-12,47.900001525878906,48.665000915527344,35.15599822998047
2001-07-13,48.54999923706055,48.900001525878906,35.325782775878906
2001-07-16,48.849998474121094,48.07500076293945,34.72978591918945
2001-07-17,48.04999923706055,49.025001525878906,35.41606140136719
2001-07-18,48.349998474121094,48.099998474121094,34.74785232543945
2001-07-19,48.599998474121094,48.5,35.03681945800781
2001-07-20,48.25,48.5,35.03681945800781
2001-07-23,48.82500076293945,48.150001525878906,34.78398513793945
2001-07-24,48.0,47.349998474121094,34.206058502197266
2001-07-25,47.45000076293945,47.625,34.40469741821289
2001-07-26,47.505001068115234,48.32500076293945,34.9103889465332
2001-07-27,48.32500076293945,48.25,34.85622024536133
2001-07-30,48.45000076293945,48.17499923706055,34.802032470703125
2001-07-31,48.29499816894531,48.1150016784668,34.75870132446289
2001-08-01,48.525001525878906,48.849998474121094,35.289634704589844
2001-08-02,49.224998474121094,48.70000076293945,35.1812858581543
2001-08-03,48.75,48.57500076293945,35.09098434448242
2001-08-06,48.5,47.900001525878906,34.603363037109375
2001-08-07,47.900001525878906,47.95000076293945,34.63949966430664
2001-08-08,47.5,46.875,33.86289596557617
2001-08-09,47.099998474121094,47.349998474121094,34.206058502197266
2001-08-10,47.17499923706055,47.29999923706055,34.16989517211914
2001-08-13,47.57500076293945,47.70000076293945,34.45888900756836
2001-08-14,47.775001525878906,47.849998474121094,34.567230224609375
2001-08-15,47.875,47.790000915527344,34.5239143371582
2001-08-16,47.625,48.099998474121094,34.74785232543945
2001-08-17,47.70000076293945,47.349998474121094,34.206058502197266
2001-08-20,47.29999923706055,47.875,34.585296630859375
2001-08-21,47.849998474121094,47.04999923706055,33.98931884765625
2001-08-22,47.45000076293945,47.67499923706055,34.44080352783203
2001-08-23,47.599998474121094,47.04999923706055,33.98931884765625
2001-08-24,47.5,48.04999923706055,34.71172332763672
2001-08-27,48.04999923706055,47.875,34.585296630859375
2001-08-28,47.82500076293945,47.349998474121094,34.206058502197266
2001-08-29,47.525001525878906,47.150001525878906,34.06155776977539
2001-08-30,46.900001525878906,46.55500030517578,33.63173294067383
2001-08-31,46.70000076293945,46.94499969482422,33.913455963134766
2001-09-04,46.849998474121094,46.5,33.591976165771484
2001-09-05,46.599998474121094,46.17499923706055,33.357200622558594
2001-09-06,45.75,45.099998474121094,32.58061599731445
2001-09-07,44.650001525878906,44.26499938964844,31.977420806884766
2001-09-10,43.92499923706055,43.92499923706055,31.731794357299805
2001-09-17,41.0,41.75,30.16055679321289
2001-09-18,41.869998931884766,41.07500076293945,29.672929763793945
2001-09-19,41.255001068115234,40.08000183105469,28.95412826538086
2001-09-20,39.54999923706055,38.55500030517578,27.852445602416992
2001-09-21,37.25,37.83000183105469,27.328720092773438
2001-09-24,38.25,39.0,28.173934936523438
2001-09-25,39.119998931884766,39.474998474121094,28.517086029052734
2001-09-26,39.599998474121094,38.88999938964844,28.0944766998291
2001-09-27,38.88999938964844,39.51499938964844,28.545976638793945
2001-09-28,39.79999923706055,40.099998474121094,28.96856689453125
2001-10-01,40.099998474121094,39.75,28.821399688720703
2001-10-02,39.5,40.185001373291016,29.13678550720215
2001-10-03,39.5,41.099998474121094,29.800228118896484
2001-10-04,41.25,41.5099983215332,30.097505569458008
2001-10-05,41.45000076293945,41.29999923706055,29.94525718688965
2001-10-08,40.75,40.92499923706055,29.67333984375
2001-10-09,40.82500076293945,40.584999084472656,29.426807403564453
2001-10-10,40.54999923706055,42.0,30.452789306640625
2001-10-11,42.5,42.67499923706055,30.942214965820312
2001-10-12,42.560001373291016,42.540000915527344,30.84432601928711
2001-10-15,42.375,42.70000076293945,30.960329055786133
2001-10-16,42.95000076293945,43.275001525878906,31.377239227294922
2001-10-17,43.650001525878906,42.04999923706055,30.489028930664062
2001-10-18,42.275001525878906,41.779998779296875,30.293275833129883
2001-10-19,41.724998474121094,42.29999923706055,30.670297622680664
2001-10-22,42.375,42.68000030517578,30.94584083557129
2001-10-23,43.005001068115234,42.400001525878906,30.74280548095703
2001-10-24,42.5,42.67499923706055,30.942214965820312
2001-10-25,42.20000076293945,43.625,31.631027221679688
2001-10-26,43.20000076293945,43.625,31.631027221679688
2001-10-29,43.505001068115234,42.75,30.996591567993164
2001-10-30,42.400001525878906,41.849998474121094,30.344018936157227
2001-10-31,42.32500076293945,42.54999923706055,30.851579666137695
2001-11-01,42.66999816894531,43.29999923706055,31.39537811279297
2001-11-02,43.224998474121094,43.0,31.177846908569336
2001-11-05,43.599998474121094,43.625,31.631027221679688
2001-11-06,43.375,44.25,32.08418655395508
2001-11-07,43.849998474121094,43.95000076293945,31.866670608520508
2001-11-08,44.17499923706055,43.849998474121094,31.794166564941406
2001-11-09,43.529998779296875,43.70000076293945,31.685409545898438
2001-11-12,43.349998474121094,43.875,31.812294006347656
2001-11-13,44.25,44.67499923706055,32.3923454284668
2001-11-14,45.0,45.119998931884766,32.71501922607422
2001-11-15,44.900001525878906,44.95000076293945,32.59172439575195
2001-11-16,44.83000183105469,44.994998931884766,32.624351501464844
2001-11-19,45.07500076293945,45.5,32.99052810668945
2001-11-20,45.5,45.2400016784668,32.802005767822266
2001-11-21,45.150001525878906,45.084999084472656,32.68961715698242
2001-11-23,45.025001525878906,45.7400016784668,33.16453170776367
2001-11-26,45.7400016784668,45.974998474121094,33.33494186401367
2001-11-27,45.95000076293945,45.82500076293945,33.226165771484375
2001-11-28,45.599998474121094,45.025001525878906,32.6461067199707
2001-11-29,45.17499923706055,46.349998474121094,33.60681915283203
2001-11-30,46.20000076293945,45.79999923706055,33.208030700683594
2001-12-03,45.45000076293945,45.5,32.99052810668945
2001-12-04,45.5,46.54999923706055,33.7518424987793
2001-12-05,47.04999923706055,47.57500076293945,34.495033264160156
2001-12-06,47.79999923706055,48.25,34.984474182128906
2001-12-07,48.07500076293945,47.8849983215332,34.71980285644531
2001-12-10,47.875,47.05500030517578,34.11800003051758
2001-12-11,47.42499923706055,47.32500076293945,34.31377029418945
2001-12-12,47.45000076293945,47.400001525878906,34.36813735961914
2001-12-13,46.974998474121094,46.55500030517578,33.755462646484375
2001-12-14,46.650001525878906,46.95000076293945,34.140869140625
2001-12-17,46.83000183105469,47.849998474121094,34.795326232910156
2001-12-18,48.25,48.275001525878906,35.1043701171875
2001-12-19,47.875,47.900001525878906,34.831695556640625
2001-12-20,47.900001525878906,47.150001525878906,34.286312103271484
2001-12-21,47.45000076293945,48.099998474121094,34.97711944580078
2001-12-24,48.224998474121094,48.32500076293945,35.140743255615234
2001-12-26,48.29999923706055,48.75,35.44978713989258
2001-12-27,48.75,48.95000076293945,35.59522247314453
2001-12-28,49.150001525878906,49.0,35.63158416748047
2001-12-31,49.125,48.17499923706055,35.03166580200195
2002-01-02,48.54999923706055,48.619998931884766,35.355247497558594
2002-01-03,48.5,49.29499816894531,35.846092224121094
2002-01-04,49.375,49.724998474121094,36.158782958984375
2002-01-07,49.67499923706055,48.92499923706055,35.577049255371094
2002-01-08,49.125,49.5,35.99515151977539
2002-01-09,49.875,49.0,35.63158416748047
2002-01-10,49.07500076293945,49.29999923706055,35.849727630615234
2002-01-11,49.375,48.70000076293945,35.41343307495117
2002-01-14,48.630001068115234,47.974998474121094,34.886234283447266
2002-01-15,48.095001220703125,48.29999923706055,35.12255096435547
2002-01-16,47.75,47.31999969482422,34.409915924072266
2002-01-17,47.75,47.54999923706055,34.577178955078125
2002-01-18,47.54999923706055,46.95000076293945,34.140869140625
2002-01-22,47.375,46.650001525878906,33.922725677490234
2002-01-23,46.82500076293945,47.29999923706055,34.395381927490234
2002-01-24,47.54999923706055,47.67499923706055,34.66806411743164
2002-01-25,47.67499923706055,47.63999938964844,34.642635345458984
2002-01-28,47.79999923706055,47.95000076293945,34.8680534362793
2002-01-29,47.92499923706055,47.10499954223633,34.253570556640625
2002-01-30,47.20000076293945,47.69499969482422,34.682621002197266
2002-01-31,47.79999923706055,48.099998474121094,34.97711944580078
2002-02-01,47.75,47.82500076293945,34.77716064453125
2002-02-04,47.625,46.70000076293945,33.95908737182617
2002-02-05,46.57500076293945,46.52000045776367,33.82818603515625
2002-02-06,46.525001525878906,46.0,33.45003128051758
2002-02-07,45.95000076293945,45.400001525878906,33.01375198364258
2002-02-08,45.60499954223633,46.599998474121094,33.88636779785156
2002-02-11,46.400001525878906,46.80500030517578,34.03544616699219
2002-02-12,46.650001525878906,46.904998779296875,34.10813903808594
2002-02-13,47.125,47.349998474121094,34.43175506591797
2002-02-14,47.470001220703125,46.75,33.995460510253906
2002-02-15,46.869998931884766,46.68000030517578,33.944541931152344
2002-02-19,46.25,45.775001525878906,33.286434173583984
2002-02-20,45.70000076293945,46.54999923706055,33.84999465942383
2002-02-21,46.45000076293945,45.55500030517578,33.1264533996582
2002-02-22,45.599998474121094,46.375,33.722755432128906
2002-02-25,46.375,46.665000915527344,33.933631896972656
2002-02-26,46.64500045776367,46.8849983215332,34.093597412109375
2002-02-27,47.125,47.099998474121094,34.24995040893555
2002-02-28,47.150001525878906,46.599998474121094,33.88636779785156
2002-03-01,46.82500076293945,47.75,34.72260284423828
2002-03-04,47.75,48.5,35.26799774169922
2002-03-05,48.4900016784668,48.61000061035156,35.34798049926758
2002-03-06,48.61000061035156,49.20000076293945,35.777015686035156
2002-03-07,49.54999923706055,49.25,35.813385009765625
2002-03-08,49.849998474121094,49.689998626708984,36.17557907104492
2002-03-11,49.689998626708984,49.70000076293945,36.1828498840332
2002-03-12,49.275001525878906,49.619998931884766,36.124603271484375
2002-03-13,49.25,49.20000076293945,35.81884002685547
2002-03-14,49.375,49.42499923706055,35.98263931274414
2002-03-15,49.30500030517578,49.625,36.12822723388672
2002-03-18,49.744998931884766,49.904998779296875,36.332088470458984
2002-03-19,50.150001525878906,50.224998474121094,36.565032958984375
2002-03-20,49.974998474121094,49.435001373291016,35.989933013916016
2002-03-21,49.775001525878906,50.26499938964844,36.59419250488281
2002-03-22,50.275001525878906,49.900001525878906,36.328460693359375
2002-03-25,50.025001525878906,49.29499816894531,35.88799285888672
2002-03-26,49.400001525878906,49.849998474121094,36.29206085205078
2002-03-27,49.849998474121094,50.314998626708984,36.63057327270508
2002-03-28,50.45000076293945,50.04999923706055,36.43764877319336
2002-04-01,50.04999923706055,50.099998474121094,36.47406005859375
2002-04-02,49.69499969482422,49.779998779296875,36.2410774230957
2002-04-03,49.875,49.42499923706055,35.98263931274414
2002-04-04,49.20000076293945,49.619998931884766,36.124603271484375
2002-04-05,49.79999923706055,49.54999923706055,36.07365036010742
2002-04-08,49.005001068115234,50.16999816894531,36.52500915527344
2002-04-09,50.16999816894531,49.98500061035156,36.39033126831055
2002-04-10,50.25,50.95000076293945,37.09287643432617
2002-04-11,50.82500076293945,50.1349983215332,36.49952697753906
2002-04-12,50.5,51.25,37.31128692626953
2002-04-15,51.5,50.875,37.03828430175781
2002-04-16,51.45000076293945,52.150001525878906,37.96649932861328
2002-04-17,52.375,51.709999084472656,37.646175384521484
2002-04-18,51.775001525878906,51.4900016784668,37.486026763916016
2002-04-19,51.79999923706055,51.45000076293945,37.45691680908203
2002-04-22,51.400001525878906,50.77000045776367,36.961830139160156
2002-04-23,50.79999923706055,50.95000076293945,37.09287643432617
2002-04-24,51.0,50.52000045776367,36.77983474731445
2002-04-25,50.29999923706055,50.654998779296875,36.87809753417969
2002-04-26,50.810001373291016,49.685001373291016,36.17192459106445
2002-04-29,50.0,49.834999084472656,36.2811164855957
2002-04-30,49.900001525878906,50.650001525878906,36.87448501586914
2002-05-01,50.75,51.0,37.12928009033203
2002-05-02,50.95000076293945,51.17499923706055,37.25666809082031
2002-05-03,51.25,50.95000076293945,37.09287643432617
2002-05-06,50.994998931884766,49.974998474121094,36.383052825927734
2002-05-07,50.2400016784668,49.6150016784668,36.12099075317383
2002-05-08,50.45000076293945,50.79999923706055,36.983680725097656
2002-05-09,50.79999923706055,49.875,36.31024932861328
2002-05-10,49.994998931884766,49.064998626708984,35.72055435180664
2002-05-13,49.07500076293945,49.70000076293945,36.1828498840332
2002-05-14,50.349998474121094,51.20000076293945,37.2748908996582
2002-05-15,50.875,51.150001525878906,37.238460540771484
2002-05-16,51.17499923706055,50.54499816894531,36.79802703857422
2002-05-17,50.599998474121094,50.70000076293945,36.91088104248047
2002-05-20,50.625,50.060001373291016,36.44493865966797
2002-05-21,50.17499923706055,49.29999923706055,35.891632080078125
2002-05-22,49.150001525878906,49.0,35.67323684692383
2002-05-23,49.349998474121094,49.974998474121094,36.383052825927734
2002-05-24,49.75,49.185001373291016,35.80791473388672
2002-05-28,49.400001525878906,49.060001373291016,35.716896057128906
2002-05-29,48.95000076293945,48.435001373291016,35.261898040771484
2002-05-30,48.435001373291016,48.61000061035156,35.38931655883789
2002-05-31,48.775001525878906,48.25,35.127193450927734
2002-06-03,48.474998474121094,47.125,34.30818176269531
2002-06-04,47.04999923706055,47.1349983215332,34.315460205078125
2002-06-05,47.275001525878906,47.29999923706055,34.43558883666992
2002-06-06,47.275001525878906,46.380001068115234,33.76580047607422
2002-06-07,45.625,46.79999923706055,34.07157516479492
2002-06-10,46.900001525878906,46.75,34.03517532348633
2002-06-11,47.0,46.0,33.48915481567383
2002-06-12,46.005001068115234,46.150001525878906,33.59836196899414
2002-06-13,46.099998474121094,45.5,33.12516403198242
2002-06-14,44.79999923706055,45.75,33.39559555053711
2002-06-17,45.875,46.814998626708984,34.17298889160156
2002-06-18,46.76499938964844,46.94499969482422,34.26787567138672
2002-06-19,46.349998474121094,46.0,33.57807159423828
2002-06-20,46.119998931884766,45.900001525878906,33.50509262084961
2002-06-21,45.900001525878906,45.79999923706055,33.43207931518555
2002-06-24,45.625,45.654998779296875,33.32625961303711
2002-06-25,45.95000076293945,45.0099983215332,32.85542678833008
2002-06-26,44.0,44.98500061035156,32.83716583251953
2002-06-27,45.650001525878906,45.849998474121094,33.46859359741211
2002-06-28,45.72999954223633,45.32500076293945,33.08536911010742
2002-07-01,45.45000076293945,44.400001525878906,32.41015625
2002-07-02,44.279998779296875,43.064998626708984,31.43564796447754
2002-07-03,42.900001525878906,42.54999923706055,31.059720993041992
2002-07-05,43.07500076293945,43.959999084472656,32.08896255493164
2002-07-08,43.875,43.04999923706055,31.42469024658203
2002-07-09,43.099998474121094,42.8849983215332,31.304248809814453
2002-07-10,42.94499969482422,41.70500183105469,30.442914962768555
2002-07-11,41.5,41.380001068115234,30.205677032470703
2002-07-12,41.5,41.025001525878906,29.946531295776367
2002-07-15,40.95000076293945,40.77000045776367,29.760417938232422
2002-07-16,40.474998474121094,40.5,29.56330108642578
2002-07-17,41.494998931884766,40.875,29.837053298950195
2002-07-18,40.650001525878906,39.45000076293945,28.796850204467773
2002-07-19,39.025001525878906,38.625,28.194625854492188
2002-07-22,38.29999923706055,37.85499954223633,27.6325740814209
2002-07-23,38.07500076293945,35.875,26.187255859375
2002-07-24,35.20000076293945,38.0,27.738412857055664
2002-07-25,37.0,37.70000076293945,27.519428253173828
2002-07-26,37.974998474121094,38.29999923706055,27.957422256469727
2002-07-29,39.150001525878906,39.775001525878906,29.034095764160156
2002-07-30,39.849998474121094,39.89500045776367,29.121700286865234
2002-07-31,39.89500045776367,39.275001525878906,28.669103622436523
2002-08-01,39.150001525878906,38.70000076293945,28.249387741088867
2002-08-02,38.625,37.48500061035156,27.362497329711914
2002-08-05,37.48500061035156,36.48500061035156,26.632526397705078
2002-08-06,37.150001525878906,38.07500076293945,27.79316520690918
2002-08-07,38.375,38.220001220703125,27.89902114868164
2002-08-08,38.220001220703125,38.834999084472656,28.347938537597656
2002-08-09,38.29999923706055,38.505001068115234,28.107044219970703
2002-08-12,38.25,38.599998474121094,28.1763916015625
2002-08-13,38.54999923706055,37.5,27.37342643737793
2002-08-14,37.775001525878906,38.84000015258789,28.35157585144043
2002-08-15,39.150001525878906,38.880001068115234,28.380769729614258
2002-08-16,38.82500076293945,39.474998474121094,28.815105438232422
2002-08-19,39.70500183105469,40.025001525878906,29.216604232788086
2002-08-20,39.904998779296875,39.82500076293945,29.070592880249023
2002-08-21,39.94499969482422,40.63999938964844,29.665502548217773
2002-08-22,40.599998474121094,40.900001525878906,29.855289459228516
2002-08-23,40.599998474121094,39.82500076293945,29.070592880249023
2002-08-26,40.0,40.54999923706055,29.599815368652344
2002-08-27,40.875,39.775001525878906,29.034095764160156
2002-08-28,39.349998474121094,39.0,28.468364715576172
2002-08-29,38.42499923706055,39.290000915527344,28.680065155029297
2002-08-30,39.17499923706055,39.025001525878906,28.48661994934082
2002-09-03,38.32500076293945,37.875,27.647172927856445
2002-09-04,37.849998474121094,38.67499923706055,28.231143951416016
2002-09-05,38.125,37.900001525878906,27.66543960571289
2002-09-06,38.400001525878906,39.150001525878906,28.577865600585938
2002-09-09,39.04999923706055,39.029998779296875,28.490272521972656
2002-09-10,39.32500076293945,39.275001525878906,28.669103622436523
2002-09-11,40.0,39.150001525878906,28.577865600585938
2002-09-12,39.0,38.5,28.1033935546875
2002-09-13,38.20000076293945,38.849998474121094,28.453475952148438
2002-09-16,38.79999923706055,38.400001525878906,28.123899459838867
2002-09-17,38.70000076293945,37.875,27.739398956298828
2002-09-18,37.32500076293945,37.775001525878906,27.666152954101562
2002-09-19,36.75,36.39500045776367,26.65545654296875
2002-09-20,36.875,36.54999923706055,26.768970489501953
2002-09-23,36.29999923706055,35.650001525878906,26.109821319580078
2002-09-24,35.345001220703125,35.375,25.908411026000977
2002-09-25,35.625,36.45000076293945,26.69574546813965
2002-09-26,36.70000076293945,36.93000030517578,27.047277450561523
2002-09-27,36.625,36.025001525878906,26.384471893310547
2002-09-30,35.650001525878906,35.775001525878906,26.201374053955078
2002-10-01,36.25,36.92499923706055,27.043617248535156
2002-10-02,36.57500076293945,36.025001525878906,26.384471893310547
2002-10-03,35.970001220703125,35.6349983215332,26.098838806152344
2002-10-04,35.875,34.650001525878906,25.37742805480957
2002-10-07,34.474998474121094,33.720001220703125,24.696304321289062
2002-10-08,34.255001068115234,33.974998474121094,24.8830623626709
2002-10-09,33.57500076293945,32.54999923706055,23.839393615722656
2002-10-10,32.53499984741211,33.5,24.53517723083496
2002-10-11,33.8849983215332,34.349998474121094,25.157712936401367
2002-10-14,34.04999923706055,34.58000183105469,25.32615852355957
2002-10-15,35.380001068115234,35.974998474121094,26.347856521606445
2002-10-16,35.5,35.07500076293945,25.688692092895508
2002-10-17,35.935001373291016,36.125,26.457714080810547
2002-10-18,35.834999084472656,36.20000076293945,26.512638092041016
2002-10-21,35.900001525878906,36.67499923706055,26.86052131652832
2002-10-22,36.349998474121094,36.20500183105469,26.516307830810547
2002-10-23,36.0,36.779998779296875,26.93742561340332
2002-10-24,36.95000076293945,36.42499923706055,26.67742156982422
2002-10-25,36.32500076293945,37.220001220703125,27.25968360900879
2002-10-28,37.70000076293945,36.79999923706055,26.952075958251953
2002-10-29,36.775001525878906,36.69499969482422,26.875167846679688
2002-10-30,37.0,37.32500076293945,27.336585998535156
2002-10-31,37.525001525878906,37.25,27.28165054321289
2002-11-01,37.1349983215332,38.125,27.922494888305664
2002-11-04,38.69499969482422,38.45500183105469,28.164196014404297
2002-11-05,38.525001525878906,38.52000045776367,28.211790084838867
2002-11-06,38.849998474121094,39.17499923706055,28.691511154174805
2002-11-07,38.92499923706055,38.244998931884766,28.010387420654297
2002-11-08,38.32500076293945,37.724998474121094,27.629528045654297
2002-11-11,37.724998474121094,36.810001373291016,26.959392547607422
2002-11-12,39.81999969482422,37.400001525878906,27.391508102416992
2002-11-13,37.36000061035156,37.599998474121094,27.537981033325195
2002-11-14,37.900001525878906,38.415000915527344,28.134883880615234
2002-11-15,38.17499923706055,38.400001525878906,28.123899459838867
2002-11-18,38.875,38.10499954223633,27.907855987548828
2002-11-19,38.01499938964844,37.970001220703125,27.808977127075195
2002-11-20,37.849998474121094,38.974998474121094,28.54503631591797
2002-11-21,39.0099983215332,39.73500061035156,29.101646423339844
2002-11-22,39.400001525878906,40.0099983215332,29.30304527282715
2002-11-25,40.0,40.275001525878906,29.497148513793945
2002-11-26,40.275001525878906,39.82500076293945,29.16756820678711
2002-11-27,40.20000076293945,40.90999984741211,29.96221923828125
2002-11-29,40.92499923706055,40.404998779296875,29.59234619140625
2002-12-02,41.25,40.71500015258789,29.81940269470215
2002-12-03,40.45000076293945,40.0,29.29572868347168
2002-12-04,39.66999816894531,39.60499954223633,29.00643539428711
2002-12-05,40.040000915527344,39.41999816894531,28.870946884155273
2002-12-06,39.0,39.58000183105469,28.988142013549805
2002-12-09,39.26499938964844,38.529998779296875,28.21912384033203
2002-12-10,38.7400016784668,39.279998779296875,28.768421173095703
2002-12-11,39.099998474121094,39.32500076293945,28.801353454589844
2002-12-12,39.5,39.48500061035156,28.918556213378906
2002-12-13,38.974998474121094,38.525001525878906,28.351882934570312
2002-12-16,38.650001525878906,39.21500015258789,28.859668731689453
2002-12-17,39.224998474121094,38.79999923706055,28.554256439208984
2002-12-18,38.75,38.18000030517578,28.09798812866211
2002-12-19,38.125,38.084999084472656,28.02806854248047
2002-12-20,38.369998931884766,38.51499938964844,28.34452247619629
2002-12-23,38.45000076293945,38.775001525878906,28.53585433959961
2002-12-24,38.665000915527344,38.70000076293945,28.480676651000977
2002-12-26,38.75,38.70000076293945,28.480676651000977
2002-12-27,38.625,38.06999969482422,28.01702880859375
2002-12-30,38.150001525878906,37.95000076293945,27.928728103637695
2002-12-31,38.06999969482422,37.904998779296875,27.895599365234375
2003-01-02,38.25,38.95000076293945,28.664642333984375
2003-01-03,39.0,38.8849983215332,28.6168155670166
2003-01-06,38.8849983215332,39.34000015258789,28.9516658782959
2003-01-07,39.349998474121094,39.1349983215332,28.800800323486328
2003-01-08,38.95000076293945,38.744998931884766,28.513803482055664
2003-01-09,38.9900016784668,39.314998626708984,28.933263778686523
2003-01-10,38.915000915527344,39.400001525878906,28.99582290649414
2003-01-13,39.65999984741211,39.4900016784668,29.062061309814453
2003-01-14,39.45000076293945,39.51499938964844,29.0804443359375
2003-01-15,39.584999084472656,39.42499923706055,29.01420021057129
2003-01-16,39.5,39.369998931884766,28.973737716674805
2003-01-17,38.939998626708984,38.630001068115234,28.42916488647461
2003-01-21,38.70000076293945,38.06999969482422,28.01702880859375
2003-01-22,37.8849983215332,37.7400016784668,27.774171829223633
2003-01-23,37.974998474121094,37.974998474121094,27.947111129760742
2003-01-24,38.0,37.189998626708984,27.36941146850586
2003-01-27,37.0,36.625,26.953601837158203
2003-01-28,36.900001525878906,36.92499923706055,27.174392700195312
2003-01-29,36.77000045776367,37.20500183105469,27.380443572998047
2003-01-30,37.334999084472656,36.599998474121094,26.93522071838379
2003-01-31,36.42499923706055,37.119998931884766,27.317888259887695
2003-02-03,37.20000076293945,36.79999923706055,27.08238983154297
2003-02-04,36.525001525878906,36.79999923706055,27.08238983154297
2003-02-05,36.959999084472656,36.525001525878906,26.880002975463867
2003-02-06,36.415000915527344,36.32500076293945,26.732818603515625
2003-02-07,36.52000045776367,35.65999984741211,26.243431091308594
2003-02-10,35.70000076293945,36.029998779296875,26.51572036743164
2003-02-11,36.13999938964844,35.93000030517578,26.44213104248047
2003-02-12,35.810001373291016,35.42499923706055,26.070478439331055
2003-02-13,35.41999816894531,35.33000183105469,26.000564575195312
2003-02-14,35.380001068115234,35.650001525878906,26.236072540283203
2003-02-18,35.92499923706055,36.3650016784668,26.76226806640625
2003-02-19,36.275001525878906,35.92499923706055,26.438446044921875
2003-02-20,35.959999084472656,35.849998474121094,26.383256912231445
2003-02-21,35.849998474121094,36.15999984741211,26.61139488220215
2003-02-24,36.095001220703125,35.60499954223633,26.202953338623047
2003-02-25,35.45000076293945,35.93000030517578,26.44213104248047
2003-02-26,35.89500045776367,35.75,26.30966567993164
2003-02-27,35.935001373291016,35.94499969482422,26.453157424926758
2003-02-28,36.04499816894531,36.005001068115234,26.49732208251953
2003-03-03,36.25,35.89500045776367,26.416379928588867
2003-03-04,35.82500076293945,35.43000030517578,26.07417106628418
2003-03-05,35.3849983215332,35.5,26.12566566467285
2003-03-06,35.25,35.209999084472656,25.912256240844727
2003-03-07,34.875,35.224998474121094,25.982328414916992
2003-03-10,34.994998931884766,34.619998931884766,25.536069869995117
2003-03-11,34.665000915527344,34.375,25.35536766052246
2003-03-12,34.439998626708984,34.45000076293945,25.410682678222656
2003-03-13,34.900001525878906,35.380001068115234,26.096656799316406
2003-03-14,35.54999923706055,35.42499923706055,26.12984848022461
2003-03-17,35.275001525878906,36.244998931884766,26.73469352722168
2003-03-18,36.45000076293945,36.720001220703125,27.08505630493164
2003-03-19,36.724998474121094,36.630001068115234,27.01866912841797
2003-03-20,36.54999923706055,36.869998931884766,27.195693969726562
2003-03-21,37.165000915527344,37.3849983215332,27.57556915283203
2003-03-24,36.849998474121094,36.584999084472656,26.985464096069336
2003-03-25,36.560001373291016,36.974998474121094,27.273151397705078
2003-03-26,36.96500015258789,36.52000045776367,26.937543869018555
2003-03-27,36.349998474121094,36.76499938964844,27.118240356445312
2003-03-28,36.595001220703125,36.75,27.10718536376953
2003-03-31,36.32500076293945,36.0,26.553974151611328
2003-04-01,36.349998474121094,36.625,27.014978408813477
2003-04-02,37.23500061035156,37.35499954223633,27.553443908691406
2003-04-03,37.70000076293945,37.375,27.568191528320312
2003-04-04,37.540000915527344,37.26499938964844,27.487062454223633
2003-04-07,38.07500076293945,37.290000915527344,27.505496978759766
2003-04-08,37.349998474121094,37.31999969482422,27.527633666992188
2003-04-09,37.3650016784668,37.1150016784668,27.37640953063965
2003-04-10,37.17499923706055,37.125,27.383787155151367
2003-04-11,37.3849983215332,36.91999816894531,27.232582092285156
2003-04-14,37.0099983215332,37.59000015258789,27.72678565979004
2003-04-15,37.57500076293945,37.994998931884766,28.025510787963867
2003-04-16,38.060001373291016,37.599998474121094,27.73414421081543
2003-04-17,37.685001373291016,38.17499923706055,28.15826988220215
2003-04-21,38.2400016784668,38.435001373291016,28.350055694580078
2003-04-22,38.099998474121094,38.96500015258789,28.740985870361328
2003-04-23,38.974998474121094,39.375,29.04341697692871
2003-04-24,39.154998779296875,39.17499923706055,28.89588737487793
2003-04-25,39.125,38.625,28.490190505981445
2003-04-28,38.900001525878906,39.310001373291016,28.9954776763916
2003-04-29,39.43000030517578,39.57500076293945,29.190948486328125
2003-04-30,39.42499923706055,39.70000076293945,29.283138275146484
2003-05-01,39.75,39.650001525878906,29.24625015258789
2003-05-02,39.75,40.650001525878906,29.983869552612305
2003-05-05,40.76499938964844,40.834999084472656,30.120323181152344
2003-05-06,40.93000030517578,41.224998474121094,30.40799903869629
2003-05-07,41.040000915527344,40.974998474121094,30.223573684692383
2003-05-08,40.689998626708984,40.6349983215332,29.972808837890625
2003-05-09,40.86000061035156,41.220001220703125,30.404314041137695
2003-05-12,41.18000030517578,41.66999816894531,30.736215591430664
2003-05-13,41.685001373291016,41.915000915527344,30.916963577270508
2003-05-14,42.04499816894531,41.88999938964844,30.898500442504883
2003-05-15,42.01499938964844,42.05500030517578,31.020214080810547
2003-05-16,42.05500030517578,41.53499984741211,30.63663673400879
2003-05-19,41.29999923706055,40.814998626708984,30.105581283569336
2003-05-20,40.869998931884766,40.80500030517578,30.098194122314453
2003-05-21,40.685001373291016,40.959999084472656,30.212528228759766
2003-05-22,40.974998474121094,41.375,30.518632888793945
2003-05-23,41.3849983215332,41.70000076293945,30.75835418701172
2003-05-27,41.6349983215332,42.68000030517578,31.481218338012695
2003-05-28,42.79999923706055,42.970001220703125,31.695100784301758
2003-05-29,43.185001373291016,43.244998931884766,31.89797019958496
2003-05-30,43.57500076293945,44.01499938964844,32.46592330932617
2003-06-02,44.375,44.244998931884766,32.63559341430664
2003-06-03,44.209999084472656,44.3849983215332,32.73884963989258
2003-06-04,44.375,44.9900016784668,33.18510055541992
2003-06-05,44.82500076293945,45.724998474121094,33.727230072021484
2003-06-06,46.20000076293945,45.20000076293945,33.33998107910156
2003-06-09,45.099998474121094,44.36000061035156,32.720394134521484
2003-06-10,44.4900016784668,45.025001525878906,33.210914611816406
2003-06-11,45.0,45.45000076293945,33.52439880371094
2003-06-12,45.7400016784668,45.70500183105469,33.71249771118164
2003-06-13,45.67499923706055,44.81999969482422,33.1140251159668
2003-06-16,45.099998474121094,45.57500076293945,33.671844482421875
2003-06-17,45.814998626708984,45.66999816894531,33.742042541503906
2003-06-18,45.4900016784668,45.63999938964844,33.71987533569336
2003-06-19,45.75,45.02000045776367,33.26179504394531
2003-06-20,45.150001525878906,44.6349983215332,32.977359771728516
2003-06-23,44.67499923706055,43.84000015258789,32.38999557495117
2003-06-24,43.709999084472656,43.82500076293945,32.37892150878906
2003-06-25,43.834999084472656,44.119998931884766,32.596866607666016
2003-06-26,44.275001525878906,44.875,33.15468978881836
2003-06-27,45.0,44.59000015258789,32.94411087036133
2003-06-30,44.845001220703125,44.45000076293945,32.840675354003906
2003-07-01,44.404998779296875,44.755001068115234,33.066017150878906
2003-07-02,44.935001373291016,45.875,33.89348602294922
2003-07-03,45.5099983215332,45.47999954223633,33.60166931152344
2003-07-07,45.92499923706055,46.42499923706055,34.29985046386719
2003-07-08,46.400001525878906,47.25,34.90937042236328
2003-07-09,47.2599983215332,47.599998474121094,35.1679801940918
2003-07-10,47.349998474121094,46.66999816894531,34.48085403442383
2003-07-11,46.86000061035156,47.314998626708984,34.95738983154297
2003-07-14,47.73500061035156,47.70500183105469,35.24554443359375
2003-07-15,48.150001525878906,47.57500076293945,35.149505615234375
2003-07-16,47.83000183105469,47.314998626708984,34.95738983154297
2003-07-17,46.8849983215332,45.814998626708984,33.849178314208984
2003-07-18,46.099998474121094,46.125,34.07819747924805
2003-07-21,46.05500030517578,45.724998474121094,33.78266906738281
2003-07-22,45.86000061035156,46.2599983215332,34.177947998046875
2003-07-23,46.275001525878906,46.57500076293945,34.410675048828125
2003-07-24,46.83000183105469,46.48500061035156,34.344181060791016
2003-07-25,46.474998474121094,46.82500076293945,34.595367431640625
2003-07-28,46.81999969482422,47.400001525878906,35.02019500732422
2003-07-29,47.474998474121094,47.42499923706055,35.03866195678711
2003-07-30,47.474998474121094,47.244998931884766,34.90568161010742
2003-07-31,47.5,47.34000015258789,34.97587585449219
2003-08-01,47.375,46.67499923706055,34.48455810546875
2003-08-04,46.56999969482422,46.20500183105469,34.13731384277344
2003-08-05,46.220001220703125,45.404998779296875,33.5462532043457
2003-08-06,45.48500061035156,45.20000076293945,33.39478302001953
2003-08-07,45.255001068115234,45.349998474121094,33.505615234375
2003-08-08,45.43000030517578,45.25,33.431739807128906
2003-08-11,45.220001220703125,45.875,33.89348602294922
2003-08-12,45.845001220703125,46.64500045776367,34.462398529052734
2003-08-13,46.650001525878906,46.79999923706055,34.576900482177734
2003-08-14,46.71500015258789,47.10499954223633,34.802249908447266
2003-08-15,47.025001525878906,47.119998931884766,34.8133430480957
2003-08-18,47.33000183105469,48.05500030517578,35.50413131713867
2003-08-19,48.275001525878906,48.95500183105469,36.1690673828125
2003-08-20,48.505001068115234,48.93000030517578,36.15060043334961
2003-08-21,49.20000076293945,49.33000183105469,36.446136474609375
2003-08-22,49.89500045776367,48.459999084472656,35.80335235595703
2003-08-25,48.369998931884766,48.415000915527344,35.77010726928711
2003-08-26,48.15999984741211,48.599998474121094,35.90679168701172
2003-08-27,48.595001220703125,49.07500076293945,36.25773239135742
2003-08-28,49.150001525878906,49.400001525878906,36.49784851074219
2003-08-29,49.44499969482422,49.60499954223633,36.64931106567383
2003-09-02,49.875,50.75,37.49525451660156
2003-09-03,50.88999938964844,50.96500015258789,37.65410614013672
2003-09-04,51.07500076293945,51.17499923706055,37.80925750732422
2003-09-05,50.900001525878906,50.849998474121094,37.569129943847656
2003-09-08,51.07500076293945,51.55500030517578,38.090003967285156
2003-09-09,51.525001525878906,51.17499923706055,37.80925750732422
2003-09-10,50.95500183105469,50.165000915527344,37.063045501708984
2003-09-11,50.189998626708984,50.599998474121094,37.38443374633789
2003-09-12,50.35499954223633,50.70500183105469,37.549949645996094
2003-09-15,50.810001373291016,50.58000183105469,37.457374572753906
2003-09-16,50.724998474121094,51.334999084472656,38.01648712158203
2003-09-17,51.28499984741211,51.31999969482422,38.00537872314453
2003-09-18,51.375,51.85499954223633,38.4015998840332
2003-09-19,51.95000076293945,51.79999923706055,38.360862731933594
2003-09-22,51.099998474121094,51.09000015258789,37.83506774902344
2003-09-23,51.150001525878906,51.78499984741211,38.34974670410156
2003-09-24,51.900001525878906,50.505001068115234,37.401851654052734
2003-09-25,50.665000915527344,49.13999938964844,36.39097213745117
2003-09-26,49.209999084472656,48.29999923706055,35.768917083740234
2003-09-29,48.625,49.165000915527344,36.40948486328125
2003-09-30,48.939998626708984,48.525001525878906,35.93553161621094
2003-10-01,48.685001373291016,49.834999084472656,36.905670166015625
2003-10-02,49.849998474121094,50.314998626708984,37.2611083984375
2003-10-03,50.83000183105469,51.11000061035156,37.849876403808594
2003-10-06,51.099998474121094,51.54999923706055,38.17573928833008
2003-10-07,51.31999969482422,51.84000015258789,38.390480041503906
2003-10-08,51.93000030517578,51.435001373291016,38.090572357177734
2003-10-09,52.0099983215332,51.974998474121094,38.49046325683594
2003-10-10,51.92499923706055,51.90999984741211,38.442325592041016
2003-10-13,52.060001373291016,52.724998474121094,39.04587936401367
2003-10-14,52.67499923706055,53.06999969482422,39.301387786865234
2003-10-15,53.33000183105469,52.404998779296875,38.80888748168945
2003-10-16,52.404998779296875,52.875,39.15696334838867
2003-10-17,52.849998474121094,51.849998474121094,38.39789581298828
2003-10-20,51.970001220703125,52.11000061035156,38.59043884277344
2003-10-21,51.9900016784668,52.345001220703125,38.764469146728516
2003-10-22,51.834999084472656,51.20000076293945,37.91653060913086
2003-10-23,50.82500076293945,50.75,37.583282470703125
2003-10-24,50.42499923706055,50.625,37.49071502685547
2003-10-27,50.79999923706055,51.3650016784668,38.03871154785156
2003-10-28,51.654998779296875,52.599998474121094,38.95330047607422
2003-10-29,52.3849983215332,52.95000076293945,39.21250915527344
2003-10-30,53.5,53.099998474121094,39.32356643676758
2003-10-31,53.1349983215332,52.75,39.06439208984375
2003-11-03,53.095001220703125,53.64500045776367,39.7271842956543
2003-11-04,53.599998474121094,53.720001220703125,39.782745361328125
2003-11-05,53.67499923706055,53.98500061035156,39.978981018066406
2003-11-06,54.02000045776367,54.40999984741211,40.29371643066406
2003-11-07,54.630001068115234,53.994998931884766,39.98638153076172
2003-11-10,54.1349983215332,53.125,39.34212112426758
2003-11-11,53.154998779296875,52.7599983215332,39.0717887878418
2003-11-12,52.84000015258789,53.97999954223633,39.975257873535156
2003-11-13,53.78499984741211,54.125,40.082664489746094
2003-11-14,54.1150016784668,53.099998474121094,39.32356643676758
2003-11-17,52.71500015258789,52.45500183105469,38.84592056274414
2003-11-18,52.775001525878906,51.880001068115234,38.42009735107422
2003-11-19,52.04999923706055,52.42499923706055,38.82371139526367
2003-11-20,52.0,52.06999969482422,38.56082534790039
2003-11-21,52.42499923706055,52.64500045776367,38.986637115478516
2003-11-24,53.025001525878906,53.849998474121094,39.878997802734375
2003-11-25,53.89500045776367,54.17499923706055,40.11969757080078
2003-11-26,54.54999923706055,54.46500015258789,40.3344612121582
2003-11-28,54.334999084472656,54.724998474121094,40.52698516845703
2003-12-01,54.935001373291016,55.43000030517578,41.04907989501953
2003-12-02,55.42499923706055,55.345001220703125,40.98612976074219
2003-12-03,55.540000915527344,54.349998474121094,40.24930191040039
2003-12-04,54.404998779296875,54.474998474121094,40.34184646606445
2003-12-05,54.154998779296875,53.79999923706055,39.841983795166016
2003-12-08,53.70000076293945,54.20000076293945,40.13819122314453
2003-12-09,54.42499923706055,53.28499984741211,39.460594177246094
2003-12-10,53.5,52.80500030517578,39.10511779785156
2003-12-11,52.900001525878906,54.279998779296875,40.19744873046875
2003-12-12,54.18000030517578,54.47999954223633,40.485408782958984
2003-12-15,54.505001068115234,53.20500183105469,39.537925720214844
2003-12-16,53.31999969482422,53.560001373291016,39.88795471191406
2003-12-17,53.599998474121094,53.54999923706055,39.8804931640625
2003-12-18,53.584999084472656,54.375,40.494911193847656
2003-12-19,54.400001525878906,54.20000076293945,40.36458206176758
2003-12-22,54.125,54.80500030517578,40.815147399902344
2003-12-23,54.744998931884766,55.10499954223633,41.03855514526367
2003-12-24,55.04999923706055,55.040000915527344,40.990142822265625
2003-12-26,55.17499923706055,55.23500061035156,41.1353759765625
2003-12-29,55.47999954223633,56.07500076293945,41.76094436645508
2003-12-30,56.0,56.220001220703125,41.86894226074219
2003-12-31,56.32500076293945,55.400001525878906,41.258262634277344
2004-01-02,55.584999084472656,55.994998931884766,41.70137405395508
2004-01-05,56.375,56.650001525878906,42.189186096191406
2004-01-06,56.685001373291016,56.57500076293945,42.13331985473633
2004-01-07,56.65999984741211,57.17499923706055,42.58015060424805
2004-01-08,57.63999938964844,57.61000061035156,42.90410614013672
2004-01-09,57.33000183105469,57.150001525878906,42.5615348815918
2004-01-12,57.439998626708984,58.220001220703125,43.35840606689453
2004-01-13,58.154998779296875,57.974998474121094,43.17595291137695
2004-01-14,58.189998626708984,58.275001525878906,43.39936828613281
2004-01-15,58.375,58.42499923706055,43.51108932495117
2004-01-16,58.849998474121094,58.75,43.75311279296875
2004-01-20,59.04999923706055,59.45500183105469,44.27816390991211
2004-01-21,59.42499923706055,59.375,44.21857833862305
2004-01-22,59.755001068115234,59.040000915527344,43.9691047668457
2004-01-23,59.095001220703125,59.36000061035156,44.20741271972656
2004-01-26,59.349998474121094,59.95000076293945,44.646812438964844
2004-01-27,59.90999984741211,59.20000076293945,44.08824920654297
2004-01-28,59.595001220703125,58.275001525878906,43.39936828613281
2004-01-29,58.349998474121094,57.724998474121094,42.98975372314453
2004-01-30,57.80500030517578,57.79999923706055,43.04560470581055
2004-02-02,57.91999816894531,57.95000076293945,43.15732192993164
2004-02-03,57.79999923706055,57.625,42.9152946472168
2004-02-04,57.39500045776367,56.20000076293945,41.854026794433594
2004-02-05,56.56999969482422,56.724998474121094,42.245025634765625
2004-02-06,56.724998474121094,58.15999984741211,43.31372833251953
2004-02-09,58.39500045776367,58.275001525878906,43.39936828613281
2004-02-10,58.29999923706055,58.974998474121094,43.92066955566406
2004-02-11,59.005001068115234,59.334999084472656,44.188777923583984
2004-02-12,59.3650016784668,58.93000030517578,43.887168884277344
2004-02-13,59.1150016784668,58.32500076293945,43.436614990234375
2004-02-17,58.709999084472656,59.349998474121094,44.199951171875
2004-02-18,59.400001525878906,58.915000915527344,43.8759765625
2004-02-19,59.400001525878906,57.875,43.10148620605469
2004-02-20,58.06999969482422,57.775001525878906,43.02699279785156
2004-02-23,57.95500183105469,56.904998779296875,42.379085540771484
2004-02-24,56.75,56.900001525878906,42.375370025634766
2004-02-25,57.06999969482422,57.70000076293945,42.97114944458008
2004-02-26,57.59000015258789,58.04999923706055,43.231807708740234
2004-02-27,58.185001373291016,58.349998474121094,43.455223083496094
2004-03-01,58.5,59.275001525878906,44.14410400390625
2004-03-02,59.20000076293945,58.80500030517578,43.794071197509766
2004-03-03,58.69499969482422,58.8650016784668,43.83876037597656
2004-03-04,58.875,59.61000061035156,44.39358901977539
2004-03-05,59.18000030517578,59.744998931884766,44.4941291809082
2004-03-08,59.904998779296875,58.900001525878906,43.864830017089844
2004-03-09,58.95000076293945,58.400001525878906,43.4924430847168
2004-03-10,58.53499984741211,57.17499923706055,42.58015060424805
2004-03-11,56.959999084472656,56.599998474121094,42.15193557739258
2004-03-12,57.0,58.125,43.287654876708984
2004-03-15,57.90999984741211,56.625,42.170555114746094
2004-03-16,57.01499938964844,56.650001525878906,42.189186096191406
2004-03-17,56.92499923706055,57.70000076293945,42.97114944458008
2004-03-18,57.470001220703125,57.349998474121094,42.71049499511719
2004-03-19,57.375,56.849998474121094,42.33812713623047
2004-03-22,56.314998626708984,55.755001068115234,41.52265930175781
2004-03-23,56.15999984741211,55.849998474121094,41.59339141845703
2004-03-24,56.0099983215332,55.775001525878906,41.537540435791016
2004-03-25,56.17499923706055,57.060001373291016,42.49451446533203
2004-03-26,56.83000183105469,57.099998474121094,42.60231399536133
2004-03-29,57.5,58.19499969482422,43.41930389404297
2004-03-30,58.05500030517578,58.66999816894531,43.77368927001953
2004-03-31,58.67499923706055,58.79999923706055,43.870704650878906
2004-04-01,58.790000915527344,59.44499969482422,44.351924896240234
2004-04-02,60.279998779296875,60.20000076293945,44.91524124145508
2004-04-05,60.23500061035156,60.375,45.04581069946289
2004-04-06,60.025001525878906,59.63999938964844,44.49741744995117
2004-04-07,59.625,60.09000015258789,44.833187103271484
2004-04-08,60.54499816894531,59.55500030517578,44.43398666381836
2004-04-12,59.689998626708984,59.709999084472656,44.54963302612305
2004-04-13,60.07500076293945,58.31999969482422,43.5125617980957
2004-04-14,57.96500015258789,58.13999938964844,43.378265380859375
2004-04-15,58.125,57.689998626708984,43.04252624511719
2004-04-16,57.95000076293945,58.130001068115234,43.37081527709961
2004-04-19,58.01499938964844,58.560001373291016,43.691654205322266
2004-04-20,58.724998474121094,57.26499938964844,42.72542190551758
2004-04-21,57.5,58.20000076293945,43.423038482666016
2004-04-22,58.060001373291016,59.0,44.019920349121094
2004-04-23,59.244998931884766,58.875,43.92665481567383
2004-04-26,59.03499984741211,59.0,44.019920349121094
2004-04-27,59.0,58.849998474121094,43.90801239013672
2004-04-28,58.57500076293945,57.619998931884766,42.99029541015625
2004-04-29,57.650001525878906,56.474998474121094,42.136016845703125
2004-04-30,56.79999923706055,55.55500030517578,41.44959259033203
2004-05-03,55.79999923706055,56.28499984741211,41.99424362182617
2004-05-04,56.33000183105469,56.599998474121094,42.22926330566406
2004-05-05,56.79999923706055,56.849998474121094,42.41579055786133
2004-05-06,56.439998626708984,56.02000045776367,41.796546936035156
2004-05-07,55.599998474121094,54.42499923706055,40.60649108886719
2004-05-10,54.0,53.459999084472656,39.886505126953125
2004-05-11,53.93000030517578,54.625,40.755741119384766
2004-05-12,54.529998779296875,55.040000915527344,41.06535720825195
2004-05-13,54.70000076293945,54.28499984741211,40.50205612182617
2004-05-14,54.369998931884766,54.07500076293945,40.345367431640625
2004-05-17,53.2400016784668,53.560001373291016,39.96113586425781
2004-05-18,53.78499984741211,54.165000915527344,40.41252517700195
2004-05-19,54.599998474121094,53.779998779296875,40.125282287597656
2004-05-20,53.900001525878906,53.88999938964844,40.20733642578125
2004-05-21,54.07500076293945,54.39500045776367,40.5841178894043
2004-05-24,54.880001068115234,55.099998474121094,41.110130310058594
2004-05-25,54.974998474121094,56.25,41.9681510925293
2004-05-26,56.220001220703125,56.6349983215332,42.255393981933594
2004-05-27,56.82500076293945,56.650001525878906,42.2666015625
2004-05-28,56.6349983215332,56.75,42.34120178222656
2004-06-01,56.5,57.290000915527344,42.74408721923828
2004-06-02,57.404998779296875,57.099998474121094,42.60231399536133
2004-06-03,57.025001525878906,56.0,41.781620025634766
2004-06-04,56.56999969482422,56.70000076293945,42.30387496948242
2004-06-07,56.94499969482422,57.724998474121094,43.06864547729492
2004-06-08,57.55500030517578,57.66999816894531,43.027591705322266
2004-06-09,57.525001525878906,56.625,42.247928619384766
2004-06-10,56.970001220703125,56.849998474121094,42.41579055786133
2004-06-14,56.459999084472656,55.73500061035156,41.583900451660156
2004-06-15,56.11000061035156,56.75,42.34120178222656
2004-06-16,56.654998779296875,56.86000061035156,42.423274993896484
2004-06-17,56.7599983215332,56.71500015258789,42.31507873535156
2004-06-18,56.529998779296875,56.90999984741211,42.460567474365234
2004-06-21,56.93000030517578,56.685001373291016,42.292694091796875
2004-06-22,56.724998474121094,57.125,42.6209831237793
2004-06-23,56.98500061035156,57.98500061035156,43.26262283325195
2004-06-24,57.959999084472656,57.775001525878906,43.10594940185547
2004-06-25,57.3650016784668,58.29999923706055,43.61276626586914
2004-06-28,58.349998474121094,58.18000030517578,43.52300262451172
2004-06-29,58.06999969482422,58.665000915527344,43.88581085205078
2004-06-30,58.720001220703125,58.994998931884766,44.1326904296875
2004-07-01,58.90999984741211,57.91999816894531,43.328487396240234
2004-07-02,58.04499816894531,58.099998474121094,43.46315383911133
2004-07-06,57.73500061035156,57.060001373291016,42.685142517089844
2004-07-07,56.97999954223633,56.9900016784668,42.632774353027344
2004-07-08,56.6349983215332,55.95500183105469,41.85852813720703
2004-07-09,56.150001525878906,56.32500076293945,42.135311126708984
2004-07-12,56.099998474121094,56.0,41.89219665527344
2004-07-13,56.165000915527344,56.07500076293945,41.94829177856445
2004-07-14,55.6349983215332,55.75,41.705177307128906
2004-07-15,55.95500183105469,55.875,41.798683166503906
2004-07-16,56.28499984741211,55.25,41.33115005493164
2004-07-19,55.41999816894531,55.18000030517578,41.278770446777344
2004-07-20,55.334999084472656,56.275001525878906,42.09791946411133
2004-07-21,56.380001068115234,54.5099983215332,40.77755355834961
2004-07-22,54.529998779296875,54.599998474121094,40.84489822387695
2004-07-23,54.334999084472656,53.81999969482422,40.26136779785156
2004-07-26,53.939998626708984,53.1150016784668,39.73400115966797
2004-07-27,53.38999938964844,54.10499954223633,40.47457504272461
2004-07-28,54.0099983215332,54.060001373291016,40.44091033935547
2004-07-29,54.400001525878906,54.70000076293945,40.919681549072266
2004-07-30,54.599998474121094,55.0,41.14412307739258
2004-08-02,54.599998474121094,54.79999923706055,40.994503021240234
2004-08-03,54.71500015258789,54.01499938964844,40.40724563598633
2004-08-04,53.685001373291016,53.970001220703125,40.37361145019531
2004-08-05,53.9900016784668,52.974998474121094,39.629268646240234
2004-08-06,52.349998474121094,51.8650016784668,38.79890441894531
2004-08-09,51.95000076293945,51.70000076293945,38.67546463012695
2004-08-10,51.7599983215332,52.5099983215332,39.28141403198242
2004-08-11,52.150001525878906,52.439998626708984,39.229042053222656
2004-08-12,52.095001220703125,51.685001373291016,38.66425323486328
2004-08-13,51.78499984741211,51.67499923706055,38.65675735473633
2004-08-16,51.779998779296875,52.560001373291016,39.318809509277344
2004-08-17,52.959999084472656,52.88999938964844,39.56568908691406
2004-08-18,52.57500076293945,54.02000045776367,40.41100311279297
2004-08-19,53.86000061035156,53.560001373291016,40.0668830871582
2004-08-20,53.560001373291016,54.5099983215332,40.77755355834961
2004-08-23,54.73500061035156,54.310001373291016,40.62796401977539
2004-08-24,54.625,54.459999084472656,40.74016571044922
2004-08-25,54.43000030517578,54.77000045776367,40.972068786621094
2004-08-26,54.67499923706055,54.45000076293945,40.732666015625
2004-08-27,54.57500076293945,54.880001068115234,41.0543327331543
2004-08-30,54.70000076293945,54.255001068115234,40.5868034362793
2004-08-31,54.400001525878906,54.16999816894531,40.5232048034668
2004-09-01,54.54499816894531,55.125,41.23763656616211
2004-09-02,55.005001068115234,56.095001220703125,41.96327209472656
2004-09-03,55.82500076293945,55.474998474121094,41.49945068359375
2004-09-07,55.904998779296875,56.17499923706055,42.02309799194336
2004-09-08,56.02000045776367,55.875,41.798683166503906
2004-09-09,55.86000061035156,56.34000015258789,42.14654541015625
2004-09-10,56.5,56.86000061035156,42.5355339050293
2004-09-13,56.92499923706055,57.165000915527344,42.76371383666992
2004-09-14,57.1349983215332,57.04999923706055,42.67766571044922
2004-09-15,56.869998931884766,56.70500183105469,42.41958236694336
2004-09-16,56.92499923706055,57.314998626708984,42.87591552734375
2004-09-17,57.29999923706055,57.21500015258789,42.80112075805664
2004-09-20,56.95500183105469,56.959999084472656,42.6103401184082
2004-09-21,57.185001373291016,57.38999938964844,42.932010650634766
2004-09-22,57.01499938964844,56.41999816894531,42.206398010253906
2004-09-23,56.54499816894531,56.3650016784668,42.16522979736328
2004-09-24,56.5,56.334999084472656,42.242088317871094
2004-09-27,56.185001373291016,55.73500061035156,41.79218673706055
2004-09-28,55.790000915527344,56.400001525878906,42.29084014892578
2004-09-29,56.279998779296875,56.92499923706055,42.684505462646484
2004-09-30,56.66999816894531,56.92499923706055,42.684505462646484
2004-10-01,57.28499984741211,58.36000061035156,43.76050567626953
2004-10-04,58.79999923706055,58.689998626708984,44.007972717285156
2004-10-05,58.6150016784668,58.6349983215332,43.96674346923828
2004-10-06,58.595001220703125,59.01499938964844,44.25165557861328
2004-10-07,58.875,58.029998779296875,43.51308059692383
2004-10-08,57.82500076293945,57.29999923706055,42.9656982421875
2004-10-11,57.494998931884766,57.56999969482422,43.168148040771484
2004-10-12,57.10499954223633,57.435001373291016,43.066932678222656
2004-10-13,57.8650016784668,56.599998474121094,42.44081115722656
2004-10-14,56.65999984741211,56.22999954223633,42.163368225097656
2004-10-15,56.505001068115234,56.810001373291016,42.59827423095703
2004-10-18,56.65999984741211,57.04999923706055,42.778228759765625
2004-10-19,57.26499938964844,56.459999084472656,42.33580780029297
2004-10-20,56.27000045776367,56.755001068115234,42.55703353881836
2004-10-21,56.869998931884766,57.474998474121094,43.09691619873047
2004-10-22,57.474998474121094,56.494998931884766,42.36207962036133
2004-10-25,56.39500045776367,57.099998474121094,42.81571578979492
2004-10-26,57.125,57.849998474121094,43.378082275390625
2004-10-27,57.68000030517578,58.415000915527344,43.8017463684082
2004-10-28,58.474998474121094,58.20000076293945,43.64055252075195
2004-10-29,58.244998931884766,58.095001220703125,43.561790466308594
2004-11-01,58.27000045776367,58.55500030517578,43.906734466552734
2004-11-02,58.6349983215332,58.32500076293945,43.7342529296875
2004-11-03,59.209999084472656,59.26499938964844,44.43912124633789
2004-11-04,59.275001525878906,59.9900016784668,44.982749938964844
2004-11-05,60.20000076293945,60.2599983215332,45.185218811035156
2004-11-08,60.2400016784668,60.04999923706055,45.02773666381836
2004-11-09,60.07500076293945,60.26499938964844,45.188968658447266
2004-11-10,60.375,60.70000076293945,45.515140533447266
2004-11-11,60.80500030517578,61.29999923706055,45.96504592895508
2004-11-12,61.36000061035156,61.92499923706055,46.433692932128906
2004-11-15,61.95000076293945,62.275001525878906,46.69612121582031
2004-11-16,62.02000045776367,61.724998474121094,46.283729553222656
2004-11-17,62.025001525878906,62.05500030517578,46.531166076660156
2004-11-18,62.06999969482422,61.959999084472656,46.45991134643555
2004-11-19,61.939998626708984,61.29999923706055,45.96504592895508
2004-11-22,61.07500076293945,61.95000076293945,46.452430725097656
2004-11-23,61.96500015258789,62.334999084472656,46.74113082885742
2004-11-24,62.400001525878906,62.709999084472656,47.02231216430664
2004-11-26,62.82500076293945,62.75,47.05230712890625
2004-11-29,63.209999084472656,62.974998474121094,47.221038818359375
2004-11-30,63.22999954223633,63.439998626708984,47.56968307495117
2004-12-01,63.404998779296875,64.02999877929688,48.012088775634766
2004-12-02,64.00499725341797,63.939998626708984,47.94460678100586
2004-12-03,63.95500183105469,63.81999969482422,47.8546257019043
2004-12-06,63.9900016784668,63.52000045776367,47.629669189453125
2004-12-07,63.73500061035156,62.404998779296875,46.79360580444336
2004-12-08,62.5,63.099998474121094,47.31475067138672
2004-12-09,62.685001373291016,62.619998931884766,46.95484161376953
2004-12-10,62.505001068115234,63.099998474121094,47.31475067138672
2004-12-13,63.42499923706055,63.790000915527344,47.8321418762207
2004-12-14,63.72999954223633,64.13500213623047,48.09081268310547
2004-12-15,64.15499877929688,64.66999816894531,48.492000579833984
2004-12-16,64.625,64.16500091552734,48.11333465576172
2004-12-17,63.974998474121094,63.904998779296875,47.918365478515625
2004-12-20,64.04499816894531,63.83000183105469,47.86212158203125
2004-12-21,63.95000076293945,64.50499725341797,48.36827850341797
2004-12-22,64.51000213623047,64.62999725341797,48.462005615234375
2004-12-23,64.57499694824219,64.58999633789062,48.586490631103516
2004-12-27,65.0,64.17500305175781,48.27431106567383
2004-12-28,64.2300033569336,65.0250015258789,48.91370391845703
2004-12-29,65.01000213623047,65.0199966430664,48.90994644165039
2004-12-30,65.1050033569336,64.79000091552734,48.7369384765625
2004-12-31,64.94000244140625,64.75,48.70684814453125
2005-01-03,65.09500122070312,63.90999984741211,48.07497024536133
2005-01-04,64.03500366210938,62.540000915527344,47.044429779052734
2005-01-05,62.470001220703125,61.290000915527344,46.104129791259766
2005-01-06,61.66999816894531,61.6150016784668,46.348609924316406
2005-01-07,61.755001068115234,60.93000030517578,45.83332824707031
2005-01-10,61.0,61.54999923706055,46.29970932006836
2005-01-11,61.244998931884766,60.79999923706055,45.73553466796875
2005-01-12,60.88999938964844,61.04999923706055,45.92359924316406
2005-01-13,61.14500045776367,60.8650016784668,45.78443908691406
2005-01-14,61.04499816894531,61.44499969482422,46.220733642578125
2005-01-18,61.29999923706055,62.17499923706055,46.76987075805664
2005-01-19,62.14500045776367,61.28499984741211,46.100379943847656
2005-01-20,61.06999969482422,60.91999816894531,45.82582092285156
2005-01-21,61.025001525878906,60.779998779296875,45.720497131347656
2005-01-24,60.959999084472656,60.314998626708984,45.37070846557617
2005-01-25,60.58000183105469,60.470001220703125,45.4873046875
2005-01-26,60.709999084472656,61.275001525878906,46.09284973144531
2005-01-27,61.189998626708984,61.45000076293945,46.224491119384766
2005-01-28,61.650001525878906,61.400001525878906,46.1868782043457
2005-01-31,61.7599983215332,62.119998931884766,46.72846984863281
2005-02-01,62.125,62.470001220703125,46.99177169799805
2005-02-02,62.560001373291016,62.94499969482422,47.34907913208008
2005-02-03,62.779998779296875,62.599998474121094,47.089561462402344
2005-02-04,62.60499954223633,63.38999938964844,47.683807373046875
2005-02-07,63.525001525878906,63.375,47.67252731323242
2005-02-08,63.35499954223633,63.529998779296875,47.78913497924805
2005-02-09,63.7400016784668,62.17499923706055,46.76987075805664
2005-02-10,62.369998931884766,62.28499984741211,46.852603912353516
2005-02-11,62.32500076293945,63.29999923706055,47.61611557006836
2005-02-14,63.20000076293945,63.244998931884766,47.574745178222656
2005-02-15,63.32500076293945,63.29999923706055,47.61611557006836
2005-02-16,63.20000076293945,63.4900016784668,47.759033203125
2005-02-17,63.70000076293945,62.93000030517578,47.33778762817383
2005-02-18,62.86000061035156,62.775001525878906,47.2212028503418
2005-02-22,62.45000076293945,61.54999923706055,46.29970932006836
2005-02-23,61.7400016784668,61.915000915527344,46.57426834106445
2005-02-24,61.84000015258789,62.494998931884766,47.010555267333984
2005-02-25,62.400001525878906,63.53499984741211,47.79288101196289
2005-02-28,63.45000076293945,63.13999938964844,47.49576187133789
2005-03-01,63.33000183105469,63.625,47.86060333251953
2005-03-02,63.35499954223633,63.5099983215332,47.774085998535156
2005-03-03,63.79999923706055,63.564998626708984,47.81545639038086
2005-03-04,64.07499694824219,64.34500122070312,48.40220642089844
2005-03-07,64.44999694824219,64.18499755859375,48.28184509277344
2005-03-08,64.19000244140625,63.57500076293945,47.82297134399414
2005-03-09,63.435001373291016,62.85499954223633,47.28138732910156
2005-03-10,62.94499969482422,62.584999084472656,47.078250885009766
2005-03-11,62.775001525878906,62.540000915527344,47.044429779052734
2005-03-14,62.72999954223633,63.0099983215332,47.397979736328125
2005-03-15,63.26499938964844,62.584999084472656,47.078250885009766
2005-03-16,62.369998931884766,62.23500061035156,46.815006256103516
2005-03-17,62.2599983215332,62.23500061035156,46.815006256103516
2005-03-18,62.279998779296875,61.900001525878906,46.5629997253418
2005-03-21,62.040000915527344,61.974998474121094,46.61940002441406
2005-03-22,62.04999923706055,61.54999923706055,46.29970932006836
2005-03-23,61.5,61.099998474121094,45.961212158203125
2005-03-24,61.150001525878906,61.04999923706055,46.130470275878906
2005-03-28,61.255001068115234,61.07500076293945,46.14937210083008
2005-03-29,60.97999954223633,60.20000076293945,45.48820114135742
2005-03-30,60.275001525878906,61.084999084472656,46.15691375732422
2005-03-31,61.17499923706055,61.07500076293945,46.14937210083008
2005-04-01,61.3650016784668,60.81999969482422,45.95668029785156
2005-04-04,60.720001220703125,61.04499816894531,46.126678466796875
2005-04-05,61.064998626708984,61.154998779296875,46.20982360839844
2005-04-06,61.314998626708984,61.345001220703125,46.35337829589844
2005-04-07,61.09000015258789,61.584999084472656,46.534725189208984
2005-04-08,61.529998779296875,60.650001525878906,45.828243255615234
2005-04-11,60.67499923706055,60.349998474121094,45.6015510559082
2005-04-12,60.2599983215332,60.915000915527344,46.0284538269043
2005-04-13,60.79999923706055,59.82500076293945,45.20482635498047
2005-04-14,59.8650016784668,58.625,44.298095703125
2005-04-15,58.654998779296875,57.81999969482422,43.6898307800293
2005-04-18,57.709999084472656,58.189998626708984,43.96940994262695
2005-04-19,58.55500030517578,59.150001525878906,44.69480895996094
2005-04-20,59.20000076293945,58.224998474121094,43.995845794677734
2005-04-21,58.84000015258789,59.650001525878906,45.07261657714844
2005-04-22,59.46500015258789,58.685001373291016,44.34342575073242
2005-04-25,58.90999984741211,59.224998474121094,44.75146484375
2005-04-26,58.97999954223633,58.38999938964844,44.12051773071289
2005-04-27,58.125,58.3650016784668,44.101646423339844
2005-04-28,58.1349983215332,56.875,42.975765228271484
2005-04-29,57.4900016784668,57.619998931884766,43.53871536254883
2005-05-02,57.779998779296875,58.209999084472656,43.98451232910156
2005-05-03,58.185001373291016,58.5,44.20365524291992
2005-05-04,58.3849983215332,59.150001525878906,44.69480895996094
2005-05-05,59.20000076293945,59.13999938964844,44.687232971191406
2005-05-06,59.64500045776367,59.349998474121094,44.845924377441406
2005-05-09,59.33000183105469,59.91999816894531,45.276615142822266
2005-05-10,59.57500076293945,59.20500183105469,44.736351013183594
2005-05-11,59.375,59.23500061035156,44.75901794433594
2005-05-12,59.400001525878906,58.29999923706055,44.05252456665039
2005-05-13,58.5,58.09000015258789,43.89384460449219
2005-05-16,58.01499938964844,58.98500061035156,44.57010269165039
2005-05-17,58.755001068115234,59.334999084472656,44.83457565307617
2005-05-18,59.619998931884766,60.525001525878906,45.73377990722656
2005-05-19,60.45500183105469,60.67499923706055,45.847110748291016
2005-05-20,60.650001525878906,60.599998474121094,45.790443420410156
2005-05-23,60.67499923706055,61.0,46.09268569946289
2005-05-24,60.779998779296875,60.75,45.903785705566406
2005-05-25,60.77000045776367,60.29499816894531,45.559974670410156
2005-05-26,60.54499816894531,61.1349983215332,46.194705963134766
2005-05-27,61.29999923706055,61.474998474121094,46.45160675048828
2005-05-31,61.52000045776367,61.345001220703125,46.35337829589844
2005-06-01,61.34000015258789,62.040000915527344,46.87852478027344
2005-06-02,62.040000915527344,62.209999084472656,47.006988525390625
2005-06-03,62.14500045776367,61.755001068115234,46.663185119628906
2005-06-06,61.72999954223633,61.98500061035156,46.83698272705078
2005-06-07,62.20000076293945,62.11000061035156,46.93142318725586
2005-06-08,62.2400016784668,61.71500015258789,46.632957458496094
2005-06-09,61.66999816894531,62.31999969482422,47.09010314941406
2005-06-10,62.45000076293945,62.45000076293945,47.1883430480957
2005-06-13,62.27000045776367,62.72999954223633,47.39991760253906
2005-06-14,62.70000076293945,63.27000045776367,47.80793762207031
2005-06-15,63.43000030517578,63.439998626708984,47.93638610839844
2005-06-16,63.47999954223633,64.05999755859375,48.40488815307617
2005-06-17,64.31999969482422,64.0199966430664,48.37466812133789
2005-06-20,63.720001220703125,63.68000030517578,48.22772216796875
2005-06-21,63.849998474121094,63.86000061035156,48.364044189453125
2005-06-22,63.970001220703125,64.01000213623047,48.477657318115234
2005-06-23,63.90999984741211,62.880001068115234,47.621864318847656
2005-06-24,62.939998626708984,62.209999084472656,47.114437103271484
2005-06-27,62.279998779296875,62.369998931884766,47.23561477661133
2005-06-28,62.77000045776367,63.34000015258789,47.97024154663086
2005-06-29,63.86000061035156,63.84000015258789,48.348907470703125
2005-06-30,64.06999969482422,63.70000076293945,48.242862701416016
2005-07-01,63.70000076293945,63.97999954223633,48.45494079589844
2005-07-05,63.810001373291016,64.98999786376953,49.21984100341797
2005-07-06,65.01000213623047,64.4000015258789,48.77301025390625
2005-07-07,63.689998626708984,64.58000183105469,48.909339904785156
2005-07-08,64.63999938964844,65.97000122070312,49.9620475769043
2005-07-11,66.01000213623047,66.77999877929688,50.57550811767578
2005-07-12,66.68000030517578,66.56999969482422,50.41645812988281
2005-07-13,66.6500015258789,66.41999816894531,50.3028450012207
2005-07-14,66.9000015258789,65.94000244140625,49.9393424987793
2005-07-15,65.94999694824219,66.0,49.98475646972656
2005-07-18,65.91000366210938,65.62000274658203,49.69697570800781
2005-07-19,65.88999938964844,66.54000091552734,50.39373016357422
2005-07-20,66.25,67.3499984741211,51.00717544555664
2005-07-21,67.44999694824219,66.30000305175781,50.21196365356445
2005-07-22,66.44999694824219,67.31999969482422,50.984466552734375
2005-07-25,67.30000305175781,66.87999725341797,50.6512336730957
2005-07-26,66.91000366210938,67.08000183105469,50.80270004272461
2005-07-27,67.25,67.2699966430664,50.946590423583984
2005-07-28,67.37000274658203,67.95999908447266,51.469173431396484
2005-07-29,68.0,67.88999938964844,51.416141510009766
2005-08-01,67.94000244140625,67.86000061035156,51.3934326171875
2005-08-02,68.02999877929688,68.37000274658203,51.77969741821289
2005-08-03,68.1500015258789,68.02999877929688,51.52218246459961
2005-08-04,67.55999755859375,66.88999938964844,50.6588020324707
2005-08-05,66.76000213623047,65.97000122070312,49.9620475769043
2005-08-08,66.16999816894531,65.73999786376953,49.7878532409668
2005-08-09,65.88999938964844,65.83999633789062,49.863590240478516
2005-08-10,66.04000091552734,65.75,49.795433044433594
2005-08-11,65.56999969482422,66.31999969482422,50.227142333984375
2005-08-12,66.04000091552734,65.5199966430664,49.62124252319336
2005-08-15,65.6500015258789,66.22000122070312,50.151390075683594
2005-08-16,66.06999969482422,65.05999755859375,49.272884368896484
2005-08-17,65.0,64.9800033569336,49.212284088134766
2005-08-18,64.7699966430664,64.7699966430664,49.053218841552734
2005-08-19,65.05000305175781,65.11000061035156,49.310733795166016
2005-08-22,65.23999786376953,65.4800033569336,49.590946197509766
2005-08-23,65.51000213623047,65.47000122070312,49.583377838134766
2005-08-24,65.23999786376953,65.20999908447266,49.386478424072266
2005-08-25,65.33999633789062,65.56999969482422,49.659114837646484
2005-08-26,65.55999755859375,64.5,48.848751068115234
2005-08-29,64.43000030517578,65.37000274658203,49.50764465332031
2005-08-30,65.12000274658203,65.08000183105469,49.28801727294922
2005-08-31,65.1500015258789,66.52999877929688,50.38616180419922
2005-09-01,66.41999816894531,66.52999877929688,50.38616180419922
2005-09-02,66.76000213623047,66.16999816894531,50.11353302001953
2005-09-06,66.37000274658203,67.16000366210938,50.86330795288086
2005-09-07,67.12999725341797,67.36000061035156,51.01475143432617
2005-09-08,67.19000244140625,66.9800033569336,50.72695541381836
2005-09-09,67.22000122070312,67.38999938964844,51.037506103515625
2005-09-12,67.43000030517578,67.69000244140625,51.26469421386719
2005-09-13,67.55000305175781,67.16999816894531,50.87085723876953
2005-09-14,67.19999694824219,66.4000015258789,50.28771209716797
2005-09-15,66.48999786376953,66.16999816894531,50.11353302001953
2005-09-16,66.56999969482422,66.94000244140625,50.6966667175293
2005-09-19,66.86000061035156,66.62000274658203,50.4543342590332
2005-09-20,66.76000213623047,65.66000366210938,49.727272033691406
2005-09-21,65.52999877929688,64.5999984741211,48.92448806762695
2005-09-22,64.66999816894531,64.93000030517578,49.17441940307617
2005-09-23,64.61000061035156,65.18000030517578,49.514732360839844
2005-09-26,65.62000274658203,65.62000274658203,49.84898376464844
2005-09-27,65.5199966430664,65.4000015258789,49.6818733215332
2005-09-28,65.56999969482422,65.30999755859375,49.613502502441406
2005-09-29,65.25,66.02999877929688,50.160465240478516
2005-09-30,66.04000091552734,66.38999938964844,50.433929443359375
2005-10-03,66.48999786376953,66.79000091552734,50.73780059814453
2005-10-04,66.87999725341797,65.77999877929688,49.97053527832031
2005-10-05,65.7699966430664,64.0999984741211,48.694313049316406
2005-10-06,64.08999633789062,63.529998779296875,48.26129150390625
2005-10-07,64.0,64.0999984741211,48.694313049316406
2005-10-10,64.25,63.380001068115234,48.1473388671875
2005-10-11,63.689998626708984,62.5,47.47884750366211
2005-10-12,62.439998626708984,61.619998931884766,46.81033706665039
2005-10-13,61.63999938964844,61.869998931884766,47.00025177001953
2005-10-14,62.5,62.90999984741211,47.79030990600586
2005-10-17,62.86000061035156,63.02000045776367,47.873878479003906
2005-10-18,62.900001525878906,62.16999816894531,47.22816848754883
2005-10-19,61.90999984741211,63.5099983215332,48.2461051940918
2005-10-20,63.400001525878906,62.33000183105469,47.34969711303711
2005-10-21,62.630001068115234,63.02000045776367,47.873878479003906
2005-10-24,63.150001525878906,64.4000015258789,48.92219924926758
2005-10-25,64.20999908447266,63.849998474121094,48.50437545776367
2005-10-26,63.689998626708984,63.52000045776367,48.25370788574219
2005-10-27,63.27000045776367,62.189998626708984,47.24334716796875
2005-10-28,62.439998626708984,63.060001373291016,47.904258728027344
2005-10-31,63.45000076293945,63.779998779296875,48.451229095458984
2005-11-01,64.05000305175781,64.0999984741211,48.694313049316406
2005-11-02,63.91999816894531,65.38999938964844,49.67427062988281
2005-11-03,65.7699966430664,65.62000274658203,49.84898376464844
2005-11-04,65.58000183105469,65.4800033569336,49.742637634277344
2005-11-07,65.7300033569336,65.72000122070312,49.9249382019043
2005-11-08,65.43000030517578,65.4800033569336,49.742637634277344
2005-11-09,65.41999816894531,65.69999694824219,49.90974807739258
2005-11-10,65.63999938964844,66.05000305175781,50.17565155029297
2005-11-11,66.05000305175781,66.43000030517578,50.464317321777344
2005-11-14,66.51000213623047,66.19000244140625,50.28200912475586
2005-11-15,66.08999633789062,65.2300033569336,49.55271911621094
2005-11-16,65.33000183105469,65.25,49.56792449951172
2005-11-17,65.43000030517578,66.37999725341797,50.426334381103516
2005-11-18,66.62999725341797,66.88999938964844,50.81377029418945
2005-11-21,67.01000213623047,67.56999969482422,51.33033752441406
2005-11-22,67.45999908447266,67.93000030517578,51.60381317138672
2005-11-23,67.80000305175781,68.01000213623047,51.664573669433594
2005-11-25,68.0,67.95999908447266,51.62660217285156
2005-11-28,68.12000274658203,67.05999755859375,50.942893981933594
2005-11-29,67.0999984741211,67.16000366210938,51.018882751464844
2005-11-30,67.12999725341797,67.44999694824219,51.23918533325195
2005-12-01,67.79000091552734,68.55000305175781,52.074806213378906
2005-12-02,68.5999984741211,68.81999969482422,52.279930114746094
2005-12-05,68.70999908447266,68.33000183105469,51.90766906738281
2005-12-06,68.61000061035156,68.54000091552734,52.06719970703125
2005-12-07,68.41999816894531,68.12000274658203,51.748138427734375
2005-12-08,68.25,68.30000305175781,51.884883880615234
2005-12-09,68.4000015258789,68.63999938964844,52.14316940307617
2005-12-12,68.87999725341797,68.8499984741211,52.30271911621094
2005-12-13,68.66999816894531,68.86000061035156,52.31028747558594
2005-12-14,68.76000213623047,68.77999877929688,52.24953842163086
2005-12-15,68.81999969482422,68.08000183105469,51.71775436401367
2005-12-16,68.44000244140625,67.83999633789062,51.53543472290039
2005-12-19,67.91999816894531,67.0,50.89731979370117
2005-12-20,66.91999816894531,66.9800033569336,50.882118225097656
2005-12-21,67.12999725341797,67.79000091552734,51.497467041015625
2005-12-22,67.75,67.97000122070312,51.83375549316406
2005-12-23,68.0999984741211,68.12999725341797,51.95576095581055
2005-12-27,68.3499984741211,67.11000061035156,51.17793655395508
2005-12-28,67.33999633789062,67.51000213623047,51.48297882080078
2005-12-29,67.5,67.1500015258789,51.20843505859375
2005-12-30,66.76000213623047,66.72000122070312,50.880516052246094
2006-01-03,67.20999908447266,68.05000305175781,51.8947639465332
2006-01-04,68.11000061035156,68.41999816894531,52.17692184448242
2006-01-05,68.43000030517578,68.79000091552734,52.459083557128906
2006-01-06,69.12000274658203,69.61000061035156,53.08439636230469
2006-01-09,69.61000061035156,70.06999969482422,53.43520736694336
2006-01-10,69.7300033569336,70.69999694824219,53.915645599365234
2006-01-11,70.70999908447266,70.58000183105469,53.824127197265625
2006-01-12,70.44999694824219,70.33000183105469,53.633480072021484
2006-01-13,70.2699966430664,70.36000061035156,53.656375885009766
2006-01-17,69.9800033569336,70.02999877929688,53.40470504760742
2006-01-18,69.38999938964844,69.87999725341797,53.29031753540039
2006-01-19,70.05000305175781,71.0,54.14443588256836
2006-01-20,71.02999877929688,70.19000244140625,53.52674102783203
2006-01-23,70.25,70.41000366210938,53.69450378417969
2006-01-24,70.44999694824219,71.19999694824219,54.29694747924805
2006-01-25,71.38999938964844,71.37999725341797,54.43421936035156
2006-01-26,71.62000274658203,72.41000366210938,55.21969985961914
2006-01-27,72.54000091552734,72.7699966430664,55.49423599243164
2006-01-30,72.69999694824219,72.55999755859375,55.334075927734375
2006-01-31,72.4800033569336,72.3499984741211,55.1739387512207
2006-02-01,72.58999633789062,73.0999984741211,55.7458610534668
2006-02-02,73.0,72.0,54.907012939453125
2006-02-03,71.80999755859375,71.77999877929688,54.739261627197266
2006-02-06,71.9000015258789,72.41999816894531,55.22734069824219
2006-02-07,72.2699966430664,71.25,54.3350830078125
2006-02-08,71.44000244140625,71.69999694824219,54.67824172973633
2006-02-09,71.77999877929688,71.33000183105469,54.39608383178711
2006-02-10,71.18000030517578,71.18000030517578,54.28168869018555
2006-02-13,71.04000091552734,70.70999908447266,53.92326354980469
2006-02-14,70.80000305175781,71.52999877929688,54.548614501953125
2006-02-15,71.51000213623047,72.16000366210938,55.029056549072266
2006-02-16,72.37000274658203,72.80000305175781,55.517120361328125
2006-02-17,72.83000183105469,72.6500015258789,55.402732849121094
2006-02-21,72.75,72.33000183105469,55.15869140625
2006-02-22,72.47000122070312,72.81999969482422,55.53236389160156
2006-02-23,72.75,72.7699966430664,55.49423599243164
2006-02-24,72.69000244140625,73.3499984741211,55.93654251098633
2006-02-27,73.41000366210938,73.55000305175781,56.089046478271484
2006-02-28,73.37999725341797,72.58000183105469,55.34930419921875
2006-03-01,72.7699966430664,73.9000015258789,56.35597229003906
2006-03-02,73.66000366210938,73.58999633789062,56.11956024169922
2006-03-03,73.20999908447266,73.22000122070312,55.837379455566406
2006-03-06,73.4000015258789,72.6500015258789,55.402732849121094
2006-03-07,72.3499984741211,71.5999984741211,54.601993560791016
2006-03-08,71.44999694824219,71.8499984741211,54.792659759521484
2006-03-09,71.87000274658203,71.22000122070312,54.31221389770508
2006-03-10,71.4000015258789,72.31999969482422,55.15108108520508
2006-03-13,72.5999984741211,72.47000122070312,55.265472412109375
2006-03-14,72.27999877929688,73.2699966430664,55.87553787231445
2006-03-15,73.30000305175781,73.94000244140625,56.38648223876953
2006-03-16,74.19999694824219,73.7699966430664,56.25682830810547
2006-03-17,74.12999725341797,74.06999969482422,56.48557662963867
2006-03-20,74.19000244140625,74.02999877929688,56.455116271972656
2006-03-21,74.0,73.0,55.66963195800781
2006-03-22,72.98999786376953,74.12999725341797,56.53136444091797
2006-03-23,74.02999877929688,74.44999694824219,56.775390625
2006-03-24,74.27999877929688,74.9000015258789,57.248512268066406
2006-03-27,74.80999755859375,74.91000366210938,57.256187438964844
2006-03-28,74.80999755859375,74.5199966430664,56.95805740356445
2006-03-29,74.66000366210938,75.9000015258789,58.01285171508789
2006-03-30,76.0,75.69999694824219,57.859981536865234
2006-03-31,75.93000030517578,75.97000122070312,58.066341400146484
2006-04-03,76.12000274658203,75.33999633789062,57.584815979003906
2006-04-04,75.27999877929688,75.68000030517578,57.84469985961914
2006-04-05,75.83000183105469,76.06999969482422,58.14278793334961
2006-04-06,75.94000244140625,76.2300033569336,58.26509094238281
2006-04-07,76.37000274658203,75.01000213623047,57.33258056640625
2006-04-10,75.02999877929688,74.93000030517578,57.27145767211914
2006-04-11,75.0,73.5999984741211,56.25489807128906
2006-04-12,73.62000274658203,74.37000274658203,56.843448638916016
2006-04-13,74.19999694824219,74.55999755859375,56.988651275634766
2006-04-17,74.62999725341797,74.61000061035156,57.02685546875
2006-04-18,74.80999755859375,76.69999694824219,58.62434387207031
2006-04-19,76.69000244140625,77.26000213623047,59.05233383178711
2006-04-20,77.33000183105469,76.8499984741211,58.73896789550781
2006-04-21,77.2699966430664,76.68000030517578,58.6090202331543
2006-04-24,76.54000091552734,76.06999969482422,58.14278793334961
2006-04-25,76.0999984741211,76.12000274658203,58.180999755859375
2006-04-26,76.05999755859375,76.05999755859375,58.135162353515625
2006-04-27,75.5199966430664,75.43000030517578,57.653594970703125
2006-04-28,75.23999786376953,76.19999694824219,58.24214172363281
2006-05-01,76.29000091552734,75.26000213623047,57.5236701965332
2006-05-02,75.70999908447266,76.29000091552734,58.31093215942383
2006-05-03,76.23999786376953,76.16000366210938,58.21159744262695
2006-05-04,76.25,77.08999633789062,58.922428131103516
2006-05-05,77.5199966430664,77.5199966430664,59.25106430053711
2006-05-08,77.5199966430664,77.62999725341797,59.33513641357422
2006-05-09,77.56999969482422,77.5199966430664,59.25106430053711
2006-05-10,77.37999725341797,77.05000305175781,58.89182662963867
2006-05-11,77.12000274658203,75.30999755859375,57.5618896484375
2006-05-12,74.80999755859375,73.5,56.178462982177734
2006-05-15,72.94000244140625,73.16999816894531,55.92621994018555
2006-05-16,73.45999908447266,73.29000091552734,56.017940521240234
2006-05-17,72.44999694824219,71.94999694824219,54.993743896484375
2006-05-18,72.41999816894531,71.2699966430664,54.47397232055664
2006-05-19,71.38999938964844,71.9000015258789,54.95552062988281
2006-05-22,71.23999786376953,71.0999984741211,54.34403991699219
2006-05-23,71.87999725341797,70.18000030517578,53.64087677001953
2006-05-24,70.48999786376953,70.72000122070312,54.05359649658203
2006-05-25,71.5,72.20999908447266,55.19244384765625
2006-05-26,72.6500015258789,72.63999938964844,55.52113723754883
2006-05-30,72.30999755859375,70.63999938964844,53.99247360229492
2006-05-31,70.80999755859375,71.87000274658203,54.93260955810547
2006-06-01,71.87999725341797,73.2699966430664,56.002662658691406
2006-06-02,73.73999786376953,73.22000122070312,55.96441650390625
2006-06-05,73.05999755859375,71.08999633789062,54.336421966552734
2006-06-06,71.04000091552734,70.79000091552734,54.10711669921875
2006-06-07,70.81999969482422,70.0999984741211,53.5797233581543
2006-06-08,69.77999877929688,70.16000366210938,53.625579833984375
2006-06-09,70.55000305175781,69.54000091552734,53.15169143676758
2006-06-12,69.69999694824219,67.94000244140625,51.92876052856445
2006-06-13,67.6500015258789,66.6500015258789,50.94275665283203
2006-06-14,66.76000213623047,67.44999694824219,51.55423355102539
2006-06-15,68.04000091552734,69.76000213623047,53.31983184814453
2006-06-16,69.5999984741211,68.8499984741211,52.62430191040039
2006-06-19,69.0999984741211,67.5,51.59244155883789
2006-06-20,67.55999755859375,67.41999816894531,51.53128433227539
2006-06-21,67.37000274658203,68.5999984741211,52.43321228027344
2006-06-22,68.38999938964844,68.23999786376953,52.23801803588867
2006-06-23,68.2300033569336,68.6500015258789,52.55185317993164
2006-06-26,69.0199966430664,69.5,53.20256423950195
2006-06-27,69.54000091552734,68.30000305175781,52.2839469909668
2006-06-28,68.3499984741211,68.5999984741211,52.51359176635742
2006-06-29,68.80999755859375,71.25,54.54219055175781
2006-06-30,71.45999908447266,71.7300033569336,54.90964126586914
2006-07-03,72.0,72.62999725341797,55.59859085083008
2006-07-05,71.83999633789062,71.56999969482422,54.78714370727539
2006-07-06,71.70999908447266,71.55000305175781,54.771846771240234
2006-07-07,71.44999694824219,70.48999786376953,53.96039581298828
2006-07-10,70.66000366210938,70.5,53.968040466308594
2006-07-11,70.11000061035156,71.12000274658203,54.44266891479492
2006-07-12,70.77999877929688,69.6500015258789,53.31735610961914
2006-07-13,69.18000030517578,68.06999969482422,52.10786056518555
2006-07-14,68.08000183105469,67.52999877929688,51.69450759887695
2006-07-17,67.5999984741211,67.44000244140625,51.62562561035156
2006-07-18,67.81999969482422,67.9000015258789,51.97773742675781
2006-07-19,67.83999633789062,69.5,53.20256423950195
2006-07-20,70.04000091552734,67.72000122070312,51.8399543762207
2006-07-21,67.6500015258789,66.75,51.097415924072266
2006-07-24,67.26000213623047,68.87999725341797,52.72792053222656
2006-07-25,68.69999694824219,69.05000305175781,52.858062744140625
2006-07-26,68.93000030517578,68.9000015258789,52.74323272705078
2006-07-27,69.41000366210938,68.23999786376953,52.23801803588867
2006-07-28,68.75,69.66999816894531,53.33269500732422
2006-07-31,69.43000030517578,69.68000030517578,53.34034729003906
2006-08-01,69.16999816894531,68.58999633789062,52.505924224853516
2006-08-02,69.01000213623047,69.5,53.20256423950195
2006-08-03,68.77999877929688,70.33999633789062,53.845577239990234
2006-08-04,71.12999725341797,69.62000274658203,53.2944221496582
2006-08-07,69.37000274658203,69.3499984741211,53.08771514892578
2006-08-08,69.43000030517578,68.38999938964844,52.35283660888672
2006-08-09,68.98999786376953,67.69999694824219,51.82461166381836
2006-08-10,67.30999755859375,68.30000305175781,52.2839469909668
2006-08-11,68.05999755859375,67.5999984741211,51.74809646606445
2006-08-14,68.08999633789062,68.0,52.0543098449707
2006-08-15,69.0,69.41999816894531,53.14131164550781
2006-08-16,69.87000274658203,70.41999816894531,53.90678024291992
2006-08-17,70.22000122070312,70.52999877929688,53.99101257324219
2006-08-18,70.80000305175781,70.94000244140625,54.30485153198242
2006-08-21,70.4800033569336,70.18000030517578,53.72311019897461
2006-08-22,70.0999984741211,70.41000366210938,53.89915466308594
2006-08-23,70.5,69.5999984741211,53.27911376953125
2006-08-24,69.72000122070312,69.4800033569336,53.1872444152832
2006-08-25,69.37999725341797,69.5999984741211,53.27911376953125
2006-08-28,69.54000091552734,70.33999633789062,53.845577239990234
2006-08-29,70.51000213623047,71.25,54.54219055175781
2006-08-30,71.30999755859375,71.80000305175781,54.963218688964844
2006-08-31,71.95999908447266,71.7699966430664,54.94025802612305
2006-09-01,72.08000183105469,71.81999969482422,54.978511810302734
2006-09-05,71.93000030517578,72.47000122070312,55.47611999511719
2006-09-06,71.91999816894531,70.93000030517578,54.29721450805664
2006-09-07,70.52999877929688,70.30000305175781,53.8149528503418
2006-09-08,70.52999877929688,70.56999969482422,54.021663665771484
2006-09-11,70.12999725341797,70.4800033569336,53.952754974365234
2006-09-12,70.63999938964844,72.13999938964844,55.223487854003906
2006-09-13,72.16000366210938,72.75,55.69043731689453
2006-09-14,72.47000122070312,72.48999786376953,55.49139404296875
2006-09-15,73.0,72.66000366210938,55.621543884277344
2006-09-18,72.3499984741211,72.63999938964844,55.60624313354492
2006-09-19,72.70999908447266,72.31999969482422,55.36128616333008
2006-09-20,72.79000091552734,73.29000091552734,56.103824615478516
2006-09-21,73.3499984741211,72.5,55.499080657958984
2006-09-22,72.16000366210938,71.54000091552734,54.764163970947266
2006-09-25,71.77999877929688,72.38999938964844,55.41487121582031
2006-09-26,72.13999938964844,72.38999938964844,55.59226989746094
2006-09-27,72.20999908447266,72.91999816894531,55.999271392822266
2006-09-28,72.9800033569336,72.62999725341797,55.77657699584961
2006-09-29,72.70999908447266,72.0,55.292747497558594
2006-10-02,71.97000122070312,71.31999969482422,54.77055358886719
2006-10-03,71.25,71.22000122070312,54.6937370300293
2006-10-04,71.19000244140625,72.94999694824219,56.02230453491211
2006-10-05,72.87000274658203,73.87999725341797,56.736488342285156
2006-10-06,73.61000061035156,73.5,56.44469451904297
2006-10-09,73.36000061035156,74.05999755859375,56.874725341796875
2006-10-10,74.0999984741211,74.0999984741211,56.905460357666016
2006-10-11,73.77999877929688,73.80999755859375,56.682777404785156
2006-10-12,74.08000183105469,75.30000305175781,57.82699966430664
2006-10-13,75.30000305175781,75.9000015258789,58.287784576416016
2006-10-16,75.87999725341797,76.3499984741211,58.633331298828125
2006-10-17,75.94000244140625,75.97000122070312,58.34153366088867
2006-10-18,76.5199966430664,75.9800033569336,58.34919357299805
2006-10-19,75.7300033569336,76.3499984741211,58.633331298828125
2006-10-20,76.37000274658203,75.5999984741211,58.05739974975586
2006-10-23,75.3499984741211,75.75,58.17258071899414
2006-10-24,75.51000213623047,75.9000015258789,58.287784576416016
2006-10-25,75.7300033569336,76.4000015258789,58.67177963256836
2006-10-26,76.63999938964844,77.04000091552734,59.16324996948242
2006-10-27,76.88999938964844,76.13999938964844,58.472068786621094
2006-10-30,75.77999877929688,76.47000122070312,58.72554397583008
2006-10-31,76.5999984741211,76.2300033569336,58.54121017456055
2006-11-01,76.44999694824219,74.58000183105469,57.2740592956543
2006-11-02,74.11000061035156,74.47000122070312,57.18964385986328
2006-11-03,74.81999969482422,74.83000183105469,57.466087341308594
2006-11-06,75.20999908447266,75.69999694824219,58.134178161621094
2006-11-07,75.83000183105469,76.19999694824219,58.518157958984375
2006-11-08,75.61000061035156,76.58999633789062,58.81764221191406
2006-11-09,76.73999786376953,75.88999938964844,58.28010177612305
2006-11-10,75.7699966430664,76.5199966430664,58.763919830322266
2006-11-13,76.43000030517578,76.62999725341797,58.8484001159668
2006-11-14,76.91000366210938,78.11000061035156,59.98494338989258
2006-11-15,78.1500015258789,78.69999694824219,60.43802261352539
2006-11-16,79.0999984741211,78.63999938964844,60.391963958740234
2006-11-17,78.3499984741211,78.58999633789062,60.353580474853516
2006-11-20,78.3499984741211,78.69999694824219,60.43802261352539
2006-11-21,78.69000244140625,78.83000183105469,60.53788757324219
2006-11-22,78.97000122070312,78.91999816894531,60.606998443603516
2006-11-24,78.37000274658203,78.55999755859375,60.33051300048828
2006-11-27,78.51000213623047,76.80000305175781,58.97893142700195
2006-11-28,76.58999633789062,77.05999755859375,59.1786003112793
2006-11-29,77.5199966430664,78.05999755859375,59.946563720703125
2006-11-30,77.9000015258789,78.06999969482422,59.95423889160156
2006-12-01,78.1500015258789,77.77999877929688,59.731529235839844
2006-12-04,77.95999908447266,79.31999969482422,60.91415023803711
2006-12-05,79.4000015258789,79.37999725341797,60.96025466918945
2006-12-06,79.19999694824219,79.11000061035156,60.75291442871094
2006-12-07,79.29000091552734,78.7699966430664,60.491798400878906
2006-12-08,78.62000274658203,78.77999877929688,60.499507904052734
2006-12-11,78.80000305175781,78.9800033569336,60.65308380126953
2006-12-12,78.94000244140625,78.55000305175781,60.32284164428711
2006-12-13,78.91000366210938,78.6500015258789,60.399654388427734
2006-12-14,78.62000274658203,78.97000122070312,60.645408630371094
2006-12-15,79.30000305175781,78.9000015258789,60.5916633605957
2006-12-18,79.05999755859375,77.91000366210938,59.831363677978516
2006-12-19,77.44999694824219,77.86000061035156,59.79299545288086
2006-12-20,77.62000274658203,77.9800033569336,60.139251708984375
2006-12-21,77.98999786376953,77.62000274658203,59.86161422729492
2006-12-22,77.58999633789062,77.11000061035156,59.46831130981445
2006-12-26,77.33000183105469,78.20999908447266,60.31661605834961
2006-12-27,78.37000274658203,79.13999938964844,61.03384017944336
2006-12-28,79.02999877929688,78.77999877929688,60.756229400634766
2006-12-29,78.66000366210938,78.02999877929688,60.17781448364258
2007-01-03,78.68000030517578,78.16000366210938,60.27806854248047
2007-01-04,77.88999938964844,78.37000274658203,60.44001007080078
2007-01-05,78.0199966430664,76.7300033569336,59.17524337768555
2007-01-08,76.94999694824219,76.43000030517578,58.94388198852539
2007-01-09,77.12000274658203,77.1500015258789,59.49913787841797
2007-01-10,76.76000213623047,77.75,59.961875915527344
2007-01-11,77.45999908447266,78.2300033569336,60.33205032348633
2007-01-12,78.26000213623047,78.9800033569336,60.91046905517578
2007-01-16,79.20999908447266,78.44999694824219,60.5017204284668
2007-01-17,78.22000122070312,78.11000061035156,60.23949432373047
2007-01-18,78.12999725341797,77.45999908447266,59.73822784423828
2007-01-19,77.04000091552734,77.76000213623047,59.96957015991211
2007-01-22,77.81999969482422,77.19000244140625,59.52996826171875
2007-01-23,77.04000091552734,77.91999816894531,60.092960357666016
2007-01-24,78.01000213623047,78.7699966430664,60.748504638671875
2007-01-25,78.70999908447266,77.77999877929688,59.98499298095703
2007-01-26,77.98999786376953,78.06999969482422,60.20867156982422
2007-01-29,78.12000274658203,78.75,60.73310470581055
2007-01-30,78.88999938964844,79.18000030517578,61.064697265625
2007-01-31,79.05999755859375,79.3499984741211,61.19582748413086
2007-02-01,79.66999816894531,80.19999694824219,61.8513298034668
2007-02-02,80.4000015258789,80.25,61.8899040222168
2007-02-05,80.22000122070312,80.23999786376953,61.88218688964844
2007-02-06,80.26000213623047,80.44000244140625,62.03643798828125
2007-02-07,80.55000305175781,81.18000030517578,62.607147216796875
2007-02-08,80.87000274658203,81.05000305175781,62.506839752197266
2007-02-09,80.9800033569336,80.30999755859375,61.9361572265625
2007-02-12,80.27999877929688,80.08999633789062,61.766483306884766
2007-02-13,80.2300033569336,80.68000030517578,62.22152328491211
2007-02-14,80.7300033569336,80.80000305175781,62.314048767089844
2007-02-15,80.70999908447266,80.86000061035156,62.36035919189453
2007-02-16,80.72000122070312,81.16999816894531,62.59940719604492
2007-02-20,81.0,81.94999694824219,63.200950622558594
2007-02-21,81.6500015258789,82.0999984741211,63.31660842895508
2007-02-22,82.25,82.38999938964844,63.540306091308594
2007-02-23,82.26000213623047,81.94999694824219,63.200950622558594
2007-02-26,82.31999969482422,81.88999938964844,63.15467834472656
2007-02-27,80.36000061035156,78.05000305175781,60.193233489990234
2007-02-28,78.37000274658203,78.83000183105469,60.794776916503906
2007-03-01,77.47000122070312,78.41999816894531,60.478599548339844
2007-03-02,78.18000030517578,76.86000061035156,59.27548599243164
2007-03-05,76.08999633789062,75.16999816894531,57.97214889526367
2007-03-06,76.26000213623047,77.22000122070312,59.55312728881836
2007-03-07,77.30000305175781,76.97000122070312,59.360328674316406
2007-03-08,77.7300033569336,77.55000305175781,59.80764389038086
2007-03-09,78.18000030517578,78.18000030517578,60.29349899291992
2007-03-12,78.01000213623047,78.4000015258789,60.46318054199219
2007-03-13,77.83999633789062,76.38999938964844,58.913021087646484
2007-03-14,76.41000366210938,77.19999694824219,59.53767776489258
2007-03-15,77.12000274658203,77.80000305175781,60.00044631958008
2007-03-16,77.80999755859375,77.2699966430664,59.59168243408203
2007-03-19,77.83000183105469,78.2300033569336,60.33205032348633
2007-03-20,78.19000244140625,78.8499984741211,60.810184478759766
2007-03-21,78.95999908447266,80.2699966430664,61.905330657958984
2007-03-22,80.55999755859375,80.2699966430664,61.905330657958984
2007-03-23,80.2300033569336,80.23999786376953,62.00115966796875
2007-03-26,80.31999969482422,80.06999969482422,61.86979675292969
2007-03-27,80.01000213623047,79.69999694824219,61.5838737487793
2007-03-28,79.22000122070312,79.1500015258789,61.15892028808594
2007-03-29,79.69000244140625,79.25,61.236175537109375
2007-03-30,79.36000061035156,79.44999694824219,61.390724182128906
2007-04-02,79.61000061035156,79.6500015258789,61.5452766418457
2007-04-03,80.06999969482422,80.5,62.202030181884766
2007-04-04,80.4800033569336,80.48999786376953,62.19430923461914
2007-04-05,80.44999694824219,80.44000244140625,62.15566635131836
2007-04-09,80.77999877929688,80.55000305175781,62.240684509277344
2007-04-10,80.5,80.80000305175781,62.43386459350586
2007-04-11,80.87000274658203,80.30000305175781,62.047489166259766
2007-04-12,80.08999633789062,80.83999633789062,62.46475601196289
2007-04-13,80.94999694824219,81.36000061035156,62.8665885925293
2007-04-16,81.80999755859375,82.4800033569336,63.731998443603516
2007-04-17,82.61000061035156,82.2300033569336,63.538795471191406
2007-04-18,81.91000366210938,81.75,63.16791534423828
2007-04-19,81.13999938964844,81.36000061035156,62.8665885925293
2007-04-20,81.95999908447266,82.30999755859375,63.60063171386719
2007-04-23,82.20999908447266,82.22000122070312,63.53110122680664
2007-04-24,82.2699966430664,82.18000030517578,63.50017547607422
2007-04-25,82.54000091552734,82.41000366210938,63.6778678894043
2007-04-26,82.44999694824219,82.87000274658203,64.03331756591797
2007-04-27,82.5199966430664,82.5199966430664,63.762874603271484
2007-04-30,82.47000122070312,80.73999786376953,62.38748550415039
2007-05-01,80.98999786376953,81.06999969482422,62.64248275756836
2007-05-02,81.06999969482422,82.1500015258789,63.47698211669922
2007-05-03,82.20999908447266,82.30000305175781,63.5929069519043
2007-05-04,82.48999786376953,82.81999969482422,63.99472427368164
2007-05-07,82.69999694824219,82.58000183105469,63.80924987792969
2007-05-08,82.19000244140625,82.29000091552734,63.58515548706055
2007-05-09,82.0,82.62000274658203,63.84014892578125
2007-05-10,82.31999969482422,81.5999984741211,63.05202102661133
2007-05-11,81.75,82.33999633789062,63.623802185058594
2007-05-14,82.29000091552734,81.62000274658203,63.06743621826172
2007-05-15,81.62000274658203,80.97000122070312,62.56520080566406
2007-05-16,81.0999984741211,81.41000366210938,62.90522003173828
2007-05-17,81.30000305175781,80.77999877929688,62.41836929321289
2007-05-18,81.19000244140625,81.7300033569336,63.15247344970703
2007-05-21,81.7300033569336,82.76000213623047,63.948326110839844
2007-05-22,82.80999755859375,83.2699966430664,64.34242248535156
2007-05-23,83.55000305175781,83.05000305175781,64.17240142822266
2007-05-24,82.9800033569336,81.95999908447266,63.33018493652344
2007-05-25,82.23999786376953,82.48999786376953,63.739715576171875
2007-05-29,82.77999877929688,83.25,64.32696533203125
2007-05-30,82.63999938964844,83.80999755859375,64.75965881347656
2007-05-31,83.98999786376953,84.2699966430664,65.1151123046875
2007-06-01,84.54000091552734,84.69999694824219,65.44734954833984
2007-06-04,84.48999786376953,84.79000091552734,65.51690673828125
2007-06-05,84.58999633789062,84.44999694824219,65.25422668457031
2007-06-06,83.80000305175781,83.51000213623047,64.52784729003906
2007-06-07,83.26000213623047,81.77999877929688,63.191097259521484
2007-06-08,81.87000274658203,82.8499984741211,64.01789093017578
2007-06-11,82.73999786376953,82.87000274658203,64.03331756591797
2007-06-12,82.33000183105469,81.5,62.9747428894043
2007-06-13,81.88999938964844,82.58999633789062,63.81696319580078
2007-06-14,82.87999725341797,83.33999633789062,64.39651489257812
2007-06-15,84.29000091552734,84.33000183105469,65.16146850585938
2007-06-18,84.58000183105469,84.16999816894531,65.03783416748047
2007-06-19,83.80999755859375,84.38999938964844,65.20783996582031
2007-06-20,84.58000183105469,82.93000030517578,64.07967376708984
2007-06-21,82.81999969482422,83.58000183105469,64.58193969726562
2007-06-22,83.36000061035156,82.91999816894531,64.07195281982422
2007-06-25,82.68000030517578,82.48999786376953,63.739715576171875
2007-06-26,82.83999633789062,81.87999725341797,63.268367767333984
2007-06-27,81.62999725341797,83.58999633789062,64.58968353271484
2007-06-28,83.41000366210938,83.41999816894531,64.58118438720703
2007-06-29,83.77999877929688,82.9000015258789,64.1785888671875
2007-07-02,83.37999725341797,83.97000122070312,65.0069580078125
2007-07-03,84.12000274658203,84.37000274658203,65.31661987304688
2007-07-05,84.44999694824219,84.51000213623047,65.42498779296875
2007-07-06,84.55999755859375,84.80000305175781,65.6495132446289
2007-07-09,84.95999908447266,84.72000122070312,65.58757781982422
2007-07-10,84.2699966430664,83.33000183105469,64.51148223876953
2007-07-11,83.16999816894531,83.83000183105469,64.89852905273438
2007-07-12,84.16000366210938,84.81999969482422,65.66500091552734
2007-07-13,84.9000015258789,84.9000015258789,65.7269515991211
2007-07-16,84.88999938964844,84.4800033569336,65.40177154541016
2007-07-17,84.62000274658203,84.54000091552734,65.4482421875
2007-07-18,84.06999969482422,84.2699966430664,65.23921203613281
2007-07-19,84.75,84.51000213623047,65.42498779296875
2007-07-20,84.37999725341797,83.25,64.4495620727539
2007-07-23,83.62999725341797,82.94000244140625,64.20955657958984
2007-07-24,82.0999984741211,81.0,62.70769119262695
2007-07-25,81.45999908447266,80.69999694824219,62.47538375854492
2007-07-26,79.20999908447266,78.54000091552734,60.80323028564453
2007-07-27,78.3499984741211,76.62999725341797,59.324546813964844
2007-07-30,77.30999755859375,77.95999908447266,60.35418701171875
2007-07-31,78.93000030517578,77.0999984741211,59.68840408325195
2007-08-01,76.87000274658203,77.5199966430664,60.01355743408203
2007-08-02,77.94000244140625,78.12999725341797,60.48579788208008
2007-08-03,78.01000213623047,75.3499984741211,58.33363342285156
2007-08-06,75.62000274658203,76.02999877929688,58.86006164550781
2007-08-07,75.87999725341797,77.19999694824219,59.765811920166016
2007-08-08,77.88999938964844,79.5199966430664,61.5619010925293
2007-08-09,77.6500015258789,77.69000244140625,60.14519119262695
2007-08-10,76.91000366210938,78.05999755859375,60.43161392211914
2007-08-13,79.38999938964844,77.63999938964844,60.10647201538086
2007-08-14,77.97000122070312,76.30999755859375,59.07680892944336
2007-08-15,75.97000122070312,75.19999694824219,58.21746826171875
2007-08-16,74.66999816894531,76.87000274658203,59.51036071777344
2007-08-17,79.20999908447266,78.41000366210938,60.702552795410156
2007-08-20,78.66999816894531,78.47000122070312,60.74904251098633
2007-08-21,78.47000122070312,78.69000244140625,60.91933822631836
2007-08-22,79.37999725341797,79.62999725341797,61.647064208984375
2007-08-23,79.94999694824219,78.61000061035156,60.85741424560547
2007-08-24,78.58000183105469,79.62999725341797,61.647064208984375
2007-08-27,79.36000061035156,78.52999877929688,60.79547119140625
2007-08-28,78.08000183105469,76.55000305175781,59.26262664794922
2007-08-29,76.9800033569336,78.55999755859375,60.81867218017578
2007-08-30,77.62000274658203,78.02999877929688,60.40839385986328
2007-08-31,79.13999938964844,78.73999786376953,60.958038330078125
2007-09-04,78.68000030517578,79.75,61.73995590209961
2007-09-05,79.27999877929688,79.01000213623047,61.16707992553711
2007-09-06,79.06999969482422,79.02999877929688,61.182552337646484
2007-09-07,77.7699966430664,77.7300033569336,60.176151275634766
2007-09-10,77.91000366210938,76.6500015258789,59.340065002441406
2007-09-11,77.18000030517578,77.98999786376953,60.37742233276367
2007-09-12,77.66999816894531,77.5,59.998069763183594
2007-09-13,78.0199966430664,77.69000244140625,60.14519119262695
2007-09-14,76.9000015258789,78.08999633789062,60.45484924316406
2007-09-17,77.87999725341797,77.2300033569336,59.78904342651367
2007-09-18,77.80999755859375,80.5199966430664,62.336063385009766
2007-09-19,81.2699966430664,81.5999984741211,63.17218780517578
2007-09-20,81.5,80.79000091552734,62.54508590698242
2007-09-21,81.27999877929688,80.95999908447266,62.67673873901367
2007-09-24,81.0999984741211,80.33999633789062,62.19672393798828
2007-09-25,79.63999938964844,79.81999969482422,61.944522857666016
2007-09-26,80.5,80.5199966430664,62.48773956298828
2007-09-27,80.93000030517578,81.0,62.86023712158203
2007-09-28,80.97000122070312,80.04000091552734,62.11522674560547
2007-10-01,80.12999725341797,82.02999877929688,63.65957260131836
2007-10-02,82.30000305175781,82.55999755859375,64.07089233398438
2007-10-03,82.31999969482422,82.33000183105469,63.892391204833984
2007-10-04,82.55999755859375,82.45999908447266,63.993289947509766
2007-10-05,83.47000122070312,84.12999725341797,65.28929901123047
2007-10-08,83.91000366210938,83.5,64.80036163330078
2007-10-09,83.93000030517578,84.18000030517578,65.32806396484375
2007-10-10,84.04000091552734,84.11000061035156,65.27375030517578
2007-10-11,84.58999633789062,83.16000366210938,64.53650665283203
2007-10-12,83.27999877929688,83.81999969482422,65.0487060546875
2007-10-15,83.80000305175781,82.8499984741211,64.29595184326172
2007-10-16,82.37000274658203,81.9000015258789,63.558692932128906
2007-10-17,82.80000305175781,82.22000122070312,63.807029724121094
2007-10-18,81.68000030517578,82.0199966430664,63.65180969238281
2007-10-19,81.91000366210938,79.08999633789062,61.377967834472656
2007-10-22,78.54000091552734,80.76000213623047,62.674015045166016
2007-10-23,81.41000366210938,81.37999725341797,63.15511703491211
2007-10-24,80.87000274658203,80.86000061035156,62.751609802246094
2007-10-25,81.08000183105469,80.66000366210938,62.59639358520508
2007-10-26,81.37000274658203,82.01000213623047,63.64406967163086
2007-10-29,82.22000122070312,81.91999816894531,63.5742073059082
2007-10-30,81.51000213623047,81.2699966430664,63.06978225708008
2007-10-31,81.62999725341797,82.31999969482422,63.88461685180664
2007-11-01,81.37000274658203,79.13999938964844,61.4167594909668
2007-11-02,80.0999984741211,79.52999877929688,61.71942901611328
2007-11-05,78.44000244140625,78.4800033569336,60.90461730957031
2007-11-06,78.98999786376953,79.95999908447266,62.053157806396484
2007-11-07,78.9000015258789,77.4800033569336,60.12852478027344
2007-11-08,78.12999725341797,77.70999908447266,60.307037353515625
2007-11-09,76.73999786376953,76.8499984741211,59.63964080810547
2007-11-12,76.88999938964844,76.11000061035156,59.065338134765625
2007-11-13,77.18000030517578,78.5,60.92012023925781
2007-11-14,79.16999816894531,78.05000305175781,60.57086944580078
2007-11-15,77.62000274658203,76.94000244140625,59.70948791503906
2007-11-16,77.31999969482422,76.29000091552734,59.20505905151367
2007-11-19,75.88999938964844,74.63999938964844,57.924530029296875
2007-11-20,74.69999694824219,75.06999969482422,58.25825881958008
2007-11-21,74.55999755859375,73.5,57.03983688354492
2007-11-23,74.36000061035156,75.05999755859375,58.250492095947266
2007-11-26,75.3499984741211,73.0999984741211,56.729427337646484
2007-11-27,73.55000305175781,73.94999694824219,57.389076232910156
2007-11-28,74.91000366210938,76.87000274658203,59.65513229370117
2007-11-29,76.58000183105469,76.20999908447266,59.14296340942383
2007-11-30,77.43000030517578,76.6500015258789,59.48445129394531
2007-12-03,76.55000305175781,75.75,58.78597640991211
2007-12-04,75.0199966430664,74.94999694824219,58.16510009765625
2007-12-05,76.19000244140625,76.44000244140625,59.32145309448242
2007-12-06,76.20999908447266,78.25,60.72610092163086
2007-12-07,78.70999908447266,78.48999786376953,60.912357330322266
2007-12-10,78.5,79.11000061035156,61.39351272583008
2007-12-11,79.27999877929688,76.3499984741211,59.25160217285156
2007-12-12,78.70999908447266,76.91000366210938,59.68616485595703
2007-12-13,76.2699966430664,76.48999786376953,59.3602409362793
2007-12-14,75.76000213623047,75.0,58.20392990112305
2007-12-17,74.81999969482422,73.8499984741211,57.31146240234375
2007-12-18,74.66999816894531,75.16999816894531,58.33587646484375
2007-12-19,75.08999633789062,75.69999694824219,58.747169494628906
2007-12-20,76.20999908447266,76.83999633789062,59.63187026977539
2007-12-21,77.87999725341797,78.5999984741211,60.99772262573242
2007-12-24,78.70999908447266,79.16999816894531,61.440059661865234
2007-12-26,78.83999633789062,79.54000091552734,61.727195739746094
2007-12-27,78.86000061035156,77.38999938964844,60.26097106933594
2007-12-28,77.91999816894531,76.55999755859375,59.61467361450195
2007-12-31,76.44999694824219,75.9000015258789,59.10076904296875
2008-01-02,76.1500015258789,75.16000366210938,58.524559020996094
2008-01-03,75.2699966430664,74.33000183105469,57.87826156616211
2008-01-04,73.23999786376953,72.08999633789062,56.134037017822266
2008-01-07,72.27999877929688,72.25,56.25862503051758
2008-01-08,72.31999969482422,70.0199966430664,54.52223587036133
2008-01-09,69.93000030517578,70.7300033569336,55.075069427490234
2008-01-10,70.11000061035156,71.69999694824219,55.83035659790039
2008-01-11,71.27999877929688,70.22000122070312,54.677940368652344
2008-01-14,71.01000213623047,70.80000305175781,55.12956619262695
2008-01-15,69.87999725341797,69.5,54.1173095703125
2008-01-16,69.23999786376953,69.56999969482422,54.171817779541016
2008-01-17,69.9800033569336,67.87999725341797,52.8558464050293
2008-01-18,68.12000274658203,67.22000122070312,52.34194564819336
2008-01-22,64.47000122070312,66.73999786376953,51.968177795410156
2008-01-23,65.30000305175781,69.0199966430664,53.743568420410156
2008-01-24,69.4800033569336,68.97000122070312,53.7046012878418
2008-01-25,69.95999908447266,68.47000122070312,53.315277099609375
2008-01-28,68.31999969482422,69.91999816894531,54.44432830810547
2008-01-29,70.38999938964844,70.0999984741211,54.58449172973633
2008-01-30,69.72000122070312,69.22000122070312,53.899288177490234
2008-01-31,68.11000061035156,70.94000244140625,55.238590240478516
2008-02-01,71.33000183105469,72.61000061035156,56.53895568847656
2008-02-04,72.54000091552734,71.79000091552734,55.90045928955078
2008-02-05,70.69000244140625,69.94999694824219,54.46771240234375
2008-02-06,70.41999816894531,69.0199966430664,53.743568420410156
2008-02-07,68.63999938964844,70.11000061035156,54.592281341552734
2008-02-08,69.94999694824219,69.66999816894531,54.24967575073242
2008-02-11,69.66000366210938,69.69999694824219,54.27303695678711
2008-02-12,70.0999984741211,70.25,54.701324462890625
2008-02-13,71.0199966430664,71.83999633789062,55.93938064575195
2008-02-14,72.0999984741211,70.18000030517578,54.646812438964844
2008-02-15,69.80000305175781,69.87000274658203,54.40541458129883
2008-02-19,70.87999725341797,70.7300033569336,55.075069427490234
2008-02-20,69.54000091552734,70.7699966430664,55.106204986572266
2008-02-21,71.26000213623047,69.41999816894531,54.05501174926758
2008-02-22,69.51000213623047,69.41999816894531,54.05501174926758
2008-02-25,69.37999725341797,70.7699966430664,55.106204986572266
2008-02-26,70.37000274658203,71.43000030517578,55.620121002197266
2008-02-27,70.83999633789062,71.4000015258789,55.59678649902344
2008-02-28,70.7699966430664,70.31999969482422,54.75580596923828
2008-02-29,69.5999984741211,68.86000061035156,53.618961334228516
2008-03-03,68.38999938964844,68.19999694824219,53.10502624511719
2008-03-04,67.56999969482422,67.80000305175781,52.7935676574707
2008-03-05,68.20999908447266,68.44999694824219,53.299720764160156
2008-03-06,67.91000366210938,66.16999816894531,51.52432632446289
2008-03-07,65.36000061035156,65.95999908447266,51.36082458496094
2008-03-10,66.0199966430664,64.5,50.2239875793457
2008-03-11,66.47000122070312,67.30000305175781,52.404239654541016
2008-03-12,67.19999694824219,66.5199966430664,51.796871185302734
2008-03-13,65.87999725341797,67.8499984741211,52.832496643066406
2008-03-14,68.3499984741211,66.13999938964844,51.5009880065918
2008-03-17,64.2300033569336,65.05999755859375,50.66002655029297
2008-03-18,66.61000061035156,68.05000305175781,52.98824691772461
2008-03-19,68.58999633789062,66.3499984741211,51.66450881958008
2008-03-20,66.44999694824219,67.4800033569336,52.54441452026367
2008-03-24,68.16999816894531,69.98999786376953,54.58784484863281
2008-03-25,69.94000244140625,70.22000122070312,54.7672233581543
2008-03-26,69.93000030517578,69.63999938964844,54.31486511230469
2008-03-27,70.08000183105469,69.0,53.81569290161133
2008-03-28,69.11000061035156,68.19000244140625,53.18394470214844
2008-03-31,68.20999908447266,68.29000091552734,53.26191711425781
2008-04-01,69.45999908447266,70.79000091552734,55.2117805480957
2008-04-02,70.9000015258789,70.95999908447266,55.3443603515625
2008-04-03,70.43000030517578,71.18000030517578,55.51595687866211
2008-04-04,71.18000030517578,71.16000366210938,55.500389099121094
2008-04-07,71.66000366210938,71.04000091552734,55.40678024291992
2008-04-08,70.4800033569336,70.97000122070312,55.352176666259766
2008-04-09,71.08999633789062,69.80999755859375,54.44742202758789
2008-04-10,69.69000244140625,70.55000305175781,55.024620056152344
2008-04-11,69.72000122070312,68.73999786376953,53.612911224365234
2008-04-14,68.63999938964844,68.52999877929688,53.44913101196289
2008-04-15,68.87000274658203,68.97000122070312,53.79228591918945
2008-04-16,69.68000030517578,71.19999694824219,55.53154754638672
2008-04-17,70.83999633789062,70.91999816894531,55.313175201416016
2008-04-18,72.01000213623047,71.66999816894531,55.89810562133789
2008-04-21,71.3499984741211,71.68000030517578,55.90593719482422
2008-04-22,71.25,70.37000274658203,54.884212493896484
2008-04-23,70.52999877929688,70.55000305175781,55.024620056152344
2008-04-24,70.5,71.2300033569336,55.5549430847168
2008-04-25,71.80999755859375,71.9000015258789,56.077510833740234
2008-04-28,71.93000030517578,72.37999725341797,56.451904296875
2008-04-29,72.20999908447266,71.73999786376953,55.952735900878906
2008-04-30,71.97000122070312,71.4000015258789,55.687538146972656
2008-05-01,71.45999908447266,72.62999725341797,56.64687728881836
2008-05-02,73.41000366210938,72.55000305175781,56.5844841003418
2008-05-05,72.31999969482422,72.2699966430664,56.3660888671875
2008-05-06,71.86000061035156,72.86000061035156,56.82624816894531
2008-05-07,72.9000015258789,71.55999755859375,55.812347412109375
2008-05-08,71.72000122070312,71.70999908447266,55.929325103759766
2008-05-09,71.19000244140625,71.5,55.76554870605469
2008-05-12,71.94999694824219,73.06999969482422,56.990055084228516
2008-05-13,73.30000305175781,73.48999786376953,57.31761932373047
2008-05-14,73.6500015258789,73.4000015258789,57.2474250793457
2008-05-15,73.47000122070312,73.55000305175781,57.36440658569336
2008-05-16,74.45999908447266,73.94999694824219,57.67636489868164
2008-05-19,74.02999877929688,73.97000122070312,57.69200134277344
2008-05-20,73.44000244140625,73.69999694824219,57.481388092041016
2008-05-21,73.62000274658203,72.6500015258789,56.662471771240234
2008-05-22,72.79000091552734,73.16999816894531,57.06805419921875
2008-05-23,72.8499984741211,72.20999908447266,56.319278717041016
2008-05-27,72.37999725341797,73.31999969482422,57.18502426147461
2008-05-28,73.63999938964844,73.66000366210938,57.45021057128906
2008-05-29,73.51000213623047,74.41000366210938,58.035152435302734
2008-05-30,74.48999786376953,74.66999816894531,58.23794174194336
2008-06-02,74.56999969482422,73.98999786376953,57.70757293701172
2008-06-03,74.25,73.83999633789062,57.59059143066406
2008-06-04,73.58000183105469,74.30000305175781,57.94937515258789
2008-06-05,74.43000030517578,76.19999694824219,59.43120574951172
2008-06-06,75.75,73.91999816894531,57.652984619140625
2008-06-09,74.12000274658203,73.68000030517578,57.46582794189453
2008-06-10,73.01000213623047,73.13999938964844,57.04463577270508
2008-06-11,73.05000305175781,71.87000274658203,56.05411911010742
2008-06-12,72.27999877929688,72.0199966430664,56.17110824584961
2008-06-13,72.66000366210938,73.31999969482422,57.18502426147461
2008-06-16,73.05000305175781,73.77999877929688,57.54379653930664
2008-06-17,74.18000030517578,73.72000122070312,57.49700927734375
2008-06-18,73.29000091552734,73.12999725341797,57.03683853149414
2008-06-19,73.11000061035156,73.73999786376953,57.512596130371094
2008-06-20,73.44999694824219,72.56999969482422,56.60007858276367
2008-06-23,72.91999816894531,71.88999938964844,56.06970977783203
2008-06-24,71.44999694824219,70.69999694824219,55.141597747802734
2008-06-25,70.95999908447266,71.5,55.76554870605469
2008-06-26,70.80999755859375,69.66000366210938,54.330448150634766
2008-06-27,69.70999908447266,69.7300033569336,54.38505554199219
2008-06-30,69.86000061035156,69.05000305175781,53.85469436645508
2008-07-01,68.23999786376953,69.0999984741211,53.89368438720703
2008-07-02,68.91999816894531,66.88999938964844,52.36479187011719
2008-07-03,66.9000015258789,66.52999877929688,52.08294677734375
2008-07-07,66.7300033569336,65.69000244140625,51.42538070678711
2008-07-08,65.79000091552734,68.06999969482422,53.28853988647461
2008-07-09,68.0999984741211,66.25,51.86376953125
2008-07-10,66.06999969482422,66.9000015258789,52.37261962890625
2008-07-11,66.25,67.2699966430664,52.66227340698242
2008-07-14,67.77999877929688,66.16000366210938,51.79330825805664
2008-07-15,65.55000305175781,65.87999725341797,51.57411575317383
2008-07-16,66.30999755859375,68.30000305175781,53.4686164855957
2008-07-17,68.72000122070312,68.4000015258789,53.54690170288086
2008-07-18,69.76000213623047,68.87999725341797,53.922645568847656
2008-07-21,69.37000274658203,69.72000122070312,54.580265045166016
2008-07-22,69.19000244140625,71.47000122070312,55.95022201538086
2008-07-23,71.37999725341797,71.93000030517578,56.31034851074219
2008-07-24,71.87000274658203,70.11000061035156,54.885581970214844
2008-07-25,70.69000244140625,70.68000030517578,55.33176803588867
2008-07-28,70.63999938964844,69.4800033569336,54.39236831665039
2008-07-29,69.68000030517578,71.18000030517578,55.72319412231445
2008-07-30,71.58999633789062,71.61000061035156,56.05982971191406
2008-07-31,70.81999969482422,71.31999969482422,55.832820892333984
2008-08-01,71.44000244140625,71.41000366210938,55.903263092041016
2008-08-04,71.43000030517578,70.75,55.38658905029297
2008-08-05,70.98999786376953,71.95999908447266,56.33382034301758
2008-08-06,71.69999694824219,72.31999969482422,56.61564636230469
2008-08-07,71.72000122070312,71.23999786376953,55.77020263671875
2008-08-08,71.23999786376953,73.12000274658203,57.2419319152832
2008-08-11,73.2699966430664,74.87000274658203,58.611915588378906
2008-08-12,74.63999938964844,74.30999755859375,58.173526763916016
2008-08-13,74.25,74.58000183105469,58.3848876953125
2008-08-14,74.16999816894531,75.30000305175781,58.948551177978516
2008-08-15,75.73999786376953,75.0999984741211,58.7919807434082
2008-08-18,75.2699966430664,74.12999725341797,58.0325927734375
2008-08-19,73.62999725341797,72.9000015258789,57.06971740722656
2008-08-20,73.16999816894531,73.0,57.14799499511719
2008-08-21,72.54000091552734,72.16000366210938,56.49040985107422
2008-08-22,72.75,73.68000030517578,57.68035888671875
2008-08-25,73.22000122070312,72.05999755859375,56.4121208190918
2008-08-26,72.18000030517578,72.16999816894531,56.49824142456055
2008-08-27,72.19999694824219,73.02999877929688,57.17146301269531
2008-08-28,73.37000274658203,74.51000213623047,58.33010482788086
2008-08-29,74.16999816894531,73.87000274658203,57.82906723022461
2008-09-02,75.01000213623047,73.8499984741211,57.81343460083008
2008-09-03,73.6500015258789,74.1500015258789,58.04827880859375
2008-09-04,73.5199966430664,71.81999969482422,56.224220275878906
2008-09-05,71.54000091552734,71.63999938964844,56.083316802978516
2008-09-08,74.0199966430664,72.4800033569336,56.74093246459961
2008-09-09,73.23999786376953,70.80999755859375,55.43353271484375
2008-09-10,71.56999969482422,71.47000122070312,55.95022201538086
2008-09-11,70.5199966430664,71.91999816894531,56.30250549316406
2008-09-12,71.31999969482422,72.25,56.560890197753906
2008-09-15,70.1500015258789,69.01000213623047,54.02442169189453
2008-09-16,67.80000305175781,71.0,55.5822868347168
2008-09-17,69.94999694824219,67.80000305175781,53.07717514038086
2008-09-18,69.4000015258789,71.80000305175781,56.208587646484375
2008-09-19,78.91999816894531,75.0,58.71369934082031
2008-09-22,75.19999694824219,71.94999694824219,56.325984954833984
2008-09-23,72.0,70.98999786376953,55.57444763183594
2008-09-24,70.83000183105469,69.94000244140625,54.86842346191406
2008-09-25,69.91999816894531,70.30000305175781,55.150840759277344
2008-09-26,69.01000213623047,70.62999725341797,55.40972137451172
2008-09-29,69.2300033569336,65.05000305175781,51.03217697143555
2008-09-30,65.87000274658203,68.0,53.3464469909668
2008-10-01,67.19000244140625,67.0199966430664,52.57764434814453
2008-10-02,66.62999725341797,63.58000183105469,49.87896728515625
2008-10-03,64.36000061035156,62.70000076293945,49.18857955932617
2008-10-06,60.560001373291016,59.720001220703125,46.850746154785156
2008-10-07,60.20000076293945,55.79999923706055,43.77548599243164
2008-10-08,53.810001373291016,54.459999084472656,42.7242546081543
2008-10-09,55.650001525878906,49.9900016784668,39.21749496459961
2008-10-10,47.65999984741211,52.45000076293945,41.14739227294922
2008-10-13,54.540000915527344,56.97999954223633,44.701202392578125
2008-10-14,58.75,55.380001068115234,43.44598388671875
2008-10-15,54.45000076293945,50.40999984741211,39.5469856262207
2008-10-16,51.02000045776367,53.709999084472656,42.135860443115234
2008-10-17,51.54999923706055,52.20000076293945,40.95124053955078
2008-10-20,53.25,54.689998626708984,42.904693603515625
2008-10-21,53.95000076293945,53.18000030517578,41.720062255859375
2008-10-22,51.7599983215332,50.4900016784668,39.60974884033203
2008-10-23,50.68000030517578,48.9900016784668,38.432987213134766
2008-10-24,44.95000076293945,47.16999816894531,37.00519561767578
2008-10-27,46.119998931884766,44.86000061035156,35.19297409057617
2008-10-28,45.72999954223633,48.45000076293945,38.00936508178711
2008-10-29,48.5099983215332,48.70000076293945,38.20549392700195
2008-10-30,50.40999984741211,51.43000030517578,40.347190856933594
2008-10-31,51.29999923706055,53.75,42.167240142822266
2008-11-03,53.47999954223633,53.81999969482422,42.2221565246582
2008-11-04,54.93000030517578,54.439998626708984,42.70854568481445
2008-11-05,53.93000030517578,51.59000015258789,40.47271728515625
2008-11-06,51.04999923706055,49.59000015258789,38.903690338134766
2008-11-07,50.06999969482422,50.619998931884766,39.71173858642578
2008-11-10,51.7400016784668,49.45000076293945,38.79386520385742
2008-11-11,48.900001525878906,48.380001068115234,37.954437255859375
2008-11-12,47.61000061035156,45.560001373291016,35.74213790893555
2008-11-13,45.70000076293945,49.310001373291016,38.68403625488281
2008-11-14,48.22999954223633,45.63999938964844,35.80489730834961
2008-11-17,45.349998474121094,45.25,35.49895477294922
2008-11-18,45.33000183105469,45.029998779296875,35.32635498046875
2008-11-19,44.779998779296875,41.36000061035156,32.44720458984375
2008-11-20,41.0,38.529998779296875,30.227048873901367
2008-11-21,39.290000915527344,40.63999938964844,31.882352828979492
2008-11-24,41.20000076293945,43.5,34.12604904174805
2008-11-25,44.220001220703125,44.220001220703125,34.69090270996094
2008-11-26,43.27000045776367,46.869998931884766,36.76983642578125
2008-11-28,46.290000915527344,47.34000015258789,37.1385498046875
2008-12-01,46.119998931884766,42.02000045776367,32.964969635009766
2008-12-02,42.709999084472656,44.22999954223633,34.698734283447266
2008-12-03,43.150001525878906,45.56999969482422,35.74997329711914
2008-12-04,44.81999969482422,44.060001373291016,34.565372467041016
2008-12-05,43.369998931884766,46.099998474121094,36.1657600402832
2008-12-08,47.22999954223633,48.13999938964844,37.76614761352539
2008-12-09,47.689998626708984,46.650001525878906,36.59724807739258
2008-12-10,47.189998626708984,47.75,37.46019744873047
2008-12-11,47.25,45.33000183105469,35.56169509887695
2008-12-12,44.15999984741211,46.88999938964844,36.785526275634766
2008-12-15,47.2599983215332,45.380001068115234,35.6009407043457
2008-12-16,46.2599983215332,48.33000183105469,37.91522216796875
2008-12-17,47.939998626708984,48.77000045776367,38.260398864746094
2008-12-18,48.79999923706055,48.459999084472656,38.017189025878906
2008-12-19,49.0,48.70000076293945,38.20549392700195
2008-12-22,48.91999816894531,47.7599983215332,37.46803283691406
2008-12-23,47.72999954223633,46.709999084472656,36.92341995239258
2008-12-24,46.72999954223633,46.880001068115234,37.05778121948242
2008-12-26,47.349998474121094,47.54999923706055,37.58740234375
2008-12-29,47.36000061035156,46.81999969482422,37.010353088378906
2008-12-30,47.08000183105469,48.119998931884766,38.037986755371094
2008-12-31,48.220001220703125,49.2400016784668,38.9233283996582
2009-01-02,49.7400016784668,50.220001220703125,39.6979866027832
2009-01-05,50.4900016784668,50.400001525878906,39.84028244018555
2009-01-06,50.81999969482422,51.25,40.512203216552734
2009-01-07,50.27000045776367,49.7400016784668,39.31855773925781
2009-01-08,49.380001068115234,49.97999954223633,39.508296966552734
2009-01-09,50.11000061035156,48.130001068115234,38.04589080810547
2009-01-12,47.95000076293945,46.70000076293945,36.91550064086914
2009-01-13,46.630001068115234,47.31999969482422,37.40559387207031
2009-01-14,46.31999969482422,45.2400016784668,35.761409759521484
2009-01-15,45.310001373291016,45.970001220703125,36.33844757080078
2009-01-16,46.97999954223633,46.47999954223633,36.741600036621094
2009-01-20,45.880001068115234,43.33000183105469,34.251583099365234
2009-01-21,44.0,45.4900016784668,35.95903015136719
2009-01-22,44.52000045776367,44.16999816894531,34.91559600830078
2009-01-23,43.040000915527344,44.38999938964844,35.08948516845703
2009-01-26,44.36000061035156,44.88999938964844,35.48472595214844
2009-01-27,45.06999969482422,45.380001068115234,35.87207794189453
2009-01-28,46.25,47.25,37.35026931762695
2009-01-29,46.59000015258789,45.400001525878906,35.887874603271484
2009-01-30,45.7599983215332,44.47999954223633,35.16062545776367
2009-02-02,43.65999984741211,44.84000015258789,35.44520950317383
2009-02-03,45.279998779296875,45.15999984741211,35.698150634765625
2009-02-04,45.209999084472656,44.83000183105469,35.437286376953125
2009-02-05,44.439998626708984,45.349998474121094,35.84834289550781
2009-02-06,45.41999816894531,46.959999084472656,37.121036529541016
2009-02-09,46.790000915527344,46.75,36.95503234863281
2009-02-10,46.38999938964844,44.59000015258789,35.24758529663086
2009-02-11,44.880001068115234,44.7599983215332,35.38197708129883
2009-02-12,44.099998474121094,45.13999938964844,35.68235397338867
2009-02-13,45.08000183105469,44.66999816894531,35.310829162597656
2009-02-17,43.0,42.900001525878906,33.91167449951172
2009-02-18,43.25,42.290000915527344,33.42948913574219
2009-02-19,42.779998779296875,41.70000076293945,32.963111877441406
2009-02-20,40.900001525878906,41.13999938964844,32.52043533325195
2009-02-23,41.380001068115234,39.560001373291016,31.271461486816406
2009-02-24,40.040000915527344,41.02000045776367,32.42555618286133
2009-02-25,40.84000015258789,40.16999816894531,31.753652572631836
2009-02-26,40.59000015258789,39.41999816894531,31.160797119140625
2009-02-27,38.720001220703125,39.150001525878906,30.947385787963867
2009-03-02,38.2599983215332,36.939998626708984,29.200401306152344
2009-03-03,37.43000030517578,36.2400016784668,28.647052764892578
2009-03-04,36.790000915527344,36.9900016784668,29.23992919921875
2009-03-05,36.25,35.02000045776367,27.68267059326172
2009-03-06,35.400001525878906,35.20000076293945,27.824960708618164
2009-03-09,34.72999954223633,34.38999938964844,27.184673309326172
2009-03-10,35.25,36.630001068115234,28.955341339111328
2009-03-11,37.08000183105469,36.68000030517578,28.994882583618164
2009-03-12,36.529998779296875,38.959999084472656,30.797178268432617
2009-03-13,39.33000183105469,39.369998931884766,31.121278762817383
2009-03-16,39.810001373291016,38.65999984741211,30.560033798217773
2009-03-17,38.72999954223633,40.45000076293945,31.9749813079834
2009-03-18,40.2599983215332,41.849998474121094,33.081668853759766
2009-03-19,42.45000076293945,41.40999984741211,32.73386001586914
2009-03-20,41.79999923706055,39.97999954223633,31.603458404541016
2009-03-23,41.34000015258789,43.380001068115234,34.29111099243164
2009-03-24,42.70000076293945,41.560001373291016,32.959556579589844
2009-03-25,41.95000076293945,42.72999954223633,33.88743591308594
2009-03-26,43.31999969482422,44.380001068115234,35.19597244262695
2009-03-27,43.619998931884766,42.88999938964844,34.01433563232422
2009-03-30,41.650001525878906,41.65999984741211,33.03886795043945
2009-03-31,42.16999816894531,42.04999923706055,33.34816360473633
2009-04-01,41.34000015258789,42.779998779296875,33.92707443237305
2009-04-02,44.119998931884766,44.91999816894531,35.62422561645508
2009-04-03,44.86000061035156,45.630001068115234,36.187320709228516
2009-04-06,44.9900016784668,44.849998474121094,35.5687255859375
2009-04-07,44.08000183105469,43.2599983215332,34.307762145996094
2009-04-08,43.5099983215332,44.060001373291016,34.94220733642578
2009-04-09,45.279998779296875,46.63999938964844,36.988304138183594
2009-04-13,46.2599983215332,46.65999984741211,37.004173278808594
2009-04-14,45.959999084472656,45.310001373291016,35.933528900146484
2009-04-15,45.0099983215332,46.0,36.48073959350586
2009-04-16,46.529998779296875,47.33000183105469,37.535518646240234
2009-04-17,47.43000030517578,47.75,37.868595123291016
2009-04-20,46.77000045776367,45.29999923706055,35.92559051513672
2009-04-21,45.060001373291016,46.869998931884766,37.17070388793945
2009-04-22,46.189998626708984,46.86000061035156,37.16277313232422
2009-04-23,47.099998474121094,46.75,37.07551956176758
2009-04-24,47.119998931884766,47.619998931884766,37.76549530029297
2009-04-27,46.84000015258789,47.11000061035156,37.36104965209961
2009-04-28,46.540000915527344,47.18000030517578,37.41657638549805
2009-04-29,47.810001373291016,48.970001220703125,38.83612823486328
2009-04-30,49.75,48.52000045776367,38.479251861572266
2009-05-01,48.650001525878906,48.81999969482422,38.71717071533203
2009-05-04,49.279998779296875,50.599998474121094,40.12882614135742
2009-05-05,50.380001068115234,50.349998474121094,39.9305534362793
2009-05-06,50.93000030517578,50.4900016784668,40.041595458984375
2009-05-07,51.25,49.29999923706055,39.09783172607422
2009-05-08,50.150001525878906,51.0099983215332,40.45396041870117
2009-05-11,50.04999923706055,50.2599983215332,39.85917663574219
2009-05-12,50.540000915527344,49.54999923706055,39.29609680175781
2009-05-13,48.70000076293945,47.279998779296875,37.495845794677734
2009-05-14,47.38999938964844,47.939998626708984,38.0192756652832
2009-05-15,47.880001068115234,47.7599983215332,37.87651824951172
2009-05-18,48.29999923706055,49.36000061035156,39.145423889160156
2009-05-19,49.369998931884766,49.380001068115234,39.161277770996094
2009-05-20,49.83000183105469,48.91999816894531,38.79647445678711
2009-05-21,48.27000045776367,48.290000915527344,38.296844482421875
2009-05-22,48.540000915527344,47.790000915527344,37.90032196044922
2009-05-26,47.369998931884766,50.06999969482422,39.7084846496582
2009-05-27,49.7599983215332,49.099998474121094,38.93922805786133
2009-05-28,49.560001373291016,49.15999984741211,38.986812591552734
2009-05-29,49.38999938964844,50.16999816894531,39.787803649902344
2009-06-01,51.36000061035156,52.130001068115234,41.34219741821289
2009-06-02,51.959999084472656,52.779998779296875,41.85768127441406
2009-06-03,52.310001373291016,52.43000030517578,41.58010482788086
2009-06-04,52.75,53.18000030517578,42.1749153137207
2009-06-05,53.689998626708984,53.20000076293945,42.190765380859375
2009-06-08,52.79999923706055,52.56999969482422,41.691131591796875
2009-06-09,52.84000015258789,52.810001373291016,41.88149642944336
2009-06-10,53.380001068115234,52.599998474121094,41.714935302734375
2009-06-11,52.650001525878906,52.619998931884766,41.73080062866211
2009-06-12,52.279998779296875,52.779998779296875,41.85768127441406
2009-06-15,52.029998779296875,51.36000061035156,40.731536865234375
2009-06-16,51.75,50.5,40.04950714111328
2009-06-17,50.5,50.77000045776367,40.263641357421875
2009-06-18,50.77000045776367,51.0,40.44603729248047
2009-06-19,51.720001220703125,51.310001373291016,40.69188690185547
2009-06-22,50.9900016784668,49.4900016784668,39.248512268066406
2009-06-23,49.7400016784668,49.09000015258789,38.93130874633789
2009-06-24,49.56999969482422,49.619998931884766,39.35160446166992
2009-06-25,49.150001525878906,51.04999923706055,40.485687255859375
2009-06-26,50.790000915527344,51.22999954223633,40.628448486328125
2009-06-29,51.33000183105469,51.22999954223633,40.628448486328125
2009-06-30,51.2400016784668,51.08000183105469,40.50947570800781
2009-07-01,51.349998474121094,51.869998931884766,41.13601303100586
2009-07-02,50.880001068115234,49.90999984741211,39.720191955566406
2009-07-06,49.470001220703125,49.470001220703125,39.37004089355469
2009-07-07,49.369998931884766,48.400001525878906,38.51849365234375
2009-07-08,48.619998931884766,48.06999969482422,38.255863189697266
2009-07-09,48.290000915527344,47.869998931884766,38.096710205078125
2009-07-10,47.59000015258789,48.099998474121094,38.279747009277344
2009-07-13,48.290000915527344,49.2599983215332,39.20291519165039
2009-07-14,49.25,49.54999923706055,39.433719635009766
2009-07-15,50.459999084472656,51.459999084472656,40.953758239746094
2009-07-16,51.279998779296875,52.099998474121094,41.46309280395508
2009-07-17,52.25,51.900001525878906,41.30392837524414
2009-07-20,52.25,52.540000915527344,41.81324768066406
2009-07-21,53.040000915527344,52.45000076293945,41.741634368896484
2009-07-22,52.220001220703125,52.86000061035156,42.06791687011719
2009-07-23,52.880001068115234,54.529998779296875,43.396976470947266
2009-07-24,54.16999816894531,54.810001373291016,43.61981201171875
2009-07-27,54.79999923706055,55.09000015258789,43.84264373779297
2009-07-28,54.7599983215332,55.119998931884766,43.866519927978516
2009-07-29,54.81999969482422,54.84000015258789,43.64368438720703
2009-07-30,55.61000061035156,55.79999923706055,44.407676696777344
2009-07-31,55.58000183105469,55.56999969482422,44.22464370727539
2009-08-03,56.2400016784668,56.540000915527344,44.99661636352539
2009-08-04,56.209999084472656,57.11000061035156,45.45022201538086
2009-08-05,57.16999816894531,56.540000915527344,44.99661636352539
2009-08-06,56.779998779296875,55.75,44.36789321899414
2009-08-07,56.619998931884766,57.09000015258789,45.43431854248047
2009-08-10,56.93000030517578,57.189998626708984,45.51390838623047
2009-08-11,56.970001220703125,56.27000045776367,44.781734466552734
2009-08-12,56.29999923706055,57.119998931884766,45.45819091796875
2009-08-13,57.59000015258789,57.59000015258789,45.83223342895508
2009-08-14,57.5,56.40999984741211,44.89314651489258
2009-08-17,55.2599983215332,54.81999969482422,43.627769470214844
2009-08-18,55.20000076293945,55.54999923706055,44.20872116088867
2009-08-19,54.93000030517578,56.22999954223633,44.749881744384766
2009-08-20,56.11000061035156,56.84000015258789,45.2353515625
2009-08-21,57.439998626708984,58.150001525878906,46.27789306640625
2009-08-24,58.400001525878906,58.130001068115234,46.26199722290039
2009-08-25,58.400001525878906,58.380001068115234,46.46095275878906
2009-08-26,58.29999923706055,58.5099983215332,46.56441116333008
2009-08-27,58.439998626708984,58.41999816894531,46.49279022216797
2009-08-28,59.02000045776367,58.04999923706055,46.19832229614258
2009-08-31,57.459999084472656,57.20000076293945,45.5218620300293
2009-09-01,56.86000061035156,55.91999816894531,44.50318145751953
2009-09-02,55.650001525878906,55.63999938964844,44.28035354614258
2009-09-03,55.91999816894531,56.2599983215332,44.773773193359375
2009-09-04,56.189998626708984,57.04999923706055,45.40248107910156
2009-09-08,57.65999984741211,57.68000030517578,45.90387725830078
2009-09-09,57.68000030517578,58.66999816894531,46.69174575805664
2009-09-10,58.66999816894531,59.400001525878906,47.272701263427734
2009-09-11,59.59000015258789,59.41999816894531,47.28860855102539
2009-09-14,58.97999954223633,60.04999923706055,47.789981842041016
2009-09-15,60.0099983215332,60.540000915527344,48.17994689941406
2009-09-16,60.810001373291016,61.790000915527344,49.17475509643555
2009-09-17,61.7400016784668,61.65999984741211,49.07129669189453
2009-09-18,62.09000015258789,61.90999984741211,49.2702522277832
2009-09-21,61.31999969482422,61.7400016784668,49.13496017456055
2009-09-22,62.029998779296875,62.02000045776367,49.47397994995117
2009-09-23,62.130001068115234,61.43000030517578,49.003318786621094
2009-09-24,61.529998779296875,60.20000076293945,48.02215576171875
2009-09-25,59.90999984741211,59.83000183105469,47.72700500488281
2009-09-28,60.220001220703125,61.2599983215332,48.86771011352539
2009-09-29,61.29999923706055,60.9900016784668,48.65233612060547
2009-09-30,61.119998931884766,60.2400016784668,48.05406188964844
2009-10-01,60.130001068115234,58.439998626708984,46.61819076538086
2009-10-02,57.779998779296875,58.0,46.267189025878906
2009-10-05,58.310001373291016,59.040000915527344,47.09680938720703
2009-10-06,59.52000045776367,60.13999938964844,47.974281311035156
2009-10-07,59.97999954223633,60.15999984741211,47.990238189697266
2009-10-08,60.72999954223633,60.709999084472656,48.428977966308594
2009-10-09,60.849998474121094,61.41999816894531,48.9953498840332
2009-10-12,61.790000915527344,61.43000030517578,49.003318786621094
2009-10-13,61.31999969482422,61.16999816894531,48.79594421386719
2009-10-14,62.06999969482422,62.34000015258789,49.7292366027832
2009-10-15,61.9900016784668,62.29999923706055,49.69733428955078
2009-10-16,61.88999938964844,61.68000030517578,49.2027473449707
2009-10-19,61.880001068115234,62.189998626708984,49.60958480834961
2009-10-20,62.2400016784668,61.33000183105469,48.923561096191406
2009-10-21,61.2400016784668,60.5,48.26145935058594
2009-10-22,60.47999954223633,61.34000015258789,48.93155288696289
2009-10-23,61.470001220703125,60.060001373291016,47.91047286987305
2009-10-26,60.2400016784668,59.52000045776367,47.479698181152344
2009-10-27,59.56999969482422,58.790000915527344,46.89739227294922
2009-10-28,58.59000015258789,56.83000183105469,45.3338737487793
2009-10-29,57.33000183105469,57.90999984741211,46.195396423339844
2009-10-30,57.66999816894531,56.33000183105469,44.93502426147461
2009-11-02,56.630001068115234,56.220001220703125,44.847267150878906
2009-11-03,55.880001068115234,57.06999969482422,45.525325775146484
2009-11-04,57.459999084472656,56.25,44.87118148803711
2009-11-05,56.9900016784668,58.040000915527344,46.29909896850586
2009-11-06,57.43000030517578,58.08000183105469,46.331016540527344
2009-11-09,58.59000015258789,59.220001220703125,47.24039077758789
2009-11-10,59.099998474121094,58.849998474121094,46.945247650146484
2009-11-11,59.29999923706055,59.2599983215332,47.27228546142578
2009-11-12,59.279998779296875,58.16999816894531,46.402809143066406
2009-11-13,58.349998474121094,58.72999954223633,46.84950637817383
2009-11-16,59.119998931884766,60.279998779296875,48.085960388183594
2009-11-17,60.08000183105469,60.279998779296875,48.085960388183594
2009-11-18,60.349998474121094,60.15999984741211,47.990238189697266
2009-11-19,59.560001373291016,58.65999984741211,46.793670654296875
2009-11-20,58.220001220703125,58.59000015258789,46.737831115722656
2009-11-23,59.40999984741211,59.61000061035156,47.55149459838867
2009-11-24,59.619998931884766,59.34000015258789,47.33612060546875
2009-11-25,59.689998626708984,59.33000183105469,47.32815170288086
2009-11-27,57.150001525878906,57.58000183105469,45.93214797973633
2009-11-30,57.650001525878906,58.09000015258789,46.33897399902344
2009-12-01,58.63999938964844,58.9900016784668,47.05692672729492
2009-12-02,59.06999969482422,59.689998626708984,47.615318298339844
2009-12-03,59.97999954223633,58.959999084472656,47.032989501953125
2009-12-04,60.20000076293945,60.41999816894531,48.19763946533203
2009-12-07,60.40999984741211,60.5099983215332,48.26944351196289
2009-12-08,60.13999938964844,60.040000915527344,47.89451217651367
2009-12-09,59.939998626708984,59.849998474121094,47.742950439453125
2009-12-10,60.119998931884766,59.61000061035156,47.55149459838867
2009-12-11,60.029998779296875,60.16999816894531,47.99821853637695
2009-12-14,60.650001525878906,61.08000183105469,48.7241325378418
2009-12-15,60.959999084472656,60.90999984741211,48.588523864746094
2009-12-16,61.29999923706055,61.29999923706055,48.89963150024414
2009-12-17,60.93000030517578,60.619998931884766,48.35719680786133
2009-12-18,61.040000915527344,61.18000030517578,48.80391311645508
2009-12-21,61.630001068115234,61.9900016784668,49.450050354003906
2009-12-22,62.04999923706055,62.56999969482422,49.91271209716797
2009-12-23,62.70000076293945,63.119998931884766,50.555885314941406
2009-12-24,63.290000915527344,63.36000061035156,50.748104095458984
2009-12-28,63.59000015258789,63.2599983215332,50.668006896972656
2009-12-29,63.41999816894531,63.22999954223633,50.64399337768555
2009-12-30,63.040000915527344,63.189998626708984,50.6119384765625
2009-12-31,63.22999954223633,62.439998626708984,50.01123809814453
2010-01-04,63.290000915527344,63.97999954223633,51.244693756103516
2010-01-05,63.880001068115234,63.7599983215332,51.068485260009766
2010-01-06,63.7599983215332,63.70000076293945,51.02043533325195
2010-01-07,63.7400016784668,64.16999816894531,51.39688491821289
2010-01-08,63.939998626708984,64.5199966430664,51.67720413208008
2010-01-11,64.77999877929688,64.26000213623047,51.46895217895508
2010-01-12,63.86000061035156,63.560001373291016,50.90830612182617
2010-01-13,63.779998779296875,64.37999725341797,51.56508255004883
2010-01-14,64.13999938964844,64.62000274658203,51.757301330566406
2010-01-15,64.6500015258789,63.68000030517578,51.00441360473633
2010-01-19,63.91999816894531,64.8499984741211,51.94150924682617
2010-01-20,64.38999938964844,63.90999984741211,51.188636779785156
2010-01-21,63.959999084472656,62.86000061035156,50.34762954711914
2010-01-22,62.7599983215332,61.72999954223633,49.44256591796875
2010-01-25,62.08000183105469,61.79999923706055,49.49863815307617
2010-01-26,61.56999969482422,61.189998626708984,49.01003646850586
2010-01-27,60.91999816894531,61.84000015258789,49.53065872192383
2010-01-28,61.959999084472656,60.779998779296875,48.681663513183594
2010-01-29,61.029998779296875,60.11000061035156,48.145015716552734
2010-02-01,60.38999938964844,60.81999969482422,48.71369934082031
2010-02-02,60.93000030517578,61.4900016784668,49.250328063964844
2010-02-03,61.20000076293945,61.08000183105469,48.92195129394531
2010-02-04,60.65999984741211,59.040000915527344,47.28801727294922
2010-02-05,59.16999816894531,59.27000045776367,47.47222900390625
2010-02-08,59.08000183105469,58.68000030517578,46.99968338012695
2010-02-09,59.380001068115234,59.4900016784668,47.6484375
2010-02-10,59.310001373291016,59.630001068115234,47.760589599609375
2010-02-11,59.459999084472656,60.58000183105469,48.521484375
2010-02-12,60.0,61.02000045776367,48.873897552490234
2010-02-16,61.65999984741211,62.04999923706055,49.698875427246094
2010-02-17,62.36000061035156,62.470001220703125,50.035282135009766
2010-02-18,62.470001220703125,62.97999954223633,50.44375991821289
2010-02-19,62.7400016784668,63.060001373291016,50.50783157348633
2010-02-22,63.41999816894531,63.25,50.66000747680664
2010-02-23,63.15999984741211,62.5099983215332,50.06730651855469
2010-02-24,62.7400016784668,63.040000915527344,50.491798400878906
2010-02-25,62.18000030517578,63.060001373291016,50.50783157348633
2010-02-26,63.15999984741211,62.79999923706055,50.29958724975586
2010-03-01,63.2599983215332,64.26000213623047,51.46895217895508
2010-03-02,64.5,64.75,51.861427307128906
2010-03-03,65.06999969482422,65.12000274658203,52.15778732299805
2010-03-04,65.13999938964844,65.29000091552734,52.293941497802734
2010-03-05,65.70999908447266,66.62000274658203,53.359214782714844
2010-03-08,66.63999938964844,66.73999786376953,53.4553108215332
2010-03-09,66.55000305175781,66.9800033569336,53.64754867553711
2010-03-10,67.04000091552734,67.55000305175781,54.10408401489258
2010-03-11,67.13999938964844,67.75,54.26427459716797
2010-03-12,68.0999984741211,67.72000122070312,54.24024200439453
2010-03-15,67.68000030517578,67.48999786376953,54.0560302734375
2010-03-16,67.83000183105469,68.06999969482422,54.52055740356445
2010-03-17,68.22000122070312,68.47000122070312,54.840965270996094
2010-03-18,68.44000244140625,68.26000213623047,54.67275619506836
2010-03-19,67.41000366210938,67.41000366210938,53.99195861816406
2010-03-22,66.93000030517578,68.36000061035156,54.75285339355469
2010-03-23,68.41999816894531,69.2300033569336,55.449684143066406
2010-03-24,68.68000030517578,68.2699966430664,54.81696701049805
2010-03-25,68.87000274658203,67.83999633789062,54.4716911315918
2010-03-26,68.12000274658203,67.80999755859375,54.44761276245117
2010-03-29,68.11000061035156,68.18000030517578,54.74470520019531
2010-03-30,68.29000091552734,68.38999938964844,54.913299560546875
2010-03-31,68.12999725341797,67.80000305175781,54.439579010009766
2010-04-01,68.33000183105469,68.43000030517578,54.94544219970703
2010-04-05,68.61000061035156,69.70999908447266,55.973182678222656
2010-04-06,69.47000122070312,70.12000274658203,56.302406311035156
2010-04-07,70.04000091552734,69.9000015258789,56.12577438354492
2010-04-08,69.69999694824219,69.83000183105469,56.06956100463867
2010-04-09,69.94000244140625,70.25,56.40677261352539
2010-04-12,70.27999877929688,70.54000091552734,56.6396369934082
2010-04-13,70.38999938964844,70.69999694824219,56.76811599731445
2010-04-14,71.11000061035156,72.20999908447266,57.9805908203125
2010-04-15,72.18000030517578,72.43000030517578,58.15721893310547
2010-04-16,72.23999786376953,71.45999908447266,57.37836837768555
2010-04-19,71.05999755859375,71.11000061035156,57.097312927246094
2010-04-20,71.48999786376953,72.08000183105469,57.87617874145508
2010-04-21,72.19999694824219,72.58000183105469,58.27766799926758
2010-04-22,71.83999633789062,73.3499984741211,58.89588928222656
2010-04-23,73.48999786376953,74.12999725341797,59.52219772338867
2010-04-26,74.16999816894531,73.8499984741211,59.29738998413086
2010-04-27,73.55000305175781,72.16000366210938,57.940425872802734
2010-04-28,72.56999969482422,72.27999877929688,58.03675842285156
2010-04-29,72.81999969482422,73.80999755859375,59.265235900878906
2010-04-30,73.80000305175781,71.6500015258789,57.53091049194336
2010-05-03,72.0999984741211,73.26000213623047,58.82365036010742
2010-05-04,72.19000244140625,70.95999908447266,56.97686004638672
2010-05-05,70.37999725341797,69.91999816894531,56.141807556152344
2010-05-06,69.41999816894531,67.30000305175781,54.038116455078125
2010-05-07,66.70999908447266,65.36000061035156,52.48040008544922
2010-05-10,68.55000305175781,69.02999877929688,55.42721176147461
2010-05-11,68.20999908447266,69.48999786376953,55.79655075073242
2010-05-12,69.8499984741211,71.62000274658203,57.50682067871094
2010-05-13,71.45999908447266,70.93000030517578,56.95279312133789
2010-05-14,70.47000122070312,69.55999755859375,55.85273742675781
2010-05-17,70.0,69.69000244140625,55.95714569091797
2010-05-18,70.5999984741211,68.3499984741211,54.88119888305664
2010-05-19,68.04000091552734,67.54000091552734,54.230812072753906
2010-05-20,65.7699966430664,64.12000274658203,51.4847526550293
2010-05-21,63.06999969482422,65.06999969482422,52.247535705566406
2010-05-24,64.80000305175781,64.19999694824219,51.548980712890625
2010-05-25,62.79999923706055,64.19000244140625,51.54095458984375
2010-05-26,64.44000244140625,64.3499984741211,51.66941833496094
2010-05-27,65.95999908447266,67.11000061035156,53.885562896728516
2010-05-28,66.91000366210938,66.25,53.195045471191406
2010-06-01,65.5999984741211,64.23999786376953,51.58110046386719
2010-06-02,64.62999725341797,66.06999969482422,53.050479888916016
2010-06-03,66.19999694824219,66.91999816894531,53.73298645019531
2010-06-04,65.11000061035156,63.560001373291016,51.035099029541016
2010-06-07,63.84000015258789,61.91999816894531,49.718257904052734
2010-06-08,62.11000061035156,61.88999938964844,49.69418716430664
2010-06-09,62.369998931884766,61.93000030517578,49.72629165649414
2010-06-10,63.029998779296875,64.06999969482422,51.44459533691406
2010-06-11,63.290000915527344,64.94000244140625,52.14316940307617
2010-06-14,65.80000305175781,65.3499984741211,52.47236251831055
2010-06-15,65.91999816894531,66.98999786376953,53.789207458496094
2010-06-16,66.4000015258789,66.68000030517578,53.54026412963867
2010-06-17,67.08000183105469,66.76000213623047,53.604522705078125
2010-06-18,66.97000122070312,66.80000305175781,53.63664245605469
2010-06-21,67.87000274658203,66.11000061035156,53.082611083984375
2010-06-22,66.36000061035156,64.75,51.9906005859375
2010-06-23,64.58000183105469,64.56999969482422,51.8460693359375
2010-06-24,64.02999877929688,63.540000915527344,51.01902770996094
2010-06-25,63.779998779296875,64.62999725341797,51.89425277709961
2010-06-28,64.58999633789062,64.26000213623047,51.5971565246582
2010-06-29,63.220001220703125,61.83000183105469,49.646018981933594
2010-06-30,61.630001068115234,61.119998931884766,49.07592010498047
2010-07-01,61.20000076293945,60.68000030517578,48.72261047363281
2010-07-02,60.75,59.81999969482422,48.19015884399414
2010-07-06,60.86000061035156,59.040000915527344,47.56177520751953
2010-07-07,59.220001220703125,61.099998474121094,49.22126770019531
2010-07-08,61.77000045776367,61.97999954223633,49.9301872253418
2010-07-09,61.97999954223633,62.939998626708984,50.70356750488281
2010-07-12,62.7599983215332,62.22999954223633,50.131591796875
2010-07-13,63.08000183105469,64.19999694824219,51.718597412109375
2010-07-14,64.0199966430664,63.970001220703125,51.533321380615234
2010-07-15,64.0999984741211,63.380001068115234,51.058006286621094
2010-07-16,62.90999984741211,61.06999969482422,49.197113037109375
2010-07-19,61.27000045776367,61.33000183105469,49.40657424926758
2010-07-20,60.45000076293945,62.36000061035156,50.236324310302734
2010-07-21,62.849998474121094,61.2400016784668,49.334049224853516
2010-07-22,62.18000030517578,63.41999816894531,51.09023666381836
2010-07-23,63.11000061035156,64.9800033569336,52.34696960449219
2010-07-26,65.26000213623047,66.45999908447266,53.53921127319336
2010-07-27,67.05999755859375,66.22000122070312,53.34589767456055
2010-07-28,66.12999725341797,65.1500015258789,52.483909606933594
2010-07-29,65.70999908447266,64.9800033569336,52.34696960449219
2010-07-30,64.0999984741211,65.0199966430664,52.3791618347168
2010-08-02,66.16999816894531,66.1500015258789,53.28949737548828
2010-08-03,65.93000030517578,65.62000274658203,52.862525939941406
2010-08-04,65.9800033569336,66.30999755859375,53.41837692260742
2010-08-05,65.66000366210938,65.52999877929688,52.790016174316406
2010-08-06,64.44999694824219,65.13999938964844,52.475830078125
2010-08-09,65.62000274658203,65.86000061035156,53.05587387084961
2010-08-10,65.20999908447266,64.62000274658203,52.05693817138672
2010-08-11,63.33000183105469,62.08000183105469,50.01075744628906
2010-08-12,60.849998474121094,61.77000045776367,49.76102828979492
2010-08-13,61.5,61.06999969482422,49.197113037109375
2010-08-16,60.63999938964844,61.560001373291016,49.59183883666992
2010-08-17,62.220001220703125,62.619998931884766,50.445770263671875
2010-08-18,62.54999923706055,62.810001373291016,50.59883117675781
2010-08-19,62.59000015258789,61.09000015258789,49.21323013305664
2010-08-20,60.869998931884766,61.150001525878906,49.261566162109375
2010-08-23,61.599998474121094,60.31999969482422,48.592918395996094
2010-08-24,59.36000061035156,59.630001068115234,48.03706741333008
2010-08-25,59.13999938964844,60.529998779296875,48.76210021972656
2010-08-26,60.75,60.08000183105469,48.39958572387695
2010-08-27,60.77000045776367,61.650001525878906,49.66433334350586
2010-08-30,61.349998474121094,60.29999923706055,48.57680892944336
2010-08-31,60.150001525878906,60.18000030517578,48.48013687133789
2010-09-01,61.22999954223633,62.5099983215332,50.357147216796875
2010-09-02,62.4900016784668,63.20000076293945,50.91299057006836
2010-09-03,64.16000366210938,64.33000183105469,51.823326110839844
2010-09-07,64.12999725341797,63.11000061035156,50.840511322021484
2010-09-08,63.2599983215332,63.47999954223633,51.138572692871094
2010-09-09,64.44999694824219,63.52000045776367,51.170799255371094
2010-09-10,63.7599983215332,63.720001220703125,51.331912994384766
2010-09-13,64.44999694824219,65.2699966430664,52.58055877685547
2010-09-14,65.12999725341797,64.98999786376953,52.35499954223633
2010-09-15,64.80999755859375,65.36000061035156,52.653079986572266
2010-09-16,65.19999694824219,64.94000244140625,52.31473159790039
2010-09-17,65.4000015258789,65.20999908447266,52.53224182128906
2010-09-20,65.41999816894531,67.0199966430664,53.99032974243164
2010-09-21,67.0199966430664,66.62999725341797,53.67616653442383
2010-09-22,66.44999694824219,65.83999633789062,53.039756774902344
2010-09-23,65.1500015258789,64.87999725341797,52.3977165222168
2010-09-24,65.79000091552734,66.98999786376953,54.10175704956055
2010-09-27,67.01000213623047,66.81999969482422,53.964447021484375
2010-09-28,66.97000122070312,67.4800033569336,54.49750900268555
2010-09-29,67.37999725341797,67.66999816894531,54.650943756103516
2010-09-30,68.16999816894531,67.5,54.513641357421875
2010-10-01,68.13999938964844,67.86000061035156,54.80439758300781
2010-10-04,67.68000030517578,66.94000244140625,54.06136703491211
2010-10-05,67.68000030517578,68.83999633789062,55.595848083496094
2010-10-06,68.77999877929688,68.61000061035156,55.41007995605469
2010-10-07,69.0199966430664,68.41000366210938,55.24856185913086
2010-10-08,68.51000213623047,69.27999877929688,55.95117950439453
2010-10-11,69.33999633789062,69.33999633789062,55.99965286254883
2010-10-12,69.16000366210938,69.5199966430664,56.14501953125
2010-10-13,69.98999786376953,70.58000183105469,57.001068115234375
2010-10-14,70.62999725341797,70.52999877929688,56.960697174072266
2010-10-15,71.13999938964844,70.29000091552734,56.76687240600586
2010-10-18,70.55999755859375,70.87999725341797,57.243343353271484
2010-10-19,70.04000091552734,69.5,56.12886428833008
2010-10-20,69.83999633789062,70.20999908447266,56.702266693115234
2010-10-21,70.55999755859375,69.87000274658203,56.42768096923828
2010-10-22,70.04000091552734,70.31999969482422,56.79109573364258
2010-10-25,70.83999633789062,70.73999786376953,57.130287170410156
2010-10-26,70.36000061035156,70.69000244140625,57.08991241455078
2010-10-27,70.20999908447266,70.51000213623047,56.94455337524414
2010-10-28,71.05999755859375,70.08000183105469,56.59727478027344
2010-10-29,69.87999725341797,70.30000305175781,56.77495193481445
2010-11-01,70.66000366210938,69.81999969482422,56.387306213378906
2010-11-02,70.66999816894531,71.2699966430664,57.55833053588867
2010-11-03,71.36000061035156,71.55000305175781,57.784427642822266
2010-11-04,72.86000061035156,73.36000061035156,59.246246337890625
2010-11-05,73.44999694824219,73.7699966430664,59.57735061645508
2010-11-08,73.52999877929688,73.70999908447266,59.528907775878906
2010-11-09,73.91000366210938,72.7300033569336,58.73744583129883
2010-11-10,72.83000183105469,73.54000091552734,59.39162063598633
2010-11-11,72.7300033569336,73.25,59.15739440917969
2010-11-12,72.52999877929688,72.02999877929688,58.17209243774414
2010-11-15,72.37999725341797,72.04000091552734,58.180171966552734
2010-11-16,71.5,70.63999938964844,57.049564361572266
2010-11-17,70.80000305175781,70.83000183105469,57.202980041503906
2010-11-18,71.66999816894531,72.20999908447266,58.31748580932617
2010-11-19,72.0,72.44999694824219,58.51131057739258
2010-11-22,72.16999816894531,72.80000305175781,58.7939567565918
2010-11-23,71.91999816894531,72.11000061035156,58.23670959472656
2010-11-24,72.76000213623047,73.7300033569336,59.545074462890625
2010-11-26,73.27999877929688,73.22000122070312,59.13315963745117
2010-11-29,72.94999694824219,73.33000183105469,59.222015380859375
2010-11-30,72.4800033569336,72.75,58.75357437133789
2010-12-01,74.12000274658203,74.37999725341797,60.06998825073242
2010-12-02,74.47000122070312,75.12999725341797,60.675716400146484
2010-12-03,74.83000183105469,75.66999816894531,61.111820220947266
2010-12-06,75.63999938964844,76.13999938964844,61.49138259887695
2010-12-07,77.05999755859375,76.58000183105469,61.846717834472656
2010-12-08,76.75,76.52999877929688,61.80634307861328
2010-12-09,77.08000183105469,76.79000091552734,62.01634979248047
2010-12-10,77.05000305175781,77.75,62.791622161865234
2010-12-13,78.05999755859375,77.3499984741211,62.46857452392578
2010-12-14,77.70999908447266,77.30999755859375,62.4362907409668
2010-12-15,77.25,77.06999969482422,62.242496490478516
2010-12-16,77.18000030517578,77.77999877929688,62.81586456298828
2010-12-17,77.86000061035156,78.0199966430664,63.00970458984375
2010-12-20,78.30999755859375,78.33000183105469,63.260040283203125
2010-12-21,78.6500015258789,79.19999694824219,63.962684631347656
2010-12-22,79.02999877929688,78.81999969482422,63.94401168823242
2010-12-23,78.95999908447266,78.72000122070312,63.86289596557617
2010-12-27,78.47000122070312,78.95999908447266,64.05756378173828
2010-12-28,79.11000061035156,78.73999786376953,63.87911605834961
2010-12-29,78.8499984741211,78.91000366210938,64.01701354980469
2010-12-30,78.83999633789062,78.76000213623047,63.895347595214844
2010-12-31,78.66999816894531,78.23999786376953,63.47347640991211
2011-01-03,78.94000244140625,79.5999984741211,64.57681274414062
2011-01-04,79.83999633789062,78.41999816894531,63.61952590942383
2011-01-05,78.4000015258789,79.33999633789062,64.3658676147461
2011-01-06,79.4000015258789,78.97000122070312,64.06574249267578
2011-01-07,79.23999786376953,78.5199966430664,63.700626373291016
2011-01-10,78.23999786376953,78.97000122070312,64.06574249267578
2011-01-11,79.36000061035156,79.29000091552734,64.32534790039062
2011-01-12,79.94000244140625,79.97000122070312,64.87698364257812
2011-01-13,79.98999786376953,79.94000244140625,64.85267639160156
2011-01-14,79.86000061035156,80.54000091552734,65.3393783569336
2011-01-18,80.29000091552734,80.5999984741211,65.38807678222656
2011-01-19,80.56999969482422,78.52999877929688,63.70871353149414
2011-01-20,78.13999938964844,77.70999908447266,63.04349136352539
2011-01-21,78.20999908447266,77.19000244140625,62.621646881103516
2011-01-24,77.19999694824219,77.76000213623047,63.0840950012207
2011-01-25,77.30999755859375,77.87999725341797,63.18143844604492
2011-01-26,78.0,79.12000274658203,64.18739318847656
2011-01-27,79.12000274658203,79.3499984741211,64.37398529052734
2011-01-28,79.30999755859375,77.41000366210938,62.80012512207031
2011-01-31,77.87000274658203,77.94999694824219,63.23823165893555
2011-02-01,78.58000183105469,79.75,64.69847106933594
2011-02-02,79.58999633789062,79.44999694824219,64.45511627197266
2011-02-03,79.38999938964844,79.7300033569336,64.6822738647461
2011-02-04,79.5999984741211,79.87000274658203,64.79585266113281
2011-02-07,79.9800033569336,80.66000366210938,65.436767578125
2011-02-08,80.66000366210938,81.2300033569336,65.899169921875
2011-02-09,81.01000213623047,80.87000274658203,65.60710144042969
2011-02-10,80.33000183105469,81.19000244140625,65.8667221069336
2011-02-11,80.88999938964844,82.06999969482422,66.58062744140625
2011-02-14,82.11000061035156,82.48999786376953,66.92135620117188
2011-02-15,82.2699966430664,82.0199966430664,66.54003143310547
2011-02-16,82.20999908447266,82.68000030517578,67.07550811767578
2011-02-17,82.5999984741211,83.26000213623047,67.54602813720703
2011-02-18,83.44999694824219,83.3499984741211,67.6190414428711
2011-02-22,82.7300033569336,81.20999908447266,65.8829116821289
2011-02-23,81.37000274658203,79.80999755859375,64.7471694946289
2011-02-24,79.95999908447266,80.31999969482422,65.16089630126953
2011-02-25,80.69999694824219,82.18000030517578,66.66988372802734
2011-02-28,82.6500015258789,82.2699966430664,66.74287414550781
2011-03-01,82.58000183105469,80.62000274658203,65.40430450439453
2011-03-02,80.52999877929688,80.95999908447266,65.68012237548828
2011-03-03,81.7699966430664,82.80000305175781,67.17285919189453
2011-03-04,82.79000091552734,82.44000244140625,66.88082122802734
2011-03-07,82.76000213623047,81.08999633789062,65.78557586669922
2011-03-08,81.16000366210938,82.41000366210938,66.85646057128906
2011-03-09,82.25,82.08000183105469,66.58871459960938
2011-03-10,81.0,79.97000122070312,64.87698364257812
2011-03-11,79.33999633789062,80.18000030517578,65.04730987548828
2011-03-14,79.33999633789062,79.75,64.69847106933594
2011-03-15,77.95999908447266,79.04000091552734,64.1225357055664
2011-03-16,78.68000030517578,78.25,63.48161697387695
2011-03-17,79.33000183105469,78.41999816894531,63.61952590942383
2011-03-18,79.33000183105469,79.45999908447266,64.46320343017578
2011-03-21,80.4800033569336,81.30000305175781,65.95594024658203
2011-03-22,81.41999816894531,80.87000274658203,65.60710144042969
2011-03-23,80.69000244140625,81.12000274658203,65.80992126464844
2011-03-24,81.48999786376953,81.51000213623047,66.264404296875
2011-03-25,81.9800033569336,82.22000122070312,66.84156799316406
2011-03-28,82.48999786376953,82.04000091552734,66.69525909423828
2011-03-29,82.08999633789062,82.80999755859375,67.32122802734375
2011-03-30,83.16999816894531,83.87999725341797,68.19112396240234
2011-03-31,83.80000305175781,84.16999816894531,68.4268569946289
2011-04-01,84.7699966430664,84.54000091552734,68.72765350341797
2011-04-04,84.76000213623047,84.7300033569336,68.8821029663086
2011-04-05,84.68000030517578,85.19000244140625,69.2560806274414
2011-04-06,85.62999725341797,85.37999725341797,69.41055297851562
2011-04-07,85.45999908447266,84.87000274658203,68.99593353271484
2011-04-08,85.25,83.9800033569336,68.27236938476562
2011-04-11,84.0199966430664,83.2300033569336,67.66266632080078
2011-04-12,82.79000091552734,82.13999938964844,66.77652740478516
2011-04-13,82.6500015258789,82.25,66.86595916748047
2011-04-14,81.58999633789062,82.62999725341797,67.17494201660156
2011-04-15,82.66000366210938,83.51000213623047,67.89033508300781
2011-04-18,82.25,82.12999725341797,66.76839447021484
2011-04-19,82.41000366210938,82.1500015258789,66.78466033935547
2011-04-20,83.5,83.83000183105469,68.15040588378906
2011-04-21,84.33999633789062,84.44999694824219,68.65447998046875
2011-04-25,84.37000274658203,84.33999633789062,68.5650405883789
2011-04-26,84.52999877929688,85.18000030517578,69.24796295166016
2011-04-27,85.2300033569336,85.69000244140625,69.66252136230469
2011-04-28,85.5999984741211,86.08000183105469,69.97959899902344
2011-04-29,86.19000244140625,86.38999938964844,70.23162078857422
2011-05-02,86.77999877929688,85.37999725341797,69.41055297851562
2011-05-03,85.29000091552734,84.30000305175781,68.53253173828125
2011-05-04,84.41999816894531,83.20999908447266,67.64640045166016
2011-05-05,82.63999938964844,82.83000183105469,67.3375015258789
2011-05-06,83.76000213623047,83.2699966430664,67.69518280029297
2011-05-09,83.16999816894531,84.23999786376953,68.48371887207031
2011-05-10,84.66999816894531,85.52999877929688,69.53246307373047
2011-05-11,85.23999786376953,83.94999694824219,68.24799346923828
2011-05-12,83.47000122070312,84.69000244140625,68.849609375
2011-05-13,84.76000213623047,83.51000213623047,67.89033508300781
2011-05-16,82.95999908447266,82.29000091552734,66.89849090576172
2011-05-17,81.62999725341797,82.02999877929688,66.68710327148438
2011-05-18,82.12999725341797,83.29000091552734,67.71144104003906
2011-05-19,83.86000061035156,83.47000122070312,67.85777282714844
2011-05-20,83.25,82.86000061035156,67.36187744140625
2011-05-23,81.41999816894531,81.37000274658203,66.15055847167969
2011-05-24,81.58999633789062,80.9800033569336,65.83348083496094
2011-05-25,80.7699966430664,82.0,66.66272735595703
2011-05-26,81.69999694824219,83.08000183105469,67.54070281982422
2011-05-27,83.45999908447266,83.6500015258789,68.00411987304688
2011-05-31,84.61000061035156,84.83999633789062,68.97154235839844
2011-06-01,84.70999908447266,82.11000061035156,66.75212097167969
2011-06-02,82.31999969482422,82.08000183105469,66.72775268554688
2011-06-03,80.80999755859375,80.87999725341797,65.75220489501953
2011-06-06,80.75,79.55000305175781,64.67097473144531
2011-06-07,80.04000091552734,79.73999786376953,64.82542419433594
2011-06-08,79.47000122070312,78.8499984741211,64.10186767578125
2011-06-09,79.08000183105469,79.2699966430664,64.443359375
2011-06-10,78.77999877929688,78.0,63.41090393066406
2011-06-13,78.2300033569336,77.77999877929688,63.23203659057617
2011-06-14,78.44000244140625,79.44999694824219,64.58968353271484
2011-06-15,78.5999984741211,78.02999877929688,63.435264587402344
2011-06-16,78.08999633789062,78.20999908447266,63.581607818603516
2011-06-17,78.98999786376953,78.2300033569336,63.59786605834961
2011-06-20,77.95999908447266,78.94999694824219,64.18318939208984
2011-06-21,79.58000183105469,80.66000366210938,65.57334899902344
2011-06-22,80.22000122070312,80.04000091552734,65.06929779052734
2011-06-23,79.12999725341797,80.3499984741211,65.32135772705078
2011-06-24,80.62999725341797,79.94000244140625,64.98805236816406
2011-06-27,79.91000366210938,80.55999755859375,65.49207305908203
2011-06-28,80.83000183105469,81.80999755859375,66.50827026367188
2011-06-29,82.0999984741211,82.19999694824219,66.82530975341797
2011-06-30,82.41000366210938,82.80000305175781,67.3130874633789
2011-07-01,82.87999725341797,84.08999633789062,68.36180877685547
2011-07-05,83.93000030517578,84.04000091552734,68.52655029296875
2011-07-06,83.91000366210938,84.37999725341797,68.80374145507812
2011-07-07,85.20999908447266,85.6500015258789,69.83930969238281
2011-07-08,84.62000274658203,85.12999725341797,69.41531372070312
2011-07-11,84.05999755859375,83.31999969482422,67.93943786621094
2011-07-12,82.87999725341797,82.8499984741211,67.5561752319336
2011-07-13,83.37999725341797,83.58999633789062,68.15957641601562
2011-07-14,83.75,82.26000213623047,67.0750961303711
2011-07-15,82.61000061035156,82.80999755859375,67.52356719970703
2011-07-18,82.44000244140625,81.4800033569336,66.43909454345703
2011-07-19,82.2300033569336,83.31999969482422,67.93943786621094
2011-07-20,83.3499984741211,83.18000030517578,67.82528686523438
2011-07-21,83.44000244140625,83.94000244140625,68.44498443603516
2011-07-22,83.8499984741211,84.05000305175781,68.53469848632812
2011-07-25,83.0199966430664,83.05999755859375,67.72740936279297
2011-07-26,82.87999725341797,82.43000030517578,67.21370697021484
2011-07-27,81.88999938964844,79.97000122070312,65.20784759521484
2011-07-28,79.95999908447266,79.83999633789062,65.10183715820312
2011-07-29,78.72000122070312,79.73999786376953,65.02030181884766
2011-08-01,80.69000244140625,79.22000122070312,64.5962905883789
2011-08-02,78.91999816894531,76.75,62.582237243652344
2011-08-03,76.69000244140625,77.26000213623047,62.99808883666992
2011-08-04,76.06999969482422,72.5999984741211,59.19829559326172
2011-08-05,73.5199966430664,71.33000183105469,58.16276931762695
2011-08-08,69.01000213623047,65.12000274658203,53.099090576171875
2011-08-09,66.91999816894531,69.45999908447266,56.637939453125
2011-08-10,67.3499984741211,66.05999755859375,53.86555862426758
2011-08-11,66.51000213623047,69.36000061035156,56.5563850402832
2011-08-12,69.98999786376953,69.79000091552734,56.90702438354492
2011-08-15,70.58000183105469,71.76000213623047,58.51337432861328
2011-08-16,70.58999633789062,70.44000244140625,57.4370231628418
2011-08-17,70.97000122070312,70.45999908447266,57.45333480834961
2011-08-18,68.05999755859375,66.44999694824219,54.183563232421875
2011-08-19,65.01000213623047,65.27999877929688,53.229549407958984
2011-08-22,67.12000274658203,65.05000305175781,53.04200744628906
2011-08-23,65.45999908447266,68.19000244140625,55.60237121582031
2011-08-24,68.12000274658203,69.19999694824219,56.42595672607422
2011-08-25,69.9800033569336,67.5,55.039730072021484
2011-08-26,67.26000213623047,69.11000061035156,56.35257339477539
2011-08-29,70.06999969482422,72.37999725341797,59.018917083740234
2011-08-30,71.9000015258789,72.80000305175781,59.361366271972656
2011-08-31,73.19999694824219,72.6500015258789,59.23905563354492
2011-09-01,72.69999694824219,71.08999633789062,57.96705627441406
2011-09-02,69.36000061035156,68.45999908447266,55.822532653808594
2011-09-06,65.93000030517578,68.2699966430664,55.66761016845703
2011-09-07,69.4000015258789,70.8499984741211,57.771358489990234
2011-09-08,70.33999633789062,69.55000305175781,56.71133041381836
2011-09-09,68.69999694824219,67.5,55.039730072021484
2011-09-12,66.37999725341797,68.08000183105469,55.512691497802734
2011-09-13,68.54000091552734,69.18000030517578,56.40961837768555
2011-09-14,69.83999633789062,70.41999816894531,57.420719146728516
2011-09-15,71.06999969482422,71.41000366210938,58.22799301147461
2011-09-16,71.6500015258789,71.5199966430664,58.317649841308594
2011-09-19,70.0999984741211,70.23999786376953,57.273963928222656
2011-09-20,70.48999786376953,69.1500015258789,56.38518142700195
2011-09-21,69.04000091552734,66.58999633789062,54.29774475097656
2011-09-22,64.30000305175781,64.7300033569336,52.78108215332031
2011-09-23,64.25,65.13999938964844,53.32132339477539
2011-09-26,65.83999633789062,66.37000274658203,54.328163146972656
2011-09-27,67.8499984741211,67.80000305175781,55.49870681762695
2011-09-28,67.79000091552734,65.19999694824219,53.370445251464844
2011-09-29,66.7300033569336,66.33000183105469,54.29542922973633
2011-09-30,65.1500015258789,64.30000305175781,52.63374328613281
2011-10-03,63.810001373291016,60.9900016784668,49.92429733276367
2011-10-04,60.31999969482422,64.79000091552734,53.03482437133789
2011-10-05,64.77999877929688,65.68000030517578,53.76335525512695
2011-10-06,65.51000213623047,67.13999938964844,54.958465576171875
2011-10-07,67.37999725341797,65.5,53.61601638793945
2011-10-10,66.97000122070312,68.37000274658203,55.96529769897461
2011-10-11,67.72000122070312,68.83999633789062,56.350032806396484
2011-10-12,69.37000274658203,69.81999969482422,57.15223693847656
2011-10-13,69.41999816894531,69.76000213623047,57.10309600830078
2011-10-14,70.58000183105469,71.13999938964844,58.23272705078125
2011-10-17,70.51000213623047,68.9800033569336,56.464622497558594
2011-10-18,69.20999908447266,70.80999755859375,57.962589263916016
2011-10-19,70.61000061035156,69.43000030517578,56.83297348022461
2011-10-20,69.55999755859375,69.62000274658203,56.98849868774414
2011-10-21,70.56999969482422,71.12999725341797,58.22456359863281
2011-10-24,71.44999694824219,73.41999816894531,60.09907150268555
2011-10-25,72.88999938964844,71.36000061035156,58.41279602050781
2011-10-26,72.5999984741211,72.58999633789062,59.41961669921875
2011-10-27,75.29000091552734,76.41999816894531,62.554744720458984
2011-10-28,76.30000305175781,76.02999877929688,62.23549270629883
2011-10-31,74.8499984741211,74.01000213623047,60.5820198059082
2011-11-01,71.18000030517578,71.38999938964844,58.437374114990234
2011-11-02,72.62000274658203,73.1500015258789,59.8780517578125
2011-11-03,74.2699966430664,74.97000122070312,61.36783218383789
2011-11-04,74.18000030517578,74.5999984741211,61.06495666503906
2011-11-07,74.5,74.44999694824219,60.94217300415039
2011-11-08,75.13999938964844,75.54000091552734,61.83437728881836
2011-11-09,73.31999969482422,71.94000244140625,58.88759231567383
2011-11-10,73.12000274658203,72.47000122070312,59.321414947509766
2011-11-11,73.33999633789062,74.37999725341797,60.88487243652344
2011-11-14,74.0999984741211,73.30999755859375,60.00899887084961
2011-11-15,72.91999816894531,74.23999786376953,60.770259857177734
2011-11-16,73.47000122070312,73.04000091552734,59.78799819946289
2011-11-17,72.94999694824219,72.0,58.93668746948242
2011-11-18,72.25,71.9800033569336,58.920326232910156
2011-11-21,70.54000091552734,70.26000213623047,57.512367248535156
2011-11-22,70.12999725341797,69.66999816894531,57.02943420410156
2011-11-23,68.9000015258789,67.4800033569336,55.236785888671875
2011-11-25,67.05000305175781,66.62000274658203,54.53281021118164
2011-11-28,69.08999633789062,69.79000091552734,57.127662658691406
2011-11-29,69.83999633789062,69.66000366210938,57.02123260498047
2011-11-30,72.55999755859375,73.7300033569336,60.352821350097656
2011-12-01,73.47000122070312,73.19999694824219,59.918968200683594
2011-12-02,74.08999633789062,73.5,60.16453552246094
2011-12-05,74.94000244140625,74.76000213623047,61.1959228515625
2011-12-06,74.80999755859375,74.83000183105469,61.25325012207031
2011-12-07,74.27999877929688,74.68000030517578,61.13044738769531
2011-12-08,73.9000015258789,72.36000061035156,59.23136901855469
2011-12-09,72.5,74.54000091552734,61.01583480834961
2011-12-12,73.48999786376953,73.47000122070312,60.13997268676758
2011-12-13,74.2300033569336,71.94000244140625,58.88759231567383
2011-12-14,71.25,71.04000091552734,58.150856018066406
2011-12-15,72.05999755859375,71.69999694824219,58.69110870361328
2011-12-16,72.27999877929688,72.26000213623047,59.14952087402344
2011-12-19,72.93000030517578,71.01000213623047,58.12632751464844
2011-12-20,72.55000305175781,73.86000061035156,60.45923614501953
2011-12-21,73.52999877929688,74.16000366210938,60.70476531982422
2011-12-22,74.16000366210938,74.2699966430664,61.09137725830078
2011-12-23,74.55000305175781,74.55000305175781,61.32170104980469
2011-12-27,74.26000213623047,74.7699966430664,61.502647399902344
2011-12-28,74.87999725341797,73.41000366210938,60.38397216796875
2011-12-29,73.7300033569336,74.1500015258789,60.9926643371582
2011-12-30,74.12000274658203,73.75,60.663665771484375
2012-01-03,75.68000030517578,74.97000122070312,61.66718673706055
2012-01-04,74.58000183105469,74.55999755859375,61.329917907714844
2012-01-05,74.02999877929688,74.9800033569336,61.67539978027344
2012-01-06,75.0199966430664,74.79000091552734,61.51912307739258
2012-01-09,75.13999938964844,75.16999816894531,61.83169174194336
2012-01-10,76.16000366210938,76.2699966430664,62.73649978637695
2012-01-11,75.94999694824219,76.56999969482422,62.983280181884766
2012-01-12,76.79000091552734,76.80000305175781,63.17245864868164
2012-01-13,76.18000030517578,76.38999938964844,62.835208892822266
2012-01-17,77.0999984741211,76.36000061035156,62.81052780151367
2012-01-18,76.31999969482422,77.72000122070312,63.9292106628418
2012-01-19,78.12999725341797,78.19999694824219,64.32404327392578
2012-01-20,78.0999984741211,78.25,64.36518859863281
2012-01-23,78.26000213623047,78.1500015258789,64.28291320800781
2012-01-24,77.68000030517578,78.5999984741211,64.65306854248047
2012-01-25,78.5999984741211,79.2699966430664,65.20419311523438
2012-01-26,79.86000061035156,79.18000030517578,65.13016510009766
2012-01-27,78.80000305175781,79.72000122070312,65.5743408203125
2012-01-30,79.08000183105469,79.0999984741211,65.06434631347656
2012-01-31,79.66000366210938,79.0199966430664,64.99854278564453
2012-02-01,79.76000213623047,80.72000122070312,66.39689636230469
2012-02-02,81.04000091552734,81.18000030517578,66.77529907226562
2012-02-03,82.47000122070312,82.94999694824219,68.23117065429688
2012-02-06,82.56999969482422,82.68000030517578,68.0091323852539
2012-02-07,82.61000061035156,82.62999725341797,67.96802520751953
2012-02-08,82.80000305175781,82.80999755859375,68.11603546142578
2012-02-09,83.0199966430664,82.4000015258789,67.7787857055664
2012-02-10,81.5,81.2699966430664,66.84928131103516
2012-02-13,82.11000061035156,82.31999969482422,67.71295928955078
2012-02-14,81.91000366210938,81.94999694824219,67.40862274169922
2012-02-15,82.41999816894531,81.2699966430664,66.84928131103516
2012-02-16,81.31999969482422,82.80000305175781,68.10783386230469
2012-02-17,83.29000091552734,82.79000091552734,68.09956359863281
2012-02-21,82.91999816894531,82.2300033569336,67.63898468017578
2012-02-22,81.97000122070312,81.58000183105469,67.10431671142578
2012-02-23,81.70999908447266,82.80000305175781,68.10783386230469
2012-02-24,82.83000183105469,82.63999938964844,67.9761734008789
2012-02-27,81.83999633789062,82.5,67.8610610961914
2012-02-28,82.55000305175781,82.27999877929688,67.68009948730469
2012-02-29,82.55000305175781,81.05000305175781,66.6683349609375
2012-03-01,81.37999725341797,81.47000122070312,67.0138168334961
2012-03-02,81.41999816894531,80.25,66.01026916503906
2012-03-05,79.98999786376953,80.33999633789062,66.08431243896484
2012-03-06,79.41999816894531,78.73999786376953,64.76824951171875
2012-03-07,78.91000366210938,79.4800033569336,65.37691497802734
2012-03-08,80.0,80.51000213623047,66.22413635253906
2012-03-09,80.5199966430664,81.5999984741211,67.12073516845703
2012-03-12,81.73999786376953,81.44000244140625,66.98915100097656
2012-03-13,82.05999755859375,83.05999755859375,68.32164001464844
2012-03-14,82.95999908447266,82.37999725341797,67.76233673095703
2012-03-15,82.25,83.06999969482422,68.32990264892578
2012-03-16,83.22000122070312,83.0,68.27234649658203
2012-03-19,82.88999938964844,83.69999694824219,68.84809112548828
2012-03-20,83.12000274658203,82.94999694824219,68.23117065429688
2012-03-21,83.19999694824219,82.93000030517578,68.21475219726562
2012-03-22,82.08999633789062,82.12999725341797,67.55672454833984
2012-03-23,82.0,82.68000030517578,68.21761322021484
2012-03-26,83.73999786376953,84.4000015258789,69.6367416381836
2012-03-27,84.41999816894531,83.80999755859375,69.14990997314453
2012-03-28,83.80000305175781,83.31999969482422,68.74563598632812
2012-03-29,82.7300033569336,83.08000183105469,68.54759979248047
2012-03-30,83.58999633789062,82.80999755859375,68.32485961914062
2012-04-02,82.54000091552734,83.83000183105469,69.1664047241211
2012-04-03,83.66000366210938,83.2699966430664,68.70437622070312
2012-04-04,82.37000274658203,81.94000244140625,67.6070556640625
2012-04-05,81.5999984741211,81.58000183105469,67.31002044677734
2012-04-09,80.08999633789062,80.23999786376953,66.20439147949219
2012-04-10,79.91999816894531,78.3499984741211,64.64498138427734
2012-04-11,79.01000213623047,79.45999908447266,65.56079864501953
2012-04-12,79.54000091552734,80.5999984741211,66.50143432617188
2012-04-13,80.37999725341797,79.54000091552734,65.62686157226562
2012-04-16,79.88999938964844,79.66999816894531,65.73408508300781
2012-04-17,80.33000183105469,80.81999969482422,66.68292999267578
2012-04-18,80.41000366210938,80.20999908447266,66.17963409423828
2012-04-19,80.31999969482422,79.75,65.80007934570312
2012-04-20,80.27999877929688,80.20999908447266,66.17963409423828
2012-04-23,78.9800033569336,79.0999984741211,65.26380157470703
2012-04-24,79.12999725341797,79.69999694824219,65.75885772705078
2012-04-25,80.75,80.94000244140625,66.78194427490234
2012-04-26,80.94999694824219,81.73999786376953,67.44200134277344
2012-04-27,81.9800033569336,82.37999725341797,67.97005462646484
2012-04-30,82.3499984741211,81.47000122070312,67.21924591064453
2012-05-01,81.55999755859375,81.55000305175781,67.28523254394531
2012-05-02,80.91000366210938,81.7699966430664,67.46672821044922
2012-05-03,81.66000366210938,80.62000274658203,66.5179443359375
2012-05-04,80.06999969482422,79.08999633789062,65.25553894042969
2012-05-07,78.76000213623047,79.30000305175781,65.42881774902344
2012-05-08,78.69000244140625,79.25,65.38755798339844
2012-05-09,78.25,78.80000305175781,65.0162582397461
2012-05-10,79.31999969482422,79.0999984741211,65.26380157470703
2012-05-11,78.44999694824219,78.9000015258789,65.09879302978516
2012-05-14,78.08999633789062,77.8499984741211,64.2324447631836
2012-05-15,77.83000183105469,77.70999908447266,64.11695098876953
2012-05-16,77.9800033569336,77.1500015258789,63.65489196777344
2012-05-17,77.22000122070312,75.4000015258789,62.21101760864258
2012-05-18,75.38999938964844,74.69000244140625,61.625186920166016
2012-05-21,74.93000030517578,76.44999694824219,63.07734298706055
2012-05-22,76.41999816894531,75.98999786376953,62.69779968261719
2012-05-23,75.25,76.4800033569336,63.102088928222656
2012-05-24,76.43000030517578,76.63999938964844,63.2341194152832
2012-05-25,76.69999694824219,76.58999633789062,63.19286346435547
2012-05-29,77.33000183105469,77.69999694824219,64.10871124267578
2012-05-30,76.9000015258789,76.20999908447266,62.879310607910156
2012-05-31,76.2699966430664,76.11000061035156,62.79684066772461
2012-06-01,74.4000015258789,73.81999969482422,60.907379150390625
2012-06-04,74.08999633789062,73.6500015258789,60.76710891723633
2012-06-05,73.26000213623047,74.5999984741211,61.55095291137695
2012-06-06,75.19000244140625,76.44000244140625,63.069087982177734
2012-06-07,77.66000366210938,75.94000244140625,62.65652847290039
2012-06-08,75.9000015258789,76.97000122070312,63.506404876708984
2012-06-11,77.79000091552734,75.2699966430664,62.10374069213867
2012-06-12,75.44000244140625,76.22000122070312,62.88755798339844
2012-06-13,76.08999633789062,75.33999633789062,62.1615104675293
2012-06-14,75.37999725341797,76.19999694824219,62.87105941772461
2012-06-15,76.3499984741211,77.22000122070312,63.71265411376953
2012-06-18,76.5999984741211,77.30999755859375,63.78690719604492
2012-06-19,77.6500015258789,78.6500015258789,64.89253234863281
2012-06-20,78.66999816894531,78.52999877929688,64.7934799194336
2012-06-21,78.37000274658203,76.62000274658203,63.21760177612305
2012-06-22,77.06999969482422,77.48999786376953,63.9354248046875
2012-06-25,76.4000015258789,76.27999877929688,62.937068939208984
2012-06-26,76.08999633789062,76.19999694824219,63.18333435058594
2012-06-27,76.43000030517578,77.44000244140625,64.21151733398438
2012-06-28,76.77999877929688,77.30999755859375,64.10372161865234
2012-06-29,78.94000244140625,79.55999755859375,65.96936798095703
2012-07-02,79.91999816894531,80.4800033569336,66.7322006225586
2012-07-03,80.55999755859375,81.52999877929688,67.60286712646484
2012-07-05,81.62000274658203,81.44000244140625,67.52822875976562
2012-07-06,80.7699966430664,80.52999877929688,66.77368927001953
2012-07-09,80.41999816894531,80.22000122070312,66.5166244506836
2012-07-10,80.80999755859375,79.33000183105469,65.7786865234375
2012-07-11,79.38999938964844,79.05999755859375,65.55476379394531
2012-07-12,78.44000244140625,78.79000091552734,65.33090209960938
2012-07-13,79.06999969482422,79.7699966430664,66.14350891113281
2012-07-16,79.62000274658203,79.44999694824219,65.8781509399414
2012-07-17,79.9800033569336,79.7300033569336,66.11035919189453
2012-07-18,79.5999984741211,80.22000122070312,66.5166244506836
2012-07-19,80.55000305175781,79.94999694824219,66.29275512695312
2012-07-20,79.33000183105469,78.93000030517578,65.44696807861328
2012-07-23,77.51000213623047,77.66999816894531,64.40225982666016
2012-07-24,77.94999694824219,76.6500015258789,63.556480407714844
2012-07-25,77.0,76.81999969482422,63.69742202758789
2012-07-26,77.9800033569336,77.4800033569336,64.24468231201172
2012-07-27,77.83000183105469,79.31999969482422,65.7703857421875
2012-07-30,79.5199966430664,79.05000305175781,65.5464859008789
2012-07-31,78.7300033569336,78.3499984741211,64.96605682373047
2012-08-01,78.91000366210938,77.05999755859375,63.89643478393555
2012-08-02,76.2699966430664,76.77999877929688,63.664276123046875
2012-08-03,77.94000244140625,78.61000061035156,65.18167114257812
2012-08-06,78.69999694824219,79.22000122070312,65.68745422363281
2012-08-07,79.8499984741211,79.94000244140625,66.28449249267578
2012-08-08,79.5999984741211,79.81999969482422,66.1849594116211
2012-08-09,79.76000213623047,80.19999694824219,66.50004577636719
2012-08-10,79.7699966430664,79.91999816894531,66.26789855957031
2012-08-13,79.80000305175781,79.79000091552734,66.16011810302734
2012-08-14,80.30000305175781,79.5999984741211,66.00254821777344
2012-08-15,79.37999725341797,80.30000305175781,66.58297729492188
2012-08-16,80.18000030517578,81.13999938964844,67.27948760986328
2012-08-17,81.22000122070312,81.70999908447266,67.75212097167969
2012-08-20,81.58999633789062,81.52999877929688,67.60286712646484
2012-08-21,81.93000030517578,81.4800033569336,67.56139373779297
2012-08-22,81.2699966430664,81.08999633789062,67.23799133300781
2012-08-23,81.05999755859375,80.5199966430664,66.76538848876953
2012-08-24,80.33999633789062,80.73999786376953,66.94783020019531
2012-08-27,81.2300033569336,80.9800033569336,67.14678955078125
2012-08-28,80.97000122070312,81.3499984741211,67.4535903930664
2012-08-29,81.5199966430664,81.5999984741211,67.66092681884766
2012-08-30,81.18000030517578,80.79000091552734,66.9892578125
2012-08-31,81.4800033569336,81.12000274658203,67.26288604736328
2012-09-04,81.18000030517578,82.11000061035156,68.08380126953125
2012-09-05,82.19999694824219,82.12999725341797,68.10038757324219
2012-09-06,82.58000183105469,83.63999938964844,69.3524169921875
2012-09-07,83.86000061035156,84.26000213623047,69.86650848388672
2012-09-10,84.18000030517578,83.87999725341797,69.55140686035156
2012-09-11,83.88999938964844,84.05999755859375,69.70065307617188
2012-09-12,84.48999786376953,84.48999786376953,70.05720520019531
2012-09-13,84.63999938964844,85.5999984741211,70.97761535644531
2012-09-14,85.86000061035156,86.4000015258789,71.6409683227539
2012-09-17,85.9800033569336,86.0,71.30929565429688
2012-09-18,85.73999786376953,85.72000122070312,71.07711029052734
2012-09-19,85.94000244140625,85.56999969482422,70.95272827148438
2012-09-20,85.13999938964844,85.19000244140625,70.63766479492188
2012-09-21,86.04000091552734,85.5,70.89471435546875
2012-09-24,84.88999938964844,84.88999938964844,70.66329956054688
2012-09-25,85.43000030517578,83.66999816894531,69.64774322509766
2012-09-26,83.8499984741211,83.13999938964844,69.20655822753906
2012-09-27,83.48999786376953,84.04000091552734,69.95574188232422
2012-09-28,83.77999877929688,83.44000244140625,69.45630645751953
2012-10-01,83.95999908447266,83.72000122070312,69.68934631347656
2012-10-02,84.1500015258789,83.87999725341797,69.82254791259766
2012-10-03,83.94000244140625,83.63999938964844,69.62274932861328
2012-10-04,83.95999908447266,84.20999908447266,70.09723663330078
2012-10-05,84.58000183105469,84.11000061035156,70.0140151977539
2012-10-08,83.62000274658203,83.58000183105469,69.57283020019531
2012-10-09,83.62000274658203,82.5999984741211,68.7570571899414
2012-10-10,82.66999816894531,82.47000122070312,68.64884948730469
2012-10-11,83.0999984741211,82.7699966430664,68.8985366821289
2012-10-12,82.73999786376953,82.0999984741211,68.34085845947266
2012-10-15,82.33999633789062,82.63999938964844,68.79035949707031
2012-10-16,83.08000183105469,83.25,69.29814910888672
2012-10-17,83.41999816894531,84.0,69.92245483398438
2012-10-18,83.94000244140625,83.54000091552734,69.5395278930664
2012-10-19,82.8499984741211,81.8499984741211,68.13275909423828
2012-10-22,81.63999938964844,81.83000183105469,68.11613464355469
2012-10-23,81.1500015258789,81.41999816894531,67.7748031616211
2012-10-24,81.69999694824219,81.19999694824219,67.59168243408203
2012-10-25,81.87999725341797,81.52999877929688,67.86640167236328
2012-10-26,81.44000244140625,81.13999938964844,67.54173278808594
2012-10-31,81.16000366210938,81.62999725341797,67.94961547851562
2012-11-01,81.81999969482422,82.48999786376953,68.66549682617188
2012-11-02,82.88999938964844,81.19000244140625,67.58336639404297
2012-11-05,81.18000030517578,81.7300033569336,68.03289794921875
2012-11-06,82.02999877929688,82.33999633789062,68.54064178466797
2012-11-07,81.37000274658203,80.33999633789062,66.87577819824219
2012-11-08,80.16999816894531,79.20999908447266,65.93517303466797
2012-11-09,78.87000274658203,79.37999725341797,66.07669067382812
2012-11-12,79.55999755859375,79.1500015258789,65.88523864746094
2012-11-13,78.79000091552734,78.69999694824219,65.51065826416016
2012-11-14,78.87999725341797,77.23999786376953,64.29534149169922
2012-11-15,77.08999633789062,76.83999633789062,63.962379455566406
2012-11-16,76.77999877929688,77.4800033569336,64.49514770507812
2012-11-19,78.31999969482422,79.12000274658203,65.86027526855469
2012-11-20,78.9800033569336,79.26000213623047,65.976806640625
2012-11-21,79.41000366210938,79.68000030517578,66.326416015625
2012-11-23,79.9000015258789,80.47000122070312,66.9840087890625
2012-11-26,80.3499984741211,80.7300033569336,67.20048522949219
2012-11-27,80.68000030517578,80.62999725341797,67.1172103881836
2012-11-28,80.31999969482422,81.30999755859375,67.6832275390625
2012-11-29,81.94999694824219,82.23999786376953,68.4573974609375
2012-11-30,82.4000015258789,82.08000183105469,68.32417297363281
2012-12-03,82.70999908447266,81.98999786376953,68.24930572509766
2012-12-04,82.06999969482422,82.08999633789062,68.33252716064453
2012-12-05,82.4800033569336,81.98999786376953,68.24930572509766
2012-12-06,81.9800033569336,82.12000274658203,68.35749816894531
2012-12-07,82.5,82.18000030517578,68.40744018554688
2012-12-10,82.37000274658203,82.54000091552734,68.70712280273438
2012-12-11,83.11000061035156,83.41000366210938,69.4312973022461
2012-12-12,83.66999816894531,82.94000244140625,69.04010772705078
2012-12-13,82.9800033569336,82.41000366210938,68.59890747070312
2012-12-14,82.22000122070312,82.36000061035156,68.55729675292969
2012-12-17,82.68000030517578,83.5199966430664,69.52287292480469
2012-12-18,83.70999908447266,84.66000366210938,70.47183990478516
2012-12-19,84.08000183105469,84.12000274658203,70.6288070678711
2012-12-20,84.13999938964844,84.54000091552734,70.98147583007812
2012-12-21,83.2699966430664,84.19000244140625,70.6876449584961
2012-12-24,83.88999938964844,83.77999877929688,70.34337615966797
2012-12-26,83.97000122070312,83.18000030517578,69.83959197998047
2012-12-27,83.26000213623047,83.12000274658203,69.78919219970703
2012-12-28,82.69000244140625,82.52999877929688,69.29383850097656
2012-12-31,82.66000366210938,84.31999969482422,70.7967529296875
2013-01-02,86.33999633789062,86.80000305175781,72.87901306152344
2013-01-03,86.8499984741211,86.5999984741211,72.71107482910156
2013-01-04,87.01000213623047,87.23999786376953,73.2484359741211
2013-01-07,86.80000305175781,86.91000366210938,72.97140502929688
2013-01-08,86.87999725341797,86.8499984741211,72.92100524902344
2013-01-09,87.0199966430664,87.2699966430664,73.27367401123047
2013-01-10,87.61000061035156,87.47000122070312,73.44157409667969
2013-01-11,87.4000015258789,87.33999633789062,73.33242797851562
2013-01-14,87.16000366210938,87.38999938964844,73.37442779541016
2013-01-15,86.83000183105469,87.7699966430664,73.69346618652344
2013-01-16,87.56999969482422,87.51000213623047,73.47514343261719
2013-01-17,87.91000366210938,88.31999969482422,74.15524291992188
2013-01-18,88.33999633789062,88.56999969482422,74.36515045166016
2013-01-22,88.63999938964844,89.20999908447266,74.90251159667969
2013-01-23,89.23999786376953,89.0,74.72618865966797
2013-01-24,89.1500015258789,89.29000091552734,74.96967315673828
2013-01-25,89.7300033569336,89.94000244140625,75.51543426513672
2013-01-28,90.01000213623047,90.0,75.56580352783203
2013-01-29,89.95999908447266,90.05000305175781,75.60775756835938
2013-01-30,89.97000122070312,88.97000122070312,74.70098876953125
2013-01-31,88.87000274658203,89.58000183105469,75.21318817138672
2013-02-01,89.95999908447266,90.37000274658203,75.87646484375
2013-02-04,89.81999969482422,89.27999877929688,74.96128845214844
2013-02-05,89.70999908447266,90.08000183105469,75.63298797607422
2013-02-06,89.6500015258789,90.45999908447266,75.95203399658203
2013-02-07,90.38999938964844,90.16000366210938,75.70015716552734
2013-02-08,90.27999877929688,90.80000305175781,76.23748016357422
2013-02-11,90.70999908447266,90.69999694824219,76.15354919433594
2013-02-12,90.73999786376953,91.0999984741211,76.48936462402344
2013-02-13,91.19000244140625,91.4800033569336,76.8084487915039
2013-02-14,91.18000030517578,91.70999908447266,77.0015640258789
2013-02-15,91.66999816894531,91.73999786376953,77.02676391601562
2013-02-19,91.87999725341797,92.55000305175781,77.70684051513672
2013-02-20,92.62999725341797,90.83000183105469,76.26268768310547
2013-02-21,90.7699966430664,89.94999694824219,75.5238037109375
2013-02-22,90.41000366210938,91.02999877929688,76.43063354492188
2013-02-25,91.5,89.0199966430664,74.74298095703125
2013-02-26,89.41000366210938,89.37000274658203,75.03685760498047
2013-02-27,89.36000061035156,90.30999755859375,75.82612609863281
2013-02-28,90.30000305175781,90.4800033569336,75.96881866455078
2013-03-01,89.87999725341797,90.88999938964844,76.3130111694336
2013-03-04,90.66999816894531,91.12999725341797,76.51457214355469
2013-03-05,91.61000061035156,92.19000244140625,77.40459442138672
2013-03-06,92.47000122070312,92.43000030517578,77.60609436035156
2013-03-07,92.4800033569336,92.87000274658203,77.97551727294922
2013-03-08,93.5999984741211,93.7300033569336,78.69757080078125
2013-03-11,93.41999816894531,93.69999694824219,78.67240142822266
2013-03-12,93.4800033569336,93.51000213623047,78.51287078857422
2013-03-13,93.54000091552734,93.86000061035156,78.80673217773438
2013-03-14,94.02999877929688,94.80000305175781,79.59600067138672
2013-03-15,94.6500015258789,94.75,79.55398559570312
2013-03-18,93.73999786376953,94.2300033569336,79.11738586425781
2013-03-19,94.41000366210938,93.83000183105469,78.78155517578125
2013-03-20,94.36000061035156,94.69999694824219,79.51200866699219
2013-03-21,94.04000091552734,93.87000274658203,78.81515502929688
2013-03-22,94.25,94.16000366210938,79.05863189697266
2013-03-25,94.12000274658203,93.94999694824219,79.1041030883789
2013-03-26,94.33999633789062,94.25,79.35669708251953
2013-03-27,93.6500015258789,94.30999755859375,79.40721130371094
2013-03-28,94.2699966430664,94.43000030517578,79.50825500488281
2013-04-01,94.2699966430664,93.16000366210938,78.4389419555664
2013-04-02,93.77999877929688,92.58000183105469,77.95060729980469
2013-04-03,92.94000244140625,91.12999725341797,76.72969818115234
2013-04-04,91.26000213623047,91.91000366210938,77.38645935058594
2013-04-05,90.5199966430664,91.7300033569336,77.23490905761719
2013-04-08,91.98999786376953,92.48999786376953,77.87480163574219
2013-04-09,92.63999938964844,92.22000122070312,77.64746856689453
2013-04-10,92.51000213623047,93.88999938964844,79.05357360839844
2013-04-11,93.83000183105469,94.0199966430664,79.16301727294922
2013-04-12,93.69999694824219,93.63999938964844,78.84310150146484
2013-04-15,93.05999755859375,90.11000061035156,75.87088775634766
2013-04-16,90.80999755859375,91.66999816894531,77.18438720703125
2013-04-17,90.91999816894531,90.08000183105469,75.84566497802734
2013-04-18,90.1500015258789,89.58000183105469,75.4246597290039
2013-04-19,89.95999908447266,90.61000061035156,76.29188537597656
2013-04-22,90.69999694824219,90.87000274658203,76.51078796386719
2013-04-23,91.5999984741211,92.30999755859375,77.72325897216797
2013-04-24,92.29000091552734,92.79000091552734,78.12738037109375
2013-04-25,93.02999877929688,93.4000015258789,78.64099884033203
2013-04-26,93.08999633789062,92.9000015258789,78.22001647949219
2013-04-29,93.30999755859375,93.56999969482422,78.78414916992188
2013-04-30,93.58000183105469,94.0999984741211,79.23040008544922
2013-05-01,93.80999755859375,91.81999969482422,77.31067657470703
2013-05-02,92.33999633789062,93.27999877929688,78.53996276855469
2013-05-03,94.52999877929688,94.76000213623047,79.78611755371094
2013-05-06,94.83000183105469,95.37000274658203,80.29969787597656
2013-05-07,95.51000213623047,96.1500015258789,80.9564208984375
2013-05-08,95.93000030517578,96.43000030517578,81.19221496582031
2013-05-09,96.30000305175781,96.0999984741211,80.91434478759766
2013-05-10,96.20999908447266,96.83000183105469,81.52897644042969
2013-05-13,96.73999786376953,96.76000213623047,81.47006225585938
2013-05-14,96.94000244140625,98.0,82.5141372680664
2013-05-15,97.80000305175781,98.19999694824219,82.68251037597656
2013-05-16,98.02999877929688,97.94999694824219,82.47201538085938
2013-05-17,98.4000015258789,99.05000305175781,83.39818572998047
2013-05-20,98.76000213623047,99.20999908447266,83.53292083740234
2013-05-21,99.19999694824219,99.2300033569336,83.54975891113281
2013-05-22,99.41000366210938,97.77999877929688,82.3288803100586
2013-05-23,96.6500015258789,97.9000015258789,82.4299087524414
2013-05-24,97.30000305175781,97.87999725341797,82.41307830810547
2013-05-28,99.19999694824219,99.1500015258789,83.4823989868164
2013-05-29,98.55000305175781,98.2300033569336,82.70777130126953
2013-05-30,98.5,98.88999938964844,83.26347351074219
2013-05-31,98.37999725341797,97.80000305175781,82.3457260131836
2013-06-03,98.13999938964844,98.7300033569336,83.12871551513672
2013-06-04,98.68000030517578,97.68000030517578,82.24468994140625
2013-06-05,97.55999755859375,96.43000030517578,81.19221496582031
2013-06-06,96.36000061035156,97.44999694824219,82.0510025024414
2013-06-07,97.9000015258789,98.19999694824219,82.68251037597656
2013-06-10,98.63999938964844,98.80000305175781,83.18770599365234
2013-06-11,97.68000030517578,97.7300033569336,82.28678894042969
2013-06-12,98.33000183105469,96.76000213623047,81.47006225585938
2013-06-13,96.7300033569336,98.47000122070312,82.90985870361328
2013-06-14,98.27999877929688,97.70999908447266,82.26995086669922
2013-06-17,98.58999633789062,98.3499984741211,82.80882263183594
2013-06-18,98.5199966430664,99.51000213623047,83.78550720214844
2013-06-19,99.51000213623047,98.29000091552734,82.75828552246094
2013-06-20,96.70999908447266,95.69000244140625,80.56916046142578
2013-06-21,95.63999938964844,95.97000122070312,80.80489349365234
2013-06-24,94.91000366210938,94.70999908447266,79.74398803710938
2013-06-25,95.58999633789062,95.62000274658203,80.51021575927734
2013-06-26,96.5199966430664,96.06999969482422,80.88909149169922
2013-06-27,96.6500015258789,97.55999755859375,82.1436538696289
2013-06-28,97.4000015258789,97.0,81.67211151123047
2013-07-01,97.6500015258789,98.58000183105469,83.00247192382812
2013-07-02,98.16000366210938,98.08000183105469,82.94325256347656
2013-07-03,97.7300033569336,98.27999877929688,83.11238861083984
2013-07-05,99.37999725341797,99.66999816894531,84.28788757324219
2013-07-08,100.12999725341797,100.06999969482422,84.62613677978516
2013-07-09,100.69999694824219,101.0,85.41261291503906
2013-07-10,101.04000091552734,101.27999877929688,85.64939880371094
2013-07-11,102.41999816894531,102.47000122070312,86.65576934814453
2013-07-12,102.4800033569336,102.68000030517578,86.8333511352539
2013-07-15,102.94999694824219,103.58000183105469,87.5944595336914
2013-07-16,103.62000274658203,103.05999755859375,87.15469360351562
2013-07-17,103.63999938964844,103.45999908447266,87.49296569824219
2013-07-18,103.7300033569336,104.1500015258789,88.07647705078125
2013-07-19,104.05999755859375,104.30999755859375,88.21178436279297
2013-07-22,104.4800033569336,104.52999877929688,88.3978271484375
2013-07-23,104.91000366210938,104.45999908447266,88.33863067626953
2013-07-24,104.91000366210938,103.58999633789062,87.6029052734375
2013-07-25,103.47000122070312,104.54000091552734,88.40631103515625
2013-07-26,103.95999908447266,104.12000274658203,88.05110168457031
2013-07-29,103.83999633789062,103.38999938964844,87.43376159667969
2013-07-30,103.69000244140625,103.4800033569336,87.50987243652344
2013-07-31,103.88999938964844,103.66000366210938,87.66206359863281
2013-08-01,104.68000030517578,105.06999969482422,88.85448455810547
2013-08-02,104.72000122070312,105.16000366210938,88.93061828613281
2013-08-05,105.05000305175781,105.5199966430664,89.23505401611328
2013-08-06,105.22000122070312,104.45999908447266,88.33863067626953
2013-08-07,104.12000274658203,103.72000122070312,87.71281433105469
2013-08-08,104.30000305175781,104.1500015258789,88.07647705078125
2013-08-09,103.93000030517578,104.04000091552734,87.98343658447266
2013-08-12,103.33000183105469,104.58999633789062,88.44857788085938
2013-08-13,104.68000030517578,104.44999694824219,88.33019256591797
2013-08-14,104.4800033569336,104.04000091552734,87.98343658447266
2013-08-15,102.83999633789062,102.11000061035156,86.35130310058594
2013-08-16,101.80999755859375,101.68000030517578,85.98766326904297
2013-08-19,101.63999938964844,100.6500015258789,85.11663818359375
2013-08-20,100.7699966430664,102.0999984741211,86.34284973144531
2013-08-21,101.69000244140625,101.4800033569336,85.81853485107422
2013-08-22,101.81999969482422,102.91000366210938,87.0278549194336
2013-08-23,103.19000244140625,103.16999816894531,87.24772644042969
2013-08-26,103.36000061035156,103.18000030517578,87.25619506835938
2013-08-27,101.94000244140625,100.76000213623047,85.20967102050781
2013-08-28,100.62000274658203,100.95999908447266,85.37879180908203
2013-08-29,100.88999938964844,101.97000122070312,86.23292541503906
2013-08-30,101.98999786376953,100.37999725341797,84.88832092285156
2013-09-03,101.86000061035156,101.05999755859375,85.46333312988281
2013-09-04,101.16000366210938,101.94999694824219,86.21599578857422
2013-09-05,102.02999877929688,102.11000061035156,86.35130310058594
2013-09-06,102.69999694824219,102.38999938964844,86.58809661865234
2013-09-09,102.73999786376953,103.94000244140625,87.89892578125
2013-09-10,104.58000183105469,104.95999908447266,88.76148223876953
2013-09-11,104.79000091552734,105.01000213623047,88.80376434326172
2013-09-12,104.91000366210938,104.23999786376953,88.15261840820312
2013-09-13,104.58999633789062,104.80999755859375,88.63461303710938
2013-09-16,106.05000305175781,105.04000091552734,88.82915496826172
2013-09-17,105.05999755859375,106.08000183105469,89.70863342285156
2013-09-18,106.05000305175781,107.08999633789062,90.56273651123047
2013-09-19,107.36000061035156,106.9800033569336,90.4697265625
2013-09-20,107.23999786376953,106.58999633789062,90.13990020751953
2013-09-23,106.72000122070312,106.5999984741211,90.14837646484375
2013-09-24,106.45999908447266,106.66999816894531,90.44764709472656
2013-09-25,106.7699966430664,106.47000122070312,90.27809143066406
2013-09-26,106.75,107.05999755859375,90.77836608886719
2013-09-27,106.38999938964844,106.58000183105469,90.37136840820312
2013-09-30,105.43000030517578,106.61000061035156,90.39678955078125
2013-10-01,106.55999755859375,107.8499984741211,91.44822692871094
2013-10-02,107.08999633789062,107.41000366210938,91.07514190673828
2013-10-03,107.20999908447266,106.30999755859375,90.14246368408203
2013-10-04,106.33999633789062,107.0199966430664,90.74445343017578
2013-10-07,105.98999786376953,105.7699966430664,89.68456268310547
2013-10-08,105.83999633789062,104.05999755859375,88.2345962524414
2013-10-09,104.30000305175781,103.63999938964844,87.87847137451172
2013-10-10,105.01000213623047,106.13999938964844,89.9983139038086
2013-10-11,105.83999633789062,107.68000030517578,91.30408477783203
2013-10-14,107.05999755859375,108.22000122070312,91.761962890625
2013-10-15,107.98999786376953,107.16000366210938,90.8631820678711
2013-10-16,107.91000366210938,108.48999786376953,91.99091339111328
2013-10-17,108.0,109.44000244140625,92.79642486572266
2013-10-18,110.22000122070312,110.69000244140625,93.8563003540039
2013-10-21,110.8499984741211,110.47000122070312,93.66978454589844
2013-10-22,110.94999694824219,110.76000213623047,93.91567993164062
2013-10-23,110.23999786376953,110.38999938964844,93.6019287109375
2013-10-24,110.47000122070312,110.9800033569336,94.10222625732422
2013-10-25,111.23999786376953,111.08000183105469,94.18700408935547
2013-10-28,111.12999725341797,111.02999877929688,94.14460754394531
2013-10-29,111.33000183105469,111.3499984741211,94.41596984863281
2013-10-30,111.4000015258789,109.83000183105469,93.12712860107422
2013-10-31,109.7699966430664,109.19000244140625,92.58443450927734
2013-11-01,109.41000366210938,108.72000122070312,92.1859130859375
2013-11-04,109.23999786376953,109.97000122070312,93.2458267211914
2013-11-05,109.55000305175781,109.58999633789062,92.92361450195312
2013-11-06,110.3499984741211,109.12000274658203,92.52506256103516
2013-11-07,109.62000274658203,107.27999877929688,90.96491241455078
2013-11-08,107.44000244140625,109.2300033569336,92.61834716796875
2013-11-11,109.04000091552734,109.37999725341797,92.74554443359375
2013-11-12,109.06999969482422,109.47000122070312,92.82186126708984
2013-11-13,108.66000366210938,110.5199966430664,93.71220397949219
2013-11-14,110.47000122070312,110.41000366210938,93.61890411376953
2013-11-15,110.5999984741211,110.83000183105469,93.97503662109375
2013-11-18,111.31999969482422,110.05000305175781,93.31367492675781
2013-11-19,110.11000061035156,109.37000274658203,92.73707580566406
2013-11-20,109.93000030517578,109.33000183105469,92.70315551757812
2013-11-21,109.80999755859375,111.30000305175781,94.37356567382812
2013-11-22,111.29000091552734,111.8499984741211,94.83992004394531
2013-11-25,112.12999725341797,111.98999786376953,94.95863342285156
2013-11-26,111.98999786376953,112.81999969482422,95.66239166259766
2013-11-27,112.83999633789062,113.44999694824219,96.19657897949219
2013-11-29,113.94000244140625,113.51000213623047,96.24747467041016
2013-12-02,113.69999694824219,112.37000274658203,95.28083801269531
2013-12-03,112.12999725341797,111.83000183105469,94.82295989990234
2013-12-04,111.30999755859375,111.52999877929688,94.56856536865234
2013-12-05,111.48999786376953,111.61000061035156,94.63641357421875
2013-12-06,112.62000274658203,112.4800033569336,95.37413024902344
2013-12-09,112.62999725341797,112.44999694824219,95.34866333007812
2013-12-10,112.2300033569336,111.43000030517578,94.4837875366211
2013-12-11,111.52999877929688,109.5999984741211,92.9321060180664
2013-12-12,109.69999694824219,109.83999633789062,93.13558959960938
2013-12-13,110.05000305175781,110.19999694824219,93.44083404541016
2013-12-16,110.62000274658203,111.51000213623047,94.5516586303711
2013-12-17,111.44999694824219,111.3499984741211,94.41596984863281
2013-12-18,111.52999877929688,112.87999725341797,95.71328735351562
2013-12-19,112.72000122070312,112.04000091552734,95.00100708007812
2013-12-20,112.0999984741211,113.93000030517578,96.60359954833984
2013-12-23,114.18000030517578,114.77999877929688,97.69904327392578
2013-12-24,114.91000366210938,115.22000122070312,98.07359313964844
2013-12-26,115.62999725341797,115.2300033569336,98.08208465576172
2013-12-27,115.47000122070312,115.16000366210938,98.02254486083984
2013-12-30,115.11000061035156,115.08999633789062,97.96292114257812
2013-12-31,115.36000061035156,115.36000061035156,98.19274139404297
2014-01-02,115.08999633789062,114.11000061035156,97.12877655029297
2014-01-03,114.52999877929688,114.69000244140625,97.62247467041016
2014-01-06,115.22000122070312,113.76000213623047,96.83087158203125
2014-01-07,114.19000244140625,114.70999908447266,97.63949584960938
2014-01-08,114.77999877929688,114.86000061035156,97.76715087890625
2014-01-09,115.25,114.88999938964844,97.79271697998047
2014-01-10,114.91999816894531,115.5199966430664,98.32896423339844
2014-01-13,115.30000305175781,113.94000244140625,96.98406219482422
2014-01-14,114.44000244140625,115.33999633789062,98.17571258544922
2014-01-15,115.63999938964844,116.19999694824219,98.9077377319336
2014-01-16,116.05000305175781,116.33999633789062,99.02693939208984
2014-01-17,116.30999755859375,115.93000030517578,98.67790222167969
2014-01-21,116.7300033569336,116.62000274658203,99.2652587890625
2014-01-22,116.69000244140625,117.20999908447266,99.7674560546875
2014-01-23,116.72000122070312,116.41999816894531,99.09503173828125
2014-01-24,115.69000244140625,113.44999694824219,96.56697845458984
2014-01-27,113.77999877929688,111.79000091552734,95.15402221679688
2014-01-28,111.93000030517578,112.97000122070312,96.15843963623047
2014-01-29,111.87999725341797,111.33999633789062,94.7709732055664
2014-01-30,112.33000183105469,113.0,96.18396759033203
2014-01-31,111.25,112.16000366210938,95.46897888183594
2014-02-03,111.87000274658203,108.6500015258789,92.48128509521484
2014-02-04,109.19000244140625,109.47000122070312,93.1792984008789
2014-02-05,108.80999755859375,108.6500015258789,92.48128509521484
2014-02-06,108.87999725341797,109.51000213623047,93.21331024169922
2014-02-07,109.97000122070312,110.75,94.26878356933594
2014-02-10,110.79000091552734,111.04000091552734,94.51565551757812
2014-02-11,111.12000274658203,112.02999877929688,95.3582992553711
2014-02-12,112.19999694824219,112.47000122070312,95.73283386230469
2014-02-13,111.37999725341797,113.9000015258789,96.95006561279297
2014-02-14,113.63999938964844,114.05999755859375,97.08621215820312
2014-02-18,114.4000015258789,115.25,98.09911346435547
2014-02-19,114.9000015258789,114.06999969482422,97.0947265625
2014-02-20,114.19999694824219,115.30000305175781,98.14166259765625
2014-02-21,115.62000274658203,115.66000366210938,98.44811248779297
2014-02-24,115.83999633789062,116.51000213623047,99.171630859375
2014-02-25,116.66000366210938,116.62999725341797,99.27375793457031
2014-02-26,116.70999908447266,117.3499984741211,99.88661193847656
2014-02-27,116.95999908447266,117.98999786376953,100.43136596679688
2014-02-28,117.95999908447266,117.5199966430664,100.03131866455078
2014-03-03,116.5199966430664,116.88999938964844,99.49504852294922
2014-03-04,118.19999694824219,119.83000183105469,101.9975814819336
2014-03-05,119.86000061035156,119.76000213623047,101.93795776367188
2014-03-06,120.12000274658203,119.73999786376953,101.92095184326172
2014-03-07,120.41000366210938,119.69999694824219,101.88688659667969
2014-03-10,119.36000061035156,119.30000305175781,101.54644012451172
2014-03-11,119.41000366210938,118.05999755859375,100.49093627929688
2014-03-12,117.38999938964844,118.41999816894531,100.79737091064453
2014-03-13,118.8499984741211,117.05000305175781,99.63125610351562
2014-03-14,116.62999725341797,117.54000091552734,100.04832458496094
2014-03-17,118.22000122070312,118.05999755859375,100.49093627929688
2014-03-18,118.22000122070312,119.77999877929688,101.95500183105469
2014-03-19,119.68000030517578,119.0,101.29108428955078
2014-03-20,118.7300033569336,119.16000366210938,101.42724609375
2014-03-21,119.72000122070312,118.61000061035156,100.95914459228516
2014-03-24,119.06999969482422,117.26000213623047,99.80999755859375
2014-03-25,117.66999816894531,116.93000030517578,99.7861099243164
2014-03-26,117.62999725341797,114.69000244140625,97.87454223632812
2014-03-27,114.70999908447266,114.4000015258789,97.62702941894531
2014-03-28,114.4800033569336,114.29000091552734,97.53317260742188
2014-03-31,115.04000091552734,116.33999633789062,99.28263092041016
2014-04-01,116.62999725341797,117.87000274658203,100.58831024169922
2014-04-02,118.29000091552734,118.4000015258789,101.04058837890625
2014-04-03,118.4000015258789,117.19999694824219,100.01649475097656
2014-04-04,117.95999908447266,114.48999786376953,97.70386505126953
2014-04-07,113.94999694824219,112.81999969482422,96.2786865234375
2014-04-08,112.80999755859375,113.61000061035156,96.95286560058594
2014-04-09,114.0,115.25,98.35242462158203
2014-04-10,115.0999984741211,111.95999908447266,95.54481506347656
2014-04-11,111.04000091552734,110.41000366210938,94.22205352783203
2014-04-14,111.55000305175781,110.72000122070312,94.48661041259766
2014-04-15,111.02999877929688,111.1500015258789,94.85356903076172
2014-04-16,111.93000030517578,112.36000061035156,95.88614654541016
2014-04-17,111.98999786376953,112.91999816894531,96.3640365600586
2014-04-21,113.12999725341797,113.44999694824219,96.81634521484375
2014-04-22,113.62999725341797,114.62000274658203,97.81480407714844
2014-04-23,114.4800033569336,113.9000015258789,97.20036315917969
2014-04-24,114.58999633789062,113.61000061035156,96.95286560058594
2014-04-25,113.16999816894531,111.61000061035156,95.24610900878906
2014-04-28,112.01000213623047,110.95999908447266,94.69139099121094
2014-04-29,111.41999816894531,111.23999786376953,94.93036651611328
2014-04-30,110.87999725341797,111.9800033569336,95.56188201904297
2014-05-01,111.75,111.94000244140625,95.52771759033203
2014-05-02,112.08999633789062,112.02999877929688,95.60453796386719
2014-05-05,111.12000274658203,111.88999938964844,95.48503875732422
2014-05-06,111.41000366210938,110.06999969482422,93.93191528320312
2014-05-07,110.2300033569336,110.13999938964844,93.99162292480469
2014-05-08,110.02999877929688,109.02999877929688,93.04437255859375
2014-05-09,108.69000244140625,110.02999877929688,93.89778137207031
2014-05-12,110.68000030517578,112.52999877929688,96.03125
2014-05-13,112.37999725341797,111.43000030517578,95.092529296875
2014-05-14,111.0999984741211,109.62000274658203,93.54785919189453
2014-05-15,109.06999969482422,108.87999725341797,92.91638946533203
2014-05-16,108.93000030517578,109.56999969482422,93.50520324707031
2014-05-19,109.2699966430664,110.75,94.5121841430664
2014-05-20,110.4800033569336,109.05999755859375,93.06999206542969
2014-05-21,109.6500015258789,109.62000274658203,93.54785919189453
2014-05-22,109.95999908447266,110.76000213623047,94.52072143554688
2014-05-23,110.69000244140625,111.97000122070312,95.55332946777344
2014-05-27,112.70999908447266,113.58000183105469,96.92728424072266
2014-05-28,113.33000183105469,112.98999786376953,96.42378997802734
2014-05-29,113.33000183105469,113.37000274658203,96.74806213378906
2014-05-30,113.33000183105469,112.86000061035156,96.31282043457031
2014-06-02,113.06999969482422,112.25,95.79227447509766
2014-06-03,111.63999938964844,111.9800033569336,95.56188201904297
2014-06-04,111.4800033569336,112.41999816894531,95.93731689453125
2014-06-05,112.72000122070312,114.77999877929688,97.95133972167969
2014-06-06,115.2699966430664,115.87999725341797,98.89006042480469
2014-06-09,115.87999725341797,116.9000015258789,99.760498046875
2014-06-10,116.62999725341797,116.66999816894531,99.5642318725586
2014-06-11,116.0199966430664,116.0999984741211,99.07780456542969
2014-06-12,115.77999877929688,115.38999938964844,98.4719009399414
2014-06-13,115.66999816894531,115.58999633789062,98.6425552368164
2014-06-16,115.48999786376953,116.1500015258789,99.12049102783203
2014-06-17,116.04000091552734,116.97000122070312,99.82023620605469
2014-06-18,116.9000015258789,117.76000213623047,100.49442291259766
2014-06-19,118.16999816894531,117.86000061035156,100.57974243164062
2014-06-20,117.87000274658203,118.25,100.91258239746094
2014-06-23,118.5,118.0199966430664,100.71627044677734
2014-06-24,117.73999786376953,116.76000213623047,99.64103698730469
2014-06-25,116.05999755859375,117.75,100.48587799072266
2014-06-26,117.79000091552734,117.55000305175781,100.315185546875
2014-06-27,117.05999755859375,118.33999633789062,100.98939514160156
2014-06-30,118.16000366210938,118.80999755859375,101.39045715332031
2014-07-01,119.26000213623047,120.0199966430664,102.42305755615234
2014-07-02,119.55999755859375,119.0999984741211,102.02813720703125
2014-07-03,119.58000183105469,119.81999969482422,102.64495086669922
2014-07-07,119.44000244140625,117.7699966430664,100.8887710571289
2014-07-08,117.51000213623047,116.33999633789062,99.66376495361328
2014-07-09,116.66999816894531,116.48999786376953,99.79224395751953
2014-07-10,114.12999725341797,115.25,98.72999572753906
2014-07-11,115.18000030517578,115.0999984741211,98.60150146484375
2014-07-14,116.41999816894531,115.69000244140625,99.1069564819336
2014-07-15,115.55999755859375,114.55000305175781,98.13034057617188
2014-07-16,115.05000305175781,114.23999786376953,97.86479949951172
2014-07-17,113.5199966430664,112.4800033569336,96.35707092285156
2014-07-18,112.69000244140625,114.2300033569336,97.856201171875
2014-07-21,113.51000213623047,113.7699966430664,97.46215057373047
2014-07-22,114.47000122070312,114.7300033569336,98.28455352783203
2014-07-23,115.01000213623047,114.87000274658203,98.40451049804688
2014-07-24,115.22000122070312,114.63999938964844,98.20744323730469
2014-07-25,113.7699966430664,113.5999984741211,97.31652069091797
2014-07-28,113.86000061035156,113.02999877929688,96.82821655273438
2014-07-29,113.38999938964844,113.33999633789062,97.0937728881836
2014-07-30,114.18000030517578,113.79000091552734,97.47929382324219
2014-07-31,112.62999725341797,111.19000244140625,95.2519760131836
2014-08-01,111.16000366210938,110.68000030517578,94.8150634765625
2014-08-04,111.16000366210938,111.66000366210938,95.65458679199219
2014-08-05,111.11000061035156,111.37999725341797,95.41474151611328
2014-08-06,110.66999816894531,111.7300033569336,95.7145767211914
2014-08-07,112.08999633789062,111.19000244140625,95.2519760131836
2014-08-08,111.33000183105469,112.2699966430664,96.17713928222656
2014-08-11,112.88999938964844,113.33999633789062,97.0937728881836
2014-08-12,112.94000244140625,112.55999755859375,96.42558288574219
2014-08-13,112.91999816894531,113.44000244140625,97.179443359375
2014-08-14,113.5199966430664,113.61000061035156,97.3250732421875
2014-08-15,114.44999694824219,113.38999938964844,97.13661193847656
2014-08-18,114.5,115.04000091552734,98.55012512207031
2014-08-19,115.12999725341797,115.44000244140625,98.89276123046875
2014-08-20,114.8499984741211,114.94999694824219,98.4730224609375
2014-08-21,114.87999725341797,115.19999694824219,98.6871566772461
2014-08-22,115.04000091552734,115.20999908447266,98.69575500488281
2014-08-25,115.95999908447266,115.75,99.15835571289062
2014-08-26,115.87999725341797,116.80000305175781,100.05783081054688
2014-08-27,116.88999938964844,116.51000213623047,99.80938720703125
2014-08-28,116.02999877929688,115.91000366210938,99.29537200927734
2014-08-29,116.16000366210938,116.55999755859375,99.85221099853516
2014-09-02,116.9800033569336,117.19999694824219,100.40046691894531
2014-09-03,117.76000213623047,116.45999908447266,99.76658630371094
2014-09-04,116.77999877929688,116.01000213623047,99.38107299804688
2014-09-05,115.77999877929688,116.37999725341797,99.69802856445312
2014-09-08,116.26000213623047,116.55999755859375,99.85221099853516
2014-09-09,116.36000061035156,115.18000030517578,98.67007446289062
2014-09-10,115.16000366210938,115.86000061035156,99.25255584716797
2014-09-11,115.16999816894531,116.61000061035156,99.89507293701172
2014-09-12,116.55000305175781,115.37000274658203,98.83280181884766
2014-09-15,115.36000061035156,114.11000061035156,97.75343322753906
2014-09-16,113.77999877929688,114.43000030517578,98.02751922607422
2014-09-17,114.48999786376953,114.7300033569336,98.28455352783203
2014-09-18,115.23999786376953,115.43000030517578,98.88420104980469
2014-09-19,115.88999938964844,113.97000122070312,97.63349151611328
2014-09-22,113.44000244140625,112.37000274658203,96.26283264160156
2014-09-23,111.9000015258789,111.31999969482422,95.36333465576172
2014-09-24,111.1500015258789,112.0199966430664,96.22663116455078
2014-09-25,111.7300033569336,110.12999725341797,94.60311889648438
2014-09-26,110.55000305175781,111.12000274658203,95.45353698730469
2014-09-29,109.81999969482422,111.02999877929688,95.37620544433594
2014-09-30,110.91999816894531,109.3499984741211,93.93307495117188
2014-10-01,109.29000091552734,107.80000305175781,92.60163116455078
2014-10-02,107.79000091552734,108.83000183105469,93.48638916015625
2014-10-03,109.75,109.6500015258789,94.19078826904297
2014-10-06,109.94999694824219,108.70999908447266,93.3833236694336
2014-10-07,108.0199966430664,106.91999816894531,91.84566497802734
2014-10-08,106.68000030517578,108.97000122070312,93.60665893554688
2014-10-09,108.88999938964844,106.02999877929688,91.08114624023438
2014-10-10,105.7699966430664,104.73999786376953,89.97301483154297
2014-10-13,104.83999633789062,104.31999969482422,89.61222076416016
2014-10-14,105.2300033569336,105.54000091552734,90.66022491455078
2014-10-15,104.19000244140625,106.5999984741211,91.57079315185547
2014-10-16,105.1500015258789,107.80000305175781,92.60163116455078
2014-10-17,109.16000366210938,107.4800033569336,92.32672119140625
2014-10-20,107.01000213623047,108.73999786376953,93.40904998779297
2014-10-21,109.33000183105469,110.52999877929688,94.94671630859375
2014-10-22,110.80000305175781,108.94999694824219,93.58946228027344
2014-10-23,110.04000091552734,110.87999725341797,95.24738311767578
2014-10-24,110.91999816894531,111.06999969482422,95.41056060791016
2014-10-27,110.41999816894531,111.01000213623047,95.35904693603516
2014-10-28,111.51000213623047,114.16999816894531,98.0735092163086
2014-10-29,114.36000061035156,113.9000015258789,97.84159088134766
2014-10-30,113.48999786376953,114.87000274658203,98.67487335205078
2014-10-31,116.91000366210938,116.55999755859375,100.12654876708984
2014-11-03,116.75,116.36000061035156,99.95474243164062
2014-11-04,115.9000015258789,115.81999969482422,99.49090576171875
2014-11-05,116.66999816894531,116.02999877929688,99.67127227783203
2014-11-06,115.9800033569336,116.52999877929688,100.10079956054688
2014-11-07,116.38999938964844,116.70999908447266,100.25543212890625
2014-11-10,116.68000030517578,117.29000091552734,100.75364685058594
2014-11-11,117.12000274658203,117.37000274658203,100.8223648071289
2014-11-12,116.69000244140625,117.9000015258789,101.27761840820312
2014-11-13,117.94000244140625,116.9000015258789,100.41861724853516
2014-11-14,116.94000244140625,116.69000244140625,100.23825073242188
2014-11-17,116.58999633789062,115.72000122070312,99.40497589111328
2014-11-18,116.16000366210938,116.38999938964844,99.98052978515625
2014-11-19,116.25,115.1500015258789,98.91533660888672
2014-11-20,114.62000274658203,116.44000244140625,100.02347564697266
2014-11-21,118.08000183105469,116.58000183105469,100.14372253417969
2014-11-24,116.73999786376953,117.97000122070312,101.3377456665039
2014-11-25,118.22000122070312,118.05999755859375,101.41505432128906
2014-11-26,118.06999969482422,118.44999694824219,101.75007629394531
2014-11-28,118.4800033569336,116.69000244140625,100.23825073242188
2014-12-01,116.31999969482422,114.87000274658203,98.67487335205078
2014-12-02,114.98999786376953,116.25,99.86026763916016
2014-12-03,116.27999877929688,117.37000274658203,100.8223648071289
2014-12-04,117.19000244140625,116.80999755859375,100.34132385253906
2014-12-05,117.25,117.69000244140625,101.09724426269531
2014-12-08,117.2699966430664,116.22000122070312,99.83448791503906
2014-12-09,114.95999908447266,118.16999816894531,101.50955200195312
2014-12-10,117.73999786376953,115.66000366210938,99.35343933105469
2014-12-11,116.20999908447266,116.12000274658203,99.74861145019531
2014-12-12,114.77999877929688,114.70999908447266,98.53741455078125
2014-12-15,115.26000213623047,113.55000305175781,97.5409164428711
2014-12-16,113.31999969482422,113.38999938964844,97.40347290039062
2014-12-17,113.63999938964844,116.88999938964844,100.4100341796875
2014-12-18,118.45999908447266,118.62999725341797,101.90471649169922
2014-12-19,118.6500015258789,118.9000015258789,102.13665771484375
2014-12-22,119.19999694824219,119.70999908447266,102.83245849609375
2014-12-23,120.44000244140625,119.86000061035156,102.96131896972656
2014-12-24,119.62999725341797,119.76000213623047,103.25875854492188
2014-12-26,120.13999938964844,120.54000091552734,103.9312744140625
2014-12-29,120.62999725341797,121.05000305175781,104.37104034423828
2014-12-30,120.79000091552734,120.33999633789062,103.75881958007812
2014-12-31,120.80000305175781,119.62000274658203,103.13807678222656
2015-01-02,120.06999969482422,118.93000030517578,102.54312133789062
2015-01-05,118.2300033569336,117.33999633789062,101.17218017578125
2015-01-06,117.62000274658203,115.30999755859375,99.42189025878906
2015-01-07,116.05999755859375,116.7300033569336,100.64625549316406
2015-01-08,117.66000366210938,118.70999908447266,102.35345458984375
2015-01-09,118.80999755859375,117.56999969482422,101.3705062866211
2015-01-12,117.69999694824219,117.18000030517578,101.03424835205078
2015-01-13,118.08999633789062,117.2699966430664,101.11186218261719
2015-01-14,115.9800033569336,116.80000305175781,100.70661926269531
2015-01-15,117.2300033569336,114.83000183105469,99.0080337524414
2015-01-16,114.41000366210938,116.69999694824219,100.62036895751953
2015-01-20,116.8499984741211,116.20999908447266,100.19791412353516
2015-01-21,115.80000305175781,115.83999633789062,99.87889862060547
2015-01-22,116.55999755859375,118.19999694824219,101.91368103027344
2015-01-23,118.23999786376953,118.12000274658203,101.8447265625
2015-01-26,117.87999725341797,119.26000213623047,102.8276596069336
2015-01-27,117.86000061035156,118.69000244140625,102.33621215820312
2015-01-28,119.18000030517578,116.69000244140625,100.61177062988281
2015-01-29,117.0199966430664,118.30000305175781,101.99998474121094
2015-01-30,117.4800033569336,115.69999694824219,99.7581787109375
2015-02-02,116.12000274658203,116.76000213623047,100.67212677001953
2015-02-03,117.33000183105469,118.8499984741211,102.4741439819336
2015-02-04,118.41999816894531,118.41000366210938,102.09477233886719
2015-02-05,118.7699966430664,119.94000244140625,103.4139633178711
2015-02-06,120.0999984741211,119.80999755859375,103.30187225341797
2015-02-09,119.4000015258789,118.86000061035156,102.48277282714844
2015-02-10,119.52999877929688,119.62000274658203,103.13807678222656
2015-02-11,119.37000274658203,119.44999694824219,102.99147033691406
2015-02-12,120.16000366210938,120.80999755859375,104.1640853881836
2015-02-13,120.91000366210938,121.52999877929688,104.78487396240234
2015-02-17,121.66000366210938,121.91000366210938,105.11250305175781
2015-02-18,121.55999755859375,122.04000091552734,105.22464752197266
2015-02-19,121.76000213623047,122.05000305175781,105.2332534790039
2015-02-20,121.8499984741211,122.37999725341797,105.51776123046875
2015-02-23,122.0999984741211,122.5,105.6212158203125
2015-02-24,122.47000122070312,122.66000366210938,105.75920104980469
2015-02-25,122.56999969482422,122.80000305175781,105.87992095947266
2015-02-26,122.69000244140625,123.25,106.26789093017578
2015-02-27,123.02999877929688,122.58000183105469,105.69020080566406
2015-03-02,122.55000305175781,123.47000122070312,106.45756530761719
2015-03-03,123.19000244140625,122.73999786376953,105.82814025878906
2015-03-04,122.20999908447266,122.36000061035156,105.5005111694336
2015-03-05,122.52999877929688,122.72000122070312,105.8109130859375
2015-03-06,121.9800033569336,121.16999816894531,104.4744873046875
2015-03-09,121.37000274658203,121.69999694824219,104.93148803710938
2015-03-10,120.61000061035156,120.30000305175781,103.724365234375
2015-03-11,120.47000122070312,121.04000091552734,104.36241149902344
2015-03-12,121.81999969482422,123.05000305175781,106.09546661376953
2015-03-13,122.94000244140625,122.61000061035156,105.71607208251953
2015-03-16,123.11000061035156,123.33000183105469,106.33687591552734
2015-03-17,122.97000122070312,123.66000366210938,106.62140655517578
2015-03-18,123.4000015258789,124.6500015258789,107.4749984741211
2015-03-19,124.36000061035156,124.88999938964844,107.68189239501953
2015-03-20,125.36000061035156,125.98999786376953,108.63034057617188
2015-03-23,125.94999694824219,125.87999725341797,108.53550720214844
2015-03-24,125.7699966430664,125.8499984741211,108.50962829589844
2015-03-25,125.52999877929688,122.47000122070312,105.91769409179688
2015-03-26,122.08999633789062,122.31999969482422,105.78800201416016
2015-03-27,122.37999725341797,123.0999984741211,106.4625473022461
2015-03-30,123.72000122070312,124.7699966430664,107.90685272216797
2015-03-31,124.27999877929688,124.37000274658203,107.5608901977539
2015-04-01,124.2300033569336,124.41999816894531,107.6041488647461
2015-04-02,124.36000061035156,124.6500015258789,107.80307006835938
2015-04-06,123.91000366210938,125.19999694824219,108.27873229980469
2015-04-07,124.97000122070312,124.4000015258789,107.58686065673828
2015-04-08,124.37999725341797,125.47000122070312,108.51222229003906
2015-04-09,125.36000061035156,125.0199966430664,108.123046875
2015-04-10,125.44000244140625,125.62000274658203,108.6419906616211
2015-04-13,125.69000244140625,125.69999694824219,108.71114349365234
2015-04-14,125.73999786376953,125.66999816894531,108.68521118164062
2015-04-15,126.16000366210938,126.55000305175781,109.44625854492188
2015-04-16,126.47000122070312,126.4800033569336,109.3857421875
2015-04-17,125.12000274658203,124.43000030517578,107.61280822753906
2015-04-20,125.05000305175781,125.6500015258789,108.66790008544922
2015-04-21,126.05000305175781,125.5199966430664,108.55548095703125
2015-04-22,125.5199966430664,125.70999908447266,108.71980285644531
2015-04-23,125.4800033569336,126.27999877929688,109.21278381347656
2015-04-24,126.33000183105469,125.86000061035156,108.84951782226562
2015-04-27,126.20999908447266,124.47000122070312,107.64738464355469
2015-04-28,124.54000091552734,125.16000366210938,108.24413299560547
2015-04-29,124.47000122070312,123.80000305175781,107.06793975830078
2015-04-30,123.05999755859375,121.18000030517578,104.80204772949219
2015-05-01,121.5199966430664,121.97000122070312,105.48529815673828
2015-05-04,122.12999725341797,122.41000366210938,105.86581420898438
2015-05-05,122.3499984741211,120.8499984741211,104.51664733886719
2015-05-06,121.11000061035156,121.2699966430664,104.87989044189453
2015-05-07,121.13999938964844,121.7300033569336,105.2777099609375
2015-05-08,122.93000030517578,122.63999938964844,106.06475830078125
2015-05-11,122.5999984741211,122.70999908447266,106.1252670288086
2015-05-12,122.3499984741211,122.48999786376953,105.93502807617188
2015-05-13,122.76000213623047,122.48999786376953,105.93502807617188
2015-05-14,123.08000183105469,123.79000091552734,107.05931091308594
2015-05-15,123.55999755859375,123.6500015258789,106.938232421875
2015-05-18,123.4000015258789,125.05000305175781,108.14903259277344
2015-05-19,124.80000305175781,124.87999725341797,108.001953125
2015-05-20,125.16999816894531,125.11000061035156,108.20088958740234
2015-05-21,124.9800033569336,124.97000122070312,108.07981872558594
2015-05-22,124.76000213623047,124.43000030517578,107.61280822753906
2015-05-26,123.94000244140625,123.23999786376953,106.5835952758789
2015-05-27,123.36000061035156,124.75,107.8895492553711
2015-05-28,124.44999694824219,124.63999938964844,107.79446411132812
2015-05-29,124.61000061035156,123.88999938964844,107.14579010009766
2015-06-01,124.69000244140625,124.27999877929688,107.48307800292969
2015-06-02,123.80000305175781,124.5199966430664,107.69063568115234
2015-06-03,124.76000213623047,125.76000213623047,108.76303100585938
2015-06-04,125.08000183105469,124.5,107.67333221435547
2015-06-05,124.2300033569336,125.4000015258789,108.45169830322266
2015-06-08,125.27999877929688,124.81999969482422,107.95008850097656
2015-06-09,124.70999908447266,124.44000244140625,107.6214599609375
2015-06-10,124.93000030517578,125.98999786376953,108.96194458007812
2015-06-11,126.16999816894531,126.30999755859375,109.23870849609375
2015-06-12,125.91999816894531,125.93000030517578,108.91007995605469
2015-06-15,125.11000061035156,125.52999877929688,108.56415557861328
2015-06-16,125.37999725341797,126.41999816894531,109.33382415771484
2015-06-17,126.73999786376953,126.2300033569336,109.16952514648438
2015-06-18,126.81999969482422,127.91999816894531,110.63111877441406
2015-06-19,127.81999969482422,127.86000061035156,110.57920837402344
2015-06-22,128.4199981689453,128.74000549316406,111.34030151367188
2015-06-23,128.67999267578125,129.00999450683594,111.57381439208984
2015-06-24,128.75999450683594,127.91999816894531,110.63111877441406
2015-06-25,128.35000610351562,127.8499984741211,110.57057189941406
2015-06-26,128.10000610351562,127.5,110.26786804199219
2015-06-29,126.62999725341797,124.27999877929688,107.48307800292969
2015-06-30,125.18000030517578,124.86000061035156,107.98468017578125
2015-07-01,125.7699966430664,125.2300033569336,108.30469512939453
2015-07-02,124.80999755859375,123.77999877929688,107.5047836303711
2015-07-06,122.94000244140625,123.73999786376953,107.47002410888672
2015-07-07,123.87999725341797,123.87999725341797,107.59159851074219
2015-07-08,122.80000305175781,121.98999786376953,105.95015716552734
2015-07-09,123.3499984741211,122.43000030517578,106.33228302001953
2015-07-10,123.83999633789062,124.12999725341797,107.80873107910156
2015-07-13,124.7699966430664,125.52999877929688,109.02469635009766
2015-07-14,125.45999908447266,126.2300033569336,109.63263702392578
2015-07-15,126.30999755859375,125.55999755859375,109.05073547363281
2015-07-16,126.11000061035156,126.30999755859375,109.70210266113281
2015-07-17,126.30999755859375,125.76000213623047,109.22444152832031
2015-07-20,125.77999877929688,125.08000183105469,108.63385772705078
2015-07-21,125.06999969482422,124.48999786376953,108.12142181396484
2015-07-22,124.08000183105469,124.94999694824219,108.52095031738281
2015-07-23,124.98999786376953,123.56999969482422,107.32240295410156
2015-07-24,123.4800033569336,121.58000183105469,105.59404754638672
2015-07-27,121.12999725341797,120.56999969482422,104.71685791015625
2015-07-28,120.91999816894531,121.5999984741211,105.61141967773438
2015-07-29,121.36000061035156,121.94000244140625,105.90672302246094
2015-07-30,121.62999725341797,122.29000091552734,106.210693359375
2015-07-31,122.44999694824219,122.95999908447266,106.79259490966797
2015-08-03,123.02999877929688,122.3499984741211,106.2628173828125
2015-08-04,122.38999938964844,122.05999755859375,106.01092529296875
2015-08-05,122.58999633789062,122.33999633789062,106.25411224365234
2015-08-06,122.47000122070312,120.69000244140625,104.82108306884766
2015-08-07,120.13999938964844,119.87999725341797,104.11758422851562
2015-08-10,120.33000183105469,121.26000213623047,105.31610870361328
2015-08-11,120.4800033569336,120.22000122070312,104.4128646850586
2015-08-12,119.56999969482422,119.98999786376953,104.21309661865234
2015-08-13,120.0999984741211,119.58999633789062,103.86570739746094
2015-08-14,119.48999786376953,120.36000061035156,104.5344467163086
2015-08-17,120.02999877929688,121.62999725341797,105.63745880126953
2015-08-18,121.45999908447266,120.66000366210938,104.79502868652344
2015-08-19,119.9000015258789,119.41000366210938,103.70936584472656
2015-08-20,118.33999633789062,116.38999938964844,101.08646392822266
2015-08-21,115.12999725341797,115.02999877929688,99.90526580810547
2015-08-24,109.51000213623047,110.54000091552734,96.00564575195312
2015-08-25,114.05000305175781,109.69000244140625,95.26741790771484
2015-08-26,111.83000183105469,112.4800033569336,97.69058227539062
2015-08-27,113.30000305175781,114.48999786376953,99.436279296875
2015-08-28,114.36000061035156,115.62000274658203,100.41769409179688
2015-08-31,115.0999984741211,115.19999694824219,100.05290985107422
2015-09-01,113.11000061035156,111.9000015258789,97.18682098388672
2015-09-02,113.41000366210938,113.91000366210938,98.93256378173828
2015-09-03,114.08000183105469,113.7300033569336,98.77621459960938
2015-09-04,112.52999877929688,112.87000274658203,98.02928924560547
2015-09-08,114.55999755859375,115.44999694824219,100.27003479003906
2015-09-09,116.16999816894531,114.12000274658203,99.11493682861328
2015-09-10,113.75,114.63999938964844,99.5665512084961
2015-09-11,114.16000366210938,115.18000030517578,100.03556823730469
2015-09-14,115.5199966430664,114.6500015258789,99.57524871826172
2015-09-15,114.86000061035156,115.94000244140625,100.69561767578125
2015-09-16,115.94999694824219,116.94000244140625,101.56413269042969
2015-09-17,116.91999816894531,117.33999633789062,101.9115219116211
2015-09-18,115.76000213623047,115.72000122070312,100.50454711914062
2015-09-21,116.54000091552734,115.51000213623047,100.32217407226562
2015-09-22,114.44999694824219,113.76000213623047,98.80228424072266
2015-09-23,114.0199966430664,113.41999816894531,98.50696563720703
2015-09-24,112.79000091552734,113.2300033569336,98.3419418334961
2015-09-25,113.81999969482422,111.41999816894531,97.04762268066406
2015-09-28,111.05000305175781,108.30000305175781,94.33008575439453
2015-09-29,108.25,107.52999877929688,93.6594009399414
2015-09-30,108.4800033569336,109.19999694824219,95.11397552490234
2015-10-01,109.37000274658203,109.01000213623047,94.9485092163086
2015-10-02,107.9800033569336,110.62999725341797,96.35953521728516
2015-10-05,111.66000366210938,113.2699966430664,98.65899658203125
2015-10-06,113.20999908447266,112.48999786376953,97.97962188720703
2015-10-07,113.0999984741211,114.4800033569336,99.71292877197266
2015-10-08,114.37999725341797,115.51000213623047,100.61006164550781
2015-10-09,115.72000122070312,115.73999786376953,100.81039428710938
2015-10-12,115.79000091552734,115.56999969482422,100.66229248046875
2015-10-13,115.11000061035156,113.98999786376953,99.28614044189453
2015-10-14,114.04000091552734,112.87000274658203,98.31060791015625
2015-10-15,113.19000244140625,115.56999969482422,100.66229248046875
2015-10-16,115.80000305175781,115.41999816894531,100.53164672851562
2015-10-19,114.9000015258789,115.63999938964844,100.7232666015625
2015-10-20,115.58000183105469,115.4800033569336,100.58390808105469
2015-10-21,115.91999816894531,113.72000122070312,99.05093383789062
2015-10-22,114.41000366210938,114.72000122070312,99.92195892333984
2015-10-23,115.6500015258789,115.8499984741211,100.90621185302734
2015-10-26,115.5999984741211,115.05999755859375,100.21809387207031
2015-10-27,114.58999633789062,113.80000305175781,99.12065887451172
2015-10-28,114.13999938964844,117.12000274658203,102.01236724853516
2015-10-29,116.73999786376953,115.87000274658203,100.92363739013672
2015-10-30,115.55999755859375,115.33999633789062,100.46195220947266
2015-11-02,115.44999694824219,117.73999786376953,102.55239868164062
2015-11-03,117.58999633789062,118.3499984741211,103.08369445800781
2015-11-04,118.6500015258789,118.29000091552734,103.03144073486328
2015-11-05,118.23999786376953,118.37999725341797,103.10982513427734
2015-11-06,118.01000213623047,119.22000122070312,103.84147644042969
2015-11-09,119.06999969482422,117.81999969482422,102.62206268310547
2015-11-10,117.31999969482422,118.16999816894531,102.92692565917969
2015-11-11,118.30999755859375,117.13999938964844,102.02980041503906
2015-11-12,116.33000183105469,114.9000015258789,100.0787353515625
2015-11-13,114.44000244140625,114.06999969482422,99.35579681396484
2015-11-16,113.95999908447266,115.05000305175781,100.20939636230469
2015-11-17,115.1500015258789,114.61000061035156,99.82615661621094
2015-11-18,114.93000030517578,116.55000305175781,101.51588439941406
2015-11-19,116.44000244140625,116.05999755859375,101.08909606933594
2015-11-20,116.4800033569336,116.80999755859375,101.74236297607422
2015-11-23,116.70999908447266,117.38999938964844,102.24752044677734
2015-11-24,116.87999725341797,118.25,102.99662017822266
2015-11-25,118.30000305175781,119.16999816894531,103.79793548583984
2015-11-27,119.2699966430664,119.62000274658203,104.18988037109375
2015-11-30,120.0199966430664,119.0999984741211,103.73696899414062
2015-12-01,119.61000061035156,119.88999938964844,104.42504119873047
2015-12-02,119.7300033569336,118.5999984741211,103.30142974853516
2015-12-03,118.93000030517578,116.5999984741211,101.55943298339844
2015-12-04,116.5999984741211,117.77999877929688,102.58724212646484
2015-12-07,117.63999938964844,116.01000213623047,101.0455551147461
2015-12-08,114.95999908447266,115.37000274658203,100.48811340332031
2015-12-09,115.02999877929688,114.08000183105469,99.36450958251953
2015-12-10,113.88999938964844,114.45999908447266,99.69549560546875
2015-12-11,113.2699966430664,111.91000366210938,97.47443389892578
2015-12-14,111.87000274658203,111.11000061035156,96.77762603759766
2015-12-15,111.7300033569336,112.70999908447266,98.17121124267578
2015-12-16,113.48999786376953,114.43000030517578,99.66937255859375
2015-12-17,114.91000366210938,113.20999908447266,98.60672760009766
2015-12-18,112.66000366210938,111.4800033569336,97.0998764038086
2015-12-21,112.16999816894531,112.31999969482422,97.83154296875
2015-12-22,112.63999938964844,113.3499984741211,98.72867584228516
2015-12-23,113.91999816894531,114.77999877929688,99.97421264648438
2015-12-24,114.44000244140625,114.5,100.16316223144531
2015-12-28,113.9800033569336,113.97000122070312,99.69954681396484
2015-12-29,114.4800033569336,115.19999694824219,100.77550506591797
2015-12-30,115.05000305175781,114.04000091552734,99.76077270507812
2015-12-31,113.55999755859375,112.62000274658203,98.5185775756836
2016-01-04,110.61000061035156,110.01000213623047,96.2353744506836
2016-01-05,110.41000366210938,110.25,96.4453353881836
2016-01-06,108.69999694824219,108.56999969482422,94.97569274902344
2016-01-07,106.72000122070312,105.66999816894531,92.43878936767578
2016-01-08,105.87000274658203,103.8499984741211,90.84669494628906
2016-01-11,104.20999908447266,103.4000015258789,90.45306396484375
2016-01-12,104.22000122070312,103.70999908447266,90.72421264648438
2016-01-13,103.91000366210938,100.37999725341797,87.81116485595703
2016-01-14,100.86000061035156,101.7699966430664,89.02710723876953
2016-01-15,99.08000183105469,100.12000274658203,87.583740234375
2016-01-19,101.06999969482422,98.7699966430664,86.40277099609375
2016-01-20,97.43000030517578,99.18000030517578,86.76142120361328
2016-01-21,99.33000183105469,98.94999694824219,86.56021881103516
2016-01-22,100.6500015258789,101.37000274658203,88.67720031738281
2016-01-25,100.73999786376953,99.12000274658203,86.70894622802734
2016-01-26,99.5199966430664,101.0999984741211,88.44100952148438
2016-01-27,100.58999633789062,99.70999908447266,87.22505950927734
2016-01-28,100.55000305175781,99.69000244140625,87.20758819580078
2016-01-29,100.04000091552734,102.95999908447266,90.068115234375
2016-02-01,102.13999938964844,102.48999786376953,89.65696716308594
2016-02-02,101.33000183105469,100.27999877929688,87.72370910644531
2016-02-03,101.05999755859375,100.41000366210938,87.83740997314453
2016-02-04,100.0,100.80000305175781,88.1785659790039
2016-02-05,100.3499984741211,98.04000091552734,85.76416778564453
2016-02-08,97.01000213623047,96.43000030517578,84.35575103759766
2016-02-09,95.12999725341797,95.77999877929688,83.78717041015625
2016-02-10,96.44999694824219,95.83000183105469,83.83090209960938
2016-02-11,94.08000183105469,94.79000091552734,82.92111206054688
2016-02-12,95.66000366210938,96.58999633789062,84.4957504272461
2016-02-16,97.79000091552734,98.87999725341797,86.49898529052734
2016-02-17,99.56999969482422,100.43000030517578,87.85491943359375
2016-02-18,100.51000213623047,99.94999694824219,87.43501281738281
2016-02-19,99.55999755859375,100.44999694824219,87.87240600585938
2016-02-22,101.33999633789062,101.56999969482422,88.85216522216797
2016-02-23,101.23999786376953,100.63999938964844,88.03860473632812
2016-02-24,99.62000274658203,101.61000061035156,88.88716888427734
2016-02-25,101.79000091552734,102.54000091552734,89.70071411132812
2016-02-26,103.05999755859375,103.19000244140625,90.26929473876953
2016-02-29,103.12999725341797,102.7300033569336,89.8669204711914
2016-03-01,103.62000274658203,104.94000244140625,91.80018615722656
2016-03-02,104.79000091552734,106.0199966430664,92.74497985839844
2016-03-03,106.05000305175781,107.12999725341797,93.71600341796875
2016-03-04,107.06999969482422,107.72000122070312,94.23210144042969
2016-03-07,107.20999908447266,108.88999938964844,95.25560760498047
2016-03-08,108.29000091552734,106.26000213623047,92.95491790771484
2016-03-09,106.62000274658203,106.80000305175781,93.42728424072266
2016-03-10,107.0999984741211,105.93000030517578,92.66625213623047
2016-03-11,106.79000091552734,108.19999694824219,94.6520004272461
2016-03-14,107.87000274658203,107.91999816894531,94.40705108642578
2016-03-15,107.20999908447266,106.23999786376953,92.93743133544922
2016-03-16,105.7300033569336,106.98999786376953,93.59353637695312
2016-03-17,106.98999786376953,108.62999725341797,95.02816009521484
2016-03-18,108.7699966430664,109.61000061035156,95.88546752929688
2016-03-21,109.44000244140625,109.3499984741211,95.65801239013672
2016-03-22,108.77999877929688,109.22000122070312,95.54430389404297
2016-03-23,108.54000091552734,106.87999725341797,93.7780532836914
2016-03-24,106.23999786376953,107.19999694824219,94.05883026123047
2016-03-28,107.43000030517578,107.33000183105469,94.17288970947266
2016-03-29,107.04000091552734,110.30999755859375,96.7875747680664
2016-03-30,110.88999938964844,110.31999969482422,96.79635620117188
2016-03-31,110.4800033569336,110.62999725341797,97.068359375
2016-04-01,109.61000061035156,111.12000274658203,97.498291015625
2016-04-04,110.91000366210938,110.19000244140625,96.68230438232422
2016-04-05,109.37000274658203,108.94000244140625,95.58552551269531
2016-04-06,108.93000030517578,110.16999816894531,96.66474914550781
2016-04-07,109.37000274658203,108.68000030517578,95.35739135742188
2016-04-08,109.61000061035156,109.11000061035156,95.73469543457031
2016-04-11,109.73999786376953,108.7699966430664,95.4363784790039
2016-04-12,108.79000091552734,109.94000244140625,96.46297454833984
2016-04-13,110.58000183105469,112.30999755859375,98.54241180419922
2016-04-14,112.26000213623047,112.16999816894531,98.41958618164062
2016-04-15,111.9000015258789,112.44999694824219,98.665283203125
2016-04-18,111.9800033569336,113.30000305175781,99.41104888916016
2016-04-19,113.51000213623047,113.38999938964844,99.4900131225586
2016-04-20,113.38999938964844,113.55999755859375,99.63916778564453
2016-04-21,113.47000122070312,112.98999786376953,99.13905334472656
2016-04-22,112.9800033569336,114.11000061035156,100.12178802490234
2016-04-25,113.80000305175781,113.30000305175781,99.41104888916016
2016-04-26,113.66999816894531,114.41000366210938,100.38499450683594
2016-04-27,114.4800033569336,114.80999755859375,100.73597717285156
2016-04-28,114.2699966430664,113.5,99.5865478515625
2016-04-29,113.01000213623047,112.4800033569336,98.69159698486328
2016-05-02,112.83000183105469,113.4800033569336,99.5689697265625
2016-05-03,112.55000305175781,111.62000274658203,97.93701934814453
2016-05-04,110.98999786376953,110.69999694824219,97.12977600097656
2016-05-05,111.1500015258789,110.26000213623047,96.74370574951172
2016-05-06,109.80000305175781,110.91000366210938,97.31403350830078
2016-05-09,110.91999816894531,111.2300033569336,97.59479522705078
2016-05-10,111.66000366210938,112.3499984741211,98.5775146484375
2016-05-11,112.0999984741211,110.95999908447266,97.3578872680664
2016-05-12,111.19000244140625,110.37000274658203,96.84024810791016
2016-05-13,110.05999755859375,109.63999938964844,96.19972229003906
2016-05-16,109.91999816894531,111.02999877929688,97.41931915283203
2016-05-17,110.87999725341797,109.2699966430664,95.87506103515625
2016-05-18,108.80999755859375,109.83999633789062,96.37519836425781
2016-05-19,109.04000091552734,108.95999908447266,95.60308074951172
2016-05-20,109.29000091552734,110.79000091552734,97.208740234375
2016-05-23,110.7699966430664,110.66000366210938,97.09468078613281
2016-05-24,111.30999755859375,112.94000244140625,99.09518432617188
2016-05-25,113.30000305175781,113.5999984741211,99.67427825927734
2016-05-26,113.7699966430664,113.47000122070312,99.56024169921875
2016-05-27,113.55999755859375,114.5999984741211,100.55167388916016
2016-05-31,114.81999969482422,115.0,100.90269470214844
2016-06-01,114.61000061035156,115.77999877929688,101.58705139160156
2016-06-02,115.48999786376953,116.66999816894531,102.3679428100586
2016-06-03,116.47000122070312,115.97000122070312,101.7537612915039
2016-06-06,116.08000183105469,117.22000122070312,102.85050201416016
2016-06-07,117.29000091552734,117.55999755859375,103.14883422851562
2016-06-08,117.66000366210938,118.43000030517578,103.91220092773438
2016-06-09,117.94000244140625,117.66999816894531,103.245361328125
2016-06-10,116.58000183105469,116.06999969482422,101.84146881103516
2016-06-13,115.6500015258789,114.80999755859375,100.73597717285156
2016-06-14,114.38999938964844,114.4800033569336,100.44641876220703
2016-06-15,114.88999938964844,114.55999755859375,100.51658630371094
2016-06-16,113.72000122070312,114.55000305175781,100.50782775878906
2016-06-17,114.41000366210938,114.05999755859375,100.07791137695312
2016-06-20,115.80000305175781,115.30000305175781,101.16588592529297
2016-06-21,115.33999633789062,115.08000183105469,100.97286224365234
2016-06-22,115.30000305175781,114.62999725341797,100.57799530029297
2016-06-23,115.81999969482422,116.81999969482422,102.49954223632812
2016-06-24,111.94000244140625,112.37999725341797,98.6038589477539
2016-06-27,111.06999969482422,108.69000244140625,95.36615753173828
2016-06-28,109.6500015258789,110.37000274658203,96.84024810791016
2016-06-29,111.69999694824219,112.87999725341797,99.04255676269531
2016-06-30,113.12000274658203,114.9800033569336,100.88512420654297
2016-07-01,115.05000305175781,115.38999938964844,101.2448501586914
2016-07-05,115.0199966430664,113.69000244140625,99.75323486328125
2016-07-06,112.54000091552734,113.88999938964844,100.47756958007812
2016-07-07,114.22000122070312,114.12999725341797,100.68928527832031
2016-07-08,115.25,116.79000091552734,103.03604888916016
2016-07-11,117.55999755859375,118.13999938964844,104.22705078125
2016-07-12,119.0,119.72000122070312,105.62098693847656
2016-07-13,120.33000183105469,119.25,105.20632934570312
2016-07-14,120.30000305175781,119.37000274658203,105.31217956542969
2016-07-15,119.88999938964844,119.69999694824219,105.60333251953125
2016-07-18,119.52999877929688,119.9000015258789,105.7798080444336
2016-07-19,119.76000213623047,119.30000305175781,105.25045013427734
2016-07-20,119.55000305175781,120.08000183105469,105.9385986328125
2016-07-21,120.01000213623047,119.51000213623047,105.43569946289062
2016-07-22,119.58000183105469,120.4000015258789,106.22090148925781
2016-07-25,120.1500015258789,120.22000122070312,106.06208801269531
2016-07-26,120.19999694824219,120.80000305175781,106.57379913330078
2016-07-27,121.0,121.13999938964844,106.87374877929688
2016-07-28,120.87999725341797,120.83000183105469,106.60026550292969
2016-07-29,120.70999908447266,121.06999969482422,106.81199645996094
2016-08-01,121.19999694824219,121.16999816894531,106.90023040771484
2016-08-02,121.16000366210938,119.4800033569336,105.40921783447266
2016-08-03,119.37000274658203,120.44999694824219,106.26502990722656
2016-08-04,120.44999694824219,120.55999755859375,106.36204528808594
2016-08-05,121.33999633789062,122.30000305175781,107.89712524414062
2016-08-08,122.3499984741211,122.23999786376953,107.84423065185547
2016-08-09,122.2699966430664,122.37000274658203,107.95890045166016
2016-08-10,122.37999725341797,121.48999786376953,107.18252563476562
2016-08-11,122.02999877929688,122.06999969482422,107.6942367553711
2016-08-12,121.83000183105469,122.19000244140625,107.80011749267578
2016-08-15,122.45999908447266,123.4000015258789,108.86761474609375
2016-08-16,123.08000183105469,122.4000015258789,107.98536682128906
2016-08-17,122.44000244140625,122.04000091552734,107.66777801513672
2016-08-18,122.08000183105469,122.94000244140625,108.46177673339844
2016-08-19,122.7699966430664,122.94000244140625,108.46177673339844
2016-08-22,122.68000030517578,123.22000122070312,108.70881652832031
2016-08-23,123.61000061035156,124.08000183105469,109.46751403808594
2016-08-24,123.94000244140625,123.06999969482422,108.57646942138672
2016-08-25,122.62000274658203,123.30999755859375,108.7882080078125
2016-08-26,123.44999694824219,123.05999755859375,108.56764221191406
2016-08-29,123.2699966430664,123.69999694824219,109.13226318359375
2016-08-30,123.83000183105469,123.93000030517578,109.33518981933594
2016-08-31,123.77999877929688,123.2300033569336,108.71761322021484
2016-09-01,123.33999633789062,123.31999969482422,108.79702758789062
2016-09-02,124.01000213623047,124.51000213623047,109.8469009399414
2016-09-06,124.91999816894531,124.62999725341797,109.95275115966797
2016-09-07,124.55000305175781,125.41000366210938,110.64088439941406
2016-09-08,125.30999755859375,125.16000366210938,110.42032623291016
2016-09-09,124.18000030517578,121.25,106.97077941894531
2016-09-12,120.69000244140625,122.94000244140625,108.46177673339844
2016-09-13,122.05999755859375,120.58000183105469,106.37969207763672
2016-09-14,120.7699966430664,120.5999984741211,106.39733123779297
2016-09-15,120.68000030517578,122.04000091552734,107.66777801513672
2016-09-16,122.04000091552734,121.86000061035156,107.50897216796875
2016-09-19,122.31999969482422,122.66999816894531,108.22358703613281
2016-09-20,123.19999694824219,122.1500015258789,107.76480865478516
2016-09-21,122.58000183105469,123.91999816894531,109.32635498046875
2016-09-22,124.7300033569336,125.69999694824219,110.89671325683594
2016-09-23,125.55999755859375,124.80999755859375,110.11152648925781
2016-09-26,123.80000305175781,123.2300033569336,109.01809692382812
2016-09-27,123.16999816894531,123.7300033569336,109.46041107177734
2016-09-28,123.94999694824219,124.68000030517578,110.3008804321289
2016-09-29,124.62000274658203,122.86000061035156,108.69075012207031
2016-09-30,123.41999816894531,124.20999908447266,109.88508605957031
2016-10-03,123.83000183105469,123.81999969482422,109.5400619506836
2016-10-04,124.0199966430664,123.20999908447266,109.00041961669922
2016-10-05,123.69000244140625,123.94999694824219,109.6550521850586
2016-10-06,123.75,123.81999969482422,109.5400619506836
2016-10-07,124.04000091552734,122.83000183105469,108.66425323486328
2016-10-10,122.83000183105469,124.30000305175781,109.96470642089844
2016-10-11,124.05000305175781,122.02999877929688,107.95647430419922
2016-10-12,122.08999633789062,121.93000030517578,107.86802673339844
2016-10-13,120.98999786376953,120.91999816894531,106.9745101928711
2016-10-14,121.36000061035156,120.43000030517578,106.541015625
2016-10-17,120.58000183105469,120.29000091552734,106.41718292236328
2016-10-18,121.5199966430664,120.9800033569336,107.0276107788086
2016-10-19,121.16999816894531,121.48999786376953,107.47874450683594
2016-10-20,121.13999938964844,121.12999725341797,107.1603012084961
2016-10-21,120.26000213623047,121.06999969482422,107.10720825195312
2016-10-24,122.04000091552734,121.83999633789062,107.78842163085938
2016-10-25,121.80999755859375,120.93000030517578,106.98335266113281
2016-10-26,120.11000061035156,119.7300033569336,105.9217529296875
2016-10-27,120.12000274658203,118.36000061035156,104.70973205566406
2016-10-28,118.30999755859375,118.02999877929688,104.41779327392578
2016-10-31,118.18000030517578,118.5,104.83360290527344
2016-11-01,118.66000366210938,117.05000305175781,103.55083465576172
2016-11-02,116.87000274658203,115.55999755859375,102.23268127441406
2016-11-03,115.91000366210938,115.0,101.73724365234375
2016-11-04,115.30000305175781,115.73999786376953,102.39190673828125
2016-11-07,118.0,118.56999969482422,104.89552307128906
2016-11-08,118.30000305175781,118.87999725341797,105.16976928710938
2016-11-09,118.08000183105469,122.54000091552734,108.40767669677734
2016-11-10,124.26000213623047,124.5,110.14163970947266
2016-11-11,125.02999877929688,127.36000061035156,112.67176055908203
2016-11-14,128.9499969482422,129.14999389648438,114.25534057617188
2016-11-15,128.85000610351562,129.5500030517578,114.60922241210938
2016-11-16,129.25,129.5399932861328,114.6003646850586
2016-11-17,129.9499969482422,130.3000030517578,115.27272033691406
2016-11-18,130.69000244140625,130.99000549316406,115.88314056396484
2016-11-21,131.30999755859375,131.60000610351562,116.42279815673828
2016-11-22,132.1199951171875,132.8000030517578,117.48442840576172
2016-11-23,132.47999572753906,133.6300048828125,118.21869659423828
2016-11-25,133.72999572753906,134.07000732421875,118.60796356201172
2016-11-28,133.97000122070312,132.3300018310547,117.06861114501953
2016-11-29,132.50999450683594,132.25999450683594,117.00666809082031
2016-11-30,132.9199981689453,131.61000061035156,116.431640625
2016-12-01,132.25,130.97000122070312,115.865478515625
2016-12-02,130.94000244140625,130.89999389648438,115.80353546142578
2016-12-05,131.97000122070312,133.14999389648438,117.79402160644531
2016-12-06,133.52000427246094,134.58999633789062,119.0679702758789
2016-12-07,134.58999633789062,135.89999389648438,120.22689056396484
2016-12-08,136.25,138.0399932861328,122.12007141113281
2016-12-09,138.39999389648438,138.30999755859375,122.35893249511719
2016-12-12,137.9499969482422,136.85000610351562,121.06732177734375
2016-12-13,137.52999877929688,136.86000061035156,121.07616424560547
2016-12-14,136.4199981689453,135.14999389648438,119.56340789794922
2016-12-15,135.3699951171875,136.16000366210938,120.45691680908203
2016-12-16,136.35000610351562,135.91000366210938,120.2356948852539
2016-12-19,136.0399932861328,136.8000030517578,121.02311706542969
2016-12-20,137.27999877929688,137.9600067138672,122.04933166503906
2016-12-21,137.85000610351562,137.05999755859375,121.25310516357422
2016-12-22,136.55999755859375,135.32000732421875,120.20755767822266
2016-12-23,135.4600067138672,136.0399932861328,120.84713745117188
2016-12-27,136.22999572753906,136.64999389648438,121.38899993896484
2016-12-28,136.88999938964844,135.25,120.1453857421875
2016-12-29,135.2899932861328,135.3699951171875,120.25194549560547
2016-12-30,135.60000610351562,134.85000610351562,119.79004669189453
2017-01-03,136.49000549316406,135.52000427246094,120.38521575927734
2017-01-04,136.0500030517578,137.77999877929688,122.392822265625
2017-01-05,137.49000549316406,136.19000244140625,120.98038482666016
2017-01-06,136.41000366210938,135.69000244140625,120.5362548828125
2017-01-09,135.5399932861328,134.8000030517578,119.74559783935547
2017-01-10,135.0,136.08999633789062,120.89156341552734
2017-01-11,136.22999572753906,136.3300018310547,121.10480499267578
2017-01-12,136.16000366210938,135.27999877929688,120.1719970703125
2017-01-13,135.64999389648438,136.25999450683594,121.04256439208984
2017-01-17,135.60000610351562,134.41000366210938,119.3991928100586
2017-01-18,134.75999450683594,134.85000610351562,119.79004669189453
2017-01-19,135.13999938964844,133.75,118.81290435791016
2017-01-20,133.75,134.44000244140625,119.42586517333984
2017-01-23,134.02999877929688,133.8800048828125,118.92838287353516
2017-01-24,134.33999633789062,135.92999267578125,120.74942016601562
2017-01-25,137.05999755859375,137.2100067138672,121.88648986816406
2017-01-26,137.33999633789062,136.66000366210938,121.39790344238281
2017-01-27,136.77000427246094,136.19000244140625,120.98038482666016
2017-01-30,135.22999572753906,134.2899932861328,119.29257202148438
2017-01-31,133.8699951171875,135.22999572753906,120.12757110595703
2017-02-01,136.22000122070312,135.14999389648438,120.05652618408203
2017-02-02,135.3000030517578,134.80999755859375,119.75450134277344
2017-02-03,135.99000549316406,136.8699951171875,121.58442687988281
2017-02-06,136.39999389648438,135.83999633789062,120.66950225830078
2017-02-07,135.82000732421875,135.24000549316406,120.13648986816406
2017-02-08,135.24000549316406,135.0,119.92330169677734
2017-02-09,135.0,136.89999389648438,121.61112976074219
2017-02-10,137.7899932861328,137.94000244140625,122.53497314453125
2017-02-13,138.77000427246094,138.3000030517578,122.854736328125
2017-02-14,137.94000244140625,138.75999450683594,123.26338958740234
2017-02-15,138.19000244140625,139.58999633789062,124.00070190429688
2017-02-16,139.4600067138672,139.1999969482422,123.65426635742188
2017-02-17,138.4499969482422,139.11000061035156,123.57429504394531
2017-02-21,139.3800048828125,140.1999969482422,124.54255676269531
2017-02-22,140.0,139.5800018310547,123.99185943603516
2017-02-23,139.9600067138672,138.75,123.25447082519531
2017-02-24,137.4600067138672,138.64999389648438,123.1656723022461
2017-02-27,138.33999633789062,140.0,124.36492156982422
2017-02-28,139.3800048828125,137.83999633789062,122.44609069824219
2017-03-01,139.64999389648438,140.36000061035156,124.68470001220703
2017-03-02,140.3300018310547,138.75,123.25447082519531
2017-03-03,138.8000030517578,138.64999389648438,123.1656723022461
2017-03-06,137.77999877929688,137.6999969482422,122.3217544555664
2017-03-07,137.39999389648438,136.8000030517578,121.52226257324219
2017-03-08,137.27999877929688,135.89999389648438,120.72277069091797
2017-03-09,135.8300018310547,135.36000061035156,120.24305725097656
2017-03-10,136.2899932861328,135.9600067138672,120.77606964111328
2017-03-13,135.64999389648438,136.27999877929688,121.06035614013672
2017-03-14,135.75,135.6300048828125,120.48292541503906
2017-03-15,136.2899932861328,137.72999572753906,122.34840393066406
2017-03-16,138.22000122070312,137.91000366210938,122.50826263427734
2017-03-17,138.13999938964844,138.4600067138672,122.99687957763672
2017-03-20,138.27999877929688,137.86000061035156,122.46393585205078
2017-03-21,138.50999450683594,133.97000122070312,119.00830841064453
2017-03-22,133.7100067138672,134.0,119.03496551513672
2017-03-23,134.0,134.77999877929688,119.72787475585938
2017-03-24,134.9499969482422,134.49000549316406,119.81428527832031
2017-03-27,132.75999450683594,134.74000549316406,120.03697967529297
2017-03-28,134.27999877929688,135.7899932861328,120.97238159179688
2017-03-29,135.6999969482422,136.22999572753906,121.36442565917969
2017-03-30,136.32000732421875,137.25999450683594,122.28204345703125
2017-03-31,137.4199981689453,137.47999572753906,122.47795867919922
2017-04-03,137.97000122070312,136.02999877929688,121.18622589111328
2017-04-04,135.92999267578125,135.8699951171875,121.04371643066406
2017-04-05,136.8300018310547,134.3300018310547,119.67173767089844
2017-04-06,134.5399932861328,135.5800018310547,120.78534698486328
2017-04-07,135.2100067138672,135.52000427246094,120.73188018798828
2017-04-10,135.47000122070312,135.82000732421875,120.9991455078125
2017-04-11,135.27000427246094,136.89999389648438,121.96131134033203
2017-04-12,136.63999938964844,135.0399932861328,120.30427551269531
2017-04-13,134.8800048828125,133.72000122070312,119.12831115722656
2017-04-17,134.07000732421875,135.2899932861328,120.52692413330078
2017-04-18,134.72000122070312,135.32000732421875,120.55370330810547
2017-04-19,135.69000244140625,135.7899932861328,120.97238159179688
2017-04-20,136.33999633789062,137.52000427246094,122.5136489868164
2017-04-21,137.24000549316406,137.2100067138672,122.23746490478516
2017-04-24,139.0800018310547,138.9199981689453,123.76081848144531
2017-04-25,140.24000549316406,140.27000427246094,124.96357727050781
2017-04-26,140.1699981689453,140.99000549316406,125.60498046875
2017-04-27,141.33999633789062,140.9499969482422,125.56935119628906
2017-04-28,141.02999877929688,139.05999755859375,123.88562774658203
2017-05-01,139.63999938964844,139.86000061035156,124.59829711914062
2017-05-02,139.97999572753906,139.14999389648438,123.96574401855469
2017-05-03,138.49000549316406,138.2899932861328,123.19961547851562
2017-05-04,138.52999877929688,138.10000610351562,123.03032684326172
2017-05-05,138.69000244140625,138.99000549316406,123.82323455810547
2017-05-08,138.66000366210938,138.41000366210938,123.30656433105469
2017-05-09,138.58999633789062,138.35000610351562,123.25308227539062
2017-05-10,138.0399932861328,139.2100067138672,124.01922607421875
2017-05-11,138.6699981689453,138.24000549316406,123.15509033203125
2017-05-12,137.7100067138672,137.50999450683594,122.50469207763672
2017-05-15,137.97999572753906,138.5800018310547,123.4579849243164
2017-05-16,138.97000122070312,138.6300048828125,123.50252532958984
2017-05-17,136.3300018310547,134.88999938964844,120.17059326171875
2017-05-18,134.57000732421875,135.3800048828125,120.60717010498047
2017-05-19,135.63999938964844,136.02999877929688,121.18622589111328
2017-05-22,136.25999450683594,136.9499969482422,122.0058364868164
2017-05-23,137.2899932861328,137.39999389648438,122.4067153930664
2017-05-24,137.50999450683594,137.49000549316406,122.48688507080078
2017-05-25,138.13999938964844,137.5800018310547,122.56710052490234
2017-05-26,137.3800048828125,137.5399932861328,122.53146362304688
2017-05-30,137.1199951171875,136.4600067138672,121.56928253173828
2017-05-31,136.83999633789062,136.32000732421875,121.44454193115234
2017-06-01,136.72000122070312,138.9499969482422,123.78759002685547
2017-06-02,139.4499969482422,139.85000610351562,124.58939361572266
2017-06-05,139.9600067138672,138.97999572753906,123.8143310546875
2017-06-06,138.11000061035156,138.85000610351562,123.69852447509766
2017-06-07,138.86000061035156,138.97999572753906,123.8143310546875
2017-06-08,138.97999572753906,140.8800048828125,125.50702667236328
2017-06-09,141.4600067138672,141.61000061035156,126.1573486328125
2017-06-12,141.66000366210938,141.3800048828125,125.95248413085938
2017-06-13,141.8000030517578,142.10000610351562,126.5938491821289
2017-06-14,142.02999877929688,141.25999450683594,125.84552764892578
2017-06-15,139.69000244140625,140.5399932861328,125.2041015625
2017-06-16,140.02999877929688,140.19000244140625,124.89228057861328
2017-06-19,140.55999755859375,141.22999572753906,125.81877136230469
2017-06-20,140.8800048828125,139.8000030517578,124.54483795166016
2017-06-21,140.0500030517578,139.4499969482422,124.23301696777344
2017-06-22,139.3699951171875,139.97999572753906,124.70520782470703
2017-06-23,140.13999938964844,140.91000366210938,125.53369903564453
2017-06-26,141.08999633789062,141.0800018310547,125.6852035522461
2017-06-27,141.10000610351562,139.83999633789062,124.5804443359375
2017-06-28,140.6699981689453,141.97999572753906,126.4869613647461
2017-06-29,142.24000549316406,141.13999938964844,125.73863220214844
2017-06-30,141.25,140.9199981689453,125.54263305664062
2017-07-03,141.33999633789062,142.10000610351562,126.5938491821289
2017-07-05,141.6999969482422,141.58999633789062,126.13954162597656
2017-07-06,139.92999267578125,139.13999938964844,124.49230194091797
2017-07-07,139.42999267578125,140.49000549316406,125.7001953125
2017-07-10,139.9199981689453,139.8800048828125,125.1543960571289
2017-07-11,139.77999877929688,140.2899932861328,125.52127838134766
2017-07-12,141.0500030517578,141.3699951171875,126.48753356933594
2017-07-13,141.1999969482422,141.49000549316406,126.5949478149414
2017-07-14,141.10000610351562,141.72999572753906,126.80968475341797
2017-07-17,141.60000610351562,142.05999755859375,127.10493469238281
2017-07-18,141.5399932861328,141.69000244140625,126.77387237548828
2017-07-19,141.8800048828125,143.10000610351562,128.03543090820312
2017-07-20,143.1199951171875,143.1999969482422,128.12493896484375
2017-07-21,143.00999450683594,142.5500030517578,127.54335021972656
2017-07-24,142.30999755859375,142.75,127.72229766845703
2017-07-25,143.6199951171875,144.0500030517578,128.8854217529297
2017-07-26,144.14999389648438,143.25,128.1696319580078
2017-07-27,143.47999572753906,142.33999633789062,127.35543823242188
2017-07-28,142.02000427246094,141.9600067138672,127.01547241210938
2017-07-31,142.22000122070312,141.50999450683594,126.61282348632812
2017-08-01,142.1699981689453,141.77999877929688,126.85441589355469
2017-08-02,141.58999633789062,140.22999572753906,125.46757507324219
2017-08-03,140.44000244140625,139.52999877929688,124.84130096435547
2017-08-04,139.91000366210938,140.2100067138672,125.44969940185547
2017-08-07,140.44000244140625,140.44000244140625,125.65542602539062
2017-08-08,140.41000366210938,140.0,125.2618179321289
2017-08-09,139.1199951171875,138.7899932861328,124.17915344238281
2017-08-10,138.27999877929688,136.27000427246094,121.9244613647461
2017-08-11,136.2100067138672,136.47000122070312,122.10343170166016
2017-08-14,137.25999450683594,138.5399932861328,123.95548248291016
2017-08-15,138.8000030517578,137.39999389648438,122.93547821044922
2017-08-16,137.6699981689453,137.44000244140625,122.97128295898438
2017-08-17,136.97999572753906,134.92999267578125,120.72550201416016
2017-08-18,134.47000122070312,134.9199981689453,120.71659088134766
2017-08-21,134.69000244140625,134.8300018310547,120.63604736328125
2017-08-22,135.25999450683594,136.2899932861328,121.9423828125
2017-08-23,135.52999877929688,136.07000732421875,121.74552154541016
2017-08-24,136.63999938964844,136.49000549316406,122.12133026123047
2017-08-25,136.8800048828125,136.8800048828125,122.47027587890625
2017-08-28,137.3699951171875,137.4600067138672,122.98920440673828
2017-08-29,136.49000549316406,137.49000549316406,123.0159912109375
2017-08-30,137.36000061035156,138.3699951171875,123.80338287353516
2017-08-31,138.91000366210938,139.72999572753906,125.02020263671875
2017-09-01,139.97999572753906,140.52000427246094,125.7270278930664
2017-09-05,140.6300048828125,139.1699981689453,124.51914978027344
2017-09-06,139.74000549316406,139.4600067138672,124.77867889404297
2017-09-07,139.58999633789062,139.11000061035156,124.46546936035156
2017-09-08,138.92999267578125,139.22000122070312,124.56390380859375
2017-09-11,140.38999938964844,140.67999267578125,125.8702392578125
2017-09-12,141.0399932861328,141.5399932861328,126.63965606689453
2017-09-13,141.41000366210938,141.9600067138672,127.01547241210938
2017-09-14,141.77999877929688,141.8300018310547,126.89915466308594
2017-09-15,141.63999938964844,142.41000366210938,127.41812896728516
2017-09-18,142.6199951171875,143.3800048828125,128.2860107421875
2017-09-19,143.57000732421875,143.3800048828125,128.2860107421875
2017-09-20,143.52999877929688,143.83999633789062,128.69749450683594
2017-09-21,144.02000427246094,143.69000244140625,128.56333923339844
2017-09-22,143.6699981689453,144.3000030517578,129.1090850830078
2017-09-25,144.27000427246094,144.5,129.28805541992188
2017-09-26,144.2899932861328,144.61000061035156,129.6997528076172
2017-09-27,145.6300048828125,147.44000244140625,132.23797607421875
2017-09-28,147.25,147.8300018310547,132.58775329589844
2017-09-29,147.9199981689453,148.17999267578125,132.90162658691406
2017-10-02,148.30999755859375,150.0,134.53395080566406
2017-10-03,150.11000061035156,150.3300018310547,134.8299560546875
2017-10-04,150.08999633789062,149.85000610351562,134.3994598388672
2017-10-05,150.2899932861328,150.25999450683594,134.76718139648438
2017-10-06,149.7100067138672,150.0500030517578,134.57882690429688
2017-10-09,150.19000244140625,149.42999267578125,134.02273559570312
2017-10-10,149.92999267578125,149.86000061035156,134.408447265625
2017-10-11,149.94000244140625,149.75,134.3097381591797
2017-10-12,149.4600067138672,149.63999938964844,134.21109008789062
2017-10-13,149.9199981689453,149.3699951171875,133.96897888183594
2017-10-16,149.61000061035156,149.24000549316406,133.8523406982422
2017-10-17,149.27000427246094,148.80999755859375,133.4666748046875
2017-10-18,149.5,149.52000427246094,134.103515625
2017-10-19,148.77000427246094,149.2899932861328,133.8971710205078
2017-10-20,150.30999755859375,149.97999572753906,134.5160675048828
2017-10-23,150.14999389648438,148.86000061035156,133.5115509033203
2017-10-24,149.38999938964844,149.1699981689453,133.78956604003906
2017-10-25,148.94000244140625,148.4499969482422,133.143798828125
2017-10-26,148.94000244140625,148.75999450683594,133.4218292236328
2017-10-27,148.8800048828125,149.7899932861328,134.34561157226562
2017-10-30,148.8800048828125,148.2100067138672,132.92855834960938
2017-10-31,148.7899932861328,149.25999450683594,133.87025451660156
2017-11-01,150.5,148.27000427246094,132.98231506347656
2017-11-02,148.24000549316406,148.7100067138672,133.3770294189453
2017-11-03,148.47999572753906,148.61000061035156,133.28729248046875
2017-11-06,148.75,148.77999877929688,133.43983459472656
2017-11-07,148.8000030517578,147.0,131.84332275390625
2017-11-08,146.66000366210938,147.1999969482422,132.02268981933594
2017-11-09,146.27000427246094,146.67999267578125,131.55628967285156
2017-11-10,146.7100067138672,146.57000732421875,131.45761108398438
2017-11-13,145.92999267578125,146.61000061035156,131.49346923828125
2017-11-14,146.05999755859375,146.2100067138672,131.13475036621094
2017-11-15,145.35000610351562,145.6300048828125,130.6145477294922
2017-11-16,146.2100067138672,147.77000427246094,132.53395080566406
2017-11-17,147.25,148.4499969482422,133.143798828125
2017-11-20,148.75999450683594,149.52999877929688,134.11241149902344
2017-11-21,150.1999969482422,151.08999633789062,135.5115509033203
2017-11-22,151.27999877929688,150.88999938964844,135.33221435546875
2017-11-24,151.2100067138672,150.9499969482422,135.38601684570312
2017-11-27,151.3000030517578,150.49000549316406,134.97348022460938
2017-11-28,151.02000427246094,152.86000061035156,137.09906005859375
2017-11-29,153.33999633789062,153.3699951171875,137.55648803710938
2017-11-30,154.10000610351562,153.64999389648438,137.8076171875
2017-12-01,153.02000427246094,153.02000427246094,137.24261474609375
2017-12-04,154.89999389648438,152.4499969482422,136.7313232421875
2017-12-05,151.39999389648438,150.92999267578125,135.3681182861328
2017-12-06,150.3699951171875,150.22000122070312,134.73130798339844
2017-12-07,151.30999755859375,151.27000427246094,135.67308044433594
2017-12-08,152.14999389648438,151.41000366210938,135.7986297607422
2017-12-11,151.42999267578125,151.35000610351562,135.74476623535156
2017-12-12,151.6999969482422,150.8800048828125,135.32322692871094
2017-12-13,150.80999755859375,151.77999877929688,136.1304473876953
2017-12-14,151.85000610351562,150.10000610351562,134.62368774414062
2017-12-15,151.0500030517578,152.24000549316406,136.5430908203125
2017-12-18,153.6699981689453,154.3000030517578,138.39064025878906
2017-12-19,154.75,153.0800018310547,137.29641723632812
2017-12-20,153.75,153.3800048828125,137.56546020507812
2017-12-21,153.24000549316406,153.47000122070312,138.16778564453125
2017-12-22,153.3800048828125,153.19000244140625,137.91571044921875
2017-12-26,153.0,153.27999877929688,137.99671936035156
2017-12-27,153.2100067138672,153.1300048828125,137.86172485351562
2017-12-28,153.24000549316406,153.72999572753906,138.40187072753906
2017-12-29,154.14999389648438,152.4600067138672,137.25848388671875
2018-01-02,153.1999969482422,153.89999389648438,138.554931640625
2018-01-03,153.8699951171875,154.05999755859375,138.69891357421875
2018-01-04,154.97000122070312,154.47000122070312,139.0680389404297
2018-01-05,154.8800048828125,154.7899932861328,139.3561553955078
2018-01-08,154.72999572753906,155.02999877929688,139.57223510742188
2018-01-09,155.24000549316406,154.82000732421875,139.38316345214844
2018-01-10,154.47000122070312,154.83999633789062,139.40115356445312
2018-01-11,155.07000732421875,157.5,141.7959442138672
2018-01-12,157.67999267578125,158.16000366210938,142.39015197753906
2018-01-16,158.86000061035156,156.13999938964844,140.57156372070312
2018-01-17,156.8000030517578,157.6199951171875,141.9040069580078
2018-01-18,157.22000122070312,156.5399932861328,140.93165588378906
2018-01-19,156.72999572753906,158.60000610351562,142.78628540039062
2018-01-22,158.39999389648438,159.4499969482422,143.55149841308594
2018-01-23,159.24000549316406,159.9600067138672,144.0106658935547
2018-01-24,160.36000061035156,158.97000122070312,143.11936950683594
2018-01-25,159.63999938964844,159.02999877929688,143.17340087890625
2018-01-26,159.52999877929688,159.60000610351562,143.68655395507812
2018-01-29,159.05999755859375,158.6999969482422,142.8762969970703
2018-01-30,157.66000366210938,157.17999267578125,141.50782775878906
2018-01-31,157.74000549316406,156.36000061035156,140.76962280273438
2018-02-01,155.72999572753906,156.85000610351562,141.21078491210938
2018-02-02,156.1300048828125,153.8300018310547,138.4918975830078
2018-02-05,152.6699981689453,147.9199981689453,133.17112731933594
2018-02-06,145.52999877929688,149.69000244140625,134.7646484375
2018-02-07,149.61000061035156,149.83999633789062,134.8997039794922
2018-02-08,149.99000549316406,145.44000244140625,130.9384765625
2018-02-09,146.75999450683594,146.77000427246094,132.13583374023438
2018-02-12,146.9199981689453,148.16000366210938,133.38726806640625
2018-02-13,147.3800048828125,148.47999572753906,133.67532348632812
2018-02-14,147.6300048828125,151.14999389648438,136.07907104492188
2018-02-15,152.22000122070312,152.8000030517578,137.56460571289062
2018-02-16,152.61000061035156,153.33999633789062,138.05075073242188
2018-02-20,152.5500030517578,152.0800018310547,136.9163360595703
2018-02-21,152.4199981689453,152.24000549316406,137.0604248046875
2018-02-22,152.80999755859375,152.0,136.84434509277344
2018-02-23,152.97999572753906,153.97999572753906,138.626953125
2018-02-26,154.52999877929688,154.99000549316406,139.53622436523438
2018-02-27,155.17999267578125,152.75999450683594,137.52857971191406
2018-02-28,153.13999938964844,150.35000610351562,135.35887145996094
2018-03-01,150.0500030517578,149.9499969482422,134.99874877929688
2018-03-02,148.7100067138672,152.35000610351562,137.15943908691406
2018-03-05,151.82000732421875,153.7100067138672,138.38388061523438
2018-03-06,154.42999267578125,155.3699951171875,139.8783721923828
2018-03-07,154.4600067138672,156.74000549316406,141.1117706298828
2018-03-08,156.89999389648438,156.4199981689453,140.82362365722656
2018-03-09,157.30999755859375,158.9199981689453,143.07432556152344
2018-03-12,159.25,159.1999969482422,143.326416015625
2018-03-13,160.0,158.4600067138672,142.66026306152344
2018-03-14,159.22000122070312,157.7100067138672,141.98504638671875
2018-03-15,158.10000610351562,156.9199981689453,141.2737579345703
2018-03-16,156.97999572753906,157.8000030517578,142.0660858154297
2018-03-19,157.1699981689453,156.27999877929688,140.69760131835938
2018-03-20,156.6699981689453,156.24000549316406,140.66160583496094
2018-03-21,156.32000732421875,157.14999389648438,141.48081970214844
2018-03-22,155.66000366210938,153.35000610351562,138.37855529785156
2018-03-23,153.55999755859375,150.0500030517578,135.40066528320312
2018-03-26,152.08999633789062,153.3300018310547,138.36048889160156
2018-03-27,153.66000366210938,150.36000061035156,135.68043518066406
2018-03-28,150.74000549316406,150.30999755859375,135.6352996826172
2018-03-29,151.0800018310547,151.8300018310547,137.00689697265625
2018-04-02,151.52000427246094,148.1300048828125,133.66812133789062
2018-04-03,149.02000427246094,150.25,135.5811309814453
2018-04-04,148.5,152.16000366210938,137.3047332763672
2018-04-05,153.0399932861328,153.4199981689453,138.44166564941406
2018-04-06,152.3699951171875,150.36000061035156,135.68043518066406
2018-04-09,151.39999389648438,150.5399932861328,135.84288024902344
2018-04-10,152.13999938964844,153.3800048828125,138.40557861328125
2018-04-11,152.77999877929688,153.7100067138672,138.70335388183594
2018-04-12,154.42999267578125,154.75999450683594,139.65084838867188
2018-04-13,155.2899932861328,153.9499969482422,138.91995239257812
2018-04-16,154.83999633789062,155.3699951171875,140.2013397216797
2018-04-17,156.2100067138672,157.05999755859375,141.726318359375
2018-04-18,157.52000427246094,157.47999572753906,142.10528564453125
2018-04-19,157.13999938964844,156.38999938964844,141.1217041015625
2018-04-20,156.0500030517578,155.5500030517578,140.3637237548828
2018-04-23,155.77999877929688,155.32000732421875,140.15621948242188
2018-04-24,155.89999389648438,154.42999267578125,139.35302734375
2018-04-25,154.36000061035156,154.1999969482422,139.1455078125
2018-04-26,154.4199981689453,154.91000366210938,139.7862091064453
2018-04-27,154.8800048828125,154.69000244140625,139.58767700195312
2018-04-30,155.02000427246094,153.32000732421875,138.35142517089844
2018-05-01,153.00999450683594,154.07000732421875,139.0282440185547
2018-05-02,153.77999877929688,154.64999389648438,139.5515899658203
2018-05-03,154.11000061035156,153.80999755859375,138.79356384277344
2018-05-04,153.25999450683594,155.72999572753906,140.526123046875
2018-05-07,156.19000244140625,157.0500030517578,141.71725463867188
2018-05-08,156.9199981689453,157.8300018310547,142.4210968017578
2018-05-09,158.00999450683594,158.67999267578125,143.1881561279297
2018-05-10,158.89999389648438,159.52999877929688,143.9551544189453
2018-05-11,159.5500030517578,159.83999633789062,144.2349090576172
2018-05-14,160.02000427246094,159.22999572753906,143.68446350097656
2018-05-15,158.7100067138672,159.25999450683594,143.71153259277344
2018-05-16,159.49000549316406,160.9199981689453,145.20947265625
2018-05-17,161.0,161.66000366210938,145.87721252441406
2018-05-18,161.9499969482422,161.8699951171875,146.06671142578125
2018-05-21,162.3699951171875,162.94000244140625,147.03224182128906
2018-05-22,163.25999450683594,161.75999450683594,145.96742248535156
2018-05-23,161.3300018310547,161.97000122070312,146.15696716308594
2018-05-24,161.9199981689453,162.02999877929688,146.2111053466797
2018-05-25,161.75,161.74000549316406,145.94935607910156
2018-05-29,160.8800048828125,161.52000427246094,145.75088500976562
2018-05-30,162.36000061035156,164.0800018310547,148.06097412109375
2018-05-31,164.0800018310547,162.77000427246094,146.8788604736328
2018-06-01,163.8300018310547,163.83999633789062,147.8444061279297
2018-06-04,164.32000732421875,164.7100067138672,148.62948608398438
2018-06-05,164.5500030517578,165.72999572753906,149.54983520507812
2018-06-06,165.7100067138672,166.92999267578125,150.63270568847656
2018-06-07,167.11000061035156,166.02000427246094,149.8115692138672
2018-06-08,166.05999755859375,166.52000427246094,150.2627410888672
2018-06-11,166.63999938964844,166.77000427246094,150.48829650878906
2018-06-12,166.9199981689453,167.52999877929688,151.1741485595703
2018-06-13,167.77000427246094,166.8699951171875,150.57858276367188
2018-06-14,167.49000549316406,167.75999450683594,151.3816375732422
2018-06-15,167.24000549316406,167.80999755859375,151.4268035888672
2018-06-18,166.97000122070312,168.60000610351562,152.13961791992188
2018-06-19,167.5500030517578,168.61000061035156,152.148681640625
2018-06-20,169.4499969482422,169.97000122070312,153.3759002685547
2018-06-21,169.97999572753906,168.3800048828125,151.94114685058594
2018-06-22,169.00999450683594,167.82000732421875,151.43582153320312
2018-06-25,167.24000549316406,165.0800018310547,148.9633026123047
2018-06-26,165.22999572753906,166.0399932861328,149.82955932617188
2018-06-27,166.2100067138672,163.3800048828125,147.42929077148438
2018-06-28,163.22999572753906,163.8800048828125,147.88046264648438
2018-06-29,164.30999755859375,163.77000427246094,147.78118896484375
2018-07-02,162.75999450683594,164.89999389648438,148.80088806152344
2018-07-03,164.75,164.9600067138672,149.3940887451172
2018-07-05,165.86000061035156,166.83999633789062,151.09666442871094
2018-07-06,166.97000122070312,168.25,152.3735809326172
2018-07-09,169.00999450683594,169.30999755859375,153.33363342285156
2018-07-10,169.5800018310547,168.5399932861328,152.63626098632812
2018-07-11,167.6199951171875,167.11000061035156,151.3412322998047
2018-07-12,168.07000732421875,167.9199981689453,152.07476806640625
2018-07-13,167.85000610351562,167.4199981689453,151.6219482421875
2018-07-16,167.75999450683594,166.77000427246094,151.0332794189453
2018-07-17,166.75,167.50999450683594,151.7034149169922
2018-07-18,167.36000061035156,167.97999572753906,152.1291046142578
2018-07-19,167.77000427246094,169.1699981689453,153.20684814453125
2018-07-20,168.8000030517578,168.47999572753906,152.58192443847656
2018-07-23,168.3000030517578,168.69000244140625,152.77210998535156
2018-07-24,169.4499969482422,166.88999938964844,151.14195251464844
2018-07-25,166.94000244140625,167.5,151.6943817138672
2018-07-26,167.66000366210938,168.39999389648438,152.50949096679688
2018-07-27,168.5,165.25999450683594,149.66574096679688
2018-07-30,165.25,164.1999969482422,148.70582580566406
2018-07-31,164.52999877929688,165.8699951171875,150.21815490722656
2018-08-01,165.6999969482422,165.75999450683594,150.11863708496094
2018-08-02,164.9600067138672,166.97000122070312,151.2144012451172
2018-08-03,167.14999389648438,166.38999938964844,150.68911743164062
2018-08-06,166.27000427246094,167.32000732421875,151.5313720703125
2018-08-07,167.88999938964844,167.72000122070312,151.89366149902344
2018-08-08,167.72000122070312,167.57000732421875,151.75778198242188
2018-08-09,167.64999389648438,168.0,152.14723205566406
2018-08-10,167.0500030517578,167.52999877929688,151.7215576171875
2018-08-13,167.74000549316406,166.5500030517578,150.83407592773438
2018-08-14,166.91000366210938,168.1999969482422,152.328369140625
2018-08-15,167.6999969482422,166.08999633789062,150.41744995117188
2018-08-16,166.86000061035156,167.6300048828125,151.81214904785156
2018-08-17,167.47000122070312,168.35000610351562,152.4641876220703
2018-08-20,168.80999755859375,168.82000732421875,152.88983154296875
2018-08-21,169.13999938964844,170.75999450683594,154.646728515625
2018-08-22,170.58999633789062,171.17999267578125,155.0271453857422
2018-08-23,171.08999633789062,170.66000366210938,154.5562286376953
2018-08-24,171.14999389648438,171.58999633789062,155.39842224121094
2018-08-27,172.11000061035156,171.83999633789062,155.62486267089844
2018-08-28,172.16000366210938,172.0,155.76976013183594
2018-08-29,172.02000427246094,172.5,156.22262573242188
2018-08-30,172.1699981689453,172.36000061035156,156.09579467773438
2018-08-31,171.9600067138672,173.02000427246094,156.69354248046875
2018-09-04,172.7899932861328,172.25,155.99615478515625
2018-09-05,172.17999267578125,171.7899932861328,155.57955932617188
2018-09-06,172.1699981689453,170.6300048828125,154.529052734375
2018-09-07,170.2100067138672,170.5399932861328,154.4475555419922
2018-09-10,171.25,170.75,154.6376953125
2018-09-11,170.60000610351562,171.02999877929688,154.89129638671875
2018-09-12,170.7899932861328,170.6199951171875,154.51995849609375
2018-09-13,171.27999877929688,170.66000366210938,154.5562286376953
2018-09-14,170.77000427246094,171.3800048828125,155.208251953125
2018-09-17,171.4199981689453,169.55999755859375,153.55996704101562
2018-09-18,169.8000030517578,170.27000427246094,154.20303344726562
2018-09-19,170.27999877929688,169.64999389648438,153.64154052734375
2018-09-20,170.3699951171875,171.22000122070312,155.0633544921875
2018-09-21,171.75,170.39999389648438,154.32073974609375
2018-09-24,170.25999450683594,169.77000427246094,153.7501983642578
2018-09-25,170.0500030517578,170.02999877929688,153.98565673828125
2018-09-26,169.92999267578125,168.02999877929688,152.57821655273438
2018-09-27,168.3699951171875,168.0399932861328,152.5872802734375
2018-09-28,167.4499969482422,168.5500030517578,153.05038452148438
2018-10-01,169.2899932861328,166.3300018310547,151.03451538085938
2018-10-02,166.17999267578125,164.52999877929688,149.40005493164062
2018-10-03,165.17999267578125,165.97000122070312,150.7076416015625
2018-10-04,165.44000244140625,163.63999938964844,148.5919189453125
2018-10-05,163.75,162.16000366210938,147.24801635742188
2018-10-08,161.77000427246094,161.82000732421875,146.9392547607422
2018-10-09,161.6199951171875,161.19000244140625,146.3671875
2018-10-10,160.82000732421875,156.55999755859375,142.16297912597656
2018-10-11,155.80999755859375,153.57000732421875,139.44793701171875
2018-10-12,155.55999755859375,153.60000610351562,139.47511291503906
2018-10-15,153.36000061035156,154.1699981689453,139.9927520751953
2018-10-16,155.27999877929688,158.63999938964844,144.05169677734375
2018-10-17,158.17999267578125,157.9600067138672,143.4342498779297
2018-10-18,157.41000366210938,155.0,140.74644470214844
2018-10-19,155.47000122070312,153.36000061035156,139.2572479248047
2018-10-22,153.9199981689453,153.02999877929688,138.95755004882812
2018-10-23,150.92999267578125,151.66000366210938,137.71353149414062
2018-10-24,151.42999267578125,145.9499969482422,132.5286407470703
2018-10-25,146.72999572753906,149.11000061035156,135.3980255126953
2018-10-26,147.5399932861328,147.47999572753906,133.91793823242188
2018-10-29,149.1300048828125,146.6699981689453,133.1824493408203
2018-10-30,146.85000610351562,149.72999572753906,135.96104431152344
2018-10-31,151.25999450683594,150.02999877929688,136.2335205078125
2018-11-01,150.88999938964844,153.49000549316406,139.37527465820312
2018-11-02,154.05999755859375,154.0,139.83834838867188
2018-11-05,154.0399932861328,153.8800048828125,139.72940063476562
2018-11-06,153.64999389648438,154.63999938964844,140.4195098876953
2018-11-07,155.36000061035156,157.41000366210938,142.934814453125
2018-11-08,156.61000061035156,156.99000549316406,142.5534210205078
2018-11-09,156.0,154.0800018310547,139.91102600097656
2018-11-12,154.02000427246094,151.02999877929688,137.14149475097656
2018-11-13,151.60000610351562,150.5500030517578,136.70565795898438
2018-11-14,151.82000732421875,149.4499969482422,135.706787109375
2018-11-15,148.49000549316406,151.5800018310547,137.64093017578125
2018-11-16,150.61000061035156,151.94000244140625,137.96780395507812
2018-11-19,151.67999267578125,148.86000061035156,135.1710205078125
2018-11-20,147.25,145.99000549316406,132.56495666503906
2018-11-21,146.77999877929688,148.02999877929688,134.41732788085938
2018-11-23,146.82000732421875,147.88999938964844,134.29025268554688
2018-11-26,149.32000732421875,149.80999755859375,136.03369140625
2018-11-27,149.17999267578125,148.57000732421875,134.90773010253906
2018-11-28,149.1999969482422,152.24000549316406,138.240234375
2018-11-29,151.61000061035156,151.8300018310547,137.86795043945312
2018-11-30,151.4600067138672,152.6199951171875,138.58526611328125
2018-12-03,154.38999938964844,154.0800018310547,139.91102600097656
2018-12-04,153.75,147.52000427246094,133.9542694091797
2018-12-06,145.4499969482422,147.1999969482422,133.66366577148438
2018-12-07,147.13999938964844,144.02000427246094,130.776123046875
2018-12-10,144.27000427246094,143.60000610351562,130.39476013183594
2018-12-11,145.67999267578125,143.4499969482422,130.25851440429688
2018-12-12,144.8800048828125,144.82000732421875,131.50257873535156
2018-12-13,145.24000549316406,142.77000427246094,129.64105224609375
2018-12-14,141.72999572753906,140.61000061035156,127.67967224121094
2018-12-17,139.6699981689453,137.02000427246094,124.83621978759766
2018-12-18,138.25999450683594,136.85000610351562,124.68136596679688
2018-12-19,136.8000030517578,134.0,122.08474731445312
2018-12-20,133.6300048828125,131.7899932861328,120.07127380371094
2018-12-21,132.3800048828125,128.3699951171875,116.95539855957031
2018-12-24,127.7300033569336,125.87999725341797,114.68677520751953
2018-12-26,126.27999877929688,131.92999267578125,120.19883728027344
2018-12-27,130.27000427246094,132.47999572753906,120.69990539550781
2018-12-28,132.47999572753906,132.86000061035156,121.04615020751953
2018-12-31,133.72000122070312,133.89999389648438,121.99365234375
2019-01-02,132.1699981689453,134.66000366210938,122.68607330322266
2019-01-03,133.91000366210938,132.25,120.4903564453125
2019-01-04,133.9199981689453,137.19000244140625,124.99110412597656
2019-01-07,137.25999450683594,139.58999633789062,127.17770385742188
2019-01-08,140.8000030517578,141.72999572753906,129.12738037109375
2019-01-09,142.22000122070312,142.89999389648438,130.19338989257812
2019-01-10,142.05999755859375,143.63999938964844,130.86758422851562
2019-01-11,143.00999450683594,143.67999267578125,130.90403747558594
2019-01-14,142.82000732421875,142.25,129.60113525390625
2019-01-15,142.64999389648438,143.4499969482422,130.69447326660156
2019-01-16,143.67999267578125,144.52000427246094,131.66932678222656
2019-01-17,143.99000549316406,145.8300018310547,132.8628387451172
2019-01-18,146.60000610351562,147.3300018310547,134.22946166992188
2019-01-22,146.4600067138672,145.0,132.106689453125
2019-01-23,145.32000732421875,144.60000610351562,131.74217224121094
2019-01-24,144.42999267578125,145.47000122070312,132.53485107421875
2019-01-25,146.6199951171875,147.33999633789062,134.23854064941406
2019-01-28,145.9600067138672,146.5500030517578,133.51878356933594
2019-01-29,146.7100067138672,146.1999969482422,133.19998168945312
2019-01-30,146.97999572753906,147.8000030517578,134.65765380859375
2019-01-31,147.61000061035156,149.05999755859375,135.80564880371094
2019-02-01,149.35000610351562,149.17999267578125,135.91497802734375
2019-02-04,149.41000366210938,150.9600067138672,137.53663635253906
2019-02-05,151.00999450683594,151.1199951171875,137.6824493408203
2019-02-06,151.0399932861328,150.92999267578125,137.50933837890625
2019-02-07,149.9199981689453,149.69000244140625,136.37962341308594
2019-02-08,149.05999755859375,149.85000610351562,136.525390625
2019-02-11,150.2899932861328,151.10000610351562,137.6642303466797
2019-02-12,151.9199981689453,152.99000549316406,139.3861541748047
2019-02-13,153.4199981689453,153.4199981689453,139.77796936035156
2019-02-14,152.5800018310547,153.77000427246094,140.09683227539062
2019-02-15,154.77999877929688,156.22000122070312,142.32891845703125
2019-02-19,155.5500030517578,156.64999389648438,142.72071838378906
2019-02-20,156.66000366210938,157.38999938964844,143.39492797851562
2019-02-21,157.1300048828125,156.7899932861328,142.84829711914062
2019-02-22,157.27000427246094,158.14999389648438,144.08737182617188
2019-02-25,159.0800018310547,158.19000244140625,144.12379455566406
2019-02-26,158.00999450683594,157.10000610351562,143.13070678710938
2019-02-27,156.49000549316406,157.32000732421875,143.33114624023438
2019-02-28,157.08999633789062,156.77999877929688,142.8391571044922
2019-03-01,157.9499969482422,158.24000549316406,144.1693878173828
2019-03-04,158.5399932861328,156.80999755859375,142.8665008544922
2019-03-05,156.94000244140625,156.0800018310547,142.2014617919922
2019-03-06,156.02000427246094,153.02000427246094,139.41351318359375
2019-03-07,153.02000427246094,151.67999267578125,138.19265747070312
2019-03-08,150.83999633789062,151.63999938964844,138.15621948242188
2019-03-11,152.11000061035156,154.2899932861328,140.57057189941406
2019-03-12,154.39999389648438,154.3699951171875,140.64341735839844
2019-03-13,154.9199981689453,154.97999572753906,141.19920349121094
2019-03-14,154.89999389648438,154.35000610351562,140.62522888183594
2019-03-15,154.52999877929688,154.75999450683594,140.99876403808594
2019-03-18,155.05999755859375,155.75,141.90077209472656
2019-03-19,156.47999572753906,154.9600067138672,141.1810302734375
2019-03-20,154.5399932861328,153.25999450683594,140.00440979003906
2019-03-21,152.72999572753906,155.27000427246094,141.84054565429688
2019-03-22,154.1999969482422,149.6199951171875,136.67922973632812
2019-03-25,149.47999572753906,150.27999877929688,137.28216552734375
2019-03-26,151.47000122070312,151.86000061035156,138.72549438476562
2019-03-27,151.7100067138672,151.27000427246094,138.18650817871094
2019-03-28,151.7899932861328,152.6199951171875,139.41976928710938
2019-03-29,153.67999267578125,153.08999633789062,139.84909057617188
2019-04-01,154.2899932861328,154.75999450683594,141.3746337890625
2019-04-02,154.8699951171875,154.36000061035156,141.0092315673828
2019-04-03,155.74000549316406,155.16000366210938,141.74008178710938
2019-04-04,155.27999877929688,155.9199981689453,142.43434143066406
2019-04-05,156.3000030517578,157.3800048828125,143.7680206298828
2019-04-08,156.85000610351562,157.1199951171875,143.53053283691406
2019-04-09,156.4600067138672,155.1999969482422,141.77659606933594
2019-04-10,155.47999572753906,157.30999755859375,143.70411682128906
2019-04-11,157.52000427246094,157.11000061035156,143.52139282226562
2019-04-12,158.1300048828125,157.67999267578125,144.04208374023438
2019-04-15,157.9499969482422,157.1699981689453,143.5762176513672
2019-04-16,157.7100067138672,157.5399932861328,143.91419982910156
2019-04-17,158.08999633789062,156.10000610351562,142.59873962402344
2019-04-18,156.11000061035156,155.63999938964844,142.1785125732422
2019-04-22,155.30999755859375,155.22999572753906,141.80397033691406
2019-04-23,155.3699951171875,157.57000732421875,143.94163513183594
2019-04-24,157.6199951171875,158.05999755859375,144.38926696777344
2019-04-25,157.3300018310547,156.75,143.19253540039062
2019-04-26,156.9600067138672,158.27000427246094,144.58106994628906
2019-04-29,158.6199951171875,159.02999877929688,145.2753448486328
2019-04-30,159.14999389648438,158.2899932861328,144.5993194580078
2019-05-01,158.6699981689453,156.7899932861328,143.2290802001953
2019-05-02,156.63999938964844,157.52000427246094,143.89593505859375
2019-05-03,158.30999755859375,160.52999877929688,146.64559936523438
2019-05-06,158.17999267578125,160.7100067138672,146.81004333496094
2019-05-07,159.30999755859375,157.52999877929688,143.9050750732422
2019-05-08,157.25999450683594,156.75999450683594,143.20169067382812
2019-05-09,155.52000427246094,156.19000244140625,142.6809539794922
2019-05-10,155.58999633789062,156.6199951171875,143.07376098632812
2019-05-13,153.69000244140625,151.6300048828125,138.51539611816406
2019-05-14,151.9600067138672,153.5399932861328,140.26016235351562
2019-05-15,152.39999389648438,154.0399932861328,140.71690368652344
2019-05-16,154.50999450683594,155.0,141.5939178466797
2019-05-17,153.82000732421875,152.83999633789062,139.6207275390625
2019-05-20,151.92999267578125,151.77999877929688,138.6523895263672
2019-05-21,152.6300048828125,153.82000732421875,140.5159912109375
2019-05-22,153.22000122070312,152.52999877929688,139.3375244140625
2019-05-23,151.05999755859375,149.38999938964844,136.46910095214844
2019-05-24,150.3800048828125,150.7899932861328,137.748046875
2019-05-28,151.00999450683594,149.58999633789062,136.6517791748047
2019-05-29,148.83999633789062,148.33999633789062,135.50994873046875
2019-05-30,148.75,147.92999267578125,135.13539123535156
2019-05-31,146.19000244140625,145.86000061035156,133.244384765625
2019-06-03,146.1300048828125,146.3699951171875,133.71029663085938
2019-06-04,147.9199981689453,150.16000366210938,137.17251586914062
2019-06-05,150.75999450683594,150.19000244140625,137.19996643066406
2019-06-06,150.1199951171875,149.8000030517578,136.84364318847656
2019-06-07,150.35000610351562,150.86000061035156,137.8119659423828
2019-06-10,151.4499969482422,151.75,138.62496948242188
2019-06-11,152.8699951171875,151.3000030517578,138.2139129638672
2019-06-12,151.17999267578125,151.47000122070312,138.36924743652344
2019-06-13,152.30999755859375,153.07000732421875,139.83087158203125
2019-06-14,152.8800048828125,151.72999572753906,138.60675048828125
2019-06-17,151.8699951171875,152.24000549316406,139.5629119873047
2019-06-18,153.27000427246094,154.00999450683594,141.18545532226562
2019-06-19,154.19000244140625,154.55999755859375,141.68968200683594
2019-06-20,156.0500030517578,155.2899932861328,142.35885620117188
2019-06-21,155.1300048828125,153.9499969482422,141.1304931640625
2019-06-24,154.36000061035156,152.0800018310547,139.4161834716797
2019-06-25,152.30999755859375,151.14999389648438,138.56361389160156
2019-06-26,151.6999969482422,150.8000030517578,138.2427978515625
2019-06-27,151.24000549316406,153.6300048828125,140.8371124267578
2019-06-28,153.9499969482422,155.5,142.55142211914062
2019-07-01,157.5399932861328,156.10000610351562,143.10145568847656
2019-07-02,156.02000427246094,155.14999389648438,142.23056030273438
2019-07-03,155.60000610351562,156.25999450683594,143.2481231689453
2019-07-05,155.49000549316406,156.67999267578125,143.63314819335938
2019-07-08,156.2100067138672,155.19000244140625,142.26724243164062
2019-07-09,154.5399932861328,155.39999389648438,142.4597625732422
2019-07-10,156.1999969482422,155.6699981689453,142.70726013183594
2019-07-11,155.88999938964844,154.91000366210938,142.0105438232422
2019-07-12,155.13999938964844,156.11000061035156,143.11062622070312
2019-07-15,156.55999755859375,155.2899932861328,142.35885620117188
2019-07-16,155.1300048828125,155.24000549316406,142.31307983398438
2019-07-17,155.24000549316406,154.1300048828125,141.29547119140625
2019-07-18,154.0800018310547,154.7100067138672,141.82723999023438
2019-07-19,154.94000244140625,153.82000732421875,141.01132202148438
2019-07-22,154.24000549316406,153.67999267578125,140.8829345703125
2019-07-23,154.27999877929688,154.6999969482422,141.8180389404297
2019-07-24,154.2899932861328,157.25999450683594,144.16482543945312
2019-07-25,157.17999267578125,155.36000061035156,142.4230499267578
2019-07-26,155.5800018310547,157.1999969482422,144.10986328125
2019-07-29,157.19000244140625,156.14999389648438,143.14730834960938
2019-07-30,155.05999755859375,157.83999633789062,144.69654846191406
2019-07-31,157.77999877929688,156.55999755859375,143.5231475830078
2019-08-01,156.8800048828125,154.2899932861328,141.44216918945312
2019-08-02,153.35000610351562,152.5800018310547,139.87457275390625
2019-08-05,149.77999877929688,148.0,135.6759490966797
2019-08-06,148.89999389648438,149.36000061035156,136.92271423339844
2019-08-07,147.9199981689453,149.32000732421875,136.8860321044922
2019-08-08,150.14999389648438,152.5399932861328,139.83786010742188
2019-08-09,152.08999633789062,150.6199951171875,138.0777587890625
2019-08-12,149.80999755859375,148.6699981689453,136.29013061523438
2019-08-13,148.33999633789062,150.27000427246094,137.7569122314453
2019-08-14,147.9499969482422,146.07000732421875,133.90667724609375
2019-08-15,146.6199951171875,145.49000549316406,133.37498474121094
2019-08-16,146.13999938964844,148.6300048828125,136.25344848632812
2019-08-19,150.32000732421875,150.1300048828125,137.62860107421875
2019-08-20,149.9199981689453,149.14999389648438,136.7301788330078
2019-08-21,150.6199951171875,150.3800048828125,137.85777282714844
2019-08-22,150.6699981689453,150.02999877929688,137.53692626953125
2019-08-23,149.22000122070312,145.42999267578125,133.3199462890625
2019-08-26,146.8000030517578,147.02999877929688,134.7866668701172
2019-08-27,147.9600067138672,144.85000610351562,132.7882843017578
2019-08-28,144.55999755859375,146.5399932861328,134.33750915527344
2019-08-29,148.14999389648438,149.11000061035156,136.69349670410156
2019-08-30,149.88999938964844,148.83999633789062,136.44601440429688
2019-09-03,147.4499969482422,146.66000366210938,134.44752502441406
2019-09-04,148.00999450683594,147.83999633789062,135.52928161621094
2019-09-05,149.85000610351562,150.58999633789062,138.05026245117188
2019-09-06,150.6999969482422,149.89999389648438,137.41769409179688
2019-09-09,150.57000732421875,151.91000366210938,139.26034545898438
2019-09-10,151.67999267578125,153.85000610351562,141.03878784179688
2019-09-11,154.52000427246094,157.0,143.92649841308594
2019-09-12,157.17999267578125,157.0399932861328,143.96316528320312
2019-09-13,157.85000610351562,157.30999755859375,144.21070861816406
2019-09-16,156.97000122070312,157.89999389648438,144.75155639648438
2019-09-17,157.36000061035156,157.49000549316406,144.37571716308594
2019-09-18,157.47999572753906,156.52000427246094,143.4864501953125
2019-09-19,156.8000030517578,155.75999450683594,142.7897491455078
2019-09-20,155.63999938964844,155.42999267578125,142.48721313476562
2019-09-23,154.86000061035156,155.30999755859375,142.37721252441406
2019-09-24,155.14999389648438,152.42999267578125,140.2282257080078
2019-09-25,152.27999877929688,154.10000610351562,141.76454162597656
2019-09-26,153.9199981689453,152.3800048828125,140.18222045898438
2019-09-27,152.82000732421875,151.16000366210938,139.0599365234375
2019-09-30,151.3699951171875,151.33999633789062,139.22547912597656
2019-10-01,152.11000061035156,148.3699951171875,136.4932403564453
2019-10-02,147.6300048828125,147.25,135.46286010742188
2019-10-03,146.69000244140625,147.74000549316406,135.91363525390625
2019-10-04,147.99000549316406,149.13999938964844,137.2015838623047
2019-10-07,148.77999877929688,148.8800048828125,136.96241760253906
2019-10-08,147.4199981689453,146.4600067138672,134.73614501953125
2019-10-09,147.5399932861328,147.1300048828125,135.3524627685547
2019-10-10,147.33999633789062,147.72000122070312,135.89523315429688
2019-10-11,149.7899932861328,150.22000122070312,138.1951446533203
2019-10-14,149.91000366210938,149.6699981689453,137.68914794921875
2019-10-15,150.1699981689453,151.38999938964844,139.27151489257812
2019-10-16,151.2100067138672,151.5500030517578,139.41868591308594
2019-10-17,152.2899932861328,153.33999633789062,141.0653533935547
2019-10-18,152.92999267578125,152.61000061035156,140.39382934570312
2019-10-21,154.1699981689453,154.0399932861328,141.70932006835938
2019-10-22,154.1999969482422,154.2100067138672,141.86570739746094
2019-10-23,154.33999633789062,154.39999389648438,142.04051208496094
2019-10-24,154.9499969482422,154.17999267578125,141.83816528320312
2019-10-25,153.91000366210938,155.0,142.59249877929688
2019-10-28,155.66000366210938,156.33999633789062,143.8252410888672
2019-10-29,156.00999450683594,156.85000610351562,144.29441833496094
2019-10-30,156.7899932861328,156.3300018310547,143.8160400390625
2019-10-31,156.10000610351562,155.4499969482422,143.00650024414062
2019-11-01,156.39999389648438,158.10000610351562,145.44439697265625
2019-11-04,159.39999389648438,158.9499969482422,146.22630310058594
2019-11-05,159.39999389648438,159.14999389648438,146.41026306152344
2019-11-06,158.99000549316406,158.22999572753906,145.56398010253906
2019-11-07,159.74000549316406,158.64999389648438,145.95034790039062
2019-11-08,158.27999877929688,159.0800018310547,146.34588623046875
2019-11-11,158.02999877929688,158.77999877929688,146.06991577148438
2019-11-12,158.92999267578125,158.8300018310547,146.11590576171875
2019-11-13,157.74000549316406,158.14999389648438,145.49032592773438
2019-11-14,157.92999267578125,158.10000610351562,145.44439697265625
2019-11-15,159.22999572753906,158.9199981689453,146.1986846923828
2019-11-18,158.72000122070312,158.52000427246094,145.83074951171875
2019-11-19,159.11000061035156,159.11000061035156,146.37350463867188
2019-11-20,158.5500030517578,158.50999450683594,145.82151794433594
2019-11-21,158.82000732421875,157.72999572753906,145.10398864746094
2019-11-22,158.30999755859375,158.22000122070312,145.55474853515625
2019-11-25,159.02999877929688,161.5800018310547,148.645751953125
2019-11-26,161.75,161.69000244140625,148.74696350097656
2019-11-27,162.3800048828125,162.8300018310547,149.7957000732422
2019-11-29,162.41000366210938,161.77000427246094,148.82057189941406
2019-12-02,162.14999389648438,160.19000244140625,147.3670196533203
2019-12-03,158.82000732421875,159.67999267578125,146.89785766601562
2019-12-04,160.5,160.77999877929688,147.9098358154297
2019-12-05,161.47000122070312,160.94000244140625,148.05703735351562
2019-12-06,162.58999633789062,162.82000732421875,149.78656005859375
2019-12-09,162.75,162.50999450683594,149.5013885498047
2019-12-10,162.41000366210938,162.61000061035156,149.5933380126953
2019-12-11,162.8800048828125,162.55999755859375,149.54730224609375
2019-12-12,162.75,163.9600067138672,150.8352508544922
2019-12-13,163.72999572753906,163.3300018310547,150.25567626953125
2019-12-16,164.05999755859375,163.8800048828125,151.31471252441406
2019-12-17,164.13999938964844,164.6999969482422,152.07186889648438
2019-12-18,165.05999755859375,165.02000427246094,152.36734008789062
2019-12-19,165.27999877929688,165.72999572753906,153.02293395996094
2019-12-20,166.14999389648438,165.97000122070312,153.2445068359375
2019-12-23,166.24000549316406,166.3000030517578,153.54920959472656
2019-12-24,166.4499969482422,166.67999267578125,153.9000244140625
2019-12-26,166.8300018310547,166.67999267578125,153.9000244140625
2019-12-27,167.1199951171875,165.86000061035156,153.1428985595703
2019-12-30,165.97999572753906,165.44000244140625,152.755126953125
2019-12-31,165.0800018310547,165.6699981689453,152.96749877929688
2020-01-02,166.74000549316406,165.77999877929688,153.06910705566406
2020-01-03,163.74000549316406,165.1300048828125,152.46896362304688
2020-01-06,163.85000610351562,165.35000610351562,152.67201232910156
2020-01-07,164.85000610351562,164.8000030517578,152.16419982910156
2020-01-08,164.82000732421875,165.30999755859375,152.6350860595703
2020-01-09,166.1199951171875,165.50999450683594,152.8197479248047
2020-01-10,165.5500030517578,164.88999938964844,152.24729919433594
2020-01-13,164.94000244140625,165.9600067138672,153.23529052734375
2020-01-14,165.13999938964844,166.57000732421875,153.79852294921875
2020-01-15,166.14999389648438,167.3699951171875,154.53720092773438
2020-01-16,168.58999633789062,169.52999877929688,156.53158569335938
2020-01-17,170.27999877929688,169.07000732421875,156.1068572998047
2020-01-21,168.36000061035156,167.6699981689453,154.81417846679688
2020-01-22,168.19000244140625,167.55999755859375,154.7126007080078
2020-01-23,167.10000610351562,167.4499969482422,154.61099243164062
2020-01-24,168.00999450683594,165.38999938964844,152.70895385742188
2020-01-27,162.85000610351562,163.50999450683594,150.97314453125
2020-01-28,164.5,164.8699951171875,152.2288360595703
2020-01-29,165.10000610351562,163.92999267578125,151.36093139648438
2020-01-30,162.83999633789062,163.92999267578125,151.36093139648438
2020-01-31,163.32000732421875,160.52999877929688,148.2216033935547
2020-02-03,161.60000610351562,162.32000732421875,149.8743438720703
2020-02-04,164.30999755859375,164.77000427246094,152.136474609375
2020-02-05,166.47999572753906,167.30999755859375,154.48175048828125
2020-02-06,167.88999938964844,166.92999267578125,154.13087463378906
2020-02-07,166.2899932861328,164.8800048828125,152.2380828857422
2020-02-10,164.55999755859375,165.80999755859375,153.0967254638672
2020-02-11,166.7899932861328,166.9600067138672,154.1585693359375
2020-02-12,168.02000427246094,168.11000061035156,155.22036743164062
2020-02-13,167.22000122070312,168.5500030517578,155.62669372558594
2020-02-14,168.6999969482422,167.89999389648438,155.0264892578125
2020-02-18,167.5,167.5399932861328,154.69412231445312
2020-02-19,168.1699981689453,168.39999389648438,155.48822021484375
2020-02-20,167.89999389648438,168.80999755859375,155.86669921875
2020-02-21,168.14999389648438,167.10000610351562,154.2878875732422
2020-02-24,161.86000061035156,162.07000732421875,149.64353942871094
2020-02-25,162.52000427246094,156.30999755859375,144.32513427734375
2020-02-26,157.0500030517578,154.5,142.65399169921875
2020-02-27,151.35000610351562,149.05999755859375,137.63108825683594
2020-02-28,144.85000610351562,146.3300018310547,135.1103515625
2020-03-02,147.97000122070312,151.02999877929688,139.4499969482422
2020-03-03,151.08999633789062,147.9499969482422,136.60617065429688
2020-03-04,150.27999877929688,152.16000366210938,140.49337768554688
2020-03-05,148.83999633789062,147.32000732421875,136.02450561523438
2020-03-06,142.7100067138672,144.39999389648438,133.32835388183594
2020-03-09,134.1300048828125,130.36000061035156,120.3648681640625
2020-03-10,134.7100067138672,134.42999267578125,124.12277221679688
2020-03-11,130.9199981689453,125.87999725341797,116.22834014892578
2020-03-12,116.7699966430664,111.97000122070312,103.38487243652344
2020-03-13,118.30999755859375,119.47000122070312,110.30982208251953
2020-03-16,108.62000274658203,103.62000274658203,95.67509460449219
2020-03-17,104.95999908447266,108.37000274658203,100.06090545654297
2020-03-18,103.05000305175781,99.97000122070312,92.30494689941406
2020-03-19,99.66000366210938,103.87000274658203,95.90592956542969
2020-03-20,106.12000274658203,101.4000015258789,93.62531280517578
2020-03-23,101.9000015258789,99.9000015258789,92.24031829833984
2020-03-24,105.37000274658203,109.04000091552734,100.6795425415039
2020-03-25,109.4800033569336,109.97000122070312,101.93083953857422
2020-03-26,111.54000091552734,116.80999755859375,108.27082061767578
2020-03-27,112.25,112.55999755859375,104.33148956298828
2020-03-30,113.23999786376953,115.04000091552734,106.63020324707031
2020-03-31,114.5999984741211,114.45999908447266,106.09259796142578
2020-04-01,108.69999694824219,106.66000366210938,98.86280822753906
2020-04-02,105.72000122070312,107.66999816894531,99.79898071289062
2020-04-03,106.58999633789062,104.62000274658203,96.97191619873047
2020-04-06,109.08999633789062,112.62999725341797,104.3963623046875
2020-04-07,116.87999725341797,112.91999816894531,104.6651840209961
2020-04-08,114.87999725341797,118.06999969482422,109.43871307373047
2020-04-09,121.91999816894531,123.72000122070312,114.67567443847656
2020-04-13,122.8499984741211,120.37000274658203,111.57057189941406
2020-04-14,123.9000015258789,122.80999755859375,113.83216094970703
2020-04-15,117.86000061035156,117.80000305175781,109.18843841552734
2020-04-16,118.08999633789062,116.91000366210938,108.36348724365234
2020-04-17,121.9000015258789,122.05999755859375,113.13703918457031
2020-04-20,119.58999633789062,120.62000274658203,111.80229187011719
2020-04-21,117.41999816894531,117.73999786376953,109.1328125
2020-04-22,120.31999969482422,119.16999816894531,110.45828247070312
2020-04-23,120.11000061035156,120.33999633789062,111.5427474975586
2020-04-24,121.52999877929688,122.41000366210938,113.46143341064453
2020-04-27,123.94999694824219,127.26000213623047,117.9568862915039
2020-04-28,131.1199951171875,129.11000061035156,119.67163848876953
2020-04-29,133.49000549316406,135.4600067138672,125.5574722290039
2020-04-30,131.89999389648438,130.30999755859375,120.7839126586914
2020-05-01,127.1500015258789,125.13999938964844,115.99185943603516
2020-05-04,123.5999984741211,125.68000030517578,116.49237060546875
2020-05-05,128.07000732421875,126.6500015258789,117.39147186279297
2020-05-06,127.48999786376953,125.72000122070312,116.52945709228516
2020-05-07,127.38999938964844,127.44000244140625,118.12371063232422
2020-05-08,130.16000366210938,132.36000061035156,122.68406677246094
2020-05-11,130.41000366210938,131.6999969482422,122.07230377197266
2020-05-12,132.25999450683594,126.97000122070312,117.6880874633789
2020-05-13,125.6500015258789,122.72000122070312,113.74877166748047
2020-05-14,119.97000122070312,123.12000274658203,114.11951446533203
2020-05-15,122.01000213623047,125.08000183105469,115.93624114990234
2020-05-18,131.4499969482422,132.67999267578125,122.98064422607422
2020-05-19,132.22000122070312,130.05999755859375,120.55216979980469
2020-05-20,132.72999572753906,134.0,124.20416259765625
2020-05-21,134.0500030517578,134.24000549316406,124.42666625976562
2020-05-22,134.6699981689453,134.88999938964844,125.02909851074219
2020-05-26,140.08999633789062,138.77999877929688,128.6347198486328
2020-05-27,141.57000732421875,143.08999633789062,132.62969970703125
2020-05-28,144.74000549316406,139.6999969482422,129.4875030517578
2020-05-29,138.3000030517578,138.89999389648438,128.74594116210938
2020-06-01,139.25999450683594,140.22999572753906,129.9787139892578
2020-06-02,141.07000732421875,141.38999938964844,131.05392456054688
2020-06-03,143.6699981689453,144.8000030517578,134.21466064453125
2020-06-04,143.83999633789062,144.58999633789062,134.0199737548828
2020-06-05,150.86000061035156,150.17999267578125,139.20130920410156
2020-06-08,152.35000610351562,153.08999633789062,141.89862060546875
2020-06-09,150.86000061035156,150.25999450683594,139.27549743652344
2020-06-10,150.08999633789062,146.17999267578125,135.4937744140625
2020-06-11,140.14999389648438,135.02999877929688,125.15888977050781
2020-06-12,140.3300018310547,138.27000427246094,128.1619873046875
2020-06-15,133.27999877929688,140.99000549316406,131.1251220703125
2020-06-16,146.69000244140625,144.3800048828125,134.27786254882812
2020-06-17,144.58999633789062,141.77000427246094,131.85052490234375
2020-06-18,140.3699951171875,141.72000122070312,131.80401611328125
2020-06-19,144.4199981689453,140.99000549316406,131.1251220703125
2020-06-22,140.24000549316406,142.39999389648438,132.43641662597656
2020-06-23,144.32000732421875,143.0,132.99444580078125
2020-06-24,141.10000610351562,138.36000061035156,128.67913818359375
2020-06-25,137.7100067138672,140.4499969482422,130.62289428710938
2020-06-26,139.47999572753906,136.6699981689453,127.10736846923828
2020-06-29,138.7100067138672,141.13999938964844,131.26458740234375
2020-06-30,140.6699981689453,143.17999267578125,133.1618194580078
2020-07-01,143.64999389648438,141.82000732421875,131.8970489501953
2020-07-02,144.55999755859375,142.39999389648438,132.43641662597656
2020-07-06,145.32000732421875,143.42999267578125,133.3943634033203
2020-07-07,142.17999267578125,140.88999938964844,131.0321044921875
2020-07-08,140.75999450683594,141.94000244140625,132.00860595703125
2020-07-09,142.02000427246094,139.07000732421875,129.33944702148438
2020-07-10,139.13999938964844,141.30999755859375,131.42274475097656
2020-07-13,142.8000030517578,139.52000427246094,129.7579345703125
2020-07-14,139.42999267578125,141.8300018310547,131.90635681152344
2020-07-15,145.4199981689453,147.02999877929688,136.74252319335938
2020-07-16,146.11000061035156,146.16000366210938,135.93336486816406
2020-07-17,146.67999267578125,146.58999633789062,136.333251953125
2020-07-20,146.1199951171875,145.9600067138672,135.74734497070312
2020-07-21,147.47000122070312,148.02999877929688,137.6724853515625
2020-07-22,147.08999633789062,148.11000061035156,137.74691772460938
2020-07-23,147.97999572753906,148.25999450683594,137.88644409179688
2020-07-24,147.2899932861328,146.0800018310547,135.85894775390625
2020-07-27,146.19000244140625,147.60000610351562,137.27261352539062
2020-07-28,147.07000732421875,146.1300048828125,135.90545654296875
2020-07-29,147.0,149.35000610351562,138.90017700195312
2020-07-30,147.13999938964844,148.75999450683594,138.3513946533203
2020-07-31,148.13999938964844,147.36000061035156,137.0493621826172
2020-08-03,148.2899932861328,149.75999450683594,139.2814483642578
2020-08-04,149.38999938964844,150.7899932861328,140.23939514160156
2020-08-05,152.2899932861328,153.7899932861328,143.02951049804688
2020-08-06,153.8000030517578,153.72999572753906,142.97369384765625
2020-08-07,153.4499969482422,156.1699981689453,145.2429656982422
2020-08-10,156.64999389648438,157.7899932861328,146.74960327148438
2020-08-11,159.27000427246094,156.8800048828125,145.9032745361328
2020-08-12,158.6699981689453,157.52000427246094,146.49850463867188
2020-08-13,156.99000549316406,157.19000244140625,146.1916046142578
2020-08-14,156.27999877929688,157.08999633789062,146.09861755371094
2020-08-17,157.5,157.89999389648438,146.85191345214844
2020-08-18,157.85000610351562,156.38999938964844,145.44757080078125
2020-08-19,156.92999267578125,156.39999389648438,145.45684814453125
2020-08-20,154.8000030517578,155.75999450683594,144.8616485595703
2020-08-21,155.14999389648438,154.61000061035156,143.7921142578125
2020-08-24,155.86000061035156,156.22999572753906,145.2987823486328
2020-08-25,156.80999755859375,156.39999389648438,145.45684814453125
2020-08-26,156.5,155.4199981689453,144.54541015625
2020-08-27,156.1199951171875,155.8000030517578,144.89883422851562
2020-08-28,156.60000610351562,157.1199951171875,146.1265106201172
2020-08-31,157.19000244140625,155.42999267578125,144.55474853515625
2020-09-01,155.22000122070312,157.2100067138672,146.210205078125
2020-09-02,157.9600067138672,158.4600067138672,147.3727569580078
2020-09-03,158.1199951171875,153.77999877929688,143.02015686035156
2020-09-04,155.7100067138672,152.8000030517578,142.10874938964844
2020-09-08,151.17999267578125,149.86000061035156,139.37448120117188
2020-09-09,151.42999267578125,152.1300048828125,141.4856414794922
2020-09-10,152.8300018310547,150.14999389648438,139.64414978027344
2020-09-11,150.9199981689453,149.14999389648438,138.71412658691406
2020-09-14,150.58999633789062,153.0800018310547,142.3691864013672
2020-09-15,154.3800048828125,153.3699951171875,142.63890075683594
2020-09-16,154.11000061035156,154.82000732421875,143.9874267578125
2020-09-17,152.6199951171875,153.69000244140625,142.9365234375
2020-09-18,153.97999572753906,153.2899932861328,142.564453125
2020-09-21,149.82000732421875,147.9199981689453,137.5701904296875
2020-09-22,148.64999389648438,149.05999755859375,138.63046264648438
2020-09-23,148.41000366210938,144.07000732421875,134.50027465820312
2020-09-24,144.0399932861328,144.07000732421875,134.50027465820312
2020-09-25,143.44000244140625,146.41000366210938,136.6848907470703
2020-09-28,148.3699951171875,150.02000427246094,140.05508422851562
2020-09-29,149.85000610351562,149.33999633789062,139.42022705078125
2020-09-30,149.89999389648438,149.7899932861328,139.84033203125
2020-10-01,150.80999755859375,152.17999267578125,142.0715789794922
2020-10-02,149.41000366210938,152.85000610351562,142.69711303710938
2020-10-05,154.49000549316406,157.07000732421875,146.63677978515625
2020-10-06,158.5,156.6199951171875,146.21664428710938
2020-10-07,158.58999633789062,160.0399932861328,149.40948486328125
2020-10-08,161.72000122070312,161.86000061035156,151.10862731933594
2020-10-09,163.35000610351562,162.6999969482422,151.89283752441406
2020-10-12,163.39999389648438,163.7899932861328,152.910400390625
2020-10-13,162.52000427246094,162.6999969482422,151.89283752441406
2020-10-14,163.00999450683594,161.08999633789062,150.3897705078125
2020-10-15,159.2899932861328,162.75,151.93948364257812
2020-10-16,163.2100067138672,162.35000610351562,151.56605529785156
2020-10-19,162.8800048828125,160.41000366210938,149.7549591064453
2020-10-20,161.55999755859375,160.75999450683594,150.08163452148438
2020-10-21,160.8699951171875,159.3800048828125,148.7933349609375
2020-10-22,160.13999938964844,162.1300048828125,151.36070251464844
2020-10-23,163.07000732421875,163.07000732421875,152.2382354736328
2020-10-26,160.9199981689453,159.5500030517578,148.95201110839844
2020-10-27,159.4499969482422,158.17999267578125,147.67308044433594
2020-10-28,154.66000366210938,153.30999755859375,143.12655639648438
2020-10-29,152.77000427246094,155.13999938964844,144.83499145507812
2020-10-30,154.32000732421875,153.08999633789062,142.92115783691406
2020-11-02,154.77000427246094,155.82000732421875,145.46983337402344
2020-11-03,158.42999267578125,160.24000549316406,149.59622192382812
2020-11-04,157.75,160.4199981689453,149.7642822265625
2020-11-05,162.00999450683594,164.91000366210938,153.95603942871094
2020-11-06,165.6199951171875,163.6199951171875,152.75169372558594
2020-11-09,176.9499969482422,169.5500030517578,158.28781127929688
2020-11-10,171.1999969482422,172.6999969482422,161.22860717773438
2020-11-11,173.33999633789062,172.6300048828125,161.16326904296875
2020-11-12,171.39999389648438,169.97999572753906,158.6892547607422
2020-11-13,171.35000610351562,173.5,161.9754638671875
2020-11-16,176.49000549316406,177.6300048828125,165.8311309814453
2020-11-17,176.0399932861328,178.4600067138672,166.6060028076172
2020-11-18,178.94000244140625,175.9600067138672,164.2720489501953
2020-11-19,175.64999389648438,177.30999755859375,165.53237915039062
2020-11-20,176.6699981689453,177.5,165.70973205566406
2020-11-23,179.25,180.82000732421875,168.8092041015625
2020-11-24,183.38999938964844,184.22000122070312,171.98341369628906
2020-11-25,183.5,183.58999633789062,171.39523315429688
2020-11-27,183.72000122070312,184.3699951171875,172.12342834472656
2020-11-30,183.82000732421875,181.02000427246094,168.99595642089844
2020-12-01,183.60000610351562,182.6999969482422,170.5643310546875
2020-12-02,181.9499969482422,182.88999938964844,170.74172973632812
2020-12-03,183.33999633789062,183.9199981689453,171.70327758789062
2020-12-04,185.02000427246094,188.1999969482422,175.6990203857422
2020-12-07,188.22999572753906,188.3800048828125,175.86708068847656
2020-12-08,187.1199951171875,190.8000030517578,178.12631225585938
2020-12-09,192.02000427246094,189.41000366210938,176.82867431640625
2020-12-10,187.75999450683594,191.24000549316406,178.53709411621094
2020-12-11,189.99000549316406,190.3000030517578,177.65956115722656
2020-12-14,191.9600067138672,189.92999267578125,177.8673858642578
2020-12-15,191.75999450683594,194.67999267578125,182.31576538085938
2020-12-16,195.1300048828125,193.97999572753906,181.6602020263672
2020-12-17,194.72999572753906,196.2899932861328,183.823486328125
2020-12-18,196.61000061035156,195.33999633789062,182.933837890625
2020-12-21,191.89999389648438,195.24000549316406,182.84017944335938
2020-12-22,195.99000549316406,197.4600067138672,184.91915893554688
2020-12-23,198.57000732421875,199.13999938964844,186.4925079345703
2020-12-24,199.92999267578125,199.00999450683594,186.37074279785156
2020-12-28,201.16000366210938,198.27000427246094,185.6777801513672
2020-12-29,198.63999938964844,194.42999267578125,182.08163452148438
2020-12-30,195.0500030517578,196.41000366210938,183.93585205078125
2020-12-31,196.6199951171875,196.05999755859375,183.60809326171875
2021-01-04,197.5399932861328,193.5,181.21070861816406
2021-01-05,193.08999633789062,196.49000549316406,184.01080322265625
2021-01-06,199.47999572753906,204.52999877929688,191.54019165039062
2021-01-07,205.7100067138672,208.1699981689453,194.94898986816406
2021-01-08,209.32000732421875,207.72000122070312,194.5275421142578
2021-01-11,205.08999633789062,207.5399932861328,194.35897827148438
2021-01-12,208.52000427246094,211.25999450683594,197.84274291992188
2021-01-13,211.42999267578125,209.75,196.42861938476562
2021-01-14,211.24000549316406,213.94000244140625,200.35256958007812
2021-01-15,210.80999755859375,210.75,197.36512756347656
2021-01-19,213.33999633789062,213.4499969482422,199.89361572265625
2021-01-20,214.36000061035156,214.38999938964844,200.7739715576172
2021-01-21,214.97000122070312,212.52999877929688,199.03207397460938
2021-01-22,210.49000549316406,215.0,201.34523010253906
2021-01-25,214.92999267578125,214.7899932861328,201.14854431152344
2021-01-26,216.3000030517578,213.3000030517578,199.75318908691406
2021-01-27,209.5,209.38999938964844,196.0915069580078
2021-01-28,210.83999633789062,208.72000122070312,195.4640655517578
2021-01-29,209.72999572753906,205.55999755859375,192.50474548339844
2021-02-01,208.1699981689453,210.61000061035156,197.23399353027344
2021-02-02,213.14999389648438,213.61000061035156,200.04351806640625
2021-02-03,213.6999969482422,214.25,200.6428680419922
2021-02-04,215.08999633789062,218.6199951171875,204.73529052734375
2021-02-05,220.94000244140625,221.64999389648438,207.57284545898438
2021-02-08,223.7899932861328,227.30999755859375,212.87342834472656
2021-02-09,227.1300048828125,228.3800048828125,213.87545776367188
2021-02-10,229.9199981689453,226.8800048828125,212.47071838378906
2021-02-11,228.13999938964844,226.6199951171875,212.22718811035156
2021-02-12,225.92999267578125,227.25999450683594,212.8265380859375
2021-02-16,229.47000122070312,225.8300018310547,211.4874267578125
2021-02-17,223.61000061035156,224.05999755859375,209.82980346679688
2021-02-18,222.33999633789062,220.58999633789062,206.58016967773438
2021-02-19,222.4600067138672,225.19000244140625,210.8880615234375
2021-02-22,223.50999450683594,223.72999572753906,209.52078247070312
2021-02-23,220.9600067138672,221.75999450683594,207.67591857910156
2021-02-24,222.6199951171875,227.0,212.5830841064453
2021-02-25,226.7899932861328,218.61000061035156,204.72596740722656
2021-02-26,219.52000427246094,218.30999755859375,204.44503784179688
2021-03-01,223.47999572753906,226.07000732421875,211.71212768554688
2021-03-02,225.7899932861328,221.72000122070312,207.6383819580078
2021-03-03,222.4199981689453,219.32000732421875,205.39088439941406
2021-03-04,218.50999450683594,213.19000244140625,199.6501922607422
2021-03-05,216.88999938964844,217.7100067138672,203.8831024169922
2021-03-08,219.36000061035156,218.74000549316406,204.8477020263672
2021-03-09,222.41000366210938,223.33999633789062,209.15553283691406
2021-03-10,225.60000610351562,227.22000122070312,212.78909301757812
2021-03-11,229.5500030517578,232.22000122070312,217.4715576171875
2021-03-12,231.99000549316406,233.58999633789062,218.75454711914062
2021-03-15,233.33999633789062,234.4199981689453,219.5318603515625
2021-03-16,234.02000427246094,230.5,215.8607940673828
2021-03-17,228.97000122070312,232.30999755859375,217.55584716796875
2021-03-18,230.8000030517578,225.24000549316406,210.93487548828125
2021-03-19,224.57000732421875,226.94000244140625,212.5269012451172
2021-03-22,227.67999267578125,225.22999572753906,210.92550659179688
2021-03-23,223.16000366210938,217.05999755859375,203.27438354492188
2021-03-24,219.86000061035156,212.0399932861328,198.57318115234375
2021-03-25,209.33999633789062,216.66000366210938,203.2813720703125
2021-03-26,218.9600067138672,220.61000061035156,206.98745727539062
2021-03-29,219.00999450683594,214.39999389648438,201.16087341308594
2021-03-30,214.38999938964844,218.00999450683594,204.5480194091797
2021-03-31,219.1699981689453,220.94000244140625,207.2970733642578
2021-04-01,222.39999389648438,223.74000549316406,209.9241485595703
2021-04-05,226.39999389648438,224.97000122070312,211.0781707763672
2021-04-06,225.0,224.30999755859375,210.45896911621094
2021-04-07,224.22999572753906,220.69000244140625,207.06253051757812
2021-04-08,221.83999633789062,222.55999755859375,208.81703186035156
2021-04-09,222.49000549316406,222.58999633789062,208.84519958496094
2021-04-12,222.72000122070312,221.72000122070312,208.02890014648438
2021-04-13,221.47999572753906,221.13999938964844,207.48468017578125
2021-04-14,221.8699951171875,223.32000732421875,209.5301055908203
2021-04-15,225.08999633789062,224.2899932861328,210.44020080566406
2021-04-16,225.39999389648438,224.64999389648438,210.7779541015625
2021-04-19,223.7100067138672,221.72999572753906,208.03829956054688
2021-04-20,220.77000427246094,217.19000244140625,203.77862548828125
2021-04-21,217.02000427246094,222.5,208.76072692871094
2021-04-22,223.25999450683594,221.5800018310547,207.89756774902344
2021-04-23,222.82000732421875,225.75999450683594,211.81944274902344
2021-04-26,227.0,228.11000061035156,214.02430725097656
2021-04-27,228.7100067138672,228.4499969482422,214.34329223632812
2021-04-28,228.0800018310547,228.83999633789062,214.709228515625
2021-04-29,230.85000610351562,227.99000549316406,213.9117431640625
2021-04-30,225.72000122070312,224.88999938964844,211.00318908691406
2021-05-03,227.2100067138672,225.99000549316406,212.03521728515625
2021-05-04,224.60000610351562,223.2899932861328,209.501953125
2021-05-05,224.27999877929688,222.39999389648438,208.6669158935547
2021-05-06,222.64999389648438,222.58999633789062,208.84519958496094
2021-05-07,222.66000366210938,225.38999938964844,211.47227478027344
2021-05-10,225.22999572753906,219.66000366210938,206.09609985351562
2021-05-11,214.9199981689453,218.9600067138672,205.4393310546875
2021-05-12,217.10000610351562,211.85000610351562,198.76837158203125
2021-05-13,213.30999755859375,215.75,202.4275665283203
2021-05-14,217.94000244140625,221.02000427246094,207.3721160888672
2021-05-17,219.77999877929688,221.32000732421875,207.6536102294922
2021-05-18,221.38999938964844,219.63999938964844,206.0773468017578
2021-05-19,216.02999877929688,217.9499969482422,204.49168395996094
2021-05-20,218.27000427246094,219.39999389648438,205.8521270751953
2021-05-21,221.3300018310547,219.97000122070312,206.386962890625
2021-05-24,221.17999267578125,221.39999389648438,207.72866821289062
2021-05-25,222.22999572753906,219.25999450683594,205.72076416015625
2021-05-26,220.1300048828125,223.35000610351562,209.55824279785156
2021-05-27,225.0399932861328,225.64999389648438,211.71621704101562
2021-05-28,227.0800018310547,225.5,211.5754852294922
2021-06-01,227.4600067138672,228.05999755859375,213.97740173339844
2021-06-02,228.91000366210938,228.3300018310547,214.23074340820312
2021-06-03,226.82000732421875,226.4199981689453,212.43869018554688
2021-06-04,227.55999755859375,227.39999389648438,213.3581085205078
2021-06-07,227.88999938964844,230.4499969482422,216.2198028564453
2021-06-08,231.2100067138672,232.88999938964844,218.50914001464844
2021-06-09,233.5399932861328,231.33999633789062,217.05484008789062
2021-06-10,231.67999267578125,229.27999877929688,215.4452362060547
2021-06-11,230.3000030517578,231.6999969482422,217.71920776367188
2021-06-14,232.30999755859375,231.02000427246094,217.08023071289062
2021-06-15,231.1199951171875,230.36000061035156,216.46006774902344
2021-06-16,229.6999969482422,229.8699951171875,215.9996337890625
2021-06-17,229.24000549316406,227.2899932861328,213.57530212402344
2021-06-18,223.6999969482422,222.1300048828125,208.72665405273438
2021-06-21,224.0500030517578,226.8800048828125,213.19004821777344
2021-06-22,226.27000427246094,227.91000366210938,214.15789794921875
2021-06-23,227.99000549316406,228.66000366210938,214.8626251220703
2021-06-24,230.1199951171875,231.88999938964844,217.897705078125
2021-06-25,232.2899932861328,232.27999877929688,218.26419067382812
2021-06-28,232.24000549316406,230.44000244140625,216.5352020263672
2021-06-29,231.22999572753906,229.33999633789062,215.50161743164062
2021-06-30,228.64999389648438,229.3699951171875,215.52980041503906
2021-07-01,230.80999755859375,231.38999938964844,217.4279022216797
2021-07-02,232.0,229.19000244140625,215.36065673828125
2021-07-06,229.36000061035156,225.86000061035156,212.23159790039062
2021-07-07,225.5399932861328,223.75999450683594,210.25831604003906
2021-07-08,219.30999755859375,221.6999969482422,208.32260131835938
2021-07-09,224.16000366210938,226.3800048828125,212.72023010253906
2021-07-12,225.55999755859375,226.57000732421875,212.89874267578125
2021-07-13,225.22999572753906,222.3000030517578,208.88641357421875
2021-07-14,223.7100067138672,218.8699951171875,205.66336059570312
2021-07-15,217.8300018310547,217.6300048828125,204.49822998046875
2021-07-16,219.8300018310547,214.9499969482422,201.97988891601562
2021-07-19,210.6300048828125,211.72999572753906,198.95425415039062
2021-07-20,212.1999969482422,218.3000030517578,205.1277618408203
2021-07-21,219.4499969482422,222.05999755859375,208.660888671875
2021-07-22,221.47000122070312,218.52999877929688,205.3438720703125
2021-07-23,219.8699951171875,219.5500030517578,206.3022918701172
2021-07-26,220.38999938964844,220.19000244140625,206.90370178222656
2021-07-27,219.00999450683594,217.6199951171875,204.4888153076172
2021-07-28,219.0,220.82000732421875,207.49569702148438
2021-07-29,222.7899932861328,222.52000427246094,209.09312438964844
2021-07-30,221.64999389648438,221.0500030517578,207.7118377685547
2021-08-02,222.47000122070312,219.9499969482422,206.67819213867188
2021-08-03,220.6199951171875,220.86000061035156,207.53329467773438
2021-08-04,219.10000610351562,218.11000061035156,204.94920349121094
2021-08-05,219.08999633789062,222.02999877929688,208.63270568847656
2021-08-06,223.75,223.38999938964844,209.91061401367188
2021-08-09,222.9199981689453,222.16000366210938,208.7548065185547
2021-08-10,222.63999938964844,222.60000610351562,209.16831970214844
2021-08-11,223.02000427246094,223.69000244140625,210.19253540039062
2021-08-12,223.75999450683594,223.16000366210938,209.69451904296875
2021-08-13,222.97999572753906,221.1300048828125,207.7869873046875
2021-08-16,219.77000427246094,219.07000732421875,205.8512725830078
2021-08-17,216.66000366210938,216.39999389648438,203.34242248535156
2021-08-18,216.10000610351562,214.50999450683594,201.56643676757812
2021-08-19,212.42999267578125,211.94000244140625,199.15150451660156
2021-08-20,212.10000610351562,215.52000427246094,202.51551818847656
2021-08-23,217.47999572753906,219.6199951171875,206.36813354492188
2021-08-24,220.32000732421875,221.77999877929688,208.39776611328125
2021-08-25,221.77000427246094,222.55999755859375,209.13070678710938
2021-08-26,222.13999938964844,220.1999969482422,206.91310119628906
2021-08-27,220.64999389648438,226.41000366210938,212.74842834472656
2021-08-30,227.25,225.47999572753906,211.87454223632812
2021-08-31,225.24000549316406,225.9199981689453,212.2879638671875
2021-09-01,226.8300018310547,227.44000244140625,213.71627807617188
2021-09-02,228.3300018310547,229.02000427246094,215.20091247558594
2021-09-03,228.25,227.9600067138672,214.20486450195312
2021-09-07,227.72000122070312,226.38999938964844,212.72962951660156
2021-09-08,225.61000061035156,223.9199981689453,210.40863037109375
2021-09-09,223.5399932861328,223.80999755859375,210.3052978515625
2021-09-10,225.16000366210938,221.6199951171875,208.2474365234375
2021-09-13,223.2100067138672,222.8800048828125,209.43142700195312
2021-09-14,223.75,220.0399932861328,206.7627410888672
2021-09-15,220.02000427246094,222.02999877929688,208.63270568847656
2021-09-16,222.25999450683594,222.19000244140625,208.78302001953125
2021-09-17,221.6199951171875,222.47999572753906,209.0555419921875
2021-09-20,217.4499969482422,217.19000244140625,204.08473205566406
2021-09-21,218.77000427246094,217.52000427246094,204.39480590820312
2021-09-22,218.8800048828125,220.89999389648438,207.5708770751953
2021-09-23,222.17999267578125,224.80999755859375,211.24493408203125
2021-09-24,223.02000427246094,223.0500030517578,210.2261199951172
2021-09-27,223.6199951171875,226.44000244140625,213.4211883544922
2021-09-28,225.41000366210938,221.2899932861328,208.5672607421875
2021-09-29,222.27000427246094,220.82000732421875,208.12432861328125
2021-09-30,222.1199951171875,218.75,206.17332458496094
2021-10-01,219.9499969482422,222.27999877929688,209.50039672851562
2021-10-04,222.13999938964844,220.25999450683594,207.59649658203125
2021-10-05,220.9600067138672,221.02000427246094,208.31280517578125
2021-10-06,218.75999450683594,219.8699951171875,207.2289276123047
2021-10-07,221.52999877929688,223.25999450683594,210.42401123046875
2021-10-08,223.38999938964844,221.5800018310547,208.84063720703125
2021-10-11,221.8300018310547,220.30999755859375,207.6436004638672
2021-10-12,220.85000610351562,221.52000427246094,208.78407287597656
2021-10-13,221.88999938964844,222.57000732421875,209.773681640625
2021-10-14,224.75,225.8699951171875,212.88397216796875
2021-10-15,227.97999572753906,225.16000366210938,212.21475219726562
2021-10-18,223.8800048828125,225.02999877929688,212.09225463867188
2021-10-19,225.97999572753906,225.8699951171875,212.88397216796875
2021-10-20,225.97000122070312,227.3699951171875,214.2976837158203
2021-10-21,227.19000244140625,227.9499969482422,214.84437561035156
2021-10-22,227.8000030517578,227.41000366210938,214.33544921875
2021-10-25,227.7899932861328,229.57000732421875,216.37124633789062
2021-10-26,230.02999877929688,227.83999633789062,214.74069213867188
2021-10-27,227.17999267578125,223.64999389648438,210.79159545898438
2021-10-28,224.8000030517578,228.11000061035156,214.9951934814453
2021-10-29,227.8000030517578,228.0500030517578,214.93862915039062
2021-11-01,229.25,233.9600067138672,220.5088653564453
2021-11-02,234.3800048828125,234.4499969482422,220.97067260742188
2021-11-03,234.14999389648438,238.63999938964844,224.91978454589844
2021-11-04,239.47999572753906,238.5500030517578,224.8349609375
2021-11-05,241.1699981689453,241.80999755859375,227.9075469970703
2021-11-08,243.74000549316406,242.55999755859375,228.61439514160156
2021-11-09,242.0,241.14999389648438,227.2854461669922
2021-11-10,240.0800018310547,237.35000610351562,223.7039794921875
2021-11-11,238.30999755859375,239.25999450683594,225.50413513183594
2021-11-12,239.9199981689453,239.5,225.73031616210938
2021-11-15,240.57000732421875,238.5500030517578,224.8349609375
2021-11-16,237.75999450683594,238.99000549316406,225.24966430664062
2021-11-17,238.05999755859375,235.86000061035156,222.29957580566406
2021-11-18,236.9199981689453,234.86000061035156,221.35711669921875
2021-11-19,233.27000427246094,232.72000122070312,219.34011840820312
2021-11-22,234.22000122070312,231.72999572753906,218.4070587158203
2021-11-23,231.38999938964844,231.3300018310547,218.03009033203125
2021-11-24,229.38999938964844,231.5800018310547,218.2657012939453
2021-11-26,224.9600067138672,222.85000610351562,210.03761291503906
2021-11-29,226.22000122070312,222.7100067138672,209.9056396484375
2021-11-30,220.66000366210938,218.1699981689453,205.6266632080078
2021-12-01,223.1699981689453,213.25999450683594,200.99891662597656
2021-12-02,214.3699951171875,219.2100067138672,206.60687255859375
2021-12-03,220.2899932861328,214.7100067138672,202.36561584472656
2021-12-06,216.5399932861328,219.02000427246094,206.42779541015625
2021-12-07,222.13999938964844,224.10000610351562,211.2156982421875
2021-12-08,224.60000610351562,225.6300048828125,212.6577911376953
2021-12-09,223.9499969482422,220.52000427246094,207.841552734375
2021-12-10,222.1999969482422,219.91000366210938,207.26663208007812
2021-12-13,218.38999938964844,216.0399932861328,204.2376708984375
2021-12-14,214.5800018310547,214.17999267578125,202.479248046875
2021-12-15,214.2100067138672,217.5800018310547,205.69354248046875
2021-12-16,219.4499969482422,213.17999267578125,201.53395080566406
2021-12-17,212.1999969482422,215.13999938964844,203.3867950439453
2021-12-20,212.08999633789062,212.1199951171875,200.53179931640625
2021-12-21,214.1999969482422,218.17999267578125,206.26072692871094
2021-12-22,217.8699951171875,220.27999877929688,208.2460174560547
2021-12-23,221.0500030517578,222.0399932861328,209.90988159179688
2021-12-27,222.33999633789062,224.1199951171875,211.87623596191406
2021-12-28,223.7899932861328,222.75,210.58108520507812
2021-12-29,222.72000122070312,222.99000549316406,210.8079833984375
2021-12-30,222.94000244140625,222.92999267578125,210.75125122070312
2021-12-31,222.49000549316406,222.4499969482422,210.29747009277344
2022-01-03,223.7100067138672,225.32000732421875,213.01071166992188
2022-01-04,226.0,224.97999572753906,212.6892852783203
2022-01-05,224.8699951171875,217.36000061035156,205.48558044433594
2022-01-06,217.82000732421875,218.60000610351562,206.6578369140625
2022-01-07,218.60000610351562,216.07000732421875,204.26605224609375
2022-01-10,214.77000427246094,215.32000732421875,203.55702209472656
2022-01-11,215.47999572753906,217.61000061035156,205.7218780517578
2022-01-12,218.52000427246094,215.99000549316406,204.19039916992188
2022-01-13,216.80999755859375,214.00999450683594,202.3185577392578
2022-01-14,211.99000549316406,214.30999755859375,202.6021728515625
2022-01-18,212.1999969482422,207.8300018310547,196.47616577148438
2022-01-19,208.80999755859375,204.4499969482422,193.2808074951172
2022-01-20,205.3800048828125,200.75,189.78297424316406
2022-01-21,199.75999450683594,196.99000549316406,186.22836303710938
2022-01-24,194.07000732421875,201.52999877929688,190.52037048339844
2022-01-25,198.47999572753906,198.83999633789062,187.977294921875
2022-01-26,201.77999877929688,195.97000122070312,185.2641143798828
2022-01-27,197.6300048828125,191.52000427246094,181.05722045898438
2022-01-28,191.6999969482422,195.25,184.5834197998047
2022-01-31,194.38999938964844,201.24000549316406,190.2462158203125
2022-02-01,201.66000366210938,203.36000061035156,192.25038146972656
2022-02-02,203.6199951171875,201.33999633789062,190.34075927734375
2022-02-03,198.83999633789062,197.52999877929688,186.73886108398438
2022-02-04,197.0399932861328,198.3800048828125,187.5424346923828
2022-02-07,198.42999267578125,199.36000061035156,188.46890258789062
2022-02-08,199.47000122070312,202.75999450683594,191.6831512451172
2022-02-09,204.57000732421875,206.61000061035156,195.32286071777344
2022-02-10,202.89999389648438,203.44000244140625,192.3260040283203
2022-02-11,203.64999389648438,201.3800048828125,190.3785400390625
2022-02-14,201.6300048828125,200.67999267578125,189.71676635742188
2022-02-15,202.77999877929688,206.05999755859375,194.80287170410156
2022-02-16,205.3000030517578,206.49000549316406,195.20938110351562
2022-02-17,204.5500030517578,201.1999969482422,190.2083740234375
2022-02-18,201.02999877929688,199.47000122070312,188.5728759765625
2022-02-22,198.47999572753906,196.66000366210938,185.91639709472656
2022-02-23,198.24000549316406,192.97999572753906,182.4374237060547
2022-02-24,188.32000732421875,198.0399932861328,187.2210235595703
2022-02-25,198.69000244140625,202.5,191.43736267089844
2022-02-28,200.47000122070312,203.32000732421875,192.21255493164062
2022-03-01,202.66000366210938,199.49000549316406,188.59176635742188
2022-03-02,200.83999633789062,204.24000549316406,193.08230590820312
2022-03-03,205.08999633789062,201.82000732421875,190.7944793701172
2022-03-04,199.6999969482422,198.66000366210938,187.80714416503906
2022-03-07,199.22000122070312,193.72000122070312,183.13699340820312
2022-03-08,194.33999633789062,194.7899932861328,184.14852905273438
2022-03-09,198.22000122070312,200.27999877929688,189.3386688232422
2022-03-10,197.41000366210938,199.9199981689453,188.998291015625
2022-03-11,200.77999877929688,196.72999572753906,185.98255920410156
2022-03-14,197.24000549316406,192.7100067138672,182.1822052001953
2022-03-15,193.4600067138672,195.77999877929688,185.08448791503906
2022-03-16,197.5399932861328,201.94000244140625,190.90794372558594
2022-03-17,200.77000427246094,205.11000061035156,193.9047393798828
2022-03-18,204.2100067138672,207.27000427246094,195.94679260253906
2022-03-21,207.1999969482422,205.44000244140625,194.21676635742188
2022-03-22,206.30999755859375,207.5,196.16419982910156
2022-03-23,206.14999389648438,203.89999389648438,192.76087951660156
2022-03-24,204.3800048828125,205.83999633789062,194.97738647460938
2022-03-25,206.08999633789062,206.1199951171875,195.24264526367188
2022-03-28,205.60000610351562,206.19000244140625,195.30892944335938
2022-03-29,208.0,211.7100067138672,200.5376434326172
2022-03-30,211.3699951171875,207.4600067138672,196.51193237304688
2022-03-31,207.1300048828125,205.27000427246094,194.4375
2022-04-01,206.17999267578125,207.57000732421875,196.6160888671875
2022-04-04,207.8699951171875,207.91000366210938,196.9381866455078
2022-04-05,207.9600067138672,202.99000549316406,192.2777862548828
2022-04-06,201.27000427246094,200.11000061035156,189.54977416992188
2022-04-07,200.11000061035156,199.4600067138672,188.93409729003906
2022-04-08,199.22000122070312,197.8699951171875,187.427978515625
2022-04-11,197.1199951171875,196.5399932861328,186.16819763183594
2022-04-12,198.6999969482422,197.16000366210938,186.7554473876953
2022-04-13,197.67999267578125,200.91000366210938,190.30755615234375
2022-04-14,201.11000061035156,198.9600067138672,188.46047973632812
2022-04-18,198.4600067138672,197.6199951171875,187.191162109375
2022-04-19,197.86000061035156,201.55999755859375,190.9232635498047
2022-04-20,203.0500030517578,202.3300018310547,191.65261840820312
2022-04-21,204.22999572753906,197.8000030517578,187.3616943359375
2022-04-22,196.8699951171875,192.67999267578125,182.51185607910156
2022-04-25,190.99000549316406,193.85000610351562,183.62013244628906
2022-04-26,192.32000732421875,187.74000549316406,177.83258056640625
2022-04-27,187.6699981689453,186.9600067138672,177.09373474121094
2022-04-28,189.1699981689453,190.4499969482422,180.39959716796875
2022-04-29,189.58999633789062,184.9499969482422,175.18980407714844
2022-05-02,184.89999389648438,186.88999938964844,177.02740478515625
2022-05-03,186.9199981689453,188.49000549316406,178.54299926757812
2022-05-04,189.0500030517578,193.52000427246094,183.30755615234375
2022-05-05,191.52999877929688,185.6699981689453,175.87179565429688
2022-05-06,184.9600067138672,182.5800018310547,172.94485473632812
2022-05-09,179.86000061035156,174.89999389648438,165.67015075683594
2022-05-10,177.57000732421875,174.9499969482422,165.71749877929688
2022-05-11,175.1300048828125,170.60000610351562,161.59706115722656
2022-05-12,169.8300018310547,172.60000610351562,163.4915313720703
2022-05-13,175.0399932861328,178.07000732421875,168.67288208007812
2022-05-16,177.5,177.22000122070312,167.86773681640625
2022-05-17,180.41000366210938,182.63999938964844,173.001708984375
2022-05-18,180.47000122070312,176.24000549316406,166.93946838378906
2022-05-19,174.88999938964844,176.52999877929688,167.2141571044922
2022-05-20,178.5,176.0800018310547,166.78790283203125
2022-05-23,177.8800048828125,178.2100067138672,168.80548095703125
2022-05-24,176.57000732421875,175.57000732421875,166.30479431152344
2022-05-25,174.8800048828125,178.72999572753906,169.2980499267578
2022-05-26,179.85000610351562,182.72000122070312,173.07748413085938
2022-05-27,183.75999450683594,187.63999938964844,177.73785400390625
2022-05-31,186.91000366210938,185.30999755859375,175.5308074951172
2022-06-01,186.27000427246094,184.25999450683594,174.53622436523438
2022-06-02,184.58999633789062,188.75999450683594,178.79873657226562
2022-06-03,187.2899932861328,187.05999755859375,177.18844604492188
2022-06-06,189.2899932861328,187.8699951171875,177.95570373535156
2022-06-07,186.41000366210938,190.89999389648438,180.82579040527344
2022-06-08,189.9600067138672,187.9499969482422,178.03147888183594
2022-06-09,186.5500030517578,183.57000732421875,174.3408966064453
2022-06-10,180.50999450683594,178.58999633789062,169.61122131347656
2022-06-13,173.6300048828125,170.1999969482422,161.64305114746094
2022-06-14,170.6699981689453,169.3800048828125,160.86431884765625
2022-06-15,171.2100067138672,171.86000061035156,163.21958923339844
2022-06-16,167.83999633789062,163.89999389648438,155.6597900390625
2022-06-17,164.47999572753906,165.17999267578125,156.87542724609375
2022-06-21,167.97999572753906,168.13999938964844,159.68661499023438
2022-06-22,165.9600067138672,167.82000732421875,159.38272094726562
2022-06-23,168.19000244140625,169.8300018310547,161.29164123535156
2022-06-24,171.22000122070312,175.08999633789062,166.28721618652344
2022-06-27,175.6699981689453,175.74000549316406,166.904541015625
2022-06-28,176.92999267578125,172.44000244140625,163.77041625976562
2022-06-29,172.5500030517578,170.69000244140625,162.10842895507812
2022-06-30,168.1999969482422,169.36000061035156,160.84530639648438
2022-07-01,169.0500030517578,171.41000366210938,162.79220581054688
2022-07-05,168.67999267578125,172.8300018310547,164.1408233642578
2022-07-06,172.4499969482422,171.5500030517578,162.9252166748047
2022-07-07,172.86000061035156,175.61000061035156,166.7810516357422
2022-07-08,175.07000732421875,175.58999633789062,166.76206970214844
2022-07-11,174.25999450683594,172.05999755859375,163.40953063964844
2022-07-12,171.5399932861328,171.47000122070312,162.8491973876953
2022-07-13,169.14999389648438,171.32000732421875,162.70675659179688
2022-07-14,168.67999267578125,169.55999755859375,161.0352325439453
2022-07-15,171.5399932861328,173.08999633789062,164.3877716064453
2022-07-18,175.1300048828125,172.60000610351562,163.92239379882812
2022-07-19,174.75,178.69000244140625,169.70620727539062
2022-07-20,178.64999389648438,181.49000549316406,172.36544799804688
2022-07-21,180.4499969482422,182.4199981689453,173.2486572265625
2022-07-22,182.8800048828125,179.50999450683594,170.4849853515625
2022-07-25,180.0500030517578,180.44000244140625,171.3682098388672
2022-07-26,179.77999877929688,179.3300018310547,170.3140411376953
2022-07-27,180.47999572753906,183.41000366210938,174.1889190673828
2022-07-28,184.32000732421875,185.92999267578125,176.5822296142578
2022-07-29,186.0399932861328,187.25,177.83584594726562
2022-08-01,185.7899932861328,187.17999267578125,177.7693634033203
2022-08-02,186.47000122070312,187.0,177.59841918945312
2022-08-03,188.3000030517578,189.75,180.2101593017578
2022-08-04,189.83999633789062,189.35000610351562,179.83026123046875
2022-08-05,187.47000122070312,190.8000030517578,181.20733642578125
2022-08-08,192.14999389648438,192.82000732421875,183.12582397460938
2022-08-09,192.0399932861328,190.19000244140625,180.6280517578125
2022-08-10,193.6300048828125,195.6199951171875,185.7850341796875
2022-08-11,197.4199981689453,196.35000610351562,186.4783477783203
2022-08-12,197.35000610351562,200.36000061035156,190.2867431640625
2022-08-15,198.8000030517578,201.07000732421875,190.96102905273438
2022-08-16,200.5,200.99000549316406,190.8850555419922
2022-08-17,198.72000122070312,197.61000061035156,187.67498779296875
2022-08-18,197.8800048828125,198.9199981689453,188.91912841796875
2022-08-19,196.8300018310547,194.64999389648438,184.86380004882812
2022-08-22,191.99000549316406,190.63999938964844,181.05540466308594
2022-08-23,190.94000244140625,190.9499969482422,181.3498077392578
2022-08-24,190.7899932861328,192.41000366210938,182.7364044189453
2022-08-25,193.3800048828125,195.39999389648438,185.57611083984375
2022-08-26,195.33999633789062,188.97999572753906,179.4788818359375
2022-08-29,186.9499969482422,187.24000549316406,177.82635498046875
2022-08-30,187.82000732421875,184.6199951171875,175.3380584716797
2022-08-31,184.94000244140625,183.5,174.27438354492188
2022-09-01,181.77999877929688,181.5,172.37498474121094
2022-09-02,183.60000610351562,180.08999633789062,171.03582763671875
2022-09-06,180.7100067138672,178.30999755859375,169.34532165527344
2022-09-07,177.97000122070312,182.19000244140625,173.0302276611328
2022-09-08,180.69000244140625,183.7100067138672,174.4738311767578
2022-09-09,185.33999633789062,187.39999389648438,177.97830200195312
2022-09-12,188.60000610351562,189.6699981689453,180.1341552734375
2022-09-13,184.86000061035156,182.25,173.0872802734375
2022-09-14,182.57000732421875,182.9600067138672,173.7615203857422
2022-09-15,181.9199981689453,181.6300048828125,172.49838256835938
2022-09-16,179.08999633789062,178.99000549316406,169.99114990234375
2022-09-19,177.00999450683594,180.52000427246094,171.44419860839844
2022-09-20,178.77000427246094,178.05999755859375,169.10784912109375
2022-09-21,179.3699951171875,175.33999633789062,166.52467346191406
2022-09-22,175.0,171.38999938964844,162.773193359375
2022-09-23,169.0,167.30999755859375,158.89834594726562
2022-09-26,165.47000122070312,164.1699981689453,156.72276306152344
2022-09-27,166.30999755859375,164.72999572753906,157.25732421875
2022-09-28,165.75999450683594,169.94000244140625,162.2310028076172
2022-09-29,167.77999877929688,166.1300048828125,158.5938262939453
2022-09-30,165.77999877929688,164.9199981689453,157.43870544433594
2022-10-03,167.33999633789062,169.2899932861328,161.61048889160156
2022-10-04,172.61000061035156,176.0,168.01608276367188
2022-10-05,173.41000366210938,174.6999969482422,166.7750701904297
2022-10-06,173.85000610351562,173.72000122070312,165.83949279785156
2022-10-07,171.92999267578125,168.61000061035156,160.9613037109375
2022-10-10,169.2899932861328,167.6699981689453,160.06399536132812
2022-10-11,166.9600067138672,167.72000122070312,160.1116943359375
2022-10-12,167.89999389648438,167.25999450683594,159.67254638671875
2022-10-13,164.0,171.39999389648438,163.624755859375
2022-10-14,172.74000549316406,166.80999755859375,159.24298095703125
2022-10-17,170.22000122070312,172.1300048828125,164.3216094970703
2022-10-18,175.86000061035156,174.1699981689453,166.2691192626953
2022-10-19,172.49000549316406,171.2100067138672,163.44337463378906
2022-10-20,171.4199981689453,169.02999877929688,161.3622589111328
2022-10-21,169.39999389648438,172.6999969482422,164.8657684326172
2022-10-24,173.32000732421875,173.44000244140625,165.5722198486328
2022-10-25,173.57000732421875,178.1699981689453,170.08763122558594
2022-10-26,179.14999389648438,179.0500030517578,170.927734375
2022-10-27,180.58999633789062,179.08999633789062,170.96592712402344
2022-10-28,179.8300018310547,183.16000366210938,174.85128784179688
2022-10-31,182.27000427246094,183.3300018310547,175.01356506347656
2022-11-01,185.24000549316406,183.5800018310547,175.25222778320312
2022-11-02,182.83999633789062,177.49000549316406,169.43850708007812
2022-11-03,175.2899932861328,176.3000030517578,168.30247497558594
2022-11-04,178.9199981689453,178.67999267578125,170.57449340820312
2022-11-07,179.74000549316406,179.49000549316406,171.3477783203125
2022-11-08,180.22999572753906,179.55999755859375,171.4145965576172
2022-11-09,178.0,174.6300048828125,166.70823669433594
2022-11-10,181.85000610351562,185.3800048828125,176.97059631347656
2022-11-11,185.75999450683594,186.89999389648438,178.421630859375
2022-11-14,185.7899932861328,184.80999755859375,176.42642211914062
2022-11-15,187.83999633789062,187.5500030517578,179.0421600341797
2022-11-16,186.60000610351562,184.25,175.89183044433594
2022-11-17,181.6199951171875,182.5399932861328,174.2593994140625
2022-11-18,184.58999633789062,183.72000122070312,175.38587951660156
2022-11-21,182.77999877929688,182.75999450683594,174.46945190429688
2022-11-22,183.74000549316406,184.7100067138672,176.33096313476562
2022-11-23,184.2899932861328,185.19000244140625,176.7891845703125
2022-11-25,185.08999633789062,185.5800018310547,177.16152954101562
2022-11-28,184.1300048828125,181.83999633789062,173.59115600585938
2022-11-29,181.9600067138672,182.3699951171875,174.0971221923828
2022-11-30,182.6699981689453,187.3699951171875,178.8703155517578
2022-12-01,188.14999389648438,186.9600067138672,178.47889709472656
2022-12-02,184.3699951171875,188.0500030517578,179.5194549560547
2022-12-05,186.86000061035156,182.8699951171875,174.574462890625
2022-12-06,182.8800048828125,180.07000732421875,171.90145874023438
2022-12-07,179.75,179.5399932861328,171.39547729492188
2022-12-08,180.77000427246094,180.83999633789062,172.6365203857422
2022-12-09,179.77000427246094,178.6199951171875,170.51724243164062
2022-12-12,178.85000610351562,180.72000122070312,172.52198791503906
2022-12-13,185.72999572753906,181.3800048828125,173.950927734375
2022-12-14,181.30999755859375,180.19000244140625,172.80967712402344
2022-12-15,178.02999877929688,175.67999267578125,168.48439025878906
2022-12-16,173.8000030517578,174.3699951171875,167.22805786132812
2022-12-19,174.61000061035156,172.00999450683594,164.9647216796875
2022-12-20,171.6699981689453,172.9199981689453,165.83746337890625
2022-12-21,174.4499969482422,175.89999389648438,168.6953887939453
2022-12-22,174.3300018310547,173.60000610351562,166.48959350585938
2022-12-23,173.47999572753906,174.38999938964844,167.2472381591797
2022-12-27,174.36000061035156,173.22000122070312,166.1251678466797
2022-12-28,173.17999267578125,170.52999877929688,163.54531860351562
2022-12-29,171.72000122070312,174.85000610351562,167.68841552734375
2022-12-30,173.33999633789062,174.36000061035156,167.21847534179688
2023-01-03,175.92999267578125,173.39999389648438,166.29779052734375
2023-01-04,174.6199951171875,175.55999755859375,168.3693084716797
2023-01-05,174.58999633789062,173.67999267578125,166.56631469726562
2023-01-06,175.3000030517578,177.5800018310547,170.3065643310547
2023-01-09,179.00999450683594,177.8800048828125,170.5943145751953
2023-01-10,177.66000366210938,180.50999450683594,173.1165771484375
2023-01-11,181.25999450683594,182.75999450683594,175.2744140625
2023-01-12,183.57000732421875,185.8300018310547,178.21868896484375
2023-01-13,184.5,187.0500030517578,179.38870239257812
2023-01-17,187.0,186.82000732421875,179.1681671142578
2023-01-18,187.4499969482422,183.8000030517578,176.2718048095703
2023-01-19,182.72999572753906,182.0399932861328,174.58389282226562
2023-01-20,182.7100067138672,185.0399932861328,177.46102905273438
2023-01-23,185.42999267578125,187.3300018310547,179.65724182128906
2023-01-24,186.58999633789062,186.92999267578125,179.2736053466797
2023-01-25,185.41000366210938,187.4499969482422,179.7723388671875
2023-01-26,188.97999572753906,188.55999755859375,180.83688354492188
2023-01-27,187.97999572753906,189.5800018310547,181.8150634765625
2023-01-30,187.83999633789062,186.94000244140625,179.28321838378906
2023-01-31,187.4199981689453,191.47999572753906,183.6372528076172
2023-02-01,191.19000244140625,194.49000549316406,186.5239715576172
2023-02-02,196.00999450683594,198.32000732421875,190.19712829589844
2023-02-03,196.11000061035156,196.99000549316406,188.92156982421875
2023-02-06,195.64999389648438,194.13999938964844,186.1883087158203
2023-02-07,193.41000366210938,195.5800018310547,187.56935119628906
2023-02-08,194.36000061035156,192.72000122070312,184.8264923095703
2023-02-09,194.22999572753906,189.92999267578125,182.15072631835938
2023-02-10,189.27999877929688,190.30999755859375,182.5151824951172
2023-02-13,190.50999450683594,192.60000610351562,184.71141052246094
2023-02-14,191.27999877929688,192.50999450683594,184.62509155273438
2023-02-15,190.97999572753906,194.4600067138672,186.49520874023438
2023-02-16,191.8000030517578,192.60000610351562,184.71141052246094
2023-02-17,191.8800048828125,193.1300048828125,185.21971130371094
2023-02-21,190.75,187.42999267578125,179.75314331054688
2023-02-22,187.8300018310547,187.94000244140625,180.24224853515625
2023-02-23,189.35000610351562,189.27999877929688,181.52737426757812
2023-02-24,186.64999389648438,187.50999450683594,179.829833984375
2023-02-27,189.1300048828125,188.1699981689453,180.4628448486328
2023-02-28,188.1199951171875,188.17999267578125,180.47242736816406
2023-03-01,188.19000244140625,188.4199981689453,180.70257568359375
2023-03-02,186.86000061035156,188.8699951171875,181.13417053222656
2023-03-03,189.6699981689453,191.5,183.65646362304688
2023-03-06,191.55999755859375,188.6999969482422,180.97113037109375
2023-03-07,188.64999389648438,186.50999450683594,178.87081909179688
2023-03-08,186.7899932861328,186.60000610351562,178.9571533203125
2023-03-09,186.72999572753906,181.41000366210938,173.97972106933594
2023-03-10,180.38999938964844,176.17999267578125,168.9639129638672
2023-03-13,172.52000427246094,173.30999755859375,166.21145629882812
2023-03-14,178.60000610351562,176.52000427246094,169.2899932861328
2023-03-15,171.92999267578125,173.61000061035156,166.49920654296875
2023-03-16,171.47000122070312,175.97999572753906,168.77210998535156
2023-03-17,174.0399932861328,171.22999572753906,164.2166748046875
2023-03-20,173.0500030517578,173.4499969482422,166.34573364257812
2023-03-21,176.5500030517578,176.64999389648438,169.41465759277344
2023-03-22,176.52000427246094,171.63999938964844,164.60984802246094
2023-03-23,172.27999877929688,170.25,163.87928771972656
2023-03-24,168.75,171.7899932861328,165.3616485595703
2023-03-27,173.83999633789062,173.6999969482422,167.20018005371094
2023-03-28,173.10000610351562,173.4499969482422,166.95953369140625
2023-03-29,175.33999633789062,175.4199981689453,168.85581970214844
2023-03-30,176.8800048828125,175.17999267578125,168.62477111816406
2023-03-31,176.39999389648438,178.39999389648438,171.7242889404297
2023-04-03,178.9499969482422,178.47999572753906,171.80128479003906
2023-04-04,178.9199981689453,175.35000610351562,168.78843688964844
2023-04-05,174.25,173.6300048828125,167.13279724121094
2023-04-06,173.72000122070312,173.88999938964844,167.38307189941406
2023-04-10,173.07000732421875,175.75,169.17344665527344
2023-04-11,176.57000732421875,177.13999938964844,170.511474609375
2023-04-12,178.82000732421875,175.83999633789062,169.26010131835938
2023-04-13,176.5399932861328,178.1699981689453,171.50289916992188
2023-04-14,178.3300018310547,176.50999450683594,169.905029296875
2023-04-17,176.97000122070312,178.77999877929688,172.090087890625
2023-04-18,179.58999633789062,178.02000427246094,171.3585205078125
2023-04-19,177.0800018310547,178.25,171.57992553710938
2023-04-20,177.14999389648438,177.3300018310547,170.6943359375
2023-04-21,177.80999755859375,177.55999755859375,170.91571044921875
2023-04-24,177.3800048828125,177.44000244140625,170.80023193359375
2023-04-25,175.6300048828125,173.05999755859375,166.58412170410156
2023-04-26,172.22999572753906,171.38999938964844,164.9766082763672
2023-04-27,172.02999877929688,173.67999267578125,167.180908203125
2023-04-28,173.2899932861328,175.1999969482422,168.64404296875
2023-05-01,175.0,175.3000030517578,168.7403106689453
2023-05-02,174.39999389648438,171.6999969482422,165.27500915527344
2023-05-03,172.22000122070312,172.3300018310547,165.88143920898438
2023-05-04,171.32000732421875,170.39999389648438,164.02365112304688
2023-05-05,173.2899932861328,174.4499969482422,167.92210388183594
2023-05-08,175.25999450683594,174.0500030517578,167.53709411621094
2023-05-09,172.97999572753906,173.52999877929688,167.03651428222656
2023-05-10,175.9600067138672,174.41000366210938,167.8836212158203
2023-05-11,173.22000122070312,173.07000732421875,166.59375
2023-05-12,173.64999389648438,172.72000122070312,166.25685119628906
2023-05-15,173.30999755859375,174.8300018310547,168.28790283203125
2023-05-16,173.61000061035156,172.27999877929688,165.83328247070312
2023-05-17,173.42999267578125,176.1199951171875,169.5296173095703
2023-05-18,175.55999755859375,177.19000244140625,170.55960083007812
2023-05-19,178.50999450683594,176.11000061035156,169.52000427246094
2023-05-22,176.6199951171875,178.25999450683594,171.5895538330078
2023-05-23,177.91000366210938,177.4199981689453,170.78097534179688
2023-05-24,176.5500030517578,175.5399932861328,168.9713134765625
2023-05-25,175.25,174.1699981689453,167.65260314941406
2023-05-26,174.3000030517578,176.14999389648438,169.55848693847656
2023-05-30,176.7100067138672,175.5,168.93283081054688
2023-05-31,174.69000244140625,173.77000427246094,167.26756286621094
2023-06-01,173.86000061035156,175.64999389648438,169.07720947265625
2023-06-02,178.00999450683594,182.02000427246094,175.2088623046875
2023-06-05,181.25999450683594,179.5800018310547,172.86016845703125
2023-06-06,178.92999267578125,184.30999755859375,177.41317749023438
2023-06-07,184.9600067138672,187.24000549316406,180.73263549804688
2023-06-08,186.75,186.5399932861328,180.0569610595703
2023-06-09,186.32000732421875,185.02999877929688,178.5994415283203
2023-06-12,185.22999572753906,185.8000030517578,179.3426971435547
2023-06-13,186.44000244140625,187.92999267578125,181.39865112304688
2023-06-14,188.32000732421875,185.91000366210938,179.44886779785156
2023-06-15,185.0800018310547,187.44000244140625,180.92567443847656
2023-06-16,187.9499969482422,185.94000244140625,179.47779846191406
2023-06-20,185.16000366210938,185.1300048828125,178.69593811035156
2023-06-21,184.44000244140625,184.6999969482422,178.28089904785156
2023-06-22,184.1999969482422,183.3300018310547,176.95852661132812
2023-06-23,180.77000427246094,180.57000732421875,174.29444885253906
2023-06-26,180.44000244140625,180.75,174.4681854248047
2023-06-27,181.1999969482422,183.36000061035156,176.9875030517578
2023-06-28,182.99000549316406,184.25999450683594,177.85618591308594
2023-06-29,184.72000122070312,186.3800048828125,179.90252685546875
2023-06-30,188.25999450683594,187.27000427246094,180.76158142089844
2023-07-03,186.91000366210938,187.64999389648438,181.1283721923828
2023-07-05,187.1300048828125,185.77999877929688,179.3233642578125
2023-07-06,183.6300048828125,182.77999877929688,176.42764282226562
2023-07-07,182.97999572753906,184.7100067138672,178.2905731201172
2023-07-10,184.5800018310547,187.8699951171875,181.34072875976562
2023-07-11,188.47999572753906,189.8000030517578,183.2036895751953
2023-07-12,192.75999450683594,191.8699951171875,185.20172119140625
2023-07-13,192.50999450683594,193.4199981689453,186.69784545898438
2023-07-14,193.33999633789062,191.52999877929688,184.87351989746094
2023-07-17,191.33999633789062,193.5800018310547,186.85231018066406
2023-07-18,193.6999969482422,195.97000122070312,189.1592559814453
2023-07-19,196.6999969482422,196.8000030517578,189.96038818359375
2023-07-20,196.94000244140625,195.0800018310547,188.3001708984375
2023-07-21,196.38999938964844,194.4600067138672,187.7017059326172
2023-07-24,194.55999755859375,194.94000244140625,188.1650390625
2023-07-25,194.5800018310547,194.9199981689453,188.14572143554688
2023-07-26,194.77000427246094,196.4600067138672,189.63221740722656
2023-07-27,197.6300048828125,193.9199981689453,187.18048095703125
2023-07-28,196.02000427246094,196.42999267578125,189.60324096679688
2023-07-31,196.92999267578125,198.7100067138672,191.80401611328125
2023-08-01,197.42999267578125,197.8000030517578,190.9256134033203
2023-08-02,195.58999633789062,195.11000061035156,188.3291473388672
2023-08-03,194.3000030517578,194.55999755859375,187.7982177734375
2023-08-04,194.82000732421875,194.1699981689453,187.4218292236328
2023-08-07,194.66000366210938,194.3000030517578,187.5472869873047
2023-08-08,192.13999938964844,193.0800018310547,186.3696746826172
2023-08-09,192.8699951171875,191.57000732421875,184.9121551513672
2023-08-10,192.24000549316406,190.72000122070312,184.09169006347656
2023-08-11,189.9199981689453,190.99000549316406,184.35231018066406
2023-08-14,189.94000244140625,190.66000366210938,184.03378295898438
2023-08-15,189.52000427246094,188.13999938964844,181.6013641357422
2023-08-16,187.99000549316406,185.83999633789062,179.38125610351562
2023-08-17,186.33999633789062,183.64999389648438,177.2673797607422
2023-08-18,182.2100067138672,184.64999389648438,178.23263549804688
2023-08-21,184.6999969482422,184.3800048828125,177.9720458984375
2023-08-22,185.0399932861328,183.8300018310547,177.44119262695312
2023-08-23,184.0,185.7899932861328,179.33299255371094
2023-08-24,185.25,183.22000122070312,176.85235595703125
2023-08-25,184.05999755859375,184.0,177.60523986816406
2023-08-28,184.83999633789062,185.63999938964844,179.18824768066406
2023-08-29,185.5399932861328,188.22999572753906,181.68820190429688
2023-08-30,187.72999572753906,188.94000244140625,182.37356567382812
2023-08-31,189.1999969482422,188.61000061035156,182.0550537109375
2023-09-01,190.07000732421875,190.85000610351562,184.21719360351562
2023-09-05,189.64999389648438,186.8300018310547,180.33688354492188
2023-09-06,187.05999755859375,186.1300048828125,179.6612091064453
2023-09-07,185.13999938964844,184.3300018310547,177.9237823486328
2023-09-08,184.55999755859375,183.9199981689453,177.5280303955078
2023-09-11,185.25999450683594,184.36000061035156,177.95272827148438
2023-09-12,184.0399932861328,184.17999267578125,177.7790069580078
2023-09-13,184.5,182.97000122070312,176.61105346679688
2023-09-14,184.52999877929688,185.5500030517578,179.1013641357422
2023-09-15,184.7899932861328,183.61000061035156,177.2288055419922
2023-09-18,183.6999969482422,182.38999938964844,176.0511932373047
2023-09-19,182.49000549316406,181.67999267578125,175.3658905029297
2023-09-20,182.39999389648438,179.86000061035156,173.60911560058594
2023-09-21,178.5,177.07000732421875,170.91607666015625
2023-09-22,177.55999755859375,176.6699981689453,170.52996826171875
2023-09-25,175.69000244140625,177.4600067138672,171.29257202148438
2023-09-26,175.5,174.36000061035156,169.0901641845703
2023-09-27,175.4499969482422,175.99000549316406,170.67091369628906
2023-09-28,176.08999633789062,177.5800018310547,172.2128448486328
2023-09-29,178.97000122070312,176.74000549316406,171.39825439453125
2023-10-02,176.3300018310547,174.07000732421875,168.80892944335938
2023-10-03,172.9499969482422,171.13999938964844,165.9674835205078
2023-10-04,171.00999450683594,171.22000122070312,166.0450897216797
2023-10-05,170.8000030517578,171.35000610351562,166.171142578125
2023-10-06,170.3699951171875,173.0,167.77130126953125
2023-10-09,171.83999633789062,174.0,168.7410430908203
2023-10-10,174.30999755859375,175.97000122070312,170.65150451660156
2023-10-11,176.1199951171875,175.6699981689453,170.3605499267578
2023-10-12,175.8800048828125,171.6999969482422,166.5105438232422
2023-10-13,172.35000610351562,170.27000427246094,165.12376403808594
2023-10-16,171.74000549316406,173.02000427246094,167.79066467285156
2023-10-17,171.94000244140625,174.9499969482422,169.66233825683594
2023-10-18,173.63999938964844,171.35000610351562,166.171142578125
2023-10-19,170.86000061035156,168.6199951171875,163.52365112304688
2023-10-20,168.66000366210938,166.44000244140625,161.4095458984375
2023-10-23,165.66000366210938,165.02999877929688,160.04217529296875
2023-10-24,166.4499969482422,166.47000122070312,161.43861389160156
2023-10-25,165.00999450683594,163.72000122070312,158.7717742919922
2023-10-26,164.14999389648438,164.13999938964844,159.17906188964844
2023-10-27,164.52000427246094,162.2100067138672,157.30740356445312
2023-10-30,163.7899932861328,163.11000061035156,158.18019104003906
2023-10-31,163.39999389648438,164.52000427246094,159.54757690429688
2023-11-01,164.4600067138672,165.4600067138672,160.45916748046875
2023-11-02,167.75,169.8699951171875,164.73585510253906
2023-11-03,172.8000030517578,174.49000549316406,169.2162322998047
2023-11-06,174.49000549316406,172.30999755859375,167.10214233398438
2023-11-07,171.55999755859375,171.6999969482422,166.5105438232422
2023-11-08,171.6999969482422,169.8699951171875,164.73585510253906
2023-11-09,171.02999877929688,167.24000549316406,162.18536376953125
2023-11-10,168.22000122070312,169.11000061035156,163.99884033203125
2023-11-13,168.24000549316406,169.1699981689453,164.05702209472656
2023-11-14,174.22999572753906,178.4600067138672,173.06625366210938
2023-11-15,178.35000610351562,178.77000427246094,173.36691284179688
2023-11-16,178.13999938964844,175.8800048828125,170.56422424316406
2023-11-17,177.4499969482422,178.2899932861328,172.90138244628906
2023-11-20,178.52000427246094,179.3300018310547,173.90997314453125
2023-11-21,178.24000549316406,177.02000427246094,171.66976928710938
2023-11-22,178.17999267578125,178.1300048828125,172.74620056152344
2023-11-24,178.0500030517578,179.3300018310547,173.90997314453125
2023-11-27,178.5,178.72999572753906,173.3280792236328
2023-11-28,178.5500030517578,178.0399932861328,172.65892028808594
2023-11-29,179.5500030517578,178.97999572753906,173.5705108642578
2023-11-30,180.0500030517578,179.66000366210938,174.22999572753906
2023-12-01,179.1999969482422,184.91000366210938,179.32130432128906
2023-12-04,184.22999572753906,186.88999938964844,181.241455078125
2023-12-05,186.0500030517578,184.38999938964844,178.8170166015625
2023-12-06,185.6999969482422,184.05999755859375,178.49697875976562
2023-12-07,184.3300018310547,185.38999938964844,179.7867889404297
2023-12-08,185.14999389648438,186.8000030517578,181.15419006347656
2023-12-11,186.67999267578125,187.19000244140625,181.5323944091797
2023-12-12,186.97000122070312,187.0,181.34812927246094
2023-12-13,187.10000610351562,193.3300018310547,187.48683166503906
2023-12-14,196.8699951171875,198.7100067138672,192.70420837402344
2023-12-15,198.9499969482422,197.0399932861328,191.08468627929688
2023-12-18,197.9600067138672,197.11000061035156,191.15257263183594
2023-12-19,198.47999572753906,200.92999267578125,194.8571319580078
2023-12-20,199.86000061035156,196.27999877929688,191.04554748535156
2023-12-21,198.5,199.6199951171875,194.29649353027344
2023-12-22,200.8800048828125,201.47999572753906,196.1068572998047
2023-12-26,202.2100067138672,204.10000610351562,198.65699768066406
2023-12-27,204.44000244140625,204.82000732421875,199.35781860351562
2023-12-28,203.7899932861328,204.0399932861328,198.59860229492188
2023-12-29,203.47999572753906,200.7100067138672,195.357421875
2024-01-02,199.39999389648438,199.52000427246094,194.19915771484375
2024-01-03,197.39999389648438,194.1999969482422,189.02102661132812
2024-01-04,194.05999755859375,193.82000732421875,188.65118408203125
2024-01-05,192.69000244140625,193.25,188.0963592529297
2024-01-08,193.2899932861328,196.72999572753906,191.48353576660156
2024-01-09,194.35000610351562,194.97000122070312,189.77047729492188
2024-01-10,194.74000549316406,195.0800018310547,189.87754821777344
2024-01-11,194.5,193.5500030517578,188.38836669921875
2024-01-12,195.88999938964844,193.22999572753906,188.07687377929688
2024-01-16,191.72000122070312,190.83999633789062,185.75059509277344
2024-01-17,188.1300048828125,189.47999572753906,184.42689514160156
2024-01-18,190.7100067138672,190.60000610351562,185.5170440673828
2024-01-19,191.2899932861328,192.42999267578125,187.2982177734375
2024-01-22,194.14999389648438,196.5399932861328,191.29859924316406
2024-01-23,198.22000122070312,195.97000122070312,190.7438201904297
2024-01-24,198.3800048828125,194.36000061035156,189.17672729492188
2024-01-25,197.10000610351562,195.97000122070312,190.7438201904297
2024-01-26,196.88999938964844,195.97999572753906,190.75355529785156
2024-01-29,196.16000366210938,199.41000366210938,194.09207153320312
2024-01-30,198.38999938964844,197.7100067138672,192.43743896484375
2024-01-31,197.2100067138672,192.8800048828125,187.73619079589844
2024-02-01,194.30999755859375,195.44000244140625,190.2279510498047
2024-02-02,193.24000549316406,194.41000366210938,189.22540283203125
2024-02-05,192.47000122070312,191.94000244140625,186.82130432128906
2024-02-06,191.6999969482422,193.6699981689453,188.50514221191406
2024-02-07,194.07000732421875,193.22000122070312,188.06716918945312
2024-02-08,193.36000061035156,196.14999389648438,190.9189910888672
2024-02-09,196.9199981689453,199.33999633789062,194.02394104003906
2024-02-12,199.8699951171875,202.9600067138672,197.54739379882812
2024-02-13,196.22000122070312,194.61000061035156,189.4200897216797
2024-02-14,197.67999267578125,199.1300048828125,193.81954956054688
2024-02-15,200.99000549316406,204.44000244140625,198.98793029785156
2024-02-16,202.1199951171875,201.66000366210938,196.28208923339844
2024-02-20,199.14999389648438,198.8800048828125,193.57620239257812
2024-02-21,197.66000366210938,197.94000244140625,192.6613006591797
2024-02-22,198.64999389648438,199.44000244140625,194.12127685546875
2024-02-23,199.60000610351562,199.88999938964844,194.5592803955078
2024-02-26,199.69000244140625,201.14999389648438,195.78567504882812
2024-02-27,203.0800018310547,204.0,198.55966186523438
2024-02-28,202.44000244140625,202.32000732421875,196.92446899414062
2024-02-29,205.17999267578125,203.72999572753906,198.29689025878906
2024-03-01,204.52999877929688,205.88999938964844,200.39923095703125
2024-03-04,207.02999877929688,205.6999969482422,200.21434020996094
2024-03-05,204.3000030517578,203.72999572753906,198.29689025878906
2024-03-06,206.02999877929688,205.25,199.7763671875
2024-03-07,206.6999969482422,206.9600067138672,201.44070434570312
2024-03-08,208.74000549316406,206.8300018310547,201.31419372558594
2024-03-11,205.9600067138672,205.19000244140625,199.71792602539062
2024-03-12,205.14999389648438,204.91000366210938,199.44537353515625
2024-03-13,204.8699951171875,205.7100067138672,200.2240753173828
2024-03-14,205.0500030517578,202.02999877929688,196.64222717285156
2024-03-15,201.25,202.41000366210938,197.0120849609375
2024-03-18,202.91000366210938,201.25,195.88299560546875
2024-03-19,199.77999877929688,202.10000610351562,196.71031188964844
2024-03-20,201.52000427246094,206.10000610351562,200.60369873046875
2024-03-21,207.0,207.94000244140625,202.9085235595703
2024-03-22,207.85000610351562,205.07000732421875,200.1079864501953
2024-03-25,205.72000122070312,205.5399932861328,200.56658935546875
2024-03-26,207.0500030517578,205.1699981689453,200.2055206298828
2024-03-27,206.8000030517578,209.63999938964844,204.56736755371094
2024-03-28,210.0800018310547,210.3000030517578,205.21142578125
2024-04-01,210.77000427246094,208.32000732421875,203.27932739257812
2024-04-02,205.75,204.49000549316406,199.5419921875
2024-04-03,203.3800048828125,205.8300018310547,200.8495635986328
2024-04-04,208.0500030517578,203.77000427246094,198.83941650390625
2024-04-05,203.13999938964844,204.4499969482422,199.50296020507812
2024-04-08,205.97999572753906,205.57000732421875,200.5958709716797
2024-04-09,206.22000122070312,206.3800048828125,201.38626098632812
2024-04-10,201.17999267578125,200.92999267578125,196.06813049316406
2024-04-11,201.97000122070312,202.2899932861328,197.39523315429688
2024-04-12,201.22999572753906,198.69000244140625,193.88233947753906
2024-04-15,199.3699951171875,195.77999877929688,191.04275512695312
2024-04-16,194.41000366210938,195.05999755859375,190.34019470214844
2024-04-17,196.47000122070312,193.0,188.3300018310547
2024-04-18,193.6999969482422,192.83999633789062,188.17388916015625
2024-04-19,191.94000244140625,193.13999938964844,188.4666290283203
2024-04-22,194.2100067138672,195.3000030517578,190.57440185546875
2024-04-23,195.25999450683594,198.57000732421875,193.76524353027344
2024-04-24,198.1699981689453,197.67999267578125,192.89675903320312
2024-04-25,195.44000244140625,196.47999572753906,191.72581481933594
2024-04-26,197.0,198.36000061035156,193.56033325195312
2024-04-29,199.25,199.9600067138672,195.12159729003906
2024-04-30,198.11000061035156,195.89999389648438,191.15985107421875
2024-05-01,195.8800048828125,196.30999755859375,191.55990600585938
2024-05-02,198.77999877929688,199.9199981689453,195.0825653076172
2024-05-03,203.41000366210938,201.89999389648438,197.01466369628906
2024-05-06,203.47000122070312,204.50999450683594,199.56149291992188
2024-05-07,204.77000427246094,204.97000122070312,200.01036071777344
2024-05-08,202.72000122070312,203.77999877929688,198.84918212890625
2024-05-09,203.97000122070312,205.86000061035156,200.87884521484375
2024-05-10,206.35000610351562,204.30999755859375,199.3663330078125
2024-05-13,206.0800018310547,204.74000549316406,199.7859649658203
2024-05-14,207.1300048828125,206.86000061035156,201.85467529296875
2024-05-15,209.2100067138672,209.44000244140625,204.37222290039062
2024-05-16,208.89999389648438,207.92999267578125,202.8987274169922
2024-05-17,208.00999450683594,208.0800018310547,203.04513549804688
2024-05-20,208.02000427246094,208.5399932861328,203.4939727783203
2024-05-21,207.8300018310547,208.33999633789062,203.298828125
2024-05-22,207.52999877929688,206.5800018310547,201.5814208984375
2024-05-23,207.50999450683594,203.19000244140625,198.2734832763672
2024-05-24,204.7899932861328,205.44000244140625,200.46902465820312
2024-05-28,206.97000122070312,205.16000366210938,200.19578552246094
2024-05-29,202.52999877929688,202.1300048828125,197.23910522460938
2024-05-30,203.52000427246094,204.0500030517578,199.11260986328125
2024-05-31,204.9499969482422,205.77000427246094,200.791015625
2024-06-03,207.52999877929688,204.61000061035156,199.65908813476562
2024-06-04,203.14999389648438,201.97000122070312,197.08297729492188
2024-06-05,203.3000030517578,205.05999755859375,200.09820556640625
2024-06-06,204.17999267578125,203.58999633789062,198.6637725830078
2024-06-07,201.52999877929688,201.1999969482422,196.33160400390625
2024-06-10,199.52000427246094,201.88999938964844,197.00491333007812
2024-06-11,199.63999938964844,200.63999938964844,196.33168029785156
2024-06-12,205.8699951171875,203.72000122070312,199.34555053710938
2024-06-13,203.27000427246094,201.94000244140625,197.60379028320312
2024-06-14,199.55999755859375,198.72999572753906,194.46270751953125
2024-06-17,198.1199951171875,200.39999389648438,196.09686279296875
2024-06-18,200.4600067138672,200.75,196.4393310546875
2024-06-20,200.32000732421875,199.89999389648438,195.60757446289062
2024-06-21,199.92999267578125,200.35000610351562,196.04791259765625
2024-06-24,200.69000244140625,201.22000122070312,196.8992156982422
2024-06-25,201.1300048828125,200.55999755859375,196.25341796875
2024-06-26,199.3300018310547,200.02999877929688,195.73480224609375
2024-06-27,200.6300048828125,202.05999755859375,197.72117614746094
2024-06-28,203.8800048828125,202.88999938964844,198.53335571289062
2024-07-01,203.52000427246094,201.19000244140625,196.86988830566406
2024-07-02,201.52000427246094,201.8800048828125,197.54507446289062
2024-07-03,202.25,201.8300018310547,197.4961395263672
2024-07-05,201.2100067138672,200.8699951171875,196.55674743652344
2024-07-08,202.50999450683594,202.27999877929688,197.93646240234375
2024-07-09,201.9199981689453,201.39999389648438,197.07534790039062
2024-07-10,202.2899932861328,203.3699951171875,199.00306701660156
2024-07-11,207.89999389648438,210.67999267578125,206.15609741210938
2024-07-12,212.9199981689453,213.13999938964844,208.5632781982422
2024-07-15,214.7899932861328,217.19000244140625,212.5262908935547
2024-07-16,219.13999938964844,224.60000610351562,219.77719116210938
2024-07-17,222.36000061035156,222.25,217.4776611328125
2024-07-18,221.41000366210938,217.9499969482422,213.26998901367188
2024-07-19,217.6300048828125,216.83999633789062,212.18380737304688
2024-07-22,217.67999267578125,220.2899932861328,215.5597381591797
2024-07-23,219.2100067138672,222.6300048828125,217.84951782226562
2024-07-24,221.07000732421875,217.85000610351562,213.17214965820312
2024-07-25,218.4499969482422,220.57000732421875,215.83375549316406
2024-07-26,223.89999389648438,224.22000122070312,219.40533447265625
2024-07-29,224.7100067138672,221.72999572753906,216.9688262939453
2024-07-30,222.72000122070312,222.57000732421875,217.79080200195312
2024-07-31,223.7100067138672,223.86000061035156,219.0531005859375
2024-08-01,223.77000427246094,216.5800018310547,211.92941284179688
2024-08-02,208.85000610351562,208.9199981689453,204.43389892578125
2024-08-05,197.89999389648438,202.1999969482422,197.85818481445312
2024-08-06,203.00999450683594,204.39999389648438,200.0109405517578
2024-08-07,207.85000610351562,201.97999572753906,197.64291381835938
2024-08-08,204.4199981689453,206.88999938964844,202.44747924804688
2024-08-09,207.0500030517578,206.4600067138672,202.02670288085938
2024-08-12,206.61000061035156,204.60000610351562,200.20663452148438
2024-08-13,206.08999633789062,207.97000122070312,203.50428771972656
2024-08-14,208.6300048828125,206.67999267578125,202.24197387695312
2024-08-15,211.25999450683594,212.0399932861328,207.48687744140625
2024-08-16,211.3699951171875,212.60000610351562,208.03488159179688
2024-08-19,212.9600067138672,215.1999969482422,210.57904052734375
2024-08-20,214.88999938964844,212.69000244140625,208.12295532226562
2024-08-21,214.27999877929688,215.4600067138672,210.83346557617188
2024-08-22,215.57000732421875,213.55999755859375,208.97425842285156
2024-08-23,215.17999267578125,220.3800048828125,215.6478271484375
2024-08-26,221.92999267578125,220.4499969482422,215.71632385253906
2024-08-27,218.91000366210938,218.74000549316406,214.0430145263672
2024-08-28,217.8699951171875,217.25999450683594,212.5947723388672
2024-08-29,218.77999877929688,218.80999755859375,214.1115264892578
2024-08-30,219.7100067138672,220.0800018310547,215.35426330566406
2024-09-03,218.1300048828125,213.35000610351562,208.76878356933594
2024-09-04,212.75999450683594,212.99000549316406,208.41648864746094
2024-09-05,213.5399932861328,211.92999267578125,207.37924194335938
2024-09-06,211.92999267578125,207.89999389648438,203.435791015625
2024-09-09,208.14999389648438,208.47999572753906,204.00331115722656
2024-09-10,208.72000122070312,208.30999755859375,203.83700561523438
2024-09-11,207.47000122070312,208.9199981689453,204.43389892578125
2024-09-12,209.91000366210938,211.61000061035156,207.0661163330078
2024-09-13,214.02999877929688,216.8300018310547,212.1740264892578
2024-09-16,217.6300048828125,217.61000061035156,212.93727111816406
2024-09-17,219.5800018310547,219.41000366210938,214.6986541748047
2024-09-18,219.22999572753906,219.4499969482422,214.73776245117188
2024-09-19,224.66000366210938,223.97000122070312,219.16070556640625
2024-09-20,223.4499969482422,221.57000732421875,216.812255859375
2024-09-23,222.69000244140625,220.75999450683594,216.0196533203125
2024-09-24,221.6300048828125,221.1300048828125,216.3817138671875
2024-09-25,220.32000732421875,217.69000244140625,213.74244689941406
2024-09-26,220.49000549316406,218.85000610351562,214.88143920898438
2024-09-27,220.86000061035156,220.3300018310547,216.33460998535156
2024-09-30,219.4199981689453,220.88999938964844,216.88442993164062
2024-10-01,220.1699981689453,217.88999938964844,213.93881225585938
2024-10-02,216.99000549316406,217.58999633789062,213.64427185058594
2024-10-03,216.22999572753906,216.1300048828125,212.2107696533203
2024-10-04,219.2899932861328,219.14999389648438,215.1759796142578
2024-10-07,218.63999938964844,217.42999267578125,213.48716735839844
2024-10-08,217.6300048828125,217.5800018310547,213.6344451904297
2024-10-09,217.52999877929688,218.05999755859375,214.10574340820312
2024-10-10,215.89999389648438,216.85000610351562,212.91769409179688
2024-10-11,216.77000427246094,221.25999450683594,217.24771118164062
2024-10-14,221.4499969482422,222.88999938964844,218.84815979003906
2024-10-15,222.57000732421875,223.07000732421875,219.02488708496094
2024-10-16,224.88999938964844,226.74000549316406,222.62832641601562
2024-10-17,226.91000366210938,226.1199951171875,222.0195770263672
2024-10-18,226.66000366210938,225.64999389648438,221.55810546875
2024-10-21,225.6300048828125,222.10000610351562,218.07247924804688
2024-10-22,221.47000122070312,221.25999450683594,217.24771118164062
2024-10-23,220.02999877929688,219.24000549316406,215.26434326171875
2024-10-24,220.42999267578125,219.72000122070312,215.73565673828125
2024-10-25,221.30999755859375,218.88999938964844,214.9207000732422
2024-10-28,220.7899932861328,222.4600067138672,218.4259490966797
2024-10-29,220.74000549316406,221.74000549316406,217.71902465820312
2024-10-30,221.07000732421875,221.44000244140625,217.4244384765625
2024-10-31,221.22000122070312,217.75999450683594,213.8111572265625
2024-11-01,219.5,218.97999572753906,215.00904846191406
2024-11-04,218.5,220.08999633789062,216.09893798828125
2024-11-05,219.33999633789062,224.22999572753906,220.16384887695312
2024-11-06,236.58999633789062,237.22000122070312,232.91830444335938
2024-11-07,236.88999938964844,236.3800048828125,232.093505859375
2024-11-08,235.92999267578125,238.1199951171875,233.80198669433594
2024-11-11,240.52000427246094,241.6999969482422,237.3170623779297
2024-11-12,239.9600067138672,237.4600067138672,233.15399169921875
2024-11-13,238.9499969482422,235.11000061035156,230.8465576171875
2024-11-14,235.9499969482422,231.94000244140625,227.73406982421875
2024-11-15,232.22000122070312,228.47999572753906,224.3367919921875
2024-11-18,229.22000122070312,228.92999267578125,224.7786102294922
2024-11-19,226.58999633789062,230.6300048828125,226.44781494140625
2024-11-20,230.22999572753906,230.92999267578125,226.7423553466797
2024-11-21,232.16000366210938,234.44000244140625,230.188720703125
2024-11-22,235.63999938964844,238.77000427246094,234.44020080566406
2024-11-25,241.49000549316406,242.39999389648438,238.0043487548828
2024-11-26,241.17999267578125,240.6199951171875,236.25665283203125
2024-11-27,242.00999450683594,240.9499969482422,236.58065795898438
2024-11-29,242.3699951171875,241.8699951171875,237.4839630126953
2024-12-02,242.24000549316406,241.75,237.36614990234375
2024-12-03,241.5399932861328,240.02999877929688,235.67733764648438
2024-12-04,240.27999877929688,240.88999938964844,236.52174377441406
2024-12-05,240.52000427246094,238.0800018310547,233.76272583007812
2024-12-06,239.7899932861328,238.92999267578125,234.59727478027344
2024-12-09,240.5500030517578,237.72999572753906,233.41905212402344
2024-12-10,237.5800018310547,236.6999969482422,232.40773010253906
2024-12-11,238.7100067138672,237.77000427246094,233.45834350585938
2024-12-12,237.16000366210938,234.67999267578125,230.4243621826172
2024-12-13,234.3699951171875,233.07000732421875,228.84353637695312
2024-12-16,232.91000366210938,234.44000244140625,230.188720703125
2024-12-17,232.6699981689453,231.07000732421875,227.55343627929688
2024-12-18,232.24000549316406,220.83999633789062,217.47914123535156
2024-12-19,223.25,219.86000061035156,216.51405334472656
2024-12-20,218.60000610351562,221.9199981689453,218.54269409179688
2024-12-23,221.74000549316406,221.41000366210938,218.04046630859375
2024-12-24,222.02000427246094,223.38999938964844,219.9903106689453
2024-12-26,222.4199981689453,225.67999267578125,222.2454833984375
2024-12-27,224.2899932861328,222.38999938964844,219.0055389404297
2024-12-30,220.6699981689453,220.67999267578125,217.32156372070312
2024-12-31,222.1199951171875,220.9600067138672,217.59730529785156
2025-01-02,222.92999267578125,221.13999938964844,217.7745819091797
2025-01-03,222.07000732421875,224.42999267578125,221.01449584960938
2025-01-06,225.75999450683594,224.52000427246094,221.10313415527344
2025-01-07,225.5800018310547,222.72000122070312,219.33053588867188
2025-01-08,220.89999389648438,221.7100067138672,218.33590698242188
2025-01-10,218.30999755859375,216.8300018310547,213.5301513671875
2025-01-13,214.5,217.25,213.94375610351562
2025-01-14,219.17999267578125,219.72000122070312,216.37619018554688
2025-01-15,225.44000244140625,224.0399932861328,220.63040161132812
2025-01-16,224.14999389648438,224.49000549316406,221.07359313964844
2025-01-17,226.92999267578125,225.4600067138672,222.02882385253906
2025-01-21,227.52000427246094,229.7899932861328,226.2929229736328
2025-01-22,229.35000610351562,228.2899932861328,224.8157501220703
2025-01-23,226.92999267578125,229.3300018310547,225.83993530273438
2025-01-24,228.82000732421875,228.69000244140625,225.2096710205078
2025-01-27,226.7100067138672,226.5,223.05299377441406
2025-01-28,226.74000549316406,226.75,223.2991943359375
2025-01-29,226.67999267578125,226.22999572753906,222.78707885742188
2025-01-30,228.52000427246094,228.52999877929688,225.05209350585938
2025-01-31,228.75,226.47999572753906,223.0332794189453
2025-02-03,221.50999450683594,223.8300018310547,220.4236297607422
2025-02-04,223.60000610351562,226.92999267578125,223.4764404296875
2025-02-05,228.05999755859375,229.39999389648438,225.9088592529297
2025-02-06,230.50999450683594,228.64999389648438,225.17027282714844
2025-02-07,228.85000610351562,226.0,222.5605926513672
2025-02-10,227.3699951171875,227.02000427246094,223.56507873535156
2025-02-11,225.0500030517578,225.6999969482422,222.26516723632812
2025-02-12,222.25999450683594,223.6199951171875,220.21681213378906
2025-02-13,225.0399932861328,226.13999938964844,222.698486328125
2025-02-14,227.27000427246094,225.97000122070312,222.53106689453125
2025-02-18,226.14999389648438,227.2100067138672,223.752197265625
2025-02-19,225.41000366210938,226.42999267578125,222.98403930664062
2025-02-20,226.00999450683594,224.25999450683594,220.8470916748047
2025-02-21,226.0,217.8000030517578,214.4853973388672
2025-02-24,218.7899932861328,216.22999572753906,212.93927001953125
2025-02-25,216.3699951171875,215.41000366210938,212.13177490234375
2025-02-26,216.05999755859375,215.67999267578125,212.39764404296875
2025-02-27,215.63999938964844,212.38999938964844,209.15773010253906
2025-02-28,211.63999938964844,214.64999389648438,211.38331604003906
2025-03-03,215.39999389648438,208.77999877929688,205.60264587402344
2025-03-04,205.92999267578125,206.4199981689453,203.27857971191406
2025-03-05,206.4499969482422,208.47000122070312,205.29737854003906
2025-03-06,205.77999877929688,205.27999877929688,202.1559295654297
2025-03-07,204.97000122070312,205.9499969482422,202.8157196044922
2025-03-10,203.44000244140625,200.77000427246094,197.7145538330078
2025-03-11,201.1199951171875,200.75,197.69488525390625
2025-03-12,203.0500030517578,201.10000610351562,198.03955078125
2025-03-13,201.27000427246094,198.10000610351562,195.08522033691406
2025-03-14,200.24000549316406,202.88999938964844,199.8022918701172
2025-03-17,202.7100067138672,205.4499969482422,202.3233642578125
2025-03-18,203.85000610351562,203.2100067138672,200.56651306152344
2025-03-19,203.35000610351562,206.3699951171875,203.6853790283203
2025-03-20,204.32000732421875,205.05999755859375,202.39242553710938
2025-03-21,202.72000122070312,203.7899932861328,201.13894653320312
2025-03-24,206.9600067138672,208.86000061035156,206.1430206298828
2025-03-25,208.69000244140625,207.6999969482422,204.99810791015625
2025-03-26,207.9600067138672,205.58999633789062,202.91554260253906
2025-03-27,205.3300018310547,204.61000061035156,201.9482879638672
2025-03-28,204.5399932861328,200.4499969482422,197.84239196777344
2025-03-31,197.47999572753906,199.49000549316406,196.8948974609375
2025-04-01,198.99000549316406,199.50999450683594,196.9146270751953
2025-04-02,196.77999877929688,202.66000366210938,200.02366638183594
2025-04-03,193.11000061035156,189.64999389648438,187.18289184570312
2025-04-04,182.61000061035156,181.19000244140625,178.83294677734375
2025-04-07,174.32000732421875,179.5500030517578,177.21429443359375
2025-04-08,185.69000244140625,174.82000732421875,172.54583740234375
2025-04-09,172.72000122070312,189.67999267578125,187.21250915527344
2025-04-10,184.52000427246094,181.7100067138672,179.34617614746094
2025-04-11,181.13999938964844,184.36000061035156,181.96170043945312
2025-04-14,187.80999755859375,186.52999877929688,184.10348510742188
2025-04-15,186.33999633789062,186.75999450683594,184.33050537109375
2025-04-16,185.6999969482422,184.97000122070312,182.56378173828125
2025-04-17,184.99000549316406,186.47999572753906,184.0541229248047
2025-04-21,185.0,182.74000549316406,180.36279296875
2025-04-22,185.14999389648438,187.47000122070312,185.03126525878906
2025-04-23,192.9199981689453,190.25,187.7751007080078
2025-04-24,190.75999450683594,194.05999755859375,191.53553771972656
2025-04-25,192.72000122070312,194.1199951171875,191.59474182128906
2025-04-28,194.5,194.94000244140625,192.40408325195312
2025-04-29,194.47000122070312,196.08999633789062,193.53912353515625
2025-04-30,193.13999938964844,194.86000061035156,192.32513427734375
2025-05-01,195.7100067138672,196.07000732421875,193.51939392089844
2025-05-02,198.3300018310547,200.47999572753906,197.87200927734375
2025-05-05,198.57000732421875,198.94000244140625,196.35205078125
2025-05-06,196.58999633789062,196.77000427246094,194.2102813720703
2025-05-07,198.10000610351562,197.4199981689453,194.851806640625
2025-05-08,199.77000427246094,201.17999267578125,198.56289672851562
2025-05-09,201.5399932861328,200.80999755859375,198.19772338867188
2025-05-12,208.83999633789062,207.8699951171875,205.16587829589844
2025-05-13,208.92999267578125,208.6300048828125,205.91598510742188
2025-05-14,208.0399932861328,206.77999877929688,204.09005737304688
2025-05-15,206.5800018310547,208.1300048828125,205.4224853515625
2025-05-16,208.4199981689453,209.85000610351562,207.12013244628906
2025-05-19,206.8000030517578,208.97000122070312,206.25157165527344
2025-05-20,208.66000366210938,209.0800018310547,206.36013793945312
2025-05-21,206.6300048828125,203.2100067138672,200.56651306152344
2025-05-22,202.2899932861328,203.1999969482422,200.55662536621094
2025-05-23,199.77999877929688,202.55999755859375,199.92495727539062
2025-05-27,205.63999938964844,207.6999969482422,204.99810791015625
2025-05-28,207.7100067138672,205.50999450683594,202.8365936279297
2025-05-29,206.9499969482422,206.1199951171875,203.4386444091797
2025-05-30,205.13999938964844,205.07000732421875,202.40231323242188
2025-06-02,205.32000732421875,205.7100067138672,203.0339813232422
2025-06-03,206.4600067138672,209.02999877929688,206.310791015625
2025-06-04,209.17999267578125,208.44000244140625,205.7284698486328
2025-06-05,208.6999969482422,208.52999877929688,205.81729125976562
2025-06-06,211.5,211.89999389648438,209.14346313476562
2025-06-09,213.8699951171875,213.36000061035156,210.58445739746094
2025-06-10,214.4600067138672,214.50999450683594,211.71949768066406
2025-06-11,215.5800018310547,213.6300048828125,210.8509521484375
2025-06-12,212.1699981689453,212.77999877929688,210.01202392578125
2025-06-13,209.83999633789062,208.88999938964844,206.172607421875
2025-06-16,210.47999572753906,210.77000427246094,208.60336303710938
2025-06-17,209.05999755859375,208.5500030517578,206.40618896484375
2025-06-18,208.44000244140625,209.64999389648438,207.494873046875
2025-06-20,211.11000061035156,209.2100067138672,207.05941772460938
2025-06-23,208.47999572753906,211.77000427246094,209.59307861328125
2025-06-24,213.2899932861328,214.47000122070312,212.2653350830078
2025-06-25,214.66000366210938,211.97000122070312,209.791015625
2025-06-26,212.8300018310547,215.41000366210938,213.1956787109375
2025-06-27,216.0500030517578,215.47999572753906,213.2649383544922
2025-06-30,216.67999267578125,215.7899932861328,213.57174682617188
2025-07-01,214.6199951171875,218.00999450683594,215.76895141601562
2025-07-02,218.3699951171875,221.02999877929688,218.7578887939453
2025-07-03,222.00999450683594,223.0800018310547,220.78683471679688
2025-07-07,221.57000732421875,219.72999572753906,217.47125244140625
2025-07-08,220.5800018310547,221.25,218.9756317138672
2025-07-09,222.57000732421875,223.64999389648438,221.35096740722656
2025-07-10,223.38999938964844,224.8000030517578,222.48915100097656
2025-07-11,223.1699981689453,221.6999969482422,219.4210205078125
2025-07-14,221.3699951171875,223.19000244140625,220.89569091796875
2025-07-15,224.07000732421875,218.82000732421875,216.57061767578125
2025-07-16,220.22000122070312,221.02000427246094,218.74801635742188
2025-07-17,221.0800018310547,223.9199981689453,221.61817932128906
2025-07-18,225.2899932861328,222.3300018310547,220.04452514648438
2025-07-21,223.5399932861328,221.42999267578125,219.15377807617188
2025-07-22,221.6199951171875,223.27000427246094,220.97488403320312
2025-07-23,224.82000732421875,226.67999267578125,224.34982299804688
2025-07-24,225.52000427246094,223.5500030517578,221.2519989013672
2025-07-25,224.4199981689453,224.3800048828125,222.07347106933594
2025-07-28,225.32000732421875,224.1199951171875,221.81613159179688
2025-07-29,225.61000061035156,222.69000244140625,220.4008331298828
2025-07-30,223.66000366210938,221.55999755859375,219.28244018554688
2025-07-31,220.4600067138672,219.38999938964844,217.13475036621094
2025-08-01,216.22000122070312,214.9199981689453,212.71072387695312
2025-08-04,216.5500030517578,219.72999572753906,217.47125244140625
2025-08-05,220.55999755859375,220.85000610351562,218.57974243164062
2025-08-06,220.9499969482422,220.55999755859375,218.292724609375
2025-08-07,222.75999450683594,219.83999633789062,217.58010864257812
2025-08-08,221.07000732421875,220.32000732421875,218.05519104003906
2025-08-11,220.77000427246094,220.27000427246094,218.00572204589844
2025-08-12,221.85000610351562,226.80999755859375,224.47848510742188
2025-08-13,228.25999450683594,231.22000122070312,228.84315490722656
2025-08-14,228.44000244140625,228.24000549316406,225.89376831054688
2025-08-15,228.63999938964844,227.1300048828125,224.79519653320312
2025-08-18,227.2100067138672,227.9600067138672,225.61666870117188
2025-08-19,228.02000427246094,226.2100067138672,223.88467407226562
2025-08-20,225.92999267578125,225.41000366210938,223.09288024902344
2025-08-21,224.41000366210938,225.97000122070312,223.64712524414062
2025-08-22,227.3699951171875,234.8300018310547,232.41604614257812
2025-08-25,234.13999938964844,232.36000061035156,229.971435546875
2025-08-26,232.8300018310547,234.27999877929688,231.8717041015625
2025-08-27,233.74000549316406,235.94000244140625,233.51463317871094
2025-08-28,236.9600067138672,236.22000122070312,233.791748046875
2025-08-29,236.74000549316406,235.1699981689453,232.75254821777344
2025-09-02,231.99000549316406,233.89999389648438,231.49559020996094
2025-09-03,233.27000427246094,233.6699981689453,231.26795959472656
2025-09-04,234.22999572753906,236.58999633789062,234.15794372558594
2025-09-05,237.72000122070312,237.77000427246094,235.32582092285156
2025-09-08,238.50999450683594,238.25,235.80088806152344
2025-09-09,237.89999389648438,236.85000610351562,234.41529846191406
2025-09-10,237.30999755859375,236.42999267578125,233.99957275390625
2025-09-11,236.85000610351562,240.8000030517578,238.3246612548828
2025-09-12,240.1999969482422,238.33999633789062,235.88995361328125
2025-09-15,239.22999572753906,239.35000610351562,236.88958740234375
2025-09-16,238.4499969482422,238.27999877929688,236.49951171875
2025-09-17,238.82000732421875,238.88999938964844,237.10494995117188
2025-09-18,240.8000030517578,244.83999633789062,243.010498046875
2025-09-19,245.57000732421875,242.97999572753906,241.16436767578125
2025-09-22,242.24000549316406,244.38999938964844,242.56385803222656
2025-09-23,245.00999450683594,243.83999633789062,242.01795959472656
2025-09-24,243.89999389648438,241.60000610351562,239.79470825195312
2025-09-25,238.97999572753906,239.2899932861328,237.501953125
2025-09-26,239.6199951171875,241.33999633789062,239.53663635253906
2025-09-29,242.83999633789062,241.6199951171875,239.81454467773438
2025-09-30,241.11000061035156,241.9600067138672,240.1520233154297
2025-10-01,240.57000732421875,242.49000549316406,240.67803955078125
2025-10-02,243.0,244.02000427246094,242.19662475585938
2025-10-03,245.35000610351562,245.8300018310547,243.9930877685547
2025-10-06,247.72999572753906,246.80999755859375,244.96575927734375
2025-10-07,247.36000061035156,244.16000366210938,242.3355712890625
2025-10-08,245.27999877929688,246.72000122070312,244.87644958496094
2025-10-09,246.30999755859375,245.1300048828125,243.29832458496094
2025-10-10,245.75,237.7899932861328,236.01315307617188
2025-10-13,241.8300018310547,244.41000366210938,242.5836944580078
2025-10-14,241.22999572753906,247.89999389648438,246.04762268066406
2025-10-15,250.36000061035156,250.3300018310547,248.45947265625
2025-10-16,250.97000122070312,245.05999755859375,243.22885131835938
2025-10-17,243.32000732421875,243.41000366210938,241.5911865234375
2025-10-20,246.6199951171875,248.16000366210938,246.3056640625
2025-10-21,247.42999267578125,246.99000549316406,245.14443969726562
2025-10-22,246.02999877929688,243.33999633789062,241.52169799804688
2025-10-23,244.2899932861328,246.4199981689453,244.5786895751953
2025-10-24,249.8000030517578,249.42999267578125,247.56617736816406
2025-10-27,251.77999877929688,250.3000030517578,248.4296875
2025-10-28,249.5500030517578,248.9600067138672,247.09970092773438
2025-10-29,248.83999633789062,246.83999633789062,244.9955291748047
2025-10-30,245.27000427246094,244.85000610351562,243.02041625976562
2025-10-31,244.99000549316406,246.22999572753906,244.3900909423828
2025-11-03,246.1699981689453,245.44000244140625,243.60601806640625
2025-11-04,241.7899932861328,241.1999969482422,239.39768981933594
2025-11-05,241.9600067138672,244.67999267578125,242.8516845703125
2025-11-06,244.25999450683594,240.35000610351562,238.55404663085938
2025-11-07,238.41000366210938,241.61000061035156,239.80462646484375
2025-11-10,245.00999450683594,244.02999877929688,242.20652770996094
2025-11-11,243.3699951171875,244.24000549316406,242.4149932861328
2025-11-12,244.83999633789062,243.63999938964844,241.81944274902344
2025-11-13,241.83999633789062,236.7899932861328,235.0206298828125
2025-11-14,233.33999633789062,237.47999572753906,235.70547485351562
2025-11-17,236.4600067138672,232.75999450683594,231.020751953125
2025-11-18,231.30999755859375,233.47000122070312,231.72544860839844
2025-11-19,233.8000030517578,233.42999267578125,231.6857452392578
2025-11-20,237.24000549316406,229.11000061035156,227.3980255126953
2025-11-21,229.9600067138672,235.60000610351562,233.83953857421875
2025-11-24,235.9600067138672,239.89999389648438,238.10739135742188
2025-11-25,240.74000549316406,245.1300048828125,243.29832458496094
2025-11-26,245.0500030517578,247.3000030517578,245.4521026611328
2025-11-28,248.00999450683594,248.75,246.8912811279297
2025-12-01,245.57000732421875,245.6199951171875,243.78466796875
2025-12-02,247.3699951171875,245.1699981689453,243.33802795410156
2025-12-03,245.97000122070312,249.6300048828125,247.7646942138672
2025-12-04,248.97000122070312,251.82000732421875,249.93832397460938
2025-12-05,251.49000549316406,250.77000427246094,248.89617919921875
2025-12-08,252.6999969482422,250.8699951171875,248.99542236328125
2025-12-09,250.25,251.38999938964844,249.51153564453125
2025-12-10,250.89999389648438,254.80999755859375,252.90597534179688
2025-12-11,254.63999938964844,257.79998779296875,255.87364196777344
2025-12-12,257.95001220703125,253.85000610351562,251.95315551757812
2025-12-15,255.5500030517578,251.92999267578125,250.04750061035156
2025-12-16,250.33999633789062,249.89999389648438,248.8644256591797
2025-12-17,250.3699951171875,247.24000549316406,246.2154541015625
2025-12-18,250.17999267578125,248.7100067138672,247.6793670654297
2025-12-19,249.27999877929688,250.7899932861328,249.750732421875
2025-12-22,252.27999877929688,253.5800018310547,252.52919006347656
2025-12-23,252.4199981689453,252.0800018310547,251.035400390625
2025-12-24,251.97000122070312,252.7100067138672,251.6627960205078
2025-12-26,252.5800018310547,251.4199981689453,250.37814331054688
2025-12-29,250.25999450683594,249.8800048828125,248.8445281982422
2025-12-30,249.97000122070312,248.02999877929688,247.00218200683594
2025-12-31,248.17999267578125,246.16000366210938,245.1399383544922
2026-01-02,247.6300048828125,248.77999877929688,247.7490692138672
2026-01-05,249.7899932861328,252.72999572753906,251.68270874023438
2026-01-06,252.24000549316406,256.0799865722656,255.01881408691406
2026-01-07,256.3999938964844,255.47999572753906,254.4213104248047
2026-01-08,254.6999969482422,258.2699890136719,257.1997375488281
2026-01-09,259.5799865722656,260.2300109863281,259.1516418457031
2026-01-12,259.2799987792969,261.5,260.4163513183594
2026-01-13,262.4100036621094,261.3500061035156,260.2669982910156
2026-01-14,261.1300048828125,263.19000244140625,262.099365234375
2026-01-15,264.05999755859375,265.510009765625,264.4097595214844
2026-01-16,265.8699951171875,265.760009765625,264.6587219238281
2026-01-20,261.1400146484375,262.5799865722656,261.49188232421875
2026-01-21,264.6400146484375,267.7900085449219,266.6802978515625
2026-01-22,269.8299865722656,269.7900085449219,268.6720275878906
2026-01-23,269.0400085449219,264.80999755859375,263.712646484375
2026-01-26,265.07000732421875,263.9800109863281,262.8861083984375
2026-01-27,264.04998779296875,264.7300109863281,263.63299560546875
2026-01-28,265.9800109863281,263.29998779296875,262.2088928222656
2026-01-29,264.07000732421875,263.3699951171875,262.27862548828125
2026-01-30,261.07000732421875,259.6499938964844,258.57403564453125
2026-02-02,258.4800109863281,262.17999267578125,261.0935363769531
2026-02-03,263.05999755859375,262.7799987792969,261.6910705566406
2026-02-04,264.1600036621094,260.5199890136719,259.4404296875
2026-02-05,258.5,255.8300018310547,254.76986694335938
2026-02-06,259.739990234375,265.0199890136719,263.9217834472656
2026-02-09,264.8399963378906,266.8800048828125,265.7740783691406
2026-02-10,267.2300109863281,266.1600036621094,265.0570373535156
2026-02-11,268.4700012207031,264.95001220703125,263.8520812988281
2026-02-12,267.0199890136719,259.5400085449219,258.4645080566406
2026-02-13,260.6000061035156,262.9599914550781,261.8703308105469
2026-02-17,262.3800048828125,263.0400085449219,261.95001220703125
2026-02-18,263.0299987792969,263.989990234375,262.89605712890625
2026-02-19,262.57000732421875,264.6000061035156,263.5035095214844
2026-02-20,262.8500061035156,264.6099853515625,263.51348876953125
2026-02-23,263.3999938964844,260.489990234375,259.4105224609375
2026-02-24,260.3999938964844,263.3299865722656,262.23876953125
2026-02-25,265.25,264.5799865722656,263.48358154296875
2026-02-26,265.010009765625,265.989990234375,264.88775634765625
2026-02-27,262.1000061035156,261.4100036621094,260.3267517089844
2026-03-02,257.80999755859375,263.80999755859375,262.716796875
2026-03-03,256.79998779296875,259.239990234375,258.16571044921875
2026-03-04,261.20001220703125,261.760009765625,260.67529296875
2026-03-05,258.989990234375,256.760009765625,255.69601440429688
2026-03-06,251.49000549316406,250.88999938964844,249.850341796875
2026-03-09,247.58999633789062,253.6199951171875,252.5690155029297
2026-03-10,252.9600067138672,253.36000061035156,252.31008911132812
2026-03-11,252.33999633789062,252.85000610351562,251.80223083496094
2026-03-12,248.94000244140625,247.41000366210938,246.384765625
2026-03-13,249.25999450683594,246.58999633789062,245.56814575195312
2026-03-16,249.75999450683594,248.9199981689453,247.8885040283203
2026-03-17,249.8699951171875,250.0500030517578,249.45677185058594
2026-03-18,248.41000366210938,246.02000427246094,245.43634033203125
2026-03-19,243.02999877929688,247.6300048828125,247.04251098632812
2026-03-20,246.97000122070312,242.22000122070312,241.64535522460938
2026-03-23,247.1699981689453,247.4499969482422,246.86293029785156
2026-03-24,245.50999450683594,248.77999877929688,248.18978881835938
2026-03-25,251.74000549316406,251.82000732421875,251.2225799560547
2026-03-26,248.88999938964844,247.44000244140625,246.85296630859375
2026-03-27,246.00999450683594,243.10000610351562,242.5232696533203
2026-03-30,245.35000610351562,239.61000061035156,239.04153442382812
2026-03-31,243.0399932861328,248.0,247.41163635253906
2026-04-01,249.9199981689453,249.55999755859375,248.96792602539062
2026-04-02,244.94000244140625,251.2899932861328,250.69381713867188
2026-04-06,250.99000549316406,252.36000061035156,251.76129150390625
2026-04-07,251.2100067138672,252.91000366210938,252.3099822998047
2026-04-08,261.5199890136719,260.4700012207031,259.85205078125
2026-04-09,258.7799987792969,261.9599914550781,261.3385009765625
2026-04-10,262.3999938964844,261.29998779296875,260.6800537109375
2026-04-13,260.239990234375,265.07000732421875,264.4411315917969
2026-04-14,267.0899963378906,268.7200012207031,268.0824890136719
2026-04-15,268.7799987792969,269.3900146484375,268.75091552734375
2026-04-16,269.45001220703125,269.95001220703125,269.3095703125
2026-04-17,273.739990234375,275.7799987792969,275.125732421875
2026-04-20,274.6499938964844,277.3500061035156,276.6920166015625
2026-04-21,278.17999267578125,274.510009765625,273.8587646484375
2026-04-22,277.5899963378906,276.4800109863281,275.8240661621094
2026-04-23,276.7300109863281,275.5199890136719,274.8663330078125
2026-04-24,276.6700134277344,276.6499938964844,275.99365234375
2026-04-27,276.82000732421875,277.1400146484375,276.4825134277344
2026-04-28,276.04998779296875,273.9100036621094,273.2601623535156
2026-04-29,273.9200134277344,272.0799865722656,271.4344787597656
2026-04-30,273.1300048828125,277.9700012207031,277.310546875
2026-05-01,278.6600036621094,279.2799987792969,278.617431640625
2026-05-04,278.70001220703125,277.8800048828125,277.22076416015625
2026-05-05,280.1300048828125,282.55999755859375,281.8896484375
2026-05-06,285.3599853515625,286.79998779296875,286.11956787109375
2026-05-07,287.5299987792969,282.260009765625,281.5903625488281
2026-05-08,284.0400085449219,284.1700134277344,283.495849609375
2026-05-11,284.9200134277344,285.3299865722656,284.6530456542969
2026-05-12,284.0400085449219,282.57000732421875,281.8996276855469
2026-05-13,282.9200134277344,282.6700134277344,281.9993896484375
2026-05-14,283.8399963378906,284.45001220703125,283.7751770019531
2026-05-15,280.29998779296875,277.6000061035156,276.94140625
2026-05-18,278.739990234375,275.9700012207031,275.3152770996094
2026-05-19,273.80999755859375,273.0,272.3523254394531
2026-05-20,274.9100036621094,279.8699951171875,279.2060241699219
2026-05-21,278.6600036621094,282.489990234375,281.8197937011719
2026-05-22,284.1000061035156,285.1199951171875,284.4435729980469
2026-05-26,288.3900146484375,290.510009765625,289.82080078125
2026-05-27,291.1600036621094,290.3699951171875,289.6811218261719
2026-05-28,289.6400146484375,292.0299987792969,291.3371887207031
2026-05-29,291.3800048828125,290.42999267578125,289.740966796875
2026-06-01,288.3699951171875,288.9800109863281,288.29443359375
2026-06-02,288.4599914550781,291.6600036621094,290.9680480957031
2026-06-03,289.989990234375,287.6700134277344,286.9875183105469
2026-06-04,287.55999755859375,292.010009765625,291.3172302246094
2026-06-05,289.1000061035156,281.6499938964844,280.9817810058594
2026-06-08,285.510009765625,284.1099853515625,283.4359436035156
2026-06-09,287.17999267578125,285.0199890136719,284.3437805175781
2026-06-10,284.5899963378906,282.04998779296875,281.3808288574219
2026-06-11,284.44000244140625,290.4100036621094,289.72100830078125
2026-06-12,291.6300048828125,292.95001220703125,292.2550048828125
2026-06-15,296.55999755859375,294.6400146484375,294.6400146484375
2026-06-16,295.5,292.0799865722656,292.0799865722656
2026-06-17,292.4700012207031,289.8800048828125,289.8800048828125
2026-06-18,294.54998779296875,295.5899963378906,295.5899963378906
2026-06-22,297.1300048828125,298.17999267578125,298.17999267578125
2026-06-23,293.260009765625,295.32000732421875,295.32000732421875
2026-06-24,295.8800048828125,296.69000244140625,296.69000244140625
2026-06-25,299.5199890136719,298.9100036621094,298.9100036621094
2026-06-26,296.6000061035156,299.8299865722656,299.8299865722656
2026-06-29,298.1099853515625,298.9700012207031,298.9700012207031
2026-06-30,298.55999755859375,300.45001220703125,300.45001220703125
2026-07-01,299.92999267578125,299.32000732421875,299.32000732421875
2026-07-02,300.5400085449219,297.5799865722656,297.5799865722656
2026-07-06,297.75,298.8999938964844,298.8999938964844
2026-07-07,299.1700134277344,296.19000244140625,296.19000244140625
2026-07-08,294.0299987792969,293.4800109863281,293.4800109863281
2026-07-09,295.2699890136719,297.239990234375,297.239990234375
2026-07-10,297.69000244140625,295.989990234375,295.989990234375
2026-07-13,295.05999755859375,293.4800109863281,293.4800109863281
2026-07-14,295.489990234375,294.510009765625,294.510009765625
2026-07-15,295.25,295.7699890136719,295.7699890136719
2026-07-16,294.6499938964844,295.5899963378906,295.5899963378906
2026-07-17,292.0299987792969,294.0400085449219,294.0400085449219
2026-07-20,295.010009765625,292.30999755859375,292.30999755859375
2026-07-21,293.42999267578125,296.5400085449219,296.5400085449219
2026-07-22,295.70001220703125,293.7900085449219,293.7900085449219
2026-07-23,290.8699951171875,292.0899963378906,292.0899963378906
2026-07-24,293.4100036621094,291.1700134277344,291.1700134277344
2026-07-27,293.9800109863281,292.9100036621094,292.9100036621094
2026-07-28,293.1600036621094,293.3699951171875,293.3699951171875
2026-07-29,292.489990234375,288.57000732421875,288.57000732421875
2026-07-30,291.1499938964844,292.5899963378906,292.5899963378906
2026-07-31,293.55999755859375,291.20001220703125,291.20001220703125
2026-08-03,292.8999938964844,296.2200012207031,296.2200012207031
2026-08-04,297.5899963378906,301.7099914550781,301.7099914550781
2026-08-05,302.42999267578125,299.7699890136719,299.7699890136719
2026-08-06,299.6000061035156,298.25,298.25
2026-08-07,300.4599914550781,301.55999755859375,301.55999755859375
2026-08-10,300.510009765625,299.9800109863281,299.9800109863281
2026-08-11,300.92999267578125,300.989990234375,300.989990234375
2026-08-12,303.0199890136719,302.7099914550781,302.7099914550781
2026-08-13,304.0400085449219,303.5,303.5
2026-08-14,303.2799987792969,305.0899963378906,305.0899963378906
2026-08-17,303.9599914550781,304.05999755859375,304.05999755859375
2026-08-18,302.45001220703125,300.2300109863281,300.2300109863281
2026-08-19,302.8800048828125,301.7200012207031,301.7200012207031
2026-08-20,299.2699890136719,297.6700134277344,297.6700134277344
2026-08-21,299.8500061035156,299.9599914550781,299.9599914550781
2026-08-24,299.54998779296875,297.9700012207031,297.9700012207031
2026-08-25,299.6000061035156,299.2300109863281,299.2300109863281
2026-08-26,298.6400146484375,298.92999267578125,298.92999267578125
2026-08-27,298.7699890136719,299.80999755859375,299.80999755859375
2026-08-28,299.70001220703125,295.75,295.75
2026-08-31,295.0899963378906,293.92999267578125,293.92999267578125
2026-09-01,291.9800109863281,290.57000732421875,290.57000732421875
2026-09-02,291.5400085449219,294.010009765625,294.010009765625
2026-09-03,295.7900085449219,295.19000244140625,295.19000244140625
2026-09-04,293.70001220703125,296.010009765625,296.010009765625
