Date,Open,Close,AdjClose
1999-03-10,51.125,51.0625,43.027061462402344
1999-03-11,51.4375,51.3125,43.23770523071289
1999-03-12,51.125,50.0625,42.18442153930664
1999-03-15,50.4375,51.5,43.39569854736328
1999-03-16,51.71875,51.9375,43.76436233520508
1999-03-17,51.9375,51.5625,43.4483757019043
1999-03-18,51.5,52.5625,44.290985107421875
1999-03-19,53.25,51.21875,43.15871047973633
1999-03-22,51.4375,50.59375,42.63206481933594
1999-03-23,50.3125,48.8125,41.13111114501953
1999-03-24,49.25,50.46875,42.5267333984375
1999-03-25,51.25,52.3125,44.08036804199219
1999-03-26,51.875,51.75,43.606361389160156
1999-03-29,52.375,53.625,45.186317443847656
1999-03-30,53.5625,53.25,44.870330810546875
1999-03-31,54.125,52.46875,44.21200180053711
1999-04-01,54.0,53.5625,45.13364791870117
1999-04-05,54.4296875,55.5,46.766231536865234
1999-04-06,55.4375,55.609375,46.858402252197266
1999-04-07,56.125,55.03125,46.371280670166016
1999-04-08,54.9375,55.46875,46.73992156982422
1999-04-09,55.375,55.8125,47.02955627441406
1999-04-12,54.5,55.4375,46.71358871459961
1999-04-13,55.78125,54.6875,46.081607818603516
1999-04-14,55.375,52.8125,44.50165939331055
1999-04-15,53.0,53.53125,45.10731506347656
1999-04-16,53.40625,51.96875,43.790679931640625
1999-04-19,52.3125,49.53125,41.73676300048828
1999-04-20,49.3125,50.65625,42.684749603271484
1999-04-21,51.125,53.15625,44.79132843017578
1999-04-22,53.65625,54.59375,46.002628326416016
1999-04-23,54.3125,55.3125,46.608253479003906
1999-04-26,55.6875,56.5859375,47.68130111694336
1999-04-27,57.0,55.71875,46.950565338134766
1999-04-28,55.25,53.8125,45.344303131103516
1999-04-29,53.5625,53.375,44.97566223144531
1999-04-30,54.125,53.71875,45.26530075073242
1999-05-03,53.5625,53.4375,45.02831268310547
1999-05-04,53.53125,52.59375,44.31733322143555
1999-05-05,52.625,54.1875,45.660301208496094
1999-05-06,53.6875,52.21875,44.001338958740234
1999-05-07,52.6875,52.96875,44.63331604003906
1999-05-10,53.3125,53.5,45.08097457885742
1999-05-11,53.9375,54.34375,45.79195785522461
1999-05-12,54.59375,55.46875,46.73992156982422
1999-05-13,55.90625,54.4375,45.870948791503906
1999-05-14,53.375,53.40625,45.0019645690918
1999-05-17,52.9375,54.3671875,45.81169128417969
1999-05-18,54.3125,54.125,45.607627868652344
1999-05-19,54.34375,54.875,46.23957443237305
1999-05-20,54.9921875,53.3671875,44.969051361083984
1999-05-21,53.53125,52.875,44.554325103759766
1999-05-24,52.96875,51.53125,43.42205047607422
1999-05-25,51.46875,49.84375,42.00008010864258
1999-05-26,50.5,51.234375,43.17189025878906
1999-05-27,51.03125,51.1875,43.13238525390625
1999-05-28,51.5,52.03125,43.84333801269531
1999-06-01,51.9375,50.875,42.869056701660156
1999-06-02,50.84375,51.734375,43.59321975708008
1999-06-03,52.125,51.0,42.97439956665039
1999-06-04,51.375,52.5625,44.290985107421875
1999-06-07,52.9296875,53.65625,45.212623596191406
1999-06-08,53.78125,52.3125,44.08036804199219
1999-06-09,52.5,53.1875,44.81764602661133
1999-06-10,52.625,52.578125,44.304176330566406
1999-06-11,52.9375,51.78125,43.63268280029297
1999-06-14,51.96875,50.8046875,42.80982971191406
1999-06-15,50.9296875,51.5625,43.4483757019043
1999-06-16,52.84375,54.2109375,45.68003845214844
1999-06-17,53.5,54.8125,46.186946868896484
1999-06-18,54.3125,55.0625,46.3975944519043
1999-06-21,55.4375,56.7109375,47.78662872314453
1999-06-22,56.375,55.0,46.34493637084961
1999-06-23,55.0078125,55.8671875,47.075653076171875
1999-06-24,55.84375,54.7578125,46.140865325927734
1999-06-25,55.125,54.6875,46.081607818603516
1999-06-28,55.15625,55.984375,47.17438888549805
1999-06-29,55.9375,56.75,47.819541931152344
1999-06-30,56.8046875,57.625,48.55683898925781
1999-07-01,57.8125,58.015625,48.8859977722168
1999-07-02,58.0,58.75,49.50480270385742
1999-07-06,59.0625,58.375,49.18882751464844
1999-07-07,58.34375,58.46875,49.2678337097168
1999-07-08,58.46875,59.25,49.9261360168457
1999-07-09,59.46875,59.84375,50.42644500732422
1999-07-12,60.0625,59.53125,50.163124084472656
1999-07-13,59.25,59.25,49.9261360168457
1999-07-14,59.84375,60.2578125,50.77534866333008
1999-07-15,60.46875,60.8125,51.242733001708984
1999-07-16,60.84375,61.375,51.71673583984375
1999-07-19,61.625,60.75,51.19007873535156
1999-07-20,60.0078125,58.40625,49.215152740478516
1999-07-21,58.53125,58.6875,49.45214080810547
1999-07-22,58.6875,57.1953125,48.19478225708008
1999-07-23,57.625,57.28125,48.26719284057617
1999-07-26,56.5,55.875,47.08223342895508
1999-07-27,57.0,57.0,48.03020095825195
1999-07-28,57.6875,58.1171875,48.97159957885742
1999-07-29,57.03125,56.875,47.924869537353516
1999-07-30,57.125,56.59375,47.687870025634766
1999-08-02,56.6875,56.4375,47.55622863769531
1999-08-03,57.2109375,56.0703125,47.2468147277832
1999-08-04,56.0703125,55.0546875,46.390995025634766
1999-08-05,55.0625,55.9296875,47.12834167480469
1999-08-06,55.53125,55.328125,46.62144088745117
1999-08-09,55.53125,54.6171875,46.022369384765625
1999-08-10,54.46875,54.125,45.607627868652344
1999-08-11,55.09375,55.90625,47.10856628417969
1999-08-12,56.125,55.25,46.555599212646484
1999-08-13,56.40625,57.65625,48.58318328857422
1999-08-16,57.625,58.1171875,48.97159957885742
1999-08-17,58.625,58.40625,49.215152740478516
1999-08-18,58.125,57.75,48.66217803955078
1999-08-19,57.21875,57.0625,48.08285140991211
1999-08-20,57.125,57.96875,48.846500396728516
1999-08-23,58.5,59.8125,50.400123596191406
1999-08-24,59.375,60.21875,50.7424201965332
1999-08-25,60.59375,61.5,51.82208251953125
1999-08-26,61.5,60.4765625,50.95967483520508
1999-08-27,60.9296875,59.875,50.452754974365234
1999-08-30,60.125,59.03125,49.74179458618164
1999-08-31,59.4375,59.6875,50.29478073120117
1999-09-01,60.0625,60.1171875,50.656837463378906
1999-09-02,59.0,59.90625,50.479103088378906
1999-09-03,61.625,62.65625,52.796363830566406
1999-09-07,62.53125,62.375,52.55936813354492
1999-09-08,62.0,61.53125,51.848392486572266
1999-09-09,61.5625,62.40625,52.585693359375
1999-09-10,63.25,63.125,53.19134521484375
1999-09-13,63.0625,62.3671875,52.552772521972656
1999-09-14,62.125,62.7109375,52.842445373535156
1999-09-15,63.4921875,61.5,51.82208251953125
1999-09-16,61.46875,61.46875,51.795738220214844
1999-09-17,62.03125,63.3125,53.34934616088867
1999-09-20,63.5,63.4609375,53.47441101074219
1999-09-21,62.90625,61.9375,52.19070816040039
1999-09-22,62.03125,62.59375,52.743690490722656
1999-09-23,63.25,60.0,50.55809783935547
1999-09-24,59.625,60.078125,50.62395477294922
1999-09-27,60.9375,60.5,50.97941970825195
1999-09-28,60.1953125,60.78125,51.2164192199707
1999-09-29,60.78125,59.5625,50.18943786621094
1999-09-30,60.125,60.1875,50.71609878540039
1999-10-01,59.375,60.2109375,50.735843658447266
1999-10-04,60.53125,61.5625,51.87472152709961
1999-10-05,61.78125,62.0,52.24337387084961
1999-10-06,62.375,63.2421875,53.29010009765625
1999-10-07,63.59375,63.09375,53.16500473022461
1999-10-08,62.84375,63.7578125,53.72458267211914
1999-10-11,63.9375,64.65625,54.48161315917969
1999-10-12,64.4375,63.1875,53.2440071105957
1999-10-13,62.46875,61.3125,51.6640625
1999-10-14,61.53125,61.6953125,51.98664093017578
1999-10-15,60.125,59.875,50.452754974365234
1999-10-18,59.9375,59.1171875,49.81422805786133
1999-10-19,59.7578125,59.4375,50.08411407470703
1999-10-20,60.34375,61.25,51.61140823364258
1999-10-21,60.25,62.25,52.45403289794922
1999-10-22,62.6171875,61.96875,52.2170524597168
1999-10-25,61.6875,62.0,52.24337387084961
1999-10-26,62.75,61.5,51.82208251953125
1999-10-27,61.34375,61.40625,51.74306869506836
1999-10-28,62.375,63.53125,53.53365707397461
1999-10-29,65.0,65.75,55.40326690673828
1999-11-01,65.75,65.40625,55.11360168457031
1999-11-02,65.75,65.4453125,55.14653396606445
1999-11-03,66.375,66.75,56.24589920043945
1999-11-04,67.6796875,67.5,56.877830505371094
1999-11-05,68.875,68.1875,57.457176208496094
1999-11-08,68.4375,69.5625,58.615814208984375
1999-11-09,70.125,69.09375,58.220829010009766
1999-11-10,69.125,70.0,58.98444747924805
1999-11-11,70.75,71.25,60.037742614746094
1999-11-12,71.625,72.1875,60.827728271484375
1999-11-15,72.25,72.046875,60.7092399597168
1999-11-16,72.3125,73.875,62.24967575073242
1999-11-17,73.875,72.875,61.40703201293945
1999-11-18,73.375,75.109375,63.289764404296875
1999-11-19,74.78125,75.78125,63.855918884277344
1999-11-22,75.9375,74.625,62.881675720214844
1999-11-23,76.4375,74.96875,63.17133331298828
1999-11-24,75.1875,77.4375,65.25159454345703
1999-11-26,78.40625,77.6875,65.46224212646484
1999-11-29,77.53125,76.40625,64.3825912475586
1999-11-30,76.5625,73.5,61.933685302734375
1999-12-01,74.3125,75.09375,63.27662658691406
1999-12-02,75.375,77.4765625,65.28443145751953
1999-12-03,79.3125,79.125,66.67351531982422
1999-12-06,79.4296875,79.84375,67.27918243408203
1999-12-07,80.09375,79.84375,67.27918243408203
1999-12-08,79.8671875,78.875,66.46287536621094
1999-12-09,80.0,79.25,66.77884674072266
1999-12-10,79.90625,79.90625,67.33181762695312
1999-12-13,79.6328125,80.9921875,68.2468490600586
1999-12-14,80.75,79.53125,67.01583862304688
1999-12-15,78.625,81.0625,68.30610656738281
1999-12-16,82.125,83.0625,69.99134826660156
1999-12-17,84.5,83.78125,70.5970230102539
1999-12-20,84.40625,84.875,71.51866912841797
1999-12-21,85.125,89.4375,75.36317443847656
1999-12-22,89.1875,89.15625,75.12615966796875
1999-12-23,89.8671875,90.21875,76.021484375
1999-12-27,90.3125,89.6875,75.5738525390625
1999-12-28,89.75,89.125,75.099853515625
1999-12-29,90.0,92.5,77.9437255859375
1999-12-30,93.625,91.5,77.10107421875
1999-12-31,92.625,91.375,76.99577331542969
2000-01-03,96.1875,94.75,79.83968353271484
2000-01-04,92.0,88.25,74.36257934570312
2000-01-05,87.5,86.0,72.46661376953125
2000-01-06,86.875,80.09375,67.48979949951172
2000-01-07,82.9375,90.0,75.837158203125
2000-01-10,91.0,92.5,77.9437255859375
2000-01-11,91.75,88.0,74.15193176269531
2000-01-12,89.0,86.0625,72.519287109375
2000-01-13,88.5,91.25,76.89044952392578
2000-01-14,93.0,93.375,78.68106079101562
2000-01-18,92.0625,93.875,79.10236358642578
2000-01-19,93.4921875,96.0,80.89291381835938
2000-01-20,95.5,95.0625,80.10303497314453
2000-01-21,96.5,96.25,81.10364532470703
2000-01-24,97.4375,91.625,77.20646667480469
2000-01-25,91.875,93.0,78.36505889892578
2000-01-26,93.25,89.25,75.20519256591797
2000-01-27,91.75,90.5625,76.31116485595703
2000-01-28,90.0,86.0,72.46661376953125
2000-01-31,85.875,89.6875,75.5738525390625
2000-02-01,89.53125,92.09375,77.60139465332031
2000-02-02,92.25,92.875,78.2597427368164
2000-02-03,94.3125,96.5,81.31426239013672
2000-02-04,97.0,97.15625,81.86727905273438
2000-02-07,97.25,98.5,82.99956512451172
2000-02-08,99.375,102.625,86.47541046142578
2000-02-09,102.0625,99.0,83.42086791992188
2000-02-10,99.8125,102.25,86.159423828125
2000-02-11,102.0625,99.875,84.15817260742188
2000-02-14,99.9921875,99.75,84.05284118652344
2000-02-15,98.9375,100.46875,84.65847778320312
2000-02-16,99.90625,100.0,84.26350402832031
2000-02-17,101.1875,102.125,86.05412292480469
2000-02-18,102.625,98.4375,82.9468765258789
2000-02-22,99.0,98.75,83.210205078125
2000-02-23,99.6796875,104.25,87.84471893310547
2000-02-24,104.875,106.5,89.74066162109375
2000-02-25,106.1875,104.0625,87.68667602539062
2000-02-28,103.25,104.0,87.634033203125
2000-02-29,105.75,106.75,89.95132446289062
2000-03-01,107.25,107.625,90.68860626220703
2000-03-02,108.0625,105.1328125,88.5886001586914
2000-03-03,108.0,111.0625,93.58515930175781
2000-03-06,111.75,111.9375,94.32244873046875
2000-03-07,113.8125,110.25,92.90050506591797
2000-03-08,111.0,111.25,93.7431640625
2000-03-09,111.21875,115.0,96.90303802490234
2000-03-10,114.875,114.5,96.48172760009766
2000-03-13,110.0,111.5,93.95378875732422
2000-03-14,112.75,107.375,90.47795104980469
2000-03-15,106.5,102.875,86.6860580444336
2000-03-16,105.375,108.75,91.63654327392578
2000-03-17,108.0,110.8125,93.37451171875
2000-03-20,111.0,107.6875,90.74126434326172
2000-03-21,106.125,111.75,94.16446685791016
2000-03-22,113.5,114.0,96.0604019165039
2000-03-23,114.484375,116.0,97.7457046508789
2000-03-24,117.484375,117.5625,99.06229400634766
2000-03-27,118.0,117.75,99.22025299072266
2000-03-28,116.984375,114.75,96.6923828125
2000-03-29,115.375,110.0,92.68987274169922
2000-03-30,107.25,107.25,90.37263488769531
2000-03-31,108.140625,109.5,92.26851654052734
2000-04-03,107.765625,102.9375,86.73873138427734
2000-04-04,103.625,101.9375,85.8960952758789
2000-04-05,97.5,100.125,84.36884307861328
2000-04-06,102.375,102.5,86.37007141113281
2000-04-07,104.125,106.625,89.84593963623047
2000-04-10,107.625,100.125,84.36884307861328
2000-04-11,97.125,97.75,82.36758422851562
2000-04-12,97.625,92.0,77.5224380493164
2000-04-13,92.8125,88.0,74.15193176269531
2000-04-14,86.0625,80.375,67.72679901123047
2000-04-17,78.015625,89.625,75.52120971679688
2000-04-18,89.484375,92.0,77.5224380493164
2000-04-19,92.5,89.1875,75.15249633789062
2000-04-20,90.375,87.25,73.51990509033203
2000-04-24,83.4375,84.75,71.41333770751953
2000-04-25,86.5,90.46875,76.23211669921875
2000-04-26,90.625,87.375,73.625244140625
2000-04-27,84.0,91.25,76.89044952392578
2000-04-28,93.5625,94.75,79.83968353271484
2000-05-01,95.75,95.625,80.57699584960938
2000-05-02,94.875,90.125,75.94249725341797
2000-05-03,89.5,89.125,75.099853515625
2000-05-04,89.0,89.3125,75.25785064697266
2000-05-05,88.125,91.4375,77.04841613769531
2000-05-08,90.5,87.875,74.04657745361328
2000-05-09,88.5,86.0,72.46661376953125
2000-05-10,84.375,79.75,67.20011901855469
2000-05-11,82.75,84.625,71.30803680419922
2000-05-12,85.375,84.625,71.30803680419922
2000-05-15,84.8125,88.3125,74.41519165039062
2000-05-16,90.0,90.8125,76.5218276977539
2000-05-17,89.25,88.9375,74.94187927246094
2000-05-18,89.0,85.75,72.25595092773438
2000-05-19,83.75,81.6875,68.832763671875
2000-05-22,81.625,81.625,68.78007507324219
2000-05-23,81.375,74.8125,63.03965759277344
2000-05-24,75.0,79.5,66.98950958251953
2000-05-25,80.25,77.75,65.51487731933594
2000-05-26,77.75,77.75,65.51487731933594
2000-05-30,80.0,85.5625,72.09795379638672
2000-05-31,84.46875,83.125,70.04405212402344
2000-06-01,85.1875,87.375,73.625244140625
2000-06-02,92.625,93.625,78.89169311523438
2000-06-05,92.25,93.859375,79.08921813964844
2000-06-06,93.1875,91.25,76.89044952392578
2000-06-07,91.5625,93.6875,78.94435119628906
2000-06-08,94.625,93.25,78.57572174072266
2000-06-09,94.75,93.75,78.99700927734375
2000-06-12,94.3125,90.75,76.4691390991211
2000-06-13,90.5,94.25,79.4183578491211
2000-06-14,94.875,92.125,77.62776947021484
2000-06-15,91.875,93.75,78.99700927734375
2000-06-16,94.75,94.25,79.4183578491211
2000-06-19,94.015625,98.0,82.57823944091797
2000-06-20,98.25,97.625,82.26222229003906
2000-06-21,96.8125,98.875,83.31556701660156
2000-06-22,98.625,95.25,80.26099395751953
2000-06-23,95.0,91.5,77.10107421875
2000-06-26,93.0625,94.0,79.20769500732422
2000-06-27,93.765625,92.875,78.2597427368164
2000-06-28,92.984375,94.0,79.20769500732422
2000-06-29,92.9375,91.640625,77.21963500976562
2000-06-30,91.8125,93.4375,78.73368835449219
2000-07-03,93.5,95.25,80.26099395751953
2000-07-05,93.625,91.5625,77.15379333496094
2000-07-06,91.5625,94.0,79.20769500732422
2000-07-07,95.0,95.9375,80.84028625488281
2000-07-10,94.6875,94.484375,79.61585235595703
2000-07-11,94.0625,95.0,80.05033874511719
2000-07-12,95.4375,97.25,81.94623565673828
2000-07-13,97.9375,98.5,82.99956512451172
2000-07-14,100.25,100.625,84.79011535644531
2000-07-17,100.9375,101.75,85.73811340332031
2000-07-18,100.375,99.5,83.84215545654297
2000-07-19,98.3125,97.25,81.94623565673828
2000-07-20,97.875,100.375,84.5794906616211
2000-07-21,98.4375,97.0,81.73562622070312
2000-07-24,97.9375,95.0,80.05033874511719
2000-07-25,95.625,95.75,80.68225860595703
2000-07-26,95.5,95.625,80.57699584960938
2000-07-27,93.9375,91.875,77.4170913696289
2000-07-28,92.1875,86.875,73.20391082763672
2000-07-31,87.625,89.4375,75.36317443847656
2000-08-01,89.8125,88.25,74.36257934570312
2000-08-02,87.875,86.6875,73.04595184326172
2000-08-03,84.25,90.4375,76.20584106445312
2000-08-04,92.0,90.125,75.94249725341797
2000-08-07,90.875,92.25,77.73309326171875
2000-08-08,92.0625,94.125,79.31304168701172
2000-08-09,93.6875,91.625,77.20646667480469
2000-08-10,91.8125,89.8125,75.67915344238281
2000-08-11,89.25,91.0625,76.73245239257812
2000-08-14,91.375,93.0,78.36505889892578
2000-08-15,92.75,93.0,78.36505889892578
2000-08-16,93.4375,93.9375,79.15504455566406
2000-08-17,92.9375,95.75,80.68225860595703
2000-08-18,95.9375,95.25,80.26099395751953
2000-08-21,96.0,95.5,80.47166442871094
2000-08-22,96.0,95.5,80.47166442871094
2000-08-23,94.6875,97.0625,81.78826904296875
2000-08-24,97.4375,98.5625,83.05218505859375
2000-08-25,98.484375,98.03125,82.60458374023438
2000-08-28,98.25,98.5,82.99956512451172
2000-08-29,98.625,99.0,83.42086791992188
2000-08-30,98.3125,98.875,83.31556701660156
2000-08-31,99.625,101.625,85.63276672363281
2000-09-01,103.0,102.625,86.47541046142578
2000-09-05,101.625,99.5,83.84215545654297
2000-09-06,99.25,96.0,80.89291381835938
2000-09-07,96.8125,98.125,82.68355560302734
2000-09-08,97.765625,95.125,80.15567016601562
2000-09-11,94.5,92.8125,78.20707702636719
2000-09-12,93.5,91.375,76.99577331542969
2000-09-13,90.25,93.5,78.7863998413086
2000-09-14,95.25,93.0,78.36505889892578
2000-09-15,93.125,91.3125,76.9431381225586
2000-09-18,91.8125,89.875,75.7318115234375
2000-09-19,90.75,93.1875,78.52306365966797
2000-09-20,93.375,94.625,79.73433685302734
2000-09-21,93.75,87.75,73.9412612915039
2000-09-22,87.625,92.9375,78.31238555908203
2000-09-25,93.625,90.46875,76.23211669921875
2000-09-26,90.765625,89.4375,75.36317443847656
2000-09-27,90.625,89.5625,75.46849060058594
2000-09-28,88.71875,91.5625,77.15379333496094
2000-09-29,92.0,88.75,74.7838363647461
2000-10-02,90.25,86.75,73.0986328125
2000-10-03,88.0625,84.0,70.78131103515625
2000-10-04,83.5,85.625,72.15061950683594
2000-10-05,85.25,85.875,72.36126708984375
2000-10-06,85.5625,83.0,69.9386978149414
2000-10-09,82.5625,82.625,69.62269592285156
2000-10-10,81.8125,78.3125,65.98887634277344
2000-10-11,76.875,77.0625,64.935546875
2000-10-12,79.25,75.125,63.303009033203125
2000-10-13,74.6875,81.25,68.46410369873047
2000-10-16,81.125,82.0,69.09606170654297
2000-10-17,83.125,78.25,65.93621826171875
2000-10-18,76.75,78.0,65.72553253173828
2000-10-19,82.390625,85.0625,71.67667388916016
2000-10-20,84.5,86.3125,72.72996520996094
2000-10-23,86.1875,86.1875,72.6246337890625
2000-10-24,86.4375,82.5,69.51737213134766
2000-10-25,81.25,77.875,65.62023162841797
2000-10-26,78.1875,79.875,67.30547332763672
2000-10-27,80.859375,79.71875,67.1738052368164
2000-10-30,78.1875,76.765625,64.68544006347656
2000-10-31,78.0,81.703125,68.8459243774414
2000-11-01,80.3125,81.0,68.25346374511719
2000-11-02,82.1875,82.0,69.09606170654297
2000-11-03,82.875,83.0625,69.99134826660156
2000-11-06,83.625,82.4375,69.46472930908203
2000-11-07,81.4375,82.125,69.201416015625
2000-11-08,82.125,75.703125,63.790130615234375
2000-11-09,74.75,75.6875,63.7769660949707
2000-11-10,74.25,71.75,60.45906066894531
2000-11-13,70.953125,71.859375,60.551246643066406
2000-11-14,73.0,75.84375,63.90858840942383
2000-11-15,75.5625,77.375,65.19893646240234
2000-11-16,75.375,72.875,61.40703201293945
2000-11-17,73.1875,72.828125,61.36753845214844
2000-11-20,70.9375,69.859375,58.86595153808594
2000-11-21,70.1875,69.75,58.77379608154297
2000-11-22,68.4375,66.625,56.14057540893555
2000-11-24,68.375,70.4375,59.35309982299805
2000-11-27,72.5625,69.5625,58.615814208984375
2000-11-28,68.9375,65.453125,55.15309143066406
2000-11-29,65.8125,62.9375,53.0333366394043
2000-11-30,61.75,62.984375,53.07282257080078
2000-12-01,64.0625,64.0,53.92864990234375
2000-12-04,64.125,65.0,54.77129364013672
2000-12-05,66.0625,70.6875,59.563758850097656
2000-12-06,70.59375,68.0,57.2991828918457
2000-12-07,67.0,66.5,56.035255432128906
2000-12-08,71.09375,68.0,57.2991828918457
2000-12-11,72.0625,74.375,62.67100143432617
2000-12-12,73.5,71.65625,60.38008499145508
2000-12-13,73.4375,68.734375,57.91801834106445
2000-12-14,68.515625,65.375,55.087284088134766
2000-12-15,64.25,63.875,53.82331085205078
2000-12-18,65.15625,64.0,53.92864990234375
2000-12-19,63.453125,59.125,49.8208122253418
2000-12-20,57.3125,55.734375,46.9637451171875
2000-12-21,55.015625,56.0625,47.2402229309082
2000-12-22,57.625,60.5,50.97941970825195
2000-12-26,60.59375,60.875,51.295433044433594
2000-12-27,59.6875,61.5625,51.87472152709961
2000-12-28,60.78125,61.4375,51.76940155029297
2000-12-29,61.5625,58.375,49.18882751464844
2001-01-02,58.5625,53.4375,45.02831268310547
2001-01-03,52.1875,62.4375,52.61202621459961
2001-01-04,61.625,61.3125,51.6640625
2001-01-05,61.3125,56.625,47.71420669555664
2001-01-08,56.3125,57.25,48.24086380004883
2001-01-09,57.75,57.25,48.24086380004883
2001-01-10,56.125,60.1875,50.71609878540039
2001-01-11,59.265625,61.9375,52.19070816040039
2001-01-12,62.75,62.734375,52.8621826171875
2001-01-16,62.5625,61.984375,52.230224609375
2001-01-17,64.5,63.875,53.82331085205078
2001-01-18,64.125,66.5625,56.087886810302734
2001-01-19,68.140625,66.3125,55.87725830078125
2001-01-22,65.875,66.375,55.929901123046875
2001-01-23,65.90625,67.765625,57.1016731262207
2001-01-24,68.0625,67.125,56.5618782043457
2001-01-25,66.875,64.5,54.3499755859375
2001-01-26,63.5625,65.546875,55.23208999633789
2001-01-29,64.75,67.0,56.45652389526367
2001-01-30,67.1500015258789,66.75,56.24589920043945
2001-01-31,67.25,64.30000305175781,54.181434631347656
2001-02-01,64.55000305175781,65.1500015258789,54.897674560546875
2001-02-02,64.94000244140625,61.54999923706055,51.86418533325195
2001-02-05,61.189998626708984,61.5,51.82208251953125
2001-02-06,61.4900016784668,61.599998474121094,51.90633010864258
2001-02-07,60.5099983215332,60.599998474121094,51.06368637084961
2001-02-08,60.900001525878906,58.790000915527344,49.53852844238281
2001-02-09,58.25,56.400001525878906,47.52463912963867
2001-02-12,56.25,57.08000183105469,48.09762191772461
2001-02-13,57.650001525878906,55.25,46.555599212646484
2001-02-14,55.400001525878906,57.45000076293945,48.40937423706055
2001-02-15,58.79999923706055,58.400001525878906,49.20989227294922
2001-02-16,55.959999084472656,55.130001068115234,46.45448303222656
2001-02-20,55.7400016784668,52.9900016784668,44.65123748779297
2001-02-21,51.54999923706055,51.5,43.39569854736328
2001-02-22,51.45000076293945,51.0,42.97439956665039
2001-02-23,50.09000015258789,51.18000030517578,43.12606430053711
2001-02-26,52.08000183105469,52.150001525878906,43.94342041015625
2001-02-27,51.540000915527344,49.0,41.289119720458984
2001-02-28,49.45000076293945,47.45000076293945,39.9830322265625
2001-03-01,46.970001220703125,48.79999923706055,41.12059020996094
2001-03-02,47.20000076293945,46.70000076293945,39.3510627746582
2001-03-05,47.5,47.54999923706055,40.06730270385742
2001-03-06,49.29999923706055,49.400001525878906,41.62618637084961
2001-03-07,50.400001525878906,49.41999816894531,41.643028259277344
2001-03-08,49.349998474121094,48.5,40.86781311035156
2001-03-09,47.25,45.099998474121094,38.00282669067383
2001-03-12,44.0,42.29999923706055,35.64345932006836
2001-03-13,42.779998779296875,44.45000076293945,37.45512771606445
2001-03-14,42.70000076293945,43.75,36.86526870727539
2001-03-15,45.20000076293945,42.150001525878906,35.5170783996582
2001-03-16,41.880001068115234,41.20000076293945,34.7165641784668
2001-03-19,41.439998626708984,43.2599983215332,36.4524040222168
2001-03-20,43.439998626708984,40.349998474121094,34.000308990478516
2001-03-21,40.52000045776367,40.349998474121094,34.000308990478516
2001-03-22,40.599998474121094,42.79999923706055,36.06479263305664
2001-03-23,43.54999923706055,42.79999923706055,36.06479263305664
2001-03-26,43.470001220703125,41.810001373291016,35.230594635009766
2001-03-27,41.79999923706055,43.25,36.44395446777344
2001-03-28,41.900001525878906,39.70000076293945,33.45261764526367
2001-03-29,39.380001068115234,38.95000076293945,32.820640563964844
2001-03-30,39.29999923706055,39.150001525878906,32.989166259765625
2001-04-02,39.16999816894531,37.400001525878906,31.51456642150879
2001-04-03,37.20000076293945,34.65999984741211,29.205726623535156
2001-04-04,34.709999084472656,34.04999923706055,28.691720962524414
2001-04-05,36.0,37.310001373291016,31.43870735168457
2001-04-06,36.900001525878906,35.95000076293945,30.292720794677734
2001-04-09,36.790000915527344,37.04999923706055,31.219627380371094
2001-04-10,37.900001525878906,39.79999923706055,33.53687286376953
2001-04-11,42.15999984741211,41.0,34.548030853271484
2001-04-12,40.29999923706055,42.79999923706055,36.06479263305664
2001-04-16,41.939998626708984,40.25,33.916072845458984
2001-04-17,39.95000076293945,41.25,34.75868606567383
2001-04-18,43.720001220703125,45.54999923706055,38.38204574584961
2001-04-19,46.099998474121094,48.29999923706055,40.699275970458984
2001-04-20,48.18000030517578,48.400001525878906,40.78352737426758
2001-04-23,46.9900016784668,45.150001525878906,38.04498291015625
2001-04-24,45.099998474121094,44.29999923706055,37.32872772216797
2001-04-25,43.900001525878906,45.099998474121094,38.00282669067383
2001-04-26,45.900001525878906,43.95000076293945,37.033817291259766
2001-04-27,45.150001525878906,45.150001525878906,38.04498291015625
2001-04-30,46.25,46.150001525878906,38.887611389160156
2001-05-01,46.20000076293945,48.04999923706055,40.488609313964844
2001-05-02,48.79999923706055,48.97999954223633,41.27226638793945
2001-05-03,47.900001525878906,46.79999923706055,39.43531036376953
2001-05-04,45.29999923706055,48.20000076293945,40.61501693725586
2001-05-07,48.0,47.20000076293945,39.77236557006836
2001-05-08,48.29999923706055,48.20000076293945,40.61501693725586
2001-05-09,47.04999923706055,46.54999923706055,39.224647521972656
2001-05-10,47.91999816894531,45.77000045776367,38.56739807128906
2001-05-11,45.84000015258789,45.54999923706055,38.38204574584961
2001-05-14,45.29999923706055,44.81999969482422,37.766902923583984
2001-05-15,44.900001525878906,45.150001525878906,38.04498291015625
2001-05-16,44.310001373291016,47.150001525878906,39.730247497558594
2001-05-17,47.45000076293945,47.900001525878906,40.36222457885742
2001-05-18,47.63999938964844,48.040000915527344,40.480186462402344
2001-05-21,48.16999816894531,51.04999923706055,43.01653289794922
2001-05-22,51.310001373291016,50.900001525878906,42.890113830566406
2001-05-23,50.439998626708984,48.650001525878906,40.99420166015625
2001-05-24,48.970001220703125,49.900001525878906,42.047489166259766
2001-05-25,49.959999084472656,48.9900016784668,41.28071594238281
2001-05-29,48.5,46.119998931884766,38.86231231689453
2001-05-30,45.43000030517578,44.43000030517578,37.43829345703125
2001-05-31,44.540000915527344,44.72999954223633,37.691078186035156
2001-06-01,45.540000915527344,46.04999923706055,38.80335998535156
2001-06-04,46.33000183105469,45.83000183105469,38.61799621582031
2001-06-05,46.29999923706055,47.849998474121094,40.32008361816406
2001-06-06,48.08000183105469,47.47999954223633,40.00830078125
2001-06-07,47.130001068115234,48.70000076293945,41.03632736206055
2001-06-08,48.720001220703125,47.349998474121094,39.898773193359375
2001-06-11,46.900001525878906,46.04999923706055,38.80335998535156
2001-06-12,44.869998931884766,45.79999923706055,38.59267807006836
2001-06-13,46.27000045776367,44.54999923706055,37.53938293457031
2001-06-14,44.02000045776367,42.25,35.6013298034668
2001-06-15,41.79999923706055,42.599998474121094,35.896240234375
2001-06-18,42.63999938964844,42.029998779296875,35.415958404541016
2001-06-19,43.31999969482422,41.81999969482422,35.23899459838867
2001-06-20,41.29999923706055,42.77000045776367,36.03950119018555
2001-06-21,42.66999816894531,43.349998474121094,36.52823257446289
2001-06-22,43.619998931884766,43.25,36.44395446777344
2001-06-25,43.61000061035156,43.36000061035156,36.53667449951172
2001-06-26,42.540000915527344,43.5099983215332,36.663055419921875
2001-06-27,43.68000030517578,43.790000915527344,36.898983001708984
2001-06-28,44.400001525878906,44.349998474121094,37.370872497558594
2001-06-29,45.09000015258789,45.70000076293945,38.50839614868164
2001-07-02,45.650001525878906,45.45000076293945,38.29777145385742
2001-07-03,45.25,45.63999938964844,38.45787811279297
2001-07-05,44.869998931884766,43.45000076293945,36.612491607666016
2001-07-06,43.0099983215332,41.650001525878906,35.09575653076172
2001-07-09,41.88999938964844,42.0099983215332,35.39910125732422
2001-07-10,42.7599983215332,40.5,34.126731872558594
2001-07-11,40.41999816894531,41.0,34.548030853271484
2001-07-12,42.630001068115234,43.599998474121094,36.73891067504883
2001-07-13,43.380001068115234,43.150001525878906,36.35970687866211
2001-07-16,43.369998931884766,42.349998474121094,35.68561935424805
2001-07-17,41.81999969482422,43.29999923706055,36.48609161376953
2001-07-18,42.27000045776367,41.650001525878906,35.09575653076172
2001-07-19,42.459999084472656,42.63999938964844,35.929962158203125
2001-07-20,41.4900016784668,41.650001525878906,35.09575653076172
2001-07-23,42.2400016784668,40.61000061035156,34.21940994262695
2001-07-24,40.380001068115234,40.150001525878906,33.83177947998047
2001-07-25,40.13999938964844,40.5,34.126731872558594
2001-07-26,40.45000076293945,41.099998474121094,34.63231658935547
2001-07-27,41.63999938964844,41.95000076293945,35.34855651855469
2001-07-30,42.130001068115234,41.70000076293945,35.137874603271484
2001-07-31,41.84000015258789,41.7599983215332,35.188446044921875
2001-08-01,42.630001068115234,43.099998474121094,36.31758117675781
2001-08-02,43.790000915527344,43.90999984741211,37.0001220703125
2001-08-03,43.529998779296875,43.18000030517578,36.384979248046875
2001-08-06,42.529998779296875,42.5,35.811988830566406
2001-08-07,42.099998474121094,42.279998779296875,35.626609802246094
2001-08-08,41.849998474121094,40.5,34.126731872558594
2001-08-09,40.40999984741211,40.66999816894531,34.269954681396484
2001-08-10,40.41999816894531,40.279998779296875,33.941341400146484
2001-08-13,40.59000015258789,41.099998474121094,34.63231658935547
2001-08-14,41.4900016784668,40.599998474121094,34.21097946166992
2001-08-15,40.619998931884766,39.099998474121094,32.94702911376953
2001-08-16,38.63999938964844,39.560001373291016,33.33463668823242
2001-08-17,38.439998626708984,37.7599983215332,31.817903518676758
2001-08-20,37.849998474121094,38.279998779296875,32.256072998046875
2001-08-21,38.290000915527344,36.689998626708984,30.916290283203125
2001-08-22,37.45000076293945,37.689998626708984,31.758909225463867
2001-08-23,37.66999816894531,37.31999969482422,31.4471378326416
2001-08-24,37.86000061035156,39.29999923706055,33.11556625366211
2001-08-27,39.279998779296875,39.349998474121094,33.157676696777344
2001-08-28,39.31999969482422,38.119998931884766,32.121253967285156
2001-08-29,38.369998931884766,37.560001373291016,31.649354934692383
2001-08-30,36.79999923706055,36.16999816894531,30.478092193603516
2001-08-31,36.029998779296875,36.630001068115234,30.865734100341797
2001-09-04,36.5099983215332,35.470001220703125,29.888273239135742
2001-09-05,35.4900016784668,35.33000183105469,29.77028465270996
2001-09-06,34.7400016784668,33.900001525878906,28.565336227416992
2001-09-07,33.619998931884766,33.70000076293945,28.39680290222168
2001-09-10,33.4900016784668,34.099998474121094,28.733854293823242
2001-09-17,31.25,31.200000762939453,26.290210723876953
2001-09-18,31.530000686645508,30.5,25.70036506652832
2001-09-19,30.639999389648438,29.969999313354492,25.253772735595703
2001-09-20,29.299999237060547,28.969999313354492,24.411134719848633
2001-09-21,27.40999984741211,28.190000534057617,23.753883361816406
2001-09-24,29.079999923706055,29.610000610351562,24.950410842895508
2001-09-25,29.709999084472656,29.700000762939453,25.02625274658203
2001-09-26,29.950000762939453,28.670000076293945,24.158344268798828
2001-09-27,28.399999618530273,28.479999542236328,23.998249053955078
2001-09-28,28.84000015258789,28.979999542236328,24.419567108154297
2001-10-01,28.850000381469727,28.729999542236328,24.208913803100586
2001-10-02,28.649999618530273,28.81999969482422,24.284751892089844
2001-10-03,28.420000076293945,31.0,26.121686935424805
2001-10-04,31.649999618530273,31.299999237060547,26.374479293823242
2001-10-05,31.0,31.760000228881836,26.7620849609375
2001-10-08,31.1299991607666,31.860000610351562,26.846357345581055
2001-10-09,31.860000610351562,31.09000015258789,26.197511672973633
2001-10-10,30.8700008392334,32.5,27.38564682006836
2001-10-11,33.189998626708984,34.70000076293945,29.23944091796875
2001-10-12,34.33000183105469,34.54999923706055,29.113037109375
2001-10-15,34.119998931884766,34.400001525878906,28.986656188964844
2001-10-16,34.65999984741211,34.959999084472656,29.458520889282227
2001-10-17,35.869998931884766,32.45000076293945,27.34351921081543
2001-10-18,32.70000076293945,33.33000183105469,28.08502769470215
2001-10-19,32.86000061035156,33.54999923706055,28.270402908325195
2001-10-22,33.439998626708984,34.45000076293945,29.028785705566406
2001-10-23,34.81999969482422,34.630001068115234,29.180465698242188
2001-10-24,34.599998474121094,35.380001068115234,29.812440872192383
2001-10-25,34.70000076293945,36.79999923706055,31.008974075317383
2001-10-26,36.5,36.0099983215332,30.343286514282227
2001-10-29,36.0,34.040000915527344,28.68329429626465
2001-10-30,33.709999084472656,33.380001068115234,28.127161026000977
2001-10-31,34.040000915527344,33.900001525878906,28.565336227416992
2001-11-01,34.439998626708984,35.34000015258789,29.778728485107422
2001-11-02,35.27000045776367,35.599998474121094,29.997804641723633
2001-11-05,36.2599983215332,36.7599983215332,30.975261688232422
2001-11-06,36.599998474121094,38.189998626708984,32.18022918701172
2001-11-07,37.61000061035156,38.13999938964844,32.13810729980469
2001-11-08,38.54999923706055,37.75,31.809492111206055
2001-11-09,37.59000015258789,37.72999954223633,31.792625427246094
2001-11-12,37.0,38.0,32.02012252807617
2001-11-13,39.029998779296875,39.36000061035156,33.16612243652344
2001-11-14,39.959999084472656,39.63999938964844,33.402069091796875
2001-11-15,39.15999984741211,39.47999954223633,33.267242431640625
2001-11-16,39.47999954223633,39.369998931884766,33.17454147338867
2001-11-19,39.790000915527344,40.4900016784668,34.1182861328125
2001-11-20,40.08000183105469,38.619998931884766,32.54256057739258
2001-11-21,38.470001220703125,38.41999816894531,32.374046325683594
2001-11-23,38.7599983215332,39.279998779296875,33.09872055053711
2001-11-26,39.58000183105469,40.25,33.916072845458984
2001-11-27,40.04999923706055,40.20000076293945,33.87393569946289
2001-11-28,39.72999954223633,38.75,32.65210723876953
2001-11-29,39.029998779296875,39.95000076293945,33.66326904296875
2001-11-30,39.72999954223633,39.650001525878906,33.410484313964844
2001-12-03,39.290000915527344,38.970001220703125,32.83748245239258
2001-12-04,39.34000015258789,40.83000183105469,34.404808044433594
2001-12-05,41.20000076293945,42.849998474121094,36.10689926147461
2001-12-06,42.70000076293945,42.90999984741211,36.1574592590332
2001-12-07,42.47999954223633,41.72999954223633,35.16316223144531
2001-12-10,41.31999969482422,41.0,34.548030853271484
2001-12-11,41.459999084472656,41.22999954223633,34.741859436035156
2001-12-12,41.5,41.560001373291016,35.01992416381836
2001-12-13,40.709999084472656,39.7599983215332,33.5031623840332
2001-12-14,39.869998931884766,40.11000061035156,33.79810333251953
2001-12-17,40.02000045776367,40.79999923706055,34.37950897216797
2001-12-18,41.15999984741211,41.2599983215332,34.767112731933594
2001-12-19,40.560001373291016,40.5099983215332,34.1351432800293
2001-12-20,40.099998474121094,38.790000915527344,32.685813903808594
2001-12-21,39.41999816894531,39.47999954223633,33.267242431640625
2001-12-24,39.540000915527344,39.31999969482422,33.13240051269531
2001-12-26,39.369998931884766,39.689998626708984,33.444175720214844
2001-12-27,39.849998474121094,40.0099983215332,33.71381759643555
2001-12-28,40.290000915527344,40.33000183105469,33.983482360839844
2001-12-31,40.310001373291016,38.90999984741211,32.786922454833984
2002-01-02,39.56999969482422,40.11000061035156,33.79810333251953
2002-01-03,40.310001373291016,41.5,34.9693489074707
2002-01-04,41.95000076293945,41.66999816894531,35.112613677978516
2002-01-07,42.11000061035156,41.209999084472656,34.7249870300293
2002-01-08,41.099998474121094,41.4900016784668,34.960933685302734
2002-01-09,42.040000915527344,41.11000061035156,34.64073181152344
2002-01-10,41.16999816894531,41.380001068115234,34.86823272705078
2002-01-11,41.349998474121094,40.849998474121094,34.421653747558594
2002-01-14,40.4900016784668,39.959999084472656,33.671695709228516
2002-01-15,40.029998779296875,40.34000015258789,33.99189376831055
2002-01-16,39.529998779296875,38.779998779296875,32.67741012573242
2002-01-17,39.47999954223633,39.650001525878906,33.410484313964844
2002-01-18,38.83000183105469,38.59000015258789,32.51728057861328
2002-01-22,39.0,37.400001525878906,31.51456642150879
2002-01-23,37.650001525878906,38.43000030517578,32.38246154785156
2002-01-24,38.939998626708984,38.939998626708984,32.812225341796875
2002-01-25,38.470001220703125,38.83000183105469,32.719520568847656
2002-01-28,39.150001525878906,39.04999923706055,32.904884338378906
2002-01-29,39.130001068115234,37.97999954223633,32.00328826904297
2002-01-30,38.0,38.27000045776367,32.24762725830078
2002-01-31,38.56999969482422,38.5099983215332,32.44987487792969
2002-02-01,38.400001525878906,38.13999938964844,32.13810729980469
2002-02-04,37.959999084472656,36.91999816894531,31.11007308959961
2002-02-05,36.59000015258789,36.310001373291016,30.59609031677246
2002-02-06,36.84000015258789,36.060001373291016,30.38542366027832
2002-02-07,35.9900016784668,35.189998626708984,29.65230941772461
2002-02-08,35.459999084472656,36.16999816894531,30.478092193603516
2002-02-11,36.13999938964844,36.630001068115234,30.865734100341797
2002-02-12,36.310001373291016,36.33000183105469,30.612932205200195
2002-02-13,36.720001220703125,36.95000076293945,31.13538360595703
2002-02-14,37.150001525878906,36.880001068115234,31.07638168334961
2002-02-15,36.83000183105469,35.779998779296875,30.149477005004883
2002-02-19,35.369998931884766,34.68000030517578,29.222583770751953
2002-02-20,34.900001525878906,35.150001525878906,29.618629455566406
2002-02-21,34.790000915527344,33.47999954223633,28.211410522460938
2002-02-22,33.61000061035156,33.650001525878906,28.354671478271484
2002-02-25,34.0,35.0099983215332,29.500646591186523
2002-02-26,35.22999954223633,34.880001068115234,29.391111373901367
2002-02-27,35.38999938964844,34.400001525878906,28.986656188964844
2002-02-28,34.5099983215332,33.779998779296875,28.464221954345703
2002-03-01,34.150001525878906,35.7400016784668,30.115781784057617
2002-03-04,35.70000076293945,37.150001525878906,31.30388641357422
2002-03-05,36.93000030517578,37.41999816894531,31.531400680541992
2002-03-06,37.08000183105469,37.599998474121094,31.683082580566406
2002-03-07,38.119998931884766,37.68000030517578,31.750492095947266
2002-03-08,38.22999954223633,38.66999816894531,32.58469009399414
2002-03-11,38.349998474121094,38.529998779296875,32.466732025146484
2002-03-12,37.56999969482422,38.0,32.02012252807617
2002-03-13,37.40999984741211,37.08000183105469,31.244905471801758
2002-03-14,37.060001373291016,36.86000061035156,31.059541702270508
2002-03-15,36.88999938964844,37.22999954223633,31.371313095092773
2002-03-18,37.630001068115234,37.439998626708984,31.54824447631836
2002-03-19,37.599998474121094,37.380001068115234,31.497703552246094
2002-03-20,36.869998931884766,36.060001373291016,30.38542366027832
2002-03-21,36.150001525878906,37.02000045776367,31.19434356689453
2002-03-22,36.939998626708984,36.68000030517578,30.907861709594727
2002-03-25,36.689998626708984,35.560001373291016,29.964107513427734
2002-03-26,35.41999816894531,35.88999938964844,30.242158889770508
2002-03-27,35.630001068115234,35.61000061035156,30.006240844726562
2002-03-28,36.02000045776367,36.060001373291016,30.38542366027832
2002-04-01,35.79999923706055,36.75,30.966842651367188
2002-04-02,35.97999954223633,35.09000015258789,29.56805992126465
2002-04-03,35.29999923706055,35.029998779296875,29.517513275146484
2002-04-04,34.5,34.7599983215332,29.289979934692383
2002-04-05,35.0099983215332,34.369998931884766,28.961360931396484
2002-04-08,33.470001220703125,34.79999923706055,29.323707580566406
2002-04-09,34.779998779296875,33.59000015258789,28.30411720275879
2002-04-10,33.7599983215332,33.84000015258789,28.5147705078125
2002-04-11,33.65999984741211,33.0,27.806964874267578
2002-04-12,33.31999969482422,33.52000045776367,28.245132446289062
2002-04-15,33.79999923706055,33.790000915527344,28.472631454467773
2002-04-16,34.43000030517578,35.20000076293945,29.660755157470703
2002-04-17,35.400001525878906,35.02000045776367,29.509084701538086
2002-04-18,34.779998779296875,34.349998474121094,28.94452476501465
2002-04-19,35.04999923706055,34.459999084472656,29.037195205688477
2002-04-22,34.0099983215332,33.59000015258789,28.30411720275879
2002-04-23,33.59000015258789,33.0099983215332,27.815380096435547
2002-04-24,33.209999084472656,32.5,27.38564682006836
2002-04-25,32.29999923706055,32.41999816894531,27.318222045898438
2002-04-26,32.65999984741211,31.040000915527344,26.155391693115234
2002-04-29,31.239999771118164,31.1200008392334,26.22280502319336
2002-04-30,31.030000686645508,31.729999542236328,26.736814498901367
2002-05-01,31.670000076293945,31.559999465942383,26.593568801879883
2002-05-02,31.389999389648438,30.510000228881836,25.708791732788086
2002-05-03,30.469999313354492,29.739999771118164,25.059974670410156
2002-05-06,29.6299991607666,28.969999313354492,24.411134719848633
2002-05-07,29.270000457763672,28.700000762939453,24.183629989624023
2002-05-08,30.1299991607666,31.770000457763672,26.770523071289062
2002-05-09,31.56999969482422,30.950000762939453,26.079553604125977
2002-05-10,31.010000228881836,29.559999465942383,24.908292770385742
2002-05-13,29.8700008392334,30.760000228881836,25.919469833374023
2002-05-14,32.04999923706055,32.56999969482422,27.444623947143555
2002-05-15,32.08000183105469,32.810001373291016,27.64685821533203
2002-05-16,32.540000915527344,32.86000061035156,27.68899917602539
2002-05-17,33.290000915527344,32.93000030517578,27.747983932495117
2002-05-20,32.599998474121094,32.209999084472656,27.14127540588379
2002-05-21,32.36000061035156,31.329999923706055,26.399747848510742
2002-05-22,30.969999313354492,31.399999618530273,26.458730697631836
2002-05-23,31.6299991607666,32.029998779296875,26.989601135253906
2002-05-24,31.59000015258789,31.239999771118164,26.323911666870117
2002-05-28,31.469999313354492,31.100000381469727,26.205955505371094
2002-05-29,30.65999984741211,30.280000686645508,25.514989852905273
2002-05-30,30.010000228881836,30.540000915527344,25.734081268310547
2002-05-31,30.760000228881836,30.040000915527344,25.312761306762695
2002-06-03,30.0,28.979999542236328,24.419567108154297
2002-06-04,28.75,29.360000610351562,24.739778518676758
2002-06-05,29.420000076293945,29.65999984741211,24.992563247680664
2002-06-06,29.510000228881836,28.8799991607666,24.335308074951172
2002-06-07,27.6299991607666,28.299999237060547,23.84657096862793
2002-06-10,28.360000610351562,28.25,23.804441452026367
2002-06-11,28.600000381469727,27.459999084472656,23.138761520385742
2002-06-12,27.239999771118164,27.860000610351562,23.475814819335938
2002-06-13,27.760000228881836,27.68000030517578,23.32413673400879
2002-06-14,26.860000610351562,27.6200008392334,23.273584365844727
2002-06-17,28.0,28.559999465942383,24.06566047668457
2002-06-18,28.309999465942383,29.020000457763672,24.453271865844727
2002-06-19,28.100000381469727,27.34000015258789,23.037641525268555
2002-06-20,27.270000457763672,26.459999084472656,22.296133041381836
2002-06-21,26.360000610351562,25.81999969482422,21.756826400756836
2002-06-24,25.450000762939453,26.329999923706055,22.186588287353516
2002-06-25,26.579999923706055,25.459999084472656,21.4534854888916
2002-06-26,24.43000030517578,25.649999618530273,21.61359214782715
2002-06-27,26.0,26.209999084472656,22.08545684814453
2002-06-28,26.049999237060547,26.100000381469727,21.99279022216797
2002-07-01,25.969999313354492,24.850000381469727,20.939489364624023
2002-07-02,24.600000381469727,23.950000762939453,20.18111228942871
2002-07-03,23.850000381469727,24.75,20.85521697998047
2002-07-05,25.260000228881836,26.34000015258789,22.195009231567383
2002-07-08,26.200000762939453,25.3799991607666,21.38608169555664
2002-07-09,25.25,24.65999984741211,20.77938461303711
2002-07-10,24.989999771118164,23.899999618530273,20.13897132873535
2002-07-11,23.760000228881836,24.799999237060547,20.89735221862793
2002-07-12,25.25,24.799999237060547,20.89735221862793
2002-07-15,24.68000030517578,25.56999969482422,21.546180725097656
2002-07-16,25.25,25.190000534057617,21.225982666015625
2002-07-17,26.06999969482422,25.649999618530273,21.61359214782715
2002-07-18,25.3799991607666,24.729999542236328,20.83836555480957
2002-07-19,24.329999923706055,23.989999771118164,20.214820861816406
2002-07-22,23.850000381469727,23.399999618530273,19.717655181884766
2002-07-23,23.450000762939453,22.399999618530273,18.87502670288086
2002-07-24,21.809999465942383,23.6200008392334,19.903038024902344
2002-07-25,23.25,22.25,18.74863052368164
2002-07-26,22.559999465942383,22.670000076293945,19.102535247802734
2002-07-29,23.270000457763672,23.829999923706055,20.07999610900879
2002-07-30,23.729999542236328,24.309999465942383,20.484466552734375
2002-07-31,24.0,23.850000381469727,20.09684944152832
2002-08-01,23.739999771118164,22.729999542236328,19.153093338012695
2002-08-02,22.780000686645508,22.25,18.74863052368164
2002-08-05,22.110000610351562,21.440000534057617,18.066097259521484
2002-08-06,21.799999237060547,22.5,18.95928955078125
2002-08-07,23.200000762939453,22.799999237060547,19.212080001831055
2002-08-08,22.75,23.56999969482422,19.86090850830078
2002-08-09,23.200000762939453,23.329999923706055,19.658672332763672
2002-08-12,23.049999237060547,23.399999618530273,19.717655181884766
2002-08-13,23.229999542236328,22.600000381469727,19.043561935424805
2002-08-14,22.670000076293945,24.040000915527344,20.256959915161133
2002-08-15,24.239999771118164,24.530000686645508,20.669841766357422
2002-08-16,24.1299991607666,24.700000762939453,20.813093185424805
2002-08-19,24.770000457763672,25.299999237060547,21.318662643432617
2002-08-20,25.18000030517578,25.190000534057617,21.225982666015625
2002-08-21,25.389999389648438,25.75,21.69784927368164
2002-08-22,25.739999771118164,26.15999984741211,22.0433292388916
2002-08-23,25.799999237060547,25.149999618530273,21.192270278930664
2002-08-26,25.299999237060547,25.25,21.276535034179688
2002-08-27,25.43000030517578,24.3700008392334,20.53502082824707
2002-08-28,24.020000457763672,23.479999542236328,19.78507423400879
2002-08-29,23.200000762939453,23.790000915527344,20.046281814575195
2002-08-30,23.6200008392334,23.489999771118164,19.793495178222656
2002-09-03,23.059999465942383,22.639999389648438,19.07724952697754
2002-09-04,22.5,22.729999542236328,19.153093338012695
2002-09-05,22.399999618530273,22.170000076293945,18.681228637695312
2002-09-06,22.65999984741211,22.850000381469727,19.25419807434082
2002-09-09,22.670000076293945,23.079999923706055,19.448017120361328
2002-09-10,23.229999542236328,23.649999618530273,19.928321838378906
2002-09-11,24.1200008392334,23.450000762939453,19.75978660583496
2002-09-12,23.229999542236328,22.809999465942383,19.22050666809082
2002-09-13,22.600000381469727,22.989999771118164,19.37217903137207
2002-09-16,22.860000610351562,22.65999984741211,19.09410858154297
2002-09-17,23.049999237060547,22.18000030517578,18.689640045166016
2002-09-18,22.010000228881836,21.93000030517578,18.478971481323242
2002-09-19,21.700000762939453,21.579999923706055,18.184062957763672
2002-09-20,21.829999923706055,21.670000076293945,18.259902954101562
2002-09-23,21.450000762939453,21.020000457763672,17.712190628051758
2002-09-24,20.68000030517578,21.030000686645508,17.720619201660156
2002-09-25,21.350000381469727,21.8700008392334,18.428436279296875
2002-09-26,22.15999984741211,21.600000381469727,18.200925827026367
2002-09-27,21.549999237060547,21.309999465942383,17.956544876098633
2002-09-30,21.06999969482422,20.719999313354492,17.45940399169922
2002-10-01,20.90999984741211,21.979999542236328,18.5211238861084
2002-10-02,21.510000228881836,21.25,17.905994415283203
2002-10-03,21.059999465942383,20.739999771118164,17.476255416870117
2002-10-04,20.940000534057617,20.350000381469727,17.147626876831055
2002-10-07,20.260000228881836,20.15999984741211,16.98752784729004
2002-10-08,20.280000686645508,20.200000762939453,17.021228790283203
2002-10-09,19.940000534057617,20.059999465942383,16.903261184692383
2002-10-10,20.100000381469727,21.079999923706055,17.762744903564453
2002-10-11,21.549999237060547,22.219999313354492,18.723356246948242
2002-10-14,21.8700008392334,22.479999542236328,18.942432403564453
2002-10-15,23.440000534057617,23.559999465942383,19.85248374938965
2002-10-16,22.709999084472656,22.780000686645508,19.19522476196289
2002-10-17,23.600000381469727,23.549999237060547,19.84404945373535
2002-10-18,23.280000686645508,23.809999465942383,20.063133239746094
2002-10-21,23.520000457763672,24.290000915527344,20.467607498168945
2002-10-22,23.729999542236328,24.139999389648438,20.34120750427246
2002-10-23,23.850000381469727,24.600000381469727,20.728822708129883
2002-10-24,24.68000030517578,23.979999542236328,20.20638656616211
2002-10-25,23.989999771118164,24.700000762939453,20.813093185424805
2002-10-28,25.0,24.489999771118164,20.636133193969727
2002-10-29,24.309999465942383,23.920000076293945,20.15583038330078
2002-10-30,24.059999465942383,24.559999465942383,20.69512367248535
2002-10-31,24.65999984741211,24.549999237060547,20.68669891357422
2002-11-01,24.3700008392334,25.25,21.276535034179688
2002-11-04,26.049999237060547,25.899999618530273,21.824247360229492
2002-11-05,25.709999084472656,26.100000381469727,21.99279022216797
2002-11-06,26.290000915527344,26.469999313354492,22.304553985595703
2002-11-07,25.989999771118164,25.540000915527344,21.520904541015625
2002-11-08,25.489999771118164,25.06999969482422,21.124860763549805
2002-11-11,24.950000762939453,24.309999465942383,20.484466552734375
2002-11-12,24.399999618530273,24.93000030517578,21.006898880004883
2002-11-13,24.700000762939453,25.229999542236328,21.259689331054688
2002-11-14,25.579999923706055,26.100000381469727,21.99279022216797
2002-11-15,25.899999618530273,26.440000534057617,22.279277801513672
2002-11-18,26.709999084472656,26.049999237060547,21.950639724731445
2002-11-19,25.799999237060547,25.649999618530273,21.61359214782715
2002-11-20,25.559999465942383,26.739999771118164,22.53206443786621
2002-11-21,26.93000030517578,27.729999542236328,23.36627197265625
2002-11-22,27.3700008392334,27.719999313354492,23.357845306396484
2002-11-25,27.760000228881836,27.989999771118164,23.585355758666992
2002-11-26,27.780000686645508,27.049999237060547,22.793275833129883
2002-11-27,27.530000686645508,27.90999984741211,23.5179443359375
2002-11-29,28.209999084472656,27.719999313354492,23.357845306396484
2002-12-02,28.420000076293945,28.0,23.593788146972656
2002-12-03,27.549999237060547,27.170000076293945,22.894399642944336
2002-12-04,26.559999465942383,26.56999969482422,22.388816833496094
2002-12-05,26.950000762939453,26.200000762939453,22.077043533325195
2002-12-06,25.809999465942383,26.469999313354492,22.304553985595703
2002-12-09,26.219999313354492,25.219999313354492,21.25125503540039
2002-12-10,25.420000076293945,25.600000381469727,21.571455001831055
2002-12-11,25.440000534057617,25.719999313354492,21.672578811645508
2002-12-12,26.0,25.860000610351562,21.790542602539062
2002-12-13,25.520000457763672,25.040000915527344,21.09958839416504
2002-12-16,25.219999313354492,25.850000381469727,21.78211212158203
2002-12-17,25.809999465942383,25.93000030517578,21.849529266357422
2002-12-18,25.549999237060547,25.3799991607666,21.38608169555664
2002-12-19,25.170000076293945,25.059999465942383,21.11643409729004
2002-12-20,25.329999923706055,25.31999969482422,21.335525512695312
2002-12-23,25.18000030517578,25.670000076293945,21.630447387695312
2002-12-24,25.5,25.350000381469727,21.36080551147461
2002-12-26,25.530000686645508,25.280000686645508,21.301816940307617
2002-12-27,25.18000030517578,24.81999969482422,20.914199829101562
2002-12-30,24.84000015258789,24.6299991607666,20.754108428955078
2002-12-31,24.540000915527344,24.3700008392334,20.53502082824707
2003-01-02,24.719999313354492,25.399999618530273,21.402929306030273
2003-01-03,25.459999084472656,25.68000030517578,21.638874053955078
2003-01-06,25.709999084472656,26.31999969482422,22.178150177001953
2003-01-07,26.40999984741211,26.649999618530273,22.456222534179688
2003-01-08,26.389999389648438,25.899999618530273,21.824247360229492
2003-01-09,26.239999771118164,26.700000762939453,22.498353958129883
2003-01-10,26.350000381469727,27.100000381469727,22.83540916442871
2003-01-13,27.329999923706055,26.940000534057617,22.700586318969727
2003-01-14,26.90999984741211,27.079999923706055,22.818565368652344
2003-01-15,27.239999771118164,26.739999771118164,22.53206443786621
2003-01-16,26.790000915527344,26.440000534057617,22.279277801513672
2003-01-17,25.899999618530273,25.309999465942383,21.327091217041016
2003-01-21,25.40999984741211,25.030000686645508,21.091156005859375
2003-01-22,24.959999084472656,24.93000030517578,21.006898880004883
2003-01-23,25.399999618530273,25.510000228881836,21.495630264282227
2003-01-24,25.530000686645508,24.81999969482422,20.914199829101562
2003-01-27,24.450000762939453,24.530000686645508,20.669841766357422
2003-01-28,24.770000457763672,24.780000686645508,20.88050079345703
2003-01-29,24.760000228881836,25.149999618530273,21.192270278930664
2003-01-30,25.31999969482422,24.5,20.644559860229492
2003-01-31,24.059999465942383,24.440000534057617,20.594011306762695
2003-02-03,24.520000457763672,24.489999771118164,20.636133193969727
2003-02-04,24.18000030517578,24.190000534057617,20.383342742919922
2003-02-05,24.329999923706055,24.079999923706055,20.290660858154297
2003-02-06,24.040000915527344,24.209999084472656,20.40019989013672
2003-02-07,24.360000610351562,23.809999465942383,20.063133239746094
2003-02-10,23.889999389648438,24.020000457763672,20.240093231201172
2003-02-11,24.25,24.149999618530273,20.349637985229492
2003-02-12,24.06999969482422,23.81999969482422,20.071569442749023
2003-02-13,23.850000381469727,23.940000534057617,20.172679901123047
2003-02-14,23.829999923706055,24.489999771118164,20.636133193969727
2003-02-18,24.700000762939453,25.25,21.276535034179688
2003-02-19,25.200000762939453,25.079999923706055,21.13328742980957
2003-02-20,25.149999618530273,24.979999542236328,21.049030303955078
2003-02-21,24.93000030517578,25.170000076293945,21.209123611450195
2003-02-24,25.1299991607666,24.739999771118164,20.84679412841797
2003-02-25,24.450000762939453,24.770000457763672,20.8720760345459
2003-02-26,24.68000030517578,24.219999313354492,20.40862274169922
2003-02-27,24.420000076293945,24.770000457763672,20.8720760345459
2003-02-28,24.809999465942383,25.15999984741211,21.200706481933594
2003-03-03,25.270000457763672,24.649999618530273,20.77095603942871
2003-03-04,24.65999984741211,24.5,20.644559860229492
2003-03-05,24.399999618530273,24.549999237060547,20.68669891357422
2003-03-06,24.43000030517578,24.489999771118164,20.636133193969727
2003-03-07,24.079999923706055,24.540000915527344,20.678264617919922
2003-03-10,24.329999923706055,24.010000228881836,20.231670379638672
2003-03-11,24.059999465942383,23.799999237060547,20.054712295532227
2003-03-12,23.760000228881836,24.229999542236328,20.41705322265625
2003-03-13,24.639999389648438,25.6200008392334,21.588315963745117
2003-03-14,25.729999542236328,25.719999313354492,21.672578811645508
2003-03-17,25.43000030517578,26.600000381469727,22.41408920288086
2003-03-18,26.799999237060547,26.93000030517578,22.692163467407227
2003-03-19,26.850000381469727,26.700000762939453,22.498353958129883
2003-03-20,26.540000915527344,26.799999237060547,22.582618713378906
2003-03-21,27.209999084472656,27.170000076293945,22.894399642944336
2003-03-24,26.469999313354492,26.040000915527344,21.94222068786621
2003-03-25,26.149999618530273,26.40999984741211,22.25399398803711
2003-03-26,26.5,26.559999465942383,22.380380630493164
2003-03-27,26.270000457763672,26.3700008392334,22.220291137695312
2003-03-28,26.139999389648438,26.079999923706055,21.97593116760254
2003-03-31,25.600000381469727,25.25,21.276535034179688
2003-04-01,25.440000534057617,25.450000762939453,21.445056915283203
2003-04-02,26.059999465942383,26.149999618530273,22.0349063873291
2003-04-03,26.639999389648438,26.479999542236328,22.31296730041504
2003-04-04,26.56999969482422,26.049999237060547,21.950639724731445
2003-04-07,27.110000610351562,26.09000015258789,21.98434829711914
2003-04-08,26.149999618530273,26.059999465942383,21.959068298339844
2003-04-09,26.100000381469727,25.459999084472656,21.4534854888916
2003-04-10,25.459999084472656,25.770000457763672,21.714704513549805
2003-04-11,26.020000457763672,25.510000228881836,21.495630264282227
2003-04-14,25.600000381469727,26.030000686645508,21.93380355834961
2003-04-15,25.969999313354492,26.280000686645508,22.144445419311523
2003-04-16,26.649999618530273,26.219999313354492,22.093891143798828
2003-04-17,26.15999984741211,26.81999969482422,22.599472045898438
2003-04-21,26.940000534057617,26.920000076293945,22.68374252319336
2003-04-22,26.729999542236328,27.43000030517578,23.113475799560547
2003-04-23,27.5,27.6299991607666,23.282011032104492
2003-04-24,27.360000610351562,27.479999542236328,23.155614852905273
2003-04-25,27.31999969482422,26.950000762939453,22.70901870727539
2003-04-28,27.049999237060547,27.479999542236328,23.155614852905273
2003-04-29,27.639999389648438,27.729999542236328,23.36627197265625
2003-04-30,27.649999618530273,27.450000762939453,23.13033103942871
2003-05-01,27.440000534057617,27.690000534057617,23.33255958557129
2003-05-02,27.610000610351562,28.280000686645508,23.82971954345703
2003-05-05,28.329999923706055,28.25,23.804441452026367
2003-05-06,28.219999313354492,28.610000610351562,24.1077938079834
2003-05-07,28.40999984741211,28.290000915527344,23.838153839111328
2003-05-08,27.850000381469727,27.770000457763672,23.399974822998047
2003-05-09,28.040000915527344,28.40999984741211,23.93926429748535
2003-05-12,28.360000610351562,28.84000015258789,24.30159568786621
2003-05-13,28.6299991607666,28.65999984741211,24.149917602539062
2003-05-14,28.8700008392334,28.600000381469727,24.0993595123291
2003-05-15,28.75,28.920000076293945,24.36901092529297
2003-05-16,28.729999542236328,28.700000762939453,24.183629989624023
2003-05-19,28.520000457763672,27.690000534057617,23.33255958557129
2003-05-20,27.760000228881836,27.770000457763672,23.399974822998047
2003-05-21,27.649999618530273,27.690000534057617,23.33255958557129
2003-05-22,27.760000228881836,28.09000015258789,23.669614791870117
2003-05-23,28.040000915527344,28.100000381469727,23.67803955078125
2003-05-27,27.93000030517578,29.100000381469727,24.520687103271484
2003-05-28,29.15999984741211,29.190000534057617,24.596521377563477
2003-05-29,29.229999542236328,29.309999465942383,24.6976375579834
2003-05-30,29.530000686645508,29.790000915527344,25.102100372314453
2003-06-02,30.079999923706055,29.579999923706055,24.92514991760254
2003-06-03,29.440000534057617,29.860000610351562,25.16108512878418
2003-06-04,29.809999465942383,30.420000076293945,25.632949829101562
2003-06-05,30.1299991607666,30.639999389648438,25.81833839416504
2003-06-06,31.209999084472656,30.1299991607666,25.388591766357422
2003-06-09,30.0,29.729999542236328,25.05154037475586
2003-06-10,29.860000610351562,30.18000030517578,25.430721282958984
2003-06-11,30.06999969482422,30.520000457763672,25.71722412109375
2003-06-12,30.639999389648438,30.649999618530273,25.8267765045166
2003-06-13,30.65999984741211,29.959999084472656,25.245342254638672
2003-06-16,30.170000076293945,30.8799991607666,26.020565032958984
2003-06-17,31.020000457763672,30.760000228881836,25.919469833374023
2003-06-18,30.65999984741211,30.920000076293945,26.054277420043945
2003-06-19,30.979999542236328,30.420000076293945,25.632949829101562
2003-06-20,30.690000534057617,30.3799991607666,25.59925651550293
2003-06-23,30.329999923706055,29.90999984741211,25.203216552734375
2003-06-24,29.729999542236328,29.68000030517578,25.00942039489746
2003-06-25,29.670000076293945,29.520000457763672,24.874588012695312
2003-06-26,29.709999084472656,30.219999313354492,25.464435577392578
2003-06-27,30.25,29.829999923706055,25.135812759399414
2003-06-30,30.15999984741211,29.950000762939453,25.236936569213867
2003-07-01,29.700000762939453,30.350000381469727,25.57398223876953
2003-07-02,30.40999984741211,30.969999313354492,26.09641456604004
2003-07-03,30.700000762939453,30.579999923706055,25.767786026000977
2003-07-07,30.969999313354492,31.889999389648438,26.871631622314453
2003-07-08,31.780000686645508,32.279998779296875,27.20025634765625
2003-07-09,32.18000030517578,32.20000076293945,27.132848739624023
2003-07-10,31.850000381469727,31.600000381469727,26.627262115478516
2003-07-11,31.649999618530273,31.84000015258789,26.829505920410156
2003-07-14,32.34000015258789,32.220001220703125,27.14969825744629
2003-07-15,32.529998779296875,32.2599983215332,27.183395385742188
2003-07-16,32.459999084472656,32.15999984741211,27.09914207458496
2003-07-17,31.68000030517578,31.18000030517578,26.27336311340332
2003-07-18,31.399999618530273,31.280000686645508,26.35762596130371
2003-07-21,31.239999771118164,30.8799991607666,26.020565032958984
2003-07-22,31.110000610351562,31.34000015258789,26.40818214416504
2003-07-23,31.389999389648438,31.600000381469727,26.627262115478516
2003-07-24,31.850000381469727,31.18000030517578,26.27336311340332
2003-07-25,31.1299991607666,31.799999237060547,26.79579734802246
2003-07-28,31.860000610351562,31.889999389648438,26.871631622314453
2003-07-29,31.93000030517578,31.649999618530273,26.669403076171875
2003-07-30,31.709999084472656,31.420000076293945,26.47559356689453
2003-07-31,31.790000915527344,31.799999237060547,26.79579734802246
2003-08-01,31.690000534057617,31.459999084472656,26.509296417236328
2003-08-04,31.420000076293945,31.450000762939453,26.500871658325195
2003-08-05,31.40999984741211,30.209999084472656,25.456012725830078
2003-08-06,30.360000610351562,30.190000534057617,25.439149856567383
2003-08-07,30.219999313354492,30.309999465942383,25.540264129638672
2003-08-08,30.43000030517578,30.06999969482422,25.338035583496094
2003-08-11,30.079999923706055,30.399999618530273,25.616107940673828
2003-08-12,30.510000228881836,30.860000610351562,26.00372314453125
2003-08-13,30.979999542236328,30.8700008392334,26.01214599609375
2003-08-14,30.8799991607666,30.899999618530273,26.037425994873047
2003-08-15,31.0,31.170000076293945,26.264936447143555
2003-08-18,31.309999465942383,31.969999313354492,26.939043045043945
2003-08-19,32.11000061035156,32.369998931884766,27.276094436645508
2003-08-20,32.099998474121094,32.290000915527344,27.20868682861328
2003-08-21,32.59000015258789,32.63999938964844,27.50360870361328
2003-08-22,33.2599983215332,32.439998626708984,27.33507537841797
2003-08-25,32.36000061035156,32.5099983215332,27.39406394958496
2003-08-26,32.279998779296875,32.540000915527344,27.419343948364258
2003-08-27,32.4900016784668,32.79999923706055,27.638429641723633
2003-08-28,32.939998626708984,33.09000015258789,27.88279151916504
2003-08-29,33.040000915527344,33.38999938964844,28.135587692260742
2003-09-02,33.4900016784668,33.869998931884766,28.54006004333496
2003-09-03,34.099998474121094,33.849998474121094,28.52320098876953
2003-09-04,33.83000183105469,34.15999984741211,28.784406661987305
2003-09-05,33.970001220703125,33.939998626708984,28.599037170410156
2003-09-08,34.0,34.5,29.070911407470703
2003-09-09,34.31999969482422,34.09000015258789,28.725431442260742
2003-09-10,33.75,33.27000045776367,28.034469604492188
2003-09-11,33.279998779296875,33.63999938964844,28.34624671936035
2003-09-12,33.34000015258789,33.81999969482422,28.497909545898438
2003-09-15,33.84000015258789,33.4900016784668,28.219850540161133
2003-09-16,33.52000045776367,34.400001525878906,28.986656188964844
2003-09-17,34.33000183105469,34.2599983215332,28.86866569519043
2003-09-18,34.16999816894531,34.779998779296875,29.306848526000977
2003-09-19,34.790000915527344,34.58000183105469,29.138324737548828
2003-09-22,34.130001068115234,33.91999816894531,28.582185745239258
2003-09-23,33.970001220703125,34.52000045776367,29.087759017944336
2003-09-24,34.5099983215332,33.220001220703125,27.992334365844727
2003-09-25,33.380001068115234,32.790000915527344,27.630014419555664
2003-09-26,32.88999938964844,32.58000183105469,27.453048706054688
2003-09-29,32.7599983215332,33.13999938964844,27.92493438720703
2003-09-30,32.91999816894531,32.41999816894531,27.318222045898438
2003-10-01,32.61000061035156,33.150001525878906,27.933345794677734
2003-10-02,33.099998474121094,33.2599983215332,28.02605438232422
2003-10-03,33.849998474121094,34.189998626708984,28.80967140197754
2003-10-06,34.279998779296875,34.439998626708984,29.020353317260742
2003-10-07,34.15999984741211,34.650001525878906,29.197311401367188
2003-10-08,34.810001373291016,34.43000030517578,29.01192283630371
2003-10-09,34.90999984741211,34.689998626708984,29.23101043701172
2003-10-10,34.77000045776367,35.0099983215332,29.500646591186523
2003-10-13,35.13999938964844,35.2400016784668,29.6944637298584
2003-10-14,35.099998474121094,35.33000183105469,29.77028465270996
2003-10-15,35.79999923706055,35.18000030517578,29.643905639648438
2003-10-16,35.099998474121094,35.459999084472656,29.879840850830078
2003-10-17,35.40999984741211,34.61000061035156,29.163602828979492
2003-10-20,34.650001525878906,35.040000915527344,29.52591896057129
2003-10-21,35.13999938964844,35.25,29.702884674072266
2003-10-22,34.88999938964844,34.56999969482422,29.12989616394043
2003-10-23,34.150001525878906,34.16999816894531,28.792842864990234
2003-10-24,33.790000915527344,34.20000076293945,28.818115234375
2003-10-27,34.279998779296875,34.209999084472656,28.826549530029297
2003-10-28,34.43000030517578,35.36000061035156,29.795576095581055
2003-10-29,35.20000076293945,35.31999969482422,29.761863708496094
2003-10-30,35.810001373291016,35.38999938964844,29.820858001708984
2003-10-31,35.439998626708984,35.18000030517578,29.643905639648438
2003-11-03,35.43000030517578,35.7599983215332,30.132638931274414
2003-11-04,35.689998626708984,35.52000045776367,29.930402755737305
2003-11-05,35.52000045776367,35.84000015258789,30.200044631958008
2003-11-06,35.790000915527344,35.939998626708984,30.28430938720703
2003-11-07,36.08000183105469,35.630001068115234,30.023075103759766
2003-11-10,35.70000076293945,35.189998626708984,29.65230941772461
2003-11-11,35.150001525878906,35.060001373291016,29.54278564453125
2003-11-12,35.16999816894531,35.810001373291016,30.174762725830078
2003-11-13,35.709999084472656,35.77000045776367,30.141056060791016
2003-11-14,35.810001373291016,35.040000915527344,29.52591896057129
2003-11-17,34.84000015258789,34.68000030517578,29.222583770751953
2003-11-18,34.869998931884766,33.880001068115234,28.548480987548828
2003-11-19,34.0099983215332,34.209999084472656,28.826549530029297
2003-11-20,33.91999816894531,33.880001068115234,28.548480987548828
2003-11-21,34.08000183105469,34.22999954223633,28.84341049194336
2003-11-24,34.52000045776367,35.18000030517578,29.643905639648438
2003-11-25,35.290000915527344,35.18000030517578,29.643905639648438
2003-11-26,35.400001525878906,35.34000015258789,29.778728485107422
2003-11-28,35.2599983215332,35.380001068115234,29.812440872192383
2003-12-01,35.709999084472656,35.900001525878906,30.250600814819336
2003-12-02,35.81999969482422,35.70000076293945,30.082069396972656
2003-12-03,35.84000015258789,35.25,29.702884674072266
2003-12-04,35.380001068115234,35.630001068115234,30.023075103759766
2003-12-05,35.27000045776367,35.040000915527344,29.52591896057129
2003-12-08,35.02000045776367,35.2400016784668,29.6944637298584
2003-12-09,35.439998626708984,34.43000030517578,29.01192283630371
2003-12-10,34.5,34.560001373291016,29.121471405029297
2003-12-11,34.5,35.29999923706055,29.745038986206055
2003-12-12,35.310001373291016,35.2400016784668,29.6944637298584
2003-12-15,35.93000030517578,34.779998779296875,29.306848526000977
2003-12-16,34.790000915527344,34.849998474121094,29.365819931030273
2003-12-17,34.810001373291016,34.90999984741211,29.416393280029297
2003-12-18,34.95000076293945,35.560001373291016,29.964107513427734
2003-12-19,35.61000061035156,35.459999084472656,29.879840850830078
2003-12-22,35.349998474121094,35.56999969482422,29.9725341796875
2003-12-23,35.599998474121094,35.84000015258789,30.200044631958008
2003-12-24,35.84000015258789,35.900001525878906,30.262428283691406
2003-12-26,35.959999084472656,35.849998474121094,30.22028923034668
2003-12-29,36.029998779296875,36.439998626708984,30.717622756958008
2003-12-30,36.529998779296875,36.560001373291016,30.81879234313965
2003-12-31,36.619998931884766,36.459999084472656,30.734479904174805
2004-01-02,36.65999984741211,36.36000061035156,30.650190353393555
2004-01-05,36.58000183105469,37.09000015258789,31.265560150146484
2004-01-06,37.08000183105469,37.34000015258789,31.47629165649414
2004-01-07,37.279998779296875,37.68000030517578,31.76289176940918
2004-01-08,37.849998474121094,37.97999954223633,32.01579284667969
2004-01-09,37.709999084472656,37.72999954223633,31.8050479888916
2004-01-12,37.849998474121094,38.33000183105469,32.310821533203125
2004-01-13,38.27000045776367,37.95000076293945,31.990495681762695
2004-01-14,38.08000183105469,38.08000183105469,32.100093841552734
2004-01-15,37.93000030517578,38.18000030517578,32.18437576293945
2004-01-16,38.380001068115234,38.56999969482422,32.51313018798828
2004-01-20,38.72999954223633,38.540000915527344,32.487857818603516
2004-01-21,38.38999938964844,38.380001068115234,32.35298538208008
2004-01-22,38.54999923706055,38.150001525878906,32.15909194946289
2004-01-23,38.209999084472656,38.0099983215332,32.04108428955078
2004-01-26,37.97999954223633,38.59000015258789,32.52998733520508
2004-01-27,38.5099983215332,37.7400016784668,31.81348991394043
2004-01-28,37.939998626708984,37.099998474121094,31.273975372314453
2004-01-29,37.2400016784668,37.2400016784668,31.391996383666992
2004-01-30,37.20000076293945,37.06999969482422,31.24867820739746
2004-02-02,37.20000076293945,36.970001220703125,31.164400100708008
2004-02-03,36.90999984741211,36.93000030517578,31.130685806274414
2004-02-04,36.619998931884766,36.33000183105469,30.62490463256836
2004-02-05,36.5099983215332,36.470001220703125,30.742902755737305
2004-02-06,36.599998474121094,37.130001068115234,31.299264907836914
2004-02-09,37.34000015258789,37.119998931884766,31.29082679748535
2004-02-10,37.060001373291016,37.18000030517578,31.341419219970703
2004-02-11,37.2400016784668,37.58000183105469,31.67860221862793
2004-02-12,37.52000045776367,37.25,31.40043067932129
2004-02-13,37.38999938964844,36.939998626708984,31.13910484313965
2004-02-17,37.279998779296875,37.439998626708984,31.560579299926758
2004-02-18,37.5099983215332,37.54999923706055,31.653310775756836
2004-02-19,37.869998931884766,36.97999954223633,31.172836303710938
2004-02-20,37.0,36.86000061035156,31.071664810180664
2004-02-23,37.0,36.45000076293945,30.72606086730957
2004-02-24,36.29999923706055,36.36000061035156,30.650190353393555
2004-02-25,36.43000030517578,36.58000183105469,30.835628509521484
2004-02-26,36.470001220703125,36.66999816894531,30.911514282226562
2004-02-27,36.7599983215332,36.56999969482422,30.827213287353516
2004-03-01,36.68000030517578,37.04999923706055,31.231843948364258
2004-03-02,36.97999954223633,36.619998931884766,30.869359970092773
2004-03-03,36.5099983215332,36.41999816894531,30.70075225830078
2004-03-04,36.439998626708984,36.7599983215332,30.98737335205078
2004-03-05,36.41999816894531,36.630001068115234,30.877782821655273
2004-03-08,36.689998626708984,35.77000045776367,30.1528377532959
2004-03-09,35.810001373291016,35.65999984741211,30.06011962890625
2004-03-10,35.75,35.189998626708984,29.663915634155273
2004-03-11,35.06999969482422,34.869998931884766,29.394155502319336
2004-03-12,35.18000030517578,35.5099983215332,29.933658599853516
2004-03-15,35.36000061035156,34.88999938964844,29.411020278930664
2004-03-16,35.11000061035156,34.95000076293945,29.461605072021484
2004-03-17,35.209999084472656,35.5,29.925235748291016
2004-03-18,35.369998931884766,35.34000015258789,29.790367126464844
2004-03-19,35.279998779296875,34.75,29.293020248413086
2004-03-22,34.529998779296875,34.310001373291016,28.922107696533203
2004-03-23,34.59000015258789,34.029998779296875,28.686073303222656
2004-03-24,34.150001525878906,34.41999816894531,29.014829635620117
2004-03-25,34.650001525878906,35.34000015258789,29.790367126464844
2004-03-26,35.29999923706055,35.220001220703125,29.68920135498047
2004-03-29,35.5099983215332,35.790000915527344,30.16969108581543
2004-03-30,35.66999816894531,35.90999984741211,30.270862579345703
2004-03-31,35.91999816894531,35.84000015258789,30.21184539794922
2004-04-01,35.810001373291016,36.15999984741211,30.481586456298828
2004-04-02,36.88999938964844,37.099998474121094,31.273975372314453
2004-04-05,37.0099983215332,37.45000076293945,31.569021224975586
2004-04-06,37.15999984741211,36.97999954223633,31.172836303710938
2004-04-07,36.9900016784668,36.939998626708984,31.13910484313965
2004-04-08,37.349998474121094,36.939998626708984,31.13910484313965
2004-04-12,37.02000045776367,37.16999816894531,31.332983016967773
2004-04-13,37.34000015258789,36.630001068115234,30.877782821655273
2004-04-14,36.40999984741211,36.810001373291016,31.02952003479004
2004-04-15,36.75,36.150001525878906,30.473175048828125
2004-04-16,36.20000076293945,36.09000015258789,30.422571182250977
2004-04-19,36.0099983215332,36.529998779296875,30.793479919433594
2004-04-20,36.61000061035156,35.68000030517578,30.076980590820312
2004-04-21,35.900001525878906,35.9900016784668,30.33829689025879
2004-04-22,36.0,36.91999816894531,31.12224578857422
2004-04-23,37.08000183105469,37.209999084472656,31.366718292236328
2004-04-26,37.18000030517578,36.939998626708984,31.13910484313965
2004-04-27,36.95000076293945,36.869998931884766,31.080101013183594
2004-04-28,36.709999084472656,36.20000076293945,30.51533317565918
2004-04-29,36.09000015258789,35.63999938964844,30.043254852294922
2004-04-30,35.65999984741211,34.77000045776367,29.30986785888672
2004-05-03,35.0,35.099998474121094,29.588054656982422
2004-05-04,35.209999084472656,35.25,29.714496612548828
2004-05-05,35.41999816894531,35.529998779296875,29.950542449951172
2004-05-06,35.22999954223633,35.2599983215332,29.72292137145996
2004-05-07,35.09000015258789,34.970001220703125,29.478473663330078
2004-05-10,34.66999816894531,34.66999816894531,29.225576400756836
2004-05-11,34.970001220703125,35.189998626708984,29.663915634155273
2004-05-12,35.119998931884766,35.2599983215332,29.72292137145996
2004-05-13,35.060001373291016,35.0099983215332,29.51218032836914
2004-05-14,35.20000076293945,34.75,29.293020248413086
2004-05-17,34.380001068115234,34.41999816894531,29.014829635620117
2004-05-18,34.65999984741211,34.72999954223633,29.27614974975586
2004-05-19,35.15999984741211,34.689998626708984,29.24244499206543
2004-05-20,34.779998779296875,34.849998474121094,29.377309799194336
2004-05-21,35.0099983215332,35.02000045776367,29.5206241607666
2004-05-24,35.29999923706055,35.2599983215332,29.72292137145996
2004-05-25,35.150001525878906,35.959999084472656,30.313013076782227
2004-05-26,35.86000061035156,36.189998626708984,30.506887435913086
2004-05-27,36.290000915527344,36.41999816894531,30.70075225830078
2004-05-28,36.380001068115234,36.54999923706055,30.810344696044922
2004-06-01,36.27000045776367,36.5,30.768203735351562
2004-06-02,36.560001373291016,36.41999816894531,30.70075225830078
2004-06-03,36.29999923706055,35.97999954223633,30.329851150512695
2004-06-04,36.34000015258789,36.189998626708984,30.506887435913086
2004-06-07,36.439998626708984,37.04999923706055,31.231843948364258
2004-06-08,36.900001525878906,37.099998474121094,31.273975372314453
2004-06-09,36.97999954223633,36.58000183105469,30.835628509521484
2004-06-10,36.689998626708984,36.84000015258789,31.054800033569336
2004-06-14,36.61000061035156,36.31999969482422,30.616466522216797
2004-06-15,36.560001373291016,36.790000915527344,31.012664794921875
2004-06-16,36.77000045776367,36.72999954223633,30.962087631225586
2004-06-17,36.650001525878906,36.38999938964844,30.675466537475586
2004-06-18,36.29999923706055,36.439998626708984,30.717622756958008
2004-06-21,36.52000045776367,36.150001525878906,30.473175048828125
2004-06-22,36.15999984741211,36.68000030517578,30.919950485229492
2004-06-23,36.56999969482422,37.119998931884766,31.29082679748535
2004-06-24,37.02000045776367,37.04999923706055,31.231843948364258
2004-06-25,37.0,37.33000183105469,31.467851638793945
2004-06-28,37.4900016784668,37.02000045776367,31.206531524658203
2004-06-29,37.099998474121094,37.369998931884766,31.501575469970703
2004-06-30,37.45000076293945,37.7400016784668,31.81348991394043
2004-07-01,37.65999984741211,37.040000915527344,31.223405838012695
2004-07-02,37.040000915527344,36.81999969482422,31.03794288635254
2004-07-06,36.599998474121094,36.029998779296875,30.372007369995117
2004-07-07,35.959999084472656,36.099998474121094,30.431020736694336
2004-07-08,35.810001373291016,35.70000076293945,30.093822479248047
2004-07-09,35.84000015258789,35.75,30.135971069335938
2004-07-12,35.56999969482422,35.599998474121094,30.009536743164062
2004-07-13,35.68000030517578,35.54999923706055,29.967382431030273
2004-07-14,35.20000076293945,35.189998626708984,29.663915634155273
2004-07-15,35.31999969482422,35.06999969482422,29.562774658203125
2004-07-16,35.43000030517578,34.66999816894531,29.225576400756836
2004-07-19,34.779998779296875,34.599998474121094,29.166566848754883
2004-07-20,34.7400016784668,35.43000030517578,29.866226196289062
2004-07-21,35.56999969482422,34.400001525878906,28.99797821044922
2004-07-22,34.47999954223633,34.869998931884766,29.394155502319336
2004-07-23,34.619998931884766,34.209999084472656,28.837810516357422
2004-07-26,34.2400016784668,34.060001373291016,28.711368560791016
2004-07-27,34.189998626708984,34.529998779296875,29.107555389404297
2004-07-28,34.40999984741211,34.380001068115234,28.98111915588379
2004-07-29,34.709999084472656,34.779998779296875,29.318302154541016
2004-07-30,34.7599983215332,34.88999938964844,29.411020278930664
2004-08-02,34.61000061035156,34.959999084472656,29.47003936767578
2004-08-03,34.84000015258789,34.22999954223633,28.85468101501465
2004-08-04,34.150001525878906,34.2400016784668,28.863094329833984
2004-08-05,34.349998474121094,33.599998474121094,28.32360076904297
2004-08-06,33.400001525878906,32.720001220703125,27.58180046081543
2004-08-09,32.810001373291016,32.79999923706055,27.64923095703125
2004-08-10,32.959999084472656,33.209999084472656,27.994850158691406
2004-08-11,32.849998474121094,32.91999816894531,27.750389099121094
2004-08-12,32.689998626708984,32.470001220703125,27.371055603027344
2004-08-13,32.650001525878906,32.52000045776367,27.413206100463867
2004-08-16,32.61000061035156,32.88999938964844,27.72509765625
2004-08-17,33.119998931884766,33.2599983215332,28.037002563476562
2004-08-18,33.060001373291016,33.849998474121094,28.53435516357422
2004-08-19,33.72999954223633,33.66999816894531,28.382604598999023
2004-08-20,33.56999969482422,34.0099983215332,28.669225692749023
2004-08-23,34.04999923706055,34.09000015258789,28.736658096313477
2004-08-24,34.25,34.08000183105469,28.728219985961914
2004-08-25,34.06999969482422,34.54999923706055,29.124420166015625
2004-08-26,34.459999084472656,34.400001525878906,28.99797821044922
2004-08-27,34.470001220703125,34.560001373291016,29.13285255432129
2004-08-30,34.40999984741211,33.97999954223633,28.64392852783203
2004-08-31,34.02000045776367,34.02000045776367,28.67765235900879
2004-09-01,33.93000030517578,34.27000045776367,28.88840103149414
2004-09-02,34.18000030517578,34.779998779296875,29.318302154541016
2004-09-03,34.439998626708984,34.13999938964844,28.778797149658203
2004-09-07,34.400001525878906,34.43000030517578,29.02325439453125
2004-09-08,34.310001373291016,34.29999923706055,28.913684844970703
2004-09-09,34.45000076293945,34.59000015258789,29.158132553100586
2004-09-10,34.61000061035156,35.119998931884766,29.604900360107422
2004-09-13,35.25,35.58000183105469,29.9926815032959
2004-09-14,35.45000076293945,35.630001068115234,30.034818649291992
2004-09-15,35.41999816894531,35.25,29.714496612548828
2004-09-16,35.2599983215332,35.31999969482422,29.773496627807617
2004-09-17,35.22999954223633,35.43000030517578,29.866226196289062
2004-09-20,35.290000915527344,35.43000030517578,29.866226196289062
2004-09-21,35.540000915527344,35.56999969482422,29.984243392944336
2004-09-22,35.439998626708984,34.95000076293945,29.461605072021484
2004-09-23,34.97999954223633,34.91999816894531,29.436325073242188
2004-09-24,34.9900016784668,34.79999923706055,29.335172653198242
2004-09-27,34.619998931884766,34.5,29.082273483276367
2004-09-28,34.54999923706055,34.56999969482422,29.14127540588379
2004-09-29,34.540000915527344,35.08000183105469,29.571191787719727
2004-09-30,35.02000045776367,35.13999938964844,29.62175750732422
2004-10-01,35.45000076293945,36.099998474121094,30.431020736694336
2004-10-04,36.36000061035156,36.310001373291016,30.608049392700195
2004-10-05,36.22999954223633,36.36000061035156,30.650190353393555
2004-10-06,36.310001373291016,36.650001525878906,30.894641876220703
2004-10-07,36.540000915527344,36.2400016784668,30.549039840698242
2004-10-08,36.08000183105469,35.58000183105469,29.9926815032959
2004-10-11,35.720001220703125,35.75,30.135971069335938
2004-10-12,35.43000030517578,35.689998626708984,30.08539390563965
2004-10-13,36.04999923706055,35.61000061035156,30.017953872680664
2004-10-14,35.689998626708984,35.45000076293945,29.883081436157227
2004-10-15,35.4900016784668,35.630001068115234,30.034818649291992
2004-10-18,35.5099983215332,36.13999938964844,30.46474266052246
2004-10-19,36.380001068115234,35.880001068115234,30.24557876586914
2004-10-20,35.83000183105469,36.04999923706055,30.388870239257812
2004-10-21,36.2400016784668,36.599998474121094,30.85249137878418
2004-10-22,36.61000061035156,35.79999923706055,30.178119659423828
2004-10-25,35.72999954223633,35.630001068115234,30.034818649291992
2004-10-26,35.650001525878906,35.81999969482422,30.194997787475586
2004-10-27,35.84000015258789,36.72999954223633,30.962087631225586
2004-10-28,36.68000030517578,36.959999084472656,31.15595054626465
2004-10-29,36.90999984741211,36.900001525878906,31.105396270751953
2004-11-01,36.97999954223633,37.040000915527344,31.223405838012695
2004-11-02,37.09000015258789,37.15999984741211,31.324552536010742
2004-11-03,37.7599983215332,37.40999984741211,31.535289764404297
2004-11-04,37.2599983215332,37.619998931884766,31.712305068969727
2004-11-05,38.02000045776367,37.959999084472656,31.998929977416992
2004-11-08,37.95000076293945,38.0,32.03264617919922
2004-11-09,37.93000030517578,37.91999816894531,31.96522331237793
2004-11-10,37.93000030517578,37.790000915527344,31.85561180114746
2004-11-11,37.90999984741211,38.290000915527344,32.27710723876953
2004-11-12,38.34000015258789,38.65999984741211,32.589027404785156
2004-11-15,38.63999938964844,38.83000183105469,32.73230743408203
2004-11-16,38.65999984741211,38.59000015258789,32.52998733520508
2004-11-17,38.83000183105469,39.11000061035156,32.96835708618164
2004-11-18,38.97999954223633,39.290000915527344,33.120059967041016
2004-11-19,39.2400016784668,38.68000030517578,32.605865478515625
2004-11-22,38.61000061035156,39.04999923706055,32.917762756347656
2004-11-23,39.0099983215332,38.9900016784668,32.86719512939453
2004-11-24,39.09000015258789,39.33000183105469,33.153804779052734
2004-11-26,39.369998931884766,39.209999084472656,33.05263900756836
2004-11-29,39.459999084472656,39.20000076293945,33.0442008972168
2004-11-30,39.29999923706055,39.119998931884766,32.97673416137695
2004-12-01,39.27000045776367,39.91999816894531,33.65113067626953
2004-12-02,39.81999969482422,40.06999969482422,33.777584075927734
2004-12-03,40.349998474121094,40.130001068115234,33.82817077636719
2004-12-06,40.119998931884766,40.27000045776367,33.94615936279297
2004-12-07,40.349998474121094,39.58000183105469,33.364524841308594
2004-12-08,39.599998474121094,39.810001373291016,33.55841064453125
2004-12-09,39.4900016784668,40.04999923706055,33.76072692871094
2004-12-10,39.84000015258789,39.93000030517578,33.659568786621094
2004-12-13,40.22999954223633,40.279998779296875,33.95462417602539
2004-12-14,40.279998779296875,40.47999954223633,34.123199462890625
2004-12-15,40.4900016784668,40.33000183105469,33.99674987792969
2004-12-16,40.34000015258789,39.95000076293945,33.67643356323242
2004-12-17,39.63999938964844,39.470001220703125,33.590484619140625
2004-12-20,39.56999969482422,39.20000076293945,33.36070251464844
2004-12-21,39.38999938964844,39.68000030517578,33.769195556640625
2004-12-22,39.540000915527344,39.72999954223633,33.811744689941406
2004-12-23,39.61000061035156,39.7599983215332,33.837284088134766
2004-12-27,39.97999954223633,39.59000015258789,33.69260025024414
2004-12-28,39.66999816894531,39.970001220703125,34.0159912109375
2004-12-29,39.91999816894531,40.02000045776367,34.058536529541016
2004-12-30,40.06999969482422,39.9900016784668,34.03302001953125
2004-12-31,40.029998779296875,39.91999816894531,33.97343444824219
2005-01-03,40.09000015258789,39.5,33.61600875854492
2005-01-04,39.66999816894531,38.779998779296875,33.00326919555664
2005-01-05,38.68000030517578,38.540000915527344,32.79901123046875
2005-01-06,38.630001068115234,38.349998474121094,32.637306213378906
2005-01-07,38.560001373291016,38.54999923706055,32.807518005371094
2005-01-10,38.439998626708984,38.529998779296875,32.79048538208008
2005-01-11,38.369998931884766,38.2599983215332,32.56071853637695
2005-01-12,38.43000030517578,38.58000183105469,32.83304214477539
2005-01-13,38.58000183105469,38.06999969482422,32.399009704589844
2005-01-14,38.20000076293945,38.43000030517578,32.70539855957031
2005-01-18,38.279998779296875,38.720001220703125,32.95219421386719
2005-01-19,38.72999954223633,38.08000183105469,32.407535552978516
2005-01-20,37.650001525878906,37.349998474121094,31.78628158569336
2005-01-21,37.47999954223633,37.04999923706055,31.53095817565918
2005-01-24,37.119998931884766,36.529998779296875,31.088415145874023
2005-01-25,36.77000045776367,36.709999084472656,31.241607666015625
2005-01-26,36.959999084472656,37.150001525878906,31.616069793701172
2005-01-27,37.09000015258789,37.099998474121094,31.57352066040039
2005-01-28,37.220001220703125,36.91999816894531,31.420320510864258
2005-01-31,37.36000061035156,37.400001525878906,31.828821182250977
2005-02-01,37.4900016784668,37.52000045776367,31.930944442749023
2005-02-02,37.63999938964844,37.58000183105469,31.982017517089844
2005-02-03,37.380001068115234,37.150001525878906,31.616069793701172
2005-02-04,37.150001525878906,37.75,32.1266975402832
2005-02-07,37.79999923706055,37.66999816894531,32.05859375
2005-02-08,37.65999984741211,37.7400016784668,32.118186950683594
2005-02-09,37.77000045776367,37.11000061035156,31.58202362060547
2005-02-10,37.2599983215332,37.150001525878906,31.616069793701172
2005-02-11,37.029998779296875,37.70000076293945,32.08415222167969
2005-02-14,37.70000076293945,37.869998931884766,32.22879409790039
2005-02-15,37.900001525878906,38.119998931884766,32.441585540771484
2005-02-16,38.029998779296875,37.97999954223633,32.322444915771484
2005-02-17,38.04999923706055,37.470001220703125,31.888399124145508
2005-02-18,37.47999954223633,37.349998474121094,31.78628158569336
2005-02-22,37.029998779296875,36.88999938964844,31.39478874206543
2005-02-23,37.040000915527344,36.939998626708984,31.43734359741211
2005-02-24,36.849998474121094,37.40999984741211,31.83733367919922
2005-02-25,37.380001068115234,37.619998931884766,32.01604461669922
2005-02-28,37.459999084472656,37.220001220703125,31.675642013549805
2005-03-01,37.369998931884766,37.630001068115234,32.02456283569336
2005-03-02,37.40999984741211,37.61000061035156,32.00755310058594
2005-03-03,37.709999084472656,37.29999923706055,31.74371910095215
2005-03-04,37.599998474121094,37.52000045776367,31.930944442749023
2005-03-07,37.599998474121094,38.060001373291016,32.39051818847656
2005-03-08,38.0099983215332,37.68000030517578,32.067100524902344
2005-03-09,37.66999816894531,37.56999969482422,31.973493576049805
2005-03-10,37.61000061035156,37.52000045776367,31.930944442749023
2005-03-11,37.689998626708984,37.16999816894531,31.63309097290039
2005-03-14,37.2400016784668,37.34000015258789,31.777740478515625
2005-03-15,37.41999816894531,37.040000915527344,31.52244758605957
2005-03-16,36.90999984741211,36.619998931884766,31.165000915527344
2005-03-17,36.61000061035156,36.709999084472656,31.241607666015625
2005-03-18,36.75,36.5099983215332,31.071395874023438
2005-03-21,36.599998474121094,36.58000183105469,31.130977630615234
2005-03-22,36.61000061035156,36.130001068115234,30.748016357421875
2005-03-23,36.09000015258789,36.2599983215332,30.858633041381836
2005-03-24,36.38999938964844,36.27000045776367,30.867141723632812
2005-03-28,36.40999984741211,36.34000015258789,30.926740646362305
2005-03-29,36.27000045776367,36.04999923706055,30.679927825927734
2005-03-30,36.22999954223633,36.72999954223633,31.258642196655273
2005-03-31,36.72999954223633,36.56999969482422,31.122474670410156
2005-04-01,36.81999969482422,36.20000076293945,30.807605743408203
2005-04-04,36.25,36.459999084472656,31.028846740722656
2005-04-05,36.4900016784668,36.560001373291016,31.113956451416016
2005-04-06,36.65999984741211,36.5,31.062894821166992
2005-04-07,36.529998779296875,36.939998626708984,31.43734359741211
2005-04-08,37.0,36.63999938964844,31.182025909423828
2005-04-11,36.75,36.47999954223633,31.045875549316406
2005-04-12,36.439998626708984,36.65999984741211,31.19905662536621
2005-04-13,36.560001373291016,36.060001373291016,30.68843650817871
2005-04-14,36.060001373291016,35.54999923706055,30.254390716552734
2005-04-15,35.2400016784668,34.7400016784668,29.5650634765625
2005-04-18,34.709999084472656,34.75,29.573583602905273
2005-04-19,35.02000045776367,34.9900016784668,29.777809143066406
2005-04-20,35.209999084472656,34.70000076293945,29.53103256225586
2005-04-21,35.119998931884766,35.619998931884766,30.313976287841797
2005-04-22,35.459999084472656,35.09000015258789,29.862932205200195
2005-04-25,35.29999923706055,35.380001068115234,30.109731674194336
2005-04-26,35.290000915527344,35.04999923706055,29.82888412475586
2005-04-27,34.869998931884766,35.099998474121094,29.871437072753906
2005-04-28,34.91999816894531,34.75,29.573583602905273
2005-04-29,35.0,34.97999954223633,29.769319534301758
2005-05-02,35.099998474121094,35.119998931884766,29.88844108581543
2005-05-03,35.04999923706055,35.29999923706055,30.041650772094727
2005-05-04,35.290000915527344,35.72999954223633,30.407590866088867
2005-05-05,35.75,35.7599983215332,30.43312644958496
2005-05-06,35.970001220703125,35.86000061035156,30.518205642700195
2005-05-09,35.869998931884766,36.029998779296875,30.662906646728516
2005-05-10,35.86000061035156,35.77000045776367,30.44162940979004
2005-05-11,35.81999969482422,35.95000076293945,30.594812393188477
2005-05-12,36.029998779296875,35.849998474121094,30.509723663330078
2005-05-13,35.9900016784668,36.2400016784668,30.84162712097168
2005-05-16,36.2400016784668,36.47999954223633,31.045875549316406
2005-05-17,36.349998474121094,36.70000076293945,31.23307991027832
2005-05-18,36.79999923706055,37.20000076293945,31.658615112304688
2005-05-19,37.290000915527344,37.5099983215332,31.922435760498047
2005-05-20,37.45000076293945,37.65999984741211,32.05009841918945
2005-05-23,37.65999984741211,37.849998474121094,32.2117919921875
2005-05-24,37.7599983215332,37.970001220703125,32.31392288208008
2005-05-25,37.84000015258789,37.810001373291016,32.177730560302734
2005-05-26,37.97999954223633,38.189998626708984,32.50114440917969
2005-05-27,38.13999938964844,38.209999084472656,32.518157958984375
2005-05-31,38.189998626708984,38.08000183105469,32.407535552978516
2005-06-01,38.029998779296875,38.38999938964844,32.67136001586914
2005-06-02,38.33000183105469,38.65999984741211,32.90115737915039
2005-06-03,38.630001068115234,38.099998474121094,32.42454528808594
2005-06-06,38.119998931884766,38.11000061035156,32.43302536010742
2005-06-07,38.150001525878906,37.790000915527344,32.160728454589844
2005-06-08,37.880001068115234,37.709999084472656,32.09264373779297
2005-06-09,37.65999984741211,37.95000076293945,32.29689025878906
2005-06-10,37.900001525878906,37.54999923706055,31.956480026245117
2005-06-13,37.47999954223633,37.72999954223633,32.10968017578125
2005-06-14,37.689998626708984,37.58000183105469,31.982017517089844
2005-06-15,37.83000183105469,37.70000076293945,32.08415222167969
2005-06-16,37.7400016784668,37.900001525878906,32.25434494018555
2005-06-17,38.11000061035156,37.869998931884766,32.25858688354492
2005-06-20,37.720001220703125,37.869998931884766,32.25858688354492
2005-06-21,37.84000015258789,37.849998474121094,32.241554260253906
2005-06-22,38.0,37.810001373291016,32.20748519897461
2005-06-23,37.869998931884766,37.38999938964844,31.8497314453125
2005-06-24,37.380001068115234,36.970001220703125,31.49196434020996
2005-06-27,36.95000076293945,36.79999923706055,31.34714126586914
2005-06-28,36.95000076293945,37.150001525878906,31.64529037475586
2005-06-29,37.25,37.06999969482422,31.577138900756836
2005-06-30,37.13999938964844,36.779998779296875,31.330108642578125
2005-07-01,36.86000061035156,36.72999954223633,31.287527084350586
2005-07-05,36.599998474121094,37.11000061035156,31.611209869384766
2005-07-06,37.029998779296875,36.93000030517578,31.45789337158203
2005-07-07,36.58000183105469,37.060001373291016,31.568634033203125
2005-07-08,37.08000183105469,37.77000045776367,32.17341613769531
2005-07-11,37.869998931884766,38.119998931884766,32.471561431884766
2005-07-12,38.119998931884766,38.29999923706055,32.624881744384766
2005-07-13,38.31999969482422,38.38999938964844,32.701560974121094
2005-07-14,38.66999816894531,38.77000045776367,33.0252571105957
2005-07-15,38.83000183105469,38.88999938964844,33.12746047973633
2005-07-18,38.790000915527344,38.72999954223633,32.99115753173828
2005-07-19,38.90999984741211,39.18000030517578,33.37448501586914
2005-07-20,38.939998626708984,39.459999084472656,33.613014221191406
2005-07-21,39.560001373291016,39.470001220703125,33.62151336669922
2005-07-22,39.47999954223633,39.41999816894531,33.57892608642578
2005-07-25,39.459999084472656,39.27000045776367,33.45115280151367
2005-07-26,39.38999938964844,39.41999816894531,33.57892608642578
2005-07-27,39.45000076293945,39.720001220703125,33.83449172973633
2005-07-28,39.75,39.90999984741211,33.99631881713867
2005-07-29,39.869998931884766,39.58000183105469,33.715240478515625
2005-08-01,39.63999938964844,39.650001525878906,33.77484893798828
2005-08-02,39.70000076293945,40.08000183105469,34.14112854003906
2005-08-03,39.90999984741211,40.060001373291016,34.12409591674805
2005-08-04,39.880001068115234,39.66999816894531,33.791866302490234
2005-08-05,39.61000061035156,39.47999954223633,33.63005447387695
2005-08-08,39.52000045776367,39.189998626708984,33.38300704956055
2005-08-09,39.369998931884766,39.45000076293945,33.604488372802734
2005-08-10,39.54999923706055,39.11000061035156,33.31488037109375
2005-08-11,39.130001068115234,39.43000030517578,33.58745193481445
2005-08-12,39.119998931884766,39.209999084472656,33.40005111694336
2005-08-15,39.13999938964844,39.45000076293945,33.604488372802734
2005-08-16,39.29999923706055,38.810001373291016,33.059322357177734
2005-08-17,38.91999816894531,39.040000915527344,33.255245208740234
2005-08-18,38.869998931884766,38.84000015258789,33.08486557006836
2005-08-19,38.88999938964844,38.81999969482422,33.06783676147461
2005-08-22,38.880001068115234,38.84000015258789,33.08486557006836
2005-08-23,38.84000015258789,38.72999954223633,32.99115753173828
2005-08-24,38.650001525878906,38.5,32.79525375366211
2005-08-25,38.56999969482422,38.59000015258789,32.871910095214844
2005-08-26,38.529998779296875,38.459999084472656,32.76117706298828
2005-08-29,38.2599983215332,38.7599983215332,33.01671600341797
2005-08-30,38.560001373291016,38.619998931884766,32.89746856689453
2005-08-31,38.63999938964844,38.97999954223633,33.204132080078125
2005-09-01,39.0,38.91999816894531,33.153011322021484
2005-09-02,39.0,38.77000045776367,33.0252571105957
2005-09-06,38.95000076293945,39.34000015258789,33.51077651977539
2005-09-07,39.29999923706055,39.40999984741211,33.57041549682617
2005-09-08,39.290000915527344,39.400001525878906,33.5618896484375
2005-09-09,39.40999984741211,39.619998931884766,33.74929428100586
2005-09-12,39.630001068115234,39.72999954223633,33.84300994873047
2005-09-13,39.68000030517578,39.630001068115234,33.757835388183594
2005-09-14,39.650001525878906,39.18000030517578,33.37448501586914
2005-09-15,39.2599983215332,39.15999984741211,33.35746765136719
2005-09-16,39.25,39.400001525878906,33.5618896484375
2005-09-19,39.31999969482422,39.09000015258789,33.297847747802734
2005-09-20,39.15999984741211,38.93000030517578,33.16153335571289
2005-09-21,38.81999969482422,38.5,32.79525375366211
2005-09-22,38.439998626708984,38.63999938964844,32.91450500488281
2005-09-23,38.5,38.75,33.00821304321289
2005-09-26,38.970001220703125,38.7599983215332,33.01671600341797
2005-09-27,38.790000915527344,38.66999816894531,32.94004821777344
2005-09-28,38.7599983215332,38.68000030517578,32.94859313964844
2005-09-29,38.630001068115234,39.20000076293945,33.39151382446289
2005-09-30,39.16999816894531,39.459999084472656,33.613014221191406
2005-10-03,39.540000915527344,39.560001373291016,33.698177337646484
2005-10-04,39.619998931884766,39.29999923706055,33.476707458496094
2005-10-05,39.310001373291016,38.7599983215332,33.01671600341797
2005-10-06,38.72999954223633,38.25,32.582305908203125
2005-10-07,38.400001525878906,38.34000015258789,32.658958435058594
2005-10-10,38.27000045776367,38.130001068115234,32.48008728027344
2005-10-11,38.2400016784668,37.939998626708984,32.318241119384766
2005-10-12,37.720001220703125,37.4900016784668,31.93490982055664
2005-10-13,37.470001220703125,37.779998779296875,32.181941986083984
2005-10-14,37.880001068115234,38.060001373291016,32.42045974731445
2005-10-17,38.06999969482422,38.18000030517578,32.52267074584961
2005-10-18,38.13999938964844,37.90999984741211,32.29267883300781
2005-10-19,37.720001220703125,38.66999816894531,32.94004821777344
2005-10-20,38.709999084472656,38.310001373291016,32.63341522216797
2005-10-21,38.66999816894531,38.54999923706055,32.83784103393555
2005-10-24,38.72999954223633,39.15999984741211,33.35746765136719
2005-10-25,39.09000015258789,39.0099983215332,33.229679107666016
2005-10-26,38.97999954223633,38.810001373291016,33.059322357177734
2005-10-27,38.779998779296875,38.029998779296875,32.394893646240234
2005-10-28,38.15999984741211,38.31999969482422,32.64191436767578
2005-10-31,38.45000076293945,38.869998931884766,33.11042022705078
2005-11-01,38.779998779296875,38.84000015258789,33.08486557006836
2005-11-02,38.72999954223633,39.349998474121094,33.51930236816406
2005-11-03,39.7400016784668,39.939998626708984,34.021873474121094
2005-11-04,40.0,40.08000183105469,34.14112854003906
2005-11-07,40.209999084472656,40.130001068115234,34.1837272644043
2005-11-08,40.08000183105469,40.13999938964844,34.19224548339844
2005-11-09,40.119998931884766,40.15999984741211,34.20928192138672
2005-11-10,40.18000030517578,40.599998474121094,34.58408737182617
2005-11-11,40.77000045776367,40.709999084472656,34.67778015136719
2005-11-14,40.77000045776367,40.709999084472656,34.67778015136719
2005-11-15,40.72999954223633,40.52000045776367,34.51594543457031
2005-11-16,40.630001068115234,40.77000045776367,34.728878021240234
2005-11-17,40.90999984741211,41.310001373291016,35.18888854980469
2005-11-18,41.52000045776367,41.45000076293945,35.30813217163086
2005-11-21,41.400001525878906,41.54999923706055,35.39330291748047
2005-11-22,41.470001220703125,41.70000076293945,35.52108383178711
2005-11-23,41.72999954223633,41.79999923706055,35.60627746582031
2005-11-25,41.84000015258789,41.88999938964844,35.68294143676758
2005-11-28,42.0,41.540000915527344,35.384788513183594
2005-11-29,41.77000045776367,41.34000015258789,35.214439392089844
2005-11-30,41.279998779296875,41.2400016784668,35.12925720214844
2005-12-01,41.5099983215332,42.0099983215332,35.78514862060547
2005-12-02,41.939998626708984,42.11000061035156,35.87032699584961
2005-12-05,42.060001373291016,41.79999923706055,35.60627746582031
2005-12-06,42.029998779296875,41.939998626708984,35.725528717041016
2005-12-07,42.0,41.86000061035156,35.657386779785156
2005-12-08,41.959999084472656,41.560001373291016,35.40184020996094
2005-12-09,41.560001373291016,41.720001220703125,35.53813552856445
2005-12-12,41.869998931884766,41.869998931884766,35.66587448120117
2005-12-13,41.81999969482422,42.040000915527344,35.81070327758789
2005-12-14,41.95000076293945,41.900001525878906,35.691471099853516
2005-12-15,42.0,41.970001220703125,35.751075744628906
2005-12-16,41.86000061035156,41.58000183105469,35.50432205200195
2005-12-19,41.66999816894531,40.91999816894531,34.94074630737305
2005-12-20,40.95000076293945,40.95000076293945,34.96636962890625
2005-12-21,41.02000045776367,41.130001068115234,35.12006378173828
2005-12-22,41.11000061035156,41.400001525878906,35.350616455078125
2005-12-23,41.5099983215332,41.400001525878906,35.350616455078125
2005-12-27,41.52000045776367,41.040000915527344,35.0432243347168
2005-12-28,41.060001373291016,40.9900016784668,35.00050735473633
2005-12-29,41.029998779296875,40.720001220703125,34.76996612548828
2005-12-30,40.540000915527344,40.40999984741211,34.505287170410156
2006-01-03,40.650001525878906,41.310001373291016,35.273765563964844
2006-01-04,41.40999984741211,41.7400016784668,35.640953063964844
2006-01-05,41.75,41.91999816894531,35.794639587402344
2006-01-06,42.2599983215332,42.68000030517578,36.44356918334961
2006-01-09,42.68000030517578,42.849998474121094,36.58872604370117
2006-01-10,42.65999984741211,42.880001068115234,36.61436080932617
2006-01-11,43.0,43.209999084472656,36.89613342285156
2006-01-12,43.15999984741211,43.0,36.71683120727539
2006-01-13,42.939998626708984,42.97999954223633,36.69976043701172
2006-01-17,42.650001525878906,42.70000076293945,36.46064376831055
2006-01-18,42.029998779296875,42.209999084472656,36.04227066040039
2006-01-19,42.41999816894531,42.52000045776367,36.30695724487305
2006-01-20,42.459999084472656,41.25,35.22252655029297
2006-01-23,41.36000061035156,41.2599983215332,35.23107147216797
2006-01-24,41.36000061035156,41.439998626708984,35.3847770690918
2006-01-25,41.63999938964844,41.2599983215332,35.23107147216797
2006-01-26,41.5,41.54999923706055,35.47868347167969
2006-01-27,41.79999923706055,42.11000061035156,35.95685577392578
2006-01-30,42.18000030517578,42.189998626708984,36.025169372558594
2006-01-31,42.16999816894531,42.0,35.86293411254883
2006-02-01,41.7400016784668,42.150001525878906,35.99103927612305
2006-02-02,42.0099983215332,41.43000030517578,35.37622833251953
2006-02-03,41.119998931884766,40.91999816894531,34.94074630737305
2006-02-06,40.720001220703125,40.810001373291016,34.8468132019043
2006-02-07,40.7400016784668,40.630001068115234,34.69310760498047
2006-02-08,40.91999816894531,41.099998474121094,35.094444274902344
2006-02-09,41.209999084472656,40.709999084472656,34.76144027709961
2006-02-10,40.68000030517578,40.959999084472656,34.97489929199219
2006-02-13,40.70000076293945,40.4900016784668,34.57357406616211
2006-02-14,40.56999969482422,40.900001525878906,34.92366409301758
2006-02-15,40.790000915527344,41.15999984741211,35.145687103271484
2006-02-16,41.310001373291016,41.540000915527344,35.47014236450195
2006-02-17,41.459999084472656,41.209999084472656,35.18837356567383
2006-02-21,41.209999084472656,40.75,34.79557800292969
2006-02-22,40.779998779296875,41.2599983215332,35.23107147216797
2006-02-23,41.189998626708984,41.150001525878906,35.13713836669922
2006-02-24,41.189998626708984,41.2599983215332,35.23107147216797
2006-02-27,41.36000061035156,41.720001220703125,35.62385940551758
2006-02-28,41.61000061035156,41.099998474121094,35.094444274902344
2006-03-01,41.22999954223633,41.65999984741211,35.57262420654297
2006-03-02,41.54999923706055,41.689998626708984,35.598228454589844
2006-03-03,41.45000076293945,41.45000076293945,35.39330291748047
2006-03-06,41.540000915527344,41.09000015258789,35.085914611816406
2006-03-07,41.02000045776367,40.849998474121094,34.8809928894043
2006-03-08,40.7599983215332,40.869998931884766,34.89804458618164
2006-03-09,41.0,40.52000045776367,34.599205017089844
2006-03-10,40.47999954223633,40.560001373291016,34.633358001708984
2006-03-13,40.7400016784668,40.68000030517578,34.73582458496094
2006-03-14,40.63999938964844,41.369998931884766,35.32500457763672
2006-03-15,41.529998779296875,41.720001220703125,35.62385940551758
2006-03-16,41.849998474121094,41.369998931884766,35.32500457763672
2006-03-17,41.34000015258789,41.45000076293945,35.418128967285156
2006-03-20,41.56999969482422,41.54999923706055,35.50358200073242
2006-03-21,41.11000061035156,41.11000061035156,35.12763977050781
2006-03-22,40.880001068115234,41.209999084472656,35.21305465698242
2006-03-23,41.09000015258789,41.09000015258789,35.11051940917969
2006-03-24,41.22999954223633,41.29999923706055,35.28996658325195
2006-03-27,41.279998779296875,41.310001373291016,35.298500061035156
2006-03-28,41.38999938964844,41.13999938964844,35.15326690673828
2006-03-29,41.20000076293945,41.91999816894531,35.81974411010742
2006-03-30,42.0099983215332,42.04999923706055,35.930816650390625
2006-03-31,42.130001068115234,41.93000030517578,35.82829666137695
2006-04-03,42.150001525878906,41.97999954223633,35.87099838256836
2006-04-04,42.04999923706055,42.209999084472656,36.067543029785156
2006-04-05,42.29999923706055,42.61000061035156,36.409332275390625
2006-04-06,42.59000015258789,42.72999954223633,36.511863708496094
2006-04-07,42.880001068115234,42.31999969482422,36.16152572631836
2006-04-10,42.400001525878906,42.2599983215332,36.11027145385742
2006-04-11,42.38999938964844,41.91999816894531,35.81974411010742
2006-04-12,41.939998626708984,41.93000030517578,35.82829666137695
2006-04-13,41.900001525878906,42.099998474121094,35.97353744506836
2006-04-17,42.040000915527344,41.65999984741211,35.597572326660156
2006-04-18,41.77000045776367,42.459999084472656,36.28115463256836
2006-04-19,42.540000915527344,42.650001525878906,36.443504333496094
2006-04-20,42.63999938964844,42.5,36.31533432006836
2006-04-21,42.65999984741211,42.0,35.88810729980469
2006-04-24,41.95000076293945,41.959999084472656,35.853912353515625
2006-04-25,42.06999969482422,41.869998931884766,35.777015686035156
2006-04-26,41.86000061035156,41.86000061035156,35.768470764160156
2006-04-27,41.66999816894531,42.2599983215332,36.11027145385742
2006-04-28,42.0,41.849998474121094,35.75992202758789
2006-05-01,41.91999816894531,41.439998626708984,35.40959167480469
2006-05-02,41.619998931884766,41.54999923706055,35.50358200073242
2006-05-03,41.56999969482422,41.4900016784668,35.45233154296875
2006-05-04,41.529998779296875,41.83000183105469,35.74283218383789
2006-05-05,42.099998474121094,42.15999984741211,36.024810791015625
2006-05-08,42.08000183105469,42.20000076293945,36.058998107910156
2006-05-09,42.099998474121094,42.040000915527344,35.92229080200195
2006-05-10,41.93000030517578,41.66999816894531,35.606117248535156
2006-05-11,41.630001068115234,40.7400016784668,34.81144714355469
2006-05-12,40.560001373291016,40.189998626708984,34.341487884521484
2006-05-15,40.02000045776367,40.15999984741211,34.31584167480469
2006-05-16,40.16999816894531,39.86000061035156,34.05952453613281
2006-05-17,39.68000030517578,39.31999969482422,33.598087310791016
2006-05-18,39.4900016784668,39.04999923706055,33.36738204956055
2006-05-19,39.20000076293945,39.349998474121094,33.623722076416016
2006-05-22,39.0099983215332,38.970001220703125,33.29902648925781
2006-05-23,39.2599983215332,38.59000015258789,32.974327087402344
2006-05-24,38.529998779296875,38.849998474121094,33.19648361206055
2006-05-25,39.11000061035156,39.36000061035156,33.63226318359375
2006-05-26,39.45000076293945,39.4900016784668,33.74336242675781
2006-05-30,39.29999923706055,38.63999938964844,33.01704788208008
2006-05-31,38.709999084472656,38.81999969482422,33.170867919921875
2006-06-01,38.93000030517578,39.7400016784668,33.95696258544922
2006-06-02,39.959999084472656,39.63999938964844,33.87153244018555
2006-06-05,39.560001373291016,38.779998779296875,33.13667297363281
2006-06-06,38.849998474121094,38.75,33.11104202270508
2006-06-07,38.79999923706055,38.459999084472656,32.863250732421875
2006-06-08,38.27000045776367,38.400001525878906,32.81197738647461
2006-06-09,38.560001373291016,38.150001525878906,32.59833908081055
2006-06-12,38.20000076293945,37.400001525878906,31.957500457763672
2006-06-13,37.4900016784668,37.25,31.829334259033203
2006-06-14,37.36000061035156,37.630001068115234,32.154022216796875
2006-06-15,37.849998474121094,38.650001525878906,33.02560043334961
2006-06-16,38.54999923706055,38.34000015258789,32.78274917602539
2006-06-19,38.5,38.029998779296875,32.51770782470703
2006-06-20,38.09000015258789,38.08000183105469,32.56044006347656
2006-06-21,38.13999938964844,38.68000030517578,33.07347106933594
2006-06-22,38.59000015258789,38.189998626708984,32.654518127441406
2006-06-23,38.15999984741211,38.150001525878906,32.62029266357422
2006-06-26,38.16999816894531,38.25,32.70580291748047
2006-06-27,38.27000045776367,37.529998779296875,32.09016799926758
2006-06-28,37.619998931884766,37.810001373291016,32.32957077026367
2006-06-29,37.97999954223633,38.959999084472656,33.312904357910156
2006-06-30,39.119998931884766,38.77000045776367,33.15044403076172
2006-07-03,38.88999938964844,39.0,33.347084045410156
2006-07-05,38.63999938964844,38.150001525878906,32.62029266357422
2006-07-06,38.27000045776367,38.11000061035156,32.586082458496094
2006-07-07,37.900001525878906,37.689998626708984,32.22696304321289
2006-07-10,37.790000915527344,37.36000061035156,31.94481086730957
2006-07-11,37.279998779296875,37.63999938964844,32.18423843383789
2006-07-12,37.560001373291016,36.93000030517578,31.577138900756836
2006-07-13,36.63999938964844,36.310001373291016,31.047008514404297
2006-07-14,36.29999923706055,35.939998626708984,30.730642318725586
2006-07-17,35.95000076293945,36.029998779296875,30.807575225830078
2006-07-18,36.220001220703125,36.150001525878906,30.91019058227539
2006-07-19,36.119998931884766,36.619998931884766,31.312068939208984
2006-07-20,36.75,36.08000183105469,30.850339889526367
2006-07-21,35.880001068115234,35.70000076293945,30.525405883789062
2006-07-24,35.84000015258789,36.40999984741211,31.132505416870117
2006-07-25,36.4900016784668,36.619998931884766,31.312068939208984
2006-07-26,36.5099983215332,36.59000015258789,31.286422729492188
2006-07-27,36.7400016784668,36.349998474121094,31.08119773864746
2006-07-28,36.529998779296875,37.11000061035156,31.731042861938477
2006-07-31,37.08000183105469,37.099998474121094,31.722490310668945
2006-08-01,36.77000045776367,36.47999954223633,31.192373275756836
2006-08-02,36.61000061035156,36.88999938964844,31.54292869567871
2006-08-03,36.52000045776367,37.119998931884766,31.739601135253906
2006-08-04,37.45000076293945,36.95000076293945,31.59424591064453
2006-08-07,36.90999984741211,36.709999084472656,31.389022827148438
2006-08-08,36.810001373291016,36.47999954223633,31.192373275756836
2006-08-09,36.9900016784668,36.529998779296875,31.235118865966797
2006-08-10,36.43000030517578,36.790000915527344,31.457429885864258
2006-08-11,36.650001525878906,36.529998779296875,31.235118865966797
2006-08-14,36.84000015258789,36.77000045776367,31.440338134765625
2006-08-15,37.20000076293945,37.70000076293945,32.235538482666016
2006-08-16,37.97999954223633,38.59000015258789,32.99651336669922
2006-08-17,38.459999084472656,38.72999954223633,33.11622619628906
2006-08-18,38.630001068115234,38.790000915527344,33.167537689208984
2006-08-21,38.5,38.41999816894531,32.85116195678711
2006-08-22,38.36000061035156,38.43000030517578,32.85972213745117
2006-08-23,38.459999084472656,38.13999938964844,32.61174392700195
2006-08-24,38.25,38.25,32.70580291748047
2006-08-25,38.16999816894531,38.31999969482422,32.765663146972656
2006-08-28,38.290000915527344,38.61000061035156,33.01362609863281
2006-08-29,38.58000183105469,38.72999954223633,33.11622619628906
2006-08-30,38.720001220703125,38.90999984741211,33.270137786865234
2006-08-31,38.959999084472656,38.869998931884766,33.2359504699707
2006-09-01,39.08000183105469,39.08000183105469,33.41551208496094
2006-09-05,39.099998474121094,39.459999084472656,33.740440368652344
2006-09-06,39.099998474121094,38.66999816894531,33.06492614746094
2006-09-07,38.54999923706055,38.4900016784668,32.91101837158203
2006-09-08,38.540000915527344,38.720001220703125,33.107669830322266
2006-09-11,38.40999984741211,38.959999084472656,33.312904357910156
2006-09-12,38.95000076293945,39.68000030517578,33.92853546142578
2006-09-13,39.709999084472656,39.95000076293945,34.159400939941406
2006-09-14,39.849998474121094,39.9900016784668,34.19359588623047
2006-09-15,40.29999923706055,40.11000061035156,34.315940856933594
2006-09-18,40.119998931884766,40.119998931884766,34.32449722290039
2006-09-19,40.220001220703125,39.849998474121094,34.09349060058594
2006-09-20,40.20000076293945,40.43000030517578,34.5897216796875
2006-09-21,40.529998779296875,40.18000030517578,34.375831604003906
2006-09-22,40.150001525878906,39.869998931884766,34.11063003540039
2006-09-25,40.040000915527344,40.56999969482422,34.70948028564453
2006-09-26,40.52000045776367,40.77000045776367,34.88059997558594
2006-09-27,40.66999816894531,40.720001220703125,34.83782196044922
2006-09-28,40.77000045776367,40.83000183105469,34.93193435668945
2006-09-29,40.900001525878906,40.650001525878906,34.77793502807617
2006-10-02,40.599998474121094,40.13999938964844,34.341609954833984
2006-10-03,40.02000045776367,40.310001373291016,34.487060546875
2006-10-04,40.2400016784668,41.29999923706055,35.33405685424805
2006-10-05,41.29999923706055,41.5,35.50514602661133
2006-10-06,41.36000061035156,41.40999984741211,35.428157806396484
2006-10-09,41.36000061035156,41.54999923706055,35.547935485839844
2006-10-10,41.599998474121094,41.619998931884766,35.60779571533203
2006-10-11,41.43000030517578,41.540000915527344,35.539371490478516
2006-10-12,41.7599983215332,42.20000076293945,36.10403060913086
2006-10-13,42.22999954223633,42.43000030517578,36.300804138183594
2006-10-16,42.43000030517578,42.470001220703125,36.33502960205078
2006-10-17,42.16999816894531,42.0,35.932926177978516
2006-10-18,42.220001220703125,41.79999923706055,35.761810302734375
2006-10-19,41.689998626708984,41.900001525878906,35.84737777709961
2006-10-20,42.040000915527344,42.0,35.932926177978516
2006-10-23,41.91999816894531,42.43000030517578,36.300804138183594
2006-10-24,42.279998779296875,42.13999938964844,36.052696228027344
2006-10-25,42.15999984741211,42.43000030517578,36.300804138183594
2006-10-26,42.58000183105469,42.81999969482422,36.63447952270508
2006-10-27,42.720001220703125,42.209999084472656,36.11259078979492
2006-10-30,42.15999984741211,42.47999954223633,36.34358215332031
2006-10-31,42.560001373291016,42.58000183105469,36.42914581298828
2006-11-01,42.72999954223633,42.0,35.932926177978516
2006-11-02,41.810001373291016,42.040000915527344,35.96714782714844
2006-11-03,42.099998474121094,41.93000030517578,35.87303924560547
2006-11-06,42.06999969482422,42.540000915527344,36.3948974609375
2006-11-07,42.540000915527344,42.83000183105469,36.643028259277344
2006-11-08,42.59000015258789,43.029998779296875,36.81414031982422
2006-11-09,43.2599983215332,42.83000183105469,36.643028259277344
2006-11-10,42.84000015258789,43.029998779296875,36.81414031982422
2006-11-13,43.04999923706055,43.470001220703125,37.19057846069336
2006-11-14,43.5,43.93000030517578,37.584136962890625
2006-11-15,43.9900016784668,44.11000061035156,37.7381477355957
2006-11-16,44.2599983215332,44.29999923706055,37.90067672729492
2006-11-17,44.060001373291016,44.29999923706055,37.90067672729492
2006-11-20,44.15999984741211,44.38999938964844,37.97768020629883
2006-11-21,44.41999816894531,44.45000076293945,38.02900314331055
2006-11-22,44.58000183105469,44.72999954223633,38.26856231689453
2006-11-24,44.400001525878906,44.650001525878906,38.20012283325195
2006-11-27,44.5099983215332,43.63999938964844,37.33602523803711
2006-11-28,43.5099983215332,43.77000045776367,37.447235107421875
2006-11-29,44.0,44.06999969482422,37.703887939453125
2006-11-30,44.04999923706055,44.040000915527344,37.67824172973633
2006-12-01,44.0,43.65999984741211,37.353126525878906
2006-12-04,43.790000915527344,44.2599983215332,37.86646270751953
2006-12-05,44.38999938964844,44.41999816894531,38.00334930419922
2006-12-06,44.279998779296875,44.2599983215332,37.86646270751953
2006-12-07,44.34000015258789,43.70000076293945,37.387367248535156
2006-12-08,43.560001373291016,43.900001525878906,37.558448791503906
2006-12-11,43.83000183105469,44.060001373291016,37.695350646972656
2006-12-12,44.04999923706055,43.79999923706055,37.47290802001953
2006-12-13,44.099998474121094,43.880001068115234,37.54135513305664
2006-12-14,43.970001220703125,44.369998931884766,37.96055603027344
2006-12-15,44.68000030517578,44.43000030517578,38.0582275390625
2006-12-18,44.58000183105469,43.9900016784668,37.68133544921875
2006-12-19,43.650001525878906,43.849998474121094,37.56141662597656
2006-12-20,43.900001525878906,43.689998626708984,37.4243278503418
2006-12-21,43.7400016784668,43.380001068115234,37.158817291259766
2006-12-22,43.400001525878906,42.93000030517578,36.77334213256836
2006-12-26,42.93000030517578,43.11000061035156,36.92750930786133
2006-12-27,43.209999084472656,43.33000183105469,37.11597442626953
2006-12-28,43.20000076293945,43.119998931884766,36.93608474731445
2006-12-29,43.189998626708984,43.15999984741211,36.97036361694336
2007-01-03,43.459999084472656,43.2400016784668,37.038875579833984
2007-01-04,43.29999923706055,44.060001373291016,37.74125289916992
2007-01-05,43.95000076293945,43.849998474121094,37.56141662597656
2007-01-08,43.88999938964844,43.880001068115234,37.587093353271484
2007-01-09,44.0099983215332,44.099998474121094,37.77553176879883
2007-01-10,43.959999084472656,44.619998931884766,38.22098159790039
2007-01-11,44.709999084472656,45.08000183105469,38.615013122558594
2007-01-12,45.02000045776367,45.310001373291016,38.812007904052734
2007-01-16,45.349998474121094,45.279998779296875,38.786319732666016
2007-01-17,45.09000015258789,44.90999984741211,38.469390869140625
2007-01-18,44.790000915527344,44.08000183105469,37.7584342956543
2007-01-19,43.970001220703125,44.16999816894531,37.83549880981445
2007-01-22,44.209999084472656,43.689998626708984,37.4243278503418
2007-01-23,43.65999984741211,43.58000183105469,37.33011245727539
2007-01-24,43.86000061035156,44.29999923706055,37.94685363769531
2007-01-25,44.36000061035156,43.72999954223633,37.4586067199707
2007-01-26,43.810001373291016,43.56999969482422,37.32155227661133
2007-01-29,43.459999084472656,43.61000061035156,37.35581970214844
2007-01-30,43.68000030517578,43.630001068115234,37.37295150756836
2007-01-31,43.58000183105469,44.06999969482422,37.74986267089844
2007-02-01,44.27000045776367,44.0,37.68989181518555
2007-02-02,44.119998931884766,44.15999984741211,37.82693862915039
2007-02-05,44.13999938964844,44.119998931884766,37.79266357421875
2007-02-06,44.20000076293945,44.060001373291016,37.74125289916992
2007-02-07,44.279998779296875,44.459999084472656,38.083919525146484
2007-02-08,44.400001525878906,44.45000076293945,38.07534408569336
2007-02-09,44.56999969482422,43.880001068115234,37.587093353271484
2007-02-12,43.869998931884766,43.709999084472656,37.44147491455078
2007-02-13,43.779998779296875,43.86000061035156,37.5699462890625
2007-02-14,44.040000915527344,44.599998474121094,38.20382308959961
2007-02-15,44.630001068115234,44.86000061035156,38.42653274536133
2007-02-16,44.65999984741211,44.709999084472656,38.29806137084961
2007-02-20,44.63999938964844,45.04999923706055,38.589290618896484
2007-02-21,44.91999816894531,45.189998626708984,38.70920944213867
2007-02-22,45.36000061035156,45.41999816894531,38.90623092651367
2007-02-23,45.41999816894531,45.2599983215332,38.769195556640625
2007-02-26,45.47999954223633,45.040000915527344,38.58076095581055
2007-02-27,44.369998931884766,43.189998626708984,36.996055603027344
2007-02-28,43.150001525878906,43.33000183105469,37.11597442626953
2007-03-01,42.54999923706055,43.130001068115234,36.94464874267578
2007-03-02,42.779998779296875,42.47999954223633,36.38786315917969
2007-03-05,42.150001525878906,42.150001525878906,36.10519790649414
2007-03-06,42.529998779296875,42.849998474121094,36.704803466796875
2007-03-07,42.86000061035156,42.68000030517578,36.559200286865234
2007-03-08,43.130001068115234,42.970001220703125,36.8076057434082
2007-03-09,43.33000183105469,42.93000030517578,36.77334213256836
2007-03-12,42.869998931884766,43.209999084472656,37.01316833496094
2007-03-13,43.0,42.369998931884766,36.29365921020508
2007-03-14,42.43000030517578,42.9900016784668,36.82472610473633
2007-03-15,42.900001525878906,42.88999938964844,36.73908233642578
2007-03-16,42.939998626708984,42.83000183105469,36.710784912109375
2007-03-19,43.060001373291016,43.27000045776367,37.087921142578125
2007-03-20,43.2599983215332,43.58000183105469,37.35363006591797
2007-03-21,43.63999938964844,44.41999816894531,38.0736083984375
2007-03-22,44.439998626708984,44.2599983215332,37.93647003173828
2007-03-23,44.2599983215332,44.119998931884766,37.81647872924805
2007-03-26,44.13999938964844,44.29999923706055,37.97076416015625
2007-03-27,44.22999954223633,43.9900016784668,37.70506286621094
2007-03-28,43.79999923706055,43.52000045776367,37.30221939086914
2007-03-29,43.81999969482422,43.56999969482422,37.34507751464844
2007-03-30,43.560001373291016,43.529998779296875,37.310768127441406
2007-04-02,43.66999816894531,43.59000015258789,37.36220932006836
2007-04-03,43.81999969482422,44.15999984741211,37.85076904296875
2007-04-04,44.189998626708984,44.34000015258789,38.005043029785156
2007-04-05,44.290000915527344,44.560001373291016,38.19362258911133
2007-04-09,44.709999084472656,44.45000076293945,38.099334716796875
2007-04-10,44.439998626708984,44.68000030517578,38.296485900878906
2007-04-11,44.63999938964844,44.209999084472656,37.893619537353516
2007-04-12,44.13999938964844,44.560001373291016,38.19362258911133
2007-04-13,44.56999969482422,44.650001525878906,38.270751953125
2007-04-16,44.83000183105469,45.060001373291016,38.62217712402344
2007-04-17,45.150001525878906,45.15999984741211,38.707889556884766
2007-04-18,44.93000030517578,45.0099983215332,38.57932662963867
2007-04-19,44.810001373291016,45.150001525878906,38.69931411743164
2007-04-20,45.52000045776367,45.400001525878906,38.91360092163086
2007-04-23,45.459999084472656,45.470001220703125,38.97361373901367
2007-04-24,45.630001068115234,45.70000076293945,39.170745849609375
2007-04-25,45.849998474121094,46.310001373291016,39.69358444213867
2007-04-26,46.41999816894531,46.54999923706055,39.8992919921875
2007-04-27,46.369998931884766,46.56999969482422,39.916439056396484
2007-04-30,46.4900016784668,45.959999084472656,39.393592834472656
2007-05-01,45.970001220703125,45.91999816894531,39.35932540893555
2007-05-02,46.09000015258789,46.41999816894531,39.787872314453125
2007-05-03,46.5099983215332,46.59000015258789,39.93359375
2007-05-04,46.77000045776367,46.630001068115234,39.96788787841797
2007-05-07,46.65999984741211,46.630001068115234,39.96788787841797
2007-05-08,46.470001220703125,46.72999954223633,40.053592681884766
2007-05-09,46.4900016784668,46.83000183105469,40.13930130004883
2007-05-10,46.66999816894531,46.189998626708984,39.59074020385742
2007-05-11,46.2400016784668,46.779998779296875,40.096458435058594
2007-05-14,46.77000045776367,46.459999084472656,39.82215881347656
2007-05-15,46.41999816894531,46.099998474121094,39.513587951660156
2007-05-16,46.20000076293945,46.54999923706055,39.8992919921875
2007-05-17,46.4900016784668,46.33000183105469,39.71072769165039
2007-05-18,46.47999954223633,46.709999084472656,40.03644561767578
2007-05-21,46.7400016784668,47.0099983215332,40.2935791015625
2007-05-22,47.040000915527344,47.04999923706055,40.32787322998047
2007-05-23,47.189998626708984,46.83000183105469,40.13930130004883
2007-05-24,46.86000061035156,46.15999984741211,39.56501770019531
2007-05-25,46.2599983215332,46.45000076293945,39.81358337402344
2007-05-29,46.5,46.810001373291016,40.12215042114258
2007-05-30,46.47999954223633,47.189998626708984,40.44785690307617
2007-05-31,47.31999969482422,47.40999984741211,40.63644027709961
2007-06-01,47.58000183105469,47.439998626708984,40.66215515136719
2007-06-04,47.27000045776367,47.58000183105469,40.782142639160156
2007-06-05,47.45000076293945,47.58000183105469,40.782142639160156
2007-06-06,47.369998931884766,47.06999969482422,40.34501266479492
2007-06-07,46.90999984741211,46.34000015258789,39.719322204589844
2007-06-08,46.31999969482422,46.90999984741211,40.20787048339844
2007-06-11,46.880001068115234,46.81999969482422,40.13072204589844
2007-06-12,46.56999969482422,46.540000915527344,39.89072799682617
2007-06-13,46.7400016784668,47.04999923706055,40.32787322998047
2007-06-14,47.099998474121094,47.36000061035156,40.59357833862305
2007-06-15,47.7599983215332,47.7599983215332,40.96841812133789
2007-06-18,47.849998474121094,47.77000045776367,40.97700881958008
2007-06-19,47.630001068115234,47.7599983215332,40.96841812133789
2007-06-20,47.83000183105469,47.310001373291016,40.58243942260742
2007-06-21,47.290000915527344,47.7400016784668,40.95127868652344
2007-06-22,47.63999938964844,47.290000915527344,40.56526184082031
2007-06-25,47.29999923706055,47.09000015258789,40.39372253417969
2007-06-26,47.310001373291016,46.81999969482422,40.162105560302734
2007-06-27,46.77000045776367,47.540000915527344,40.779727935791016
2007-06-28,47.52000045776367,47.52000045776367,40.76255416870117
2007-06-29,47.779998779296875,47.599998474121094,40.83119201660156
2007-07-02,47.709999084472656,48.029998779296875,41.200050354003906
2007-07-03,48.09000015258789,48.310001373291016,41.44021224975586
2007-07-05,48.34000015258789,48.65999984741211,41.74045944213867
2007-07-06,48.709999084472656,48.86000061035156,41.91202926635742
2007-07-09,48.900001525878906,48.88999938964844,41.937747955322266
2007-07-10,48.619998931884766,48.47999954223633,41.58605194091797
2007-07-11,48.369998931884766,48.810001373291016,41.86912155151367
2007-07-12,48.970001220703125,49.560001373291016,42.51246643066406
2007-07-13,49.630001068115234,49.900001525878906,42.80412292480469
2007-07-16,49.88999938964844,49.849998474121094,42.7612190246582
2007-07-17,49.959999084472656,50.22999954223633,43.08720016479492
2007-07-18,49.95000076293945,50.16999816894531,43.03572082519531
2007-07-19,50.40999984741211,50.31999969482422,43.164398193359375
2007-07-20,50.290000915527344,50.04999923706055,42.932796478271484
2007-07-23,50.220001220703125,50.06999969482422,42.949951171875
2007-07-24,49.70000076293945,49.33000183105469,42.31517791748047
2007-07-25,49.58000183105469,49.400001525878906,42.37522506713867
2007-07-26,49.060001373291016,48.97999954223633,42.014949798583984
2007-07-27,48.88999938964844,47.9900016784668,41.16572952270508
2007-07-30,48.220001220703125,48.54999923706055,41.64609909057617
2007-07-31,48.970001220703125,47.529998779296875,40.7711296081543
2007-08-01,47.38999938964844,47.900001525878906,41.088523864746094
2007-08-02,47.93000030517578,48.34000015258789,41.46595001220703
2007-08-03,48.25,47.41999816894531,40.67678451538086
2007-08-06,47.470001220703125,47.970001220703125,41.148563385009766
2007-08-07,47.880001068115234,48.310001373291016,41.44021224975586
2007-08-08,48.5099983215332,48.84000015258789,41.894859313964844
2007-08-09,48.189998626708984,47.709999084472656,40.92555236816406
2007-08-10,47.20000076293945,47.279998779296875,40.55670166015625
2007-08-13,47.68000030517578,47.599998474121094,40.83119201660156
2007-08-14,47.70000076293945,46.790000915527344,40.13636779785156
2007-08-15,46.68000030517578,45.900001525878906,39.372928619384766
2007-08-16,45.529998779296875,45.45000076293945,38.98691177368164
2007-08-17,46.310001373291016,46.310001373291016,39.72462844848633
2007-08-20,46.4900016784668,46.529998779296875,39.913333892822266
2007-08-21,46.47999954223633,47.02000045776367,40.33366775512695
2007-08-22,47.380001068115234,47.65999984741211,40.882659912109375
2007-08-23,47.790000915527344,47.529998779296875,40.7711296081543
2007-08-24,47.380001068115234,48.20000076293945,41.34587097167969
2007-08-27,48.060001373291016,47.880001068115234,41.07136535644531
2007-08-28,47.599998474121094,46.7400016784668,40.09348678588867
2007-08-29,47.04999923706055,48.08000183105469,41.24293899536133
2007-08-30,47.83000183105469,48.33000183105469,41.45737838745117
2007-08-31,48.86000061035156,48.869998931884766,41.92059326171875
2007-09-04,48.93000030517578,49.68000030517578,42.615413665771484
2007-09-05,49.560001373291016,49.18000030517578,42.186519622802734
2007-09-06,49.22999954223633,49.13999938964844,42.15219497680664
2007-09-07,48.529998779296875,48.22999954223633,41.37160110473633
2007-09-10,48.619998931884766,48.20000076293945,41.34587097167969
2007-09-11,48.5099983215332,48.93000030517578,41.97206115722656
2007-09-12,48.84000015258789,48.939998626708984,41.980648040771484
2007-09-13,49.290000915527344,49.18000030517578,42.186519622802734
2007-09-14,48.79999923706055,49.220001220703125,42.22080612182617
2007-09-17,49.0,48.810001373291016,41.86912155151367
2007-09-18,49.09000015258789,50.040000915527344,42.92422103881836
2007-09-19,50.290000915527344,50.16999816894531,43.03572082519531
2007-09-20,50.060001373291016,50.029998779296875,42.91563415527344
2007-09-21,50.279998779296875,50.36000061035156,43.2211799621582
2007-09-24,50.4900016784668,50.59000015258789,43.41855239868164
2007-09-25,50.41999816894531,51.06999969482422,43.83053970336914
2007-09-26,51.36000061035156,51.31999969482422,44.04508590698242
2007-09-27,51.619998931884766,51.58000183105469,44.26823043823242
2007-09-28,51.540000915527344,51.40999984741211,44.122337341308594
2007-10-01,51.45000076293945,52.0,44.6286735534668
2007-10-02,52.040000915527344,52.0099983215332,44.63727951049805
2007-10-03,51.84000015258789,51.650001525878906,44.328304290771484
2007-10-04,51.75,51.77000045776367,44.43130111694336
2007-10-05,52.16999816894531,52.81999969482422,45.332435607910156
2007-10-08,52.79999923706055,53.150001525878906,45.61568069458008
2007-10-09,53.27000045776367,53.380001068115234,45.813072204589844
2007-10-10,53.38999938964844,53.5099983215332,45.92463684082031
2007-10-11,53.790000915527344,52.65999984741211,45.19512176513672
2007-10-12,52.900001525878906,53.529998779296875,45.94179916381836
2007-10-15,53.61000061035156,53.119998931884766,45.589927673339844
2007-10-16,52.790000915527344,52.869998931884766,45.37535858154297
2007-10-17,53.619998931884766,53.54999923706055,45.9589729309082
2007-10-18,53.33000183105469,53.779998779296875,46.1563606262207
2007-10-19,53.77000045776367,52.439998626708984,45.00633239746094
2007-10-22,52.15999984741211,53.06999969482422,45.54701232910156
2007-10-23,53.61000061035156,54.18000030517578,46.49964904785156
2007-10-24,53.7400016784668,53.77000045776367,46.14778137207031
2007-10-25,53.88999938964844,53.04999923706055,45.52986526489258
2007-10-26,54.08000183105469,53.93000030517578,46.28510284423828
2007-10-29,54.189998626708984,54.150001525878906,46.47392272949219
2007-10-30,53.939998626708984,54.2599983215332,46.568321228027344
2007-10-31,54.470001220703125,55.029998779296875,47.22918701171875
2007-11-01,54.68000030517578,54.0,46.345184326171875
2007-11-02,54.41999816894531,54.41999816894531,46.705623626708984
2007-11-05,53.86000061035156,54.06999969482422,46.405250549316406
2007-11-06,54.33000183105469,54.68000030517578,46.92877960205078
2007-11-07,54.220001220703125,53.349998474121094,45.78732681274414
2007-11-08,53.13999938964844,51.72999954223633,44.3969841003418
2007-11-09,50.72999954223633,50.0,42.912227630615234
2007-11-12,49.91999816894531,48.72999954223633,41.82221221923828
2007-11-13,49.38999938964844,50.7400016784668,43.547306060791016
2007-11-14,51.38999938964844,50.09000015258789,42.98944091796875
2007-11-15,50.0,49.81999969482422,42.75770950317383
2007-11-16,50.15999984741211,50.279998779296875,43.152496337890625
2007-11-19,50.15999984741211,49.70000076293945,42.65471649169922
2007-11-20,49.959999084472656,49.900001525878906,42.826377868652344
2007-11-21,49.45000076293945,49.310001373291016,42.31999588012695
2007-11-23,49.630001068115234,49.84000015258789,42.7748908996582
2007-11-26,49.970001220703125,48.97999954223633,42.03679275512695
2007-11-27,49.400001525878906,49.959999084472656,42.87786102294922
2007-11-28,50.630001068115234,51.47999954223633,44.18241500854492
2007-11-29,51.279998779296875,51.70000076293945,44.371219635009766
2007-11-30,52.209999084472656,51.310001373291016,44.03648376464844
2007-12-03,51.09000015258789,50.880001068115234,43.66746139526367
2007-12-04,50.4900016784668,50.66999816894531,43.487220764160156
2007-12-05,51.20000076293945,51.58000183105469,44.26823043823242
2007-12-06,51.630001068115234,52.31999969482422,44.90333938598633
2007-12-07,52.290000915527344,52.33000183105469,44.91191101074219
2007-12-10,52.459999084472656,52.540000915527344,45.09214401245117
2007-12-11,52.619998931884766,51.31999969482422,44.04508590698242
2007-12-12,52.25,51.779998779296875,44.43988037109375
2007-12-13,51.33000183105469,51.5,44.19955062866211
2007-12-14,51.09000015258789,50.970001220703125,43.74470138549805
2007-12-17,50.779998779296875,49.72999954223633,42.68049240112305
2007-12-18,50.2400016784668,49.88999938964844,42.81778335571289
2007-12-19,49.88999938964844,49.880001068115234,42.80923080444336
2007-12-20,50.619998931884766,50.900001525878906,43.684635162353516
2007-12-21,51.68000030517578,51.849998474121094,44.54633712768555
2007-12-24,52.0099983215332,52.2400016784668,44.881404876708984
2007-12-26,52.130001068115234,52.5,45.10479736328125
2007-12-27,52.33000183105469,51.869998931884766,44.56351089477539
2007-12-28,52.040000915527344,51.81999969482422,44.52057647705078
2007-12-31,51.56999969482422,51.220001220703125,44.00507354736328
2008-01-02,51.27000045776367,50.40999984741211,43.30917739868164
2008-01-03,50.40999984741211,50.619998931884766,43.48958969116211
2008-01-04,49.810001373291016,48.400001525878906,41.5822868347168
2008-01-07,48.400001525878906,48.16999816894531,41.38469314575195
2008-01-08,48.27000045776367,46.91999816894531,40.310787200927734
2008-01-09,47.11000061035156,47.91999816894531,41.169918060302734
2008-01-10,47.43000030517578,47.9900016784668,41.23005294799805
2008-01-11,47.72999954223633,47.04999923706055,40.422489166259766
2008-01-14,47.689998626708984,47.869998931884766,41.12697982788086
2008-01-15,47.369998931884766,46.54999923706055,39.99290466308594
2008-01-16,46.189998626708984,46.04999923706055,39.56332015991211
2008-01-17,46.2400016784668,45.40999984741211,39.013484954833984
2008-01-18,45.63999938964844,45.349998474121094,38.96193313598633
2008-01-22,42.83000183105469,44.18000030517578,37.95674133300781
2008-01-23,42.540000915527344,44.0099983215332,37.810691833496094
2008-01-24,44.189998626708984,44.90999984741211,38.583927154541016
2008-01-25,45.869998931884766,43.9900016784668,37.793514251708984
2008-01-28,44.02000045776367,44.33000183105469,38.08561706542969
2008-01-29,44.560001373291016,44.40999984741211,38.15433120727539
2008-01-30,44.25,44.369998931884766,38.11998748779297
2008-01-31,43.869998931884766,45.130001068115234,38.77294158935547
2008-02-01,45.5,45.59000015258789,39.16812515258789
2008-02-04,45.58000183105469,44.95000076293945,38.61829376220703
2008-02-05,44.16999816894531,43.66999816894531,37.518577575683594
2008-02-06,43.91999816894531,42.810001373291016,36.77971267700195
2008-02-07,42.33000183105469,43.11000061035156,37.0374641418457
2008-02-08,43.20000076293945,43.599998474121094,37.45846176147461
2008-02-11,43.77000045776367,44.06999969482422,37.86223602294922
2008-02-12,44.34000015258789,43.81999969482422,37.647457122802734
2008-02-13,44.38999938964844,44.779998779296875,38.47223663330078
2008-02-14,44.849998474121094,43.970001220703125,37.77633285522461
2008-02-15,43.72999954223633,43.81999969482422,37.647457122802734
2008-02-19,44.400001525878906,43.7400016784668,37.578731536865234
2008-02-20,43.2599983215332,43.939998626708984,37.75054168701172
2008-02-21,44.36000061035156,43.52000045776367,37.38971710205078
2008-02-22,43.66999816894531,43.68000030517578,37.52718734741211
2008-02-25,43.630001068115234,43.900001525878906,37.71619415283203
2008-02-26,43.650001525878906,44.06999969482422,37.86223602294922
2008-02-27,43.77000045776367,44.290000915527344,38.051246643066406
2008-02-28,44.119998931884766,44.119998931884766,37.90519332885742
2008-02-29,43.650001525878906,42.95000076293945,36.90001678466797
2008-03-03,42.91999816894531,42.66999816894531,36.65945053100586
2008-03-04,42.400001525878906,42.90999984741211,36.86562728881836
2008-03-05,42.9900016784668,43.119998931884766,37.04607391357422
2008-03-06,43.09000015258789,42.16999816894531,36.229854583740234
2008-03-07,41.91999816894531,42.06999969482422,36.14396667480469
2008-03-10,42.0099983215332,41.2599983215332,35.44805145263672
2008-03-11,41.86000061035156,42.83000183105469,36.79690933227539
2008-03-12,43.0,42.709999084472656,36.693809509277344
2008-03-13,42.22999954223633,43.040000915527344,36.977325439453125
2008-03-14,43.33000183105469,42.25,36.29861068725586
2008-03-17,41.290000915527344,41.47999954223633,35.63706588745117
2008-03-18,42.2400016784668,43.33000183105469,37.22649002075195
2008-03-19,43.5099983215332,42.2599983215332,36.30720901489258
2008-03-20,42.349998474121094,43.09000015258789,37.049217224121094
2008-03-24,43.279998779296875,44.58000183105469,38.330326080322266
2008-03-25,44.70000076293945,44.83000183105469,38.545291900634766
2008-03-26,44.66999816894531,44.70000076293945,38.43352127075195
2008-03-27,44.439998626708984,43.709999084472656,37.582271575927734
2008-03-28,44.02000045776367,43.4900016784668,37.39315414428711
2008-03-31,43.650001525878906,43.720001220703125,37.590904235839844
2008-04-01,44.41999816894531,45.59000015258789,39.19874572753906
2008-04-02,45.70000076293945,45.4900016784668,39.11275863647461
2008-04-03,45.290000915527344,45.59000015258789,39.19874572753906
2008-04-04,45.77000045776367,45.86000061035156,39.430885314941406
2008-04-07,46.13999938964844,45.7599983215332,39.34489440917969
2008-04-08,45.40999984741211,45.40999984741211,39.04396057128906
2008-04-09,45.470001220703125,44.900001525878906,38.6054801940918
2008-04-10,44.93000030517578,45.540000915527344,39.155757904052734
2008-04-11,45.02000045776367,44.279998779296875,38.072391510009766
2008-04-14,44.209999084472656,44.08000183105469,37.90043640136719
2008-04-15,44.2400016784668,44.13999938964844,37.9520149230957
2008-04-16,44.689998626708984,45.369998931884766,39.00957489013672
2008-04-17,45.41999816894531,45.27000045776367,38.92360305786133
2008-04-18,46.470001220703125,46.709999084472656,40.161739349365234
2008-04-21,46.619998931884766,47.040000915527344,40.44547653198242
2008-04-22,46.75,46.34000015258789,39.84361267089844
2008-04-23,46.68000030517578,46.849998474121094,40.282108306884766
2008-04-24,46.869998931884766,47.27000045776367,40.64323043823242
2008-04-25,47.31999969482422,47.150001525878906,40.54004669189453
2008-04-28,47.2599983215332,47.2400016784668,40.61742401123047
2008-04-29,47.150001525878906,47.599998474121094,40.92695999145508
2008-04-30,47.70000076293945,47.209999084472656,40.59164047241211
2008-05-01,47.22999954223633,48.70000076293945,41.87274932861328
2008-05-02,49.15999984741211,48.77000045776367,41.93293380737305
2008-05-05,48.77000045776367,48.630001068115234,41.81255340576172
2008-05-06,48.4900016784668,48.93000030517578,42.070499420166016
2008-05-07,48.939998626708984,48.040000915527344,41.305274963378906
2008-05-08,48.2400016784668,48.400001525878906,41.61482238769531
2008-05-09,48.040000915527344,48.209999084472656,41.45143508911133
2008-05-12,48.279998779296875,49.09000015258789,42.20808410644531
2008-05-13,49.11000061035156,49.220001220703125,42.31985092163086
2008-05-14,49.40999984741211,49.11000061035156,42.225276947021484
2008-05-15,49.119998931884766,49.970001220703125,42.964717864990234
2008-05-16,50.06999969482422,50.0099983215332,42.999088287353516
2008-05-19,50.04999923706055,49.650001525878906,42.68956756591797
2008-05-20,49.470001220703125,49.27000045776367,42.36285400390625
2008-05-21,49.33000183105469,48.18000030517578,41.4256477355957
2008-05-22,48.29999923706055,48.349998474121094,41.57182312011719
2008-05-23,48.18000030517578,48.20000076293945,41.44285202026367
2008-05-27,48.29999923706055,49.04999923706055,42.1736946105957
2008-05-28,49.279998779296875,49.25,42.34565353393555
2008-05-29,49.279998779296875,49.689998626708984,42.72396469116211
2008-05-30,49.880001068115234,50.0099983215332,42.999088287353516
2008-06-02,49.91999816894531,49.400001525878906,42.474613189697266
2008-06-03,49.59000015258789,49.130001068115234,42.242469787597656
2008-06-04,48.97999954223633,49.7599983215332,42.784149169921875
2008-06-05,49.88999938964844,50.54999923706055,43.46340560913086
2008-06-06,50.11000061035156,49.029998779296875,42.15646743774414
2008-06-09,49.130001068115234,48.77000045776367,41.93293380737305
2008-06-10,48.27000045776367,48.540000915527344,41.73519515991211
2008-06-11,48.439998626708984,47.369998931884766,40.72919464111328
2008-06-12,47.709999084472656,47.41999816894531,40.77220153808594
2008-06-13,47.709999084472656,48.369998931884766,41.58900833129883
2008-06-16,48.119998931884766,48.79999923706055,41.958717346191406
2008-06-17,48.95000076293945,48.540000915527344,41.73519515991211
2008-06-18,48.2599983215332,48.02000045776367,41.2880973815918
2008-06-19,47.93000030517578,48.77000045776367,41.93293380737305
2008-06-20,48.33000183105469,47.41999816894531,40.80064392089844
2008-06-23,47.61000061035156,47.04999923706055,40.4822883605957
2008-06-24,46.83000183105469,46.810001373291016,40.27579116821289
2008-06-25,47.0099983215332,47.56999969482422,40.9296989440918
2008-06-26,46.689998626708984,45.650001525878906,39.27772903442383
2008-06-27,45.599998474121094,45.650001525878906,39.27772903442383
2008-06-30,45.5099983215332,45.16999816894531,38.86471176147461
2008-07-01,44.810001373291016,45.810001373291016,39.415382385253906
2008-07-02,45.95000076293945,44.709999084472656,38.46892547607422
2008-07-03,44.97999954223633,44.630001068115234,38.40009689331055
2008-07-07,45.040000915527344,44.900001525878906,38.632423400878906
2008-07-08,44.95000076293945,45.970001220703125,39.55304718017578
2008-07-09,45.959999084472656,44.75,38.50336456298828
2008-07-10,44.81999969482422,45.279998779296875,38.95936584472656
2008-07-11,44.810001373291016,44.560001373291016,38.339866638183594
2008-07-14,45.13999938964844,44.22999954223633,38.05592346191406
2008-07-15,44.0099983215332,44.2400016784668,38.06454086303711
2008-07-16,44.36000061035156,45.34000015258789,39.010986328125
2008-07-17,45.61000061035156,45.63999938964844,39.26908874511719
2008-07-18,45.13999938964844,44.59000015258789,38.36566162109375
2008-07-21,45.0,44.779998779296875,38.529151916503906
2008-07-22,44.029998779296875,44.779998779296875,38.529151916503906
2008-07-23,44.849998474121094,45.369998931884766,39.036800384521484
2008-07-24,45.58000183105469,44.689998626708984,38.45170974731445
2008-07-25,44.97999954223633,45.27000045776367,38.950767517089844
2008-07-28,45.2599983215332,44.41999816894531,38.21940612792969
2008-07-29,44.61000061035156,45.34000015258789,39.010986328125
2008-07-30,45.470001220703125,45.56999969482422,39.20888137817383
2008-07-31,45.119998931884766,45.459999084472656,39.11422348022461
2008-08-01,45.5099983215332,44.880001068115234,38.61520767211914
2008-08-04,44.869998931884766,44.43000030517578,38.22801971435547
2008-08-05,44.88999938964844,45.93000030517578,39.51863098144531
2008-08-06,45.95000076293945,46.630001068115234,40.12092590332031
2008-08-07,46.349998474121094,46.27000045776367,39.81117630004883
2008-08-08,46.2400016784668,47.31999969482422,40.71460723876953
2008-08-11,47.29999923706055,47.75,41.08457946777344
2008-08-12,47.7400016784668,47.79999923706055,41.12758255004883
2008-08-13,47.720001220703125,47.70000076293945,41.04154968261719
2008-08-14,47.540000915527344,48.25,41.51477813720703
2008-08-15,48.33000183105469,48.15999984741211,41.43733596801758
2008-08-18,48.29999923706055,47.599998474121094,40.95551681518555
2008-08-19,47.36000061035156,47.0099983215332,40.4478759765625
2008-08-20,47.34000015258789,47.09000015258789,40.51670837402344
2008-08-21,46.7400016784668,46.869998931884766,40.327392578125
2008-08-22,47.119998931884766,47.4900016784668,40.86085510253906
2008-08-25,47.15999984741211,46.4900016784668,40.00045394897461
2008-08-26,46.52000045776367,46.43000030517578,39.948829650878906
2008-08-27,46.45000076293945,46.72999954223633,40.20696258544922
2008-08-28,46.91999816894531,47.11000061035156,40.53391647338867
2008-08-29,46.61000061035156,46.119998931884766,39.682090759277344
2008-09-02,46.869998931884766,45.54999923706055,39.19166564941406
2008-09-03,45.45000076293945,45.119998931884766,38.821720123291016
2008-09-04,44.86000061035156,43.65999984741211,37.565486907958984
2008-09-05,43.279998779296875,43.45000076293945,37.38481521606445
2008-09-08,44.02000045776367,43.369998931884766,37.31599426269531
2008-09-09,43.349998474121094,42.45000076293945,36.524417877197266
2008-09-10,42.86000061035156,42.79999923706055,36.82554626464844
2008-09-11,42.20000076293945,43.599998474121094,37.51387405395508
2008-09-12,43.22999954223633,43.43000030517578,37.36760330200195
2008-09-15,42.400001525878906,42.08000183105469,36.2060661315918
2008-09-16,41.47999954223633,42.40999984741211,36.4899787902832
2008-09-17,41.869998931884766,40.209999084472656,34.59709930419922
2008-09-18,41.099998474121094,41.56999969482422,35.767250061035156
2008-09-19,43.77000045776367,42.900001525878906,36.93645477294922
2008-09-22,42.7400016784668,40.880001068115234,35.197269439697266
2008-09-23,41.20000076293945,40.56999969482422,34.930362701416016
2008-09-24,40.810001373291016,40.849998474121094,35.17141342163086
2008-09-25,41.22999954223633,41.5,35.731075286865234
2008-09-26,40.310001373291016,41.08000183105469,35.369468688964844
2008-09-29,40.2599983215332,37.81999969482422,32.562618255615234
2008-09-30,37.720001220703125,38.90999984741211,33.50111770629883
2008-10-01,38.84000015258789,38.5,33.148109436035156
2008-10-02,38.25,36.75,31.641368865966797
2008-10-03,37.2599983215332,36.18000030517578,31.150611877441406
2008-10-06,35.2599983215332,34.86000061035156,30.01410675048828
2008-10-07,35.13999938964844,32.650001525878906,28.111318588256836
2008-10-08,31.950000762939453,32.38999938964844,27.8874568939209
2008-10-09,33.150001525878906,31.520000457763672,27.138402938842773
2008-10-10,30.520000457763672,31.31999969482422,26.966203689575195
2008-10-13,32.86000061035156,35.130001068115234,30.24658203125
2008-10-14,36.150001525878906,33.61000061035156,28.9378662109375
2008-10-15,33.22999954223633,30.600000381469727,26.346296310424805
2008-10-16,30.809999465942383,32.2599983215332,27.77552604675293
2008-10-17,31.670000076293945,32.29999923706055,27.809967041015625
2008-10-20,32.7599983215332,33.20000076293945,28.584871292114258
2008-10-21,32.65999984741211,31.479999542236328,27.103961944580078
2008-10-22,31.3700008392334,30.610000610351562,26.354904174804688
2008-10-23,30.489999771118164,30.489999771118164,26.251577377319336
2008-10-24,28.229999542236328,29.510000228881836,25.407808303833008
2008-10-27,29.170000076293945,28.690000534057617,24.70179557800293
2008-10-28,29.68000030517578,31.860000610351562,27.431140899658203
2008-10-29,31.90999984741211,31.780000686645508,27.362255096435547
2008-10-30,32.66999816894531,32.84000015258789,28.274898529052734
2008-10-31,32.369998931884766,32.88999938964844,28.317960739135742
2008-11-03,32.810001373291016,32.81999969482422,28.257692337036133
2008-11-04,33.459999084472656,33.75,29.05840301513672
2008-11-05,33.529998779296875,31.989999771118164,27.543066024780273
2008-11-06,31.489999771118164,30.559999465942383,26.311851501464844
2008-11-07,30.920000076293945,31.190000534057617,26.854278564453125
2008-11-10,31.969999313354492,30.770000457763672,26.492650985717773
2008-11-11,30.479999542236328,30.100000381469727,25.91579246520996
2008-11-12,29.649999618530273,28.709999084472656,24.71902084350586
2008-11-13,28.610000610351562,30.459999084472656,26.225749969482422
2008-11-14,29.780000686645508,28.979999542236328,24.951473236083984
2008-11-17,28.489999771118164,28.3700008392334,24.426288604736328
2008-11-18,28.559999465942383,28.34000015258789,24.40045166015625
2008-11-19,28.399999618530273,26.860000610351562,23.12618064880371
2008-11-20,26.530000686645508,25.559999465942383,22.00690269470215
2008-11-21,26.010000228881836,26.670000076293945,22.96259880065918
2008-11-24,27.219999313354492,28.299999237060547,24.36601448059082
2008-11-25,28.610000610351562,28.170000076293945,24.25408935546875
2008-11-26,27.8799991607666,29.350000381469727,25.270055770874023
2008-11-28,29.020000457763672,29.1200008392334,25.072031021118164
2008-12-01,28.5,26.93000030517578,23.186450958251953
2008-12-02,27.299999237060547,27.829999923706055,23.961341857910156
2008-12-03,27.1299991607666,28.6200008392334,24.64152717590332
2008-12-04,28.170000076293945,27.809999465942383,23.944129943847656
2008-12-05,27.5,28.940000534057617,24.917043685913086
2008-12-08,29.59000015258789,30.079999923706055,25.89857292175293
2008-12-09,29.68000030517578,30.010000228881836,25.838308334350586
2008-12-10,30.100000381469727,29.90999984741211,25.752206802368164
2008-12-11,29.809999465942383,29.09000015258789,25.04619789123535
2008-12-12,28.690000534057617,29.68000030517578,25.554180145263672
2008-12-15,29.729999542236328,29.15999984741211,25.106462478637695
2008-12-16,29.420000076293945,30.559999465942383,26.311851501464844
2008-12-17,30.25,30.190000534057617,25.993282318115234
2008-12-18,30.190000534057617,29.65999984741211,25.536964416503906
2008-12-19,29.93000030517578,29.860000610351562,25.746488571166992
2008-12-22,29.860000610351562,29.209999084472656,25.186033248901367
2008-12-23,29.329999923706055,29.059999465942383,25.05669593811035
2008-12-24,29.200000762939453,29.139999389648438,25.125673294067383
2008-12-26,29.200000762939453,29.1299991607666,25.117046356201172
2008-12-29,29.209999084472656,28.889999389648438,24.910112380981445
2008-12-30,28.969999313354492,29.489999771118164,25.427452087402344
2008-12-31,29.459999084472656,29.739999771118164,25.643014907836914
2009-01-02,29.75,31.030000686645508,26.755294799804688
2009-01-05,30.829999923706055,31.020000457763672,26.746679306030273
2009-01-06,31.25,31.329999923706055,27.01397705078125
2009-01-07,30.729999542236328,30.440000534057617,26.2465877532959
2009-01-08,30.3799991607666,30.760000228881836,26.522502899169922
2009-01-09,30.770000457763672,30.06999969482422,25.92755126953125
2009-01-12,30.110000610351562,29.520000457763672,25.45331573486328
2009-01-13,29.510000228881836,29.530000686645508,25.461950302124023
2009-01-14,29.190000534057617,28.6299991607666,24.68592643737793
2009-01-15,28.56999969482422,29.100000381469727,25.091184616088867
2009-01-16,29.5,29.420000076293945,25.36709976196289
2009-01-20,29.299999237060547,27.959999084472656,24.108226776123047
2009-01-21,28.43000030517578,29.149999618530273,25.134296417236328
2009-01-22,28.520000457763672,28.760000228881836,24.79801368713379
2009-01-23,28.290000915527344,28.899999618530273,24.91873550415039
2009-01-26,28.940000534057617,29.110000610351562,25.099811553955078
2009-01-27,29.1200008392334,29.31999969482422,25.280868530273438
2009-01-28,29.809999465942383,30.350000381469727,26.168975830078125
2009-01-29,29.979999542236328,29.579999923706055,25.50505256652832
2009-01-30,29.799999237060547,29.059999465942383,25.05669593811035
2009-02-02,28.780000686645508,29.40999984741211,25.358476638793945
2009-02-03,29.469999313354492,29.8700008392334,25.755107879638672
2009-02-04,29.940000534057617,29.90999984741211,25.789596557617188
2009-02-05,29.479999542236328,30.56999969482422,26.358671188354492
2009-02-06,30.68000030517578,31.3700008392334,27.048460006713867
2009-02-09,31.389999389648438,31.5,27.16056251525879
2009-02-10,31.299999237060547,30.34000015258789,26.16036033630371
2009-02-11,30.3799991607666,30.200000762939453,26.039648056030273
2009-02-12,29.850000381469727,30.56999969482422,26.358671188354492
2009-02-13,30.479999542236328,30.43000030517578,26.237964630126953
2009-02-17,29.489999771118164,29.219999313354492,25.19464874267578
2009-02-18,29.40999984741211,29.239999771118164,25.21188735961914
2009-02-19,29.420000076293945,28.790000915527344,24.823884963989258
2009-02-20,28.469999313354492,28.8700008392334,24.892868041992188
2009-02-23,29.030000686645508,27.860000610351562,24.022005081176758
2009-02-24,28.010000228881836,28.780000686645508,24.81525421142578
2009-02-25,28.610000610351562,28.59000015258789,24.65143394470215
2009-02-26,28.780000686645508,27.790000915527344,23.96164894104004
2009-02-27,27.5,27.530000686645508,23.73746109008789
2009-03-02,27.1200008392334,26.639999389648438,22.97007179260254
2009-03-03,26.860000610351562,26.6200008392334,22.952829360961914
2009-03-04,27.010000228881836,27.329999923706055,23.565013885498047
2009-03-05,27.030000686645508,26.510000228881836,22.85797882080078
2009-03-06,26.649999618530273,26.299999237060547,22.676910400390625
2009-03-09,26.09000015258789,25.739999771118164,22.19405174255371
2009-03-10,26.25,27.329999923706055,23.565013885498047
2009-03-11,27.610000610351562,27.75,23.927156448364258
2009-03-12,27.729999542236328,28.670000076293945,24.720417022705078
2009-03-13,28.65999984741211,28.739999771118164,24.780773162841797
2009-03-16,28.93000030517578,28.260000228881836,24.366897583007812
2009-03-17,28.399999618530273,29.329999923706055,25.289491653442383
2009-03-18,29.209999084472656,29.700000762939453,25.608524322509766
2009-03-19,30.110000610351562,29.68000030517578,25.591276168823242
2009-03-20,29.690000534057617,29.18000030517578,25.20176124572754
2009-03-23,29.899999618530273,30.899999618530273,26.687274932861328
2009-03-24,30.639999389648438,30.329999923706055,26.19498634338379
2009-03-25,30.59000015258789,30.469999313354492,26.315889358520508
2009-03-26,30.799999237060547,31.40999984741211,27.127735137939453
2009-03-27,31.0,30.81999969482422,26.618175506591797
2009-03-30,30.299999237060547,30.059999465942383,25.9617977142334
2009-03-31,30.290000915527344,30.31999969482422,26.186344146728516
2009-04-01,29.940000534057617,30.770000457763672,26.574995040893555
2009-04-02,31.31999969482422,31.760000228881836,27.430025100708008
2009-04-03,32.09000015258789,32.349998474121094,27.9395809173584
2009-04-06,31.989999771118164,32.27000045776367,27.87049102783203
2009-04-07,31.920000076293945,31.420000076293945,27.13637351989746
2009-04-08,31.729999542236328,31.950000762939453,27.594125747680664
2009-04-09,32.54999923706055,32.939998626708984,28.449146270751953
2009-04-13,32.84000015258789,32.88999938964844,28.40597152709961
2009-04-14,32.689998626708984,32.4900016784668,28.060501098632812
2009-04-15,32.2599983215332,32.400001525878906,27.9827823638916
2009-04-16,32.849998474121094,33.2400016784668,28.708253860473633
2009-04-17,33.16999816894531,33.310001373291016,28.76870346069336
2009-04-20,32.709999084472656,32.2400016784668,27.844585418701172
2009-04-21,32.119998931884766,32.689998626708984,28.23323631286621
2009-04-22,32.5,32.790000915527344,28.319591522216797
2009-04-23,33.0,33.11000061035156,28.595972061157227
2009-04-24,33.34000015258789,33.689998626708984,29.096912384033203
2009-04-27,33.41999816894531,33.72999954223633,29.131444931030273
2009-04-28,33.52000045776367,33.47999954223633,28.915529251098633
2009-04-29,33.75,33.939998626708984,29.31280517578125
2009-04-30,34.38999938964844,34.279998779296875,29.606460571289062
2009-05-01,34.27000045776367,34.369998931884766,29.684192657470703
2009-05-04,34.68000030517578,35.04999923706055,30.271488189697266
2009-05-05,34.9900016784668,35.02000045776367,30.245559692382812
2009-05-06,35.290000915527344,35.029998779296875,30.25421905517578
2009-05-07,35.27000045776367,34.209999084472656,29.545995712280273
2009-05-08,34.470001220703125,34.22999954223633,29.56327247619629
2009-05-11,33.790000915527344,34.349998474121094,29.66692352294922
2009-05-12,34.41999816894531,33.93000030517578,29.30417823791504
2009-05-13,33.630001068115234,33.02000045776367,28.518239974975586
2009-05-14,33.099998474121094,33.38999938964844,28.837797164916992
2009-05-15,33.34000015258789,33.369998931884766,28.820520401000977
2009-05-18,33.599998474121094,34.2400016784668,29.571910858154297
2009-05-19,34.15999984741211,34.400001525878906,29.710098266601562
2009-05-20,34.529998779296875,34.279998779296875,29.606460571289062
2009-05-21,34.02000045776367,33.650001525878906,29.062355041503906
2009-05-22,33.779998779296875,33.540000915527344,28.96734046936035
2009-05-26,33.25,34.790000915527344,30.04693031311035
2009-05-27,34.689998626708984,34.54999923706055,29.839645385742188
2009-05-28,34.7599983215332,34.95000076293945,30.18511390686035
2009-05-29,34.970001220703125,35.380001068115234,30.556507110595703
2009-06-01,35.7599983215332,36.38999938964844,31.428775787353516
2009-06-02,36.189998626708984,36.439998626708984,31.47199249267578
2009-06-03,36.33000183105469,36.33000183105469,31.376977920532227
2009-06-04,36.40999984741211,36.7400016784668,31.7310848236084
2009-06-05,36.959999084472656,36.779998779296875,31.765626907348633
2009-06-08,36.54999923706055,36.66999816894531,31.67061996459961
2009-06-09,36.84000015258789,36.95000076293945,31.912466049194336
2009-06-10,37.15999984741211,36.81999969482422,31.80017852783203
2009-06-11,36.77000045776367,36.81999969482422,31.80017852783203
2009-06-12,36.66999816894531,36.650001525878906,31.653352737426758
2009-06-15,36.29999923706055,35.900001525878906,31.005592346191406
2009-06-16,36.040000915527344,35.54999923706055,30.703306198120117
2009-06-17,35.70000076293945,35.88999938964844,30.99696922302246
2009-06-18,35.83000183105469,35.81999969482422,30.936506271362305
2009-06-19,36.04999923706055,36.15999984741211,31.268566131591797
2009-06-22,35.83000183105469,35.08000183105469,30.334665298461914
2009-06-23,35.18000030517578,35.0,30.265487670898438
2009-06-24,35.29999923706055,35.59000015258789,30.775659561157227
2009-06-25,35.36000061035156,36.290000915527344,31.380983352661133
2009-06-26,36.119998931884766,36.369998931884766,31.450151443481445
2009-06-29,36.470001220703125,36.45000076293945,31.519330978393555
2009-06-30,36.54999923706055,36.380001068115234,31.458803176879883
2009-07-01,36.560001373291016,36.400001525878906,31.476089477539062
2009-07-02,36.09000015258789,35.599998474121094,30.784305572509766
2009-07-06,35.380001068115234,35.40999984741211,30.62002182006836
2009-07-07,35.41999816894531,34.529998779296875,29.859066009521484
2009-07-08,34.7400016784668,34.709999084472656,30.014699935913086
2009-07-09,34.84000015258789,34.77000045776367,30.066585540771484
2009-07-10,34.66999816894531,34.91999816894531,30.196300506591797
2009-07-13,34.95000076293945,35.59000015258789,30.775659561157227
2009-07-14,35.54999923706055,35.720001220703125,30.88808250427246
2009-07-15,36.31999969482422,36.91999816894531,31.925739288330078
2009-07-16,36.75,37.36000061035156,32.30622863769531
2009-07-17,37.349998474121094,37.560001373291016,32.47920227050781
2009-07-20,37.7599983215332,37.91999816894531,32.790496826171875
2009-07-21,38.06999969482422,38.18000030517578,33.01530838012695
2009-07-22,38.209999084472656,38.5,33.29202651977539
2009-07-23,38.459999084472656,39.349998474121094,34.02703857421875
2009-07-24,38.93000030517578,39.04999923706055,33.76762771606445
2009-07-27,39.33000183105469,39.349998474121094,34.02703857421875
2009-07-28,39.18000030517578,39.08000183105469,33.79356002807617
2009-07-29,39.31999969482422,39.34000015258789,34.018402099609375
2009-07-30,39.75,39.56999969482422,34.217288970947266
2009-07-31,39.56999969482422,39.45000076293945,34.11353302001953
2009-08-03,39.869998931884766,40.040000915527344,34.62371063232422
2009-08-04,39.849998474121094,40.040000915527344,34.62371063232422
2009-08-05,40.130001068115234,39.72999954223633,34.35564041137695
2009-08-06,39.81999969482422,39.380001068115234,34.0529899597168
2009-08-07,39.91999816894531,39.880001068115234,34.48536682128906
2009-08-10,39.7400016784668,39.599998474121094,34.24322509765625
2009-08-11,39.470001220703125,39.2599983215332,33.949222564697266
2009-08-12,39.22999954223633,39.869998931884766,34.47671127319336
2009-08-13,40.11000061035156,40.09000015258789,34.66694641113281
2009-08-14,39.869998931884766,39.630001068115234,34.26918411254883
2009-08-17,38.959999084472656,38.47999954223633,33.27473068237305
2009-08-18,38.720001220703125,39.029998779296875,33.75032043457031
2009-08-19,38.56999969482422,39.29999923706055,33.98381042480469
2009-08-20,39.279998779296875,39.7599983215332,34.3815803527832
2009-08-21,39.9900016784668,40.290000915527344,34.839881896972656
2009-08-24,40.36000061035156,40.25,34.80530548095703
2009-08-25,40.34000015258789,40.369998931884766,34.90907669067383
2009-08-26,40.279998779296875,40.29999923706055,34.84851837158203
2009-08-27,40.290000915527344,40.400001525878906,34.93501281738281
2009-08-28,40.900001525878906,40.439998626708984,34.969581604003906
2009-08-31,40.13999938964844,40.029998779296875,34.61507034301758
2009-09-01,39.88999938964844,39.279998779296875,33.96651840209961
2009-09-02,39.06999969482422,39.25,33.940574645996094
2009-09-03,39.439998626708984,39.5099983215332,34.16539764404297
2009-09-04,39.58000183105469,40.36000061035156,34.90042495727539
2009-09-08,40.68000030517578,40.7400016784668,35.22903060913086
2009-09-09,40.77000045776367,41.09000015258789,35.531673431396484
2009-09-10,41.11000061035156,41.47999954223633,35.86891555786133
2009-09-11,41.5099983215332,41.52000045776367,35.90350341796875
2009-09-14,41.25,41.68000030517578,36.0418586730957
2009-09-15,41.650001525878906,41.810001373291016,36.15427780151367
2009-09-16,42.0,42.41999816894531,36.6817626953125
2009-09-17,42.310001373291016,42.40999984741211,36.67310333251953
2009-09-18,42.540000915527344,42.439998626708984,36.73457717895508
2009-09-21,42.20000076293945,42.56999969482422,36.84708023071289
2009-09-22,42.810001373291016,42.650001525878906,36.91633224487305
2009-09-23,42.83000183105469,42.45000076293945,36.74323272705078
2009-09-24,42.619998931884766,42.06999969482422,36.414306640625
2009-09-25,41.7599983215332,41.70000076293945,36.094058990478516
2009-09-28,41.93000030517578,42.40999984741211,36.708595275878906
2009-09-29,42.40999984741211,42.220001220703125,36.544151306152344
2009-09-30,42.38999938964844,42.25,36.57011413574219
2009-10-01,42.099998474121094,41.0,35.4881477355957
2009-10-02,40.720001220703125,40.880001068115234,35.38428497314453
2009-10-05,41.09000015258789,41.209999084472656,35.669921875
2009-10-06,41.439998626708984,41.939998626708984,36.30178451538086
2009-10-07,41.88999938964844,42.060001373291016,36.40565872192383
2009-10-08,42.310001373291016,42.2400016784668,36.56143569946289
2009-10-09,42.150001525878906,42.47999954223633,36.769203186035156
2009-10-12,42.650001525878906,42.56999969482422,36.84708023071289
2009-10-13,42.529998779296875,42.58000183105469,36.85576629638672
2009-10-14,43.11000061035156,43.15999984741211,37.357765197753906
2009-10-15,42.93000030517578,43.060001373291016,37.271209716796875
2009-10-16,42.900001525878906,42.779998779296875,37.02886962890625
2009-10-19,42.810001373291016,43.209999084472656,37.40104675292969
2009-10-20,43.459999084472656,43.220001220703125,37.409706115722656
2009-10-21,43.209999084472656,43.13999938964844,37.34046936035156
2009-10-22,43.060001373291016,43.310001373291016,37.487606048583984
2009-10-23,43.72999954223633,43.130001068115234,37.331790924072266
2009-10-26,43.20000076293945,42.9900016784668,37.21063232421875
2009-10-27,42.93000030517578,42.34000015258789,36.64801025390625
2009-10-28,42.189998626708984,41.38999938964844,35.82572555541992
2009-10-29,41.630001068115234,42.09000015258789,36.43162155151367
2009-10-30,42.060001373291016,40.959999084472656,35.45351791381836
2009-11-02,41.0,41.130001068115234,35.60069274902344
2009-11-03,40.90999984741211,41.2599983215332,35.713191986083984
2009-11-04,41.529998779296875,41.33000183105469,35.77378463745117
2009-11-05,41.810001373291016,42.349998474121094,36.65666580200195
2009-11-06,42.119998931884766,42.599998474121094,36.87306594848633
2009-11-09,42.93000030517578,43.5099983215332,37.66072082519531
2009-11-10,43.459999084472656,43.619998931884766,37.755950927734375
2009-11-11,43.95000076293945,43.900001525878906,37.998287200927734
2009-11-12,43.93000030517578,43.650001525878906,37.781898498535156
2009-11-13,43.779998779296875,44.0099983215332,38.09349060058594
2009-11-16,44.20000076293945,44.459999084472656,38.483001708984375
2009-11-17,44.34000015258789,44.599998474121094,38.604183197021484
2009-11-18,44.459999084472656,44.349998474121094,38.387786865234375
2009-11-19,44.04999923706055,43.65999984741211,37.790557861328125
2009-11-20,43.43000030517578,43.439998626708984,37.600128173828125
2009-11-23,43.88999938964844,44.13999938964844,38.20602035522461
2009-11-24,44.119998931884766,43.9900016784668,38.076202392578125
2009-11-25,44.13999938964844,44.18000030517578,38.24065399169922
2009-11-27,42.970001220703125,43.5099983215332,37.66072082519531
2009-11-30,43.40999984741211,43.560001373291016,37.70399475097656
2009-12-01,43.88999938964844,44.0099983215332,38.09349060058594
2009-12-02,44.15999984741211,44.06999969482422,38.14543914794922
2009-12-03,44.22999954223633,43.88999938964844,37.989627838134766
2009-12-04,44.45000076293945,44.119998931884766,38.18871307373047
2009-12-07,44.09000015258789,43.90999984741211,38.00693130493164
2009-12-08,43.65999984741211,43.63999938964844,37.773231506347656
2009-12-09,43.599998474121094,44.08000183105469,38.15410232543945
2009-12-10,44.27000045776367,44.29999923706055,38.344505310058594
2009-12-11,44.540000915527344,44.130001068115234,38.197364807128906
2009-12-14,44.43000030517578,44.54999923706055,38.560890197753906
2009-12-15,44.40999984741211,44.29999923706055,38.344505310058594
2009-12-16,44.470001220703125,44.36000061035156,38.39647674560547
2009-12-17,44.15999984741211,43.81999969482422,37.92904281616211
2009-12-18,44.15999984741211,44.459999084472656,38.54723358154297
2009-12-21,44.689998626708984,44.959999084472656,38.98072052001953
2009-12-22,45.11000061035156,45.22999954223633,39.21482467651367
2009-12-23,45.31999969482422,45.560001373291016,39.50093078613281
2009-12-24,45.61000061035156,45.97999954223633,39.865089416503906
2009-12-28,46.09000015258789,46.220001220703125,40.07316589355469
2009-12-29,46.22999954223633,46.029998779296875,39.908409118652344
2009-12-30,45.97999954223633,46.16999816894531,40.02980041503906
2009-12-31,46.2599983215332,45.75,39.665672302246094
2010-01-04,46.33000183105469,46.41999816894531,40.24656295776367
2010-01-05,46.38999938964844,46.41999816894531,40.24656295776367
2010-01-06,46.400001525878906,46.13999938964844,40.00381088256836
2010-01-07,46.209999084472656,46.16999816894531,40.02980041503906
2010-01-08,46.06999969482422,46.54999923706055,40.35927200317383
2010-01-11,46.61000061035156,46.36000061035156,40.19452667236328
2010-01-12,46.08000183105469,45.779998779296875,39.69166564941406
2010-01-13,45.91999816894531,46.349998474121094,40.185882568359375
2010-01-14,46.2599983215332,46.38999938964844,40.220542907714844
2010-01-15,46.470001220703125,45.849998474121094,39.75236511230469
2010-01-19,45.959999084472656,46.59000015258789,40.39397048950195
2010-01-20,46.2599983215332,45.91999816894531,39.81305694580078
2010-01-21,46.04999923706055,45.4900016784668,39.44023895263672
2010-01-22,45.34000015258789,44.15999984741211,38.28711700439453
2010-01-25,44.43000030517578,44.310001373291016,38.41716766357422
2010-01-26,44.2599983215332,44.349998474121094,38.451866149902344
2010-01-27,44.27000045776367,44.70000076293945,38.75530242919922
2010-01-28,44.400001525878906,43.54999923706055,37.75825119018555
2010-01-29,43.90999984741211,42.790000915527344,37.099327087402344
2010-02-01,42.900001525878906,43.2599983215332,37.5068244934082
2010-02-02,43.33000183105469,43.650001525878906,37.84495544433594
2010-02-03,43.439998626708984,43.88999938964844,38.05302429199219
2010-02-04,43.56999969482422,42.619998931884766,36.95191955566406
2010-02-05,42.72999954223633,42.97999954223633,37.26405334472656
2010-02-08,42.90999984741211,42.66999816894531,36.99525451660156
2010-02-09,43.18000030517578,43.11000061035156,37.37674331665039
2010-02-10,43.11000061035156,43.02000045776367,37.298736572265625
2010-02-11,43.029998779296875,43.66999816894531,37.8622932434082
2010-02-12,43.279998779296875,43.7599983215332,37.940330505371094
2010-02-16,44.08000183105469,44.31999969482422,38.425838470458984
2010-02-17,44.52000045776367,44.56999969482422,38.6425895690918
2010-02-18,44.540000915527344,44.849998474121094,38.88536834716797
2010-02-19,44.72999954223633,44.83000183105469,38.86803436279297
2010-02-22,45.0099983215332,44.7400016784668,38.78998565673828
2010-02-23,44.709999084472656,44.15999984741211,38.28711700439453
2010-02-24,44.38999938964844,44.61000061035156,38.67728042602539
2010-02-25,44.13999938964844,44.599998474121094,38.668601989746094
2010-02-26,44.59000015258789,44.7599983215332,38.80733871459961
2010-03-01,44.959999084472656,45.40999984741211,39.37089157104492
2010-03-02,45.56999969482422,45.54999923706055,39.492252349853516
2010-03-03,45.65999984741211,45.599998474121094,39.535621643066406
2010-03-04,45.630001068115234,45.75,39.665672302246094
2010-03-05,46.09000015258789,46.439998626708984,40.26390075683594
2010-03-08,46.459999084472656,46.529998779296875,40.3419189453125
2010-03-09,46.43000030517578,46.790000915527344,40.567352294921875
2010-03-10,46.81999969482422,47.16999816894531,40.89681625366211
2010-03-11,47.060001373291016,47.349998474121094,41.05289077758789
2010-03-12,47.5,47.36000061035156,41.061546325683594
2010-03-15,47.2599983215332,47.2400016784668,40.95750427246094
2010-03-16,47.38999938964844,47.540000915527344,41.217620849609375
2010-03-17,47.61000061035156,47.66999816894531,41.33032989501953
2010-03-18,47.709999084472656,47.83000183105469,41.46904373168945
2010-03-19,47.91999816894531,47.4900016784668,41.21821212768555
2010-03-22,47.29999923706055,47.91999816894531,41.591407775878906
2010-03-23,47.9900016784668,48.25,41.877838134765625
2010-03-24,48.16999816894531,48.02000045776367,41.67821502685547
2010-03-25,48.41999816894531,47.95000076293945,41.61747360229492
2010-03-26,48.150001525878906,48.0,41.660858154296875
2010-03-29,48.2400016784668,48.22999954223633,41.86048126220703
2010-03-30,48.380001068115234,48.38999938964844,41.99935531616211
2010-03-31,48.2400016784668,48.15999984741211,41.79972839355469
2010-04-01,48.36000061035156,48.15999984741211,41.79972839355469
2010-04-05,48.27000045776367,48.61000061035156,42.190311431884766
2010-04-06,48.5,48.75,42.31180953979492
2010-04-07,48.68000030517578,48.630001068115234,42.20764923095703
2010-04-08,48.4900016784668,48.7400016784668,42.30313491821289
2010-04-09,48.75,49.029998779296875,42.55484390258789
2010-04-12,49.04999923706055,49.06999969482422,42.58953857421875
2010-04-13,49.02000045776367,49.31999969482422,42.80653762817383
2010-04-14,49.58000183105469,49.90999984741211,43.31861114501953
2010-04-15,49.869998931884766,50.130001068115234,43.509552001953125
2010-04-16,49.95000076293945,49.529998779296875,42.988800048828125
2010-04-19,49.349998474121094,49.5,42.962772369384766
2010-04-20,49.77000045776367,49.75,43.17973709106445
2010-04-21,50.09000015258789,50.029998779296875,43.422767639160156
2010-04-22,49.54999923706055,50.310001373291016,43.665775299072266
2010-04-23,50.29999923706055,50.52000045776367,43.848045349121094
2010-04-26,50.56999969482422,50.40999984741211,43.75258255004883
2010-04-27,50.209999084472656,49.34000015258789,42.82389450073242
2010-04-28,49.599998474121094,49.369998931884766,42.84991455078125
2010-04-29,49.650001525878906,50.22999954223633,43.59634017944336
2010-04-30,50.209999084472656,49.2400016784668,42.73710632324219
2010-05-03,49.45000076293945,49.93000030517578,43.33597183227539
2010-05-04,49.31999969482422,48.43000030517578,42.03407669067383
2010-05-05,47.91999816894531,48.18000030517578,41.81709289550781
2010-05-06,47.849998474121094,46.56999969482422,40.419708251953125
2010-05-07,46.220001220703125,45.40999984741211,39.41291809082031
2010-05-10,47.43000030517578,47.77000045776367,41.46125030517578
2010-05-11,47.290000915527344,47.720001220703125,41.417842864990234
2010-05-12,47.97999954223633,48.619998931884766,42.19896697998047
2010-05-13,48.40999984741211,47.849998474121094,41.5306510925293
2010-05-14,47.4900016784668,46.93000030517578,40.73216247558594
2010-05-17,47.02000045776367,47.08000183105469,40.86237335205078
2010-05-18,47.47999954223633,46.43000030517578,40.29820251464844
2010-05-19,46.2599983215332,46.060001373291016,39.9770622253418
2010-05-20,45.15999984741211,44.349998474121094,38.49290466308594
2010-05-21,43.65999984741211,44.84000015258789,38.91818618774414
2010-05-24,44.81999969482422,44.65999984741211,38.76194763183594
2010-05-25,43.68000030517578,44.70000076293945,38.79666519165039
2010-05-26,45.0099983215332,44.20000076293945,38.36270523071289
2010-05-27,45.20000076293945,45.869998931884766,39.81216049194336
2010-05-28,45.95000076293945,45.599998474121094,39.577816009521484
2010-06-01,45.43000030517578,45.18000030517578,39.213279724121094
2010-06-02,45.439998626708984,46.25,40.14197540283203
2010-06-03,46.380001068115234,46.689998626708984,40.523868560791016
2010-06-04,45.70000076293945,45.09000015258789,39.135169982910156
2010-06-07,45.31999969482422,44.27000045776367,38.423458099365234
2010-06-08,44.349998474121094,44.189998626708984,38.35402297973633
2010-06-09,44.5,43.81999969482422,38.032894134521484
2010-06-10,44.36000061035156,45.06999969482422,39.11781311035156
2010-06-11,44.61000061035156,45.5,39.49101638793945
2010-06-14,45.91999816894531,45.4900016784668,39.482337951660156
2010-06-15,45.72999954223633,46.709999084472656,40.54122543334961
2010-06-16,46.58000183105469,46.900001525878906,40.70612716674805
2010-06-17,47.15999984741211,47.04999923706055,40.8363151550293
2010-06-18,47.04999923706055,47.0,40.87022399902344
2010-06-21,47.599998474121094,46.599998474121094,40.522403717041016
2010-06-22,46.79999923706055,46.2400016784668,40.20936584472656
2010-06-23,46.290000915527344,46.04999923706055,40.044124603271484
2010-06-24,45.849998474121094,45.349998474121094,39.435428619384766
2010-06-25,45.5099983215332,45.27000045776367,39.44328689575195
2010-06-28,45.27000045776367,45.11000061035156,39.30385208129883
2010-06-29,44.41999816894531,43.369998931884766,37.78781509399414
2010-06-30,43.22999954223633,42.709999084472656,37.2127685546875
2010-07-01,42.84000015258789,42.59000015258789,37.108219146728516
2010-07-02,42.65999984741211,42.470001220703125,37.00365447998047
2010-07-06,43.099998474121094,42.599998474121094,37.116912841796875
2010-07-07,42.7400016784668,43.959999084472656,38.3018798828125
2010-07-08,44.310001373291016,44.20000076293945,38.51097869873047
2010-07-09,44.18000030517578,44.619998931884766,38.87693405151367
2010-07-12,44.58000183105469,44.75,38.99020004272461
2010-07-13,45.13999938964844,45.33000183105469,39.49555969238281
2010-07-14,45.41999816894531,45.560001373291016,39.695945739746094
2010-07-15,45.470001220703125,45.599998474121094,39.73078918457031
2010-07-16,45.439998626708984,44.34000015258789,38.63297653198242
2010-07-19,44.470001220703125,44.720001220703125,38.96406936645508
2010-07-20,44.0,45.2599983215332,39.434539794921875
2010-07-21,45.7400016784668,44.63999938964844,38.89436721801758
2010-07-22,45.27000045776367,45.77000045776367,39.878910064697266
2010-07-23,45.459999084472656,46.060001373291016,40.131568908691406
2010-07-26,46.119998931884766,46.439998626708984,40.46267318725586
2010-07-27,46.63999938964844,46.41999816894531,40.44524383544922
2010-07-28,46.369998931884766,46.04999923706055,40.122867584228516
2010-07-29,46.31999969482422,45.709999084472656,39.8266487121582
2010-07-30,45.33000183105469,45.810001373291016,39.913761138916016
2010-08-02,46.38999938964844,46.66999816894531,40.663063049316406
2010-08-03,46.63999938964844,46.470001220703125,40.488807678222656
2010-08-04,46.68000030517578,46.939998626708984,40.89833068847656
2010-08-05,46.709999084472656,46.83000183105469,40.80248260498047
2010-08-06,46.31999969482422,46.7599983215332,40.741493225097656
2010-08-09,47.0,47.08000183105469,41.02031707763672
2010-08-10,46.70000076293945,46.66999816894531,40.663063049316406
2010-08-11,45.900001525878906,45.400001525878906,39.55654525756836
2010-08-12,44.529998779296875,45.040000915527344,39.242881774902344
2010-08-13,44.869998931884766,44.720001220703125,38.96406936645508
2010-08-16,44.5,44.79999923706055,39.03376770019531
2010-08-17,45.119998931884766,45.369998931884766,39.530391693115234
2010-08-18,45.279998779296875,45.54999923706055,39.687225341796875
2010-08-19,45.279998779296875,44.86000061035156,39.08604431152344
2010-08-20,44.790000915527344,44.91999816894531,39.13832473754883
2010-08-23,45.20000076293945,44.47999954223633,38.75495147705078
2010-08-24,43.970001220703125,43.650001525878906,38.031768798828125
2010-08-25,43.34000015258789,44.06999969482422,38.39773178100586
2010-08-26,44.220001220703125,43.540000915527344,37.93593215942383
2010-08-27,43.86000061035156,44.06999969482422,38.39773178100586
2010-08-30,43.86000061035156,43.61000061035156,37.99692916870117
2010-08-31,43.380001068115234,43.459999084472656,37.86622619628906
2010-09-01,44.099998474121094,44.7599983215332,38.9989013671875
2010-09-02,44.84000015258789,45.2599983215332,39.434539794921875
2010-09-03,45.7599983215332,46.0099983215332,40.08802032470703
2010-09-07,45.81999969482422,45.70000076293945,39.817928314208984
2010-09-08,45.83000183105469,46.25,40.29713821411133
2010-09-09,46.65999984741211,46.43000030517578,40.453956604003906
2010-09-10,46.47999954223633,46.599998474121094,40.60206985473633
2010-09-13,46.959999084472656,47.25,41.16841506958008
2010-09-14,47.189998626708984,47.45000076293945,41.34268569946289
2010-09-15,47.33000183105469,47.75,41.60407257080078
2010-09-16,47.65999984741211,47.939998626708984,41.76960372924805
2010-09-17,48.13999938964844,47.9900016784668,41.911094665527344
2010-09-20,48.16999816894531,48.83000183105469,42.644691467285156
2010-09-21,48.86000061035156,48.81999969482422,42.635948181152344
2010-09-22,48.619998931884766,48.689998626708984,42.52241897583008
2010-09-23,48.369998931884766,48.66999816894531,42.504940032958984
2010-09-24,49.220001220703125,49.65999984741211,43.369564056396484
2010-09-27,49.630001068115234,49.38999938964844,43.13373565673828
2010-09-28,49.5099983215332,49.369998931884766,43.11628341674805
2010-09-29,49.29999923706055,49.290000915527344,43.04642868041992
2010-09-30,49.540000915527344,49.06999969482422,42.85429763793945
2010-10-01,49.47999954223633,49.0099983215332,42.801883697509766
2010-10-04,48.869998931884766,48.47999954223633,42.339012145996094
2010-10-05,49.029998779296875,49.65999984741211,43.369564056396484
2010-10-06,49.599998474121094,49.22999954223633,42.994022369384766
2010-10-07,49.5099983215332,49.40999984741211,43.15121841430664
2010-10-08,49.43000030517578,49.75,43.448143005371094
2010-10-11,49.779998779296875,49.77000045776367,43.46562194824219
2010-10-12,49.689998626708984,50.11000061035156,43.76255416870117
2010-10-13,50.43000030517578,50.52000045776367,44.12062072753906
2010-10-14,50.54999923706055,50.41999816894531,44.03329086303711
2010-10-15,51.040000915527344,51.4900016784668,44.96774673461914
2010-10-18,51.5,51.29999923706055,44.80183029174805
2010-10-19,50.81999969482422,50.81999969482422,44.38261032104492
2010-10-20,50.959999084472656,51.189998626708984,44.70574951171875
2010-10-21,51.5099983215332,51.290000915527344,44.793087005615234
2010-10-22,51.29999923706055,51.63999938964844,45.098724365234375
2010-10-25,51.849998474121094,51.88999938964844,45.31707763671875
2010-10-26,51.630001068115234,52.029998779296875,45.4393424987793
2010-10-27,51.7599983215332,52.189998626708984,45.57907485961914
2010-10-28,52.40999984741211,52.29999923706055,45.675132751464844
2010-10-29,52.29999923706055,52.18000030517578,45.57033157348633
2010-11-01,52.369998931884766,52.220001220703125,45.60527801513672
2010-11-02,52.650001525878906,52.779998779296875,46.09433364868164
2010-11-03,52.83000183105469,53.02000045776367,46.3039436340332
2010-11-04,53.599998474121094,53.66999816894531,46.87160873413086
2010-11-05,53.70000076293945,53.66999816894531,46.87160873413086
2010-11-08,53.58000183105469,53.7400016784668,46.9327278137207
2010-11-09,53.95000076293945,53.45000076293945,46.67947006225586
2010-11-10,53.52000045776367,53.720001220703125,46.915279388427734
2010-11-11,52.90999984741211,53.380001068115234,46.618343353271484
2010-11-12,53.099998474121094,52.5099983215332,45.8585319519043
2010-11-15,52.779998779296875,52.310001373291016,45.68387985229492
2010-11-16,51.939998626708984,51.45000076293945,44.932823181152344
2010-11-17,51.47999954223633,51.599998474121094,45.063819885253906
2010-11-18,52.15999984741211,52.43000030517578,45.78868103027344
2010-11-19,52.36000061035156,52.470001220703125,45.8236083984375
2010-11-22,52.2599983215332,52.90999984741211,46.2078742980957
2010-11-23,52.369998931884766,52.06999969482422,45.47427749633789
2010-11-24,52.58000183105469,53.119998931884766,46.391273498535156
2010-11-26,52.779998779296875,52.77000045776367,46.085601806640625
2010-11-29,52.70000076293945,52.72999954223633,46.0506706237793
2010-11-30,52.18000030517578,52.09000015258789,45.49174499511719
2010-12-01,52.86000061035156,53.189998626708984,46.45240020751953
2010-12-02,53.27000045776367,53.72999954223633,46.92401123046875
2010-12-03,53.5,53.869998931884766,47.04627227783203
2010-12-06,53.880001068115234,53.849998474121094,47.02881622314453
2010-12-07,54.5,53.880001068115234,47.054996490478516
2010-12-08,54.02000045776367,54.08000183105469,47.22967529296875
2010-12-09,54.40999984741211,54.130001068115234,47.273319244384766
2010-12-10,54.290000915527344,54.4900016784668,47.587745666503906
2010-12-13,54.70000076293945,54.29999923706055,47.42181396484375
2010-12-14,54.439998626708984,54.400001525878906,47.50914001464844
2010-12-15,54.369998931884766,54.15999984741211,47.29953384399414
2010-12-16,54.209999084472656,54.58000183105469,47.666324615478516
2010-12-17,54.540000915527344,54.52000045776367,47.708343505859375
2010-12-20,54.619998931884766,54.560001373291016,47.74333953857422
2010-12-21,54.77000045776367,54.88999938964844,48.032100677490234
2010-12-22,54.869998931884766,54.880001068115234,48.02336502075195
2010-12-23,54.779998779296875,54.7400016784668,47.900848388671875
2010-12-27,54.58000183105469,54.77000045776367,47.92709732055664
2010-12-28,54.880001068115234,54.66999816894531,47.839576721191406
2010-12-29,54.81999969482422,54.790000915527344,47.94460678100586
2010-12-30,54.790000915527344,54.65999984741211,47.830841064453125
2010-12-31,54.59000015258789,54.459999084472656,47.65583419799805
2011-01-03,54.970001220703125,55.310001373291016,48.399635314941406
2011-01-04,55.5099983215332,55.27000045776367,48.3646354675293
2011-01-05,55.099998474121094,55.7400016784668,48.77590560913086
2011-01-06,55.79999923706055,55.91999816894531,48.93339920043945
2011-01-07,56.02000045776367,55.869998931884766,48.889671325683594
2011-01-10,55.75,56.08000183105469,49.07343673706055
2011-01-11,56.310001373291016,56.15999984741211,49.143428802490234
2011-01-12,56.43000030517578,56.560001373291016,49.49347686767578
2011-01-13,56.599998474121094,56.58000183105469,49.510955810546875
2011-01-14,56.599998474121094,57.0,49.878475189208984
2011-01-18,56.56999969482422,57.15999984741211,50.018489837646484
2011-01-19,57.2599983215332,56.5099983215332,49.449710845947266
2011-01-20,56.27000045776367,56.11000061035156,49.09968566894531
2011-01-21,56.38999938964844,55.68000030517578,48.72339630126953
2011-01-24,55.790000915527344,56.45000076293945,49.39719772338867
2011-01-25,56.16999816894531,56.529998779296875,49.46720886230469
2011-01-26,56.61000061035156,56.83000183105469,49.72970962524414
2011-01-27,57.0099983215332,57.18000030517578,50.036006927490234
2011-01-28,57.16999816894531,55.72999954223633,48.76715850830078
2011-01-31,55.810001373291016,56.0,49.00344467163086
2011-02-01,56.41999816894531,57.04999923706055,49.92224884033203
2011-02-02,56.93000030517578,56.959999084472656,49.84349060058594
2011-02-03,56.849998474121094,57.060001373291016,49.93098068237305
2011-02-04,57.04999923706055,57.380001068115234,50.211002349853516
2011-02-07,57.4900016784668,57.650001525878906,50.447265625
2011-02-08,57.66999816894531,58.029998779296875,50.779788970947266
2011-02-09,57.939998626708984,57.93000030517578,50.69230270385742
2011-02-10,57.54999923706055,58.02000045776367,50.77104949951172
2011-02-11,57.849998474121094,58.439998626708984,51.1385612487793
2011-02-14,58.439998626708984,58.58000183105469,51.26108932495117
2011-02-15,58.439998626708984,58.5,51.19108200073242
2011-02-16,58.650001525878906,58.880001068115234,51.523616790771484
2011-02-17,58.59000015258789,58.86000061035156,51.506103515625
2011-02-18,58.86000061035156,58.72999954223633,51.392330169677734
2011-02-22,57.93000030517578,57.029998779296875,49.904747009277344
2011-02-23,57.029998779296875,56.560001373291016,49.49347686767578
2011-02-24,56.68000030517578,56.86000061035156,49.75598907470703
2011-02-25,57.18000030517578,57.650001525878906,50.447265625
2011-02-28,57.880001068115234,57.77000045776367,50.552284240722656
2011-03-01,58.02000045776367,56.84000015258789,49.73849105834961
2011-03-02,56.810001373291016,57.13999938964844,50.000999450683594
2011-03-03,57.66999816894531,58.27000045776367,50.989810943603516
2011-03-04,58.25,57.970001220703125,50.727291107177734
2011-03-07,58.209999084472656,57.189998626708984,50.04474639892578
2011-03-08,57.119998931884766,57.41999816894531,50.24600601196289
2011-03-09,57.209999084472656,57.029998779296875,49.904747009277344
2011-03-10,56.38999938964844,56.13999938964844,49.12594223022461
2011-03-11,55.81999969482422,56.4900016784668,49.43220520019531
2011-03-14,56.18000030517578,56.290000915527344,49.2571907043457
2011-03-15,54.63999938964844,55.4900016784668,48.557151794433594
2011-03-16,55.029998779296875,54.150001525878906,47.38457489013672
2011-03-17,55.0099983215332,54.650001525878906,47.822105407714844
2011-03-18,55.220001220703125,54.45000076293945,47.71432113647461
2011-03-21,55.279998779296875,55.5,48.634422302246094
2011-03-22,55.58000183105469,55.400001525878906,48.546791076660156
2011-03-23,55.20000076293945,55.709999084472656,48.81844711303711
2011-03-24,56.130001068115234,56.70000076293945,49.68598556518555
2011-03-25,56.880001068115234,56.84000015258789,49.80866241455078
2011-03-28,57.09000015258789,56.529998779296875,49.5369987487793
2011-03-29,56.400001525878906,57.08000183105469,50.01898193359375
2011-03-30,57.36000061035156,57.349998474121094,50.25557327270508
2011-03-31,57.25,57.43000030517578,50.32566833496094
2011-04-01,57.720001220703125,57.459999084472656,50.351951599121094
2011-04-04,57.619998931884766,57.27000045776367,50.185462951660156
2011-04-05,57.15999984741211,57.119998931884766,50.05402374267578
2011-04-06,57.560001373291016,57.2599983215332,50.176700592041016
2011-04-07,57.2400016784668,57.220001220703125,50.14164733886719
2011-04-08,57.47999954223633,56.95000076293945,49.90505599975586
2011-04-11,57.16999816894531,56.7599983215332,49.73855972290039
2011-04-12,56.5,56.369998931884766,49.39680099487305
2011-04-13,56.790000915527344,56.849998474121094,49.81742858886719
2011-04-14,56.459999084472656,56.75,49.72978973388672
2011-04-15,56.529998779296875,56.650001525878906,49.64216995239258
2011-04-18,56.08000183105469,56.25,49.29165267944336
2011-04-19,56.400001525878906,56.599998474121094,49.59834289550781
2011-04-20,57.599998474121094,57.880001068115234,50.72001647949219
2011-04-21,58.439998626708984,58.34000015258789,51.12310791015625
2011-04-25,58.38999938964844,58.4900016784668,51.25454330444336
2011-04-26,58.63999938964844,58.81999969482422,51.543724060058594
2011-04-27,58.93000030517578,59.220001220703125,51.89424514770508
2011-04-28,59.040000915527344,59.130001068115234,51.81538772583008
2011-04-29,59.02000045776367,59.08000183105469,51.77157211303711
2011-05-02,59.16999816894531,58.970001220703125,51.6751708984375
2011-05-03,58.939998626708984,58.689998626708984,51.4297981262207
2011-05-04,58.720001220703125,58.599998474121094,51.35093688964844
2011-05-05,58.310001373291016,58.279998779296875,51.070518493652344
2011-05-06,58.86000061035156,58.470001220703125,51.237030029296875
2011-05-09,58.56999969482422,58.689998626708984,51.4297981262207
2011-05-10,58.86000061035156,59.189998626708984,51.867958068847656
2011-05-11,59.099998474121094,58.7599983215332,51.49116516113281
2011-05-12,58.58000183105469,59.11000061035156,51.7978515625
2011-05-13,58.970001220703125,58.40999984741211,51.1844482421875
2011-05-16,58.13999938964844,57.400001525878906,50.29939270019531
2011-05-17,57.099998474121094,57.560001373291016,50.43960189819336
2011-05-18,57.47999954223633,58.040000915527344,50.86021423339844
2011-05-19,58.220001220703125,58.209999084472656,51.009178161621094
2011-05-20,58.150001525878906,57.77000045776367,50.62361145019531
2011-05-23,56.97999954223633,56.91999816894531,49.87875747680664
2011-05-24,57.060001373291016,56.56999969482422,49.57205581665039
2011-05-25,56.5,56.790000915527344,49.76484298706055
2011-05-26,56.619998931884766,57.13999938964844,50.07155227661133
2011-05-27,57.2400016784668,57.43000030517578,50.32566833496094
2011-05-31,57.970001220703125,58.36000061035156,51.140621185302734
2011-06-01,58.220001220703125,57.09000015258789,50.02772521972656
2011-06-02,57.20000076293945,57.209999084472656,50.13289260864258
2011-06-03,56.54999923706055,56.349998474121094,49.379276275634766
2011-06-06,56.220001220703125,55.88999938964844,48.9761848449707
2011-06-07,56.040000915527344,55.790000915527344,48.8885383605957
2011-06-08,55.66999816894531,55.38999938964844,48.53802490234375
2011-06-09,55.40999984741211,55.4900016784668,48.625667572021484
2011-06-10,55.22999954223633,54.63999938964844,47.88080978393555
2011-06-13,54.66999816894531,54.63999938964844,47.88080978393555
2011-06-14,55.060001373291016,55.34000015258789,48.49421310424805
2011-06-15,54.810001373291016,54.290000915527344,47.5741081237793
2011-06-16,54.31999969482422,54.08000183105469,47.39009094238281
2011-06-17,54.400001525878906,53.790000915527344,47.24165344238281
2011-06-20,53.63999938964844,54.06999969482422,47.48756408691406
2011-06-21,54.2599983215332,55.22999954223633,48.50634765625
2011-06-22,55.0,54.83000183105469,48.15505599975586
2011-06-23,54.2400016784668,55.34000015258789,48.60295104980469
2011-06-24,55.08000183105469,54.380001068115234,47.759822845458984
2011-06-27,54.439998626708984,55.25,48.523929595947266
2011-06-28,55.369998931884766,56.06999969482422,49.24409484863281
2011-06-29,56.20000076293945,56.29999923706055,49.44609451293945
2011-06-30,56.5,57.04999923706055,50.10479736328125
2011-07-01,57.08000183105469,57.90999984741211,50.86008834838867
2011-07-05,57.970001220703125,58.20000076293945,51.11479949951172
2011-07-06,58.130001068115234,58.38999938964844,51.281639099121094
2011-07-07,58.83000183105469,59.189998626708984,51.98427200317383
2011-07-08,58.68000030517578,59.029998779296875,51.8437385559082
2011-07-11,58.40999984741211,57.959999084472656,50.90399169921875
2011-07-12,57.95000076293945,57.52000045776367,50.51757049560547
2011-07-13,57.939998626708984,57.7599983215332,50.72835159301758
2011-07-14,57.90999984741211,57.09000015258789,50.13991928100586
2011-07-15,57.72999954223633,57.849998474121094,50.807395935058594
2011-07-18,57.529998779296875,57.540000915527344,50.535152435302734
2011-07-19,58.09000015258789,58.849998474121094,51.685646057128906
2011-07-20,59.18000030517578,58.599998474121094,51.466087341308594
2011-07-21,58.65999984741211,58.9900016784668,51.80861282348633
2011-07-22,58.959999084472656,59.599998474121094,52.34435272216797
2011-07-25,59.130001068115234,59.47999954223633,52.238956451416016
2011-07-26,59.439998626708984,59.630001068115234,52.37070846557617
2011-07-27,59.2400016784668,58.09000015258789,51.01818084716797
2011-07-28,58.119998931884766,58.189998626708984,51.10601043701172
2011-07-29,57.720001220703125,58.0,50.93914794921875
2011-08-01,58.70000076293945,57.72999954223633,50.702003479003906
2011-08-02,57.459999084472656,56.27000045776367,49.41973876953125
2011-08-03,56.34000015258789,56.810001373291016,49.89399337768555
2011-08-04,56.0,54.16999816894531,47.575401306152344
2011-08-05,54.720001220703125,53.83000183105469,47.27678680419922
2011-08-08,52.18000030517578,50.59000015258789,44.43122863769531
2011-08-09,51.349998474121094,53.029998779296875,46.57417297363281
2011-08-10,51.83000183105469,50.86000061035156,44.6683464050293
2011-08-11,51.59000015258789,53.099998474121094,46.63566970825195
2011-08-12,53.43000030517578,53.56999969482422,47.048439025878906
2011-08-15,53.790000915527344,54.36000061035156,47.74225616455078
2011-08-16,53.83000183105469,53.900001525878906,47.33826446533203
2011-08-17,53.970001220703125,53.58000183105469,47.05722427368164
2011-08-18,52.130001068115234,50.95000076293945,44.74738693237305
2011-08-19,50.41999816894531,50.029998779296875,43.93940734863281
2011-08-22,51.22999954223633,50.209999084472656,44.09748840332031
2011-08-23,50.54999923706055,52.279998779296875,45.91548538208008
2011-08-24,52.130001068115234,52.689998626708984,46.27558517456055
2011-08-25,52.65999984741211,51.83000183105469,45.5202751159668
2011-08-26,51.65999984741211,53.130001068115234,46.662010192871094
2011-08-29,53.65999984741211,54.61000061035156,47.96183395385742
2011-08-30,54.40999984741211,54.970001220703125,48.27800369262695
2011-08-31,55.29999923706055,55.060001373291016,48.357059478759766
2011-09-01,55.20000076293945,54.560001373291016,47.91792297363281
2011-09-02,53.58000183105469,53.279998779296875,46.79372787475586
2011-09-06,52.040000915527344,53.290000915527344,46.802520751953125
2011-09-07,54.04999923706055,54.63999938964844,47.98817443847656
2011-09-08,54.36000061035156,54.38999938964844,47.76861572265625
2011-09-09,54.0099983215332,53.18000030517578,46.70592498779297
2011-09-12,52.59000015258789,53.86000061035156,47.303138732910156
2011-09-13,54.060001373291016,54.58000183105469,47.935482025146484
2011-09-14,54.86000061035156,55.36000061035156,48.620513916015625
2011-09-15,55.959999084472656,56.18000030517578,49.34070587158203
2011-09-16,56.20000076293945,56.59000015258789,49.792964935302734
2011-09-19,55.88999938964844,56.61000061035156,49.810569763183594
2011-09-20,56.900001525878906,56.36000061035156,49.5905876159668
2011-09-21,56.650001525878906,55.380001068115234,48.728302001953125
2011-09-22,53.970001220703125,53.58000183105469,47.14449691772461
2011-09-23,53.130001068115234,54.150001525878906,47.64603805541992
2011-09-26,54.41999816894531,54.779998779296875,48.20036697387695
2011-09-27,55.709999084472656,55.349998474121094,48.70189666748047
2011-09-28,55.59000015258789,54.529998779296875,47.980411529541016
2011-09-29,55.36000061035156,53.880001068115234,47.4084587097168
2011-09-30,53.15999984741211,52.4900016784668,46.185420989990234
2011-10-03,52.02000045776367,51.13999938964844,44.99756622314453
2011-10-04,50.619998931884766,52.189998626708984,45.92144775390625
2011-10-05,52.060001373291016,53.529998779296875,47.10049819946289
2011-10-06,53.459999084472656,54.43000030517578,47.89240264892578
2011-10-07,54.400001525878906,54.06999969482422,47.57563781738281
2011-10-10,54.9900016784668,55.939998626708984,49.221031188964844
2011-10-11,55.790000915527344,56.31999969482422,49.555397033691406
2011-10-12,56.86000061035156,56.599998474121094,49.801761627197266
2011-10-13,56.4900016784668,57.119998931884766,50.25929641723633
2011-10-14,57.81999969482422,58.18000030517578,51.191986083984375
2011-10-17,57.90999984741211,57.279998779296875,50.40008544921875
2011-10-18,57.189998626708984,57.9900016784668,51.02481460571289
2011-10-19,57.66999816894531,56.869998931884766,50.039344787597656
2011-10-20,56.86000061035156,56.59000015258789,49.792964935302734
2011-10-21,57.189998626708984,57.29999923706055,50.41767883300781
2011-10-24,57.5099983215332,58.4900016784668,51.464744567871094
2011-10-25,58.29999923706055,57.34000015258789,50.452884674072266
2011-10-26,57.65999984741211,57.27000045776367,50.39127731323242
2011-10-27,58.63999938964844,58.849998474121094,51.78150939941406
2011-10-28,58.52000045776367,58.939998626708984,51.8607063293457
2011-10-31,58.43000030517578,57.95000076293945,50.9896125793457
2011-11-01,56.52000045776367,56.439998626708984,49.660972595214844
2011-11-02,57.029998779296875,56.91999816894531,50.08332443237305
2011-11-03,57.369998931884766,58.099998474121094,51.12158966064453
2011-11-04,57.81999969482422,57.79999923706055,50.85763931274414
2011-11-07,57.7599983215332,58.209999084472656,51.218387603759766
2011-11-08,58.630001068115234,58.880001068115234,51.80792236328125
2011-11-09,57.7400016784668,56.810001373291016,49.98653793334961
2011-11-10,57.369998931884766,56.779998779296875,49.96014404296875
2011-11-11,57.27000045776367,57.849998474121094,50.9016227722168
2011-11-14,57.689998626708984,57.4900016784668,50.584869384765625
2011-11-15,57.31999969482422,58.130001068115234,51.14800262451172
2011-11-16,57.709999084472656,57.16999816894531,50.30331039428711
2011-11-17,57.02000045776367,55.83000183105469,49.12425994873047
2011-11-18,55.84000015258789,55.400001525878906,48.74589920043945
2011-11-21,54.650001525878906,54.34000015258789,47.81320571899414
2011-11-22,54.20000076293945,54.52000045776367,47.97161102294922
2011-11-23,54.11000061035156,53.290000915527344,46.889320373535156
2011-11-25,53.060001373291016,52.880001068115234,46.52857208251953
2011-11-28,54.16999816894531,54.720001220703125,48.147586822509766
2011-11-29,54.689998626708984,54.380001068115234,47.8484001159668
2011-11-30,55.86000061035156,56.38999938964844,49.61697769165039
2011-12-01,56.380001068115234,56.779998779296875,49.96014404296875
2011-12-02,57.34000015258789,56.619998931884766,49.81937026977539
2011-12-05,57.470001220703125,57.2400016784668,50.36488723754883
2011-12-06,57.290000915527344,57.08000183105469,50.22412872314453
2011-12-07,56.91999816894531,57.08000183105469,50.22412872314453
2011-12-08,56.709999084472656,56.119998931884766,49.37940216064453
2011-12-09,56.2599983215332,57.02000045776367,50.171321868896484
2011-12-12,56.41999816894531,56.380001068115234,49.608192443847656
2011-12-13,56.75,55.7599983215332,49.062660217285156
2011-12-14,55.54999923706055,54.88999938964844,48.29713821411133
2011-12-15,55.36000061035156,54.7400016784668,48.16516876220703
2011-12-16,54.869998931884766,54.86000061035156,48.41314697265625
2011-12-19,55.06999969482422,54.31999969482422,47.936607360839844
2011-12-20,55.20000076293945,55.93000030517578,49.357391357421875
2011-12-21,55.599998474121094,55.130001068115234,48.65140914916992
2011-12-22,55.25,55.599998474121094,49.0661735534668
2011-12-23,55.709999084472656,56.08000183105469,49.48978042602539
2011-12-27,55.9900016784668,56.2400016784668,49.67438507080078
2011-12-28,56.16999816894531,55.59000015258789,49.10026168823242
2011-12-29,55.68000030517578,55.9900016784668,49.45357131958008
2011-12-30,55.869998931884766,55.83000183105469,49.312252044677734
2012-01-03,56.90999984741211,56.900001525878906,50.25733184814453
2012-01-04,56.810001373291016,57.13999938964844,50.46931076049805
2012-01-05,57.02000045776367,57.61000061035156,50.884437561035156
2012-01-06,57.619998931884766,57.810001373291016,51.06111526489258
2012-01-09,57.959999084472656,57.619998931884766,50.893272399902344
2012-01-10,58.22999954223633,58.040000915527344,51.26424026489258
2012-01-11,58.029998779296875,58.15999984741211,51.37023162841797
2012-01-12,58.290000915527344,58.38999938964844,51.573387145996094
2012-01-13,58.08000183105469,58.18000030517578,51.387916564941406
2012-01-17,58.689998626708984,58.709999084472656,51.85600662231445
2012-01-18,58.81999969482422,59.4900016784668,52.54498291015625
2012-01-19,59.7599983215332,59.86000061035156,52.87177276611328
2012-01-20,59.599998474121094,59.77000045776367,52.792274475097656
2012-01-23,59.779998779296875,59.790000915527344,52.80995178222656
2012-01-24,59.52000045776367,59.68000030517578,52.71277618408203
2012-01-25,60.2599983215332,60.43000030517578,53.37522888183594
2012-01-26,60.689998626708984,60.220001220703125,53.189735412597656
2012-01-27,60.09000015258789,60.400001525878906,53.3487434387207
2012-01-30,59.88999938964844,60.45000076293945,53.39291000366211
2012-01-31,60.75,60.529998779296875,53.463539123535156
2012-02-01,60.880001068115234,61.02000045776367,53.89634704589844
2012-02-02,61.220001220703125,61.209999084472656,54.064170837402344
2012-02-03,61.779998779296875,62.04999923706055,54.80609893798828
2012-02-06,61.81999969482422,62.0,54.761959075927734
2012-02-07,61.95000076293945,62.130001068115234,54.876766204833984
2012-02-08,62.13999938964844,62.459999084472656,55.1682243347168
2012-02-09,62.70000076293945,62.90999984741211,55.565711975097656
2012-02-10,62.459999084472656,62.470001220703125,55.17707824707031
2012-02-13,62.939998626708984,63.04999923706055,55.68935775756836
2012-02-14,62.90999984741211,63.209999084472656,55.8306770324707
2012-02-15,63.5099983215332,62.77000045776367,55.44203567504883
2012-02-16,62.790000915527344,63.630001068115234,56.20164108276367
2012-02-17,63.63999938964844,63.43000030517578,56.024993896484375
2012-02-21,63.5,63.61000061035156,56.18399429321289
2012-02-22,63.4900016784668,63.31999969482422,55.9278450012207
2012-02-23,63.400001525878906,63.7400016784668,56.298824310302734
2012-02-24,63.91999816894531,63.959999084472656,56.493133544921875
2012-02-27,63.61000061035156,64.05000305175781,56.57262420654297
2012-02-28,64.11000061035156,64.69999694824219,57.14673614501953
2012-02-29,64.75,64.41000366210938,56.890586853027344
2012-03-01,64.6500015258789,64.91999816894531,57.34104919433594
2012-03-02,64.83000183105469,64.87000274658203,57.296875
2012-03-05,64.83000183105469,64.19999694824219,56.70512008666992
2012-03-06,63.56999969482422,63.56999969482422,56.14866638183594
2012-03-07,63.869998931884766,64.05999755859375,56.581451416015625
2012-03-08,64.44000244140625,64.75,57.19090270996094
2012-03-09,64.86000061035156,65.0199966430664,57.429386138916016
2012-03-12,65.0,65.05000305175781,57.455875396728516
2012-03-13,65.4000015258789,66.26000213623047,58.52462387084961
2012-03-14,66.33000183105469,66.48999786376953,58.72776412963867
2012-03-15,66.69000244140625,66.68000030517578,58.89556884765625
2012-03-16,66.66999816894531,66.5199966430664,58.8539924621582
2012-03-19,66.62999725341797,66.98999786376953,59.26982879638672
2012-03-20,66.63999938964844,67.11000061035156,59.376014709472656
2012-03-21,67.12000274658203,67.12000274658203,59.38486099243164
2012-03-22,66.72000122070312,66.9800033569336,59.26101303100586
2012-03-23,67.05999755859375,66.94000244140625,59.22561264038086
2012-03-26,67.38999938964844,68.11000061035156,60.26078414916992
2012-03-27,68.16000366210938,68.20999908447266,60.349239349365234
2012-03-28,68.25,67.94000244140625,60.110355377197266
2012-03-29,67.5999984741211,67.68000030517578,59.88029861450195
2012-03-30,67.9800033569336,67.55000305175781,59.76529312133789
2012-04-02,67.4800033569336,68.25,60.3846321105957
2012-04-03,68.30999755859375,68.2300033569336,60.36693572998047
2012-04-04,67.72000122070312,67.30000305175781,59.544097900390625
2012-04-05,67.18000030517578,67.72000122070312,59.91569519042969
2012-04-09,66.87999725341797,67.20999908447266,59.46446990966797
2012-04-10,67.18000030517578,66.12999725341797,58.50895309448242
2012-04-11,66.70999908447266,66.44999694824219,58.79207992553711
2012-04-12,66.58000183105469,67.20999908447266,59.46446990966797
2012-04-13,66.9800033569336,66.19000244140625,58.562042236328125
2012-04-16,66.5199966430664,65.44999694824219,57.907318115234375
2012-04-17,65.7300033569336,66.77999877929688,59.08401107788086
2012-04-18,66.58999633789062,66.61000061035156,58.93363571166992
2012-04-19,66.37000274658203,65.86000061035156,58.270057678222656
2012-04-20,66.22000122070312,65.68000030517578,58.11079788208008
2012-04-23,65.05999755859375,65.08000183105469,57.5799560546875
2012-04-24,64.95999908447266,64.7300033569336,57.27028274536133
2012-04-25,66.06999969482422,66.44999694824219,58.79207992553711
2012-04-26,66.44000244140625,66.83999633789062,59.13710021972656
2012-04-27,67.12000274658203,67.23999786376953,59.491004943847656
2012-04-30,67.04000091552734,66.76000213623047,59.06635284423828
2012-05-01,66.69000244140625,66.87000274658203,59.163673400878906
2012-05-02,66.54000091552734,67.05999755859375,59.33176040649414
2012-05-03,67.0999984741211,66.3499984741211,58.70361328125
2012-05-04,65.73999786376953,64.69999694824219,57.243751525878906
2012-05-07,64.30999755859375,64.76000213623047,57.296817779541016
2012-05-08,64.3499984741211,64.5199966430664,57.084495544433594
2012-05-09,63.77000045776367,64.31999969482422,56.90754699707031
2012-05-10,64.61000061035156,64.19000244140625,56.792518615722656
2012-05-11,63.970001220703125,64.18000030517578,56.78367614746094
2012-05-14,63.630001068115234,63.58000183105469,56.252811431884766
2012-05-15,63.75,63.369998931884766,56.067012786865234
2012-05-16,63.59000015258789,62.939998626708984,55.68656539916992
2012-05-17,62.959999084472656,61.61000061035156,54.50984573364258
2012-05-18,61.79999923706055,60.810001373291016,53.80203628540039
2012-05-21,60.93000030517578,62.5099983215332,55.30613327026367
2012-05-22,62.689998626708984,62.439998626708984,55.24418640136719
2012-05-23,61.90999984741211,62.560001373291016,55.350372314453125
2012-05-24,62.650001525878906,62.150001525878906,54.98762512207031
2012-05-25,62.209999084472656,62.06999969482422,54.916839599609375
2012-05-29,62.650001525878906,62.86000061035156,55.61579513549805
2012-05-30,62.290000915527344,62.33000183105469,55.146873474121094
2012-05-31,62.25,62.060001373291016,54.907981872558594
2012-06-01,60.939998626708984,60.40999984741211,53.44813537597656
2012-06-04,60.58000183105469,60.869998931884766,53.855133056640625
2012-06-05,60.65999984741211,61.119998931884766,54.0763053894043
2012-06-06,61.58000183105469,62.52000045776367,55.31497573852539
2012-06-07,63.18000030517578,62.27000045776367,55.09379196166992
2012-06-08,62.16999816894531,62.869998931884766,55.624637603759766
2012-06-11,63.349998474121094,61.810001373291016,54.68679428100586
2012-06-12,62.099998474121094,62.560001373291016,55.350372314453125
2012-06-13,62.380001068115234,62.130001068115234,54.96992874145508
2012-06-14,62.119998931884766,62.36000061035156,55.17340850830078
2012-06-15,62.38999938964844,62.9900016784668,55.85889434814453
2012-06-18,62.72999954223633,63.58000183105469,56.382110595703125
2012-06-19,63.900001525878906,64.23999786376953,56.96738052368164
2012-06-20,64.37999725341797,64.29000091552734,57.01172637939453
2012-06-21,64.23999786376953,62.689998626708984,55.592864990234375
2012-06-22,62.900001525878906,63.349998474121094,56.178157806396484
2012-06-25,62.83000183105469,62.130001068115234,55.096248626708984
2012-06-26,62.34000015258789,62.52000045776367,55.44209671020508
2012-06-27,62.7599983215332,62.900001525878906,55.779090881347656
2012-06-28,62.43000030517578,62.20000076293945,55.15834426879883
2012-06-29,63.400001525878906,64.16000366210938,56.89645004272461
2012-07-02,64.25,64.3499984741211,57.06494903564453
2012-07-03,64.38999938964844,64.88999938964844,57.5438117980957
2012-07-05,64.83000183105469,64.93000030517578,57.579280853271484
2012-07-06,64.62999725341797,64.12000274658203,56.86096954345703
2012-07-09,64.05000305175781,64.0,56.754554748535156
2012-07-10,64.3499984741211,63.369998931884766,56.195884704589844
2012-07-11,63.290000915527344,63.02000045776367,55.885501861572266
2012-07-12,62.52000045776367,62.43000030517578,55.36228942871094
2012-07-13,62.599998474121094,63.380001068115234,56.204750061035156
2012-07-16,63.2400016784668,63.20000076293945,56.04513931274414
2012-07-17,63.599998474121094,63.529998779296875,56.337772369384766
2012-07-18,63.40999984741211,64.38999938964844,57.100406646728516
2012-07-19,64.83999633789062,65.0999984741211,57.73002624511719
2012-07-20,65.08000183105469,64.23999786376953,56.96738052368164
2012-07-23,62.9900016784668,63.459999084472656,56.27568435668945
2012-07-24,63.56999969482422,62.959999084472656,55.83230972290039
2012-07-25,62.470001220703125,62.540000915527344,55.4598388671875
2012-07-26,63.439998626708984,63.369998931884766,56.195884704589844
2012-07-27,63.83000183105469,64.87000274658203,57.52607727050781
2012-07-30,65.02999877929688,64.81999969482422,57.48173141479492
2012-07-31,64.91999816894531,64.80000305175781,57.46400833129883
2012-08-01,65.26000213623047,64.61000061035156,57.295501708984375
2012-08-02,64.12000274658203,64.37999725341797,57.09154510498047
2012-08-03,65.41999816894531,65.5999984741211,58.17342758178711
2012-08-06,65.94000244140625,66.0999984741211,58.61681365966797
2012-08-07,66.37999725341797,66.6500015258789,59.10456466674805
2012-08-08,66.4800033569336,66.62000274658203,59.07794952392578
2012-08-09,66.61000061035156,66.81999969482422,59.25529861450195
2012-08-10,66.58000183105469,66.86000061035156,59.2907829284668
2012-08-13,66.83999633789062,67.0199966430664,59.43266677856445
2012-08-14,67.2699966430664,67.05000305175781,59.45928955078125
2012-08-15,67.0,67.22000122070312,59.61001968383789
2012-08-16,67.47000122070312,68.0199966430664,60.3194580078125
2012-08-17,68.16999816894531,68.31999969482422,60.585506439208984
2012-08-20,68.2699966430664,68.41999816894531,60.6741828918457
2012-08-21,68.5999984741211,68.1500015258789,60.43473815917969
2012-08-22,68.0,68.43000030517578,60.68305206298828
2012-08-23,68.12000274658203,67.87000274658203,60.18642807006836
2012-08-24,67.70999908447266,68.29000091552734,60.558876037597656
2012-08-27,68.58000183105469,68.4000015258789,60.656436920166016
2012-08-28,68.33999633789062,68.4000015258789,60.656436920166016
2012-08-29,68.4000015258789,68.4000015258789,60.656436920166016
2012-08-30,68.0999984741211,67.70999908447266,60.04454040527344
2012-08-31,68.19999694824219,68.16000366210938,60.4436149597168
2012-09-04,68.02999877929688,68.08999633789062,60.38154983520508
2012-09-05,68.05999755859375,68.0199966430664,60.3194580078125
2012-09-06,68.44000244140625,69.52999877929688,61.658477783203125
2012-09-07,69.37000274658203,69.43000030517578,61.56984329223633
2012-09-10,69.25,68.54000091552734,60.780609130859375
2012-09-11,68.55000305175781,68.43000030517578,60.68305206298828
2012-09-12,68.68000030517578,68.62999725341797,60.86040496826172
2012-09-13,68.69000244140625,69.55999755859375,61.68510437011719
2012-09-14,69.80999755859375,70.18000030517578,62.23493576049805
2012-09-17,70.22000122070312,70.20999908447266,62.261539459228516
2012-09-18,70.02999877929688,70.2699966430664,62.31474685668945
2012-09-19,70.26000213623047,70.4000015258789,62.42999267578125
2012-09-20,70.05999755859375,70.33000183105469,62.367916107177734
2012-09-21,70.4800033569336,70.1500015258789,62.3857536315918
2012-09-24,69.56999969482422,69.73999786376953,62.02111053466797
2012-09-25,69.91999816894531,68.76000213623047,61.149574279785156
2012-09-26,68.66999816894531,68.19999694824219,60.651546478271484
2012-09-27,68.37000274658203,69.13999938964844,61.48749542236328
2012-09-28,68.91000366210938,68.56999969482422,60.9806022644043
2012-10-01,68.9000015258789,68.47000122070312,60.89167022705078
2012-10-02,68.7699966430664,68.66999816894531,61.069541931152344
2012-10-03,68.86000061035156,69.11000061035156,61.460811614990234
2012-10-04,69.22000122070312,69.3499984741211,61.67427062988281
2012-10-05,69.69999694824219,68.9800033569336,61.34523010253906
2012-10-08,68.58000183105469,68.3499984741211,60.78497314453125
2012-10-09,68.16999816894531,67.26000213623047,59.81560134887695
2012-10-10,67.23999786376953,66.91999816894531,59.51322937011719
2012-10-11,67.41999816894531,66.70999908447266,59.32648849487305
2012-10-12,66.69999694824219,66.68000030517578,59.299781799316406
2012-10-15,66.93000030517578,67.16999816894531,59.735557556152344
2012-10-16,67.2699966430664,68.12000274658203,60.580413818359375
2012-10-17,67.7699966430664,68.08000183105469,60.54484939575195
2012-10-18,67.86000061035156,67.29000091552734,59.8422737121582
2012-10-19,67.20999908447266,65.68000030517578,58.410457611083984
2012-10-22,65.6500015258789,66.0199966430664,58.712833404541016
2012-10-23,65.4800033569336,65.38999938964844,58.1525764465332
2012-10-24,65.76000213623047,65.16000366210938,57.94803237915039
2012-10-25,65.61000061035156,65.16000366210938,57.94803237915039
2012-10-26,65.16000366210938,65.3499984741211,58.11698532104492
2012-10-31,65.2699966430664,64.94999694824219,57.761260986328125
2012-11-01,65.36000061035156,65.87000274658203,58.579463958740234
2012-11-02,66.16999816894531,65.16999816894531,57.956932067871094
2012-11-05,65.18000030517578,65.5999984741211,58.33933639526367
2012-11-06,65.70999908447266,65.72000122070312,58.446048736572266
2012-11-07,65.0199966430664,64.16999816894531,57.06760025024414
2012-11-08,64.3499984741211,63.15999984741211,56.16939926147461
2012-11-09,63.20000076293945,63.43000030517578,56.40950012207031
2012-11-12,63.79999923706055,63.41999816894531,56.40061569213867
2012-11-13,62.93000030517578,62.97999954223633,56.009307861328125
2012-11-14,63.290000915527344,62.2400016784668,55.351219177246094
2012-11-15,62.279998779296875,62.029998779296875,55.164451599121094
2012-11-16,62.08000183105469,62.29999923706055,55.40457534790039
2012-11-19,62.97999954223633,63.779998779296875,56.72076416015625
2012-11-20,63.7599983215332,63.79999923706055,56.73855972290039
2012-11-21,63.869998931884766,63.93000030517578,56.854164123535156
2012-11-23,64.29000091552734,64.9000015258789,57.71681213378906
2012-11-26,64.73999786376953,65.18000030517578,57.9658088684082
2012-11-27,65.16999816894531,64.95999908447266,57.770164489746094
2012-11-28,64.6500015258789,65.5199966430664,58.26817321777344
2012-11-29,65.87000274658203,65.91000366210938,58.61503982543945
2012-11-30,65.91999816894531,65.80000305175781,58.517181396484375
2012-12-03,66.30999755859375,65.66999816894531,58.40156936645508
2012-12-04,65.69999694824219,65.62999725341797,58.36601638793945
2012-12-05,65.52999877929688,64.9000015258789,57.71681213378906
2012-12-06,64.69999694824219,65.31999969482422,58.09029769897461
2012-12-07,65.63999938964844,64.93000030517578,57.74348449707031
2012-12-10,64.75,65.12000274658203,57.91246795654297
2012-12-11,65.56999969482422,65.97000122070312,58.668373107910156
2012-12-12,66.31999969482422,65.83000183105469,58.54386901855469
2012-12-13,65.69999694824219,65.30999755859375,58.08143615722656
2012-12-14,64.87000274658203,64.69000244140625,57.53004455566406
2012-12-17,64.75,65.55000305175781,58.29486083984375
2012-12-18,65.87999725341797,66.55000305175781,59.184200286865234
2012-12-19,66.73999786376953,66.26000213623047,58.926273345947266
2012-12-20,66.37999725341797,66.26000213623047,58.926273345947266
2012-12-21,64.87999725341797,65.19999694824219,58.306541442871094
2012-12-24,65.02999877929688,65.06999969482422,58.190284729003906
2012-12-26,65.12000274658203,64.5,57.680564880371094
2012-12-27,64.55999755859375,64.4000015258789,57.59113311767578
2012-12-28,63.90999984741211,63.779998779296875,57.036678314208984
2012-12-31,63.709999084472656,65.12999725341797,58.243934631347656
2013-01-02,66.7300033569336,67.19999694824219,60.09507751464844
2013-01-03,67.19999694824219,66.8499984741211,59.78209686279297
2013-01-04,66.87999725341797,66.62999725341797,59.58534622192383
2013-01-07,66.45999908447266,66.6500015258789,59.60324478149414
2013-01-08,66.63999938964844,66.5199966430664,59.48698043823242
2013-01-09,66.62000274658203,66.7699966430664,59.710548400878906
2013-01-10,67.2300033569336,67.16999816894531,60.068260192871094
2013-01-11,67.13999938964844,67.26000213623047,60.14875030517578
2013-01-14,66.91999816894531,66.95999908447266,59.88047790527344
2013-01-15,66.62999725341797,66.62999725341797,59.58534622192383
2013-01-16,66.72000122070312,66.9000015258789,59.82679748535156
2013-01-17,67.16999816894531,67.22000122070312,60.112979888916016
2013-01-18,67.0199966430664,67.06999969482422,59.978843688964844
2013-01-22,67.13999938964844,67.18000030517578,60.07722854614258
2013-01-23,67.55999755859375,67.58999633789062,60.4438591003418
2013-01-24,66.66000366210938,66.66000366210938,59.612186431884766
2013-01-25,66.87000274658203,67.0,59.91621780395508
2013-01-28,67.01000213623047,67.1500015258789,60.050376892089844
2013-01-29,67.06999969482422,67.16000366210938,60.059322357177734
2013-01-30,67.27999877929688,67.0199966430664,59.93410873413086
2013-01-31,66.98999786376953,66.87000274658203,59.799983978271484
2013-02-01,67.33999633789062,67.66000366210938,60.506465911865234
2013-02-04,67.2699966430664,66.4800033569336,59.45122528076172
2013-02-05,66.7699966430664,67.45999908447266,60.327613830566406
2013-02-06,67.23999786376953,67.23999786376953,60.13084030151367
2013-02-07,67.31999969482422,67.30000305175781,60.184505462646484
2013-02-08,67.63999938964844,67.98999786376953,60.80156707763672
2013-02-11,68.02999877929688,68.01000213623047,60.819454193115234
2013-02-12,67.91999816894531,67.7300033569336,60.569061279296875
2013-02-13,67.93000030517578,67.97000122070312,60.783660888671875
2013-02-14,67.66000366210938,67.94999694824219,60.76579284667969
2013-02-15,67.94000244140625,67.75,60.58694076538086
2013-02-19,67.87999725341797,68.23999786376953,61.02512741088867
2013-02-20,68.22000122070312,67.19000244140625,60.08616256713867
2013-02-21,66.94000244140625,66.47000122070312,59.44227600097656
2013-02-22,66.8499984741211,67.13999938964844,60.04142761230469
2013-02-25,67.56999969482422,66.30999755859375,59.2991943359375
2013-02-26,66.4000015258789,66.55999755859375,59.52277374267578
2013-02-27,66.55999755859375,67.23999786376953,60.13084030151367
2013-02-28,67.25,67.0999984741211,60.00565719604492
2013-03-01,66.87000274658203,67.37999725341797,60.256065368652344
2013-03-04,67.16000366210938,67.68000030517578,60.52433395385742
2013-03-05,68.08000183105469,68.68000030517578,61.41860580444336
2013-03-06,68.88999938964844,68.51000213623047,61.2666015625
2013-03-07,68.58999633789062,68.69000244140625,61.42755126953125
2013-03-08,68.91999816894531,68.7699966430664,61.499080657958984
2013-03-11,68.68000030517578,68.97000122070312,61.67795944213867
2013-03-12,68.7699966430664,68.72000122070312,61.45438766479492
2013-03-13,68.80999755859375,68.62999725341797,61.3739013671875
2013-03-14,68.87000274658203,68.86000061035156,61.579593658447266
2013-03-15,68.75,68.51000213623047,61.408363342285156
2013-03-18,67.87999725341797,68.36000061035156,61.273921966552734
2013-03-19,68.56999969482422,68.2300033569336,61.15742874145508
2013-03-20,68.70999908447266,68.70999908447266,61.587650299072266
2013-03-21,68.08000183105469,67.93000030517578,60.88850402832031
2013-03-22,68.20999908447266,68.58999633789062,61.480064392089844
2013-03-25,68.80999755859375,68.33999633789062,61.2559928894043
2013-03-26,68.5999984741211,68.70999908447266,61.587650299072266
2013-03-27,68.23999786376953,68.80000305175781,61.66831588745117
2013-03-28,68.80000305175781,68.97000122070312,61.82068634033203
2013-04-01,69.0199966430664,68.5,61.39942932128906
2013-04-02,68.83000183105469,69.04000091552734,61.883453369140625
2013-04-03,69.08000183105469,68.41000366210938,61.31875228881836
2013-04-04,68.37999725341797,68.43000030517578,61.33666229248047
2013-04-05,67.3499984741211,67.86000061035156,60.82574462890625
2013-04-08,67.88999938964844,68.22000122070312,61.14842224121094
2013-04-09,68.4000015258789,68.68000030517578,61.56074523925781
2013-04-10,68.91999816894531,70.0199966430664,62.761844635009766
2013-04-11,69.8499984741211,69.98999786376953,62.73497772216797
2013-04-12,69.81999969482422,69.94000244140625,62.69013977050781
2013-04-15,69.68000030517578,68.55999755859375,61.45319366455078
2013-04-16,68.94999694824219,69.47000122070312,62.26887893676758
2013-04-17,68.87000274658203,68.11000061035156,61.049827575683594
2013-04-18,68.29000091552734,67.16999816894531,60.20728302001953
2013-04-19,67.30000305175781,68.08999633789062,61.03191375732422
2013-04-22,68.33000183105469,68.79000091552734,61.65934371948242
2013-04-23,69.18000030517578,69.44999694824219,62.25096130371094
2013-04-24,69.27999877929688,69.41999816894531,62.22407913208008
2013-04-25,69.5999984741211,69.79000091552734,62.55568313598633
2013-04-26,69.62000274658203,69.56999969482422,62.3585090637207
2013-04-29,69.79000091552734,70.20999908447266,62.93215560913086
2013-04-30,70.30000305175781,70.72000122070312,63.389305114746094
2013-05-01,70.73999786376953,70.38999938964844,63.093482971191406
2013-05-02,70.51000213623047,71.27999877929688,63.891258239746094
2013-05-03,71.97000122070312,72.12000274658203,64.64418029785156
2013-05-06,72.25,72.4000015258789,64.8951644897461
2013-05-07,72.5199966430664,72.36000061035156,64.85928344726562
2013-05-08,72.31999969482422,72.70999908447266,65.17301940917969
2013-05-09,72.56999969482422,72.61000061035156,65.08336639404297
2013-05-10,72.76000213623047,73.05000305175781,65.4777603149414
2013-05-13,72.93000030517578,73.13999938964844,65.55845642089844
2013-05-14,73.16000366210938,73.5199966430664,65.89904022216797
2013-05-15,73.37999725341797,73.66999816894531,66.03350830078125
2013-05-16,73.7300033569336,73.58999633789062,65.96179962158203
2013-05-17,73.97000122070312,74.30000305175781,66.59820556640625
2013-05-20,74.16000366210938,74.19000244140625,66.49957275390625
2013-05-21,74.1500015258789,74.2699966430664,66.57130432128906
2013-05-22,74.36000061035156,73.62000274658203,65.98863983154297
2013-05-23,72.97000122070312,73.44999694824219,65.83631896972656
2013-05-24,72.95999908447266,73.41000366210938,65.8004379272461
2013-05-28,74.2699966430664,73.88999938964844,66.2306900024414
2013-05-29,73.5999984741211,73.54000091552734,65.91697692871094
2013-05-30,73.56999969482422,73.93000030517578,66.26656341552734
2013-05-31,73.6500015258789,73.25,65.65703582763672
2013-06-03,73.26000213623047,73.37999725341797,65.7735595703125
2013-06-04,73.52999877929688,73.0,65.43292999267578
2013-06-05,72.76000213623047,72.05000305175781,64.58145141601562
2013-06-06,72.1500015258789,72.4000015258789,64.8951644897461
2013-06-07,72.69999694824219,73.38999938964844,65.78252410888672
2013-06-10,73.52999877929688,73.41999816894531,65.80943298339844
2013-06-11,72.69000244140625,72.69000244140625,65.15509033203125
2013-06-12,73.11000061035156,71.8499984741211,64.40217590332031
2013-06-13,71.75,72.76000213623047,65.21781158447266
2013-06-14,72.76000213623047,72.27999877929688,64.78759765625
2013-06-17,72.8499984741211,72.9800033569336,65.41502380371094
2013-06-18,73.08000183105469,73.58000183105469,65.95283508300781
2013-06-19,73.5999984741211,72.76000213623047,65.21781158447266
2013-06-20,71.91999816894531,71.02999877929688,63.66716384887695
2013-06-21,70.77999877929688,70.43000030517578,63.32907485961914
2013-06-24,69.8499984741211,69.7300033569336,62.699642181396484
2013-06-25,70.4000015258789,70.23999786376953,63.15824508666992
2013-06-26,70.83999633789062,70.87000274658203,63.72469711303711
2013-06-27,71.23999786376953,71.16999816894531,63.99448013305664
2013-06-28,70.94999694824219,71.2699966430664,64.08436584472656
2013-07-01,71.75,71.70999908447266,64.48001098632812
2013-07-02,71.68000030517578,71.73999786376953,64.50699615478516
2013-07-03,71.4800033569336,72.02999877929688,64.76776123046875
2013-07-05,72.44000244140625,72.58000183105469,65.26227569580078
2013-07-08,72.95999908447266,72.6500015258789,65.3252182006836
2013-07-09,72.98999786376953,73.08999633789062,65.72087860107422
2013-07-10,73.0199966430664,73.51000213623047,66.09855651855469
2013-07-11,74.30000305175781,74.97000122070312,67.41133117675781
2013-07-12,75.0199966430664,75.30000305175781,67.70805358886719
2013-07-15,75.37999725341797,75.47000122070312,67.8609390258789
2013-07-16,75.52999877929688,75.37000274658203,67.77103424072266
2013-07-17,75.5999984741211,75.55999755859375,67.94187927246094
2013-07-18,75.55000305175781,75.37000274658203,67.77103424072266
2013-07-19,74.72000122070312,74.58999633789062,67.06962585449219
2013-07-22,74.87000274658203,74.80999755859375,67.2674560546875
2013-07-23,74.94999694824219,74.26000213623047,66.77289581298828
2013-07-24,74.98999786376953,74.5,66.98872375488281
2013-07-25,74.8499984741211,74.97000122070312,67.41133117675781
2013-07-26,74.66999816894531,75.37000274658203,67.77103424072266
2013-07-29,75.22000122070312,75.2300033569336,67.64512634277344
2013-07-30,75.5,75.62999725341797,68.0047607421875
2013-07-31,75.77999877929688,75.7699966430664,68.13066864013672
2013-08-01,76.29000091552734,76.54000091552734,68.82305145263672
2013-08-02,76.55000305175781,76.97000122070312,69.20970916748047
2013-08-05,76.93000030517578,77.0199966430664,69.2546615600586
2013-08-06,76.91999816894531,76.55999755859375,68.84102630615234
2013-08-07,76.33999633789062,76.41999816894531,68.71517181396484
2013-08-08,76.83999633789062,76.80000305175781,69.05683898925781
2013-08-09,76.66999816894531,76.48999786376953,68.778076171875
2013-08-12,76.19999694824219,76.66999816894531,68.93994140625
2013-08-13,76.7699966430664,77.0999984741211,69.3265609741211
2013-08-14,77.06999969482422,76.80999755859375,69.06580352783203
2013-08-15,75.94999694824219,75.51000213623047,67.89689636230469
2013-08-16,75.5199966430664,75.4800033569336,67.86994171142578
2013-08-19,75.48999786376953,75.3499984741211,67.75301361083984
2013-08-20,75.48999786376953,75.68000030517578,68.04975891113281
2013-08-21,75.44000244140625,75.41999816894531,67.81597137451172
2013-08-22,75.75,76.16000366210938,68.48135375976562
2013-08-23,76.69999694824219,76.66999816894531,68.93994140625
2013-08-26,76.7300033569336,76.70999908447266,68.97591400146484
2013-08-27,75.80000305175781,75.13999938964844,67.56419372558594
2013-08-28,75.05000305175781,75.43000030517578,67.82496643066406
2013-08-29,75.41000366210938,75.95999908447266,68.30152130126953
2013-08-30,76.04000091552734,75.47000122070312,67.8609390258789
2013-09-03,76.08999633789062,75.9000015258789,68.24756622314453
2013-09-04,76.16000366210938,76.70999908447266,68.97591400146484
2013-09-05,76.76000213623047,76.83999633789062,69.09280395507812
2013-09-06,77.0999984741211,76.93000030517578,69.17373657226562
2013-09-09,77.26000213623047,77.83000183105469,69.98301696777344
2013-09-10,78.27999877929688,78.20999908447266,70.32464599609375
2013-09-11,77.69000244140625,78.05999755859375,70.1897964477539
2013-09-12,78.08000183105469,78.01000213623047,70.14484405517578
2013-09-13,78.08999633789062,78.05999755859375,70.1897964477539
2013-09-16,78.72000122070312,77.8499984741211,70.00096130371094
2013-09-17,78.0199966430664,78.37000274658203,70.46855163574219
2013-09-18,78.48999786376953,79.30999755859375,71.31375122070312
2013-09-19,79.55999755859375,79.5,71.48458862304688
2013-09-20,79.44999694824219,78.98999786376953,71.23931121826172
2013-09-23,79.31999969482422,78.83000183105469,71.0949935913086
2013-09-24,79.0,78.83000183105469,71.0949935913086
2013-09-25,78.88999938964844,78.55999755859375,70.85147094726562
2013-09-26,78.87999725341797,79.16999816894531,71.4016342163086
2013-09-27,78.70999908447266,79.06999969482422,71.31145477294922
2013-09-30,78.25,78.87999725341797,71.14012145996094
2013-10-01,78.88999938964844,79.68000030517578,71.86160278320312
2013-10-02,79.13999938964844,79.6500015258789,71.83454895019531
2013-10-03,79.55000305175781,78.72000122070312,70.99575805664062
2013-10-04,78.72000122070312,79.4000015258789,71.60903930664062
2013-10-07,78.69999694824219,78.73999786376953,71.01382446289062
2013-10-08,78.73999786376953,77.22000122070312,69.64298248291016
2013-10-09,77.4000015258789,76.9800033569336,69.42655181884766
2013-10-10,77.80999755859375,78.61000061035156,70.8965835571289
2013-10-11,78.41000366210938,79.2300033569336,71.45574188232422
2013-10-14,78.73999786376953,79.79000091552734,71.96080780029297
2013-10-15,79.7300033569336,79.4800033569336,71.68122100830078
2013-10-16,79.8499984741211,80.37999725341797,72.49293518066406
2013-10-17,80.0199966430664,80.83999633789062,72.90777587890625
2013-10-18,81.58000183105469,82.1500015258789,74.08924102783203
2013-10-21,82.33999633789062,82.33000183105469,74.25154876708984
2013-10-22,82.6500015258789,82.44999694824219,74.35980224609375
2013-10-23,82.05000305175781,81.94999694824219,73.90887451171875
2013-10-24,82.0,82.30999755859375,74.23353576660156
2013-10-25,83.08000183105469,82.9000015258789,74.76563262939453
2013-10-28,82.91000366210938,82.91999816894531,74.78369903564453
2013-10-29,83.19999694824219,83.05999755859375,74.90992736816406
2013-10-30,83.3499984741211,82.9800033569336,74.8377914428711
2013-10-31,82.7699966430664,82.79000091552734,74.66641235351562
2013-11-01,83.06999969482422,82.80999755859375,74.68447875976562
2013-11-04,83.05999755859375,82.93000030517578,74.79270935058594
2013-11-05,82.61000061035156,83.0199966430664,74.87385559082031
2013-11-06,83.37000274658203,83.0,74.85581970214844
2013-11-07,83.01000213623047,81.44000244140625,73.44889831542969
2013-11-08,81.73999786376953,82.54000091552734,74.44095611572266
2013-11-11,82.41999816894531,82.41000366210938,74.32372283935547
2013-11-12,82.16000366210938,82.54000091552734,74.44095611572266
2013-11-13,82.0,83.54000091552734,75.34283447265625
2013-11-14,83.31999969482422,83.80000305175781,75.57738494873047
2013-11-15,83.81999969482422,83.95999908447266,75.72164154052734
2013-11-18,83.94000244140625,83.13999938964844,74.98211669921875
2013-11-19,83.08999633789062,82.9000015258789,74.76563262939453
2013-11-20,83.12000274658203,82.69999694824219,74.58528137207031
2013-11-21,83.05000305175781,83.54000091552734,75.34283447265625
2013-11-22,83.68000030517578,83.98999786376953,75.74872589111328
2013-11-25,84.29000091552734,84.19000244140625,75.92906188964844
2013-11-26,84.20999908447266,84.62999725341797,76.32591247558594
2013-11-27,84.80000305175781,85.22000122070312,76.85797882080078
2013-11-29,85.55999755859375,85.7300033569336,77.31792449951172
2013-12-02,85.83000183105469,85.4800033569336,77.09246063232422
2013-12-03,85.41999816894531,85.41000366210938,77.02936553955078
2013-12-04,85.05000305175781,85.48999786376953,77.10148620605469
2013-12-05,85.55999755859375,85.37999725341797,77.00231170654297
2013-12-06,86.0999984741211,86.0,77.56147003173828
2013-12-09,86.3499984741211,86.3499984741211,77.87712097167969
2013-12-10,86.20999908447266,86.29000091552734,77.82301330566406
2013-12-11,86.27999877929688,85.18000030517578,76.8219223022461
2013-12-12,85.20999908447266,84.95999908447266,76.6235122680664
2013-12-13,85.36000061035156,84.8499984741211,76.52428436279297
2013-12-16,85.2699966430664,85.31999969482422,76.94819641113281
2013-12-17,85.31999969482422,85.1500015258789,76.7948989868164
2013-12-18,85.25,86.13999938964844,77.68775177001953
2013-12-19,86.0,85.9000015258789,77.47126007080078
2013-12-20,85.79000091552734,86.5,78.26018524169922
2013-12-23,87.20999908447266,87.41000366210938,79.08353424072266
2013-12-24,87.43000030517578,87.44999694824219,79.1197280883789
2013-12-26,87.61000061035156,87.73999786376953,79.38209533691406
2013-12-27,87.8499984741211,87.5199966430664,79.18302917480469
2013-12-30,87.38999938964844,87.38999938964844,79.0654296875
2013-12-31,87.55000305175781,87.95999908447266,79.5811538696289
2014-01-02,87.55000305175781,87.2699966430664,78.95684814453125
2014-01-03,87.2699966430664,86.63999938964844,78.38688659667969
2014-01-06,86.66000366210938,86.31999969482422,78.09732818603516
2014-01-07,86.72000122070312,87.12000274658203,78.8211441040039
2014-01-08,87.13999938964844,87.30999755859375,78.99304962158203
2014-01-09,87.62999725341797,87.0199966430664,78.7306900024414
2014-01-10,87.2300033569336,87.30000305175781,78.98399353027344
2014-01-13,87.18000030517578,86.01000213623047,77.81687927246094
2014-01-14,86.30000305175781,87.6500015258789,79.30065155029297
2014-01-15,88.02999877929688,88.37000274658203,79.95210266113281
2014-01-16,88.30000305175781,88.37999725341797,79.96111297607422
2014-01-17,88.11000061035156,87.87999725341797,79.50873565673828
2014-01-21,88.44000244140625,88.55000305175781,80.11494445800781
2014-01-22,88.77999877929688,88.77999877929688,80.32301330566406
2014-01-23,88.51000213623047,88.4800033569336,80.0516128540039
2014-01-24,88.05000305175781,86.73999786376953,78.47735595703125
2014-01-27,86.73999786376953,85.9000015258789,77.71736145019531
2014-01-28,85.5,85.8499984741211,77.67214965820312
2014-01-29,85.11000061035156,84.93000030517578,76.83976745605469
2014-01-30,85.97000122070312,86.5,78.26018524169922
2014-01-31,85.54000091552734,86.2699966430664,78.05211639404297
2014-02-03,86.11000061035156,84.29000091552734,76.26070404052734
2014-02-04,84.72000122070312,84.91000366210938,76.8216552734375
2014-02-05,84.62999725341797,84.69000244140625,76.62264251708984
2014-02-06,84.94000244140625,85.7699966430664,77.59976196289062
2014-02-07,86.25,87.30000305175781,78.98399353027344
2014-02-10,87.2699966430664,87.80000305175781,79.43638610839844
2014-02-11,87.98999786376953,88.80000305175781,80.34114074707031
2014-02-12,88.9800033569336,88.97000122070312,80.49490356445312
2014-02-13,88.31999969482422,89.62999725341797,81.09204864501953
2014-02-14,89.5999984741211,89.80999755859375,81.25487518310547
2014-02-18,89.95999908447266,90.25,81.65298461914062
2014-02-19,90.08000183105469,89.62999725341797,81.09204864501953
2014-02-20,89.69000244140625,90.05000305175781,81.4720230102539
2014-02-21,90.33999633789062,89.93000030517578,81.36347961425781
2014-02-24,90.13999938964844,90.41000366210938,81.7977523803711
2014-02-25,90.54000091552734,90.30999755859375,81.7072982788086
2014-02-26,90.55000305175781,90.2300033569336,81.63487243652344
2014-02-27,89.87000274658203,90.44000244140625,82.16455841064453
2014-02-28,90.41999816894531,90.33999633789062,82.07367706298828
2014-03-03,89.48999786376953,89.66999816894531,81.46500396728516
2014-03-04,90.6500015258789,90.80999755859375,82.50067901611328
2014-03-05,90.95999908447266,91.05999755859375,82.72783660888672
2014-03-06,91.2699966430664,90.9800033569336,82.65515899658203
2014-03-07,91.2699966430664,90.52999877929688,82.2463150024414
2014-03-10,90.4800033569336,90.61000061035156,82.31900787353516
2014-03-11,90.83000183105469,90.22000122070312,81.96470642089844
2014-03-12,89.80999755859375,90.55999755859375,82.2735595703125
2014-03-13,90.9000015258789,89.27999877929688,81.11066436767578
2014-03-14,88.98999786376953,88.66999816894531,80.55652618408203
2014-03-17,89.23999786376953,89.44999694824219,81.26514434814453
2014-03-18,89.55999755859375,90.52999877929688,82.2463150024414
2014-03-19,90.55999755859375,90.04000091552734,81.80115509033203
2014-03-20,89.76000213623047,90.29000091552734,82.02828979492188
2014-03-21,90.5999984741211,89.0,81.04119110107422
2014-03-24,89.31999969482422,88.22000122070312,80.33098602294922
2014-03-25,88.68000030517578,88.51000213623047,80.59505462646484
2014-03-26,88.94999694824219,87.37000274658203,79.55696868896484
2014-03-27,87.25,86.87999725341797,79.11080169677734
2014-03-28,87.16000366210938,87.05000305175781,79.26558685302734
2014-03-31,87.7300033569336,87.66999816894531,79.83014678955078
2014-04-01,88.0999984741211,89.20999908447266,81.23243713378906
2014-04-02,89.58999633789062,89.44000244140625,81.44188690185547
2014-04-03,89.52999877929688,88.7300033569336,80.79537200927734
2014-04-04,89.31999969482422,86.37000274658203,78.64641571044922
2014-04-07,85.83000183105469,85.55000305175781,77.89971923828125
2014-04-08,85.6500015258789,86.33999633789062,78.61909484863281
2014-04-09,86.66000366210938,87.81999969482422,79.96672821044922
2014-04-10,87.87999725341797,85.0999984741211,77.48995971679688
2014-04-11,84.33999633789062,84.11000061035156,76.5885009765625
2014-04-14,84.8499984741211,84.7699966430664,77.18949127197266
2014-04-15,85.08000183105469,85.05000305175781,77.44445037841797
2014-04-16,85.79000091552734,86.18000030517578,78.47339630126953
2014-04-17,85.8499984741211,86.19999694824219,78.49163055419922
2014-04-21,86.4000015258789,86.83999633789062,79.07438659667969
2014-04-22,87.13999938964844,87.52999877929688,79.7026596069336
2014-04-23,87.52999877929688,86.76000213623047,79.00152587890625
2014-04-24,88.19000244140625,87.58999633789062,79.75732421875
2014-04-25,87.06999969482422,86.19000244140625,78.48249816894531
2014-04-28,86.5999984741211,86.47000122070312,78.7374496459961
2014-04-29,86.7300033569336,87.16000366210938,79.36576080322266
2014-04-30,86.76000213623047,87.38999938964844,79.57520294189453
2014-05-01,87.52999877929688,87.6500015258789,79.81194305419922
2014-05-02,87.94999694824219,87.48999786376953,79.66622924804688
2014-05-05,86.97000122070312,87.94999694824219,80.08509826660156
2014-05-06,87.80999755859375,86.80999755859375,79.04705047607422
2014-05-07,86.98999786376953,86.55999755859375,78.81941986083984
2014-05-08,86.25,86.4800033569336,78.74656677246094
2014-05-09,86.43000030517578,86.80000305175781,79.03795623779297
2014-05-12,87.31999969482422,88.2300033569336,80.34007263183594
2014-05-13,88.30999755859375,88.29000091552734,80.39468383789062
2014-05-14,88.0199966430664,87.83000183105469,79.97584533691406
2014-05-15,87.80999755859375,87.13999938964844,79.34758758544922
2014-05-16,87.23999786376953,87.70999908447266,79.86656188964844
2014-05-19,87.44999694824219,88.31999969482422,80.42201232910156
2014-05-20,88.27999877929688,88.0,80.1306381225586
2014-05-21,88.16000366210938,88.83999633789062,80.89551544189453
2014-05-22,88.94000244140625,89.2300033569336,81.25065612792969
2014-05-23,89.31999969482422,89.87999725341797,81.84249877929688
2014-05-27,90.27999877929688,91.0,82.86235046386719
2014-05-28,90.97000122070312,90.72000122070312,82.60741424560547
2014-05-29,91.04000091552734,91.30000305175781,83.13555145263672
2014-05-30,91.31999969482422,91.30999755859375,83.14461517333984
2014-06-02,91.41999816894531,91.22000122070312,83.06269073486328
2014-06-03,90.91999816894531,91.18000030517578,83.0262451171875
2014-06-04,90.94999694824219,91.5199966430664,83.3358383178711
2014-06-05,91.5999984741211,92.29000091552734,84.03703308105469
2014-06-06,92.62999725341797,92.81999969482422,84.51966094970703
2014-06-09,92.83999633789062,92.75,84.45589447021484
2014-06-10,92.66999816894531,92.91000366210938,84.60154724121094
2014-06-11,92.58999633789062,92.88999938964844,84.5833511352539
2014-06-12,92.69000244140625,92.05000305175781,83.81846618652344
2014-06-13,92.44999694824219,92.31999969482422,84.0643081665039
2014-06-16,92.16000366210938,92.4000015258789,84.13716125488281
2014-06-17,92.33000183105469,92.44999694824219,84.18269348144531
2014-06-18,92.54000091552734,92.97000122070312,84.65618896484375
2014-06-19,93.11000061035156,92.91000366210938,84.60154724121094
2014-06-20,92.69999694824219,92.7699966430664,84.70106506347656
2014-06-23,92.76000213623047,92.79000091552734,84.7193603515625
2014-06-24,92.77999877929688,92.69999694824219,84.6371841430664
2014-06-25,92.48999786376953,93.29000091552734,85.17584991455078
2014-06-26,93.3499984741211,93.33999633789062,85.22150421142578
2014-06-27,93.22000122070312,93.75,85.59583282470703
2014-06-30,93.7300033569336,93.91000366210938,85.74191284179688
2014-07-01,94.23999786376953,94.94000244140625,86.68234252929688
2014-07-02,95.0,95.0999984741211,86.82843780517578
2014-07-03,95.41000366210938,95.69999694824219,87.37621307373047
2014-07-07,95.58999633789062,95.41000366210938,87.11145782470703
2014-07-08,95.2300033569336,94.26000213623047,86.06145477294922
2014-07-09,94.51000213623047,94.95999908447266,86.70056915283203
2014-07-10,93.73999786376953,94.66000366210938,86.42669677734375
2014-07-11,94.9000015258789,95.2699966430664,86.98365020751953
2014-07-14,95.69999694824219,95.83999633789062,87.50405883789062
2014-07-15,95.98999786376953,95.51000213623047,87.20275115966797
2014-07-16,96.19999694824219,95.88999938964844,87.5497055053711
2014-07-17,95.62999725341797,94.62000274658203,86.39019012451172
2014-07-18,95.11000061035156,96.12000274658203,87.75971984863281
2014-07-21,95.91999816894531,96.0,87.65013885498047
2014-07-22,96.44999694824219,96.61000061035156,88.20709228515625
2014-07-23,96.94999694824219,97.2300033569336,88.77320098876953
2014-07-24,97.4000015258789,97.12000274658203,88.67271423339844
2014-07-25,96.62000274658203,96.73999786376953,88.32579803466797
2014-07-28,96.83999633789062,96.7699966430664,88.3531723022461
2014-07-29,96.9800033569336,96.5999984741211,88.19795227050781
2014-07-30,97.13999938964844,96.9800033569336,88.544921875
2014-07-31,96.18000030517578,95.0199966430664,86.75535583496094
2014-08-01,94.81999969482422,94.66999816894531,86.43582916259766
2014-08-04,94.87000274658203,95.31999969482422,87.02931213378906
2014-08-05,94.94000244140625,94.58999633789062,86.36276245117188
2014-08-06,94.0,94.5199966430664,86.29889678955078
2014-08-07,94.95999908447266,94.22000122070312,86.02494049072266
2014-08-08,94.37000274658203,94.9000015258789,86.64580535888672
2014-08-11,95.2699966430664,95.45999908447266,87.15711212158203
2014-08-12,95.36000061035156,95.41999816894531,87.12059020996094
2014-08-13,95.80999755859375,96.43000030517578,88.04275512695312
2014-08-14,96.55999755859375,96.93000030517578,88.49925231933594
2014-08-15,97.48999786376953,97.4000015258789,88.9283676147461
2014-08-18,97.91000366210938,98.1500015258789,89.61315155029297
2014-08-19,98.37999725341797,98.69999694824219,90.11529541015625
2014-08-20,98.62000274658203,98.69999694824219,90.11529541015625
2014-08-21,98.75,98.9000015258789,90.29791259765625
2014-08-22,98.94000244140625,99.05000305175781,90.43485260009766
2014-08-25,99.5199966430664,99.4000015258789,90.7544174194336
2014-08-26,99.55000305175781,99.5,90.84571838378906
2014-08-27,99.52999877929688,99.5199966430664,90.86400604248047
2014-08-28,99.18000030517578,99.41000366210938,90.76355743408203
2014-08-29,99.62999725341797,99.77999877929688,91.10137939453125
2014-09-02,100.0199966430664,100.06999969482422,91.36612701416016
2014-09-03,100.33999633789062,99.4800033569336,90.82745361328125
2014-09-04,99.70999908447266,99.38999938964844,90.74528503417969
2014-09-05,99.54000091552734,99.88999938964844,91.20181274414062
2014-09-08,99.91999816894531,100.08000183105469,91.37530517578125
2014-09-09,100.08999633789062,99.25,90.6174545288086
2014-09-10,99.37999725341797,100.06999969482422,91.36612701416016
2014-09-11,99.63999938964844,99.98999786376953,91.2931137084961
2014-09-12,99.9000015258789,99.4800033569336,90.82745361328125
2014-09-15,99.58999633789062,98.5199966430664,89.95096588134766
2014-09-16,98.1500015258789,99.37999725341797,90.73614501953125
2014-09-17,99.36000061035156,99.52999877929688,90.87312316894531
2014-09-18,99.83999633789062,100.27999877929688,91.55789184570312
2014-09-19,100.45999908447266,99.9800033569336,91.5011215209961
2014-09-22,99.73999786376953,99.05000305175781,90.6500015258789
2014-09-23,98.6500015258789,98.77999877929688,90.4029312133789
2014-09-24,98.87999725341797,99.83999633789062,91.37299346923828
2014-09-25,99.5199966430664,97.73999786376953,89.45113372802734
2014-09-26,98.05999755859375,98.77999877929688,90.4029312133789
2014-09-29,97.80000305175781,98.6500015258789,90.28392791748047
2014-09-30,98.91999816894531,98.79000091552734,90.41204833984375
2014-10-01,98.51000213623047,97.20999908447266,88.9660415649414
2014-10-02,97.16999816894531,97.20999908447266,88.9660415649414
2014-10-03,97.77999877929688,98.16999816894531,89.84461212158203
2014-10-06,98.4800033569336,97.95999908447266,89.65245819091797
2014-10-07,97.5,96.56999969482422,88.38031768798828
2014-10-08,96.62000274658203,98.44999694824219,90.10089111328125
2014-10-09,98.31999969482422,96.86000061035156,88.64573669433594
2014-10-10,96.29000091552734,94.44000244140625,86.43097686767578
2014-10-13,94.2699966430664,92.95999908447266,85.07645416259766
2014-10-14,93.54000091552734,92.97000122070312,85.08563232421875
2014-10-15,91.56999969482422,92.37000274658203,84.53653717041016
2014-10-16,90.41999816894531,91.79000091552734,84.00569152832031
2014-10-17,93.0,93.0,85.11309051513672
2014-10-20,92.98999786376953,94.38999938964844,86.38519287109375
2014-10-21,95.55999755859375,96.87000274658203,88.65487670898438
2014-10-22,97.16999816894531,96.37000274658203,88.19730377197266
2014-10-23,97.33999633789062,97.81999969482422,89.5243148803711
2014-10-24,98.02999877929688,98.62000274658203,90.2564697265625
2014-10-27,98.43000030517578,98.69000244140625,90.32056427001953
2014-10-28,99.1500015258789,100.18000030517578,91.68418884277344
2014-10-29,99.8499984741211,99.80999755859375,91.3455581665039
2014-10-30,99.36000061035156,100.0199966430664,91.53773498535156
2014-10-31,101.68000030517578,101.4000015258789,92.80071258544922
2014-11-03,101.58000183105469,101.69999694824219,93.07530212402344
2014-11-04,101.37999725341797,101.36000061035156,92.76409149169922
2014-11-05,102.02999877929688,101.37000274658203,92.7732925415039
2014-11-06,101.36000061035156,101.69000244140625,93.06614685058594
2014-11-07,101.87000274658203,101.5999984741211,92.98377990722656
2014-11-10,101.6500015258789,101.95999908447266,93.31324768066406
2014-11-11,101.9800033569336,102.27999877929688,93.6061019897461
2014-11-12,101.87000274658203,102.45999908447266,93.77083587646484
2014-11-13,102.6500015258789,102.9000015258789,94.17350769042969
2014-11-14,102.87000274658203,103.22000122070312,94.46639251708984
2014-11-17,102.9800033569336,102.91000366210938,94.18264770507812
2014-11-18,103.0,103.68000030517578,94.8873519897461
2014-11-19,103.56999969482422,103.20999908447266,94.45724487304688
2014-11-20,102.7699966430664,103.66999816894531,94.87818908691406
2014-11-21,104.58999633789062,103.87000274658203,95.06124877929688
2014-11-24,104.1500015258789,104.68000030517578,95.80256652832031
2014-11-25,104.83999633789062,104.83999633789062,95.9489517211914
2014-11-26,104.94000244140625,105.5199966430664,96.5712890625
2014-11-28,105.80000305175781,106.01000213623047,97.01976776123047
2014-12-01,105.72000122070312,104.80999755859375,95.92152404785156
2014-12-02,104.91999816894531,105.2300033569336,96.30591583251953
2014-12-03,105.38999938964844,105.41999816894531,96.47981262207031
2014-12-04,105.31999969482422,105.37000274658203,96.43402862548828
2014-12-05,105.54000091552734,105.37999725341797,96.44318389892578
2014-12-08,105.11000061035156,104.62999725341797,95.7568130493164
2014-12-09,103.41000366210938,104.95999908447266,96.05880737304688
2014-12-10,104.7699966430664,103.30999755859375,94.54874420166016
2014-12-11,103.61000061035156,103.80000305175781,94.99720764160156
2014-12-12,102.80999755859375,102.66999816894531,93.9630126953125
2014-12-15,103.19999694824219,101.61000061035156,92.992919921875
2014-12-16,100.97000122070312,99.9800033569336,91.5011215209961
2014-12-17,100.05000305175781,101.80000305175781,93.16677856445312
2014-12-18,103.26000213623047,104.25,95.40901947021484
2014-12-19,103.97000122070312,104.31999969482422,95.82880401611328
2014-12-22,104.1500015258789,104.58000183105469,96.06765747070312
2014-12-23,104.95999908447266,104.20999908447266,95.72776794433594
2014-12-24,104.33999633789062,104.30000305175781,95.81043243408203
2014-12-26,104.5999984741211,105.04000091552734,96.4902114868164
2014-12-29,104.94000244140625,105.0199966430664,96.47185516357422
2014-12-30,104.72000122070312,104.31999969482422,95.82880401611328
2014-12-31,104.5,103.25,94.8459243774414
2015-01-02,103.76000213623047,102.94000244140625,94.56114196777344
2015-01-05,102.48999786376953,101.43000030517578,93.1740493774414
2015-01-06,101.58000183105469,100.06999969482422,91.92473602294922
2015-01-07,100.7300033569336,101.36000061035156,93.1097412109375
2015-01-08,102.22000122070312,103.30000305175781,94.891845703125
2015-01-09,103.62000274658203,102.62000274658203,94.26718139648438
2015-01-12,102.81999969482422,101.55000305175781,93.28428649902344
2015-01-13,102.54000091552734,101.5199966430664,93.2567367553711
2015-01-14,100.5,100.95999908447266,92.74232482910156
2015-01-15,101.43000030517578,99.6500015258789,91.53893280029297
2015-01-16,99.5199966430664,100.81999969482422,92.61373138427734
2015-01-20,101.43000030517578,101.62000274658203,93.34857177734375
2015-01-21,101.31999969482422,102.13999938964844,93.8262710571289
2015-01-22,102.54000091552734,104.02999877929688,95.56243133544922
2015-01-23,104.0199966430664,104.26000213623047,95.77371215820312
2015-01-26,104.13999938964844,104.13999938964844,95.66346740722656
2015-01-27,102.5,101.44000244140625,93.1832275390625
2015-01-28,103.06999969482422,100.91999816894531,92.70556640625
2015-01-29,100.83999633789062,101.88999938964844,93.59661865234375
2015-01-30,101.80000305175781,101.0999984741211,92.87091827392578
2015-02-02,101.33000183105469,101.9800033569336,93.67930603027344
2015-02-03,102.3499984741211,102.95999908447266,94.57951354980469
2015-02-04,102.54000091552734,102.87000274658203,94.49684143066406
2015-02-05,103.12999725341797,103.76000213623047,95.31441497802734
2015-02-06,103.91999816894531,103.12999725341797,94.73567962646484
2015-02-09,102.7300033569336,102.80000305175781,94.43254852294922
2015-02-10,103.37000274658203,104.4000015258789,95.90231323242188
2015-02-11,104.5199966430664,104.77999877929688,96.25138092041016
2015-02-12,105.45999908447266,106.0,97.37205505371094
2015-02-13,106.30000305175781,106.91000366210938,98.20799255371094
2015-02-17,106.91000366210938,107.01000213623047,98.29987335205078
2015-02-18,106.87999725341797,107.16000366210938,98.43765258789062
2015-02-19,107.08999633789062,107.69000244140625,98.92454528808594
2015-02-20,107.62000274658203,108.41000366210938,99.58592987060547
2015-02-23,108.3499984741211,108.5199966430664,99.68694305419922
2015-02-24,108.37999725341797,108.5999984741211,99.76044464111328
2015-02-25,108.44000244140625,108.33000183105469,99.51243591308594
2015-02-26,108.44000244140625,108.87999725341797,100.01769256591797
2015-02-27,108.83999633789062,108.4000015258789,99.57673645019531
2015-03-02,108.61000061035156,109.37999725341797,100.47696685791016
2015-03-03,109.05000305175781,108.87000274658203,100.00848388671875
2015-03-04,108.51000213623047,108.44999694824219,99.62266540527344
2015-03-05,108.7300033569336,108.63999938964844,99.79718780517578
2015-03-06,108.5,107.41000366210938,98.66731262207031
2015-03-09,107.62999725341797,107.72000122070312,98.95208740234375
2015-03-10,106.94999694824219,105.72000122070312,97.1148910522461
2015-03-11,105.87999725341797,105.11000061035156,96.55453491210938
2015-03-12,105.02999877929688,105.80000305175781,97.18836212158203
2015-03-13,105.69999694824219,105.33999633789062,96.76580047607422
2015-03-16,105.7300033569336,106.69999694824219,98.01512145996094
2015-03-17,106.41000366210938,106.87000274658203,98.17125701904297
2015-03-18,106.58000183105469,107.91999816894531,99.13580322265625
2015-03-19,108.02999877929688,108.08000183105469,99.28276824951172
2015-03-20,108.72000122070312,108.52999877929688,99.92543029785156
2015-03-23,108.47000122070312,108.31999969482422,99.7320556640625
2015-03-24,108.30999755859375,107.93000030517578,99.37300109863281
2015-03-25,108.0999984741211,105.45999908447266,97.09883880615234
2015-03-26,104.58999633789062,105.0999984741211,96.76738739013672
2015-03-27,105.08000183105469,105.5199966430664,97.15406799316406
2015-03-30,106.16000366210938,106.7300033569336,98.26815795898438
2015-03-31,106.43000030517578,105.5999984741211,97.22771453857422
2015-04-01,105.5999984741211,105.05000305175781,96.72135162353516
2015-04-02,105.1500015258789,105.12000274658203,96.78575134277344
2015-04-06,104.5,105.9800033569336,97.57760620117188
2015-04-07,105.91999816894531,105.80000305175781,97.4118881225586
2015-04-08,105.83999633789062,106.63999938964844,98.1852798461914
2015-04-09,106.58999633789062,107.30999755859375,98.80215454101562
2015-04-10,107.2699966430664,107.75,99.207275390625
2015-04-13,107.83000183105469,107.4800033569336,98.95870971679688
2015-04-14,107.37000274658203,107.16999816894531,98.67326354980469
2015-04-15,107.44999694824219,107.83999633789062,99.2901382446289
2015-04-16,107.55000305175781,107.69000244140625,99.15204620361328
2015-04-17,106.66000366210938,106.01000213623047,97.60523223876953
2015-04-20,106.54000091552734,107.5999984741211,99.06917572021484
2015-04-21,108.22000122070312,108.05999755859375,99.49270629882812
2015-04-22,108.33999633789062,108.6500015258789,100.03595733642578
2015-04-23,108.27999877929688,109.05999755859375,100.41339874267578
2015-04-24,110.20999908447266,110.54000091552734,101.77606964111328
2015-04-27,110.94999694824219,110.26000213623047,101.5182876586914
2015-04-28,110.33999633789062,110.04000091552734,101.31573486328125
2015-04-29,109.43000030517578,109.3499984741211,100.68045043945312
2015-04-30,108.7300033569336,107.62999725341797,99.0967788696289
2015-05-01,108.05000305175781,109.05000305175781,100.40422058105469
2015-05-04,109.4000015258789,109.2300033569336,100.56993865966797
2015-05-05,108.80000305175781,107.44999694824219,98.93106842041016
2015-05-06,107.63999938964844,106.70999908447266,98.2497329711914
2015-05-07,106.68000030517578,107.3499984741211,98.83898162841797
2015-05-08,108.45999908447266,108.69000244140625,100.0727310180664
2015-05-11,108.76000213623047,108.2699966430664,99.6860122680664
2015-05-12,107.62999725341797,107.77999877929688,99.23487854003906
2015-05-13,108.25,108.0,99.43746185302734
2015-05-14,108.87999725341797,109.58000183105469,100.89219665527344
2015-05-15,109.86000061035156,109.58000183105469,100.89219665527344
2015-05-18,109.4000015258789,110.05999755859375,101.3341293334961
2015-05-19,110.18000030517578,109.94000244140625,101.22364807128906
2015-05-20,110.0199966430664,110.01000213623047,101.28811645507812
2015-05-21,109.81999969482422,110.58000183105469,101.81291198730469
2015-05-22,110.44999694824219,110.47000122070312,101.71160125732422
2015-05-26,110.2300033569336,109.19999694824219,100.54232025146484
2015-05-27,109.52999877929688,110.95999908447266,102.16277313232422
2015-05-28,110.75,110.70999908447266,101.9325942993164
2015-05-29,110.63999938964844,110.05000305175781,101.3249282836914
2015-06-01,110.63999938964844,110.41999816894531,101.66557312011719
2015-06-02,110.01000213623047,110.06999969482422,101.34334564208984
2015-06-03,110.56999969482422,110.4000015258789,101.64717864990234
2015-06-04,109.77999877929688,109.55999755859375,100.87378692626953
2015-06-05,109.43000030517578,109.30000305175781,100.63435363769531
2015-06-08,109.25,108.19000244140625,99.61239624023438
2015-06-09,107.93000030517578,108.01000213623047,99.44667053222656
2015-06-10,108.37999725341797,109.48999786376953,100.80935668945312
2015-06-11,109.86000061035156,109.6500015258789,100.9566421508789
2015-06-12,109.06999969482422,108.75,100.12796783447266
2015-06-15,107.94000244140625,108.20999908447266,99.63079833984375
2015-06-16,108.0999984741211,108.80000305175781,100.1740493774414
2015-06-17,108.9800033569336,109.0999984741211,100.45027160644531
2015-06-18,109.5,110.69000244140625,101.91414642333984
2015-06-19,110.48999786376953,109.88999938964844,101.41031646728516
2015-06-22,110.69999694824219,110.69999694824219,102.15780639648438
2015-06-23,110.81999969482422,110.79000091552734,102.24087524414062
2015-06-24,110.66000366210938,110.22000122070312,101.71484375
2015-06-25,110.6500015258789,110.0,101.51182556152344
2015-06-26,109.9800033569336,109.2699966430664,100.83816528320312
2015-06-29,108.05999755859375,106.69000244140625,98.45724487304688
2015-06-30,107.48999786376953,107.06999969482422,98.80794525146484
2015-07-01,108.12999725341797,107.91999816894531,99.59234619140625
2015-07-02,108.2300033569336,107.94999694824219,99.62001037597656
2015-07-06,107.2699966430664,107.69999694824219,99.38932037353516
2015-07-07,107.81999969482422,107.97000122070312,99.63846588134766
2015-07-08,107.19999694824219,106.08999633789062,97.90355682373047
2015-07-09,107.5,106.02999877929688,97.84817504882812
2015-07-10,107.44000244140625,107.6500015258789,99.34313201904297
2015-07-13,108.58000183105469,109.54000091552734,101.08731079101562
2015-07-14,109.69000244140625,110.26000213623047,101.75177764892578
2015-07-15,110.47000122070312,110.37999725341797,101.86253356933594
2015-07-16,111.29000091552734,111.94000244140625,103.30211639404297
2015-07-17,112.83999633789062,113.58999633789062,104.82479095458984
2015-07-20,113.83000183105469,113.9800033569336,105.18472290039062
2015-07-21,114.0199966430664,113.91000366210938,105.12013244628906
2015-07-22,112.16999816894531,112.62000274658203,103.92967224121094
2015-07-23,112.7300033569336,112.19999694824219,103.54206085205078
2015-07-24,112.80000305175781,111.0999984741211,102.52696990966797
2015-07-27,110.47000122070312,110.18000030517578,101.67793273925781
2015-07-28,110.66999816894531,111.12999725341797,102.55464172363281
2015-07-29,111.37000274658203,111.55000305175781,102.94221496582031
2015-07-30,111.29000091552734,112.08000183105469,103.43134307861328
2015-07-31,112.43000030517578,111.94999694824219,103.3113784790039
2015-08-03,111.97000122070312,111.5999984741211,102.98837280273438
2015-08-04,111.55000305175781,111.38999938964844,102.79458618164062
2015-08-05,112.01000213623047,112.25,103.58821105957031
2015-08-06,112.3499984741211,110.44999694824219,101.92708587646484
2015-08-07,110.18000030517578,110.30999755859375,101.79791259765625
2015-08-10,111.01000213623047,111.56999969482422,102.96068572998047
2015-08-11,110.9800033569336,110.13999938964844,101.64102935791016
2015-08-12,109.37999725341797,110.5199966430664,101.99170684814453
2015-08-13,110.62999725341797,110.33999633789062,101.82561492919922
2015-08-14,110.08000183105469,110.51000213623047,101.98246765136719
2015-08-17,110.23999786376953,111.43000030517578,102.83145904541016
2015-08-18,111.27999877929688,110.86000061035156,102.30546569824219
2015-08-19,110.5199966430664,110.12999725341797,101.63179779052734
2015-08-20,109.11000061035156,107.08000183105469,98.81715393066406
2015-08-21,105.56999969482422,102.4000015258789,94.498291015625
2015-08-24,94.2300033569336,98.45999908447266,90.8623046875
2015-08-25,102.06999969482422,98.08999633789062,90.5208511352539
2015-08-26,100.95999908447266,103.02999877929688,95.07964324951172
2015-08-27,104.5199966430664,105.63999938964844,97.48826599121094
2015-08-28,105.08000183105469,105.62000274658203,97.46979522705078
2015-08-31,105.02999877929688,104.30999755859375,96.26090240478516
2015-09-01,101.70999908447266,101.05000305175781,93.25247955322266
2015-09-02,102.87999725341797,103.9000015258789,95.88256072998047
2015-09-03,104.30999755859375,103.38999938964844,95.41188049316406
2015-09-04,101.97000122070312,102.16000366210938,94.27680969238281
2015-09-08,104.12000274658203,105.04000091552734,96.93455505371094
2015-09-09,106.27999877929688,103.86000061035156,95.84565734863281
2015-09-10,103.73999786376953,104.98999786376953,96.888427734375
2015-09-11,104.51000213623047,105.56999969482422,97.42366790771484
2015-09-14,105.95999908447266,105.25,97.12834930419922
2015-09-15,105.5,106.48999786376953,98.27267456054688
2015-09-16,106.51000213623047,107.08999633789062,98.82637023925781
2015-09-17,106.9800033569336,107.12999725341797,98.86328125
2015-09-18,105.2300033569336,105.3499984741211,97.4571762084961
2015-09-21,105.93000030517578,105.68000030517578,97.76241302490234
2015-09-22,104.05999755859375,104.0999984741211,96.30081939697266
2015-09-23,104.37999725341797,104.18000030517578,96.37483978271484
2015-09-24,103.16999816894531,103.80000305175781,96.02333068847656
2015-09-25,104.91000366210938,102.91999816894531,95.209228515625
2015-09-28,102.4800033569336,99.98999786376953,92.49873352050781
2015-09-29,100.23999786376953,99.47000122070312,92.01770782470703
2015-09-30,100.88999938964844,101.76000213623047,94.13613891601562
2015-10-01,101.94000244140625,102.22000122070312,94.5616683959961
2015-10-02,100.80000305175781,104.01000213623047,96.21760559082031
2015-10-05,104.77999877929688,105.5,97.59596252441406
2015-10-06,105.25,105.0,97.13338470458984
2015-10-07,105.66000366210938,105.62999725341797,97.71619415283203
2015-10-08,105.2300033569336,106.05000305175781,98.10472106933594
2015-10-09,106.0999984741211,106.52999877929688,98.54875946044922
2015-10-12,106.7300033569336,106.79000091552734,98.78929901123047
2015-10-13,106.18000030517578,106.0999984741211,98.15097045898438
2015-10-14,106.0999984741211,105.93000030517578,97.99370574951172
2015-10-15,106.31999969482422,107.66999816894531,99.60337829589844
2015-10-16,107.9000015258789,108.12000274658203,100.01964569091797
2015-10-19,107.9800033569336,108.73999786376953,100.59317779541016
2015-10-20,108.55000305175781,108.18000030517578,100.07513427734375
2015-10-21,108.7300033569336,107.5199966430664,99.464599609375
2015-10-22,108.4800033569336,109.70999908447266,101.49053955078125
2015-10-23,112.66000366210938,112.77999877929688,104.33052062988281
2015-10-26,112.69999694824219,112.8499984741211,104.3952865600586
2015-10-27,112.55000305175781,113.08000183105469,104.6080551147461
2015-10-28,113.25,114.0199966430664,105.47762298583984
2015-10-29,113.5,113.83999633789062,105.31110382080078
2015-10-30,113.88999938964844,113.33000183105469,104.83931732177734
2015-11-02,113.62999725341797,114.61000061035156,106.02342987060547
2015-11-03,114.37999725341797,115.01000213623047,106.39344787597656
2015-11-04,115.38999938964844,115.0199966430664,106.40267944335938
2015-11-05,115.12000274658203,114.70999908447266,106.11591339111328
2015-11-06,114.48999786376953,114.79000091552734,106.18992614746094
2015-11-09,114.36000061035156,113.56999969482422,105.06134796142578
2015-11-10,112.97000122070312,113.27999877929688,104.79305267333984
2015-11-11,113.58999633789062,113.13999938964844,104.6635513305664
2015-11-12,112.68000030517578,112.04000091552734,103.64596557617188
2015-11-13,111.56999969482422,109.83999633789062,101.61079406738281
2015-11-16,109.7300033569336,111.41999816894531,103.0724105834961
2015-11-17,111.61000061035156,111.48999786376953,103.13716125488281
2015-11-18,111.94000244140625,113.62999725341797,105.11685180664062
2015-11-19,113.69000244140625,113.70999908447266,105.1908187866211
2015-11-20,114.25,114.4800033569336,105.90314483642578
2015-11-23,114.5199966430664,114.1500015258789,105.59786987304688
2015-11-24,113.41000366210938,114.05000305175781,105.50536346435547
2015-11-25,114.22000122070312,114.1500015258789,105.59786987304688
2015-11-27,114.4000015258789,114.30999755859375,105.7458724975586
2015-11-30,114.6500015258789,114.0199966430664,105.47762298583984
2015-12-01,114.4800033569336,115.16000366210938,106.53223419189453
2015-12-02,115.25,114.44999694824219,105.8753890991211
2015-12-03,114.76000213623047,112.51000213623047,104.08071899414062
2015-12-04,112.8499984741211,115.13999938964844,106.51371002197266
2015-12-07,115.22000122070312,114.62000274658203,106.03266906738281
2015-12-08,113.41999816894531,114.62999725341797,106.04192352294922
2015-12-09,114.12999725341797,112.88999938964844,104.43228149414062
2015-12-10,113.1500015258789,113.4000015258789,104.90406036376953
2015-12-11,112.08999633789062,110.79000091552734,102.48960876464844
2015-12-14,110.94000244140625,111.62999725341797,103.26667022705078
2015-12-15,112.66000366210938,112.30999755859375,103.89572143554688
2015-12-16,113.06999969482422,113.9800033569336,105.44062805175781
2015-12-17,114.4800033569336,112.31999969482422,103.90496063232422
2015-12-18,111.62999725341797,109.83000183105469,101.91184997558594
2015-12-21,110.87000274658203,111.05000305175781,103.0439224243164
2015-12-22,111.63999938964844,111.77999877929688,103.72126770019531
2015-12-23,112.36000061035156,112.61000061035156,104.49141693115234
2015-12-24,112.61000061035156,112.58999633789062,104.47283935546875
2015-12-28,112.31999969482422,112.52999877929688,104.41717529296875
2015-12-29,113.19999694824219,114.30000305175781,106.05957794189453
2015-12-30,114.19999694824219,113.2699966430664,105.10386657714844
2015-12-31,112.87000274658203,111.86000061035156,103.79549407958984
2016-01-04,109.44999694824219,109.5,101.60564422607422
2016-01-05,110.04000091552734,109.30999755859375,101.4293212890625
2016-01-06,107.41000366210938,108.26000213623047,100.45499420166016
2016-01-07,105.94999694824219,104.87000274658203,97.30944061279297
2016-01-08,105.62999725341797,104.01000213623047,96.5114517211914
2016-01-11,104.75,104.33000183105469,96.80838012695312
2016-01-12,105.33000183105469,105.54000091552734,97.93114471435547
2016-01-13,105.97000122070312,101.9000015258789,94.55355834960938
2016-01-14,102.30000305175781,104.06999969482422,96.56709289550781
2016-01-15,100.62000274658203,100.83999633789062,93.5699462890625
2016-01-19,102.20999908447266,101.05999755859375,93.77409362792969
2016-01-20,99.47000122070312,100.75,93.48646545410156
2016-01-21,101.18000030517578,100.8499984741211,93.57926940917969
2016-01-22,102.87999725341797,103.7699966430664,96.2886962890625
2016-01-25,103.4000015258789,102.2300033569336,94.8597640991211
2016-01-26,102.66000366210938,103.1500015258789,95.71344757080078
2016-01-27,102.55000305175781,100.58000183105469,93.3287353515625
2016-01-28,102.25,102.0,94.64632415771484
2016-01-29,101.97000122070312,104.12999725341797,96.622802734375
2016-02-01,103.62999725341797,104.41000366210938,96.88259887695312
2016-02-02,103.93000030517578,102.1500015258789,94.78551483154297
2016-02-03,102.83000183105469,101.66000366210938,94.33087921142578
2016-02-04,101.38999938964844,101.6500015258789,94.3215560913086
2016-02-05,101.29000091552734,98.12000274658203,91.0460433959961
2016-02-08,96.29000091552734,96.62000274658203,89.65423583984375
2016-02-09,95.33000183105469,96.31999969482422,89.37582397460938
2016-02-10,97.43000030517578,96.69000244140625,89.7191390991211
2016-02-11,95.45999908447266,96.55000305175781,89.58924865722656
2016-02-12,97.63999938964844,98.0199966430664,90.95328521728516
2016-02-16,99.47000122070312,100.2300033569336,93.00396728515625
2016-02-17,100.95999908447266,102.5,95.11031341552734
2016-02-18,102.81999969482422,101.33000183105469,94.02464294433594
2016-02-19,100.83999633789062,101.62999725341797,94.30302429199219
2016-02-22,102.58000183105469,103.27999877929688,95.83406066894531
2016-02-23,102.68000030517578,101.58000183105469,94.25664520263672
2016-02-24,100.38999938964844,102.55000305175781,95.15669250488281
2016-02-25,102.76000213623047,103.55999755859375,96.09390258789062
2016-02-26,104.3499984741211,103.43000030517578,95.97322845458984
2016-02-29,103.33000183105469,102.5,95.11031341552734
2016-03-01,103.4800033569336,105.79000091552734,98.16310119628906
2016-03-02,105.66000366210938,105.83000183105469,98.20020294189453
2016-03-03,105.72000122070312,105.62999725341797,98.0146484375
2016-03-04,105.75,105.66999816894531,98.05171966552734
2016-03-07,105.12999725341797,105.0199966430664,97.4485855102539
2016-03-08,104.30000305175781,104.1500015258789,96.64132690429688
2016-03-09,104.54000091552734,104.81999969482422,97.26301574707031
2016-03-10,105.26000213623047,104.66000366210938,97.11456298828125
2016-03-11,105.79000091552734,106.48999786376953,98.81265258789062
2016-03-14,106.08999633789062,106.66999816894531,98.97966003417969
2016-03-15,106.29000091552734,106.62999725341797,98.94255065917969
2016-03-16,106.37000274658203,107.58000183105469,99.82405090332031
2016-03-17,107.2699966430664,107.5199966430664,99.76837921142578
2016-03-18,107.45999908447266,107.37000274658203,99.92473602294922
2016-03-21,107.18000030517578,107.79000091552734,100.31558990478516
2016-03-22,107.18000030517578,108.12000274658203,100.62273406982422
2016-03-23,107.91000366210938,107.2300033569336,99.79444122314453
2016-03-24,106.70999908447266,107.26000213623047,99.82237243652344
2016-03-28,107.55999755859375,107.11000061035156,99.68276977539062
2016-03-29,106.91000366210938,108.83000183105469,101.28347778320312
2016-03-30,109.4800033569336,109.36000061035156,101.77671813964844
2016-03-31,109.27999877929688,109.19999694824219,101.62782287597656
2016-04-01,108.54000091552734,110.36000061035156,102.70741271972656
2016-04-04,110.36000061035156,109.94000244140625,102.31654357910156
2016-04-05,109.08999633789062,108.87999725341797,101.33002471923828
2016-04-06,108.98999786376953,110.66999816894531,102.99591827392578
2016-04-07,110.02999877929688,109.08000183105469,101.51615142822266
2016-04-08,109.76000213623047,109.0,101.44168090820312
2016-04-11,109.47000122070312,108.5999984741211,101.06942749023438
2016-04-12,108.68000030517578,109.51000213623047,101.91632843017578
2016-04-13,110.3499984741211,110.91000366210938,103.21924591064453
2016-04-14,110.93000030517578,110.91999816894531,103.22856140136719
2016-04-15,110.83000183105469,110.63999938964844,102.96800231933594
2016-04-18,110.31999969482422,111.2300033569336,103.5170669555664
2016-04-19,111.44000244140625,110.55000305175781,102.8842544555664
2016-04-20,110.55000305175781,110.63999938964844,102.96800231933594
2016-04-21,110.58000183105469,110.6500015258789,102.97727966308594
2016-04-22,109.20999908447266,108.9800033569336,101.42310333251953
2016-04-25,108.6500015258789,108.9800033569336,101.42310333251953
2016-04-26,109.20999908447266,108.44999694824219,100.92984008789062
2016-04-27,107.33999633789062,107.58000183105469,100.12014770507812
2016-04-28,107.69999694824219,106.27999877929688,98.91032409667969
2016-04-29,106.27999877929688,105.72000122070312,98.38916015625
2016-05-02,105.98999786376953,106.72000122070312,99.3198013305664
2016-05-03,105.95999908447266,105.7300033569336,98.39842987060547
2016-05-04,105.08999633789062,105.05000305175781,97.76561737060547
2016-05-05,105.43000030517578,105.0199966430664,97.73770141601562
2016-05-06,104.5,105.58000183105469,98.25885009765625
2016-05-09,105.58999633789062,105.87999725341797,98.53805541992188
2016-05-10,106.26000213623047,107.33000183105469,99.88750457763672
2016-05-11,107.16999816894531,106.36000061035156,98.98475646972656
2016-05-12,106.61000061035156,105.88999938964844,98.54735565185547
2016-05-13,105.80000305175781,105.5,98.18438720703125
2016-05-16,105.66000366210938,106.81999969482422,99.41288757324219
2016-05-17,106.7300033569336,105.4800033569336,98.16578674316406
2016-05-18,105.23999786376953,105.86000061035156,98.5194320678711
2016-05-19,105.44999694824219,105.30999755859375,98.00757598876953
2016-05-20,105.7300033569336,106.47000122070312,99.08715057373047
2016-05-23,106.58999633789062,106.33000183105469,98.95684051513672
2016-05-24,106.91999816894531,108.45999908447266,100.93915557861328
2016-05-25,108.87000274658203,109.23999786376953,101.6650390625
2016-05-26,109.3499984741211,109.55999755859375,101.96286010742188
2016-05-27,109.62999725341797,110.12999725341797,102.49332427978516
2016-05-31,110.27999877929688,110.33999633789062,102.68878173828125
2016-06-01,110.0,110.3499984741211,102.69808959960938
2016-06-02,110.12999725341797,110.58000183105469,102.91214752197266
2016-06-03,110.37000274658203,110.05999755859375,102.42820739746094
2016-06-06,110.26000213623047,110.45999908447266,102.80046081542969
2016-06-07,110.5199966430664,110.18000030517578,102.53988647460938
2016-06-08,110.37000274658203,110.37000274658203,102.7166976928711
2016-06-09,109.91999816894531,110.19000244140625,102.54918670654297
2016-06-10,109.19000244140625,108.94000244140625,101.38587188720703
2016-06-13,108.31999969482422,108.02999877929688,100.5389633178711
2016-06-14,107.73999786376953,108.02999877929688,100.5389633178711
2016-06-15,108.29000091552734,107.72000122070312,100.2504653930664
2016-06-16,107.19000244140625,108.04000091552734,100.54828643798828
2016-06-17,107.52999877929688,106.48999786376953,99.36971282958984
2016-06-20,107.7300033569336,107.16000366210938,99.99490356445312
2016-06-21,107.30000305175781,107.5,100.31217193603516
2016-06-22,107.55999755859375,107.23999786376953,100.06956481933594
2016-06-23,108.06999969482422,108.7699966430664,101.49726104736328
2016-06-24,104.9000015258789,104.29000091552734,97.31683349609375
2016-06-27,103.5999984741211,102.22000122070312,95.38520050048828
2016-06-28,103.3499984741211,104.45999908447266,97.47545623779297
2016-06-29,105.27999877929688,106.30999755859375,99.20175170898438
2016-06-30,106.48999786376953,107.54000091552734,100.34951782226562
2016-07-01,107.48999786376953,108.08000183105469,100.85343170166016
2016-07-05,107.51000213623047,107.41999816894531,100.23753356933594
2016-07-06,106.91000366210938,108.30000305175781,101.05868530273438
2016-07-07,108.4000015258789,108.62000274658203,101.3572769165039
2016-07-08,109.19999694824219,110.30000305175781,102.92496490478516
2016-07-11,110.66999816894531,110.93000030517578,103.51283264160156
2016-07-12,111.61000061035156,111.48999786376953,104.035400390625
2016-07-13,111.75,111.22000122070312,103.78343200683594
2016-07-14,111.95999908447266,111.9800033569336,104.4926528930664
2016-07-15,112.23999786376953,111.80000305175781,104.32466888427734
2016-07-18,111.87000274658203,112.54000091552734,105.01518249511719
2016-07-19,112.1500015258789,112.12999725341797,104.63260650634766
2016-07-20,112.73999786376953,113.44000244140625,105.85501861572266
2016-07-21,113.5199966430664,113.18000030517578,105.61241149902344
2016-07-22,113.26000213623047,113.6500015258789,106.05096435546875
2016-07-25,113.55999755859375,113.66000366210938,106.06031799316406
2016-07-26,113.62000274658203,113.79000091552734,106.18160247802734
2016-07-27,114.75,114.58000183105469,106.91878509521484
2016-07-28,114.76000213623047,114.9800033569336,107.29203033447266
2016-07-29,115.23999786376953,115.2300033569336,107.52533721923828
2016-08-01,115.30999755859375,115.83999633789062,108.09452819824219
2016-08-02,115.66999816894531,114.95999908447266,107.27337646484375
2016-08-03,114.87000274658203,115.33999633789062,107.62797546386719
2016-08-04,115.30000305175781,115.66999816894531,107.93592071533203
2016-08-05,116.26000213623047,116.77999877929688,108.97171020507812
2016-08-08,116.83999633789062,116.6500015258789,108.85037231445312
2016-08-09,116.73999786376953,116.91999816894531,109.10233306884766
2016-08-10,116.98999786376953,116.62000274658203,108.82240295410156
2016-08-11,117.0199966430664,117.12000274658203,109.28897094726562
2016-08-12,116.91999816894531,117.19999694824219,109.36360931396484
2016-08-15,117.3499984741211,117.69999694824219,109.83015441894531
2016-08-16,117.4800033569336,117.05000305175781,109.22362518310547
2016-08-17,117.08000183105469,117.26000213623047,109.41959381103516
2016-08-18,117.1500015258789,117.29000091552734,109.44758605957031
2016-08-19,117.08000183105469,117.26000213623047,109.41959381103516
2016-08-22,117.08999633789062,117.3499984741211,109.50358581542969
2016-08-23,117.80999755859375,117.55999755859375,109.69954681396484
2016-08-24,117.4800033569336,116.80000305175781,108.99036407470703
2016-08-25,116.5,116.61000061035156,108.81307220458984
2016-08-26,116.6500015258789,116.77999877929688,108.97171020507812
2016-08-29,116.80999755859375,116.94000244140625,109.1209945678711
2016-08-30,116.75,116.55999755859375,108.76639556884766
2016-08-31,116.37999725341797,116.44000244140625,108.6543960571289
2016-09-01,116.4800033569336,116.73999786376953,108.93437957763672
2016-09-02,117.31999969482422,117.12000274658203,109.28897094726562
2016-09-06,117.31999969482422,117.8499984741211,109.9701156616211
2016-09-07,117.95999908447266,117.91999816894531,110.03548431396484
2016-09-08,117.56999969482422,117.2300033569336,109.39159393310547
2016-09-09,116.25,114.27999877929688,106.63884735107422
2016-09-12,113.63999938964844,116.33000183105469,108.5517807006836
2016-09-13,115.75,115.29000091552734,107.58131408691406
2016-09-14,115.41000366210938,115.83999633789062,108.09452819824219
2016-09-15,115.87000274658203,117.63999938964844,109.7741928100586
2016-09-16,117.22000122070312,117.29000091552734,109.7218017578125
2016-09-19,117.58999633789062,116.77999877929688,109.24473571777344
2016-09-20,117.19999694824219,117.0,109.45050048828125
2016-09-21,117.5,118.1500015258789,110.52633666992188
2016-09-22,118.83999633789062,119.08999633789062,111.4056625366211
2016-09-23,119.0,118.33000183105469,110.69470977783203
2016-09-26,117.66000366210938,117.33999633789062,109.7685546875
2016-09-27,117.26000213623047,118.5,110.8537368774414
2016-09-28,118.6500015258789,118.69999694824219,111.04080963134766
2016-09-29,118.5,117.83999633789062,110.23628997802734
2016-09-30,118.1500015258789,118.72000122070312,111.05952453613281
2016-10-03,118.56999969482422,118.55000305175781,110.90050506591797
2016-10-04,118.9000015258789,118.37000274658203,110.73210144042969
2016-10-05,118.72000122070312,118.79000091552734,111.1250228881836
2016-10-06,118.63999938964844,118.7300033569336,111.06887817382812
2016-10-07,118.83999633789062,118.47000122070312,110.82564544677734
2016-10-10,119.08000183105469,119.22000122070312,111.52728271484375
2016-10-11,119.12000274658203,117.5199966430664,109.9369888305664
2016-10-12,117.62999725341797,117.41999816894531,109.84342193603516
2016-10-13,116.62000274658203,117.0,109.45050048828125
2016-10-14,117.58000183105469,117.13999938964844,109.58146667480469
2016-10-17,117.04000091552734,116.81999969482422,109.28213500976562
2016-10-18,118.20999908447266,117.86000061035156,110.25503540039062
2016-10-19,117.7699966430664,117.8499984741211,110.2456283569336
2016-10-20,117.7300033569336,117.70999908447266,110.11471557617188
2016-10-21,117.80000305175781,118.1500015258789,110.52633666992188
2016-10-24,118.91000366210938,119.56999969482422,111.85467529296875
2016-10-25,119.63999938964844,119.19000244140625,111.49919891357422
2016-10-26,118.41999816894531,118.37999725341797,110.74143981933594
2016-10-27,118.88999938964844,117.83999633789062,110.23628997802734
2016-10-28,117.5,117.0999984741211,109.54405975341797
2016-10-31,117.52999877929688,116.98999786376953,109.441162109375
2016-11-01,117.19000244140625,116.11000061035156,108.61795043945312
2016-11-02,116.02999877929688,115.18000030517578,107.74794006347656
2016-11-03,114.98999786376953,114.05000305175781,106.69086456298828
2016-11-04,113.7699966430664,113.6500015258789,106.3166732788086
2016-11-07,115.48999786376953,116.3499984741211,108.84246063232422
2016-11-08,116.2300033569336,117.11000061035156,109.55341339111328
2016-11-09,115.73999786376953,117.6500015258789,110.05856323242188
2016-11-10,118.22000122070312,115.75,108.28115844726562
2016-11-11,115.25,115.80000305175781,108.32796478271484
2016-11-14,115.83000183105469,114.62999725341797,107.2334213256836
2016-11-15,115.5,116.22000122070312,108.7208480834961
2016-11-16,115.66999816894531,116.91000366210938,109.3663101196289
2016-11-17,116.8499984741211,117.76000213623047,110.1614761352539
2016-11-18,117.9000015258789,117.31999969482422,109.74984741210938
2016-11-21,117.61000061035156,118.54000091552734,110.89114379882812
2016-11-22,119.01000213623047,118.9000015258789,111.2279281616211
2016-11-23,118.51000213623047,118.41999816894531,110.77889251708984
2016-11-25,118.55999755859375,118.80000305175781,111.13435363769531
2016-11-28,118.6500015258789,118.52999877929688,110.88178253173828
2016-11-29,118.63999938964844,118.94000244140625,111.26531219482422
2016-11-30,119.08999633789062,117.5,109.91826629638672
2016-12-01,117.45999908447266,115.47000122070312,108.01924133300781
2016-12-02,115.54000091552734,115.69999694824219,108.23440551757812
2016-12-05,116.30000305175781,116.5999984741211,109.07628631591797
2016-12-06,116.93000030517578,116.87999725341797,109.33824920654297
2016-12-07,116.63999938964844,118.36000061035156,110.7227783203125
2016-12-08,118.41000366210938,118.56999969482422,110.91921997070312
2016-12-09,119.01000213623047,119.5,111.7892074584961
2016-12-12,118.97000122070312,118.95999908447266,111.2840576171875
2016-12-13,119.31999969482422,120.45999908447266,112.68726348876953
2016-12-14,120.61000061035156,120.20999908447266,112.45341491699219
2016-12-15,120.37000274658203,120.4000015258789,112.6311264038086
2016-12-16,120.33999633789062,119.5999984741211,112.2136001586914
2016-12-19,119.72000122070312,120.08999633789062,112.67334747314453
2016-12-20,120.47000122070312,120.55000305175781,113.10492706298828
2016-12-21,120.5999984741211,120.45999908447266,113.02051544189453
2016-12-22,120.47000122070312,120.12000274658203,112.70149230957031
2016-12-23,119.91999816894531,120.19999694824219,112.77655029296875
2016-12-27,120.45999908447266,120.81999969482422,113.3582763671875
2016-12-28,121.08000183105469,119.87999725341797,112.4762954711914
2016-12-29,119.8499984741211,119.70999908447266,112.31683349609375
2016-12-30,119.94000244140625,118.4800033569336,111.16278076171875
2017-01-03,119.2699966430664,119.54000091552734,112.15731811523438
2017-01-04,119.66999816894531,120.19000244140625,112.76716613769531
2017-01-05,120.0999984741211,120.87000274658203,113.4051742553711
2017-01-06,121.0,121.93000030517578,114.39972686767578
2017-01-09,122.02999877929688,122.33000183105469,114.77503967285156
2017-01-10,122.37999725341797,122.5999984741211,115.02835845947266
2017-01-11,122.6500015258789,122.93000030517578,115.33796691894531
2017-01-12,122.48999786376953,122.73999786376953,115.15971374511719
2017-01-13,122.80000305175781,123.16000366210938,115.55376434326172
2017-01-17,122.83999633789062,122.79000091552734,115.20661163330078
2017-01-18,122.97000122070312,123.04000091552734,115.44117736816406
2017-01-19,123.22000122070312,122.9800033569336,115.38488006591797
2017-01-20,123.5199966430664,123.25,115.63822174072266
2017-01-23,123.16999816894531,123.3499984741211,115.7320327758789
2017-01-24,123.58999633789062,124.18000030517578,116.51072692871094
2017-01-25,124.95999908447266,125.43000030517578,117.68356323242188
2017-01-26,125.5999984741211,125.55999755859375,117.80552673339844
2017-01-27,125.83000183105469,125.80000305175781,118.03070068359375
2017-01-30,125.37999725341797,124.81999969482422,117.11123657226562
2017-01-31,124.37999725341797,124.56999969482422,116.87666320800781
2017-02-01,125.44999694824219,125.43000030517578,117.68356323242188
2017-02-02,125.20999908447266,125.31999969482422,117.58036041259766
2017-02-03,125.44999694824219,125.68000030517578,117.91809844970703
2017-02-06,125.47000122070312,125.83000183105469,118.0588607788086
2017-02-07,126.08999633789062,126.29000091552734,118.49042510986328
2017-02-08,126.12000274658203,126.5,118.68748474121094
2017-02-09,126.62999725341797,126.95999908447266,119.11907958984375
2017-02-10,127.23999786376953,127.37999725341797,119.51311492919922
2017-02-13,127.7699966430664,128.10000610351562,120.18865966796875
2017-02-14,128.14999389648438,128.52999877929688,120.59208679199219
2017-02-15,128.44000244140625,129.2899932861328,121.30517578125
2017-02-16,129.3699951171875,129.25,121.26766967773438
2017-02-17,129.05999755859375,129.80999755859375,121.79305267333984
2017-02-21,130.05999755859375,130.4499969482422,122.39351654052734
2017-02-22,130.3300018310547,130.5,122.44044494628906
2017-02-23,130.6999969482422,130.00999450683594,121.9806900024414
2017-02-24,129.4199981689453,130.25999450683594,122.21524810791016
2017-02-27,130.02000427246094,130.4199981689453,122.36537170410156
2017-02-28,130.38999938964844,130.02000427246094,121.99010467529297
2017-03-01,130.85000610351562,131.44000244140625,123.3223876953125
2017-03-02,131.41000366210938,130.77999877929688,122.70314025878906
2017-03-03,130.69000244140625,131.02000427246094,122.92832946777344
2017-03-06,130.58999633789062,130.72999572753906,122.65621948242188
2017-03-07,130.47000122070312,130.50999450683594,122.44983673095703
2017-03-08,130.58999633789062,130.74000549316406,122.66561889648438
2017-03-09,130.7100067138672,130.83999633789062,122.75943756103516
2017-03-10,131.44000244140625,131.38999938964844,123.27548217773438
2017-03-13,131.33999633789062,131.61000061035156,123.48188018798828
2017-03-14,131.30999755859375,131.2899932861328,123.181640625
2017-03-15,131.55999755859375,132.10000610351562,123.94161224365234
2017-03-16,132.35000610351562,132.00999450683594,123.857177734375
2017-03-17,131.89999389648438,131.69000244140625,123.81392669677734
2017-03-20,131.64999389648438,131.80999755859375,123.92676544189453
2017-03-21,132.30999755859375,129.80999755859375,122.04637145996094
2017-03-22,129.85000610351562,130.69000244140625,122.87373352050781
2017-03-23,130.52000427246094,130.36000061035156,122.56348419189453
2017-03-24,130.77999877929688,130.6300048828125,122.81733703613281
2017-03-27,129.6999969482422,130.83999633789062,123.01478576660156
2017-03-28,130.83999633789062,131.63999938964844,123.76695251464844
2017-03-29,131.72999572753906,132.25,124.3404769897461
2017-03-30,132.1999969482422,132.47000122070312,124.54728698730469
2017-03-31,132.27999877929688,132.3800048828125,124.4626693725586
2017-04-03,132.49000549316406,132.3000030517578,124.3874740600586
2017-04-04,131.9199981689453,132.50999450683594,124.58488464355469
2017-04-05,132.6999969482422,131.97000122070312,124.07716369628906
2017-04-06,132.10000610351562,132.0399932861328,124.14303588867188
2017-04-07,132.0,131.97000122070312,124.07716369628906
2017-04-10,132.10000610351562,132.02000427246094,124.12419891357422
2017-04-11,131.89999389648438,131.4499969482422,123.58829498291016
2017-04-12,131.42999267578125,130.9199981689453,123.08998107910156
2017-04-13,130.74000549316406,130.39999389648438,122.60108184814453
2017-04-17,130.77000427246094,131.47999572753906,123.61648559570312
2017-04-18,131.0399932861328,131.27999877929688,123.42847442626953
2017-04-19,131.85000610351562,131.49000549316406,123.62590789794922
2017-04-20,132.02000427246094,132.58999633789062,124.66012573242188
2017-04-21,132.7100067138672,132.55999755859375,124.6318588256836
2017-04-24,134.02999877929688,134.16000366210938,126.13624572753906
2017-04-25,134.60000610351562,135.1300048828125,127.04817962646484
2017-04-26,135.17999267578125,134.94000244140625,126.86956024169922
2017-04-27,135.27000427246094,135.75,127.63116455078125
2017-04-28,136.2899932861328,135.99000549316406,127.85678100585938
2017-05-01,136.44000244140625,137.1999969482422,128.99436950683594
2017-05-02,137.3699951171875,137.42999267578125,129.2106475830078
2017-05-03,137.1199951171875,136.99000549316406,128.79696655273438
2017-05-04,136.97000122070312,137.0399932861328,128.8439178466797
2017-05-05,137.38999938964844,137.5399932861328,129.31402587890625
2017-05-08,137.61000061035156,137.83999633789062,129.59609985351562
2017-05-09,138.0500030517578,138.32000732421875,130.0474090576172
2017-05-10,138.39999389648438,138.39999389648438,130.1226043701172
2017-05-11,138.02000427246094,138.2899932861328,130.0191650390625
2017-05-12,138.35000610351562,138.60000610351562,130.31065368652344
2017-05-15,138.66000366210938,139.0399932861328,130.7243194580078
2017-05-16,139.39999389648438,139.6199951171875,131.26962280273438
2017-05-17,138.50999450683594,136.07000732421875,127.9319839477539
2017-05-18,136.02000427246094,137.25999450683594,129.05076599121094
2017-05-19,137.75,137.83999633789062,129.59609985351562
2017-05-22,138.14999389648438,139.0,130.686767578125
2017-05-23,139.41000366210938,139.13999938964844,130.81838989257812
2017-05-24,139.55999755859375,139.77999877929688,131.4201202392578
2017-05-25,140.30999755859375,140.97000122070312,132.53895568847656
2017-05-26,141.0,141.22000122070312,132.77394104003906
2017-05-30,141.14999389648438,141.33999633789062,132.88682556152344
2017-05-31,141.83999633789062,141.2899932861328,132.8397674560547
2017-06-01,141.5800018310547,141.83999633789062,133.35682678222656
2017-06-02,142.33999633789062,143.4600067138672,134.88002014160156
2017-06-05,143.4499969482422,143.42999267578125,134.851806640625
2017-06-06,143.25999450683594,142.86000061035156,134.31588745117188
2017-06-07,143.25999450683594,143.4199981689453,134.84239196777344
2017-06-08,143.74000549316406,143.57000732421875,134.9834442138672
2017-06-09,143.74000549316406,139.97999572753906,131.60812377929688
2017-06-12,138.8000030517578,139.22999572753906,130.90304565429688
2017-06-13,140.00999450683594,140.36000061035156,131.9654083251953
2017-06-14,140.92999267578125,139.75,131.39187622070312
2017-06-15,138.33999633789062,139.1300048828125,130.8089599609375
2017-06-16,138.67999267578125,138.14999389648438,130.2414093017578
2017-06-19,139.49000549316406,140.4600067138672,132.41917419433594
2017-06-20,140.32000732421875,139.36000061035156,131.38214111328125
2017-06-21,139.67999267578125,140.74000549316406,132.6831512451172
2017-06-22,140.9600067138672,140.6999969482422,132.6454620361328
2017-06-23,140.5399932861328,141.24000549316406,133.15457153320312
2017-06-26,142.0500030517578,140.5800018310547,132.53236389160156
2017-06-27,140.0500030517578,138.02999877929688,130.12832641601562
2017-06-28,138.5399932861328,140.02000427246094,132.0043182373047
2017-06-29,139.44000244140625,137.58999633789062,129.71343994140625
2017-06-30,137.97999572753906,137.63999938964844,129.76063537597656
2017-07-03,138.27000427246094,136.19000244140625,128.3936004638672
2017-07-05,136.6199951171875,137.52999877929688,129.6569061279297
2017-07-06,136.47999572753906,136.2899932861328,128.48794555664062
2017-07-07,136.75,137.75999450683594,129.87374877929688
2017-07-10,137.85000610351562,138.66000366210938,130.7222137451172
2017-07-11,138.4600067138672,139.0500030517578,131.08993530273438
2017-07-12,140.24000549316406,140.6999969482422,132.6454620361328
2017-07-13,140.8699951171875,141.00999450683594,132.93771362304688
2017-07-14,141.63999938964844,142.1199951171875,133.9841766357422
2017-07-17,142.27000427246094,142.19000244140625,134.05014038085938
2017-07-18,142.08999633789062,143.13999938964844,134.94578552246094
2017-07-19,143.55999755859375,143.97999572753906,135.73770141601562
2017-07-20,144.35000610351562,144.1699981689453,135.91680908203125
2017-07-21,143.63999938964844,144.11000061035156,135.8603057861328
2017-07-24,144.08999633789062,144.77000427246094,136.4824676513672
2017-07-25,144.2899932861328,144.39999389648438,136.1336212158203
2017-07-26,144.75999450683594,144.8699951171875,136.57672119140625
2017-07-27,145.82000732421875,143.9600067138672,135.71881103515625
2017-07-28,143.10000610351562,143.83999633789062,135.60572814941406
2017-07-31,144.25,143.22999572753906,135.0306396484375
2017-08-01,143.72000122070312,143.55999755859375,135.3417510986328
2017-08-02,144.49000549316406,143.9499969482422,135.7093963623047
2017-08-03,144.08999633789062,143.38999938964844,135.18150329589844
2017-08-04,143.7100067138672,143.64999389648438,135.42657470703125
2017-08-07,143.91000366210938,144.55999755859375,136.2845001220703
2017-08-08,144.27999877929688,144.30999755859375,136.04876708984375
2017-08-09,143.1199951171875,144.1199951171875,135.86965942382812
2017-08-10,143.3000030517578,141.02999877929688,132.9565887451172
2017-08-11,141.22000122070312,142.10000610351562,133.9652557373047
2017-08-14,143.22999572753906,143.92999267578125,135.69053649902344
2017-08-15,144.2899932861328,144.02999877929688,135.7848358154297
2017-08-16,144.38999938964844,144.27999877929688,136.0205078125
2017-08-17,143.72000122070312,141.3300018310547,133.23941040039062
2017-08-18,141.41000366210938,141.22999572753906,133.14512634277344
2017-08-21,141.22000122070312,141.0500030517578,132.97543334960938
2017-08-22,141.80999755859375,143.1999969482422,135.00230407714844
2017-08-23,142.47999572753906,142.69000244140625,134.5215301513672
2017-08-24,143.00999450683594,142.27000427246094,134.12559509277344
2017-08-25,142.82000732421875,141.97000122070312,133.84274291992188
2017-08-28,142.39999389648438,142.41000366210938,134.25759887695312
2017-08-29,141.19000244140625,142.97000122070312,134.7855224609375
2017-08-30,143.08999633789062,144.64999389648438,136.36936950683594
2017-08-31,145.05999755859375,146.1999969482422,137.8306427001953
2017-09-01,146.38999938964844,146.0,137.64202880859375
2017-09-05,145.57000732421875,144.69000244140625,136.406982421875
2017-09-06,145.05999755859375,145.1300048828125,136.82186889648438
2017-09-07,145.39999389648438,145.47000122070312,137.1423797607422
2017-09-08,145.27999877929688,144.2100067138672,135.95455932617188
2017-09-11,145.33999633789062,145.8699951171875,137.51950073242188
2017-09-12,146.27999877929688,146.22000122070312,137.84939575195312
2017-09-13,145.97000122070312,146.4199981689453,138.0380401611328
2017-09-14,145.85000610351562,145.55999755859375,137.2272186279297
2017-09-15,145.52999877929688,146.05999755859375,137.69863891601562
2017-09-18,145.91000366210938,145.5500030517578,137.51817321777344
2017-09-19,145.80999755859375,145.8000030517578,137.75440979003906
2017-09-20,145.75,145.35000610351562,137.32919311523438
2017-09-21,145.25,144.4600067138672,136.48831176757812
2017-09-22,144.0,144.32000732421875,136.35606384277344
2017-09-25,143.75,142.8000030517578,134.919921875
2017-09-26,143.52999877929688,143.1699981689453,135.2694549560547
2017-09-27,143.92999267578125,144.4600067138672,136.48831176757812
2017-09-28,144.11000061035156,144.41000366210938,136.44107055664062
2017-09-29,144.6999969482422,145.4499969482422,137.42369079589844
2017-10-02,145.6699981689453,145.5800018310547,137.54647827148438
2017-10-03,145.77000427246094,145.88999938964844,137.83937072753906
2017-10-04,145.61000061035156,146.02999877929688,137.9716339111328
2017-10-05,146.55999755859375,147.4600067138672,139.3227996826172
2017-10-06,146.9600067138672,147.66000366210938,139.51173400878906
2017-10-09,147.85000610351562,147.49000549316406,139.35108947753906
2017-10-10,147.99000549316406,147.60000610351562,139.4550323486328
2017-10-11,147.52999877929688,148.0399932861328,139.87075805664062
2017-10-12,147.82000732421875,147.77000427246094,139.61563110351562
2017-10-13,148.3699951171875,148.33999633789062,140.15414428710938
2017-10-16,148.7100067138672,148.85000610351562,140.6360626220703
2017-10-17,148.8000030517578,149.0399932861328,140.81558227539062
2017-10-18,149.19000244140625,148.86000061035156,140.64549255371094
2017-10-19,147.99000549316406,148.30999755859375,140.12586975097656
2017-10-20,148.91000366210938,148.7100067138672,140.5037384033203
2017-10-23,149.02000427246094,147.74000549316406,139.58731079101562
2017-10-24,148.02999877929688,147.99000549316406,139.82350158691406
2017-10-25,147.6999969482422,147.42999267578125,139.29440307617188
2017-10-26,147.33999633789062,146.9600067138672,138.8503875732422
2017-10-27,149.42999267578125,151.24000549316406,142.89414978027344
2017-10-30,151.1300048828125,151.5800018310547,143.21536254882812
2017-10-31,152.07000732421875,152.14999389648438,143.7539520263672
2017-11-01,152.75999450683594,152.10000610351562,143.7067413330078
2017-11-02,151.92999267578125,151.80999755859375,143.4326934814453
2017-11-03,152.36000061035156,153.27000427246094,144.81211853027344
2017-11-06,153.14999389648438,153.7899932861328,145.303466796875
2017-11-07,153.6699981689453,153.8800048828125,145.38848876953125
2017-11-08,153.8000030517578,154.5,145.97422790527344
2017-11-09,153.22999572753906,153.69000244140625,145.208984375
2017-11-10,153.3300018310547,153.67999267578125,145.19949340820312
2017-11-13,153.10000610351562,153.8699951171875,145.37904357910156
2017-11-14,153.3300018310547,153.30999755859375,144.84991455078125
2017-11-15,152.64999389648438,152.58999633789062,144.169677734375
2017-11-16,153.36000061035156,154.5399932861328,146.01205444335938
2017-11-17,154.5800018310547,153.9499969482422,145.45460510253906
2017-11-20,154.05999755859375,153.8300018310547,145.34121704101562
2017-11-21,154.55999755859375,155.5,146.91905212402344
2017-11-22,155.63999938964844,155.69000244140625,147.09861755371094
2017-11-24,155.85000610351562,156.25999450683594,147.6371612548828
2017-11-27,156.2100067138672,156.19000244140625,147.57106018066406
2017-11-28,156.5399932861328,156.58999633789062,147.94891357421875
2017-11-29,156.41000366210938,153.86000061035156,145.3695831298828
2017-11-30,154.50999450683594,155.14999389648438,146.58840942382812
2017-12-01,154.1999969482422,154.49000549316406,145.96481323242188
2017-12-04,155.4600067138672,152.7100067138672,144.28306579589844
2017-12-05,152.67999267578125,152.80999755859375,144.3774871826172
2017-12-06,152.24000549316406,153.5,145.0294647216797
2017-12-07,153.49000549316406,154.02000427246094,145.520751953125
2017-12-08,155.14999389648438,154.6999969482422,146.16322326660156
2017-12-11,154.77000427246094,155.89999389648438,147.29698181152344
2017-12-12,155.8300018310547,155.69000244140625,147.09861755371094
2017-12-13,156.32000732421875,155.99000549316406,147.38204956054688
2017-12-14,156.25999450683594,155.8800048828125,147.27809143066406
2017-12-15,156.49000549316406,157.64999389648438,148.95042419433594
2017-12-18,158.36000061035156,158.63999938964844,150.19927978515625
2017-12-19,158.33999633789062,157.6999969482422,149.30926513671875
2017-12-20,158.25,157.52999877929688,149.1483917236328
2017-12-21,157.75,157.5500030517578,149.167236328125
2017-12-22,157.30999755859375,157.3699951171875,148.996826171875
2017-12-26,156.49000549316406,156.52000427246094,148.1920928955078
2017-12-27,156.52999877929688,156.5399932861328,148.21096801757812
2017-12-28,157.0399932861328,156.72999572753906,148.39085388183594
2017-12-29,156.8699951171875,155.75999450683594,147.4725341796875
2018-01-02,156.55999755859375,158.49000549316406,150.05723571777344
2018-01-03,158.63999938964844,160.02999877929688,151.5153045654297
2018-01-04,160.5800018310547,160.30999755859375,151.78045654296875
2018-01-05,161.07000732421875,161.9199981689453,153.3047637939453
2018-01-08,161.9199981689453,162.5500030517578,153.90121459960938
2018-01-09,162.8699951171875,162.55999755859375,153.91067504882812
2018-01-10,161.83999633789062,162.17999267578125,153.55091857910156
2018-01-11,162.4600067138672,163.2899932861328,154.60183715820312
2018-01-12,163.14999389648438,164.49000549316406,155.73800659179688
2018-01-16,165.5800018310547,164.02000427246094,155.2930450439453
2018-01-17,164.8000030517578,165.7899932861328,156.9688262939453
2018-01-18,165.52999877929688,165.82000732421875,156.99720764160156
2018-01-19,166.30999755859375,166.33999633789062,157.48953247070312
2018-01-22,166.27999877929688,168.1199951171875,159.17486572265625
2018-01-23,168.63999938964844,169.50999450683594,160.49087524414062
2018-01-24,169.8699951171875,168.41000366210938,159.44943237304688
2018-01-25,169.57000732421875,168.35000610351562,159.3926239013672
2018-01-26,169.2899932861328,170.92999267578125,161.83531188964844
2018-01-29,170.57000732421875,170.10000610351562,161.0494842529297
2018-01-30,168.5500030517578,168.6999969482422,159.7239990234375
2018-01-31,169.64999389648438,169.39999389648438,160.38677978515625
2018-02-01,168.10000610351562,167.9600067138672,159.02337646484375
2018-02-02,167.3000030517578,164.61000061035156,155.8516082763672
2018-02-05,163.07000732421875,158.1199951171875,149.70697021484375
2018-02-06,155.80999755859375,162.30999755859375,153.6739959716797
2018-02-07,161.7899932861328,160.2100067138672,151.68572998046875
2018-02-08,160.6199951171875,153.4499969482422,145.28543090820312
2018-02-09,155.6199951171875,156.10000610351562,147.79444885253906
2018-02-12,157.6999969482422,158.8699951171875,150.41702270507812
2018-02-13,157.9600067138672,159.69000244140625,151.19338989257812
2018-02-14,158.75,162.67999267578125,154.02430725097656
2018-02-15,164.13999938964844,165.6999969482422,156.8836669921875
2018-02-16,165.16000366210938,164.9600067138672,156.1829833984375
2018-02-20,164.3800048828125,165.2899932861328,156.49542236328125
2018-02-21,166.10000610351562,164.82000732421875,156.05043029785156
2018-02-22,165.5399932861328,164.8000030517578,156.03150939941406
2018-02-23,166.1300048828125,168.1699981689453,159.22215270996094
2018-02-26,168.9600067138672,170.39999389648438,161.3335723876953
2018-02-27,170.4499969482422,168.2899932861328,159.33580017089844
2018-02-28,169.25,167.2100067138672,158.3132781982422
2018-03-01,167.3000030517578,164.47999572753906,155.72853088378906
2018-03-02,162.5,165.99000549316406,157.15818786621094
2018-03-05,165.2100067138672,167.8300018310547,158.90029907226562
2018-03-06,168.64999389648438,168.5399932861328,159.57249450683594
2018-03-07,167.25,168.92999267578125,159.94174194335938
2018-03-08,169.6300048828125,169.86000061035156,160.82229614257812
2018-03-09,171.07000732421875,173.16000366210938,163.94667053222656
2018-03-12,173.6699981689453,174.0800018310547,164.8177490234375
2018-03-13,174.47999572753906,171.7100067138672,162.57383728027344
2018-03-14,172.61000061035156,171.67999267578125,162.5454559326172
2018-03-15,171.8000030517578,171.52999877929688,162.40338134765625
2018-03-16,171.82000732421875,171.02000427246094,161.92054748535156
2018-03-19,169.10000610351562,167.10000610351562,158.46580505371094
2018-03-20,167.1699981689453,167.64999389648438,158.9873504638672
2018-03-21,167.2100067138672,166.9199981689453,158.29515075683594
2018-03-22,164.61000061035156,162.8000030517578,154.38796997070312
2018-03-23,162.61000061035156,158.50999450683594,150.3196258544922
2018-03-26,161.72000122070312,164.39999389648438,155.90528869628906
2018-03-27,165.6199951171875,159.0800018310547,150.86021423339844
2018-03-28,158.1699981689453,157.25,149.12472534179688
2018-03-29,158.10000610351562,160.1300048828125,151.85594177246094
2018-04-02,158.99000549316406,155.50999450683594,147.4746551513672
2018-04-03,156.8699951171875,157.25999450683594,149.13426208496094
2018-04-04,154.22000122070312,159.74000549316406,151.48609924316406
2018-04-05,161.3300018310547,160.64999389648438,152.34909057617188
2018-04-06,158.8800048828125,156.6300048828125,148.53680419921875
2018-04-09,157.97999572753906,157.72999572753906,149.5799560546875
2018-04-10,160.2100067138672,161.2100067138672,152.88015747070312
2018-04-11,160.1999969482422,160.27999877929688,151.99818420410156
2018-04-12,161.25,162.2100067138672,153.8284912109375
2018-04-13,163.02000427246094,161.3699951171875,153.0318603515625
2018-04-16,162.5,162.60000610351562,154.1983184814453
2018-04-17,164.24000549316406,166.10000610351562,157.51748657226562
2018-04-18,166.10000610351562,166.44000244140625,157.8398895263672
2018-04-19,165.60000610351562,164.91000366210938,156.38894653320312
2018-04-20,164.49000549316406,162.3000030517578,153.913818359375
2018-04-23,163.08999633789062,161.88999938964844,153.52500915527344
2018-04-24,162.66000366210938,158.4600067138672,150.27224731445312
2018-04-25,158.74000549316406,158.64999389648438,150.45242309570312
2018-04-26,160.6999969482422,161.99000549316406,153.61981201171875
2018-04-27,164.3699951171875,162.08999633789062,153.71466064453125
2018-04-30,162.47000122070312,160.94000244140625,152.6240692138672
2018-05-01,160.52000427246094,162.77999877929688,154.3690185546875
2018-05-02,163.05999755859375,161.82000732421875,153.45863342285156
2018-05-03,161.0,161.8000030517578,153.4396209716797
2018-05-04,161.10000610351562,164.8699951171875,156.35101318359375
2018-05-07,165.63999938964844,166.24000549316406,157.6501922607422
2018-05-08,165.88999938964844,166.07000732421875,157.48899841308594
2018-05-09,166.3699951171875,167.8800048828125,159.20547485351562
2018-05-10,168.4199981689453,169.6199951171875,160.8555908203125
2018-05-11,169.4199981689453,169.4600067138672,160.7038116455078
2018-05-14,169.85000610351562,169.75,160.97886657714844
2018-05-15,168.41000366210938,167.8699951171875,159.19598388671875
2018-05-16,168.08999633789062,168.97999572753906,160.24862670898438
2018-05-17,168.38999938964844,168.3300018310547,159.6322479248047
2018-05-18,167.67999267578125,167.4600067138672,158.8072052001953
2018-05-21,168.75999450683594,168.39999389648438,159.69862365722656
2018-05-22,169.1699981689453,168.17999267578125,159.48995971679688
2018-05-23,166.89999389648438,169.60000610351562,160.8366241455078
2018-05-24,169.5500030517578,169.5500030517578,160.7891845703125
2018-05-25,169.52999877929688,169.72000122070312,160.950439453125
2018-05-29,168.9499969482422,168.97000122070312,160.2391815185547
2018-05-30,169.5800018310547,170.17999267578125,161.38665771484375
2018-05-31,170.17999267578125,170.07000732421875,161.28231811523438
2018-06-01,170.9199981689453,172.74000549316406,163.8143768310547
2018-06-04,173.17999267578125,174.3000030517578,165.29379272460938
2018-06-05,174.7100067138672,174.83999633789062,165.80587768554688
2018-06-06,175.02000427246094,175.86000061035156,166.77313232421875
2018-06-07,175.88999938964844,174.42999267578125,165.4170684814453
2018-06-08,173.61000061035156,174.44000244140625,165.42652893066406
2018-06-11,174.30999755859375,174.91000366210938,165.87228393554688
2018-06-12,175.14999389648438,175.8300018310547,166.74473571777344
2018-06-13,176.10000610351562,175.82000732421875,166.7352752685547
2018-06-14,176.6300048828125,177.60000610351562,168.4232635498047
2018-06-15,176.92999267578125,176.97999572753906,167.83526611328125
2018-06-18,175.49000549316406,176.5,167.73828125
2018-06-19,174.27000427246094,176.0,167.26318359375
2018-06-20,176.80999755859375,177.25,168.4510955810547
2018-06-21,177.6999969482422,175.7100067138672,166.98757934570312
2018-06-22,176.3000030517578,175.32000732421875,166.616943359375
2018-06-25,173.72999572753906,171.3699951171875,162.8629913330078
2018-06-26,172.0,172.07000732421875,163.52830505371094
2018-06-27,172.8000030517578,169.72999572753906,161.30442810058594
2018-06-28,169.52000427246094,171.19000244140625,162.69190979003906
2018-06-29,172.00999450683594,171.64999389648438,163.1290740966797
2018-07-02,170.0399932861328,172.8000030517578,164.2220458984375
2018-07-03,173.4499969482422,170.8000030517578,162.32131958007812
2018-07-05,171.91000366210938,172.9199981689453,164.33609008789062
2018-07-06,173.32000732421875,175.61000061035156,166.89251708984375
2018-07-09,176.52000427246094,177.19000244140625,168.3941192626953
2018-07-10,177.52000427246094,177.32000732421875,168.51766967773438
2018-07-11,175.92999267578125,176.4199981689453,167.66232299804688
2018-07-12,177.1999969482422,179.4600067138672,170.55140686035156
2018-07-13,179.4499969482422,179.61000061035156,170.6939697265625
2018-07-16,179.64999389648438,179.17999267578125,170.2853240966797
2018-07-17,177.27999877929688,180.27000427246094,171.3212432861328
2018-07-18,180.2899932861328,179.92999267578125,170.99806213378906
2018-07-19,179.27999877929688,179.02999877929688,170.14276123046875
2018-07-20,179.57000732421875,178.99000549316406,170.10472106933594
2018-07-23,178.4600067138672,179.55999755859375,170.64642333984375
2018-07-24,181.41000366210938,180.3000030517578,171.3497314453125
2018-07-25,180.3800048828125,182.82000732421875,173.74459838867188
2018-07-26,180.33999633789062,180.0500030517578,171.11216735839844
2018-07-27,181.19000244140625,177.6199951171875,168.80276489257812
2018-07-30,177.6300048828125,175.11000061035156,166.41734313964844
2018-07-31,175.8000030517578,176.4499969482422,167.69085693359375
2018-08-01,176.86000061035156,177.1199951171875,168.3275909423828
2018-08-02,175.8699951171875,179.52999877929688,170.61790466308594
2018-08-03,179.8699951171875,180.0800018310547,171.140625
2018-08-06,179.9600067138672,181.13999938964844,172.14797973632812
2018-08-07,181.64999389648438,181.8000030517578,172.77529907226562
2018-08-08,181.5500030517578,182.02000427246094,172.98434448242188
2018-08-09,181.91000366210938,181.91000366210938,172.8798065185547
2018-08-10,180.67999267578125,180.52000427246094,171.55877685546875
2018-08-13,180.85000610351562,180.32000732421875,171.36874389648438
2018-08-14,181.00999450683594,181.4499969482422,172.442626953125
2018-08-15,180.00999450683594,179.22999572753906,170.33279418945312
2018-08-16,180.61000061035156,179.82000732421875,170.8935546875
2018-08-17,179.35000610351562,179.86000061035156,170.93154907226562
2018-08-20,180.25999450683594,179.6999969482422,170.7794952392578
2018-08-21,180.24000549316406,180.36000061035156,171.40670776367188
2018-08-22,179.97999572753906,181.05999755859375,172.07200622558594
2018-08-23,180.74000549316406,180.8000030517578,171.82489013671875
2018-08-24,181.39999389648438,182.47999572753906,173.42147827148438
2018-08-27,183.39999389648438,184.33999633789062,175.18919372558594
2018-08-28,184.8300018310547,184.61000061035156,175.4457550048828
2018-08-29,184.92999267578125,186.74000549316406,177.46998596191406
2018-08-30,186.3800048828125,186.41000366210938,177.15638732910156
2018-08-31,186.17999267578125,186.64999389648438,177.38449096679688
2018-09-04,186.0800018310547,185.85000610351562,176.62423706054688
2018-09-05,185.52000427246094,183.4499969482422,174.3433380126953
2018-09-06,183.52999877929688,181.80999755859375,172.78472900390625
2018-09-07,180.5,181.11000061035156,172.1195068359375
2018-09-10,182.14999389648438,181.72000122070312,172.69921875
2018-09-11,180.99000549316406,183.1199951171875,174.02975463867188
2018-09-12,182.85000610351562,182.5800018310547,173.5165252685547
2018-09-13,183.72000122070312,184.52999877929688,175.36976623535156
2018-09-14,184.66000366210938,183.99000549316406,174.85655212402344
2018-09-17,183.67999267578125,181.33999633789062,172.3380889892578
2018-09-18,181.49000549316406,182.83999633789062,173.7636260986328
2018-09-19,182.8699951171875,182.6999969482422,173.63058471679688
2018-09-20,183.9600067138672,184.72000122070312,175.55030822753906
2018-09-21,185.22000122070312,183.7100067138672,174.59043884277344
2018-09-24,182.0500030517578,183.88999938964844,175.07598876953125
2018-09-25,183.80999755859375,184.13999938964844,175.31402587890625
2018-09-26,184.3000030517578,184.27000427246094,175.4377899169922
2018-09-27,185.02000427246094,185.8300018310547,176.92298889160156
2018-09-28,185.30999755859375,185.7899932861328,176.88491821289062
2018-10-01,186.8699951171875,186.1699981689453,177.24671936035156
2018-10-02,186.00999450683594,185.75,176.8468475341797
2018-10-03,186.52999877929688,185.9499969482422,177.03724670410156
2018-10-04,185.1999969482422,182.3800048828125,173.6383819580078
2018-10-05,182.36000061035156,180.14999389648438,171.51522827148438
2018-10-08,179.52000427246094,179.0500030517578,170.46798706054688
2018-10-09,179.17999267578125,179.6300048828125,171.0201873779297
2018-10-10,178.50999450683594,171.72999572753906,163.49884033203125
2018-10-11,171.02000427246094,169.60000610351562,161.47097778320312
2018-10-12,174.1699981689453,174.32000732421875,165.96469116210938
2018-10-15,173.7100067138672,172.2100067138672,163.95582580566406
2018-10-16,174.02000427246094,177.22000122070312,168.72573852539062
2018-10-17,178.0800018310547,177.2899932861328,168.79234313964844
2018-10-18,176.6199951171875,173.17999267578125,164.8793182373047
2018-10-19,174.5800018310547,173.02000427246094,164.72698974609375
2018-10-22,174.05999755859375,173.91000366210938,165.57440185546875
2018-10-23,170.63999938964844,173.27000427246094,164.9650421142578
2018-10-24,173.07000732421875,165.33999633789062,157.41510009765625
2018-10-25,167.91000366210938,171.05999755859375,162.86097717285156
2018-10-26,165.1999969482422,166.66000366210938,158.67185974121094
2018-10-29,169.2100067138672,163.22999572753906,155.40623474121094
2018-10-30,162.75,165.9199981689453,157.96726989746094
2018-10-31,168.6199951171875,169.82000732421875,161.6803436279297
2018-11-01,170.07000732421875,172.05999755859375,163.8130340576172
2018-11-02,171.52999877929688,169.3800048828125,161.261474609375
2018-11-05,169.60000610351562,168.9600067138672,160.86163330078125
2018-11-06,168.97000122070312,170.24000549316406,162.0802764892578
2018-11-07,172.27999877929688,175.5800018310547,167.16432189941406
2018-11-08,174.75999450683594,174.4600067138672,166.09800720214844
2018-11-09,172.8300018310547,171.52000427246094,163.2989044189453
2018-11-12,170.32000732421875,166.3300018310547,158.357666015625
2018-11-13,167.11000061035156,166.47000122070312,158.49093627929688
2018-11-14,168.1199951171875,165.1999969482422,157.2818145751953
2018-11-15,164.89999389648438,168.08999633789062,160.0332794189453
2018-11-16,166.4499969482422,167.5,159.4716033935547
2018-11-19,166.6999969482422,162.05999755859375,154.29232788085938
2018-11-20,158.3699951171875,159.16000366210938,151.5312957763672
2018-11-21,161.35000610351562,160.3699951171875,152.68333435058594
2018-11-23,159.08999633789062,159.2100067138672,151.57891845703125
2018-11-26,161.44000244140625,162.88999938964844,155.0825653076172
2018-11-27,162.0,163.44000244140625,155.60617065429688
2018-11-28,164.6199951171875,168.6999969482422,160.6140594482422
2018-11-29,167.99000549316406,168.14999389648438,160.09043884277344
2018-11-30,168.3800048828125,169.3699951171875,161.25193786621094
2018-12-03,173.11000061035156,172.3300018310547,164.07009887695312
2018-12-04,171.42999267578125,165.72000122070312,157.77688598632812
2018-12-06,162.3800048828125,166.88999938964844,158.89085388183594
2018-12-07,166.16000366210938,161.3800048828125,153.64488220214844
2018-12-10,161.0800018310547,163.07000732421875,155.25392150878906
2018-12-11,165.72999572753906,163.61000061035156,155.7680206298828
2018-12-12,166.0,165.0500030517578,157.13902282714844
2018-12-13,166.1300048828125,165.10000610351562,157.1866455078125
2018-12-14,163.2100067138672,161.0800018310547,153.35931396484375
2018-12-17,160.38999938964844,157.42999267578125,149.88421630859375
2018-12-18,158.64999389648438,158.4199981689453,150.82681274414062
2018-12-19,158.17999267578125,154.52999877929688,147.12322998046875
2018-12-20,154.14999389648438,152.2899932861328,144.99053955078125
2018-12-21,153.0500030517578,147.57000732421875,140.49688720703125
2018-12-24,146.0800018310547,143.5,137.01278686523438
2018-12-26,145.0800018310547,152.4600067138672,145.56776428222656
2018-12-27,150.3699951171875,153.0500030517578,146.13107299804688
2018-12-28,154.14999389648438,152.97000122070312,146.05467224121094
2018-12-31,154.47000122070312,154.25999450683594,147.28634643554688
2019-01-02,150.99000549316406,154.8800048828125,147.8783416748047
2019-01-03,152.60000610351562,149.82000732421875,143.0470428466797
2019-01-04,152.33999633789062,156.22999572753906,149.1672821044922
2019-01-07,156.6199951171875,158.08999633789062,150.9432373046875
2019-01-08,159.5399932861328,159.52000427246094,152.30857849121094
2019-01-09,160.13999938964844,160.82000732421875,153.54983520507812
2019-01-10,159.60000610351562,161.27999877929688,153.9889678955078
2019-01-11,160.3300018310547,160.69000244140625,153.42564392089844
2019-01-14,159.3300018310547,159.27000427246094,152.06985473632812
2019-01-15,160.0,162.3800048828125,155.03932189941406
2019-01-16,162.64999389648438,162.35000610351562,155.01060485839844
2019-01-17,161.8300018310547,163.6300048828125,156.2327880859375
2019-01-18,164.77999877929688,165.25,157.77955627441406
2019-01-22,164.05999755859375,161.94000244140625,154.6192169189453
2019-01-23,162.77000427246094,162.14999389648438,154.81971740722656
2019-01-24,162.67999267578125,163.1999969482422,155.82217407226562
2019-01-25,164.50999450683594,165.14999389648438,157.6840362548828
2019-01-28,163.02000427246094,163.11000061035156,155.73631286621094
2019-01-29,163.1999969482422,161.57000732421875,154.26593017578125
2019-01-30,163.39999389648438,165.67999267578125,158.19012451171875
2019-01-31,166.6999969482422,168.16000366210938,160.5579833984375
2019-02-01,167.3300018310547,167.4499969482422,159.88009643554688
2019-02-04,167.47999572753906,169.52999877929688,161.86605834960938
2019-02-05,169.75999450683594,171.02999877929688,163.29823303222656
2019-02-06,171.07000732421875,170.52000427246094,162.81129455566406
2019-02-07,169.02999877929688,168.22999572753906,160.62484741210938
2019-02-08,166.75999450683594,168.55999755859375,160.9398956298828
2019-02-11,169.1699981689453,168.39999389648438,160.787109375
2019-02-12,169.6300048828125,170.88999938964844,163.16453552246094
2019-02-13,171.64999389648438,171.00999450683594,163.27914428710938
2019-02-14,170.39999389648438,171.22000122070312,163.4796600341797
2019-02-15,172.52000427246094,171.94000244140625,164.1671142578125
2019-02-19,171.41000366210938,172.27999877929688,164.49172973632812
2019-02-20,172.39999389648438,172.25,164.46307373046875
2019-02-21,171.7899932861328,171.6199951171875,163.86158752441406
2019-02-22,171.99000549316406,172.88999938964844,165.07415771484375
2019-02-25,174.2100067138672,173.52000427246094,165.67567443847656
2019-02-26,173.10000610351562,173.6999969482422,165.8475341796875
2019-02-27,172.89999389648438,173.58999633789062,165.74252319335938
2019-02-28,173.0500030517578,173.19000244140625,165.360595703125
2019-03-01,174.44000244140625,174.38999938964844,166.50637817382812
2019-03-04,175.5399932861328,174.4199981689453,166.53500366210938
2019-03-05,174.5500030517578,174.5500030517578,166.65914916992188
2019-03-06,174.72000122070312,173.55999755859375,165.7138671875
2019-03-07,173.1199951171875,171.42999267578125,163.68014526367188
2019-03-08,169.50999450683594,171.1699981689453,163.43190002441406
2019-03-11,171.8800048828125,174.72999572753906,166.83099365234375
2019-03-12,175.19000244140625,175.69000244140625,167.74754333496094
2019-03-13,176.60000610351562,177.00999450683594,169.0078582763672
2019-03-14,177.1300048828125,176.7100067138672,168.7214813232422
2019-03-15,177.39999389648438,178.35000610351562,170.28733825683594
2019-03-18,177.9499969482422,178.4499969482422,170.69287109375
2019-03-19,179.17999267578125,179.0500030517578,171.26686096191406
2019-03-20,179.05999755859375,179.75999450683594,171.94593811035156
2019-03-21,179.22000122070312,182.57000732421875,174.63381958007812
2019-03-22,181.77999877929688,178.55999755859375,170.79811096191406
2019-03-25,177.91000366210938,178.22000122070312,170.47288513183594
2019-03-26,179.60000610351562,179.0500030517578,171.26686096191406
2019-03-27,179.32000732421875,177.89999389648438,170.1667938232422
2019-03-28,178.36000061035156,178.30999755859375,170.55897521972656
2019-03-29,179.69000244140625,179.66000366210938,171.85031127929688
2019-04-01,181.50999450683594,182.0399932861328,174.12680053710938
2019-04-02,182.24000549316406,182.72999572753906,174.78680419921875
2019-04-03,183.75999450683594,183.77999877929688,175.79119873046875
2019-04-04,183.8300018310547,183.7100067138672,175.72425842285156
2019-04-05,184.24000549316406,184.66000366210938,176.63296508789062
2019-04-08,184.36000061035156,185.1300048828125,177.08251953125
2019-04-09,184.5,184.47999572753906,176.4607696533203
2019-04-10,184.72000122070312,185.47000122070312,177.40773010253906
2019-04-11,185.77999877929688,185.02999877929688,176.98687744140625
2019-04-12,185.85000610351562,185.8300018310547,177.75209045410156
2019-04-15,185.83999633789062,185.86000061035156,177.78079223632812
2019-04-16,186.5399932861328,186.5,178.39297485351562
2019-04-17,187.75,187.14999389648438,179.0146942138672
2019-04-18,187.4600067138672,187.38999938964844,179.2442169189453
2019-04-22,186.57000732421875,187.9199981689453,179.751220703125
2019-04-23,188.39999389648438,190.30999755859375,182.03732299804688
2019-04-24,190.47000122070312,189.7100067138672,181.46343994140625
2019-04-25,191.1300048828125,190.47999572753906,182.19996643066406
2019-04-26,190.17999267578125,190.64999389648438,182.36260986328125
2019-04-29,190.64999389648438,191.02000427246094,182.71646118164062
2019-04-30,189.47999572753906,189.5399932861328,181.30081176757812
2019-05-01,190.77999877929688,188.92999267578125,180.71731567382812
2019-05-02,188.8699951171875,188.11000061035156,179.93296813964844
2019-05-03,189.6699981689453,191.11000061035156,182.80258178710938
2019-05-06,187.0500030517578,189.94000244140625,181.6834716796875
2019-05-07,187.8699951171875,186.24000549316406,178.14425659179688
2019-05-08,185.6300048828125,185.77000427246094,177.6947021484375
2019-05-09,183.6999969482422,184.77000427246094,176.73817443847656
2019-05-10,184.11000061035156,185.0,176.95814514160156
2019-05-13,180.2899932861328,178.5800018310547,170.81724548339844
2019-05-14,179.52000427246094,180.5399932861328,172.6920166015625
2019-05-15,179.35000610351562,183.08999633789062,175.1311798095703
2019-05-16,183.1699981689453,184.92999267578125,176.89122009277344
2019-05-17,183.10000610351562,183.0399932861328,175.08335876464844
2019-05-20,180.49000549316406,179.9499969482422,172.12767028808594
2019-05-21,181.5,181.8300018310547,173.92599487304688
2019-05-22,180.82000732421875,181.02000427246094,173.15121459960938
2019-05-23,178.94000244140625,178.25,170.50161743164062
2019-05-24,179.2100067138672,178.16000366210938,170.41555786132812
2019-05-28,178.66000366210938,177.49000549316406,169.77468872070312
2019-05-29,176.38999938964844,176.02999877929688,168.37811279296875
2019-05-30,176.5,176.77000427246094,169.0859375
2019-05-31,174.69000244140625,173.9499969482422,166.38853454589844
2019-06-03,173.47999572753906,170.1199951171875,162.72499084472656
2019-06-04,172.02999877929688,174.91000366210938,167.30677795410156
2019-06-05,176.5800018310547,176.2100067138672,168.55023193359375
2019-06-06,176.50999450683594,177.61000061035156,169.88941955566406
2019-06-07,178.55999755859375,181.0399932861328,173.17031860351562
2019-06-10,182.25,183.14999389648438,175.18862915039062
2019-06-11,185.05999755859375,183.39999389648438,175.4277801513672
2019-06-12,182.89999389648438,182.33999633789062,174.413818359375
2019-06-13,183.10000610351562,183.4199981689453,175.44683837890625
2019-06-14,182.47999572753906,182.63999938964844,174.7007598876953
2019-06-17,183.0399932861328,183.74000549316406,175.75291442871094
2019-06-18,185.91000366210938,186.41000366210938,178.30686950683594
2019-06-19,186.66000366210938,187.11000061035156,178.97642517089844
2019-06-20,189.72000122070312,188.85000610351562,180.6408233642578
2019-06-21,188.6300048828125,188.57000732421875,180.3730010986328
2019-06-24,188.52999877929688,188.16000366210938,180.3787384033203
2019-06-25,188.02999877929688,184.92999267578125,177.2823028564453
2019-06-26,186.16000366210938,185.7899932861328,178.1067657470703
2019-06-27,186.4600067138672,186.5,178.78738403320312
2019-06-28,186.9499969482422,186.74000549316406,179.0174560546875
2019-07-01,190.32000732421875,189.25999450683594,181.43325805664062
2019-07-02,189.1999969482422,190.00999450683594,182.15225219726562
2019-07-03,190.49000549316406,191.44000244140625,183.5231170654297
2019-07-05,190.1300048828125,191.0500030517578,183.1492156982422
2019-07-08,189.80999755859375,189.7100067138672,181.8646697998047
2019-07-09,188.80999755859375,190.66000366210938,182.77537536621094
2019-07-10,191.82000732421875,192.55999755859375,184.5967559814453
2019-07-11,192.85000610351562,192.4199981689453,184.46258544921875
2019-07-12,192.6300048828125,193.52999877929688,185.5266571044922
2019-07-15,193.97999572753906,194.14999389648438,186.1210174560547
2019-07-16,193.91000366210938,193.14999389648438,185.16238403320312
2019-07-17,193.14999389648438,192.1999969482422,184.25164794921875
2019-07-18,191.2899932861328,192.4199981689453,184.46258544921875
2019-07-19,193.74000549316406,191.00999450683594,183.11087036132812
2019-07-22,191.44000244140625,192.52999877929688,184.5680389404297
2019-07-23,193.5800018310547,193.7899932861328,185.77589416503906
2019-07-24,193.0500030517578,195.14999389648438,187.07968139648438
2019-07-25,194.49000549316406,193.3000030517578,185.30618286132812
2019-07-26,194.52999877929688,195.2899932861328,187.21389770507812
2019-07-29,195.11000061035156,194.6199951171875,186.57156372070312
2019-07-30,193.1300048828125,193.77999877929688,185.7663116455078
2019-07-31,194.3000030517578,191.10000610351562,183.19712829589844
2019-08-01,191.42999267578125,190.14999389648438,182.28639221191406
2019-08-02,188.72000122070312,187.35000610351562,179.6022186279297
2019-08-05,183.42999267578125,180.72999572753906,173.2559814453125
2019-08-06,182.39999389648438,183.25999450683594,175.68133544921875
2019-08-07,181.27000427246094,184.25,176.6304473876953
2019-08-08,185.0800018310547,188.25999450683594,180.474609375
2019-08-09,187.36000061035156,186.49000549316406,178.77780151367188
2019-08-12,185.33999633789062,184.35000610351562,176.726318359375
2019-08-13,184.19000244140625,188.38999938964844,180.59922790527344
2019-08-14,185.36000061035156,182.75999450683594,175.2020721435547
2019-08-15,183.0,182.5500030517578,175.000732421875
2019-08-16,184.2100067138672,185.47999572753906,177.80960083007812
2019-08-19,188.16000366210938,188.42999267578125,180.6375274658203
2019-08-20,187.9600067138672,186.97000122070312,179.23797607421875
2019-08-21,188.61000061035156,188.6300048828125,180.829345703125
2019-08-22,188.97999572753906,188.02000427246094,180.24453735351562
2019-08-23,186.74000549316406,182.07000732421875,174.54061889648438
2019-08-26,184.13999938964844,184.82000732421875,177.17689514160156
2019-08-27,186.11000061035156,184.42999267578125,176.8030242919922
2019-08-28,183.8300018310547,185.08999633789062,177.43568420410156
2019-08-29,187.38999938964844,187.9199981689453,180.1486358642578
2019-08-30,188.92999267578125,187.47000122070312,179.71726989746094
2019-09-03,186.22000122070312,185.64999389648438,177.97254943847656
2019-09-04,187.44000244140625,188.3300018310547,180.5417022705078
2019-09-05,190.41000366210938,191.77999877929688,183.84902954101562
2019-09-06,192.10000610351562,191.58999633789062,183.66688537597656
2019-09-09,192.19000244140625,191.19000244140625,183.28343200683594
2019-09-10,190.16000366210938,190.63999938964844,182.7561798095703
2019-09-11,191.0,192.42999267578125,184.47216796875
2019-09-12,193.61000061035156,193.22999572753906,185.2390594482422
2019-09-13,192.9499969482422,192.5399932861328,184.57762145996094
2019-09-16,191.3000030517578,191.67999267578125,183.75315856933594
2019-09-17,191.6999969482422,192.60000610351562,184.6351318359375
2019-09-18,192.1999969482422,192.52000427246094,184.55844116210938
2019-09-19,192.86000061035156,192.83999633789062,184.86520385742188
2019-09-20,193.11000061035156,190.8000030517578,182.90953063964844
2019-09-23,190.36000061035156,190.5,182.99024963378906
2019-09-24,191.3699951171875,187.97000122070312,180.55996704101562
2019-09-25,187.77999877929688,190.0800018310547,182.5867919921875
2019-09-26,189.8300018310547,189.3800048828125,181.9144287109375
2019-09-27,189.72999572753906,187.02999877929688,179.65699768066406
2019-09-30,187.7899932861328,188.80999755859375,181.36688232421875
2019-10-01,189.5,187.27000427246094,179.8876190185547
2019-10-02,186.0,184.0500030517578,176.79452514648438
2019-10-03,184.02999877929688,186.07000732421875,178.73483276367188
2019-10-04,187.0800018310547,188.80999755859375,181.36688232421875
2019-10-07,188.27000427246094,188.24000549316406,180.81930541992188
2019-10-08,187.05999755859375,185.4199981689453,178.1105194091797
2019-10-09,186.99000549316406,187.22999572753906,179.84913635253906
2019-10-10,187.27999877929688,188.67999267578125,181.24195861816406
2019-10-11,190.8300018310547,191.11000061035156,183.57623291015625
2019-10-14,190.83999633789062,191.08999633789062,183.5569610595703
2019-10-15,191.67999267578125,193.52000427246094,185.8911895751953
2019-10-16,192.86000061035156,193.0399932861328,185.43011474609375
2019-10-17,194.1999969482422,193.5500030517578,185.9199981689453
2019-10-18,193.1999969482422,191.69000244140625,184.13336181640625
2019-10-21,192.7100067138672,193.38999938964844,185.76634216308594
2019-10-22,194.14999389648438,191.85000610351562,184.28701782226562
2019-10-23,191.4600067138672,192.22000122070312,184.64248657226562
2019-10-24,193.58999633789062,194.08999633789062,186.43873596191406
2019-10-25,193.08999633789062,195.63999938964844,187.92764282226562
2019-10-28,196.5500030517578,197.57000732421875,189.78158569335938
2019-10-29,197.24000549316406,196.0399932861328,188.31185913085938
2019-10-30,196.4199981689453,196.99000549316406,189.2244110107422
2019-10-31,197.55999755859375,197.0800018310547,189.3108673095703
2019-11-01,197.92999267578125,198.8699951171875,191.0302734375
2019-11-04,200.19000244140625,200.10000610351562,192.21177673339844
2019-11-05,200.35000610351562,200.2100067138672,192.31752014160156
2019-11-06,199.97999572753906,199.75999450683594,191.8852081298828
2019-11-07,200.75999450683594,200.42999267578125,192.52879333496094
2019-11-08,200.07000732421875,201.22999572753906,193.29725646972656
2019-11-11,200.2100067138672,200.9600067138672,193.03793334960938
2019-11-12,201.1300048828125,201.5399932861328,193.59503173828125
2019-11-13,200.83999633789062,201.58999633789062,193.64305114746094
2019-11-14,200.8300018310547,201.42999267578125,193.48939514160156
2019-11-15,202.64999389648438,202.91000366210938,194.9110107421875
2019-11-18,202.58999633789062,203.07000732421875,195.06475830078125
2019-11-19,203.83999633789062,203.3699951171875,195.35293579101562
2019-11-20,202.83999633789062,202.14999389648438,194.1809844970703
2019-11-21,201.92999267578125,201.6999969482422,193.74876403808594
2019-11-22,202.1999969482422,201.8300018310547,193.87362670898438
2019-11-25,202.6999969482422,204.22000122070312,196.1693572998047
2019-11-26,204.35000610351562,204.61000061035156,196.54400634765625
2019-11-27,205.13999938964844,206.0399932861328,197.91766357421875
2019-11-29,205.52000427246094,205.10000610351562,197.01470947265625
2019-12-02,205.11000061035156,203.0,194.99746704101562
2019-12-03,200.2100067138672,201.41000366210938,193.4701385498047
2019-12-04,202.44000244140625,202.42999267578125,194.45001220703125
2019-12-05,203.14999389648438,202.8300018310547,194.83421325683594
2019-12-06,204.30999755859375,205.0,196.9186553955078
2019-12-09,204.6300048828125,204.07000732421875,196.0253143310547
2019-12-10,204.1699981689453,203.89999389648438,195.86203002929688
2019-12-11,204.36000061035156,204.97999572753906,196.89942932128906
2019-12-12,204.77000427246094,206.50999450683594,198.3690948486328
2019-12-13,206.39999389648438,207.19000244140625,199.02230834960938
2019-12-16,208.5500030517578,209.27000427246094,201.0203094482422
2019-12-17,209.5399932861328,209.38999938964844,201.13558959960938
2019-12-18,209.57000732421875,209.5500030517578,201.289306640625
2019-12-19,209.63999938964844,210.86000061035156,202.5476531982422
2019-12-20,211.86000061035156,211.7100067138672,203.36415100097656
2019-12-23,212.0,211.80999755859375,203.9012908935547
2019-12-24,212.0,211.9199981689453,204.00721740722656
2019-12-26,212.25999450683594,213.7899932861328,205.807373046875
2019-12-27,214.5399932861328,213.61000061035156,205.6340789794922
2019-12-30,213.5,212.2100067138672,204.28636169433594
2019-12-31,211.52999877929688,212.61000061035156,204.67137145996094
2020-01-02,214.39999389648438,216.16000366210938,208.08889770507812
2020-01-03,213.3000030517578,214.17999267578125,206.1827850341797
2020-01-06,212.5,215.55999755859375,207.5112762451172
2020-01-07,215.63999938964844,215.52999877929688,207.48239135742188
2020-01-08,215.5,217.14999389648438,209.04190063476562
2020-01-09,218.94000244140625,218.99000549316406,210.813232421875
2020-01-10,219.85000610351562,218.42999267578125,210.2740936279297
2020-01-13,219.3300018310547,220.9499969482422,212.6999969482422
2020-01-14,220.83999633789062,220.0800018310547,211.86253356933594
2020-01-15,220.1999969482422,220.1699981689453,211.94912719726562
2020-01-16,221.27000427246094,222.27999877929688,213.98037719726562
2020-01-17,223.27999877929688,223.3800048828125,215.039306640625
2020-01-21,222.75999450683594,223.27999877929688,214.9430389404297
2020-01-22,224.41000366210938,223.8699951171875,215.51097106933594
2020-01-23,223.74000549316406,224.58999633789062,216.20408630371094
2020-01-24,225.63999938964844,222.6999969482422,214.38467407226562
2020-01-27,217.6699981689453,218.10000610351562,209.95643615722656
2020-01-28,219.63999938964844,221.4499969482422,213.1813507080078
2020-01-29,222.67999267578125,221.80999755859375,213.52789306640625
2020-01-30,220.3800048828125,222.60000610351562,214.28843688964844
2020-01-31,223.52999877929688,219.07000732421875,210.89019775390625
2020-02-03,220.13999938964844,222.3800048828125,214.07659912109375
2020-02-04,225.4199981689453,227.47000122070312,218.97657775878906
2020-02-05,230.2100067138672,228.22000122070312,219.69859313964844
2020-02-06,228.7899932861328,230.19000244140625,221.5950164794922
2020-02-07,229.16000366210938,229.1999969482422,220.64198303222656
2020-02-10,228.44000244140625,231.97000122070312,223.30856323242188
2020-02-11,233.25,232.00999450683594,223.3470458984375
2020-02-12,233.3800048828125,234.27000427246094,225.52264404296875
2020-02-13,232.63999938964844,233.97000122070312,225.23388671875
2020-02-14,234.33999633789062,234.63999938964844,225.87884521484375
2020-02-18,233.5,234.72999572753906,225.9654998779297
2020-02-19,236.1300048828125,236.97999572753906,228.1314239501953
2020-02-20,236.4600067138672,234.77999877929688,226.01364135742188
2020-02-21,233.61000061035156,230.27000427246094,221.6720733642578
2020-02-24,221.67999267578125,221.38999938964844,213.12364196777344
2020-02-25,223.25,215.3699951171875,207.328369140625
2020-02-26,216.7100067138672,216.47999572753906,208.39688110351562
2020-02-27,210.89999389648438,205.63999938964844,197.96165466308594
2020-02-28,198.63999938964844,205.8000030517578,198.11572265625
2020-03-02,208.8800048828125,216.4199981689453,208.3391571044922
2020-03-03,217.11000061035156,209.47999572753906,201.65829467773438
2020-03-04,213.32000732421875,218.22000122070312,210.0719451904297
2020-03-05,212.69000244140625,211.58999633789062,203.6894989013672
2020-03-06,204.6699981689453,208.02000427246094,200.25282287597656
2020-03-09,193.47999572753906,193.57000732421875,186.34234619140625
2020-03-10,201.11000061035156,204.11000061035156,196.48878479003906
2020-03-11,199.35000610351562,195.22000122070312,187.93075561523438
2020-03-12,182.08999633789062,177.32000732421875,170.69912719726562
2020-03-13,187.07000732421875,192.33999633789062,185.1582794189453
2020-03-16,174.14999389648438,169.3000030517578,162.9785614013672
2020-03-17,175.47000122070312,182.13999938964844,175.33909606933594
2020-03-18,171.61000061035156,176.60000610351562,170.0060272216797
2020-03-19,175.69000244140625,177.66000366210938,171.02642822265625
2020-03-20,181.74000549316406,170.6999969482422,164.32627868652344
2020-03-23,170.9199981689453,170.4600067138672,164.4449462890625
2020-03-24,179.91000366210938,183.66000366210938,177.17913818359375
2020-03-25,184.4199981689453,182.3000030517578,175.86715698242188
2020-03-26,183.8699951171875,191.89999389648438,185.12838745117188
2020-03-27,186.92999267578125,185.3000030517578,178.76124572753906
2020-03-30,187.05999755859375,192.0399932861328,185.26344299316406
2020-03-31,191.72000122070312,190.39999389648438,183.6813201904297
2020-04-01,184.77000427246094,182.30999755859375,175.87680053710938
2020-04-02,181.24000549316406,186.00999450683594,179.4462127685547
2020-04-03,185.5500030517578,183.3699951171875,176.89938354492188
2020-04-06,190.47999572753906,196.47999572753906,189.54678344726562
2020-04-07,202.3699951171875,196.39999389648438,189.46958923339844
2020-04-08,198.14999389648438,200.57000732421875,193.49244689941406
2020-04-09,202.35000610351562,200.86000061035156,193.77223205566406
2020-04-13,200.0,203.02999877929688,195.86563110351562
2020-04-14,207.22999572753906,211.86000061035156,204.38404846191406
2020-04-15,208.47999572753906,209.42999267578125,202.03981018066406
2020-04-16,211.69000244140625,213.25,205.72499084472656
2020-04-17,216.1699981689453,215.2899932861328,207.69300842285156
2020-04-20,213.36000061035156,212.74000549316406,205.2330322265625
2020-04-21,210.60000610351562,204.88999938964844,197.66000366210938
2020-04-22,209.10000610351562,210.97000122070312,203.5254669189453
2020-04-23,211.7899932861328,210.52000427246094,203.09133911132812
2020-04-24,210.97000122070312,213.83999633789062,206.29415893554688
2020-04-27,216.19000244140625,215.55999755859375,207.9534912109375
2020-04-28,217.32000732421875,211.5,204.0367889404297
2020-04-29,216.19000244140625,219.0,211.2720947265625
2020-04-30,219.9499969482422,218.91000366210938,211.18531799316406
2020-05-01,214.5,212.74000549316406,205.2330322265625
2020-05-04,211.4600067138672,215.22000122070312,207.62550354003906
2020-05-05,217.44000244140625,217.66000366210938,209.97938537597656
2020-05-06,219.39999389648438,219.0,211.2720947265625
2020-05-07,221.82000732421875,221.82000732421875,213.99258422851562
2020-05-08,223.5500030517578,224.86000061035156,216.92532348632812
2020-05-11,223.49000549316406,226.8699951171875,218.86436462402344
2020-05-12,227.49000549316406,222.1199951171875,214.2820281982422
2020-05-13,222.66000366210938,219.33999633789062,211.60009765625
2020-05-14,217.97000122070312,221.8300018310547,214.0022430419922
2020-05-15,218.77999877929688,223.27000427246094,215.39144897460938
2020-05-18,226.27999877929688,227.42999267578125,219.40460205078125
2020-05-19,227.6999969482422,226.86000061035156,218.854736328125
2020-05-20,229.5,231.38999938964844,223.22486877441406
2020-05-21,231.44000244140625,228.8699951171875,220.79379272460938
2020-05-22,228.4499969482422,229.66000366210938,221.55593872070312
2020-05-26,233.36000061035156,229.0399932861328,220.95782470703125
2020-05-27,228.69000244140625,230.2899932861328,222.16368103027344
2020-05-28,229.11000061035156,229.99000549316406,221.87429809570312
2020-05-29,230.3800048828125,233.36000061035156,225.12538146972656
2020-06-01,232.4600067138672,234.05999755859375,225.8007049560547
2020-06-02,234.5,235.6300048828125,227.31527709960938
2020-06-03,236.25999450683594,236.69000244140625,228.3378448486328
2020-06-04,236.3300018310547,235.02999877929688,226.73643493652344
2020-06-05,236.22000122070312,239.69000244140625,231.2319793701172
2020-06-08,239.5399932861328,241.5500030517578,233.0263671875
2020-06-09,240.66000366210938,243.3000030517578,234.71463012695312
2020-06-10,245.0500030517578,246.22000122070312,237.53155517578125
2020-06-11,242.16000366210938,234.02000427246094,225.76206970214844
2020-06-12,239.08999633789062,235.8800048828125,227.55645751953125
2020-06-15,232.44000244140625,238.75,230.32518005371094
2020-06-16,243.77999877929688,242.85000610351562,234.28048706054688
2020-06-17,244.39999389648438,243.6199951171875,235.0233154296875
2020-06-18,243.2899932861328,244.27999877929688,235.66004943847656
2020-06-19,246.72999572753906,244.24000549316406,235.62147521972656
2020-06-22,243.67999267578125,246.74000549316406,238.44715881347656
2020-06-23,248.38999938964844,248.83999633789062,240.4765625
2020-06-24,248.05999755859375,243.7100067138672,235.51901245117188
2020-06-25,243.8000030517578,246.02999877929688,237.76104736328125
2020-06-26,245.77999877929688,240.22000122070312,232.14634704589844
2020-06-29,239.97000122070312,242.83999633789062,234.67823791503906
2020-06-30,242.77000427246094,247.60000610351562,239.27821350097656
2020-07-01,247.63999938964844,250.49000549316406,242.07110595703125
2020-07-02,253.02000427246094,252.19000244140625,243.71400451660156
2020-07-06,255.4499969482422,258.3900146484375,249.70562744140625
2020-07-07,258.1300048828125,256.6099853515625,247.9854278564453
2020-07-08,257.9800109863281,259.989990234375,251.25186157226562
2020-07-09,261.9700012207031,262.17999267578125,253.3682403564453
2020-07-10,262.0299987792969,263.9700012207031,255.09811401367188
2020-07-13,266.9100036621094,258.5400085449219,249.8506317138672
2020-07-14,255.92999267578125,260.3699951171875,251.61907958984375
2020-07-15,261.8299865722656,260.8999938964844,252.1312713623047
2020-07-16,258.0199890136719,259.1199951171875,250.41102600097656
2020-07-17,259.5899963378906,259.4200134277344,250.7010040283203
2020-07-20,260.0799865722656,266.7799987792969,257.81365966796875
2020-07-21,268.3999938964844,264.0,255.1270751953125
2020-07-22,264.510009765625,264.92999267578125,256.02581787109375
2020-07-23,264.510009765625,258.010009765625,249.33834838867188
2020-07-24,254.0399932861328,255.55999755859375,246.97073364257812
2020-07-27,257.260009765625,260.1199951171875,251.37745666503906
2020-07-28,259.30999755859375,256.80999755859375,248.1787109375
2020-07-29,258.3999938964844,259.7699890136719,251.03921508789062
2020-07-30,257.739990234375,261.1300048828125,252.3535614013672
2020-07-31,265.9100036621094,265.7900085449219,256.85687255859375
2020-08-03,268.0,269.3800048828125,260.3262634277344
2020-08-04,268.8599853515625,270.3800048828125,261.2926330566406
2020-08-05,270.8800048828125,271.04998779296875,261.94012451171875
2020-08-06,270.8500061035156,274.6400146484375,265.40948486328125
2020-08-07,274.0799865722656,271.4700012207031,262.34600830078125
2020-08-10,271.7699890136719,270.30999755859375,261.2249450683594
2020-08-11,269.1099853515625,265.19000244140625,256.27716064453125
2020-08-12,267.4200134277344,271.8599853515625,262.722900390625
2020-08-13,272.6600036621094,272.4800109863281,263.32208251953125
2020-08-14,273.1199951171875,272.1600036621094,263.01287841796875
2020-08-17,273.92999267578125,275.32000732421875,266.0665588378906
2020-08-18,276.4200134277344,277.9700012207031,268.6275634765625
2020-08-19,277.92999267578125,276.1000061035156,266.8204040527344
2020-08-20,275.2799987792969,279.92999267578125,270.521728515625
2020-08-21,280.1300048828125,281.8699951171875,272.396484375
2020-08-24,285.25,283.6300048828125,274.0973205566406
2020-08-25,282.8299865722656,285.8599853515625,276.25238037109375
2020-08-26,287.1499938964844,291.9599914550781,282.1473693847656
2020-08-27,292.9700012207031,291.04998779296875,281.2679138183594
2020-08-28,292.3299865722656,292.5299987792969,282.6982421875
2020-08-31,293.07000732421875,294.8800048828125,284.9691467285156
2020-09-01,297.6199951171875,299.9200134277344,289.8397521972656
2020-09-02,303.2799987792969,302.760009765625,292.5843811035156
2020-09-03,298.1000061035156,287.4100036621094,277.7503662109375
2020-09-04,285.55999755859375,283.5799865722656,274.04901123046875
2020-09-08,272.2200012207031,269.95001220703125,260.8771057128906
2020-09-09,275.6400146484375,277.8800048828125,268.54052734375
2020-09-10,280.94000244140625,272.3399963378906,263.1867980957031
2020-09-11,274.1499938964844,270.45001220703125,261.36029052734375
2020-09-14,274.3599853515625,275.1600036621094,265.9120178222656
2020-09-15,279.0299987792969,279.05999755859375,269.68096923828125
2020-09-16,279.8800048828125,274.6099853515625,265.3804931640625
2020-09-17,267.54998779296875,270.32000732421875,261.2347412109375
2020-09-18,271.7900085449219,266.8699951171875,257.900634765625
2020-09-21,262.4700012207031,267.510009765625,258.5190734863281
2020-09-22,269.989990234375,272.4800109863281,263.32208251953125
2020-09-23,272.1499938964844,264.1600036621094,255.28167724609375
2020-09-24,261.3900146484375,265.3900146484375,256.4703674316406
2020-09-25,265.9100036621094,271.55999755859375,262.4329833984375
2020-09-28,276.5799865722656,277.20001220703125,267.88348388671875
2020-09-29,276.6199951171875,275.95001220703125,266.6755065917969
2020-09-30,276.1499938964844,277.8399963378906,268.501953125
2020-10-01,281.7900085449219,282.25,272.7637023925781
2020-10-02,276.0199890136719,274.30999755859375,265.0904846191406
2020-10-05,276.3399963378906,280.1600036621094,270.74395751953125
2020-10-06,279.45001220703125,275.1600036621094,265.9120178222656
2020-10-07,277.8900146484375,279.9200134277344,270.5119934082031
2020-10-08,282.3999938964844,281.4100036621094,271.95196533203125
2020-10-09,283.1099853515625,285.7099914550781,276.10736083984375
2020-10-12,290.54998779296875,294.5299987792969,284.6310119628906
2020-10-13,296.3900146484375,294.5199890136719,284.6213073730469
2020-10-14,295.3500061035156,292.05999755859375,282.2440490722656
2020-10-15,287.20001220703125,290.1000061035156,280.3499450683594
2020-10-16,291.79998779296875,288.510009765625,278.8133850097656
2020-10-19,290.489990234375,283.79998779296875,274.2615966796875
2020-10-20,284.55999755859375,284.4100036621094,274.85113525390625
2020-10-21,284.6700134277344,284.19000244140625,274.63848876953125
2020-10-22,285.04998779296875,284.17999267578125,274.62884521484375
2020-10-23,284.7699890136719,284.739990234375,275.1699523925781
2020-10-26,282.3800048828125,280.4700012207031,271.0435485839844
2020-10-27,281.5,282.6600036621094,273.1598815917969
2020-10-28,278.010009765625,271.6400146484375,262.51031494140625
2020-10-29,273.0,276.3900146484375,267.1006164550781
2020-10-30,274.3399963378906,269.3800048828125,260.3262634277344
2020-11-02,271.8500061035156,269.9800109863281,260.9060974121094
2020-11-03,271.9599914550781,274.6499938964844,265.4191589355469
2020-11-04,283.5899963378906,286.9100036621094,277.2671203613281
2020-11-05,293.5299987792969,294.3900146484375,284.4957275390625
2020-11-06,293.7099914550781,294.6099853515625,284.70831298828125
2020-11-09,297.6499938964844,288.5899963378906,278.89056396484375
2020-11-10,285.1700134277344,283.4200134277344,273.8944091796875
2020-11-11,286.0299987792969,289.760009765625,280.02130126953125
2020-11-12,290.760009765625,288.3999938964844,278.7069396972656
2020-11-13,290.1700134277344,290.92999267578125,281.15185546875
2020-11-16,290.6199951171875,293.20001220703125,283.3456726074219
2020-11-17,293.3999938964844,292.2699890136719,282.4468994140625
2020-11-18,291.70001220703125,290.1099853515625,280.3594970703125
2020-11-19,289.5400085449219,292.3800048828125,282.55322265625
2020-11-20,292.29998779296875,290.3800048828125,280.62042236328125
2020-11-23,291.4100036621094,290.3900146484375,280.6300964355469
2020-11-24,291.489990234375,294.4700012207031,284.572998046875
2020-11-25,295.57000732421875,296.2799987792969,286.32220458984375
2020-11-27,298.30999755859375,299.010009765625,288.96038818359375
2020-11-30,299.3399963378906,299.6199951171875,289.5499267578125
2020-12-01,301.9700012207031,303.4599914550781,293.2608642578125
2020-12-02,302.25,303.8500061035156,293.63763427734375
2020-12-03,304.1700134277344,304.2799987792969,294.0532531738281
2020-12-04,304.3299865722656,305.5199890136719,295.2515869140625
2020-12-07,305.7099914550781,307.25,296.9234619140625
2020-12-08,306.760009765625,308.2900085449219,297.928466796875
2020-12-09,308.07000732421875,301.30999755859375,291.1831970214844
2020-12-10,299.2099914550781,302.5199890136719,292.3524475097656
2020-12-11,300.80999755859375,301.8500061035156,291.7049865722656
2020-12-14,303.0799865722656,304.0400085449219,293.8213806152344
2020-12-15,306.3699951171875,307.2900085449219,296.962158203125
2020-12-16,307.70001220703125,308.9800109863281,298.5953369140625
2020-12-17,310.6300048828125,311.0,300.5474548339844
2020-12-18,311.6600036621094,310.05999755859375,299.63897705078125
2020-12-21,306.4599914550781,308.9200134277344,299.0783996582031
2020-12-22,309.8500061035156,309.760009765625,299.8916320800781
2020-12-23,309.80999755859375,308.20001220703125,298.3813781738281
2020-12-24,308.4700012207031,309.55999755859375,299.69805908203125
2020-12-28,312.25,312.67999267578125,302.71856689453125
2020-12-29,314.04998779296875,312.9599914550781,302.98974609375
2020-12-30,314.1600036621094,312.9700012207031,302.99945068359375
2020-12-31,312.8699951171875,313.739990234375,303.7449035644531
2021-01-04,315.1099853515625,309.30999755859375,299.4560241699219
2021-01-05,308.2900085449219,311.8599853515625,301.9247741699219
2021-01-06,307.0,307.5400085449219,297.7423400878906
2021-01-07,310.2799987792969,314.9800109863281,304.9454040527344
2021-01-08,317.3399963378906,319.0299987792969,308.8663330078125
2021-01-11,315.9800109863281,314.4200134277344,304.4031982421875
2021-01-12,314.4599914550781,313.9200134277344,303.919189453125
2021-01-13,314.19000244140625,316.0400085449219,305.97161865234375
2021-01-14,316.5,314.3500061035156,304.3355712890625
2021-01-15,314.1300048828125,311.8599853515625,301.9247741699219
2021-01-19,314.25,316.4100036621094,306.3298645019531
2021-01-20,320.1400146484375,323.7699890136719,313.4553527832031
2021-01-21,325.1499938964844,326.3599853515625,315.9627685546875
2021-01-22,325.2900085449219,325.4200134277344,315.05279541015625
2021-01-25,328.9100036621094,328.1099853515625,317.6571044921875
2021-01-26,328.8500061035156,328.5899963378906,318.1217956542969
2021-01-27,326.260009765625,319.42999267578125,309.2536315917969
2021-01-28,320.6700134277344,321.32000732421875,311.0834655761719
2021-01-29,319.5799865722656,314.55999755859375,304.53875732421875
2021-02-01,318.1099853515625,322.4200134277344,312.1483459472656
2021-02-02,325.4800109863281,327.67999267578125,317.2408447265625
2021-02-03,329.82000732421875,326.3800048828125,315.9822082519531
2021-02-04,327.82000732421875,330.239990234375,319.7192687988281
2021-02-05,331.2200012207031,331.3599853515625,320.8035583496094
2021-02-08,333.1000061035156,333.5799865722656,322.9527893066406
2021-02-09,332.6199951171875,333.510009765625,322.8851013183594
2021-02-10,334.989990234375,332.75,322.1492919921875
2021-02-11,334.3299865722656,334.5799865722656,323.9209899902344
2021-02-12,333.7099914550781,336.45001220703125,325.7314453125
2021-02-16,337.2699890136719,335.5400085449219,324.85040283203125
2021-02-17,332.4700012207031,333.92999267578125,323.29168701171875
2021-02-18,330.2300109863281,332.4700012207031,321.8782043457031
2021-02-19,333.8599853515625,331.0199890136719,320.4743957519531
2021-02-22,326.5,322.44000244140625,312.16778564453125
2021-02-23,317.0,321.4800109863281,311.23834228515625
2021-02-24,318.739990234375,324.1300048828125,313.80389404296875
2021-02-25,321.3900146484375,312.8299865722656,302.8638916015625
2021-02-26,315.8500061035156,314.1400146484375,304.1321716308594
2021-03-01,319.2699890136719,323.5899963378906,313.2810974121094
2021-03-02,324.25,318.3999938964844,308.2564697265625
2021-03-03,317.2699890136719,309.1600036621094,299.3108215332031
2021-03-04,308.7799987792969,304.1000061035156,294.4119567871094
2021-03-05,306.79998779296875,308.67999267578125,298.84613037109375
2021-03-08,308.1199951171875,299.94000244140625,290.38446044921875
2021-03-09,307.4700012207031,311.7699890136719,301.8376159667969
2021-03-10,316.1600036621094,310.8800048828125,300.9759826660156
2021-03-11,315.7699890136719,318.0400085449219,307.9079284667969
2021-03-12,313.8599853515625,315.4599914550781,305.4100341796875
2021-03-15,315.7900085449219,318.8299865722656,308.6727294921875
2021-03-16,321.0899963378906,320.5799865722656,310.3669738769531
2021-03-17,317.45001220703125,321.8999938964844,311.6449279785156
2021-03-18,316.8699951171875,312.0400085449219,302.09906005859375
2021-03-19,311.8699951171875,313.1400146484375,303.1640930175781
2021-03-22,315.2099914550781,318.6099853515625,308.8493347167969
2021-03-23,319.7300109863281,317.2200012207031,307.5019226074219
2021-03-24,318.6300048828125,311.8699951171875,302.3157653808594
2021-03-25,309.9700012207031,311.3299865722656,301.7922668457031
2021-03-26,311.1099853515625,316.0,306.3193359375
2021-03-29,315.45001220703125,315.9100036621094,306.2320251464844
2021-03-30,313.8900146484375,314.32000732421875,304.6907958984375
2021-03-31,316.1600036621094,319.1300048828125,309.3533630371094
2021-04-01,323.07000732421875,324.57000732421875,314.6267395019531
2021-04-05,327.1300048828125,331.04998779296875,320.908203125
2021-04-06,330.7300109863281,330.82000732421875,320.68524169921875
2021-04-07,330.3299865722656,331.6199951171875,321.4608459472656
2021-04-08,334.55999755859375,335.0799865722656,324.81475830078125
2021-04-09,333.67999267578125,337.1099853515625,326.7825622558594
2021-04-12,336.0400085449219,336.6700134277344,326.3560791015625
2021-04-13,338.239990234375,340.6000061035156,330.1656799316406
2021-04-14,340.8500061035156,336.510009765625,326.200927734375
2021-04-15,339.4700012207031,341.6099853515625,331.1446838378906
2021-04-16,342.1499938964844,342.010009765625,331.5324401855469
2021-04-19,340.3900146484375,338.8800048828125,328.4983825683594
2021-04-20,338.20001220703125,336.4100036621094,326.10406494140625
2021-04-21,335.0899963378906,339.2900085449219,328.895751953125
2021-04-22,338.8900146484375,335.20001220703125,324.9311218261719
2021-04-23,335.8500061035156,339.4200134277344,329.0218200683594
2021-04-26,339.6700134277344,341.6300048828125,331.16412353515625
2021-04-27,341.92999267578125,340.1499938964844,329.7294921875
2021-04-28,339.80999755859375,339.0,328.6147155761719
2021-04-29,342.3699951171875,340.2200012207031,329.7973327636719
2021-04-30,337.70001220703125,337.989990234375,327.6356201171875
2021-05-03,339.2300109863281,336.19000244140625,325.8907775878906
2021-05-04,333.55999755859375,330.1400146484375,320.02606201171875
2021-05-05,332.25,329.0299987792969,318.95013427734375
2021-05-06,328.760009765625,331.510009765625,321.35418701171875
2021-05-07,334.3699951171875,334.20001220703125,323.9618225097656
2021-05-10,332.7799987792969,325.760009765625,315.7803039550781
2021-05-11,319.70001220703125,325.30999755859375,315.3441467285156
2021-05-12,320.2300109863281,316.8900146484375,307.1820373535156
2021-05-13,319.9200134277344,319.3399963378906,309.5569763183594
2021-05-14,322.6000061035156,326.3900146484375,316.3910217285156
2021-05-17,324.6300048828125,324.4100036621094,314.4716491699219
2021-05-18,325.3900146484375,322.2200012207031,312.3488464355469
2021-05-19,316.6600036621094,322.5899963378906,312.7074279785156
2021-05-20,324.1199951171875,328.8299865722656,318.7562255859375
2021-05-21,330.42999267578125,327.010009765625,316.9920349121094
2021-05-24,329.3699951171875,332.510009765625,322.323486328125
2021-05-25,334.07000732421875,332.9700012207031,322.76947021484375
2021-05-26,333.6600036621094,334.1300048828125,323.8938903808594
2021-05-27,333.6700134277344,332.8800048828125,322.6821594238281
2021-05-28,334.1199951171875,333.92999267578125,323.6999816894531
2021-06-01,335.29998779296875,332.82000732421875,322.6240539550781
2021-06-02,333.25,333.4700012207031,323.2541198730469
2021-06-03,330.54998779296875,330.0,319.8905029296875
2021-06-04,331.8500061035156,335.6000061035156,325.31884765625
2021-06-07,335.04998779296875,336.6000061035156,326.2882080078125
2021-06-08,338.3999938964844,336.760009765625,326.4433288574219
2021-06-09,338.1700134277344,336.8399963378906,326.5208435058594
2021-06-10,337.19000244140625,340.3500061035156,329.9233093261719
2021-06-11,340.3599853515625,341.239990234375,330.7861022949219
2021-06-14,341.67999267578125,344.510009765625,333.9559326171875
2021-06-15,344.1499938964844,342.260009765625,331.7748718261719
2021-06-16,342.739990234375,341.010009765625,330.56317138671875
2021-06-17,339.9700012207031,345.3399963378906,334.7604064941406
2021-06-18,343.6300048828125,342.6300048828125,332.1335144042969
2021-06-21,342.42999267578125,344.3599853515625,334.19769287109375
2021-06-22,344.1499938964844,347.57000732421875,337.31292724609375
2021-06-23,347.510009765625,347.739990234375,337.47796630859375
2021-06-24,349.7300109863281,349.8900146484375,339.5645446777344
2021-06-25,350.4700012207031,349.4599914550781,339.14715576171875
2021-06-28,350.7799987792969,353.7099914550781,343.271728515625
2021-06-29,353.5299987792969,354.989990234375,344.5140380859375
2021-06-30,354.8299865722656,354.42999267578125,343.9706115722656
2021-07-01,354.07000732421875,354.57000732421875,344.1064453125
2021-07-02,356.5199890136719,358.6400146484375,348.0562744140625
2021-07-06,359.260009765625,360.19000244140625,349.560546875
2021-07-07,362.45001220703125,360.95001220703125,350.2982177734375
2021-07-08,355.739990234375,358.7699890136719,348.18243408203125
2021-07-09,358.1700134277344,361.010009765625,350.35638427734375
2021-07-12,362.45001220703125,362.4200134277344,351.7247619628906
2021-07-13,362.0299987792969,362.4200134277344,351.7247619628906
2021-07-14,364.8299865722656,363.07000732421875,352.3554992675781
2021-07-15,362.9800109863281,360.5199890136719,349.8808898925781
2021-07-16,361.3999938964844,357.6000061035156,347.0469055175781
2021-07-19,354.04998779296875,354.6700134277344,344.2034606933594
2021-07-20,355.6300048828125,358.7900085449219,348.20196533203125
2021-07-21,358.3500061035156,361.55999755859375,350.89013671875
2021-07-22,361.7699890136719,363.95001220703125,353.2095947265625
2021-07-23,365.30999755859375,368.20001220703125,357.3341979980469
2021-07-26,367.489990234375,368.489990234375,357.61566162109375
2021-07-27,368.2200012207031,364.42999267578125,353.6754455566406
2021-07-28,365.6000061035156,365.8299865722656,355.03399658203125
2021-07-29,365.25,366.4800109863281,355.6650085449219
2021-07-30,362.44000244140625,364.57000732421875,353.811279296875
2021-08-02,366.2799987792969,364.6000061035156,353.8404846191406
2021-08-03,365.2799987792969,366.80999755859375,355.9852294921875
2021-08-04,366.7699890136719,367.3399963378906,356.49951171875
2021-08-05,368.17999267578125,369.6700134277344,358.76080322265625
2021-08-06,368.3699951171875,368.04998779296875,357.1886291503906
2021-08-09,368.5199890136719,368.7300109863281,357.84857177734375
2021-08-10,369.260009765625,366.8399963378906,356.01434326171875
2021-08-11,368.1400146484375,366.2099914550781,355.4029235839844
2021-08-12,365.69000244140625,367.5299987792969,356.6839294433594
2021-08-13,367.8900146484375,368.82000732421875,357.93585205078125
2021-08-16,367.6700134277344,368.9800109863281,358.0912170410156
2021-08-17,366.1499938964844,365.7300109863281,354.93701171875
2021-08-18,365.17999267578125,362.2099914550781,351.5208740234375
2021-08-19,360.2200012207031,363.9599914550781,353.21923828125
2021-08-20,365.05999755859375,367.7300109863281,356.8780212402344
2021-08-23,368.79998779296875,373.2300109863281,362.2157287597656
2021-08-24,373.8399963378906,374.3699951171875,363.32208251953125
2021-08-25,374.6300048828125,374.79998779296875,363.7393798828125
2021-08-26,373.9200134277344,372.4200134277344,361.42962646484375
2021-08-27,373.07000732421875,376.0400085449219,364.9428405761719
2021-08-30,376.8500061035156,380.260009765625,369.038330078125
2021-08-31,380.510009765625,379.95001220703125,368.7373962402344
2021-09-01,381.0400085449219,380.5799865722656,369.34881591796875
2021-09-02,381.9700012207031,380.3999938964844,369.1741027832031
2021-09-03,379.2200012207031,381.57000732421875,370.3096618652344
2021-09-07,381.67999267578125,382.1099853515625,370.83367919921875
2021-09-08,381.92999267578125,380.7799987792969,369.54290771484375
2021-09-09,381.010009765625,379.4700012207031,368.2716064453125
2021-09-10,381.2300109863281,376.5899963378906,365.4765625
2021-09-13,378.989990234375,376.3299865722656,365.2242126464844
2021-09-14,377.8599853515625,375.260009765625,364.185791015625
2021-09-15,375.7300109863281,378.04998779296875,366.8935241699219
2021-09-16,376.67999267578125,378.30999755859375,367.1458435058594
2021-09-17,377.82000732421875,373.8299865722656,362.7979736328125
2021-09-20,367.4599914550781,365.70001220703125,355.30145263671875
2021-09-21,367.5799865722656,366.1499938964844,355.7386474609375
2021-09-22,367.0899963378906,369.57000732421875,359.0614013671875
2021-09-23,370.760009765625,372.9800109863281,362.37432861328125
2021-09-24,370.6499938964844,373.3299865722656,362.7144470214844
2021-09-27,370.20001220703125,370.3500061035156,359.8192138671875
2021-09-28,365.6700134277344,359.8699951171875,349.6371765136719
2021-09-29,361.1700134277344,359.2799987792969,349.0639953613281
2021-09-30,360.9700012207031,357.9599914550781,347.781494140625
2021-10-01,358.6000061035156,360.17999267578125,349.9383239746094
2021-10-04,358.5199890136719,352.6199951171875,342.59332275390625
2021-10-05,353.7099914550781,357.3800048828125,347.21795654296875
2021-10-06,354.0799865722656,359.6700134277344,349.44293212890625
2021-10-07,362.79998779296875,362.9700012207031,352.64910888671875
2021-10-08,364.0799865722656,361.1600036621094,350.8904724121094
2021-10-11,359.5799865722656,358.3900146484375,348.1993713378906
2021-10-12,359.8800048828125,357.1400146484375,346.9848937988281
2021-10-13,359.510009765625,360.0,349.76348876953125
2021-10-14,363.69000244140625,366.6300048828125,356.2049560546875
2021-10-15,367.8800048828125,368.94000244140625,358.44927978515625
2021-10-18,367.6099853515625,372.6499938964844,362.0538024902344
2021-10-19,373.75,375.4700012207031,364.7936706542969
2021-10-20,375.94000244140625,374.9800109863281,364.3175354003906
2021-10-21,374.1600036621094,377.2699890136719,366.54241943359375
2021-10-22,375.9800109863281,374.1000061035156,363.4625549316406
2021-10-25,375.55999755859375,377.92999267578125,367.1836242675781
2021-10-26,380.2300109863281,379.1199951171875,368.3398132324219
2021-10-27,379.5799865722656,380.0,369.1947937011719
2021-10-28,381.95001220703125,384.2200012207031,373.2947998046875
2021-10-29,381.05999755859375,386.1099853515625,375.13104248046875
2021-11-01,386.55999755859375,387.42999267578125,376.41357421875
2021-11-02,386.79998779296875,389.04998779296875,377.98736572265625
2021-11-03,389.54998779296875,393.17999267578125,382.0000305175781
2021-11-04,394.4800109863281,398.2200012207031,386.8966979980469
2021-11-05,400.0400085449219,398.6000061035156,387.26593017578125
2021-11-08,398.57000732421875,398.05999755859375,386.7413024902344
2021-11-09,399.1600036621094,395.32000732421875,384.07928466796875
2021-11-10,392.4700012207031,389.510009765625,378.43438720703125
2021-11-11,392.57000732421875,390.5899963378906,379.4836730957031
2021-11-12,391.7699890136719,394.70001220703125,383.4767761230469
2021-11-15,395.9100036621094,394.6099853515625,383.38946533203125
2021-11-16,393.8599853515625,397.4200134277344,386.1194763183594
2021-11-17,397.75,397.6300048828125,386.3235168457031
2021-11-18,399.7300109863281,401.75,390.3263244628906
2021-11-19,403.42999267578125,403.989990234375,392.5026550292969
2021-11-22,405.57000732421875,399.29998779296875,387.9460144042969
2021-11-23,398.1099853515625,397.4800109863281,386.1777648925781
2021-11-24,394.92999267578125,398.760009765625,387.4214172363281
2021-11-26,396.1099853515625,391.20001220703125,380.07635498046875
2021-11-29,395.8900146484375,399.69000244140625,388.32489013671875
2021-11-30,398.7799987792969,393.82000732421875,382.6217956542969
2021-12-01,398.2799987792969,387.1199951171875,376.1123352050781
2021-12-02,385.79998779296875,389.9100036621094,378.8230285644531
2021-12-03,391.30999755859375,383.1300048828125,372.23583984375
2021-12-06,383.6300048828125,386.20001220703125,375.21856689453125
2021-12-07,393.0299987792969,397.8299865722656,386.5178527832031
2021-12-08,398.1700134277344,399.6099853515625,388.2471618652344
2021-12-09,398.3500061035156,393.7300109863281,382.5344543457031
2021-12-10,396.6199951171875,398.010009765625,386.6927185058594
2021-12-13,398.0,392.260009765625,381.1062316894531
2021-12-14,387.29998779296875,388.20001220703125,377.1615905761719
2021-12-15,387.94000244140625,397.04998779296875,385.760009765625
2021-12-16,398.0400085449219,386.8399963378906,375.8403015136719
2021-12-17,383.3299865722656,384.9100036621094,373.9652404785156
2021-12-20,379.57000732421875,380.69000244140625,370.33758544921875
2021-12-21,384.04998779296875,389.2099914550781,378.6258850097656
2021-12-22,388.9100036621094,393.95001220703125,383.23699951171875
2021-12-23,394.30999755859375,396.9200134277344,386.126220703125
2021-12-27,398.25,403.4800109863281,392.5078125
2021-12-28,404.3999938964844,401.6099853515625,390.68865966796875
2021-12-29,401.75,401.54998779296875,390.63031005859375
2021-12-30,401.3299865722656,400.3500061035156,389.4630126953125
2021-12-31,399.6600036621094,397.8500061035156,387.031005859375
2022-01-03,399.04998779296875,401.67999267578125,390.7568359375
2022-01-04,402.239990234375,396.4700012207031,385.6884765625
2022-01-05,394.739990234375,384.2900085449219,373.83966064453125
2022-01-06,382.4200134277344,384.0199890136719,373.5770568847656
2022-01-07,384.0299987792969,379.8599853515625,369.53021240234375
2022-01-10,374.82000732421875,380.1099853515625,369.7734069824219
2022-01-11,379.3599853515625,385.82000732421875,375.3280944824219
2022-01-12,388.4599914550781,387.3500061035156,376.81646728515625
2022-01-13,388.7699890136719,377.6600036621094,367.38995361328125
2022-01-14,375.07000732421875,380.010009765625,369.676025390625
2022-01-18,374.0400085449219,370.54998779296875,360.4733581542969
2022-01-19,372.1499938964844,366.4800109863281,356.5140686035156
2022-01-20,369.7900085449219,361.7200012207031,351.8833923339844
2022-01-21,359.4700012207031,351.69000244140625,342.1262512207031
2022-01-24,345.9100036621094,353.29998779296875,343.6923828125
2022-01-25,346.6700134277344,345.1099853515625,335.72515869140625
2022-01-26,352.9100036621094,344.57000732421875,335.1998596191406
2022-01-27,349.3999938964844,341.1000061035156,331.82427978515625
2022-01-28,343.0299987792969,351.79998779296875,342.23321533203125
2022-01-31,353.20001220703125,363.04998779296875,353.1772766113281
2022-02-01,364.42999267578125,365.5199890136719,355.5801086425781
2022-02-02,369.760009765625,368.489990234375,358.46942138671875
2022-02-03,358.5299987792969,353.54998779296875,343.9355773925781
2022-02-04,354.0799865722656,358.010009765625,348.27435302734375
2022-02-07,358.6199951171875,355.1300048828125,345.4726867675781
2022-02-08,353.9599914550781,359.1199951171875,349.3540954589844
2022-02-09,363.760009765625,366.7300109863281,356.7572326660156
2022-02-10,359.5199890136719,358.42999267578125,348.682861328125
2022-02-11,358.42999267578125,347.05999755859375,337.6221618652344
2022-02-14,346.489990234375,347.489990234375,338.0403747558594
2022-02-15,352.9100036621094,356.1300048828125,346.4454345703125
2022-02-16,353.82000732421875,356.0400085449219,346.35797119140625
2022-02-17,352.739990234375,345.45001220703125,336.0559387207031
2022-02-18,346.4100036621094,341.510009765625,332.2230529785156
2022-02-22,338.489990234375,338.0799865722656,328.8863220214844
2022-02-23,341.32000732421875,329.4200134277344,320.4617919921875
2022-02-24,318.8399963378906,340.489990234375,331.23077392578125
2022-02-25,341.30999755859375,345.7699890136719,336.3671569824219
2022-02-28,342.510009765625,346.79998779296875,337.36920166015625
2022-03-01,345.75,341.489990234375,332.20355224609375
2022-03-02,343.0799865722656,347.2200012207031,337.77777099609375
2022-03-03,349.92999267578125,342.260009765625,332.95263671875
2022-03-04,339.8399963378906,337.29998779296875,328.1274719238281
2022-03-07,337.2900085449219,324.8599853515625,316.0257873535156
2022-03-08,324.04998779296875,323.3500061035156,314.556884765625
2022-03-09,331.75,334.989990234375,325.88031005859375
2022-03-10,330.82000732421875,331.2699890136719,322.261474609375
2022-03-11,334.32000732421875,324.3999938964844,315.5782775878906
2022-03-14,323.1300048828125,318.1700134277344,309.5178527832031
2022-03-15,320.8800048828125,328.1499938964844,319.226318359375
2022-03-16,332.1700134277344,340.32000732421875,331.0654296875
2022-03-17,338.3699951171875,344.44000244140625,335.0733642578125
2022-03-18,342.739990234375,351.489990234375,341.9315185546875
2022-03-21,350.20001220703125,350.0799865722656,340.9810791015625
2022-03-22,350.5899963378906,356.9599914550781,347.6821594238281
2022-03-23,354.010009765625,351.8299865722656,342.685546875
2022-03-24,353.79998779296875,359.6499938964844,350.30230712890625
2022-03-25,359.5899963378906,359.3500061035156,350.0100402832031
2022-03-28,359.3399963378906,364.9100036621094,355.4255065917969
2022-03-29,368.8999938964844,371.19000244140625,361.5423278808594
2022-03-30,369.2799987792969,367.0899963378906,357.5489196777344
2022-03-31,367.239990234375,362.5400085449219,353.1171569824219
2022-04-01,362.80999755859375,361.8500061035156,352.4450988769531
2022-04-04,362.7099914550781,369.29998779296875,359.70147705078125
2022-04-05,367.80999755859375,361.1000061035156,351.7146301269531
2022-04-06,355.6499938964844,353.260009765625,344.07843017578125
2022-04-07,352.239990234375,354.1000061035156,344.8965759277344
2022-04-08,352.32000732421875,349.1499938964844,340.0751647949219
2022-04-11,344.80999755859375,340.8900146484375,332.0299377441406
2022-04-12,345.760009765625,339.45001220703125,330.6272888183594
2022-04-13,339.79998779296875,346.3500061035156,337.34796142578125
2022-04-14,346.44000244140625,338.42999267578125,329.6337890625
2022-04-18,337.3500061035156,338.69000244140625,329.8870544433594
2022-04-19,338.0299987792969,346.260009765625,337.2602844238281
2022-04-20,347.0899963378906,341.2099914550781,332.3415832519531
2022-04-21,345.19000244140625,334.1499938964844,325.465087890625
2022-04-22,334.30999755859375,325.3999938964844,316.9424133300781
2022-04-25,323.7300109863281,329.5799865722656,321.0138244628906
2022-04-26,327.4700012207031,317.1400146484375,308.8971862792969
2022-04-27,317.239990234375,316.760009765625,308.527099609375
2022-04-28,321.8500061035156,328.010009765625,319.48468017578125
2022-04-29,323.70001220703125,313.25,305.1082458496094
2022-05-02,312.8299865722656,318.4800109863281,310.2023620605469
2022-05-03,318.5,318.82000732421875,310.53350830078125
2022-05-04,319.30999755859375,329.6000061035156,321.0333557128906
2022-05-05,325.1700134277344,313.0,304.86474609375
2022-05-06,310.95001220703125,309.25,301.21221923828125
2022-05-09,303.4800109863281,297.1499938964844,289.4267578125
2022-05-10,304.510009765625,300.760009765625,292.94293212890625
2022-05-11,298.44000244140625,291.8399963378906,284.2547302246094
2022-05-12,287.45001220703125,291.1499938964844,283.5826416015625
2022-05-13,295.7200012207031,301.94000244140625,294.0921936035156
2022-05-16,300.1499938964844,298.44000244140625,290.6832580566406
2022-05-17,304.45001220703125,306.1700134277344,298.21234130859375
2022-05-18,301.5400085449219,291.1400146484375,283.5729675292969
2022-05-19,289.2900085449219,289.5799865722656,282.05352783203125
2022-05-20,293.1300048828125,288.67999267578125,281.1768493652344
2022-05-23,289.75,293.4800109863281,285.85211181640625
2022-05-24,288.1300048828125,287.239990234375,279.7742614746094
2022-05-25,285.7099914550781,291.260009765625,283.68975830078125
2022-05-26,290.44000244140625,299.3299865722656,291.5500183105469
2022-05-27,302.5400085449219,309.1000061035156,301.066162109375
2022-05-31,309.07000732421875,308.2799987792969,300.2674255371094
2022-06-01,310.4700012207031,306.0,298.0467529296875
2022-06-02,304.8500061035156,314.3800048828125,306.2088623046875
2022-06-03,309.0299987792969,306.20001220703125,298.24151611328125
2022-06-06,310.75,307.2200012207031,299.2350769042969
2022-06-07,303.80999755859375,309.8699951171875,301.81610107421875
2022-06-08,309.04998779296875,307.6400146484375,299.6441345214844
2022-06-09,305.9100036621094,299.3999938964844,291.6182556152344
2022-06-10,293.6499938964844,288.8399963378906,281.33270263671875
2022-06-13,279.75,275.4100036621094,268.2518005371094
2022-06-14,277.6600036621094,275.9100036621094,268.73883056640625
2022-06-15,279.4200134277344,282.79998779296875,275.4496765136719
2022-06-16,275.5899963378906,271.3900146484375,264.3363037109375
2022-06-17,272.17999267578125,274.69000244140625,267.5505065917969
2022-06-21,278.75,281.0799865722656,274.3006591796875
2022-06-22,278.5199890136719,280.6700134277344,273.90057373046875
2022-06-23,283.2099914550781,284.8500061035156,277.9797668457031
2022-06-24,287.739990234375,294.6099853515625,287.5043640136719
2022-06-27,296.0,292.45001220703125,285.396484375
2022-06-28,293.0,283.5400085449219,276.7013244628906
2022-06-29,283.3999938964844,283.79998779296875,276.955078125
2022-06-30,280.75,280.2799987792969,273.51995849609375
2022-07-01,278.95001220703125,282.1300048828125,275.3253479003906
2022-07-05,278.30999755859375,286.9599914550781,280.038818359375
2022-07-06,287.3500061035156,288.79998779296875,281.8344421386719
2022-07-07,289.6300048828125,294.9800109863281,287.865478515625
2022-07-08,292.0799865722656,295.3500061035156,288.22650146484375
2022-07-11,292.8800048828125,289.0400085449219,282.0687561035156
2022-07-12,290.32000732421875,286.239990234375,279.336181640625
2022-07-13,280.6000061035156,285.6499938964844,278.760498046875
2022-07-14,282.989990234375,286.6700134277344,279.755859375
2022-07-15,289.7300109863281,291.8699951171875,284.8304748535156
2022-07-18,294.7200012207031,289.3999938964844,282.4200134277344
2022-07-19,293.1099853515625,298.29998779296875,291.1053161621094
2022-07-20,298.7300109863281,303.0299987792969,295.7212829589844
2022-07-21,303.5,307.3800048828125,299.9664001464844
2022-07-22,306.42999267578125,301.989990234375,294.7063293457031
2022-07-25,302.0199890136719,300.2699890136719,293.02777099609375
2022-07-26,298.5299987792969,294.3699951171875,287.2701721191406
2022-07-27,299.0400085449219,306.80999755859375,299.4100341796875
2022-07-28,306.5899963378906,309.80999755859375,302.3377380371094
2022-07-29,311.3900146484375,315.4599914550781,307.8514709472656
2022-08-01,313.6499938964844,315.2699890136719,307.666015625
2022-08-02,312.9200134277344,314.3299865722656,306.7486877441406
2022-08-03,316.04998779296875,322.8900146484375,315.1022644042969
2022-08-04,322.9700012207031,324.3999938964844,316.57586669921875
2022-08-05,319.19000244140625,321.75,313.98974609375
2022-08-08,322.69000244140625,320.7099914550781,312.974853515625
2022-08-09,318.7699890136719,317.0799865722656,309.432373046875
2022-08-10,324.5899963378906,325.92999267578125,318.0689392089844
2022-08-11,328.30999755859375,324.0799865722656,316.26361083984375
2022-08-12,326.17999267578125,330.3900146484375,322.42138671875
2022-08-15,329.4200134277344,333.05999755859375,325.0269470214844
2022-08-16,332.05999755859375,332.2799987792969,324.26580810546875
2022-08-17,329.07000732421875,328.489990234375,320.5671691894531
2022-08-18,328.44000244140625,329.2799987792969,321.33819580078125
2022-08-19,326.1700134277344,322.8599853515625,315.07305908203125
2022-08-22,318.5,314.3599853515625,306.7780456542969
2022-08-23,314.1199951171875,314.1000061035156,306.5242919921875
2022-08-24,313.6099853515625,315.010009765625,307.4123229980469
2022-08-25,316.8299865722656,320.5799865722656,312.8479919433594
2022-08-26,320.2799987792969,307.44000244140625,300.02490234375
2022-08-29,304.6199951171875,304.4100036621094,297.0680236816406
2022-08-30,306.1000061035156,301.0199890136719,293.7597351074219
2022-08-31,303.989990234375,299.2699890136719,292.0519714355469
2022-09-01,296.7200012207031,299.3999938964844,292.1788330078125
2022-09-02,302.3399963378906,295.1700134277344,288.0509033203125
2022-09-06,295.6600036621094,293.04998779296875,285.98193359375
2022-09-07,293.5400085449219,298.9700012207031,291.7591857910156
2022-09-08,296.8500061035156,300.5199890136719,293.2718200683594
2022-09-09,302.8299865722656,307.0899963378906,299.6833190917969
2022-09-12,308.5,310.739990234375,303.24530029296875
2022-09-13,301.79998779296875,293.70001220703125,286.6163330078125
2022-09-14,294.8699951171875,296.0299987792969,288.8900451660156
2022-09-15,294.07000732421875,291.1000061035156,284.0790100097656
2022-09-16,287.7200012207031,289.32000732421875,282.3419494628906
2022-09-19,286.1000061035156,291.04998779296875,284.5406188964844
2022-09-20,288.489990234375,288.7300109863281,282.27252197265625
2022-09-21,289.5899963378906,283.55999755859375,277.2181091308594
2022-09-22,282.0,280.07000732421875,273.80621337890625
2022-09-23,277.54998779296875,275.510009765625,269.3481750488281
2022-09-26,275.0299987792969,274.3699951171875,268.2336120605469
2022-09-27,277.80999755859375,274.4800109863281,268.3412780761719
2022-09-28,274.4599914550781,279.94000244140625,273.6791687011719
2022-09-29,275.8599853515625,271.8699951171875,265.78961181640625
2022-09-30,271.0299987792969,267.260009765625,261.28265380859375
2022-10-03,269.07000732421875,273.5299987792969,267.4124450683594
2022-10-04,278.989990234375,282.1300048828125,275.8200988769531
2022-10-05,278.2799987792969,281.9800109863281,275.6735534667969
2022-10-06,280.9599914550781,279.760009765625,273.5031433105469
2022-10-07,275.0199890136719,269.1000061035156,263.08160400390625
2022-10-10,269.29998779296875,266.4100036621094,260.4517517089844
2022-10-11,264.70001220703125,262.75,256.87353515625
2022-10-12,263.3999938964844,262.6600036621094,256.7855529785156
2022-10-13,255.16000366210938,268.82000732421875,262.80780029296875
2022-10-14,271.20001220703125,260.739990234375,254.90858459472656
2022-10-17,266.8399963378906,269.3500061035156,263.3259582519531
2022-10-18,276.5299987792969,271.4800109863281,265.4082946777344
2022-10-19,269.92999267578125,270.489990234375,264.4403991699219
2022-10-20,269.5799865722656,269.1099853515625,263.09124755859375
2022-10-21,267.9800109863281,275.4200134277344,269.26025390625
2022-10-24,275.69000244140625,278.45001220703125,272.22247314453125
2022-10-25,279.4100036621094,284.2099914550781,277.8536071777344
2022-10-26,278.4599914550781,277.92999267578125,271.7140197753906
2022-10-27,276.7900085449219,272.8699951171875,266.76727294921875
2022-10-28,272.2300109863281,281.2200012207031,274.9305114746094
2022-10-31,278.9200134277344,277.95001220703125,271.7336120605469
2022-11-01,281.5,275.1099853515625,268.9571838378906
2022-11-02,275.0799865722656,265.67999267578125,259.7380065917969
2022-11-03,263.010009765625,260.489990234375,254.66412353515625
2022-11-04,265.5299987792969,264.67999267578125,258.7604064941406
2022-11-07,265.75,267.5899963378906,261.6053771972656
2022-11-08,269.1400146484375,269.5400085449219,263.51165771484375
2022-11-09,267.760009765625,263.32000732421875,257.43084716796875
2022-11-10,276.010009765625,282.75,276.42633056640625
2022-11-11,282.55999755859375,287.9599914550781,281.5197448730469
2022-11-14,285.8599853515625,285.44000244140625,279.05609130859375
2022-11-15,292.2099914550781,289.3900146484375,282.9177551269531
2022-11-16,287.3900146484375,285.44000244140625,279.05609130859375
2022-11-17,280.8800048828125,284.80999755859375,278.4402160644531
2022-11-18,287.8900146484375,284.82000732421875,278.4499816894531
2022-11-21,283.3999938964844,281.8900146484375,275.58551025390625
2022-11-22,282.6400146484375,285.95001220703125,279.5546875
2022-11-23,285.9700012207031,288.82000732421875,282.36053466796875
2022-11-25,287.19000244140625,286.9200134277344,280.5030517578125
2022-11-28,284.8999938964844,282.7099914550781,276.3871765136719
2022-11-29,282.94000244140625,280.57000732421875,274.2950134277344
2022-11-30,280.8399963378906,293.3599853515625,286.7990417480469
2022-12-01,293.69000244140625,293.7200012207031,287.1509704589844
2022-12-02,288.5400085449219,292.54998779296875,286.007080078125
2022-12-05,290.3800048828125,287.6400146484375,281.2068786621094
2022-12-06,287.4800109863281,281.67999267578125,275.38018798828125
2022-12-07,280.4700012207031,280.5299987792969,274.255859375
2022-12-08,281.9100036621094,283.8500061035156,277.501708984375
2022-12-09,282.80999755859375,282.0400085449219,275.73211669921875
2022-12-12,282.2200012207031,285.5799865722656,279.1929626464844
2022-12-13,296.6499938964844,288.6499938964844,282.1943054199219
2022-12-14,288.04998779296875,286.510009765625,280.1021728515625
2022-12-15,282.3299865722656,276.8900146484375,270.6973876953125
2022-12-16,276.20001220703125,274.25,268.1164245605469
2022-12-19,273.8699951171875,269.75,264.3483581542969
2022-12-20,268.55999755859375,269.5400085449219,264.14251708984375
2022-12-21,270.6000061035156,273.45001220703125,267.9742736816406
2022-12-22,270.3800048828125,266.760009765625,261.418212890625
2022-12-23,265.4700012207031,267.3599853515625,262.0061950683594
2022-12-27,266.739990234375,263.5799865722656,258.3019104003906
2022-12-28,263.1700134277344,260.1000061035156,254.89158630371094
2022-12-29,262.9599914550781,266.44000244140625,261.10467529296875
2022-12-30,263.6199951171875,266.2799987792969,260.9478759765625
2023-01-03,268.6499938964844,264.4800109863281,259.1838684082031
2023-01-04,266.6400146484375,265.739990234375,260.41864013671875
2023-01-05,264.0400085449219,261.5799865722656,256.3420104980469
2023-01-06,263.3500061035156,268.79998779296875,263.4173583984375
2023-01-09,270.8299865722656,270.5400085449219,265.1225891113281
2023-01-10,269.489990234375,272.8299865722656,267.3666687011719
2023-01-11,273.9200134277344,277.54998779296875,271.99212646484375
2023-01-12,278.1199951171875,279.04998779296875,273.462158203125
2023-01-13,276.5,280.9700012207031,275.34375
2023-01-17,280.7699890136719,281.5400085449219,275.90228271484375
2023-01-18,283.1099853515625,277.8800048828125,272.3155822753906
2023-01-19,276.2200012207031,275.1499938964844,269.6402282714844
2023-01-20,276.7900085449219,282.67999267578125,277.01947021484375
2023-01-23,283.5400085449219,288.9599914550781,283.1737060546875
2023-01-24,287.30999755859375,288.3699951171875,282.59552001953125
2023-01-25,283.7699890136719,287.7300109863281,281.96832275390625
2023-01-26,291.2200012207031,293.3399963378906,287.4659729003906
2023-01-27,292.0,296.260009765625,290.3275146484375
2023-01-30,292.92999267578125,290.2699890136719,284.45745849609375
2023-01-31,290.30999755859375,294.6199951171875,288.7203674316406
2023-02-01,294.4100036621094,300.9200134277344,294.89422607421875
2023-02-02,307.57000732421875,311.7200012207031,305.47796630859375
2023-02-03,304.94000244140625,306.17999267578125,300.04888916015625
2023-02-06,303.510009765625,303.5899963378906,297.51068115234375
2023-02-07,303.4599914550781,309.8800048828125,303.6748046875
2023-02-08,308.5400085449219,304.3699951171875,298.2751770019531
2023-02-09,308.8399963378906,301.67999267578125,295.63897705078125
2023-02-10,299.4800109863281,299.70001220703125,293.6986389160156
2023-02-13,301.1300048828125,304.5,298.40252685546875
2023-02-14,302.8900146484375,306.75,300.6074523925781
2023-02-15,304.8999938964844,309.1000061035156,302.910400390625
2023-02-16,304.3800048828125,303.29998779296875,297.22650146484375
2023-02-17,301.07000732421875,301.1600036621094,295.1294250488281
2023-02-21,297.260009765625,294.0299987792969,288.1422424316406
2023-02-22,294.6199951171875,294.25,288.3577575683594
2023-02-23,297.9700012207031,296.82000732421875,290.8763427734375
2023-02-24,291.760009765625,291.8500061035156,286.005859375
2023-02-27,295.07000732421875,293.94000244140625,288.053955078125
2023-02-28,293.29998779296875,293.55999755859375,287.6815185546875
2023-03-01,293.260009765625,291.20001220703125,285.3688659667969
2023-03-02,288.6600036621094,293.6099853515625,287.7305603027344
2023-03-03,295.3900146484375,299.67999267578125,293.6789855957031
2023-03-06,300.94000244140625,300.0199890136719,294.01220703125
2023-03-07,300.07000732421875,296.3399963378906,290.4058837890625
2023-03-08,296.7699890136719,297.82000732421875,291.8562927246094
2023-03-09,298.3299865722656,292.6600036621094,286.7996826171875
2023-03-10,292.8299865722656,288.54998779296875,282.7718811035156
2023-03-13,286.7300109863281,290.69000244140625,284.86907958984375
2023-03-14,294.30999755859375,297.3699951171875,291.41534423828125
2023-03-15,294.7099914550781,298.92999267578125,292.9441223144531
2023-03-16,298.0,306.80999755859375,300.666259765625
2023-03-17,306.7200012207031,305.3599853515625,299.2452697753906
2023-03-20,304.260009765625,305.9700012207031,300.30731201171875
2023-03-21,307.94000244140625,310.3399963378906,304.596435546875
2023-03-22,310.2699890136719,306.1199951171875,300.4544982910156
2023-03-23,309.9200134277344,309.75,304.017333984375
2023-03-24,309.32000732421875,310.8900146484375,305.1362609863281
2023-03-27,311.6000061035156,308.760009765625,303.0456237792969
2023-03-28,308.1700134277344,307.1199951171875,301.43603515625
2023-03-29,310.8800048828125,312.7200012207031,306.93231201171875
2023-03-30,315.239990234375,315.67999267578125,309.8375549316406
2023-03-31,315.9100036621094,320.92999267578125,314.9903564453125
2023-04-03,318.7699890136719,320.1499938964844,314.224853515625
2023-04-04,320.6000061035156,319.07000732421875,313.1647644042969
2023-04-05,318.1000061035156,315.9200134277344,310.0731506347656
2023-04-06,314.239990234375,318.04998779296875,312.1636962890625
2023-04-10,315.07000732421875,317.8699951171875,311.987060546875
2023-04-11,317.8299865722656,315.8299865722656,309.9847106933594
2023-04-12,317.82000732421875,313.0400085449219,307.24639892578125
2023-04-13,314.8299865722656,319.1700134277344,313.2629699707031
2023-04-14,317.5899963378906,318.57000732421875,312.6741027832031
2023-04-17,318.1499938964844,318.8399963378906,312.9389953613281
2023-04-18,320.989990234375,318.8599853515625,312.9587707519531
2023-04-19,316.4100036621094,318.7099914550781,312.81146240234375
2023-04-20,315.69000244140625,316.2799987792969,310.4263916015625
2023-04-21,315.9100036621094,316.6099853515625,310.75030517578125
2023-04-24,316.3800048828125,315.95001220703125,310.1025695800781
2023-04-25,314.2900085449219,309.989990234375,304.25286865234375
2023-04-26,313.44000244140625,311.8699951171875,306.0980529785156
2023-04-27,315.70001220703125,320.3500061035156,314.4211730957031
2023-04-28,320.1099853515625,322.55999755859375,316.59027099609375
2023-05-01,322.0899963378906,322.19000244140625,316.2271728515625
2023-05-02,322.1199951171875,319.3800048828125,313.46905517578125
2023-05-03,319.75,317.2900085449219,311.41778564453125
2023-05-04,317.05999755859375,316.1700134277344,310.3184814453125
2023-05-05,318.4700012207031,322.8900146484375,316.9141845703125
2023-05-08,322.4200134277344,323.69000244140625,317.6993103027344
2023-05-09,322.0,321.6400146484375,315.68719482421875
2023-05-10,324.1199951171875,325.1400146484375,319.12249755859375
2023-05-11,325.70001220703125,326.20001220703125,320.16290283203125
2023-05-12,326.739990234375,325.0299987792969,319.0144958496094
2023-05-15,325.510009765625,326.7900085449219,320.741943359375
2023-05-16,326.05999755859375,327.1600036621094,321.1051330566406
2023-05-17,328.239990234375,331.1199951171875,324.99188232421875
2023-05-18,331.5199890136719,337.2699890136719,331.0279846191406
2023-05-19,337.489990234375,336.510009765625,330.2821044921875
2023-05-22,336.25,337.6400146484375,331.39117431640625
2023-05-23,335.8900146484375,333.3599853515625,327.1903076171875
2023-05-24,331.3699951171875,331.6499938964844,325.5119934082031
2023-05-25,339.1400146484375,339.7200012207031,333.4327087402344
2023-05-26,340.760009765625,348.3999938964844,341.9520263671875
2023-05-30,352.7099914550781,349.9800109863281,343.5027770996094
2023-05-31,348.3699951171875,347.989990234375,341.5495910644531
2023-06-01,347.7300109863281,352.010009765625,345.4952087402344
2023-06-02,353.79998779296875,354.6499938964844,348.08636474609375
2023-06-05,354.42999267578125,354.8999938964844,348.3317565917969
2023-06-06,354.2799987792969,354.8399963378906,348.27288818359375
2023-06-07,355.1300048828125,348.82000732421875,342.3642272949219
2023-06-08,349.1199951171875,353.1499938964844,346.61407470703125
2023-06-09,354.6300048828125,354.5,347.93914794921875
2023-06-12,356.19000244140625,360.489990234375,353.8181457519531
2023-06-13,363.2900085449219,363.260009765625,356.5369873046875
2023-06-14,363.2699890136719,365.8999938964844,359.1280517578125
2023-06-15,364.6099853515625,370.260009765625,363.4073486328125
2023-06-16,372.7200012207031,367.92999267578125,361.12054443359375
2023-06-20,365.95001220703125,366.8999938964844,360.6035461425781
2023-06-21,365.739990234375,361.8999938964844,355.6894226074219
2023-06-22,360.6300048828125,366.1700134277344,359.8861083984375
2023-06-23,362.2099914550781,362.5400085449219,356.3183898925781
2023-06-26,362.0,357.67999267578125,351.5417785644531
2023-06-27,359.25,363.8299865722656,357.5863037109375
2023-06-28,361.9800109863281,364.5400085449219,358.2841491699219
2023-06-29,364.239990234375,363.80999755859375,357.56658935546875
2023-06-30,367.54998779296875,369.4200134277344,363.08038330078125
2023-07-03,370.07000732421875,370.2900085449219,363.93536376953125
2023-07-05,368.70001220703125,370.2799987792969,363.925537109375
2023-07-06,366.510009765625,367.4599914550781,361.1539611816406
2023-07-07,367.2300109863281,366.239990234375,359.9549255371094
2023-07-10,365.9599914550781,366.3599853515625,360.0727844238281
2023-07-11,366.7900085449219,368.1700134277344,361.851806640625
2023-07-12,372.3399963378906,372.82000732421875,366.4219970703125
2023-07-13,376.04998779296875,379.1499938964844,372.643310546875
2023-07-14,379.5899963378906,379.07000732421875,372.5646667480469
2023-07-17,379.79998779296875,382.6099853515625,376.0440368652344
2023-07-18,381.9599914550781,385.739990234375,379.120361328125
2023-07-19,386.82000732421875,385.6499938964844,379.03179931640625
2023-07-20,382.6099853515625,376.760009765625,370.2943420410156
2023-07-21,379.17999267578125,375.6300048828125,369.183837890625
2023-07-24,376.6199951171875,376.2300109863281,369.7734680175781
2023-07-25,376.95001220703125,378.7799987792969,372.27972412109375
2023-07-26,377.7200012207031,377.5199890136719,371.04132080078125
2023-07-27,383.07000732421875,376.6199951171875,370.1567687988281
2023-07-28,380.739990234375,383.4800109863281,376.89910888671875
2023-07-31,383.7900085449219,383.67999267578125,377.0955810546875
2023-08-01,382.30999755859375,382.7900085449219,376.22088623046875
2023-08-02,379.260009765625,374.3900146484375,367.96502685546875
2023-08-03,371.94000244140625,373.7900085449219,367.3752746582031
2023-08-04,375.75,372.0400085449219,365.65533447265625
2023-08-07,373.8800048828125,375.19000244140625,368.7513122558594
2023-08-08,372.6400146484375,372.0,365.6160583496094
2023-08-09,372.2900085449219,367.9100036621094,361.59625244140625
2023-08-10,370.9700012207031,368.5899963378906,362.26458740234375
2023-08-11,365.989990234375,366.239990234375,359.9549255371094
2023-08-14,365.42999267578125,370.3500061035156,363.9944152832031
2023-08-15,369.3599853515625,366.4200134277344,360.1318359375
2023-08-16,365.8699951171875,362.5400085449219,356.3183898925781
2023-08-17,363.9599914550781,358.5799865722656,352.4263610839844
2023-08-18,355.260009765625,358.1300048828125,351.98406982421875
2023-08-21,359.6199951171875,363.8999938964844,357.65509033203125
2023-08-22,366.54998779296875,363.3800048828125,357.1440124511719
2023-08-23,364.5799865722656,369.1099853515625,362.7756652832031
2023-08-24,372.6400146484375,361.2200012207031,355.0210876464844
2023-08-25,362.07000732421875,364.0199890136719,357.77301025390625
2023-08-28,366.989990234375,366.760009765625,360.4660339355469
2023-08-29,366.55999755859375,374.7699890136719,368.3385314941406
2023-08-30,374.8800048828125,376.8599853515625,370.3926696777344
2023-08-31,376.94000244140625,377.989990234375,371.5032043457031
2023-09-01,380.3999938964844,377.5899963378906,371.1101379394531
2023-09-05,376.7699890136719,378.07000732421875,371.5819091796875
2023-09-06,377.2799987792969,374.739990234375,368.3089904785156
2023-09-07,370.2099914550781,372.05999755859375,365.6750183105469
2023-09-08,372.010009765625,372.5799865722656,366.1861267089844
2023-09-11,375.6600036621094,376.9700012207031,370.5007629394531
2023-09-12,375.2699890136719,372.7900085449219,366.3924865722656
2023-09-13,373.0299987792969,374.2099914550781,367.7880859375
2023-09-14,375.989990234375,377.2699890136719,370.7956237792969
2023-09-15,375.9100036621094,370.80999755859375,364.4464416503906
2023-09-18,369.32000732421875,370.6600036621094,364.8263244628906
2023-09-19,369.32000732421875,369.8699951171875,364.048828125
2023-09-20,370.95001220703125,364.5400085449219,358.80279541015625
2023-09-21,360.79998779296875,357.8599853515625,352.22784423828125
2023-09-22,359.6300048828125,357.9100036621094,352.2770690917969
2023-09-25,356.92999267578125,359.6099853515625,353.9503173828125
2023-09-26,356.989990234375,354.2099914550781,348.6352844238281
2023-09-27,355.3800048828125,355.0400085449219,349.45220947265625
2023-09-28,354.1099853515625,358.010009765625,352.37554931640625
2023-09-29,361.5400085449219,358.2699890136719,352.63134765625
2023-10-02,358.5400085449219,361.260009765625,355.5743408203125
2023-10-03,358.7799987792969,354.9200134277344,349.3341064453125
2023-10-04,355.7699890136719,359.75,354.08807373046875
2023-10-05,359.739990234375,358.69000244140625,353.0447692871094
2023-10-06,355.6499938964844,364.70001220703125,358.960205078125
2023-10-09,362.29998779296875,366.55999755859375,360.7909240722656
2023-10-10,366.8999938964844,368.5899963378906,362.7889709472656
2023-10-11,369.94000244140625,371.2200012207031,365.3775329589844
2023-10-12,371.7300109863281,369.92999267578125,364.1078796386719
2023-10-13,370.57000732421875,365.2799987792969,359.531005859375
2023-10-16,366.6199951171875,369.4100036621094,363.5960388183594
2023-10-17,365.80999755859375,368.20001220703125,362.4051513671875
2023-10-18,365.6700134277344,363.3699951171875,357.65106201171875
2023-10-19,364.80999755859375,359.9700012207031,354.30462646484375
2023-10-20,359.4599914550781,354.6000061035156,349.0191650390625
2023-10-23,353.260009765625,355.6700134277344,350.07232666015625
2023-10-24,357.510009765625,359.1300048828125,353.4779052734375
2023-10-25,356.70001220703125,350.3399963378906,344.8262023925781
2023-10-26,349.1199951171875,343.6600036621094,338.2513122558594
2023-10-27,346.42999267578125,345.30999755859375,339.8753967285156
2023-10-30,347.8299865722656,349.20001220703125,343.7041015625
2023-10-31,349.2300109863281,350.8699951171875,345.347900390625
2023-11-01,351.7200012207031,356.9599914550781,351.342041015625
2023-11-02,361.5400085449219,363.44000244140625,357.72003173828125
2023-11-03,364.75,367.7099914550781,361.9228210449219
2023-11-06,368.489990234375,369.2099914550781,363.3992919921875
2023-11-07,370.2699890136719,372.70001220703125,366.83428955078125
2023-11-08,373.0799865722656,372.94000244140625,367.0705261230469
2023-11-09,373.6400146484375,370.07000732421875,364.24566650390625
2023-11-10,371.82000732421875,378.3900146484375,372.43475341796875
2023-11-13,376.7900085449219,377.2099914550781,371.2732849121094
2023-11-14,383.7099914550781,385.3299865722656,379.2655029296875
2023-11-15,387.25,385.6199951171875,379.55096435546875
2023-11-16,384.8399963378906,385.95001220703125,379.8758239746094
2023-11-17,385.2099914550781,386.0400085449219,379.9643249511719
2023-11-20,386.04998779296875,390.739990234375,384.59033203125
2023-11-21,389.010009765625,388.4700012207031,382.3561096191406
2023-11-22,390.57000732421875,390.05999755859375,383.92108154296875
2023-11-24,389.6499938964844,389.510009765625,383.3797302246094
2023-11-27,389.010009765625,389.1700134277344,383.0450744628906
2023-11-28,388.4100036621094,390.19000244140625,384.049072265625
2023-11-29,392.69000244140625,389.80999755859375,383.67498779296875
2023-11-30,390.0799865722656,388.8299865722656,382.71038818359375
2023-12-01,387.75,389.94000244140625,383.8030090332031
2023-12-04,386.0899963378906,386.32000732421875,380.239990234375
2023-12-05,384.3900146484375,387.2900085449219,381.1946716308594
2023-12-06,390.2699890136719,385.04998779296875,378.9898986816406
2023-12-07,388.07000732421875,390.42999267578125,384.28521728515625
2023-12-08,388.6700134277344,392.1700134277344,385.9979248046875
2023-12-11,391.739990234375,395.5199890136719,389.2951354980469
2023-12-12,395.55999755859375,398.6700134277344,392.39556884765625
2023-12-13,399.6199951171875,403.739990234375,397.3857727050781
2023-12-14,404.9800109863281,403.3900146484375,397.0412902832031
2023-12-15,404.17999267578125,405.3399963378906,398.9606018066406
2023-12-18,404.92999267578125,407.0799865722656,401.4734802246094
2023-12-19,407.5400085449219,409.1600036621094,403.5248718261719
2023-12-20,408.3500061035156,403.0799865722656,397.52862548828125
2023-12-21,407.05999755859375,407.7699890136719,402.15399169921875
2023-12-22,409.0,408.3800048828125,402.7556457519531
2023-12-26,409.25,410.8800048828125,405.2211608886719
2023-12-27,410.95001220703125,411.5,406.04608154296875
2023-12-28,412.6700134277344,411.29998779296875,405.84869384765625
2023-12-29,411.2799987792969,409.5199890136719,404.09234619140625
2024-01-02,405.8399963378906,402.5899963378906,397.2541809082031
2024-01-03,399.92999267578125,398.3299865722656,393.0506286621094
2024-01-04,396.44000244140625,396.2799987792969,391.02783203125
2024-01-05,396.45001220703125,396.75,391.4916076660156
2024-01-08,397.989990234375,404.95001220703125,399.58294677734375
2024-01-09,401.9100036621094,405.75,400.372314453125
2024-01-10,406.07000732421875,408.5,403.08587646484375
2024-01-11,409.7900085449219,409.3500061035156,403.9245910644531
2024-01-12,410.3999938964844,409.55999755859375,404.1318359375
2024-01-16,408.30999755859375,409.5199890136719,404.09234619140625
2024-01-17,406.1700134277344,407.2099914550781,401.8129577636719
2024-01-18,410.5199890136719,412.989990234375,407.51629638671875
2024-01-19,415.2200012207031,421.17999267578125,415.5977783203125
2024-01-22,423.4100036621094,421.7300109863281,416.1405944824219
2024-01-23,422.42999267578125,423.4800109863281,417.86737060546875
2024-01-24,427.44000244140625,425.8299865722656,420.1861877441406
2024-01-25,428.3599853515625,426.3500061035156,420.69927978515625
2024-01-26,424.44000244140625,423.80999755859375,418.19293212890625
2024-01-29,424.2699890136719,428.1499938964844,422.4754333496094
2024-01-30,427.1000061035156,425.29998779296875,419.6632080078125
2024-01-31,420.8500061035156,416.9700012207031,411.443603515625
2024-02-01,418.7900085449219,421.8800048828125,416.28851318359375
2024-02-02,423.79998779296875,429.010009765625,423.32403564453125
2024-02-05,429.07000732421875,428.45001220703125,422.771484375
2024-02-06,429.6099853515625,427.5899963378906,421.9228210449219
2024-02-07,430.4100036621094,431.989990234375,426.2645568847656
2024-02-08,432.1099853515625,432.7900085449219,427.053955078125
2024-02-09,433.94000244140625,437.04998779296875,431.25750732421875
2024-02-12,436.94000244140625,435.3399963378906,429.5701599121094
2024-02-13,427.2799987792969,428.54998779296875,422.8701171875
2024-02-14,431.260009765625,433.2200012207031,427.47821044921875
2024-02-15,433.9200134277344,434.510009765625,428.75115966796875
2024-02-16,434.8900146484375,430.57000732421875,424.86334228515625
2024-02-20,428.54998779296875,427.32000732421875,421.6564636230469
2024-02-21,424.54998779296875,425.6099853515625,419.96905517578125
2024-02-22,434.489990234375,438.07000732421875,432.2639465332031
2024-02-23,439.6499938964844,436.7799987792969,430.9910583496094
2024-02-26,437.6000061035156,436.54998779296875,430.76409912109375
2024-02-27,437.6700134277344,437.6000061035156,431.8002014160156
2024-02-28,435.42999267578125,435.2699890136719,429.50103759765625
2024-02-29,438.2300109863281,439.0,433.181640625
2024-03-01,439.8999938964844,445.6099853515625,439.7040100097656
2024-03-04,445.6099853515625,444.0199890136719,438.1351013183594
2024-03-05,440.94000244140625,436.04998779296875,430.2707214355469
2024-03-06,440.32000732421875,438.7900085449219,432.97442626953125
2024-03-07,442.4200134277344,445.45001220703125,439.5461730957031
2024-03-08,445.80999755859375,439.0199890136719,433.2013244628906
2024-03-11,437.510009765625,437.3900146484375,431.593017578125
2024-03-12,439.7300109863281,443.6600036621094,437.77978515625
2024-03-13,442.6499938964844,440.25,434.4150390625
2024-03-14,441.5,439.1400146484375,433.31976318359375
2024-03-15,436.07000732421875,433.9200134277344,428.1689453125
2024-03-18,438.7300109863281,437.4800109863281,432.2525634765625
2024-03-19,435.45001220703125,438.57000732421875,433.3295593261719
2024-03-20,439.7799987792969,443.7699890136719,438.46746826171875
2024-03-21,448.8800048828125,445.8699951171875,440.5423278808594
2024-03-22,445.3500061035156,446.3800048828125,441.0462341308594
2024-03-25,443.54998779296875,444.760009765625,439.445556640625
2024-03-26,446.29998779296875,443.32000732421875,438.0227966308594
2024-03-27,446.44000244140625,444.8299865722656,439.5147399902344
2024-03-28,444.7799987792969,444.010009765625,438.7045593261719
2024-04-01,444.9700012207031,444.95001220703125,439.6333312988281
2024-04-02,440.0799865722656,441.1099853515625,435.8392028808594
2024-04-03,438.9599914550781,442.1000061035156,436.8173522949219
2024-04-04,446.3299865722656,435.3399963378906,430.13818359375
2024-04-05,436.7799987792969,440.4700012207031,435.20684814453125
2024-04-08,441.4100036621094,440.6000061035156,435.3353271484375
2024-04-09,442.9599914550781,442.2300109863281,436.94586181640625
2024-04-10,437.0,438.3699951171875,433.1319580078125
2024-04-11,440.260009765625,445.3699951171875,440.04827880859375
2024-04-12,441.1000061035156,438.2699890136719,433.0331115722656
2024-04-15,442.05999755859375,431.05999755859375,425.9093322753906
2024-04-16,430.8999938964844,431.1000061035156,425.9488220214844
2024-04-17,433.1000061035156,425.8399963378906,420.7516174316406
2024-04-18,426.489990234375,423.4100036621094,418.3506774902344
2024-04-19,422.2200012207031,414.6499938964844,409.6954345703125
2024-04-22,417.30999755859375,418.82000732421875,413.8155212402344
2024-04-23,420.7699890136719,425.07000732421875,419.9908447265625
2024-04-24,428.20001220703125,426.510009765625,421.4136962890625
2024-04-25,419.239990234375,424.45001220703125,419.3782653808594
2024-04-26,427.6199951171875,431.0,425.8499755859375
2024-04-29,433.1300048828125,432.75,427.5791015625
2024-04-30,431.1499938964844,424.5899963378906,419.5166320800781
2024-05-01,423.1499938964844,421.5199890136719,416.4832458496094
2024-05-02,425.29998779296875,426.8999938964844,421.7989807128906
2024-05-03,434.44000244140625,435.4800109863281,430.2764892578125
2024-05-06,437.29998779296875,440.25,434.9894714355469
2024-05-07,440.70001220703125,440.32000732421875,435.0586242675781
2024-05-08,437.6700134277344,440.05999755859375,434.8017578125
2024-05-09,440.3299865722656,441.0199890136719,435.7502746582031
2024-05-10,442.5400085449219,442.05999755859375,436.77789306640625
2024-05-13,443.989990234375,443.0799865722656,437.7856750488281
2024-05-14,442.6499938964844,445.92999267578125,440.60162353515625
2024-05-15,448.42999267578125,452.8999938964844,447.48834228515625
2024-05-16,452.7099914550781,451.9800109863281,446.579345703125
2024-05-17,452.1099853515625,451.760009765625,446.3619384765625
2024-05-20,451.9800109863281,454.9100036621094,449.4742736816406
2024-05-21,453.0400085449219,455.79998779296875,450.35369873046875
2024-05-22,456.05999755859375,455.7099914550781,450.2647399902344
2024-05-23,460.54998779296875,453.6600036621094,448.2392578125
2024-05-24,455.2900085449219,457.95001220703125,452.4779968261719
2024-05-28,459.17999267578125,459.67999267578125,454.18731689453125
2024-05-29,455.4800109863281,456.44000244140625,450.986083984375
2024-05-30,455.5,451.54998779296875,446.1544494628906
2024-05-31,451.7799987792969,450.7099914550781,445.3244934082031
2024-06-03,454.57000732421875,453.1300048828125,447.71551513671875
2024-06-04,452.8699951171875,454.3699951171875,448.94073486328125
2024-06-05,457.9800109863281,463.5299987792969,457.9913024902344
2024-06-06,464.2200012207031,463.3699951171875,457.8332214355469
2024-06-07,463.0,462.9599914550781,457.4281311035156
2024-06-10,461.82000732421875,464.8299865722656,459.2757568359375
2024-06-11,463.5400085449219,468.0199890136719,462.4276428222656
2024-06-12,471.989990234375,474.1499938964844,468.4844055175781
2024-06-13,477.7200012207031,476.7200012207031,471.0237121582031
2024-06-14,476.5199890136719,479.19000244140625,473.4641418457031
2024-06-17,479.4599914550781,485.05999755859375,479.2640380859375
2024-06-18,485.010009765625,485.2099914550781,479.4122314453125
2024-06-20,486.4200134277344,481.4700012207031,475.7169189453125
2024-06-21,481.19000244140625,480.17999267578125,474.44232177734375
2024-06-24,478.17999267578125,473.9599914550781,469.041015625
2024-06-25,476.07000732421875,479.3800048828125,474.4047546386719
2024-06-26,478.54998779296875,480.3699951171875,475.3844909667969
2024-06-27,480.1199951171875,481.6099853515625,476.611572265625
2024-06-28,482.4100036621094,479.1099853515625,474.1375732421875
2024-07-01,480.0400085449219,481.9200134277344,476.91839599609375
2024-07-02,480.4100036621094,486.9800109863281,481.9259033203125
2024-07-03,486.2200012207031,491.0400085449219,485.9437561035156
2024-07-05,491.8900146484375,496.1600036621094,491.0106201171875
2024-07-08,496.5299987792969,497.3399963378906,492.1783752441406
2024-07-09,498.8699951171875,497.7699890136719,492.6038818359375
2024-07-10,499.7099914550781,502.9599914550781,497.7400207519531
2024-07-11,503.07000732421875,491.92999267578125,486.8244934082031
2024-07-12,492.510009765625,494.82000732421875,489.68450927734375
2024-07-15,496.6099853515625,496.1499938964844,491.00067138671875
2024-07-16,497.6199951171875,496.3399963378906,491.188720703125
2024-07-17,488.2799987792969,481.7699890136719,476.7698974609375
2024-07-18,485.5299987792969,479.489990234375,474.5136413574219
2024-07-19,479.1499938964844,475.239990234375,470.3077087402344
2024-07-22,481.1600036621094,482.32000732421875,477.314208984375
2024-07-23,481.4100036621094,480.6199951171875,475.6318664550781
2024-07-24,473.82000732421875,463.3800048828125,458.5708312988281
2024-07-25,463.7200012207031,458.2699890136719,453.5138244628906
2024-07-26,462.6499938964844,462.9700012207031,458.1650695800781
2024-07-29,465.7099914550781,463.8999938964844,459.08538818359375
2024-07-30,465.8500061035156,457.5299987792969,452.7815246582031
2024-07-31,467.8699951171875,471.07000732421875,466.1810302734375
2024-08-01,471.760009765625,459.6600036621094,454.8894348144531
2024-08-02,450.8900146484375,448.75,444.0926208496094
2024-08-05,424.7099914550781,435.3699951171875,430.85150146484375
2024-08-06,437.2300109863281,439.5299987792969,434.9683837890625
2024-08-07,446.489990234375,434.7699890136719,430.2577209472656
2024-08-08,441.05999755859375,448.07000732421875,443.4197082519531
2024-08-09,446.739990234375,450.4100036621094,445.7354431152344
2024-08-12,451.3900146484375,451.3800048828125,446.69537353515625
2024-08-13,455.82000732421875,462.5799865722656,457.7790832519531
2024-08-14,463.510009765625,462.7300109863281,457.9275817871094
2024-08-15,468.760009765625,474.4200134277344,469.49627685546875
2024-08-16,472.6199951171875,475.0299987792969,470.0999450683594
2024-08-19,475.1700134277344,481.2699890136719,476.275146484375
2024-08-20,480.3500061035156,480.260009765625,475.275634765625
2024-08-21,481.04998779296875,482.5,477.4924011230469
2024-08-22,484.8399963378906,474.8500061035156,469.9217529296875
2024-08-23,479.239990234375,480.0,475.018310546875
2024-08-26,479.45001220703125,475.3399963378906,470.40667724609375
2024-08-27,473.69000244140625,476.760009765625,471.81195068359375
2024-08-28,476.2900085449219,471.3500061035156,466.4580993652344
2024-08-29,473.2799987792969,470.6600036621094,465.7752685546875
2024-08-30,475.0400085449219,476.2699890136719,471.3270263671875
2024-09-03,473.20001220703125,461.80999755859375,457.0171203613281
2024-09-04,458.6700134277344,460.6099853515625,455.82952880859375
2024-09-05,458.9700012207031,461.0400085449219,456.255126953125
2024-09-06,460.3299865722656,448.69000244140625,444.0332336425781
2024-09-09,453.05999755859375,454.4599914550781,449.7433776855469
2024-09-10,456.239990234375,458.6600036621094,453.8997802734375
2024-09-11,459.9100036621094,468.6199951171875,463.7564392089844
2024-09-12,468.6499938964844,473.2200012207031,468.3086853027344
2024-09-13,472.4800109863281,475.3399963378906,470.40667724609375
2024-09-16,473.19000244140625,473.239990234375,468.32843017578125
2024-09-17,476.2900085449219,473.489990234375,468.5758972167969
2024-09-18,474.70001220703125,471.44000244140625,466.54718017578125
2024-09-19,482.6099853515625,483.3599853515625,478.34344482421875
2024-09-20,482.489990234375,482.44000244140625,477.4329833984375
2024-09-23,482.95001220703125,483.0400085449219,478.6985168457031
2024-09-24,484.4599914550781,485.3699951171875,481.0075988769531
2024-09-25,484.739990234375,485.82000732421875,481.45355224609375
2024-09-26,493.3699951171875,489.4700012207031,485.0706787109375
2024-09-27,490.5,486.75,482.3752136230469
2024-09-30,485.7799987792969,488.07000732421875,483.6833190917969
2024-10-01,487.70001220703125,481.2699890136719,476.9444274902344
2024-10-02,480.3599853515625,481.95001220703125,477.6183166503906
2024-10-03,479.739990234375,481.5899963378906,477.2615661621094
2024-10-04,487.45001220703125,487.32000732421875,482.9400634765625
2024-10-07,485.3900146484375,482.1000061035156,477.7669677734375
2024-10-08,484.6600036621094,489.29998779296875,484.9022521972656
2024-10-09,489.0,493.1499938964844,488.7176208496094
2024-10-10,490.8500061035156,492.5899963378906,488.1626281738281
2024-10-11,490.739990234375,493.3599853515625,488.9257507324219
2024-10-14,495.7699890136719,497.5,493.028564453125
2024-10-15,497.8299865722656,490.8500061035156,486.4383239746094
2024-10-16,491.17999267578125,490.9100036621094,486.4977722167969
2024-10-17,496.44000244140625,491.25,486.834716796875
2024-10-18,494.05999755859375,494.4700012207031,490.0257568359375
2024-10-21,493.25,495.4200134277344,490.96722412109375
2024-10-22,492.7300109863281,495.9599914550781,491.50238037109375
2024-10-23,493.5899963378906,488.3599853515625,483.9706726074219
2024-10-24,492.1099853515625,492.32000732421875,487.8951416015625
2024-10-25,495.1400146484375,495.32000732421875,490.8681640625
2024-10-28,498.4599914550781,495.3999938964844,490.9474182128906
2024-10-29,495.7200012207031,500.1600036621094,495.6646423339844
2024-10-30,499.3900146484375,496.3800048828125,491.91864013671875
2024-10-31,492.3800048828125,483.8500061035156,479.5012512207031
2024-11-01,485.5,487.42999267578125,483.0490417480469
2024-11-04,486.82000732421875,486.010009765625,481.641845703125
2024-11-05,487.6099853515625,492.2099914550781,487.78607177734375
2024-11-06,500.55999755859375,505.5799865722656,501.03594970703125
2024-11-07,508.3999938964844,513.5399780273438,508.9244079589844
2024-11-08,513.0399780273438,514.1400146484375,509.5190124511719
2024-11-11,515.3699951171875,513.8400268554688,509.22174072265625
2024-11-12,513.77001953125,512.9099731445312,508.300048828125
2024-11-13,512.4000244140625,512.25,507.6460266113281
2024-11-14,511.9100036621094,508.69000244140625,504.1180114746094
2024-11-15,502.94000244140625,496.57000732421875,492.10693359375
2024-11-18,498.1300048828125,500.0199890136719,495.5259094238281
2024-11-19,497.4200134277344,503.4599914550781,498.9349670410156
2024-11-20,503.1600036621094,503.1700134277344,498.6476135253906
2024-11-21,506.239990234375,504.9800109863281,500.44134521484375
2024-11-22,504.4200134277344,505.7900085449219,501.2440490722656
2024-11-25,509.8999938964844,506.5899963378906,502.036865234375
2024-11-26,508.0799865722656,509.30999755859375,504.73236083984375
2024-11-27,508.1700134277344,505.29998779296875,500.7584228515625
2024-11-29,505.92999267578125,509.739990234375,505.15850830078125
2024-12-02,511.010009765625,515.2899780273438,510.65869140625
2024-12-03,513.9500122070312,516.8699951171875,512.2244262695312
2024-12-04,520.3200073242188,523.260009765625,518.5570068359375
2024-12-05,523.3099975585938,521.8099975585938,517.1200561523438
2024-12-06,522.47998046875,526.47998046875,521.7481079101562
2024-12-09,525.5499877929688,522.3800048828125,517.6849365234375
2024-12-10,523.6199951171875,520.5999755859375,515.9209594726562
2024-12-11,525.0,529.9199829101562,525.1571044921875
2024-12-12,527.6799926757812,526.5,521.7678833007812
2024-12-13,530.4600219726562,530.530029296875,525.7616577148438
2024-12-16,533.0800170898438,538.1699829101562,533.3330078125
2024-12-17,536.3599853515625,535.7999877929688,530.9842529296875
2024-12-18,535.1500244140625,516.469970703125,511.8280944824219
2024-12-19,521.1900024414062,514.1699829101562,509.5486755371094
2024-12-20,510.44000244140625,518.6599731445312,513.9983520507812
2024-12-23,519.5499877929688,522.8699951171875,519.006103515625
2024-12-24,524.8300170898438,529.9600219726562,526.043701171875
2024-12-26,528.3200073242188,529.5999755859375,525.686279296875
2024-12-27,526.010009765625,522.5599975585938,518.6983642578125
2024-12-30,515.510009765625,515.6099853515625,511.7996826171875
2024-12-31,516.9000244140625,511.2300109863281,507.4521484375
2025-01-02,514.2999877929688,510.2300109863281,506.4595031738281
2025-01-03,513.3499755859375,518.5800170898438,514.747802734375
2025-01-06,524.02001953125,524.5399780273438,520.6637573242188
2025-01-07,525.5900268554688,515.1799926757812,511.3728942871094
2025-01-08,515.0800170898438,515.27001953125,511.46221923828125
2025-01-10,511.4800109863281,507.19000244140625,503.4419860839844
2025-01-13,501.20001220703125,505.55999755859375,501.82403564453125
2025-01-14,508.739990234375,505.0799865722656,501.3475341796875
2025-01-15,513.030029296875,516.7000122070312,512.8817749023438
2025-01-16,518.97998046875,513.0800170898438,509.2884521484375
2025-01-17,522.8499755859375,521.739990234375,517.8843994140625
2025-01-21,524.47998046875,524.7999877929688,520.9217529296875
2025-01-22,529.5700073242188,531.510009765625,527.5823364257812
2025-01-23,529.0399780273438,532.6400146484375,528.7039184570312
2025-01-24,533.02001953125,529.6300048828125,525.7161254882812
2025-01-27,511.0,514.2100219726562,510.41009521484375
2025-01-28,515.219970703125,521.8099975585938,517.9539184570312
2025-01-29,522.4600219726562,520.8300170898438,516.981201171875
2025-01-30,523.7100219726562,523.0499877929688,519.1846923828125
2025-01-31,526.9199829101562,522.2899780273438,518.4303588867188
2025-02-03,513.469970703125,518.1099853515625,514.28125
2025-02-04,518.6300048828125,524.469970703125,520.59423828125
2025-02-05,521.8200073242188,526.8499755859375,522.9566040039062
2025-02-06,527.3599853515625,529.5999755859375,525.686279296875
2025-02-07,530.1400146484375,522.9199829101562,519.0557250976562
2025-02-10,527.219970703125,529.25,525.3389282226562
2025-02-11,525.9600219726562,527.989990234375,524.0882568359375
2025-02-12,522.2999877929688,528.2999877929688,524.3959350585938
2025-02-13,529.97998046875,535.9000244140625,531.9397583007812
2025-02-14,536.010009765625,538.1500244140625,534.1732177734375
2025-02-18,539.72998046875,539.3699951171875,535.3841552734375
2025-02-19,538.5700073242188,539.52001953125,535.5331420898438
2025-02-20,538.72998046875,537.22998046875,533.2599487304688
2025-02-21,538.3800048828125,526.0800170898438,522.1923828125
2025-02-24,527.8800048828125,519.8699951171875,516.0282592773438
2025-02-25,519.239990234375,513.3200073242188,509.52667236328125
2025-02-26,515.530029296875,514.5599975585938,510.7575378417969
2025-02-27,518.1300048828125,500.2699890136719,496.5731201171875
2025-02-28,500.1300048828125,508.1700134277344,504.41473388671875
2025-03-03,511.5199890136719,497.04998779296875,493.37689208984375
2025-03-04,494.17999267578125,495.54998779296875,491.8879699707031
2025-03-05,496.20001220703125,502.010009765625,498.3002624511719
2025-03-06,493.69000244140625,488.20001220703125,484.5923156738281
2025-03-07,487.1600036621094,491.7900085449219,488.1557922363281
2025-03-10,483.45001220703125,472.7300109863281,469.2366638183594
2025-03-11,472.3500061035156,471.6000061035156,468.114990234375
2025-03-12,479.1600036621094,476.9200134277344,473.3956604003906
2025-03-13,476.25,468.3399963378906,464.87908935546875
2025-03-14,473.7300109863281,479.6600036621094,476.11541748046875
2025-03-17,479.6099853515625,482.7699890136719,479.202392578125
2025-03-18,479.4100036621094,474.5400085449219,471.0332336425781
2025-03-19,476.80999755859375,480.8900146484375,477.3363342285156
2025-03-20,476.8800048828125,479.260009765625,475.7183837890625
2025-03-21,474.0799865722656,480.8399963378906,477.2867126464844
2025-03-24,487.739990234375,490.6600036621094,487.76043701171875
2025-03-25,491.3900146484375,493.4599914550781,490.54388427734375
2025-03-26,492.29998779296875,484.3800048828125,481.5175476074219
2025-03-27,482.4100036621094,481.6199951171875,478.7738037109375
2025-03-28,479.80999755859375,468.94000244140625,466.1687927246094
2025-03-31,461.9200134277344,468.9200134277344,466.14886474609375
2025-04-01,467.29998779296875,472.70001220703125,469.90655517578125
2025-04-02,466.1199951171875,476.1499938964844,473.336181640625
2025-04-03,456.44000244140625,450.6600036621094,447.9967956542969
2025-04-04,438.1400146484375,422.6700134277344,420.1722412109375
2025-04-07,408.6600036621094,423.69000244140625,421.1861877441406
2025-04-08,438.1600036621094,416.05999755859375,413.60125732421875
2025-04-09,415.57000732421875,466.0,463.2461242675781
2025-04-10,453.55999755859375,446.17999267578125,443.5432434082031
2025-04-11,444.6499938964844,454.3999938964844,451.7147216796875
2025-04-14,464.4599914550781,457.4800109863281,454.7764892578125
2025-04-15,458.5400085449219,457.989990234375,455.2834777832031
2025-04-16,449.0299987792969,444.17999267578125,441.5550537109375
2025-04-17,447.1700134277344,444.1000061035156,441.4755554199219
2025-04-21,438.2300109863281,433.1099853515625,430.55047607421875
2025-04-22,438.82000732421875,444.4800109863281,441.85333251953125
2025-04-23,458.1700134277344,454.55999755859375,451.8737487792969
2025-04-24,456.4800109863281,467.3500061035156,464.58819580078125
2025-04-25,466.9700012207031,472.55999755859375,469.76739501953125
2025-04-28,473.0299987792969,472.4100036621094,469.6182556152344
2025-04-29,470.1700134277344,475.5299987792969,472.7198181152344
2025-04-30,467.1300048828125,475.4700012207031,472.6601257324219
2025-05-01,483.4100036621094,481.67999267578125,478.8334655761719
2025-05-02,486.5400085449219,488.8299865722656,485.9411926269531
2025-05-05,484.6000061035156,485.92999267578125,483.058349609375
2025-05-06,479.55999755859375,481.4100036621094,478.5650939941406
2025-05-07,482.0799865722656,483.29998779296875,480.44390869140625
2025-05-08,488.5299987792969,488.2900085449219,485.4044189453125
2025-05-09,490.2099914550781,487.9700012207031,485.0863342285156
2025-05-12,506.989990234375,507.8500061035156,504.84881591796875
2025-05-13,509.1600036621094,515.5900268554688,512.5431518554688
2025-05-14,516.77001953125,518.6799926757812,515.61474609375
2025-05-15,516.52001953125,519.25,516.1815185546875
2025-05-16,520.6599731445312,521.510009765625,518.4281616210938
2025-05-19,514.239990234375,522.010009765625,518.9251708984375
2025-05-20,519.469970703125,520.27001953125,517.1954956054688
2025-05-21,516.27001953125,513.0399780273438,510.0081481933594
2025-05-22,513.6599731445312,514.0,510.9624938964844
2025-05-23,506.17999267578125,509.239990234375,506.2306213378906
2025-05-27,516.1500244140625,521.219970703125,518.1397705078125
2025-05-28,522.1799926757812,518.9099731445312,515.8434448242188
2025-05-29,526.3300170898438,519.9299926757812,516.8574829101562
2025-05-30,519.4400024414062,519.1099853515625,516.042236328125
2025-06-02,517.239990234375,523.2100219726562,520.1181030273438
2025-06-03,523.5599975585938,527.2999877929688,524.183837890625
2025-06-04,528.010009765625,528.77001953125,525.6452026367188
2025-06-05,530.1799926757812,524.7899780273438,521.688720703125
2025-06-06,530.0,529.9199829101562,526.788330078125
2025-06-09,530.1400146484375,530.7000122070312,527.5638427734375
2025-06-10,531.1699829101562,534.2100219726562,531.0531005859375
2025-06-11,535.6199951171875,532.4099731445312,529.2637329101562
2025-06-12,531.0900268554688,533.6599731445312,530.5062866210938
2025-06-13,527.6799926757812,526.9600219726562,523.845947265625
2025-06-16,530.5,534.2899780273438,531.132568359375
2025-06-17,531.7100219726562,529.0800170898438,525.953369140625
2025-06-18,530.0999755859375,528.989990234375,525.8638916015625
2025-06-20,532.260009765625,526.8300170898438,523.7166748046875
2025-06-23,526.8099975585938,531.6500244140625,529.1017456054688
2025-06-24,536.8900146484375,539.780029296875,537.1928100585938
2025-06-25,542.0599975585938,541.1599731445312,538.5661010742188
2025-06-26,543.3499755859375,546.219970703125,543.6018676757812
2025-06-27,547.260009765625,548.0900268554688,545.4629516601562
2025-06-30,551.260009765625,551.6400146484375,548.9959106445312
2025-07-01,549.72998046875,546.989990234375,544.3682250976562
2025-07-02,546.1599731445312,550.7999877929688,548.159912109375
2025-07-03,553.1799926757812,556.219970703125,553.553955078125
2025-07-07,553.52001953125,552.030029296875,549.3840942382812
2025-07-08,553.3800048828125,552.3400268554688,549.6926879882812
2025-07-09,554.47998046875,556.25,553.5838623046875
2025-07-10,556.8900146484375,555.4500122070312,552.7877197265625
2025-07-11,553.2999877929688,554.2000122070312,551.5435791015625
2025-07-14,553.989990234375,556.2100219726562,553.5440063476562
2025-07-15,560.25,556.719970703125,554.051513671875
2025-07-16,557.280029296875,557.2899780273438,554.6188354492188
2025-07-17,558.02001953125,561.7999877929688,559.107177734375
2025-07-18,563.1199951171875,561.260009765625,558.56982421875
2025-07-21,562.0900268554688,564.1699829101562,561.4658813476562
2025-07-22,564.2999877929688,561.25,558.5598754882812
2025-07-23,562.3400268554688,563.8099975585938,561.1075439453125
2025-07-24,565.1300048828125,565.010009765625,562.3018798828125
2025-07-25,564.9299926757812,566.3699951171875,563.6553344726562
2025-07-28,567.739990234375,568.1400146484375,565.4168090820312
2025-07-29,570.760009765625,567.260009765625,564.541015625
2025-07-30,568.1799926757812,568.02001953125,565.2974853515625
2025-07-31,574.5399780273438,565.010009765625,562.3018798828125
2025-08-01,558.8300170898438,553.8800048828125,551.2251586914062
2025-08-04,559.0499877929688,564.0999755859375,561.3961791992188
2025-08-05,565.3900146484375,560.27001953125,557.5845336914062
2025-08-06,561.1099853515625,567.3200073242188,564.6007690429688
2025-08-07,571.6699829101562,569.239990234375,566.5115356445312
2025-08-08,570.4500122070312,574.5499877929688,571.7960815429688
2025-08-11,574.6900024414062,572.8499755859375,570.1041870117188
2025-08-12,575.1599731445312,580.0499877929688,577.2697143554688
2025-08-13,582.760009765625,580.3400268554688,577.558349609375
2025-08-14,578.280029296875,579.8900146484375,577.1105346679688
2025-08-15,579.7999877929688,577.3400268554688,574.57275390625
2025-08-18,576.4400024414062,577.1099853515625,574.3438110351562
2025-08-19,576.3900146484375,569.280029296875,566.5513916015625
2025-08-20,568.3300170898438,565.9000244140625,563.1876220703125
2025-08-21,564.3499755859375,563.280029296875,560.5801391601562
2025-08-22,564.6699829101562,571.969970703125,569.2284545898438
2025-08-25,570.4000244140625,570.3200073242188,567.5863647460938
2025-08-26,569.8300170898438,572.6099853515625,569.8654174804688
2025-08-27,571.5900268554688,573.489990234375,570.7412109375
2025-08-28,574.1099853515625,577.0800170898438,574.31396484375
2025-08-29,574.6599731445312,570.4000244140625,567.666015625
2025-09-02,561.3099975585938,565.6199951171875,562.908935546875
2025-09-03,569.22998046875,570.0700073242188,567.337646484375
2025-09-04,570.739990234375,575.22998046875,572.4728393554688
2025-09-05,580.489990234375,576.0599975585938,573.298828125
2025-09-08,578.3699951171875,578.8699951171875,576.0953369140625
2025-09-09,579.6699829101562,580.510009765625,577.7276000976562
2025-09-10,583.739990234375,580.7000122070312,577.9166870117188
2025-09-11,583.239990234375,584.0800170898438,581.2803955078125
2025-09-12,585.0399780273438,586.6599731445312,583.8480224609375
2025-09-15,588.4400024414062,591.6799926757812,588.843994140625
2025-09-16,592.6099853515625,591.1799926757812,588.346435546875
2025-09-17,591.0999755859375,590.0,587.1720581054688
2025-09-18,594.9099731445312,595.3200073242188,592.466552734375
2025-09-19,597.3300170898438,599.3499755859375,596.4771728515625
2025-09-22,597.739990234375,602.2000122070312,600.0083618164062
2025-09-23,602.3699951171875,598.2000122070312,596.02294921875
2025-09-24,599.5800170898438,596.0999755859375,593.9305419921875
2025-09-25,592.2000122070312,593.530029296875,591.3699340820312
2025-09-26,594.3499755859375,595.969970703125,593.801025390625
2025-09-29,599.1099853515625,598.72998046875,596.5509643554688
2025-09-30,598.4299926757812,600.3699951171875,598.18505859375
2025-10-01,597.1699829101562,603.25,601.0545043945312
2025-10-02,607.0599975585938,605.72998046875,603.5254516601562
2025-10-03,606.510009765625,603.1799926757812,600.9848022460938
2025-10-06,608.4500122070312,607.7100219726562,605.498291015625
2025-10-07,609.02001953125,604.510009765625,602.3099365234375
2025-10-08,605.4099731445312,611.4400024414062,609.2147827148438
2025-10-09,611.47998046875,610.7000122070312,608.4774169921875
2025-10-10,611.4000244140625,589.5,587.3546142578125
2025-10-13,599.6799926757812,602.010009765625,599.8190307617188
2025-10-14,595.3099975585938,598.0,595.8236083984375
2025-10-15,604.010009765625,602.219970703125,600.0281982421875
2025-10-16,605.1099853515625,599.989990234375,597.8063354492188
2025-10-17,597.9500122070312,603.9299926757812,601.7320556640625
2025-10-20,607.1400146484375,611.5399780273438,609.3142700195312
2025-10-21,611.6400146484375,611.3800048828125,609.1549682617188
2025-10-22,610.8200073242188,605.489990234375,603.286376953125
2025-10-23,604.9099731445312,610.5800170898438,608.3578491210938
2025-10-24,615.989990234375,617.0999755859375,614.8540649414062
2025-10-27,624.52001953125,628.0900268554688,625.8041381835938
2025-10-28,630.3599853515625,632.9199829101562,630.6165771484375
2025-10-29,635.5900268554688,635.77001953125,633.4562377929688
2025-10-30,632.1699829101562,626.0499877929688,623.7715454101562
2025-10-31,634.1699829101562,629.0700073242188,626.7805786132812
2025-11-03,635.1099853515625,632.0800170898438,629.7796020507812
2025-11-04,623.280029296875,619.25,616.996337890625
2025-11-05,618.489990234375,623.280029296875,621.01171875
2025-11-06,621.7899780273438,611.6699829101562,609.4439086914062
2025-11-07,608.3099975585938,609.739990234375,607.5209350585938
2025-11-10,618.9199829101562,623.22998046875,620.9618530273438
2025-11-11,620.5700073242188,621.5700073242188,619.307861328125
2025-11-12,624.8400268554688,621.0800170898438,618.8196411132812
2025-11-13,617.5399780273438,608.4000244140625,606.1858520507812
2025-11-14,599.5499877929688,608.8599853515625,606.6441040039062
2025-11-17,606.2999877929688,603.6599731445312,601.4630737304688
2025-11-18,599.6199951171875,596.3099975585938,594.1397705078125
2025-11-19,597.0700073242188,599.8699951171875,597.6868896484375
2025-11-20,611.6199951171875,585.6699829101562,583.5385131835938
2025-11-21,587.469970703125,590.0700073242188,587.9224853515625
2025-11-24,595.280029296875,605.1599731445312,602.9575805664062
2025-11-25,603.510009765625,608.8900146484375,606.6740112304688
2025-11-26,612.510009765625,614.27001953125,612.034423828125
2025-11-28,616.1099853515625,619.25,616.996337890625
2025-12-01,613.6300048828125,617.1699829101562,614.923828125
2025-12-02,619.4600219726562,622.0,619.736328125
2025-12-03,619.6199951171875,623.52001953125,621.2507934570312
2025-12-04,624.9299926757812,622.9400024414062,620.6729125976562
2025-12-05,624.3800048828125,625.47998046875,623.20361328125
2025-12-08,627.2100219726562,624.280029296875,622.008056640625
2025-12-09,623.010009765625,625.0499877929688,622.7752075195312
2025-12-10,623.8499755859375,627.6099853515625,625.3258666992188
2025-12-11,623.8200073242188,625.5800170898438,623.3032836914062
2025-12-12,622.0800170898438,613.6199951171875,611.3868408203125
2025-12-15,618.3699951171875,610.5399780273438,608.3179931640625
2025-12-16,608.260009765625,611.75,609.5235595703125
2025-12-17,613.0599975585938,600.4099731445312,598.224853515625
2025-12-18,609.7999877929688,609.1099853515625,606.8932495117188
2025-12-19,611.9500122070312,617.0499877929688,614.8042602539062
2025-12-22,621.3499755859375,619.2100219726562,617.7513427734375
2025-12-23,618.2000122070312,622.1099853515625,620.6444702148438
2025-12-24,621.989990234375,623.9299926757812,622.4602661132812
2025-12-26,624.6599731445312,623.8900146484375,622.4202880859375
2025-12-29,620.0999755859375,620.8699951171875,619.4074096679688
2025-12-30,619.8400268554688,619.4299926757812,617.9707641601562
2025-12-31,619.6500244140625,614.3099975585938,612.8628540039062
2026-01-02,620.0599975585938,613.1199951171875,611.6757202148438
2026-01-05,619.3200073242188,617.989990234375,616.5341796875
2026-01-06,619.22998046875,623.4199829101562,621.951416015625
2026-01-07,623.0399780273438,624.02001953125,622.550048828125
2026-01-08,623.030029296875,620.469970703125,619.0083618164062
2026-01-09,621.4099731445312,626.6500244140625,625.173828125
2026-01-12,622.3099975585938,627.1699829101562,625.6925659179688
2026-01-13,627.27001953125,626.239990234375,624.7647705078125
2026-01-14,622.239990234375,619.5499877929688,618.0905151367188
2026-01-15,626.5999755859375,621.780029296875,620.3153076171875
2026-01-16,625.5,621.260009765625,619.7965087890625
2026-01-20,610.530029296875,608.0599975585938,606.6276245117188
2026-01-21,609.469970703125,616.280029296875,614.8282470703125
2026-01-22,622.3499755859375,620.760009765625,619.2976684570312
2026-01-23,619.72998046875,622.719970703125,621.2530517578125
2026-01-26,623.2100219726562,625.4600219726562,623.9866333007812
2026-01-27,628.9099731445312,631.1300048828125,629.6432495117188
2026-01-28,635.4600219726562,633.219970703125,631.7283325195312
2026-01-29,632.6500244140625,629.4299926757812,627.947265625
2026-01-30,625.7100219726562,621.8699951171875,620.4050903320312
2026-02-02,618.7000122070312,626.1400146484375,624.6650390625
2026-02-03,628.2999877929688,616.52001953125,615.0676879882812
2026-02-04,615.02001953125,605.75,604.3230590820312
2026-02-05,600.2100219726562,597.030029296875,595.6236572265625
2026-02-06,600.1900024414062,609.6500244140625,608.2138671875
2026-02-09,607.5399780273438,614.3200073242188,612.8728637695312
2026-02-10,615.3099975585938,611.469970703125,610.029541015625
2026-02-11,616.3800048828125,613.1099853515625,611.6657104492188
2026-02-12,614.7100219726562,600.6400146484375,599.22509765625
2026-02-13,600.4299926757812,601.9199829101562,600.5020751953125
2026-02-17,598.3800048828125,601.2999877929688,599.8834838867188
2026-02-18,602.1099853515625,605.7899780273438,604.3629150390625
2026-02-19,602.8099975585938,603.469970703125,602.0484008789062
2026-02-20,600.1199951171875,608.8099975585938,607.3758544921875
2026-02-23,606.6099853515625,601.4099731445312,599.9932250976562
2026-02-24,602.4000244140625,607.8699951171875,606.4380493164062
2026-02-25,611.0700073242188,616.6799926757812,615.227294921875
2026-02-26,615.5900268554688,609.239990234375,607.8048095703125
2026-02-27,602.97998046875,607.2899780273438,605.859375
2026-03-02,598.8599853515625,608.0900268554688,606.6575317382812
2026-03-03,596.3300170898438,601.5800170898438,600.1629028320312
2026-03-04,604.1599731445312,610.75,609.311279296875
2026-03-05,607.4000244140625,608.9099731445312,607.4755249023438
2026-03-06,600.3099975585938,599.75,598.337158203125
2026-03-09,594.22998046875,607.760009765625,606.3283081054688
2026-03-10,607.780029296875,607.77001953125,606.3383178710938
2026-03-11,608.9500122070312,607.6900024414062,606.2584838867188
2026-03-12,602.760009765625,597.260009765625,595.8530883789062
2026-03-13,599.72998046875,593.719970703125,592.3213500976562
2026-03-16,600.0399780273438,600.3800048828125,598.9656982421875
2026-03-17,603.1400146484375,603.3099975585938,601.8887939453125
2026-03-18,601.489990234375,594.9000244140625,593.4986572265625
2026-03-19,589.510009765625,593.02001953125,591.623046875
2026-03-20,591.0599975585938,582.0599975585938,580.6888427734375
2026-03-23,590.52001953125,588.0,587.3545532226562
2026-03-24,584.8099975585938,583.97998046875,583.3389282226562
2026-03-25,589.1400146484375,587.8200073242188,587.1747436523438
2026-03-26,582.5999755859375,573.7899780273438,573.1600952148438
2026-03-27,570.8099975585938,562.5800170898438,561.9624633789062
2026-03-30,567.3800048828125,558.280029296875,557.6671752929688
2026-03-31,564.2899780273438,577.1799926757812,576.54638671875
2026-04-01,581.47998046875,584.3099975585938,583.6685791015625
2026-04-02,573.969970703125,584.97998046875,584.3378295898438
2026-04-06,586.22998046875,588.5,587.85400390625
2026-04-07,585.6400146484375,588.5900268554688,587.9439086914062
2026-04-08,608.7100219726562,606.0900268554688,605.4246826171875
2026-04-09,605.9299926757812,610.1900024414062,609.5202026367188
2026-04-10,611.8400268554688,611.0700073242188,610.3992309570312
2026-04-13,609.47998046875,617.3900146484375,616.7122802734375
2026-04-14,620.219970703125,628.5999755859375,627.909912109375
2026-04-15,629.0800170898438,637.4000244140625,636.7003173828125
2026-04-16,639.2100219726562,640.469970703125,639.7669067382812
2026-04-17,645.5900268554688,648.8499755859375,648.1376953125
2026-04-20,648.0399780273438,646.7899780273438,646.0799560546875
2026-04-21,648.4099731445312,644.3300170898438,643.6226806640625
2026-04-22,650.1500244140625,655.1099853515625,654.390869140625
2026-04-23,653.5499877929688,651.4199829101562,650.7048950195312
2026-04-24,658.510009765625,663.8800048828125,663.1512451171875
2026-04-27,663.4000244140625,664.22998046875,663.5008544921875
2026-04-28,657.4099731445312,657.5499877929688,656.8281860351562
2026-04-29,658.6300048828125,661.5700073242188,660.84375
2026-04-30,665.3499755859375,667.739990234375,667.0069580078125
2026-05-01,669.1599731445312,674.1500244140625,673.4099731445312
2026-05-04,674.6599731445312,672.8800048828125,672.141357421875
2026-05-05,677.9600219726562,681.6099853515625,680.8617553710938
2026-05-06,687.780029296875,695.77001953125,695.0062255859375
2026-05-07,696.5800170898438,694.9400024414062,694.1771240234375
2026-05-08,699.9199829101562,711.22998046875,710.44921875
2026-05-11,710.3599853515625,713.2899780273438,712.5069580078125
2026-05-12,708.219970703125,707.239990234375,706.463623046875
2026-05-13,709.9600219726562,714.7100219726562,713.9254760742188
2026-05-14,714.6199951171875,719.7899780273438,718.9998168945312
2026-05-15,710.1400146484375,708.9299926757812,708.1517944335938
2026-05-18,711.5399780273438,705.8800048828125,705.1051025390625
2026-05-19,699.8099975585938,701.530029296875,700.7599487304688
2026-05-20,705.2899780273438,713.1500244140625,712.3671875
2026-05-21,708.989990234375,714.510009765625,713.7256469726562
2026-05-22,718.0700073242188,717.5399780273438,716.7523193359375
2026-05-26,725.9600219726562,730.280029296875,729.4783935546875
2026-05-27,732.9600219726562,729.4500122070312,728.6492919921875
2026-05-28,729.72998046875,735.5999755859375,734.79248046875
2026-05-29,737.8400268554688,738.3099975585938,737.49951171875
2026-06-01,737.0399780273438,742.739990234375,741.9246826171875
2026-06-02,742.4000244140625,746.1599731445312,745.3408813476562
2026-06-03,747.3099975585938,744.2100219726562,743.39306640625
2026-06-04,735.47998046875,740.6099853515625,739.7969970703125
2026-06-05,730.0599975585938,705.0599975585938,704.2860107421875
2026-06-08,717.8099975585938,716.0700073242188,715.283935546875
2026-06-09,722.97998046875,707.8300170898438,707.052978515625
2026-06-10,701.6599731445312,693.6900024414062,692.9285278320312
2026-06-11,699.2899780273438,717.1199951171875,716.332763671875
2026-06-12,717.6099853515625,721.3400268554688,720.5481567382812
2026-06-15,738.0999755859375,744.0,743.1832885742188
2026-06-16,742.25,729.8599853515625,729.0587768554688
2026-06-17,735.1900024414062,722.510009765625,721.7168579101562
2026-06-18,737.2000122070312,740.6199951171875,739.8070068359375
2026-06-22,742.02001953125,737.9500122070312,737.9500122070312
2026-06-23,715.739990234375,713.6500244140625,713.6500244140625
2026-06-24,715.3699951171875,710.6199951171875,710.6199951171875
2026-06-25,725.9000244140625,716.3800048828125,716.3800048828125
2026-06-26,707.1300048828125,706.52001953125,706.52001953125
2026-06-29,713.989990234375,724.0800170898438,724.0800170898438
2026-06-30,724.1799926757812,736.4000244140625,736.4000244140625
2026-07-01,729.1900024414062,725.1699829101562,725.1699829101562
2026-07-02,725.5800170898438,712.5999755859375,712.5999755859375
2026-07-06,719.9299926757812,722.8200073242188,722.8200073242188
2026-07-07,714.1699829101562,709.4299926757812,709.4299926757812
2026-07-08,704.9500122070312,711.4400024414062,711.4400024414062
2026-07-09,718.3300170898438,723.280029296875,723.280029296875
2026-07-10,720.7000122070312,725.510009765625,725.510009765625
2026-07-13,717.719970703125,711.739990234375,711.739990234375
2026-07-14,720.219970703125,719.6900024414062,719.6900024414062
2026-07-15,723.8499755859375,717.739990234375,717.739990234375
2026-07-16,712.010009765625,705.9400024414062,705.9400024414062
2026-07-17,691.6500244140625,695.3300170898438,695.3300170898438
2026-07-20,702.1599731445312,696.0599975585938,696.0599975585938
2026-07-21,706.5700073242188,708.969970703125,708.969970703125
2026-07-22,703.6199951171875,705.3499755859375,705.3499755859375
2026-07-23,694.6699829101562,691.9600219726562,691.9600219726562
2026-07-24,690.4099731445312,684.22998046875,684.22998046875
2026-07-27,691.6799926757812,682.1199951171875,682.1199951171875
2026-07-28,676.22998046875,675.489990234375,675.489990234375
2026-07-29,675.510009765625,661.72998046875,661.72998046875
2026-07-30,674.760009765625,683.5499877929688,683.5499877929688
2026-07-31,692.1099853515625,687.989990234375,687.989990234375
2026-08-03,688.2999877929688,700.0700073242188,700.0700073242188
2026-08-04,708.1599731445312,723.8499755859375,723.8499755859375
2026-08-05,726.25,717.2999877929688,717.2999877929688
2026-08-06,710.8200073242188,714.6500244140625,714.6500244140625
2026-08-07,720.1500244140625,723.030029296875,723.030029296875
2026-08-10,722.3900146484375,720.8699951171875,720.8699951171875
2026-08-11,723.2899780273438,718.4500122070312,718.4500122070312
2026-08-12,727.0800170898438,723.7000122070312,723.7000122070312
2026-08-13,725.1500244140625,732.0700073242188,732.0700073242188
2026-08-14,733.4099731445312,731.0700073242188,731.0700073242188
2026-08-17,732.9500122070312,729.8699951171875,729.8699951171875
2026-08-18,720.2100219726562,717.510009765625,717.510009765625
2026-08-19,720.3900146484375,716.0800170898438,716.0800170898438
2026-08-20,712.0900268554688,710.9299926757812,710.9299926757812
2026-08-21,715.22998046875,713.4400024414062,713.4400024414062
2026-08-24,709.6599731445312,706.3200073242188,706.3200073242188
2026-08-25,711.219970703125,710.719970703125,710.719970703125
2026-08-26,708.4099731445312,711.3699951171875,711.3699951171875
2026-08-27,716.9299926757812,721.1099853515625,721.1099853515625
2026-08-28,719.739990234375,716.4299926757812,716.4299926757812
2026-08-31,715.1699829101562,716.760009765625,716.760009765625
2026-09-01,707.3900146484375,707.6400146484375,707.6400146484375
2026-09-02,707.0999755859375,709.239990234375,709.239990234375
2026-09-03,710.8499755859375,717.6699829101562,717.6699829101562
2026-09-04,719.3499755859375,718.9600219726562,718.9600219726562
