Date,Open,Close,AdjClose
1993-01-29,43.96875,43.9375,24.11325454711914
1993-02-01,43.96875,44.25,24.284761428833008
1993-02-02,44.21875,44.34375,24.33620262145996
1993-02-03,44.40625,44.8125,24.59346580505371
1993-02-04,44.96875,45.0,24.696374893188477
1993-02-05,44.96875,44.96875,24.679227828979492
1993-02-08,44.96875,44.96875,24.679227828979492
1993-02-09,44.8125,44.65625,24.507701873779297
1993-02-10,44.65625,44.71875,24.542022705078125
1993-02-11,44.78125,44.9375,24.662067413330078
1993-02-12,44.875,44.59375,24.473407745361328
1993-02-16,44.46875,43.46875,23.855998992919922
1993-02-17,43.46875,43.4375,23.83885383605957
1993-02-18,43.9375,43.40625,23.821701049804688
1993-02-19,43.40625,43.5625,23.907453536987305
1993-02-22,43.6875,43.71875,23.99321937561035
1993-02-23,43.84375,43.6875,23.976049423217773
1993-02-24,43.71875,44.25,24.284761428833008
1993-02-25,44.21875,44.34375,24.33620262145996
1993-02-26,44.4375,44.40625,24.370512008666992
1993-03-01,44.5625,44.28125,24.30191421508789
1993-03-02,44.3125,44.9375,24.662067413330078
1993-03-03,45.0,45.125,24.76497459411621
1993-03-04,45.1875,44.875,24.627771377563477
1993-03-05,44.9375,44.75,24.559171676635742
1993-03-08,44.84375,45.75,25.107967376708984
1993-03-09,45.65625,45.59375,25.022205352783203
1993-03-10,45.59375,45.6875,25.073671340942383
1993-03-11,45.71875,45.5625,25.005075454711914
1993-03-12,45.1875,45.09375,24.7478084564209
1993-03-15,45.0625,45.3125,24.86787223815918
1993-03-16,45.3125,45.3125,24.86787223815918
1993-03-17,45.25,45.03125,24.713516235351562
1993-03-18,45.21875,45.3125,24.86787223815918
1993-03-19,45.28125,45.03125,24.83024024963379
1993-03-22,44.59375,44.78125,24.692386627197266
1993-03-23,44.90625,44.875,24.744077682495117
1993-03-24,44.8125,44.875,24.744077682495117
1993-03-25,44.90625,45.15625,24.89915657043457
1993-03-26,45.125,44.90625,24.76131820678711
1993-03-29,44.9375,45.09375,24.86468505859375
1993-03-30,45.15625,45.21875,24.933626174926758
1993-03-31,45.34375,45.1875,24.9163875579834
1993-04-01,45.25,45.03125,24.83024024963379
1993-04-02,44.65625,44.09375,24.313312530517578
1993-04-05,44.4375,44.3125,24.433921813964844
1993-04-06,44.40625,44.1875,24.364994049072266
1993-04-07,44.25,44.34375,24.45114517211914
1993-04-08,44.53125,44.28125,24.41668128967285
1993-04-12,44.71875,44.90625,24.76131820678711
1993-04-13,44.875,45.0,24.813007354736328
1993-04-14,45.03125,44.9375,24.778541564941406
1993-04-15,44.90625,44.9375,24.778541564941406
1993-04-16,44.96875,44.9375,24.778541564941406
1993-04-19,44.9375,44.75,24.675159454345703
1993-04-20,44.6875,44.53125,24.554553985595703
1993-04-21,44.625,44.5,24.537307739257812
1993-04-22,44.3125,43.9375,24.227142333984375
1993-04-23,43.84375,43.75,24.123760223388672
1993-04-26,43.78125,43.40625,23.934202194213867
1993-04-27,43.34375,43.875,24.192684173583984
1993-04-28,43.8125,43.78125,24.14099884033203
1993-04-29,43.875,43.96875,24.244380950927734
1993-04-30,44.125,44.03125,24.278837203979492
1993-05-03,44.09375,44.3125,24.433921813964844
1993-05-04,44.40625,44.46875,24.52008056640625
1993-05-05,44.46875,44.59375,24.588998794555664
1993-05-06,44.53125,44.4375,24.502838134765625
1993-05-07,44.46875,44.34375,24.45114517211914
1993-05-10,44.40625,44.4375,24.502838134765625
1993-05-11,44.4375,44.625,24.60622787475586
1993-05-12,44.4375,44.5625,24.571773529052734
1993-05-13,44.375,44.03125,24.278837203979492
1993-05-14,44.03125,44.0,24.2616024017334
1993-05-17,44.125,44.15625,24.347761154174805
1993-05-18,44.1875,44.125,24.330530166625977
1993-05-19,44.125,45.03125,24.83024024963379
1993-05-20,45.03125,45.15625,24.89915657043457
1993-05-21,45.1875,44.75,24.675159454345703
1993-05-24,44.84375,44.9375,24.778541564941406
1993-05-25,45.125,45.03125,24.83024024963379
1993-05-26,45.15625,45.59375,25.140384674072266
1993-05-27,45.65625,45.4375,25.054243087768555
1993-05-28,45.40625,45.21875,24.933626174926758
1993-06-01,45.375,45.65625,25.17486572265625
1993-06-02,45.53125,45.59375,25.140384674072266
1993-06-03,45.5,45.4375,25.054243087768555
1993-06-04,45.3125,45.28125,24.968090057373047
1993-06-07,45.375,45.125,24.881929397583008
1993-06-08,45.0,44.71875,24.657926559448242
1993-06-09,44.875,44.875,24.744077682495117
1993-06-10,44.84375,44.90625,24.76131820678711
1993-06-11,45.0625,45.09375,24.86468505859375
1993-06-14,45.15625,45.03125,24.83024024963379
1993-06-15,45.09375,44.9375,24.778541564941406
1993-06-16,44.9375,45.03125,24.83024024963379
1993-06-17,45.125,45.1875,24.9163875579834
1993-06-18,44.84375,44.5,24.711204528808594
1993-06-21,44.625,44.59375,24.763269424438477
1993-06-22,44.65625,44.625,24.78061866760254
1993-06-23,44.625,44.21875,24.555017471313477
1993-06-24,44.34375,44.8125,24.884742736816406
1993-06-25,44.78125,44.78125,24.867389678955078
1993-06-28,45.0,45.28125,25.14504623413086
1993-06-29,45.21875,45.0625,25.023574829101562
1993-06-30,45.125,45.0625,25.023574829101562
1993-07-01,45.125,44.9375,24.954153060913086
1993-07-02,44.78125,44.6875,24.815332412719727
1993-07-06,44.625,44.21875,24.555017471313477
1993-07-07,44.1875,44.34375,24.624439239501953
1993-07-08,44.375,44.84375,24.90209197998047
1993-07-09,44.84375,44.96875,24.971511840820312
1993-07-12,44.90625,44.9375,24.954153060913086
1993-07-13,44.96875,44.90625,24.936809539794922
1993-07-14,44.9375,45.0625,25.023574829101562
1993-07-15,45.03125,44.875,24.9194393157959
1993-07-16,44.90625,44.75,24.850034713745117
1993-07-19,44.75,44.71875,24.832685470581055
1993-07-20,44.6875,44.84375,24.90209197998047
1993-07-21,44.78125,44.8125,24.884742736816406
1993-07-22,44.75,44.5,24.711204528808594
1993-07-23,44.59375,44.71875,24.832685470581055
1993-07-26,44.84375,44.96875,24.971511840820312
1993-07-27,45.0,44.9375,24.954153060913086
1993-07-28,44.84375,44.84375,24.90209197998047
1993-07-29,44.9375,45.09375,25.040910720825195
1993-07-30,45.09375,44.84375,24.90209197998047
1993-08-02,44.90625,44.96875,24.971511840820312
1993-08-03,45.0625,45.0,24.988862991333008
1993-08-04,45.0,45.0,24.988862991333008
1993-08-05,45.0,44.90625,24.936809539794922
1993-08-06,45.03125,44.96875,24.971511840820312
1993-08-09,45.09375,45.21875,25.110334396362305
1993-08-10,45.1875,45.1875,25.09297752380371
1993-08-11,45.15625,45.1875,25.09297752380371
1993-08-12,45.3125,45.0625,25.023574829101562
1993-08-13,45.09375,45.125,25.058273315429688
1993-08-16,45.15625,45.375,25.197105407714844
1993-08-17,45.34375,45.53125,25.28386878967285
1993-08-18,45.6875,45.78125,25.422706604003906
1993-08-19,45.8125,45.78125,25.422706604003906
1993-08-20,45.6875,45.8125,25.440046310424805
1993-08-23,45.625,45.71875,25.388002395629883
1993-08-24,45.71875,46.21875,25.665630340576172
1993-08-25,46.21875,46.25,25.68299102783203
1993-08-26,46.28125,46.28125,25.700355529785156
1993-08-27,46.15625,46.25,25.68299102783203
1993-08-30,46.28125,46.4375,25.78712272644043
1993-08-31,46.40625,46.5625,25.85653305053711
1993-09-01,46.40625,46.5,25.82182502746582
1993-09-02,46.53125,46.34375,25.735057830810547
1993-09-03,46.3125,46.375,25.752412796020508
1993-09-07,46.375,46.0625,25.578861236572266
1993-09-08,46.0625,45.90625,25.49210548400879
1993-09-09,45.71875,46.0,25.544157028198242
1993-09-10,46.125,46.40625,25.769765853881836
1993-09-13,46.5625,46.4375,25.78712272644043
1993-09-14,46.3125,46.25,25.68299102783203
1993-09-15,46.0625,46.375,25.752412796020508
1993-09-16,46.3125,46.1875,25.648283004760742
1993-09-17,45.875,45.8125,25.598548889160156
1993-09-20,45.875,45.4375,25.389013290405273
1993-09-21,45.5,45.28125,25.301715850830078
1993-09-22,45.4375,45.65625,25.511259078979492
1993-09-23,45.78125,45.90625,25.65095329284668
1993-09-24,45.84375,45.78125,25.581113815307617
1993-09-27,46.125,46.28125,25.860469818115234
1993-09-28,46.3125,46.1875,25.808094024658203
1993-09-29,46.1875,46.03125,25.720796585083008
1993-09-30,46.03125,45.9375,25.66840934753418
1993-10-01,45.875,46.15625,25.7906436920166
1993-10-04,46.21875,46.21875,25.825557708740234
1993-10-05,46.3125,46.15625,25.7906436920166
1993-10-06,46.1875,46.125,25.773170471191406
1993-10-07,46.1875,46.0,25.70331573486328
1993-10-08,46.125,46.0625,25.73824119567871
1993-10-11,46.15625,46.15625,25.7906436920166
1993-10-12,46.21875,46.21875,25.825557708740234
1993-10-13,46.25,46.21875,25.825557708740234
1993-10-14,46.40625,46.8125,26.157333374023438
1993-10-15,47.03125,47.0625,26.297019958496094
1993-10-18,47.03125,46.9375,26.227176666259766
1993-10-19,46.875,46.59375,26.03510284423828
1993-10-20,46.75,46.65625,26.070011138916016
1993-10-21,46.6875,46.59375,26.03510284423828
1993-10-22,46.65625,46.375,25.912870407104492
1993-10-25,46.40625,46.5,25.98270606994629
1993-10-26,46.46875,46.46875,25.96525764465332
1993-10-27,46.40625,46.5,25.98270606994629
1993-10-28,46.5625,46.84375,26.174779891967773
1993-10-29,46.8125,46.84375,26.174779891967773
1993-11-01,46.78125,46.96875,26.2446346282959
1993-11-02,46.90625,46.9375,26.227176666259766
1993-11-03,46.90625,46.34375,25.895404815673828
1993-11-04,46.34375,45.84375,25.616018295288086
1993-11-05,45.71875,46.0625,25.73824119567871
1993-11-08,46.09375,46.125,25.773170471191406
1993-11-09,46.4375,46.15625,25.7906436920166
1993-11-10,46.15625,46.5,25.98270606994629
1993-11-11,46.5,46.375,25.912870407104492
1993-11-12,46.46875,46.59375,26.03510284423828
1993-11-15,46.6875,46.5625,26.01763343811035
1993-11-16,46.65625,46.78125,26.139881134033203
1993-11-17,46.8125,46.53125,26.000173568725586
1993-11-18,46.46875,46.40625,25.93034553527832
1993-11-19,46.25,46.3125,25.877927780151367
1993-11-22,46.1875,46.03125,25.720796585083008
1993-11-23,46.28125,46.28125,25.860469818115234
1993-11-24,46.40625,46.46875,25.96525764465332
1993-11-26,46.59375,46.5,25.98270606994629
1993-11-29,46.625,46.3125,25.877927780151367
1993-11-30,46.28125,46.34375,25.895404815673828
1993-12-01,46.59375,46.40625,25.93034553527832
1993-12-02,46.5,46.53125,26.000173568725586
1993-12-03,46.5,46.71875,26.10493278503418
1993-12-06,46.78125,46.875,26.192256927490234
1993-12-07,46.875,46.84375,26.174779891967773
1993-12-08,46.84375,46.84375,26.174779891967773
1993-12-09,46.84375,46.6875,26.087478637695312
1993-12-10,46.71875,46.59375,26.03510284423828
1993-12-13,46.59375,46.875,26.192256927490234
1993-12-14,46.90625,46.53125,26.000173568725586
1993-12-15,46.59375,46.46875,25.96525764465332
1993-12-16,46.65625,46.625,26.05255889892578
1993-12-17,46.40625,46.5625,26.195743560791016
1993-12-20,46.53125,46.625,26.23090171813965
1993-12-21,46.5625,46.46875,26.14299201965332
1993-12-22,46.59375,46.78125,26.318811416625977
1993-12-23,46.75,46.75,26.30124282836914
1993-12-27,46.75,47.0,26.441877365112305
1993-12-28,46.96875,47.09375,26.494609832763672
1993-12-29,47.125,47.03125,26.459457397460938
1993-12-30,47.0,46.84375,26.353967666625977
1993-12-31,46.9375,46.59375,26.213340759277344
1994-01-03,46.59375,46.46875,26.14299201965332
1994-01-04,46.53125,46.65625,26.248476028442383
1994-01-05,46.71875,46.75,26.30124282836914
1994-01-06,46.8125,46.75,26.30124282836914
1994-01-07,46.84375,47.03125,26.459457397460938
1994-01-10,47.09375,47.59375,26.775917053222656
1994-01-11,47.5625,47.5,26.723180770874023
1994-01-12,47.53125,47.34375,26.63527488708496
1994-01-13,47.21875,47.21875,26.564958572387695
1994-01-14,47.375,47.40625,26.67043113708496
1994-01-17,47.40625,47.40625,26.67043113708496
1994-01-18,47.46875,47.46875,26.70560646057129
1994-01-19,47.40625,47.34375,26.63527488708496
1994-01-20,47.40625,47.46875,26.70560646057129
1994-01-21,47.53125,47.375,26.652849197387695
1994-01-24,47.34375,47.1875,26.54736328125
1994-01-25,47.21875,47.1875,26.54736328125
1994-01-26,47.1875,47.3125,26.617691040039062
1994-01-27,47.40625,47.75,26.863832473754883
1994-01-28,47.9375,47.875,26.934154510498047
1994-01-31,48.0625,48.21875,27.127527236938477
1994-02-01,48.15625,47.96875,26.986881256103516
1994-02-02,48.125,48.28125,27.162704467773438
1994-02-03,48.1875,48.0625,27.039627075195312
1994-02-04,48.0625,46.96875,26.424283981323242
1994-02-07,46.84375,47.1875,26.54736328125
1994-02-08,47.28125,47.21875,26.564958572387695
1994-02-09,47.25,47.40625,26.67043113708496
1994-02-10,47.375,47.0,26.441877365112305
1994-02-11,47.03125,47.15625,26.529783248901367
1994-02-14,47.0625,47.21875,26.564958572387695
1994-02-15,47.3125,47.46875,26.70560646057129
1994-02-16,47.53125,47.4375,26.68801498413086
1994-02-17,47.65625,47.15625,26.529783248901367
1994-02-18,47.1875,46.875,26.37154769897461
1994-02-22,47.0,47.34375,26.63527488708496
1994-02-23,47.40625,47.21875,26.564958572387695
1994-02-24,47.0625,46.59375,26.213340759277344
1994-02-25,46.65625,46.8125,26.33639144897461
1994-02-28,46.9375,46.8125,26.33639144897461
1994-03-01,46.8125,46.625,26.23090171813965
1994-03-02,46.03125,46.6875,26.26605987548828
1994-03-03,46.625,46.5625,26.195743560791016
1994-03-04,46.5625,46.6875,26.26605987548828
1994-03-07,46.84375,46.9375,26.406705856323242
1994-03-08,46.96875,46.75,26.30124282836914
1994-03-09,46.8125,46.96875,26.424283981323242
1994-03-10,46.9375,46.59375,26.213340759277344
1994-03-11,46.65625,46.84375,26.353967666625977
1994-03-14,47.03125,46.90625,26.38913345336914
1994-03-15,47.0,46.875,26.37154769897461
1994-03-16,46.9375,47.25,26.582521438598633
1994-03-17,47.09375,47.25,26.582521438598633
1994-03-18,46.75,46.96875,26.57672691345215
1994-03-21,46.8125,46.84375,26.50598907470703
1994-03-22,46.84375,46.96875,26.57672691345215
1994-03-23,46.9375,46.9375,26.55904197692871
1994-03-24,46.75,46.375,26.240755081176758
1994-03-25,46.40625,45.9375,25.993207931518555
1994-03-28,46.0,46.0,26.0285587310791
1994-03-29,46.0,45.09375,25.51577377319336
1994-03-30,45.125,44.46875,25.162132263183594
1994-03-31,44.46875,44.59375,25.232852935791016
1994-04-04,43.34375,43.90625,24.843839645385742
1994-04-05,44.34375,44.8125,25.356613159179688
1994-04-06,44.875,44.8125,25.356613159179688
1994-04-07,44.78125,45.03125,25.48041534423828
1994-04-08,44.9375,44.6875,25.285903930664062
1994-04-11,44.8125,44.875,25.39199447631836
1994-04-12,44.921875,44.8125,25.356613159179688
1994-04-13,44.796875,44.578125,25.22400665283203
1994-04-14,44.5,44.59375,25.232852935791016
1994-04-15,44.578125,44.59375,25.232852935791016
1994-04-18,44.640625,44.296875,25.064884185791016
1994-04-19,44.25,44.359375,25.100236892700195
1994-04-20,44.40625,44.3125,25.073699951171875
1994-04-21,44.5,44.90625,25.409696578979492
1994-04-22,45.015625,44.859375,25.383142471313477
1994-04-25,44.84375,45.328125,25.648393630981445
1994-04-26,45.265625,45.28125,25.621875762939453
1994-04-28,45.1875,44.953125,25.43621063232422
1994-04-29,44.875,45.09375,25.51577377319336
1994-05-02,45.09375,45.375,25.674917221069336
1994-05-03,45.390625,45.328125,25.648393630981445
1994-05-04,45.421875,45.25,25.60419464111328
1994-05-05,45.296875,45.1875,25.568815231323242
1994-05-06,44.96875,44.75,25.32127571105957
1994-05-09,44.625,44.359375,25.100236892700195
1994-05-10,44.578125,44.703125,25.294742584228516
1994-05-11,44.65625,44.296875,25.064884185791016
1994-05-12,44.578125,44.515625,25.188648223876953
1994-05-13,44.640625,44.515625,25.188648223876953
1994-05-16,44.609375,44.53125,25.19749641418457
1994-05-17,44.5625,45.1875,25.568815231323242
1994-05-18,45.21875,45.515625,25.75448989868164
1994-05-19,45.421875,45.734375,25.878271102905273
1994-05-20,45.65625,45.5625,25.781017303466797
1994-05-23,45.515625,45.484375,25.7368106842041
1994-05-24,45.609375,45.671875,25.842920303344727
1994-05-25,45.5,45.796875,25.913631439208984
1994-05-26,45.78125,45.828125,25.93130874633789
1994-05-27,45.75,45.875,25.957836151123047
1994-05-31,45.734375,45.8125,25.922468185424805
1994-06-01,45.703125,46.015625,26.037418365478516
1994-06-02,46.046875,45.96875,26.010887145996094
1994-06-03,46.0,46.234375,26.16118049621582
1994-06-06,46.328125,46.21875,26.152307510375977
1994-06-07,46.140625,46.15625,26.11698341369629
1994-06-08,46.265625,45.78125,25.904796600341797
1994-06-09,45.984375,46.03125,26.04624366760254
1994-06-10,46.078125,46.109375,26.090452194213867
1994-06-13,46.046875,46.171875,26.12580680847168
1994-06-14,46.3125,46.53125,26.32916259765625
1994-06-15,46.546875,46.34375,26.223072052001953
1994-06-16,46.34375,46.4375,26.27611541748047
1994-06-17,46.15625,45.875,26.12944984436035
1994-06-20,45.546875,45.484375,25.906953811645508
1994-06-21,45.453125,45.09375,25.68446922302246
1994-06-22,45.21875,45.265625,25.782363891601562
1994-06-23,45.34375,45.0,25.631061553955078
1994-06-24,44.78125,44.0625,25.09708595275879
1994-06-27,44.234375,44.828125,25.533178329467773
1994-06-28,44.84375,44.609375,25.408578872680664
1994-06-29,44.671875,44.75,25.48868179321289
1994-06-30,44.828125,44.46875,25.3284854888916
1994-07-01,44.6875,44.5625,25.381879806518555
1994-07-05,44.65625,44.796875,25.5153751373291
1994-07-06,44.625,44.734375,25.479780197143555
1994-07-07,44.734375,44.921875,25.586566925048828
1994-07-08,44.640625,44.90625,25.577686309814453
1994-07-11,44.9375,44.75,25.48868179321289
1994-07-12,44.765625,44.8125,25.52426528930664
1994-07-13,44.828125,44.890625,25.56877899169922
1994-07-14,45.109375,45.375,25.844667434692383
1994-07-15,45.34375,45.390625,25.853565216064453
1994-07-18,45.390625,45.46875,25.898061752319336
1994-07-19,45.546875,45.375,25.844667434692383
1994-07-20,45.40625,45.171875,25.728965759277344
1994-07-21,45.171875,45.265625,25.782363891601562
1994-07-22,45.375,45.34375,25.82686424255371
1994-07-25,45.359375,45.40625,25.86245346069336
1994-07-26,45.390625,45.359375,25.835758209228516
1994-07-27,45.359375,45.359375,25.835758209228516
1994-07-28,45.359375,45.453125,25.889144897460938
1994-07-29,45.765625,45.90625,26.147249221801758
1994-08-01,45.9375,46.125,26.27184295654297
1994-08-02,46.28125,46.1875,26.307443618774414
1994-08-03,46.171875,46.203125,26.31633949279785
1994-08-04,46.171875,45.9375,26.165056228637695
1994-08-05,45.703125,45.78125,26.076059341430664
1994-08-08,45.828125,45.890625,26.138362884521484
1994-08-09,45.71875,45.96875,26.18285369873047
1994-08-10,46.0,46.140625,26.280746459960938
1994-08-11,46.03125,45.96875,26.18285369873047
1994-08-12,46.046875,46.328125,26.387529373168945
1994-08-15,46.375,46.3125,26.378644943237305
1994-08-16,46.34375,46.640625,26.565521240234375
1994-08-17,46.703125,46.609375,26.547739028930664
1994-08-18,46.453125,46.453125,26.4587459564209
1994-08-19,46.46875,46.421875,26.44095230102539
1994-08-22,46.4375,46.375,26.414241790771484
1994-08-23,46.578125,46.640625,26.565521240234375
1994-08-24,46.6875,47.140625,26.850339889526367
1994-08-25,47.09375,47.015625,26.779129028320312
1994-08-26,47.125,47.6875,27.161813735961914
1994-08-29,47.8125,47.65625,27.144006729125977
1994-08-30,47.640625,47.78125,27.2152099609375
1994-08-31,47.703125,47.65625,27.144006729125977
1994-09-01,47.5,47.5,27.05502700805664
1994-09-02,47.71875,47.296875,26.9393310546875
1994-09-06,47.265625,47.3125,26.94821548461914
1994-09-07,47.421875,47.265625,26.921527862548828
1994-09-08,47.359375,47.5,27.05502700805664
1994-09-09,47.03125,47.0,26.770235061645508
1994-09-12,47.0,46.859375,26.69013023376465
1994-09-13,46.953125,47.0,26.770235061645508
1994-09-14,46.84375,47.046875,26.79692268371582
1994-09-15,47.171875,47.640625,27.135114669799805
1994-09-16,47.0,47.015625,26.942005157470703
1994-09-19,47.125,47.0625,26.968852996826172
1994-09-20,46.8125,46.171875,26.458492279052734
1994-09-21,46.3125,46.171875,26.458492279052734
1994-09-22,46.28125,46.0625,26.39582633972168
1994-09-23,46.078125,45.90625,26.30628204345703
1994-09-26,46.078125,46.140625,26.440582275390625
1994-09-27,46.140625,46.109375,26.422687530517578
1994-09-28,46.359375,46.46875,26.628616333007812
1994-09-29,46.46875,46.234375,26.494314193725586
1994-09-30,46.21875,46.171875,26.458492279052734
1994-10-03,46.203125,46.0625,26.39582633972168
1994-10-04,46.296875,45.375,26.00185775756836
1994-10-05,45.296875,45.390625,26.010818481445312
1994-10-06,45.421875,45.25,25.930238723754883
1994-10-07,45.25,45.453125,26.046621322631836
1994-10-10,45.65625,45.9375,26.32418441772461
1994-10-11,46.140625,46.625,26.718156814575195
1994-10-12,46.6875,46.6875,26.75398063659668
1994-10-13,47.21875,46.84375,26.8435115814209
1994-10-14,47.0,47.046875,26.959915161132812
1994-10-17,47.0,46.953125,26.906190872192383
1994-10-18,46.90625,46.84375,26.8435115814209
1994-10-19,46.671875,47.0625,26.968852996826172
1994-10-20,47.0625,46.75,26.78978729248047
1994-10-21,46.625,46.5625,26.682331085205078
1994-10-24,46.578125,46.171875,26.458492279052734
1994-10-25,46.015625,46.21875,26.48534393310547
1994-10-26,46.390625,46.390625,26.583839416503906
1994-10-27,46.5625,46.671875,26.745006561279297
1994-10-28,46.765625,47.65625,27.309114456176758
1994-10-31,47.546875,47.484375,27.210613250732422
1994-11-01,47.28125,46.953125,26.906190872192383
1994-11-02,46.8125,46.6875,26.75398063659668
1994-11-03,46.84375,46.9375,26.897232055664062
1994-11-04,47.15625,46.328125,26.54803466796875
1994-11-07,46.4375,46.46875,26.628616333007812
1994-11-08,46.625,46.828125,26.834552764892578
1994-11-09,47.328125,46.90625,26.879314422607422
1994-11-10,46.9375,46.578125,26.6912784576416
1994-11-11,46.515625,46.40625,26.592798233032227
1994-11-14,46.609375,46.84375,26.8435115814209
1994-11-15,46.796875,46.6875,26.75398063659668
1994-11-16,46.765625,46.84375,26.8435115814209
1994-11-17,46.875,46.53125,26.66444206237793
1994-11-18,46.546875,46.46875,26.628616333007812
1994-11-21,46.4375,46.0,26.36000633239746
1994-11-22,45.828125,45.0,25.786954879760742
1994-11-23,45.03125,45.25,25.930238723754883
1994-11-25,45.28125,45.46875,26.055570602416992
1994-11-28,45.453125,45.671875,26.171987533569336
1994-11-29,45.65625,45.65625,26.163009643554688
1994-11-30,45.890625,45.59375,26.127206802368164
1994-12-01,45.640625,45.140625,25.86754035949707
1994-12-02,45.046875,45.5625,26.109294891357422
1994-12-05,45.65625,45.609375,26.13614845275879
1994-12-06,45.4375,45.640625,26.154067993164062
1994-12-07,45.359375,45.3125,25.966033935546875
1994-12-08,45.5,44.875,25.71532440185547
1994-12-09,44.875,45.046875,25.813827514648438
1994-12-12,44.953125,45.34375,25.983951568603516
1994-12-13,45.3125,45.515625,26.082426071166992
1994-12-14,45.453125,45.75,26.21673583984375
1994-12-15,45.8125,45.890625,26.297344207763672
1994-12-16,45.671875,45.75,26.425777435302734
1994-12-19,45.75,45.8125,26.461872100830078
1994-12-20,45.859375,45.671875,26.380664825439453
1994-12-21,45.703125,46.15625,26.660438537597656
1994-12-22,46.15625,46.015625,26.579204559326172
1994-12-23,45.984375,46.0625,26.60628890991211
1994-12-27,46.21875,46.3125,26.750686645507812
1994-12-28,46.359375,46.078125,26.615320205688477
1994-12-29,46.25,46.109375,26.63334846496582
1994-12-30,46.203125,45.5625,26.317468643188477
1995-01-03,45.703125,45.78125,26.4438533782959
1995-01-04,45.984375,46.0,26.570178985595703
1995-01-05,46.03125,46.0,26.570178985595703
1995-01-06,46.09375,46.046875,26.597248077392578
1995-01-09,46.03125,46.09375,26.62433624267578
1995-01-10,46.203125,46.140625,26.65139389038086
1995-01-11,46.296875,46.171875,26.66945457458496
1995-01-12,46.125,46.1875,26.678470611572266
1995-01-13,46.4375,46.734375,26.994367599487305
1995-01-16,46.71875,47.015625,27.156824111938477
1995-01-17,46.921875,47.03125,27.165855407714844
1995-01-18,47.0,46.984375,27.13876724243164
1995-01-19,46.828125,46.71875,26.985342025756836
1995-01-20,46.65625,46.546875,26.88607406616211
1995-01-23,46.234375,46.6875,26.96729278564453
1995-01-24,46.671875,46.75,27.003398895263672
1995-01-25,46.515625,46.875,27.075593948364258
1995-01-26,46.84375,46.921875,27.1026668548584
1995-01-27,47.234375,47.109375,27.210962295532227
1995-01-30,47.015625,46.90625,27.093624114990234
1995-01-31,47.0,47.09375,27.201950073242188
1995-02-01,47.15625,47.078125,27.19291114807129
1995-02-02,47.0625,47.359375,27.355358123779297
1995-02-03,47.65625,48.03125,27.74346160888672
1995-02-06,48.015625,48.234375,27.86077880859375
1995-02-07,48.3125,48.296875,27.896865844726562
1995-02-08,48.234375,48.296875,27.896865844726562
1995-02-09,48.21875,48.296875,27.896865844726562
1995-02-10,48.234375,48.359375,27.932981491088867
1995-02-13,48.328125,48.375,27.941993713378906
1995-02-14,48.53125,48.4375,27.978118896484375
1995-02-15,48.4375,48.703125,28.131532669067383
1995-02-16,48.640625,48.640625,28.095447540283203
1995-02-17,48.59375,48.453125,27.987140655517578
1995-02-21,48.453125,48.4375,27.978118896484375
1995-02-22,48.484375,48.796875,28.185691833496094
1995-02-23,48.984375,48.875,28.230815887451172
1995-02-24,48.9375,49.0,28.303010940551758
1995-02-27,48.859375,48.609375,28.077390670776367
1995-02-28,48.5625,49.015625,28.312049865722656
1995-03-01,48.96875,48.703125,28.131532669067383
1995-03-02,48.6875,48.765625,28.167631149291992
1995-03-03,48.609375,48.78125,28.176654815673828
1995-03-06,48.453125,48.8125,28.1947078704834
1995-03-07,48.640625,48.4375,27.978118896484375
1995-03-08,48.515625,48.5625,28.05031394958496
1995-03-09,48.546875,48.546875,28.041284561157227
1995-03-10,48.59375,49.265625,28.456449508666992
1995-03-13,49.234375,49.21875,28.42937660217285
1995-03-14,49.359375,49.578125,28.636932373046875
1995-03-15,49.5,49.484375,28.582786560058594
1995-03-16,49.4375,49.78125,28.754257202148438
1995-03-17,49.4375,49.5625,28.782875061035156
1995-03-20,49.625,49.5625,28.782875061035156
1995-03-21,49.5625,49.4375,28.71028709411621
1995-03-22,49.53125,49.484375,28.737510681152344
1995-03-23,49.421875,49.515625,28.755666732788086
1995-03-24,49.671875,50.21875,29.163976669311523
1995-03-27,50.296875,50.421875,29.28194236755371
1995-03-28,50.296875,50.421875,29.28194236755371
1995-03-29,50.375,50.40625,29.272869110107422
1995-03-30,50.515625,50.3125,29.21843719482422
1995-03-31,49.921875,50.109375,29.100473403930664
1995-04-03,50.09375,50.234375,29.173072814941406
1995-04-04,50.25,50.5625,29.363611221313477
1995-04-05,50.453125,50.5625,29.363611221313477
1995-04-06,50.6875,50.75,29.47250747680664
1995-04-07,50.859375,50.703125,29.445280075073242
1995-04-10,50.625,50.796875,29.49972915649414
1995-04-11,50.921875,50.625,29.399913787841797
1995-04-12,50.703125,50.796875,29.49972915649414
1995-04-13,50.890625,51.078125,29.663066864013672
1995-04-17,51.265625,50.78125,29.490657806396484
1995-04-18,50.828125,50.609375,29.390830993652344
1995-04-19,50.609375,50.5625,29.363611221313477
1995-04-20,50.703125,50.640625,29.40899085998535
1995-04-21,50.65625,50.890625,29.554176330566406
1995-04-24,50.859375,51.484375,29.89898681640625
1995-04-25,51.40625,51.34375,29.81732940673828
1995-04-26,51.25,51.390625,29.84453773498535
1995-04-27,51.3125,51.515625,29.917131423950195
1995-04-28,51.5,51.59375,29.96248435974121
1995-05-01,51.546875,51.453125,29.88083267211914
1995-05-02,51.5,51.5625,29.944372177124023
1995-05-03,51.734375,52.28125,30.361766815185547
1995-05-04,52.34375,52.25,30.343605041503906
1995-05-05,52.46875,52.1875,30.307315826416016
1995-05-08,52.140625,52.5625,30.52508544921875
1995-05-09,52.78125,52.515625,30.497882843017578
1995-05-10,52.65625,52.578125,30.534164428710938
1995-05-11,52.65625,52.71875,30.6158390045166
1995-05-12,52.515625,52.75,30.63397979736328
1995-05-15,52.890625,53.0,30.779165267944336
1995-05-16,52.984375,53.03125,30.797311782836914
1995-05-17,53.03125,52.828125,30.679359436035156
1995-05-18,52.734375,52.0625,30.234716415405273
1995-05-19,51.984375,52.09375,30.252878189086914
1995-05-22,52.265625,52.671875,30.58861541748047
1995-05-23,52.765625,53.15625,30.86992073059082
1995-05-24,53.25,53.125,30.85175895690918
1995-05-25,52.96875,53.171875,30.878976821899414
1995-05-26,52.96875,52.5625,30.52508544921875
1995-05-30,52.6875,52.546875,30.516019821166992
1995-05-31,52.453125,53.640625,31.151214599609375
1995-06-01,53.40625,53.5,31.069551467895508
1995-06-02,53.28125,53.546875,31.09676742553711
1995-06-05,53.546875,53.875,31.28730583190918
1995-06-06,53.828125,53.78125,31.23286247253418
1995-06-07,53.671875,53.5,31.069551467895508
1995-06-08,53.484375,53.375,30.996938705444336
1995-06-09,53.265625,53.0625,30.815471649169922
1995-06-12,53.234375,53.359375,30.987876892089844
1995-06-13,53.609375,53.9375,31.323610305786133
1995-06-14,53.859375,53.890625,31.296401977539062
1995-06-15,53.96875,54.125,31.4324951171875
1995-06-16,53.703125,53.96875,31.52581787109375
1995-06-19,54.125,54.578125,31.88178825378418
1995-06-20,54.421875,54.4375,31.79962730407715
1995-06-21,54.609375,54.40625,31.781368255615234
1995-06-22,54.640625,55.125,32.20123291015625
1995-06-23,55.0,55.015625,32.13734436035156
1995-06-26,54.859375,54.359375,31.75398826599121
1995-06-27,54.34375,54.25,31.690105438232422
1995-06-28,54.25,54.53125,31.854400634765625
1995-06-29,54.53125,54.4375,31.79962730407715
1995-06-30,54.546875,54.40625,31.781368255615234
1995-07-03,54.46875,54.609375,31.90003776550293
1995-07-05,54.765625,54.8125,32.0186882019043
1995-07-06,54.828125,55.515625,32.42942810058594
1995-07-07,55.40625,55.765625,32.57545471191406
1995-07-10,55.8125,55.796875,32.59370803833008
1995-07-11,55.75,55.53125,32.438533782958984
1995-07-12,55.640625,56.21875,32.84014892578125
1995-07-13,56.140625,56.09375,32.76711654663086
1995-07-14,55.796875,56.046875,32.73975372314453
1995-07-17,56.125,56.359375,32.92230224609375
1995-07-18,56.265625,55.875,32.63935089111328
1995-07-19,55.65625,55.265625,32.28339385986328
1995-07-20,55.328125,55.46875,32.402034759521484
1995-07-21,55.421875,55.40625,32.365516662597656
1995-07-24,55.484375,55.8125,32.602840423583984
1995-07-25,55.875,56.234375,32.84927749633789
1995-07-26,56.203125,56.1875,32.8218994140625
1995-07-27,56.453125,56.65625,33.0957145690918
1995-07-28,56.703125,56.296875,32.88578796386719
1995-07-31,56.34375,56.15625,32.803653717041016
1995-08-01,56.234375,56.0625,32.748863220214844
1995-08-02,56.390625,55.9375,32.67586135864258
1995-08-03,55.546875,55.921875,32.66672897338867
1995-08-04,56.03125,55.984375,32.703243255615234
1995-08-07,56.109375,56.109375,32.7762565612793
1995-08-08,56.140625,56.109375,32.7762565612793
1995-08-09,56.296875,56.09375,32.76711654663086
1995-08-10,56.15625,55.96875,32.69411849975586
1995-08-11,55.921875,55.65625,32.51155471801758
1995-08-14,55.796875,56.15625,32.803653717041016
1995-08-15,56.140625,56.046875,32.73975372314453
1995-08-16,56.0,56.203125,32.83101272583008
1995-08-17,56.234375,56.109375,32.7762565612793
1995-08-18,56.390625,56.171875,32.81278991699219
1995-08-21,56.40625,56.015625,32.72150421142578
1995-08-22,56.09375,56.125,32.78538131713867
1995-08-23,56.171875,55.921875,32.66672897338867
1995-08-24,55.9375,55.984375,32.703243255615234
1995-08-25,56.078125,56.296875,32.88578796386719
1995-08-28,56.453125,56.09375,32.76711654663086
1995-08-29,56.15625,56.234375,32.84927749633789
1995-08-30,56.28125,56.359375,32.92230224609375
1995-08-31,56.34375,56.40625,32.94968795776367
1995-09-01,56.390625,56.65625,33.0957145690918
1995-09-05,56.828125,57.1875,33.40603256225586
1995-09-06,57.234375,57.296875,33.46992874145508
1995-09-07,57.359375,57.328125,33.48817825317383
1995-09-08,57.546875,57.546875,33.61598205566406
1995-09-11,57.640625,57.703125,33.707252502441406
1995-09-12,57.71875,57.96875,33.8624267578125
1995-09-13,57.90625,58.234375,34.017574310302734
1995-09-14,58.4375,58.765625,34.327919006347656
1995-09-15,58.40625,58.4375,34.31843185424805
1995-09-18,58.234375,58.21875,34.18997573852539
1995-09-19,58.328125,58.5,34.355133056640625
1995-09-20,58.59375,58.78125,34.52030563354492
1995-09-21,58.703125,58.296875,34.23585891723633
1995-09-22,57.828125,58.3125,34.24502182006836
1995-09-25,58.375,58.21875,34.18997573852539
1995-09-26,58.390625,58.203125,34.180816650390625
1995-09-27,57.953125,58.15625,34.15327835083008
1995-09-28,58.203125,58.59375,34.410194396972656
1995-09-29,58.546875,58.484375,34.34597396850586
1995-10-02,58.484375,58.1875,34.171630859375
1995-10-03,58.1875,58.25,34.20832824707031
1995-10-04,58.28125,58.1875,34.171630859375
1995-10-05,58.25,58.359375,34.27257537841797
1995-10-06,58.390625,58.40625,34.30009078979492
1995-10-09,58.1875,57.921875,34.01561737060547
1995-10-10,57.328125,57.890625,33.99726104736328
1995-10-11,58.09375,58.078125,34.10737991333008
1995-10-12,58.125,58.4375,34.31843185424805
1995-10-13,58.703125,58.625,34.42855453491211
1995-10-16,58.453125,58.34375,34.263362884521484
1995-10-17,58.40625,58.734375,34.49278259277344
1995-10-18,59.015625,58.90625,34.593692779541016
1995-10-19,58.875,59.1875,34.75888442993164
1995-10-20,59.140625,58.828125,34.547821044921875
1995-10-23,58.546875,58.703125,34.47443389892578
1995-10-24,58.78125,58.765625,34.511138916015625
1995-10-25,58.8125,58.28125,34.226688385009766
1995-10-26,58.375,57.75,33.914695739746094
1995-10-27,57.6875,58.1875,34.171630859375
1995-10-30,58.328125,58.5625,34.391841888427734
1995-10-31,58.71875,58.3125,34.24502182006836
1995-11-01,58.28125,58.78125,34.52030563354492
1995-11-02,58.6875,59.15625,34.74052047729492
1995-11-03,59.234375,59.234375,34.78641891479492
1995-11-06,59.21875,59.03125,34.66712188720703
1995-11-07,59.0,58.8125,34.53865432739258
1995-11-08,58.890625,59.34375,34.85064697265625
1995-11-09,59.578125,59.5625,34.979103088378906
1995-11-10,59.234375,59.53125,34.960777282714844
1995-11-13,59.421875,59.46875,34.92405319213867
1995-11-14,59.359375,59.078125,34.69466781616211
1995-11-15,59.140625,59.671875,35.04334259033203
1995-11-16,59.671875,60.0,35.236061096191406
1995-11-17,60.09375,60.1875,35.34615707397461
1995-11-20,60.28125,59.875,35.16263198852539
1995-11-21,59.9375,60.359375,35.44709014892578
1995-11-22,60.3125,60.171875,35.336978912353516
1995-11-24,60.234375,60.328125,35.428749084472656
1995-11-27,60.453125,60.34375,35.43791961669922
1995-11-28,60.296875,60.984375,35.814144134521484
1995-11-29,61.09375,61.046875,35.85084915161133
1995-11-30,61.046875,60.90625,35.76826477050781
1995-12-01,60.984375,60.984375,35.814144134521484
1995-12-04,61.125,61.734375,36.25458908081055
1995-12-05,61.671875,62.140625,36.49315643310547
1995-12-06,62.296875,62.28125,36.57575607299805
1995-12-07,62.203125,61.953125,36.38303756713867
1995-12-08,62.21875,62.15625,36.5023307800293
1995-12-11,62.28125,62.421875,36.6583366394043
1995-12-12,62.140625,62.234375,36.54822540283203
1995-12-13,62.3125,62.625,36.77761459350586
1995-12-14,62.6875,62.171875,36.511505126953125
1995-12-15,61.875,61.8125,36.52488327026367
1995-12-18,61.265625,60.625,35.82320022583008
1995-12-19,60.65625,61.265625,36.201725006103516
1995-12-20,61.453125,60.671875,35.85088348388672
1995-12-21,61.03125,60.984375,36.03554153442383
1995-12-22,61.3125,61.203125,36.164798736572266
1995-12-26,61.453125,61.5,36.34025192260742
1995-12-27,61.65625,61.46875,36.32177734375
1995-12-28,61.34375,61.40625,36.28483581542969
1995-12-29,61.46875,61.484375,36.330989837646484
1996-01-02,61.40625,62.140625,36.71876907348633
1996-01-03,62.34375,62.3125,36.82032775878906
1996-01-04,62.390625,61.71875,36.469478607177734
1996-01-05,61.3125,61.59375,36.3956184387207
1996-01-08,61.8125,61.828125,36.534122467041016
1996-01-09,62.015625,60.765625,35.90627670288086
1996-01-10,60.6875,59.96875,35.43540954589844
1996-01-11,60.0625,60.328125,35.64776611328125
1996-01-12,60.484375,60.234375,35.59238052368164
1996-01-15,60.25,60.109375,35.51850509643555
1996-01-16,60.40625,60.84375,35.95245361328125
1996-01-17,60.703125,60.65625,35.8416633605957
1996-01-18,60.890625,60.859375,35.96168899536133
1996-01-19,60.859375,61.265625,36.201725006103516
1996-01-22,61.21875,61.28125,36.21098709106445
1996-01-23,61.25,61.421875,36.2940788269043
1996-01-24,61.515625,61.921875,36.58952331542969
1996-01-25,61.96875,61.703125,36.46025848388672
1996-01-26,61.65625,62.234375,36.7741584777832
1996-01-29,62.1875,62.484375,36.92189025878906
1996-01-30,62.609375,63.015625,37.23583221435547
1996-01-31,63.0,63.671875,37.62358474731445
1996-02-01,63.609375,63.90625,37.76207733154297
1996-02-02,63.875,63.640625,37.60511779785156
1996-02-05,63.53125,64.15625,37.90980529785156
1996-02-06,64.1875,64.765625,38.26988220214844
1996-02-07,64.75,65.140625,38.49147033691406
1996-02-08,65.046875,65.84375,38.90693664550781
1996-02-09,65.8125,65.828125,38.8976936340332
1996-02-12,65.953125,66.328125,39.193138122558594
1996-02-13,66.046875,66.1875,39.11006164550781
1996-02-14,66.140625,65.609375,38.76845169067383
1996-02-15,65.46875,65.203125,38.52838897705078
1996-02-16,65.078125,64.9375,38.37144088745117
1996-02-20,64.4375,64.296875,37.9929084777832
1996-02-21,64.421875,65.09375,38.463775634765625
1996-02-22,65.453125,66.125,39.07313537597656
1996-02-23,66.5,65.9375,38.96232604980469
1996-02-26,65.75,65.0,38.40839767456055
1996-02-27,65.15625,64.796875,38.288352966308594
1996-02-28,65.3125,64.5,38.1129264831543
1996-02-29,64.125,63.875,37.74361801147461
1996-03-01,64.640625,64.890625,38.343746185302734
1996-03-04,65.03125,65.265625,38.56532669067383
1996-03-05,65.109375,65.875,38.92543029785156
1996-03-06,65.78125,65.296875,38.583797454833984
1996-03-07,65.421875,65.625,38.777679443359375
1996-03-08,64.1875,63.5,37.52204513549805
1996-03-11,63.25,64.234375,37.95595169067383
1996-03-12,63.8125,63.734375,37.6605339050293
1996-03-13,64.15625,64.171875,37.91902542114258
1996-03-14,64.265625,64.453125,38.08522033691406
1996-03-15,64.0625,64.125,38.059635162353516
1996-03-18,64.71875,65.359375,38.7922477722168
1996-03-19,65.9375,65.21875,38.70878601074219
1996-03-20,65.53125,65.140625,38.66244125366211
1996-03-21,65.21875,64.984375,38.569679260253906
1996-03-22,65.015625,65.15625,38.67169952392578
1996-03-25,65.75,65.03125,38.597496032714844
1996-03-26,64.921875,65.34375,38.782989501953125
1996-03-27,65.4375,64.75,38.430572509765625
1996-03-28,64.515625,65.0,38.57899475097656
1996-03-29,65.1875,64.6875,38.393497467041016
1996-04-01,65.0,65.4375,38.8386344909668
1996-04-02,65.515625,65.5625,38.91282653808594
1996-04-03,65.328125,65.5625,38.91282653808594
1996-04-04,65.5625,65.515625,38.88499450683594
1996-04-08,63.875,64.390625,38.21727752685547
1996-04-09,64.640625,64.140625,38.06890869140625
1996-04-10,64.03125,63.0,37.39191436767578
1996-04-11,63.15625,62.921875,37.34553909301758
1996-04-12,63.359375,63.71875,37.81851577758789
1996-04-15,64.046875,64.25,38.13380432128906
1996-04-16,64.375,64.4375,38.24510192871094
1996-04-17,64.375,64.28125,38.15237808227539
1996-04-18,64.4375,64.375,38.20801544189453
1996-04-19,64.6875,64.53125,38.30074691772461
1996-04-22,65.125,65.03125,38.597496032714844
1996-04-23,64.921875,65.234375,38.71807098388672
1996-04-24,65.5625,65.0,38.57899475097656
1996-04-25,65.140625,65.296875,38.75516128540039
1996-04-26,65.46875,65.4375,38.8386344909668
1996-04-29,65.15625,65.4375,38.8386344909668
1996-04-30,65.4375,65.390625,38.810813903808594
1996-05-01,65.375,65.53125,38.894256591796875
1996-05-02,65.015625,64.40625,38.22654724121094
1996-05-03,64.78125,64.3125,38.17090606689453
1996-05-06,64.5625,64.25,38.13380432128906
1996-05-07,64.25,63.984375,37.97616195678711
1996-05-08,63.671875,64.78125,38.44914245605469
1996-05-09,64.5625,64.734375,38.42129135131836
1996-05-10,65.375,65.375,38.80152130126953
1996-05-13,65.53125,66.359375,39.38578796386719
1996-05-14,66.625,66.765625,39.626895904541016
1996-05-15,66.78125,66.6875,39.580528259277344
1996-05-16,66.3125,66.828125,39.663970947265625
1996-05-17,67.0,67.1875,39.87730026245117
1996-05-20,67.65625,67.640625,40.14622497558594
1996-05-21,67.75,67.546875,40.09059524536133
1996-05-22,67.625,68.1875,40.47081756591797
1996-05-23,68.28125,67.90625,40.30390930175781
1996-05-24,67.96875,68.171875,40.4615478515625
1996-05-28,68.375,67.484375,40.053489685058594
1996-05-29,67.625,67.03125,39.7845458984375
1996-05-30,66.9375,67.375,39.98860168457031
1996-05-31,67.359375,66.875,39.69181823730469
1996-06-03,66.890625,67.0625,39.8030891418457
1996-06-04,67.375,67.53125,40.08131408691406
1996-06-05,67.5625,68.125,40.43372344970703
1996-06-06,68.5,67.625,40.136966705322266
1996-06-07,66.1875,67.625,40.136966705322266
1996-06-10,67.53125,67.40625,40.00713348388672
1996-06-11,67.65625,67.34375,39.970027923583984
1996-06-12,67.5625,67.21875,39.89585494995117
1996-06-13,67.375,67.21875,39.89585494995117
1996-06-14,67.25,66.9375,39.728919982910156
1996-06-17,66.96875,66.890625,39.701087951660156
1996-06-18,66.84375,66.34375,39.37649917602539
1996-06-19,66.65625,66.640625,39.552703857421875
1996-06-20,66.703125,66.59375,39.524898529052734
1996-06-21,66.5625,66.8125,39.86482620239258
1996-06-24,66.96875,66.9375,39.93943405151367
1996-06-25,67.125,66.859375,39.8928108215332
1996-06-26,66.78125,66.40625,39.62245559692383
1996-06-27,66.40625,66.875,39.902137756347656
1996-06-28,67.15625,67.109375,40.04197692871094
1996-07-01,67.28125,67.6875,40.38694763183594
1996-07-02,67.625,67.4375,40.23774337768555
1996-07-03,67.40625,67.296875,40.15385437011719
1996-07-05,66.125,65.578125,39.128334045410156
1996-07-08,65.625,65.3125,38.9698371887207
1996-07-09,65.609375,65.578125,39.128334045410156
1996-07-10,65.5625,65.84375,39.286808013916016
1996-07-11,65.5625,64.515625,38.49436569213867
1996-07-12,64.625,64.5625,38.5223274230957
1996-07-15,64.71875,62.65625,37.384944915771484
1996-07-16,62.84375,62.8125,37.47816467285156
1996-07-17,63.75,63.5625,37.92566680908203
1996-07-18,63.75,64.4375,38.447757720947266
1996-07-19,64.28125,63.96875,38.16804885864258
1996-07-22,63.53125,63.5,37.88838577270508
1996-07-23,63.59375,62.6875,37.403602600097656
1996-07-24,61.9375,62.8125,37.47816467285156
1996-07-25,63.4375,63.375,37.81379318237305
1996-07-26,63.5625,63.71875,38.01890182495117
1996-07-29,63.625,63.015625,37.59938430786133
1996-07-30,63.4375,63.625,37.96297836303711
1996-07-31,63.671875,64.09375,38.24264144897461
1996-08-01,64.15625,65.15625,38.876617431640625
1996-08-02,66.0,66.5625,39.715675354003906
1996-08-05,66.578125,66.171875,39.48259735107422
1996-08-06,66.15625,66.375,39.60383224487305
1996-08-07,66.625,66.546875,39.70634460449219
1996-08-08,66.5625,66.4375,39.64107894897461
1996-08-09,66.671875,66.21875,39.51057815551758
1996-08-12,66.25,66.703125,39.799583435058594
1996-08-13,66.578125,66.171875,39.48259735107422
1996-08-14,66.1875,66.40625,39.62245559692383
1996-08-15,66.234375,66.28125,39.5478630065918
1996-08-16,66.46875,66.84375,39.883480072021484
1996-08-19,66.859375,66.875,39.902137756347656
1996-08-20,66.890625,66.828125,39.87415313720703
1996-08-21,66.65625,66.59375,39.73433303833008
1996-08-22,66.75,67.21875,40.10725402832031
1996-08-23,67.09375,66.859375,39.8928108215332
1996-08-26,66.703125,66.53125,39.6970100402832
1996-08-27,66.71875,66.78125,39.8462028503418
1996-08-28,66.9375,66.671875,39.78092575073242
1996-08-29,66.59375,66.015625,39.389373779296875
1996-08-30,66.0,65.328125,38.979156494140625
1996-09-03,64.46875,65.75,39.23088836669922
1996-09-04,65.75,65.8125,39.26816940307617
1996-09-05,65.5,65.015625,38.79269027709961
1996-09-06,65.25,65.9375,39.342750549316406
1996-09-09,66.1875,66.71875,39.80891418457031
1996-09-10,66.625,66.6875,39.79024887084961
1996-09-11,66.5625,67.0625,40.014015197753906
1996-09-12,67.25,67.53125,40.293701171875
1996-09-13,68.3125,68.5625,40.909027099609375
1996-09-16,68.65625,68.8125,41.05817794799805
1996-09-17,68.875,68.65625,40.96493148803711
1996-09-18,68.5625,68.484375,40.86238098144531
1996-09-19,68.375,68.75,41.02088165283203
1996-09-20,68.59375,68.640625,41.166404724121094
1996-09-23,68.46875,68.625,41.157012939453125
1996-09-24,68.5625,68.609375,41.147647857666016
1996-09-25,68.9375,68.65625,41.17573928833008
1996-09-26,68.75,68.625,41.157012939453125
1996-09-27,68.71875,68.6875,41.19449996948242
1996-09-30,68.78125,68.625,41.157012939453125
1996-10-01,68.703125,69.0,41.381927490234375
1996-10-02,69.25,69.46875,41.66303253173828
1996-10-03,69.5,69.40625,41.62557601928711
1996-10-04,69.6875,70.34375,42.18782424926758
1996-10-07,70.3125,70.421875,42.23466110229492
1996-10-08,70.453125,70.140625,42.06597900390625
1996-10-09,70.25,69.59375,41.73802185058594
1996-10-10,69.59375,69.453125,41.653663635253906
1996-10-11,69.71875,70.3125,42.169063568115234
1996-10-14,70.3125,70.40625,42.22529220581055
1996-10-15,71.125,70.3125,42.169063568115234
1996-10-16,70.5,70.65625,42.375247955322266
1996-10-17,70.875,70.84375,42.48769760131836
1996-10-18,70.875,71.21875,42.71257400512695
1996-10-21,71.28125,71.125,42.6563606262207
1996-10-22,71.0625,70.625,42.35649108886719
1996-10-23,70.46875,70.859375,42.49707794189453
1996-10-24,70.859375,70.25,42.131614685058594
1996-10-25,70.234375,70.3125,42.169063568115234
1996-10-28,70.375,69.84375,41.88795852661133
1996-10-29,70.0625,70.40625,42.22529220581055
1996-10-30,70.625,70.171875,42.084739685058594
1996-10-31,70.265625,70.84375,42.48769760131836
1996-11-01,70.984375,70.59375,42.337745666503906
1996-11-04,70.6875,71.0625,42.6188850402832
1996-11-05,71.296875,71.46875,42.86254119873047
1996-11-06,71.59375,72.84375,43.68716049194336
1996-11-07,72.625,73.015625,43.79023742675781
1996-11-08,73.03125,73.421875,44.03388595581055
1996-11-11,73.25,73.34375,43.98702621459961
1996-11-12,73.546875,73.125,43.855838775634766
1996-11-13,73.203125,73.453125,44.052616119384766
1996-11-14,73.1875,73.9375,44.34315490722656
1996-11-15,74.125,74.03125,44.39935302734375
1996-11-18,74.171875,74.046875,44.40871047973633
1996-11-19,74.140625,74.578125,44.72734832763672
1996-11-20,74.5625,74.703125,44.80232620239258
1996-11-21,74.796875,74.59375,44.73671340942383
1996-11-22,74.703125,75.171875,45.08342742919922
1996-11-25,75.25,76.125,45.65504455566406
1996-11-26,76.28125,75.875,45.50511169433594
1996-11-27,76.0625,75.734375,45.4207878112793
1996-11-29,76.0,76.015625,45.58946990966797
1996-12-02,75.921875,76.046875,45.608219146728516
1996-12-03,76.0625,74.75,44.83042907714844
1996-12-04,74.875,74.953125,44.95222854614258
1996-12-05,74.84375,74.75,44.83042907714844
1996-12-06,73.25,74.3125,44.56806182861328
1996-12-09,74.6875,75.40625,45.223995208740234
1996-12-10,75.5625,75.046875,45.00847625732422
1996-12-11,73.625,74.359375,44.59614562988281
1996-12-12,74.78125,73.125,43.855838775634766
1996-12-13,73.0625,73.3125,43.96828079223633
1996-12-16,73.5,72.375,43.40602493286133
1996-12-17,72.15625,72.953125,43.752784729003906
1996-12-18,73.375,73.53125,44.0994987487793
1996-12-19,74.1875,75.046875,45.00847625732422
1996-12-20,75.125,74.84375,45.10722351074219
1996-12-23,75.09375,74.65625,44.99422836303711
1996-12-24,74.84375,75.203125,45.32381820678711
1996-12-26,75.4375,75.78125,45.6722412109375
1996-12-27,75.78125,75.875,45.72873306274414
1996-12-30,76.125,75.21875,45.33323287963867
1996-12-31,75.28125,73.84375,44.50453186035156
1997-01-02,74.375,74.03125,44.6175651550293
1997-01-03,74.375,75.09375,45.25791931152344
1997-01-06,75.09375,74.4375,44.86238098144531
1997-01-07,74.4375,75.34375,45.408573150634766
1997-01-08,75.75,74.6875,45.01304244995117
1997-01-09,75.0625,75.3125,45.389739990234375
1997-01-10,74.25,76.125,45.879417419433594
1997-01-13,76.5,76.015625,45.81350326538086
1997-01-14,76.6875,76.96875,46.38792419433594
1997-01-15,76.71875,76.78125,46.27492141723633
1997-01-16,77.03125,77.09375,46.46328353881836
1997-01-17,77.203125,77.5625,46.745758056640625
1997-01-20,77.75,77.65625,46.80229187011719
1997-01-21,77.375,78.28125,47.17894744873047
1997-01-22,78.3125,78.84375,47.5179557800293
1997-01-23,79.0625,77.75,46.85879135131836
1997-01-24,77.875,76.75,46.25608444213867
1997-01-27,76.875,76.53125,46.124267578125
1997-01-28,77.625,76.75,46.25608444213867
1997-01-29,76.875,77.5,46.708126068115234
1997-01-30,77.875,78.5,47.310794830322266
1997-01-31,78.9375,78.40625,47.25430679321289
1997-02-03,78.71875,78.640625,47.395565032958984
1997-02-04,78.75,79.125,47.687469482421875
1997-02-05,79.234375,77.640625,46.79286193847656
1997-02-06,77.78125,78.15625,47.103633880615234
1997-02-07,78.8125,79.21875,47.74394989013672
1997-02-10,79.25,78.46875,47.29196548461914
1997-02-11,78.78125,79.375,47.838165283203125
1997-02-12,79.375,80.5,48.51618576049805
1997-02-13,80.8125,81.375,49.04352951049805
1997-02-14,81.1875,81.1875,48.93048858642578
1997-02-18,81.34375,81.875,49.34485626220703
1997-02-19,81.65625,81.328125,49.0152702331543
1997-02-20,81.03125,80.34375,48.4219856262207
1997-02-21,80.40625,80.375,48.440860748291016
1997-02-24,79.96875,81.328125,49.0152702331543
1997-02-25,81.40625,81.390625,49.052921295166016
1997-02-26,81.3125,80.59375,48.57268142700195
1997-02-27,80.8125,79.390625,47.84757614135742
1997-02-28,79.25,79.15625,47.706298828125
1997-03-03,78.75,79.6875,48.026485443115234
1997-03-04,79.90625,79.25,47.762821197509766
1997-03-05,79.71875,80.59375,48.57268142700195
1997-03-06,80.625,80.125,48.2901611328125
1997-03-07,80.4375,80.84375,48.723331451416016
1997-03-10,80.9375,81.6875,49.23187255859375
1997-03-11,81.75,81.25,48.968170166015625
1997-03-12,81.3125,80.53125,48.53499221801758
1997-03-13,80.25,79.28125,47.78163528442383
1997-03-14,79.640625,79.6875,48.026485443115234
1997-03-17,79.25,79.90625,48.1583366394043
1997-03-18,80.0,79.046875,47.64039611816406
1997-03-19,78.84375,78.78125,47.480323791503906
1997-03-20,78.75,78.375,47.23549270629883
1997-03-21,78.6875,78.4375,47.45416259765625
1997-03-24,78.5,79.53125,48.115875244140625
1997-03-25,79.34375,78.75,47.64322280883789
1997-03-26,79.0625,79.09375,47.85121154785156
1997-03-27,79.375,77.0,46.58446502685547
1997-03-31,76.90625,75.375,45.601375579833984
1997-04-01,75.25,75.859375,45.89442825317383
1997-04-02,75.625,74.5,45.071998596191406
1997-04-03,74.4375,74.90625,45.317779541015625
1997-04-04,74.5,75.84375,45.88496017456055
1997-04-07,76.1875,76.140625,46.064579010009766
1997-04-08,76.125,76.6875,46.39543533325195
1997-04-09,77.0,76.0625,46.01730728149414
1997-04-10,76.09375,75.78125,45.84715270996094
1997-04-11,75.0625,73.375,44.391387939453125
1997-04-14,73.734375,74.359375,44.9869270324707
1997-04-15,75.25,75.625,45.752620697021484
1997-04-16,75.375,76.5,46.281982421875
1997-04-17,76.5,76.1875,46.09294128417969
1997-04-18,76.8125,76.5625,46.319828033447266
1997-04-21,76.75,76.0625,46.01730728149414
1997-04-22,76.109375,77.734375,47.028785705566406
1997-04-23,77.65625,77.8125,47.0760383605957
1997-04-24,78.046875,77.421875,46.83970642089844
1997-04-25,77.0625,76.53125,46.3009147644043
1997-04-28,76.5,77.28125,46.754642486572266
1997-04-29,78.59375,79.71875,48.22929000854492
1997-04-30,79.25,80.09375,48.45619201660156
1997-05-01,80.21875,80.0,48.399478912353516
1997-05-02,80.28125,81.4375,49.269134521484375
1997-05-05,81.65625,83.375,50.44132995605469
1997-05-06,82.96875,83.3125,50.40351867675781
1997-05-07,83.0,81.5,49.30698013305664
1997-05-08,81.3125,82.0625,49.647281646728516
1997-05-09,82.96875,82.625,49.987579345703125
1997-05-12,82.9375,84.0,50.8194580078125
1997-05-13,83.9375,83.65625,50.611480712890625
1997-05-14,84.234375,83.8125,50.705997467041016
1997-05-15,83.8125,84.375,51.04631423950195
1997-05-16,84.125,83.21875,50.34680938720703
1997-05-19,83.3125,83.46875,50.49803924560547
1997-05-20,83.28125,84.46875,51.10304641723633
1997-05-21,84.6875,84.28125,50.98960876464844
1997-05-22,84.375,84.0,50.8194580078125
1997-05-23,84.375,84.78125,51.29207229614258
1997-05-27,84.375,85.125,51.50006103515625
1997-05-28,85.125,85.109375,51.490596771240234
1997-05-29,85.09375,84.609375,51.1880989074707
1997-05-30,83.21875,85.15625,51.51899719238281
1997-06-02,85.34375,84.78125,51.29207229614258
1997-06-03,84.40625,84.5,51.121952056884766
1997-06-04,84.53125,84.40625,51.06522750854492
1997-06-05,84.59375,84.71875,51.25428771972656
1997-06-06,84.59375,86.375,52.25632095336914
1997-06-09,86.4375,86.8125,52.52099609375
1997-06-10,86.84375,87.078125,52.681705474853516
1997-06-11,87.0,87.28125,52.80457305908203
1997-06-12,87.875,88.96875,53.82551956176758
1997-06-13,89.0625,89.71875,54.279239654541016
1997-06-16,89.75,89.75,54.298152923583984
1997-06-17,89.4375,89.625,54.22251892089844
1997-06-18,89.125,89.3125,54.03348159790039
1997-06-19,89.609375,90.234375,54.59120559692383
1997-06-20,89.9375,89.578125,54.405181884765625
1997-06-23,89.40625,87.40625,53.08610534667969
1997-06-24,88.25,89.625,54.43365478515625
1997-06-25,89.484375,89.0,54.05406188964844
1997-06-26,88.84375,88.5625,53.788360595703125
1997-06-27,88.96875,88.90625,53.99715042114258
1997-06-30,88.90625,88.3125,53.63654327392578
1997-07-01,88.5,89.34375,54.26285934448242
1997-07-02,89.5625,90.8125,55.154876708984375
1997-07-03,91.875,92.0625,55.914085388183594
1997-07-07,92.375,91.125,55.34469985961914
1997-07-08,91.25,92.078125,55.92355728149414
1997-07-09,92.3125,91.0625,55.306724548339844
1997-07-10,91.125,91.46875,55.55347442626953
1997-07-11,91.59375,91.78125,55.74325180053711
1997-07-14,91.890625,92.0625,55.914085388183594
1997-07-15,92.3125,92.53125,56.19876480102539
1997-07-16,93.125,93.75,56.93895721435547
1997-07-17,93.625,93.28125,56.654300689697266
1997-07-18,93.015625,91.296875,55.44912338256836
1997-07-21,91.28125,91.3125,55.45857238769531
1997-07-22,91.6875,93.734375,56.9294548034668
1997-07-23,93.9375,93.65625,56.88206481933594
1997-07-24,93.9375,94.09375,57.14773941040039
1997-07-25,94.5625,94.03125,57.10977554321289
1997-07-28,94.25,93.96875,57.07183837890625
1997-07-29,93.625,94.28125,57.26164245605469
1997-07-30,94.5,95.40625,57.94490051269531
1997-07-31,95.40625,95.3125,57.887962341308594
1997-08-01,95.5,94.9375,57.66019058227539
1997-08-04,94.78125,95.1875,57.81206512451172
1997-08-05,95.09375,95.25,57.850006103515625
1997-08-06,95.4375,96.03125,58.324485778808594
1997-08-07,96.5,95.3125,57.887962341308594
1997-08-08,94.3125,93.375,56.71124267578125
1997-08-11,93.75,94.0625,57.12879943847656
1997-08-12,94.21875,92.5625,56.21773910522461
1997-08-13,93.6875,92.28125,56.04692840576172
1997-08-14,93.09375,92.625,56.255706787109375
1997-08-15,92.125,89.78125,54.52855682373047
1997-08-18,90.375,91.78125,55.74325180053711
1997-08-19,92.21875,92.84375,56.38858413696289
1997-08-20,92.9375,94.25,57.24263381958008
1997-08-21,94.125,92.59375,56.23672866821289
1997-08-22,91.0,92.5625,56.21773910522461
1997-08-25,92.78125,92.21875,56.008975982666016
1997-08-26,92.0,90.859375,55.18333435058594
1997-08-27,91.0,91.40625,55.5154914855957
1997-08-28,91.1875,90.015625,54.67091369628906
1997-08-29,90.125,90.375,54.88916778564453
1997-09-02,90.6875,93.3125,56.67325973510742
1997-09-03,93.296875,92.8125,56.36957931518555
1997-09-04,93.0625,93.40625,56.7302131652832
1997-09-05,93.96875,93.140625,56.568885803222656
1997-09-08,93.71875,93.546875,56.81563186645508
1997-09-09,93.21875,93.59375,56.844078063964844
1997-09-10,93.125,91.65625,55.66735076904297
1997-09-11,91.78125,91.1875,55.38265609741211
1997-09-12,92.0,92.65625,56.27469253540039
1997-09-15,92.65625,92.5,56.179786682128906
1997-09-16,93.3125,94.8125,57.58431625366211
1997-09-17,95.375,94.8125,57.58431625366211
1997-09-18,95.0,95.21875,57.831050872802734
1997-09-19,94.65625,95.03125,57.92887496948242
1997-09-22,95.5,95.5625,58.252685546875
1997-09-23,95.5625,95.125,57.986026763916016
1997-09-24,95.375,94.34375,57.50979232788086
1997-09-25,94.25,93.6875,57.1097297668457
1997-09-26,94.4375,94.46875,57.585968017578125
1997-09-29,94.5,95.375,58.13838577270508
1997-09-30,95.0,94.375,57.52884292602539
1997-10-01,95.25,95.625,58.29079055786133
1997-10-02,95.53125,96.15625,58.6146354675293
1997-10-03,97.46875,96.640625,58.90990447998047
1997-10-06,97.3125,97.28125,59.30044174194336
1997-10-07,97.53125,98.1875,59.85284423828125
1997-10-08,98.359375,97.5,59.43373489379883
1997-10-09,96.78125,97.15625,59.224178314208984
1997-10-10,96.3125,96.875,59.05278396606445
1997-10-13,97.34375,96.96875,59.109920501708984
1997-10-14,97.46875,97.0,59.128997802734375
1997-10-15,96.3125,96.78125,58.995635986328125
1997-10-16,97.3125,95.25,58.06222152709961
1997-10-17,95.015625,94.28125,57.4716911315918
1997-10-20,94.84375,95.625,58.29079055786133
1997-10-21,96.21875,97.484375,59.42425537109375
1997-10-22,97.34375,96.84375,59.03371810913086
1997-10-23,94.9375,94.9375,57.871707916259766
1997-10-24,96.15625,94.0,57.30025100708008
1997-10-27,93.015625,87.1875,53.14748764038086
1997-10-28,84.375,92.21875,56.214439392089844
1997-10-29,92.5,91.96875,56.06203079223633
1997-10-30,90.625,89.9375,54.82382583618164
1997-10-31,91.8125,92.0625,56.11920928955078
1997-11-03,93.1875,94.0,57.30025100708008
1997-11-04,93.875,94.0,57.30025100708008
1997-11-05,94.1875,94.3125,57.4907341003418
1997-11-06,94.03125,93.953125,57.27165222167969
1997-11-07,92.375,92.9375,56.652557373046875
1997-11-10,93.625,92.375,56.3096809387207
1997-11-11,92.6875,92.40625,56.328712463378906
1997-11-12,91.625,90.5,55.166725158691406
1997-11-13,91.46875,91.8125,55.966793060302734
1997-11-14,92.3125,93.0625,56.72881317138672
1997-11-17,94.375,94.78125,57.7764778137207
1997-11-18,94.8125,94.1875,57.414520263671875
1997-11-19,93.6875,94.65625,57.70027542114258
1997-11-20,95.3125,96.09375,58.57655715942383
1997-11-21,96.625,96.75,58.9765510559082
1997-11-24,96.0,95.0,57.90983963012695
1997-11-25,95.625,95.25,58.06222152709961
1997-11-26,95.875,95.53125,58.23366165161133
1997-11-28,95.75,95.625,58.29079055786133
1997-12-01,96.21875,98.09375,59.79569625854492
1997-12-02,97.6875,97.5,59.43373489379883
1997-12-03,97.625,97.78125,59.60520935058594
1997-12-04,98.5,97.6875,59.54804229736328
1997-12-05,97.375,98.9375,60.31004333496094
1997-12-08,98.96875,98.65625,60.138580322265625
1997-12-09,98.21875,98.0625,59.776641845703125
1997-12-10,97.5625,97.21875,59.262306213378906
1997-12-11,96.3125,95.5625,58.252685546875
1997-12-12,96.4375,95.75,58.367008209228516
1997-12-15,96.25,96.71875,58.95753860473633
1997-12-16,97.21875,97.3125,59.319461822509766
1997-12-17,97.84375,96.8125,59.014713287353516
1997-12-18,96.9375,95.875,58.44322204589844
1997-12-19,94.53125,94.78125,58.00638198852539
1997-12-22,95.4375,95.390625,58.37932586669922
1997-12-23,95.4375,93.6875,57.33699417114258
1997-12-24,94.4375,93.40625,57.16486740112305
1997-12-26,94.125,93.78125,57.3943977355957
1997-12-29,94.59375,95.625,58.522735595703125
1997-12-30,95.9375,97.125,59.44076156616211
1997-12-31,96.875,97.0625,59.402523040771484
1998-01-02,97.3125,97.5625,59.70846939086914
1998-01-05,97.84375,97.78125,59.8423957824707
1998-01-06,97.25,96.21875,58.886131286621094
1998-01-07,96.09375,96.46875,59.03910827636719
1998-01-08,96.3125,95.625,58.522735595703125
1998-01-09,95.25,92.3125,56.49549102783203
1998-01-12,91.125,94.0,57.52824783325195
1998-01-13,94.625,95.3125,58.33149337768555
1998-01-14,95.6875,95.75,58.599281311035156
1998-01-15,95.5,94.953125,58.111572265625
1998-01-16,96.25,96.3125,58.94350814819336
1998-01-20,96.6875,97.875,59.89975357055664
1998-01-21,97.21875,96.9375,59.326019287109375
1998-01-22,96.15625,96.078125,58.80007553100586
1998-01-23,96.5,95.9375,58.71401596069336
1998-01-26,96.375,95.875,58.6757698059082
1998-01-27,95.8125,96.84375,59.26862716674805
1998-01-28,97.40625,97.71875,59.80417251586914
1998-01-29,97.84375,98.25,60.129249572753906
1998-01-30,98.78125,98.3125,60.16749954223633
1998-02-02,99.90625,99.9375,61.16202926635742
1998-02-03,100.0,100.6875,61.62102127075195
1998-02-04,100.28125,100.5625,61.54451370239258
1998-02-05,101.3125,100.5,61.506263732910156
1998-02-06,101.0,101.625,62.19475555419922
1998-02-09,101.71875,101.28125,61.98436737060547
1998-02-10,101.4375,102.25,62.57722854614258
1998-02-11,102.09375,102.15625,62.51990509033203
1998-02-12,101.71875,102.59375,62.78765106201172
1998-02-13,102.1875,102.0,62.42422866821289
1998-02-17,102.8125,102.5,62.73030471801758
1998-02-18,102.3125,103.4375,63.304019927978516
1998-02-19,103.25,102.890625,62.96932601928711
1998-02-20,103.15625,103.65625,63.43787384033203
1998-02-23,104.25,104.0625,63.68654251098633
1998-02-24,103.90625,103.25,63.18927764892578
1998-02-25,103.75,104.53125,63.97339630126953
1998-02-26,104.4375,105.125,64.33677673339844
1998-02-27,104.96875,105.125,64.33677673339844
1998-03-02,105.25,104.90625,64.20292663574219
1998-03-03,104.53125,105.5,64.56627655029297
1998-03-04,105.09375,104.8125,64.14552307128906
1998-03-05,103.5,103.84375,63.55263900756836
1998-03-06,104.5625,105.9375,64.8340072631836
1998-03-09,105.53125,105.5625,64.60455322265625
1998-03-10,106.21875,106.5625,65.21649932861328
1998-03-11,106.96875,107.0625,65.52253723144531
1998-03-12,107.09375,107.5,65.79027557373047
1998-03-13,107.84375,107.09375,65.5416259765625
1998-03-16,107.84375,108.25,66.24931335449219
1998-03-17,108.3125,108.5625,66.44054412841797
1998-03-18,108.25,108.96875,66.68917083740234
1998-03-19,108.96875,109.25,66.86128997802734
1998-03-20,109.5625,109.875,67.43697357177734
1998-03-23,109.71875,109.625,67.28356170654297
1998-03-24,110.0625,110.5625,67.85896301269531
1998-03-25,111.40625,110.15625,67.60960388183594
1998-03-26,109.875,110.09375,67.57125854492188
1998-03-27,110.75,109.625,67.28356170654297
1998-03-30,109.625,109.5625,67.24517822265625
1998-03-31,110.15625,109.9375,67.475341796875
1998-04-01,110.3125,110.828125,68.02201080322266
1998-04-02,110.9375,112.03125,68.76041412353516
1998-04-03,112.34375,112.59375,69.10565185546875
1998-04-06,113.25,111.6875,68.5494384765625
1998-04-07,111.75,110.9375,68.08911895751953
1998-04-08,111.21875,110.3125,67.70553588867188
1998-04-09,110.5625,111.1875,68.24256134033203
1998-04-13,111.375,110.875,68.05073547363281
1998-04-14,111.125,111.8125,68.62615966796875
1998-04-15,111.96875,112.125,68.81798553466797
1998-04-16,111.3125,110.8125,68.01242065429688
1998-04-17,110.71875,112.28125,68.91387939453125
1998-04-20,112.0,112.25,68.8946762084961
1998-04-21,112.4375,112.78125,69.22077178955078
1998-04-22,112.875,113.09375,69.41255950927734
1998-04-23,112.625,112.0,68.74122619628906
1998-04-24,111.75,110.8125,68.01242065429688
1998-04-27,109.375,108.71875,66.72734069824219
1998-04-28,109.78125,108.5625,66.63140869140625
1998-04-29,109.03125,109.3125,67.09175109863281
1998-04-30,110.5625,111.34375,68.33845520019531
1998-05-01,111.75,112.59375,69.10565185546875
1998-05-04,112.71875,112.3125,68.93304443359375
1998-05-05,112.0,111.53125,68.45356750488281
1998-05-06,112.125,110.21875,67.64798736572266
1998-05-07,110.5,109.34375,67.11092376708984
1998-05-08,110.0,111.125,68.2042007446289
1998-05-11,111.5625,110.75,67.97403717041016
1998-05-12,110.8125,111.9375,68.70288848876953
1998-05-13,112.0625,112.21875,68.8755111694336
1998-05-14,111.53125,111.65625,68.53024291992188
1998-05-15,112.0,111.03125,68.14667510986328
1998-05-18,110.71875,110.59375,67.87813568115234
1998-05-19,111.0,111.34375,68.33845520019531
1998-05-20,112.09375,112.40625,68.9906005859375
1998-05-21,112.375,111.6875,68.5494384765625
1998-05-22,111.75,111.25,68.28089904785156
1998-05-26,112.09375,109.46875,67.18766021728516
1998-05-27,108.53125,109.625,67.28356170654297
1998-05-28,109.875,110.125,67.59044647216797
1998-05-29,110.625,109.03125,66.91913604736328
1998-06-01,108.96875,109.53125,67.22603607177734
1998-06-02,110.0,109.625,67.28356170654297
1998-06-03,109.875,107.875,66.2094955444336
1998-06-04,108.25,109.875,67.43697357177734
1998-06-05,110.375,112.0,68.74122619628906
1998-06-08,111.9375,111.875,68.66452026367188
1998-06-09,111.71875,112.21875,68.8755111694336
1998-06-10,111.625,111.5,68.43437194824219
1998-06-11,111.4375,109.40625,67.14929962158203
1998-06-12,109.875,110.4375,67.78225708007812
1998-06-15,108.8125,107.53125,65.99847412109375
1998-06-16,108.40625,109.1875,67.01506042480469
1998-06-17,110.15625,111.46875,68.41516876220703
1998-06-18,111.1875,110.96875,68.10826873779297
1998-06-19,111.0625,110.0625,67.76702880859375
1998-06-22,110.25,110.59375,68.09413146972656
1998-06-23,111.09375,111.90625,68.90227508544922
1998-06-24,112.15625,113.40625,69.8258056640625
1998-06-25,113.90625,113.21875,69.71039581298828
1998-06-26,113.3125,113.6875,69.9990005493164
1998-06-29,114.25,114.09375,70.2491455078125
1998-06-30,113.90625,113.3125,69.76810455322266
1998-07-01,114.0625,114.625,70.57624816894531
1998-07-02,114.71875,114.84375,70.71092987060547
1998-07-06,114.78125,116.0,71.42286682128906
1998-07-07,115.984375,115.78125,71.28816223144531
1998-07-08,115.875,116.625,71.80766296386719
1998-07-09,116.28125,115.84375,71.32662200927734
1998-07-10,116.03125,116.46875,71.71148681640625
1998-07-13,116.5625,116.5,71.730712890625
1998-07-14,116.9375,117.8125,72.53880310058594
1998-07-15,118.0625,117.59375,72.4041519165039
1998-07-16,117.6875,118.40625,72.90436553955078
1998-07-17,118.625,118.5625,73.00064849853516
1998-07-20,118.75,118.5625,73.00064849853516
1998-07-21,119.0,116.5,71.730712890625
1998-07-22,116.34375,116.5,71.730712890625
1998-07-23,116.3125,114.1875,70.30683135986328
1998-07-24,114.96875,114.09375,70.2491455078125
1998-07-27,113.625,114.90625,70.7494125366211
1998-07-28,114.4375,112.96875,69.55644226074219
1998-07-29,113.71875,112.53125,69.28710174560547
1998-07-30,113.625,114.21875,70.32608795166016
1998-07-31,114.34375,111.78125,68.82530975341797
1998-08-03,111.78125,111.3125,68.53665161132812
1998-08-04,112.21875,107.0,65.88140869140625
1998-08-05,107.9375,108.46875,66.78573608398438
1998-08-06,108.125,108.9375,67.07437896728516
1998-08-07,109.6875,109.125,67.18978118896484
1998-08-10,108.75,108.5,66.80500793457031
1998-08-11,106.78125,106.875,65.80448913574219
1998-08-12,107.75,108.6875,66.92044067382812
1998-08-13,108.8125,107.375,66.11233520507812
1998-08-14,108.34375,106.125,65.34263610839844
1998-08-17,106.0,108.375,66.72801971435547
1998-08-18,109.0,110.375,67.95946502685547
1998-08-19,111.09375,110.09375,67.78626251220703
1998-08-20,109.6875,109.4375,67.38223266601562
1998-08-21,108.1875,108.5625,66.84346008300781
1998-08-24,109.25,109.25,67.26678466796875
1998-08-25,110.375,109.5,67.42072296142578
1998-08-26,108.28125,108.875,67.035888671875
1998-08-27,107.0,103.75,63.880374908447266
1998-08-28,104.96875,103.375,63.649452209472656
1998-08-31,103.75,96.0,59.108543395996094
1998-09-01,96.0625,100.0625,61.60988998413086
1998-09-02,99.8125,99.34375,61.1673698425293
1998-09-03,97.625,98.5625,60.68634033203125
1998-09-04,99.4375,97.75,60.18608093261719
1998-09-08,100.875,103.0,63.41858673095703
1998-09-09,102.75,100.5,61.879276275634766
1998-09-10,98.4375,98.5,60.64786911010742
1998-09-11,98.1875,101.6875,62.61042022705078
1998-09-14,102.875,103.4375,63.687923431396484
1998-09-15,102.875,104.0625,64.07273864746094
1998-09-16,104.75,105.0,64.64996337890625
1998-09-17,102.25,102.0,62.80281448364258
1998-09-18,102.375,102.09375,63.08258819580078
1998-09-21,99.625,102.03125,63.04399490356445
1998-09-22,103.5,102.875,63.56531524658203
1998-09-23,103.875,107.0,66.11415100097656
1998-09-24,106.3125,104.375,64.49215698242188
1998-09-25,103.125,104.25,64.41493225097656
1998-09-28,105.3125,105.1875,64.99420928955078
1998-09-29,105.375,104.9375,64.8396987915039
1998-09-30,103.5,101.75,62.87021255493164
1998-10-01,100.03125,98.8125,61.05514144897461
1998-10-02,98.875,100.71875,62.23298263549805
1998-10-05,99.59375,98.6875,60.97793197631836
1998-10-06,100.75,98.59375,60.919986724853516
1998-10-07,98.625,97.125,60.01247024536133
1998-10-08,94.5625,96.59375,59.68421173095703
1998-10-09,97.0,98.53125,60.88136672973633
1998-10-12,100.625,99.96875,61.76959228515625
1998-10-13,99.5625,99.625,61.55720901489258
1998-10-14,98.9375,100.5625,62.13645553588867
1998-10-15,100.125,105.96875,65.47689819335938
1998-10-16,106.125,106.0,65.49620819091797
1998-10-19,105.6875,106.375,65.72793579101562
1998-10-20,107.5625,107.0,66.11415100097656
1998-10-21,106.875,106.625,65.88240814208984
1998-10-22,106.78125,108.21875,66.86714935302734
1998-10-23,107.96875,106.84375,66.01758575439453
1998-10-26,107.71875,107.625,66.50029754638672
1998-10-27,108.4375,107.0,66.11415100097656
1998-10-28,106.5625,106.8125,65.99826049804688
1998-10-29,107.09375,109.40625,67.60089874267578
1998-10-30,110.125,110.0,67.96780395507812
1998-11-02,110.8125,111.875,69.1263427734375
1998-11-03,111.59375,111.0625,68.62428283691406
1998-11-04,112.46875,112.25,69.35800170898438
1998-11-05,111.53125,113.78125,70.30415344238281
1998-11-06,113.46875,114.125,70.51659393310547
1998-11-09,113.9375,113.3125,70.01451110839844
1998-11-10,113.0,113.0,69.82144927978516
1998-11-11,113.8125,112.25,69.35800170898438
1998-11-12,112.3125,112.125,69.28077697753906
1998-11-13,112.21875,113.21875,69.95661163330078
1998-11-16,114.21875,114.0625,70.47798156738281
1998-11-17,113.65625,114.0625,70.47798156738281
1998-11-18,114.3125,114.75,70.9027328491211
1998-11-19,115.28125,115.75,71.52064514160156
1998-11-20,116.359375,116.625,72.06126403808594
1998-11-23,117.46875,119.375,73.76046752929688
1998-11-24,119.0,118.625,73.29704284667969
1998-11-25,118.9375,118.625,73.29704284667969
1998-11-27,119.46875,119.5,73.83773040771484
1998-11-30,119.015625,116.125,71.7523422241211
1998-12-01,116.125,117.625,72.6791763305664
1998-12-02,117.21875,117.28125,72.4667739868164
1998-12-03,117.25,115.34375,71.26958465576172
1998-12-04,116.625,118.375,73.1426010131836
1998-12-07,118.0625,118.9375,73.49015808105469
1998-12-08,118.53125,118.40625,73.16187286376953
1998-12-09,118.6875,118.625,73.29704284667969
1998-12-10,118.84375,116.890625,72.22542572021484
1998-12-11,116.4375,117.125,72.37023162841797
1998-12-14,116.15625,113.75,70.28482055664062
1998-12-15,114.6875,116.6875,72.09991455078125
1998-12-16,117.125,116.53125,72.00336456298828
1998-12-17,117.21875,118.390625,73.15223693847656
1998-12-18,118.3125,118.5,73.46311950683594
1998-12-21,119.25,120.15625,74.48989868164062
1998-12-22,120.40625,120.6875,74.81922149658203
1998-12-23,121.1875,123.21875,76.3884048461914
1998-12-24,123.15625,122.6875,76.0590591430664
1998-12-28,123.25,122.375,75.86536407470703
1998-12-29,122.71875,124.3125,77.06648254394531
1998-12-30,123.9375,123.3125,76.4465560913086
1998-12-31,123.3125,123.3125,76.4465560913086
1999-01-04,123.375,123.03125,76.27222442626953
1999-01-05,122.9375,124.4375,77.14397430419922
1999-01-06,125.8125,127.4375,79.00379943847656
1999-01-07,126.375,126.8125,78.6163330078125
1999-01-08,128.1875,127.75,79.19751739501953
1999-01-11,127.6875,126.53125,78.44200897216797
1999-01-12,126.21875,124.25,77.02774047851562
1999-01-13,120.40625,123.375,76.48526763916016
1999-01-14,123.625,121.21875,75.14855194091797
1999-01-15,122.375,124.375,77.1052474975586
1999-01-19,125.296875,125.1875,77.60892486572266
1999-01-20,126.09375,126.1875,78.22888946533203
1999-01-21,125.578125,122.84375,76.15593719482422
1999-01-22,122.125,122.5625,75.98159790039062
1999-01-25,123.28125,123.8125,76.75647735595703
1999-01-26,124.125,126.0625,78.15135192871094
1999-01-27,126.375,124.59375,77.24080657958984
1999-01-28,125.25,126.6875,78.53884887695312
1999-01-29,127.34375,127.65625,79.13941192626953
1999-02-01,128.6875,126.90625,78.6744613647461
1999-02-02,127.078125,126.125,78.19010162353516
1999-02-03,125.6875,127.40625,78.98445892333984
1999-02-04,127.375,125.5,77.80267333984375
1999-02-05,125.65625,124.0625,76.91150665283203
1999-02-08,125.09375,124.3125,77.06648254394531
1999-02-09,124.375,121.53125,75.34224700927734
1999-02-10,122.125,122.3125,75.82660675048828
1999-02-11,123.0625,125.125,77.57019805908203
1999-02-12,124.8125,123.625,76.64025115966797
1999-02-16,124.75,122.875,76.17530059814453
1999-02-17,123.1875,122.75,76.09783172607422
1999-02-18,123.1875,123.71875,76.69841766357422
1999-02-19,124.0,124.25,77.02774047851562
1999-02-22,124.4375,127.5625,79.08128356933594
1999-02-23,127.59375,127.5,79.04251861572266
1999-02-24,127.84375,125.25,77.64768981933594
1999-02-25,124.53125,124.0625,76.91150665283203
1999-02-26,124.75,123.5625,76.60153198242188
1999-03-01,123.65625,123.90625,76.81462097167969
1999-03-02,124.5,122.8125,76.13660430908203
1999-03-03,123.09375,123.46875,76.54340362548828
1999-03-04,124.0625,125.03125,77.51204681396484
1999-03-05,127.5,127.546875,79.07157897949219
1999-03-08,128.28125,128.375,79.58495330810547
1999-03-09,128.125,128.0625,79.39129638671875
1999-03-10,128.46875,129.1875,80.08868408203125
1999-03-11,129.6875,130.625,80.97985076904297
1999-03-12,131.0,129.375,80.2049331665039
1999-03-15,129.9375,131.21875,81.34796905517578
1999-03-16,131.125,130.71875,81.0379638671875
1999-03-17,130.6875,130.15625,80.68927001953125
1999-03-18,129.78125,132.25,81.98727416992188
1999-03-19,132.3125,129.6875,80.59369659423828
1999-03-22,130.0625,129.9375,80.74905395507812
1999-03-23,129.3125,126.1875,78.41862487792969
1999-03-24,126.84375,126.90625,78.86526489257812
1999-03-25,128.0625,129.5,80.4771499633789
1999-03-26,128.625,128.5625,79.89457702636719
1999-03-29,129.15625,131.15625,81.50643920898438
1999-03-30,129.9375,130.46875,81.07920837402344
1999-03-31,131.15625,128.375,79.77803039550781
1999-04-01,129.6875,129.34375,80.38007354736328
1999-04-05,130.9375,132.40625,82.2832260131836
1999-04-06,132.1875,132.09375,82.08903503417969
1999-04-07,132.6875,133.15625,82.74932861328125
1999-04-08,133.1875,134.84375,83.79801177978516
1999-04-09,134.4375,134.875,83.81741333007812
1999-04-12,133.46875,136.3125,84.71076965332031
1999-04-13,136.25,135.4375,84.16697692871094
1999-04-14,136.0625,133.15625,82.74932861328125
1999-04-15,133.4375,132.65625,82.43858337402344
1999-04-16,132.90625,131.53125,81.73947143554688
1999-04-19,132.6875,129.5,80.4771499633789
1999-04-20,129.8125,131.125,81.48703002929688
1999-04-21,131.0625,134.875,83.81741333007812
1999-04-22,135.125,136.15625,84.61365509033203
1999-04-23,135.875,135.8125,84.4000244140625
1999-04-26,136.5,136.59375,84.88555145263672
1999-04-27,137.125,137.25,85.2933578491211
1999-04-28,136.4375,135.375,84.12818908691406
1999-04-29,135.5625,134.34375,83.48728942871094
1999-04-30,135.09375,133.25,82.80757141113281
1999-05-03,133.4375,135.6875,84.32234191894531
1999-05-04,135.125,133.75,83.11831665039062
1999-05-05,133.9375,134.8125,83.77857971191406
1999-05-06,134.4375,133.984375,83.26395416259766
1999-05-07,134.5,135.0,83.8951187133789
1999-05-10,134.84375,134.328125,83.4775619506836
1999-05-11,135.3125,135.6875,84.32234191894531
1999-05-12,135.75,136.75,84.9826431274414
1999-05-13,137.25,137.34375,85.35163879394531
1999-05-14,134.5625,133.78125,83.13772583007812
1999-05-17,133.625,134.1875,83.39017486572266
1999-05-18,134.53125,133.9375,83.23483276367188
1999-05-19,134.46875,134.90625,83.83684539794922
1999-05-20,135.125,134.09375,83.33192443847656
1999-05-21,134.125,133.34375,82.8658447265625
1999-05-24,133.84375,131.125,81.48703002929688
1999-05-25,131.375,129.0,80.16644287109375
1999-05-26,129.3125,130.4375,81.05976104736328
1999-05-27,129.84375,128.5625,79.89457702636719
1999-05-28,129.0,130.203125,80.91411590576172
1999-06-01,130.125,129.75,80.63252258300781
1999-06-02,129.75,129.875,80.710205078125
1999-06-03,130.6875,130.59375,81.15690612792969
1999-06-04,131.46875,133.21875,82.78817749023438
1999-06-07,133.4375,133.5625,83.00180053710938
1999-06-08,133.375,132.25,82.18614959716797
1999-06-09,132.40625,132.125,82.10843658447266
1999-06-10,131.4375,130.90625,81.35106658935547
1999-06-11,131.21875,129.8125,80.67134857177734
1999-06-14,130.6875,129.9375,80.74905395507812
1999-06-15,130.46875,130.8125,81.29283142089844
1999-06-16,132.375,133.3125,82.84638214111328
1999-06-17,132.875,134.5625,83.62322998046875
1999-06-18,134.0625,134.3125,83.71984100341797
1999-06-21,134.46875,134.625,83.91463470458984
1999-06-22,134.0,133.6875,83.33023071289062
1999-06-23,133.0,133.03125,82.92120361328125
1999-06-24,132.875,132.03125,82.29791259765625
1999-06-25,132.59375,131.703125,82.09339904785156
1999-06-28,132.6875,133.3125,83.09651947021484
1999-06-29,133.0,134.5625,83.87567901611328
1999-06-30,134.625,137.0,85.39501953125
1999-07-01,137.0,138.03125,86.03782653808594
1999-07-02,138.125,139.40625,86.89488220214844
1999-07-06,139.25,139.375,86.87542724609375
1999-07-07,139.0625,139.5625,86.9922866821289
1999-07-08,139.0625,139.671875,87.0604476928711
1999-07-09,140.0,140.5,87.57660675048828
1999-07-12,140.9375,139.875,87.18708038330078
1999-07-13,139.375,139.375,86.87542724609375
1999-07-14,140.0,140.15625,87.36235046386719
1999-07-15,140.78125,141.046875,87.91754913330078
1999-07-16,141.25,141.8125,88.3947525024414
1999-07-19,142.1875,140.875,87.81038665771484
1999-07-20,140.125,137.984375,86.00859069824219
1999-07-21,138.09375,137.828125,85.91120910644531
1999-07-22,137.4375,136.015625,84.78140258789062
1999-07-23,136.65625,135.75,84.61587524414062
1999-07-26,134.875,134.75,83.99253845214844
1999-07-27,136.0,135.875,84.69376373291016
1999-07-28,136.25,136.3125,84.96646118164062
1999-07-29,134.9375,134.40625,83.77825927734375
1999-07-30,134.8125,132.75,82.74591827392578
1999-08-02,132.75,133.0625,82.9406967163086
1999-08-03,133.71875,132.4375,82.55111694335938
1999-08-04,132.71875,130.625,81.42132568359375
1999-08-05,130.875,131.8125,82.16151428222656
1999-08-06,131.21875,130.375,81.2655029296875
1999-08-09,130.59375,130.09375,81.0902099609375
1999-08-10,129.875,128.65625,80.1941909790039
1999-08-11,129.6875,130.21875,81.1680908203125
1999-08-12,130.6875,130.140625,81.11939239501953
1999-08-13,131.625,133.15625,82.9991455078125
1999-08-16,133.125,133.75,83.36922454833984
1999-08-17,134.4375,134.625,83.91463470458984
1999-08-18,134.203125,133.65625,83.31077575683594
1999-08-19,132.375,132.5625,82.62903594970703
1999-08-20,133.0625,133.90625,83.46663665771484
1999-08-23,134.8125,136.46875,85.0638656616211
1999-08-24,136.0625,136.96875,85.37549591064453
1999-08-25,137.1875,138.375,86.25205993652344
1999-08-26,138.28125,136.71875,85.21968078613281
1999-08-27,136.875,135.0625,84.18730163574219
1999-08-30,135.34375,132.5625,82.62903594970703
1999-08-31,132.9375,132.0625,82.31734466552734
1999-09-01,132.9375,133.6875,83.33023071289062
1999-09-02,132.125,132.109375,82.3465805053711
1999-09-03,134.875,135.96875,84.7522201538086
1999-09-07,136.0625,135.46875,84.44056701660156
1999-09-08,134.84375,134.8125,84.03152465820312
1999-09-09,134.75,134.75,83.99253845214844
1999-09-10,136.25,135.875,84.69376373291016
1999-09-13,135.125,134.953125,84.11912536621094
1999-09-14,134.0625,134.0625,83.56399536132812
1999-09-15,135.4375,131.9375,82.23946380615234
1999-09-16,132.5,132.453125,82.56086730957031
1999-09-17,132.625,133.75,83.6040267944336
1999-09-20,133.9375,133.5625,83.48677825927734
1999-09-21,132.25,130.75,81.7287826538086
1999-09-22,131.25,130.609375,81.64087677001953
1999-09-23,131.8125,127.875,79.93170928955078
1999-09-24,127.75,127.75,79.85356903076172
1999-09-27,128.75,128.59375,80.3809814453125
1999-09-28,127.9375,128.34375,80.22468566894531
1999-09-29,128.4375,126.8125,79.26752471923828
1999-09-30,127.4375,128.75,80.47865295410156
1999-10-01,127.9375,128.46875,80.3028335571289
1999-10-04,129.1875,130.75,81.7287826538086
1999-10-05,130.71875,130.625,81.65065002441406
1999-10-06,130.75,132.625,82.90082550048828
1999-10-07,132.859375,131.875,82.43202209472656
1999-10-08,131.75,133.875,83.68217468261719
1999-10-11,133.59375,133.65625,83.54540252685547
1999-10-12,133.125,131.59375,82.2562255859375
1999-10-13,130.6875,128.1875,80.12706756591797
1999-10-14,128.484375,128.15625,80.10749816894531
1999-10-15,126.0,124.875,78.05646514892578
1999-10-18,124.9375,125.78125,78.62297058105469
1999-10-19,127.1875,127.0,79.38475799560547
1999-10-20,127.75,128.25,80.16614532470703
1999-10-21,127.21875,129.0,80.63489532470703
1999-10-22,129.75,130.09375,81.31859588623047
1999-10-25,129.3125,129.4375,80.90837097167969
1999-10-26,130.1875,127.8125,79.89263916015625
1999-10-27,128.375,130.125,81.33808898925781
1999-10-28,132.4375,134.5625,84.11190032958984
1999-10-29,135.84375,137.0,85.63551330566406
1999-11-01,136.5,135.5625,84.73698425292969
1999-11-02,135.96875,134.59375,84.13145446777344
1999-11-03,136.0,135.5,84.6978988647461
1999-11-04,136.75,136.53125,85.34253692626953
1999-11-05,138.625,137.875,86.18245697021484
1999-11-08,137.0,138.0,86.2605972290039
1999-11-09,138.5,136.703125,85.44995880126953
1999-11-10,136.25,137.71875,86.08482360839844
1999-11-11,138.1875,138.5,86.57312774658203
1999-11-12,139.25,139.75,87.3545150756836
1999-11-15,139.84375,140.078125,87.55957794189453
1999-11-16,140.5625,141.25,88.29210662841797
1999-11-17,142.25,141.625,88.5264892578125
1999-11-18,142.4375,142.625,89.151611328125
1999-11-19,142.40625,142.5,89.07345581054688
1999-11-22,142.4375,142.46875,89.05391693115234
1999-11-23,142.84375,141.21875,88.27252197265625
1999-11-24,140.75,141.96875,88.74137878417969
1999-11-26,142.46875,141.4375,88.4093246459961
1999-11-29,140.875,140.9375,88.09675598144531
1999-11-30,140.75,139.28125,87.06147766113281
1999-12-01,139.3125,140.40625,87.76468658447266
1999-12-02,140.625,141.25,88.29210662841797
1999-12-03,143.03125,143.84375,89.91337585449219
1999-12-06,143.53125,142.78125,89.24925231933594
1999-12-07,143.28125,141.625,88.5264892578125
1999-12-08,141.34375,140.71875,87.96002960205078
1999-12-09,141.8125,141.40625,88.38971710205078
1999-12-10,142.28125,141.875,88.68279266357422
1999-12-13,141.4375,142.125,88.83906555175781
1999-12-14,141.625,140.75,87.97952270507812
1999-12-15,140.375,141.5,88.44839477539062
1999-12-16,142.1875,142.125,88.83906555175781
1999-12-17,143.0,142.6875,89.40957641601562
1999-12-20,142.5625,141.65625,88.76337432861328
1999-12-21,141.59375,143.8125,90.1144790649414
1999-12-22,143.625,144.1875,90.34949493408203
1999-12-23,145.015625,146.484375,91.7887191772461
1999-12-27,146.5,146.28125,91.66145324707031
1999-12-28,145.875,146.1875,91.60273742675781
1999-12-29,146.3125,146.8125,91.99434661865234
1999-12-30,147.125,146.640625,91.88660430908203
1999-12-31,146.84375,146.875,92.03352355957031
2000-01-03,148.25,145.4375,91.13276672363281
2000-01-04,143.53125,139.75,87.5688705444336
2000-01-05,139.9375,140.0,87.72552490234375
2000-01-06,139.625,137.75,86.31571960449219
2000-01-07,140.3125,145.75,91.32857513427734
2000-01-10,146.25,146.25,91.64189147949219
2000-01-11,145.8125,144.5,90.5453109741211
2000-01-12,144.59375,143.0625,89.64457702636719
2000-01-13,144.46875,145.0,90.85865020751953
2000-01-14,146.53125,146.96875,92.09225463867188
2000-01-18,145.34375,145.8125,91.36772155761719
2000-01-19,145.3125,147.0,92.1117935180664
2000-01-20,146.96875,144.75,90.70197296142578
2000-01-21,145.5,144.4375,90.50613403320312
2000-01-24,145.65625,140.34375,87.9409408569336
2000-01-25,140.515625,141.9375,88.93960571289062
2000-01-26,141.0,140.8125,88.23465728759766
2000-01-27,141.84375,140.25,87.88224792480469
2000-01-28,139.4375,135.875,85.14077758789062
2000-01-31,135.8125,139.5625,87.4513931274414
2000-02-01,139.75,140.9375,88.31299591064453
2000-02-02,141.28125,141.0625,88.39130401611328
2000-02-03,140.875,143.1875,89.72289276123047
2000-02-04,143.1875,142.59375,89.35083770751953
2000-02-07,142.5625,142.375,89.2137451171875
2000-02-08,143.96875,144.3125,90.42787170410156
2000-02-09,144.46875,141.28125,88.52837371826172
2000-02-10,141.625,141.5625,88.70463562011719
2000-02-11,141.84375,138.6875,86.90311431884766
2000-02-14,139.78125,139.5,87.41222381591797
2000-02-15,139.25,141.078125,88.40108489990234
2000-02-16,140.375,139.0,87.09898376464844
2000-02-17,140.4375,138.28125,86.6485824584961
2000-02-18,138.875,135.3125,84.78829956054688
2000-02-22,135.1875,134.96875,84.5728988647461
2000-02-23,135.625,136.5625,85.57154083251953
2000-02-24,136.6875,133.8125,83.848388671875
2000-02-25,135.1875,133.328125,83.54485321044922
2000-02-28,133.375,136.125,85.29742431640625
2000-02-29,136.0625,137.4375,86.11986541748047
2000-03-01,137.625,138.4375,86.74649810791016
2000-03-02,138.6875,138.53125,86.80518341064453
2000-03-03,140.4375,141.125,88.43046569824219
2000-03-06,140.8125,139.75,87.5688705444336
2000-03-07,140.0,137.046875,85.8750991821289
2000-03-08,136.46875,136.875,85.7674331665039
2000-03-09,137.25,140.875,88.2738265991211
2000-03-10,140.1875,140.125,87.80384826660156
2000-03-13,136.6875,138.59375,86.84439849853516
2000-03-14,139.28125,136.625,85.61077117919922
2000-03-15,136.875,139.8125,87.60806274414062
2000-03-16,141.625,146.34375,91.70059204101562
2000-03-17,145.8125,146.9375,92.30671691894531
2000-03-20,146.875,146.1875,91.83555603027344
2000-03-21,145.53125,149.1875,93.72013092041016
2000-03-22,149.5625,150.09375,94.28946685791016
2000-03-23,149.15625,152.65625,95.89920043945312
2000-03-24,152.875,153.5625,96.4685287475586
2000-03-27,153.375,151.9375,95.44770812988281
2000-03-28,151.25,151.0625,94.8979721069336
2000-03-29,151.5625,151.21875,94.99616241455078
2000-03-30,150.15625,148.6875,93.40601348876953
2000-03-31,149.625,150.375,94.46610260009766
2000-04-03,150.125,151.25,95.01581573486328
2000-04-04,151.75,150.125,94.30906677246094
2000-04-05,147.875,149.1875,93.72013092041016
2000-04-06,150.25,150.484375,94.53483581542969
2000-04-07,151.5625,151.4375,95.13358306884766
2000-04-10,151.75,150.84375,94.76062774658203
2000-04-11,150.0,150.40625,94.48579406738281
2000-04-12,150.375,146.28125,91.89437103271484
2000-04-13,147.46875,144.25,90.61837005615234
2000-04-14,142.625,136.0,85.43570709228516
2000-04-17,135.1875,140.75,88.41964721679688
2000-04-18,140.5625,144.46875,90.75582885742188
2000-04-19,144.5,143.125,89.91163635253906
2000-04-20,143.5625,143.8125,90.34352111816406
2000-04-24,141.5,142.25,89.36198425292969
2000-04-25,144.625,148.15625,93.0722885131836
2000-04-26,147.96875,146.484375,92.02204895019531
2000-04-27,143.0,146.0,91.71773529052734
2000-04-28,147.0,145.09375,91.14846801757812
2000-05-01,146.5625,147.0625,92.38519287109375
2000-05-02,145.5,144.125,90.53984832763672
2000-05-03,144.0,140.75,88.41964721679688
2000-05-04,142.0,141.8125,89.08714294433594
2000-05-05,141.0625,143.53125,90.16685485839844
2000-05-08,142.75,142.453125,89.48954010009766
2000-05-09,143.0625,141.3125,88.77306365966797
2000-05-10,140.5,138.125,86.77063751220703
2000-05-11,140.125,141.28125,88.7533950805664
2000-05-12,141.8125,142.8125,89.7153549194336
2000-05-15,142.75,145.28125,91.26622009277344
2000-05-16,146.5625,146.6875,92.14967346191406
2000-05-17,145.6875,145.15625,91.18766021728516
2000-05-18,145.625,143.375,90.06866455078125
2000-05-19,142.5625,141.125,88.65522766113281
2000-05-22,141.25,140.0625,87.98778533935547
2000-05-23,140.4375,138.0,86.69210815429688
2000-05-24,138.0,140.25,88.10556030273438
2000-05-25,140.6875,137.84375,86.59394836425781
2000-05-26,138.8125,138.0,86.69210815429688
2000-05-30,140.0,142.5,89.51901245117188
2000-05-31,142.5625,142.8125,89.7153549194336
2000-06-01,143.6875,145.3125,91.2858657836914
2000-06-02,148.9375,147.84375,92.8759994506836
2000-06-05,147.46875,147.125,92.42446899414062
2000-06-06,146.625,146.46875,92.01220703125
2000-06-07,146.625,147.484375,92.65019226074219
2000-06-08,147.5,146.90625,92.28701782226562
2000-06-09,147.5,146.59375,92.09073638916016
2000-06-12,146.96875,144.875,91.01097869873047
2000-06-13,144.8125,147.59375,92.71895599365234
2000-06-14,148.25,147.84375,92.8759994506836
2000-06-15,148.125,148.15625,93.0722885131836
2000-06-16,148.3125,146.59375,92.30754089355469
2000-06-19,146.46875,148.46875,93.48826599121094
2000-06-20,148.1875,147.9375,93.15372467041016
2000-06-21,146.9375,147.875,93.11436462402344
2000-06-22,147.5625,145.625,91.69756317138672
2000-06-23,145.8125,144.375,90.91045379638672
2000-06-26,145.375,146.234375,92.08129119873047
2000-06-27,145.984375,145.15625,91.40238952636719
2000-06-28,145.625,145.5625,91.65819549560547
2000-06-29,144.75,144.1875,90.79240417480469
2000-06-30,143.9375,145.28125,91.48111724853516
2000-07-03,145.4375,147.28125,92.74047088623047
2000-07-05,146.375,144.625,91.0678482055664
2000-07-06,144.9375,145.75,91.77626037597656
2000-07-07,146.6875,148.09375,93.25204467773438
2000-07-10,147.875,147.84375,93.09465789794922
2000-07-11,147.46875,148.15625,93.29144287109375
2000-07-12,149.28125,149.125,93.90142059326172
2000-07-13,149.984375,149.78125,94.31465911865234
2000-07-14,150.4375,151.25,95.23947143554688
2000-07-17,150.984375,151.0,95.08209228515625
2000-07-18,150.625,149.765625,94.30487060546875
2000-07-19,149.46875,148.5625,93.54724884033203
2000-07-20,149.0,150.625,94.84597778320312
2000-07-21,149.75,147.6875,92.99624633789062
2000-07-24,148.125,146.84375,92.46500396728516
2000-07-25,147.75,147.3125,92.76013946533203
2000-07-26,146.96875,145.875,91.85498046875
2000-07-27,145.9375,145.375,91.5401382446289
2000-07-28,145.71875,142.09375,89.47393035888672
2000-07-31,142.9375,143.0,90.04463958740234
2000-08-01,143.625,143.875,90.59561920166016
2000-08-02,143.875,144.59375,91.0482177734375
2000-08-03,142.875,145.59375,91.67786407470703
2000-08-04,146.3125,146.375,92.1697769165039
2000-08-07,146.71875,148.125,93.27176666259766
2000-08-08,147.5,148.6875,93.62594604492188
2000-08-09,149.140625,147.4375,92.83882141113281
2000-08-10,147.53125,146.71875,92.38624572753906
2000-08-11,146.625,147.40625,92.81915283203125
2000-08-14,147.78125,149.28125,93.99983215332031
2000-08-15,149.34375,149.15625,93.92112731933594
2000-08-16,149.3125,148.625,93.58660888671875
2000-08-17,148.6875,150.1875,94.57046508789062
2000-08-18,150.375,149.6875,94.2555923461914
2000-08-21,150.03125,150.5,94.76725006103516
2000-08-22,150.5625,150.25,94.60978698730469
2000-08-23,149.8125,150.84375,94.98371124267578
2000-08-24,151.15625,151.3125,95.27891540527344
2000-08-25,151.15625,151.25,95.23947143554688
2000-08-28,151.25,151.765625,95.56421661376953
2000-08-29,151.4375,151.796875,95.58390045166016
2000-08-30,151.3125,150.34375,94.6688461303711
2000-08-31,151.0625,152.34375,95.9282455444336
2000-09-01,153.25,152.5,96.02662658691406
2000-09-05,151.875,151.28125,95.25920104980469
2000-09-06,151.1875,149.5625,94.1768798828125
2000-09-07,150.25,150.84375,94.98371124267578
2000-09-08,150.28125,149.8125,94.3343505859375
2000-09-11,149.75,149.59375,94.19661712646484
2000-09-12,149.75,148.5,93.50792694091797
2000-09-13,148.0,148.890625,93.75391387939453
2000-09-14,149.875,149.640625,94.22614288330078
2000-09-15,148.1875,146.0,92.16464233398438
2000-09-18,146.375,144.65625,91.3163833618164
2000-09-19,145.125,145.96875,92.14488220214844
2000-09-20,145.6875,144.890625,91.46430206298828
2000-09-21,144.46875,142.6875,90.07356262207031
2000-09-22,142.625,145.28125,91.7109146118164
2000-09-25,145.9375,144.25,91.05998229980469
2000-09-26,144.375,142.40625,89.89604187011719
2000-09-27,143.5625,143.15625,90.36947631835938
2000-09-28,143.1875,145.0,91.53334045410156
2000-09-29,145.46875,143.625,90.66541290283203
2000-10-02,144.28125,143.84375,90.80348205566406
2000-10-03,144.53125,142.5,89.9552230834961
2000-10-04,142.875,143.6875,90.70484161376953
2000-10-05,143.40625,144.1875,91.02047729492188
2000-10-06,143.875,141.0625,89.04777526855469
2000-10-09,141.3125,140.0,88.3770523071289
2000-10-10,140.09375,137.6875,86.91724395751953
2000-10-11,137.625,136.53125,86.1873550415039
2000-10-12,137.28125,133.125,84.03712463378906
2000-10-13,132.9375,137.5625,86.83833312988281
2000-10-16,137.40625,138.1875,87.23291778564453
2000-10-17,138.4375,134.75,85.06289672851562
2000-10-18,132.625,134.25,84.74729919433594
2000-10-19,136.84375,139.3125,87.94308471679688
2000-10-20,138.375,139.90625,88.31787109375
2000-10-23,139.9375,140.53125,88.71239471435547
2000-10-24,140.96875,139.59375,88.12057495117188
2000-10-25,138.75,136.3125,86.04926300048828
2000-10-26,137.125,136.6875,86.28596496582031
2000-10-27,137.875,139.28125,87.92334747314453
2000-10-30,138.4375,140.53125,88.71239471435547
2000-10-31,141.015625,142.953125,90.24124908447266
2000-11-01,142.25,142.46875,89.9354476928711
2000-11-02,143.15625,142.703125,90.08344268798828
2000-11-03,143.46875,142.78125,90.13275909423828
2000-11-06,143.15625,143.78125,90.7640151977539
2000-11-07,143.140625,143.75,90.74427032470703
2000-11-08,144.0625,140.5625,88.73211669921875
2000-11-09,140.0,140.03125,88.39677429199219
2000-11-10,139.0,136.625,86.24653625488281
2000-11-13,135.625,135.5625,85.57582092285156
2000-11-14,137.46875,139.125,87.82470703125
2000-11-15,139.0625,139.5625,88.1008529663086
2000-11-16,138.578125,137.375,86.719970703125
2000-11-17,137.3125,136.640625,86.25643157958984
2000-11-20,135.75,134.6875,85.02345275878906
2000-11-21,134.875,135.375,85.45745849609375
2000-11-22,134.34375,132.140625,83.41568756103516
2000-11-24,133.625,134.84375,85.12207794189453
2000-11-27,136.46875,136.03125,85.8717269897461
2000-11-28,135.125,133.6875,84.39218139648438
2000-11-29,134.375,133.4375,84.234375
2000-11-30,132.5,132.28125,83.5044937133789
2000-12-01,133.1875,132.21875,83.46502685546875
2000-12-04,131.875,133.34375,84.1751480102539
2000-12-05,134.875,137.71875,86.93695831298828
2000-12-06,137.78125,135.515625,85.54623413085938
2000-12-07,134.875,133.65625,84.37245178222656
2000-12-08,137.0625,133.96875,84.56974792480469
2000-12-11,137.375,138.625,87.50907135009766
2000-12-12,138.1875,138.03125,87.13428497314453
2000-12-13,139.25,136.140625,85.94078826904297
2000-12-14,135.875,134.40625,84.84590148925781
2000-12-15,133.125,130.96875,82.92951965332031
2000-12-18,132.0625,132.71875,84.03764343261719
2000-12-19,132.46875,130.015625,82.32600402832031
2000-12-20,128.625,126.25,79.94160461425781
2000-12-21,126.0,127.125,80.49567413330078
2000-12-22,129.0,130.9375,82.90974426269531
2000-12-26,130.84375,132.34375,83.8001937866211
2000-12-27,131.75,133.3125,84.4135971069336
2000-12-28,132.8125,133.71875,84.67083740234375
2000-12-29,134.0625,131.1875,83.06803131103516
2001-01-02,132.0,128.8125,81.5641860961914
2001-01-03,128.3125,135.0,85.48216247558594
2001-01-04,134.9375,133.546875,84.56198120117188
2001-01-05,133.46875,129.1875,81.80164337158203
2001-01-08,129.875,130.1875,82.43484497070312
2001-01-09,131.046875,129.84375,82.21721649169922
2001-01-10,129.0,132.125,83.66170501708984
2001-01-11,131.09375,132.25,83.74082946777344
2001-01-12,132.6875,132.0,83.5825424194336
2001-01-16,132.0,132.84375,84.11679077148438
2001-01-17,134.84375,133.453125,84.50265502929688
2001-01-18,133.4375,134.78125,85.3436279296875
2001-01-19,136.1875,134.015625,84.85877990722656
2001-01-22,134.25,134.90625,85.42278289794922
2001-01-23,134.46875,135.96875,86.09548950195312
2001-01-24,136.25,136.375,86.35277557373047
2001-01-25,136.25,136.03125,86.13512420654297
2001-01-26,135.15625,135.875,86.0361557006836
2001-01-29,135.5,136.60000610351562,86.49526977539062
2001-01-30,136.3000030517578,137.8000030517578,87.25508117675781
2001-01-31,137.39999389648438,137.02000427246094,86.76115417480469
2001-02-01,137.10000610351562,137.92999267578125,87.33740234375
2001-02-02,137.39999389648438,134.8000030517578,85.35546875
2001-02-05,134.8000030517578,135.7899932861328,85.98236846923828
2001-02-06,135.3000030517578,135.38999938964844,85.72909545898438
2001-02-07,134.72000122070312,134.69000244140625,85.28587341308594
2001-02-08,134.8000030517578,133.1199951171875,84.29170227050781
2001-02-09,133.35000610351562,131.83999633789062,83.48118591308594
2001-02-12,131.6999969482422,133.35000610351562,84.43734741210938
2001-02-13,133.6999969482422,132.25999450683594,83.74713134765625
2001-02-14,132.64999389648438,132.05999755859375,83.62049865722656
2001-02-15,132.83999633789062,133.33999633789062,84.43099212646484
2001-02-16,131.0,130.39999389648438,82.56940460205078
2001-02-20,131.0399932861328,128.38999938964844,81.29667663574219
2001-02-21,127.9000015258789,125.62000274658203,79.54266357421875
2001-02-22,126.3499984741211,125.80999755859375,79.66300201416016
2001-02-23,125.08000183105469,124.95999908447266,79.12477111816406
2001-02-26,125.80000305175781,127.62000274658203,80.80909729003906
2001-02-27,126.80000305175781,126.44000244140625,80.06192016601562
2001-02-28,126.75,123.94999694824219,78.4852523803711
2001-03-01,124.05000305175781,124.5999984741211,78.8968276977539
2001-03-02,122.5,123.61000061035156,78.26994323730469
2001-03-05,124.1500015258789,124.73999786376953,78.9854507446289
2001-03-06,126.3499984741211,126.08000183105469,79.83399963378906
2001-03-07,126.9000015258789,126.9800033569336,80.40387725830078
2001-03-08,126.5999984741211,127.12000274658203,80.4925308227539
2001-03-09,126.0999984741211,123.36000061035156,78.11166381835938
2001-03-12,122.33999633789062,118.08000183105469,74.76836395263672
2001-03-13,119.4000015258789,120.0199966430664,75.99675750732422
2001-03-14,117.05000305175781,117.6500015258789,74.4960708618164
2001-03-15,118.44999694824219,117.68000030517578,74.51509094238281
2001-03-16,117.12999725341797,115.01000213623047,73.02051544189453
2001-03-19,115.76000213623047,117.3499984741211,74.50618743896484
2001-03-20,117.9000015258789,114.19999694824219,72.50625610351562
2001-03-21,114.18000030517578,112.26000213623047,71.27455139160156
2001-03-22,112.0199966430664,111.12000274658203,70.55074310302734
2001-03-23,113.25,114.4800033569336,72.68401336669922
2001-03-26,115.69999694824219,115.94000244140625,73.6109848022461
2001-03-27,115.62000274658203,118.30999755859375,75.11569213867188
2001-03-28,116.9000015258789,115.04000091552734,73.0395736694336
2001-03-29,114.69999694824219,115.4800033569336,73.31893920898438
2001-03-30,115.55000305175781,116.69000244140625,74.08717346191406
2001-04-02,116.30000305175781,114.19999694824219,72.50625610351562
2001-04-03,113.9800033569336,110.38999938964844,70.08722686767578
2001-04-04,110.56999969482422,110.8499984741211,70.37932586669922
2001-04-05,113.30000305175781,115.05000305175781,73.04592895507812
2001-04-06,113.98999786376953,113.30000305175781,71.93482208251953
2001-04-09,114.0,114.55999755859375,72.73481750488281
2001-04-10,115.44999694824219,116.6500015258789,74.06175994873047
2001-04-11,118.77999877929688,116.7300033569336,74.11255645751953
2001-04-12,116.30000305175781,118.8499984741211,75.45857238769531
2001-04-16,118.29000091552734,117.5999984741211,74.66492462158203
2001-04-17,117.30999755859375,119.26000213623047,75.7188949584961
2001-04-18,121.05999755859375,124.0,78.72834777832031
2001-04-19,124.25,125.6500015258789,79.7759017944336
2001-04-20,124.9000015258789,124.5,79.04576110839844
2001-04-23,123.6500015258789,122.23999786376953,77.61087036132812
2001-04-24,122.5199966430664,121.58000183105469,77.19183349609375
2001-04-25,121.41999816894531,123.16999816894531,78.20135498046875
2001-04-26,123.7300033569336,123.72000122070312,78.55056762695312
2001-04-27,124.91999816894531,125.77999877929688,79.85845947265625
2001-04-30,126.44999694824219,126.66000366210938,80.41717529296875
2001-05-01,125.06999969482422,127.05000305175781,80.66478729248047
2001-05-02,127.41000366210938,126.81999969482422,80.51874542236328
2001-05-03,126.12999725341797,125.20999908447266,79.49653625488281
2001-05-04,123.6500015258789,127.33999633789062,80.84893035888672
2001-05-07,126.86000061035156,126.23999786376953,80.1505126953125
2001-05-08,126.86000061035156,126.18000030517578,80.1124267578125
2001-05-09,125.25,125.6500015258789,79.7759017944336
2001-05-10,127.26000213623047,126.0199966430664,80.01084899902344
2001-05-11,126.0,125.1500015258789,79.45843505859375
2001-05-14,124.9000015258789,125.4000015258789,79.6171875
2001-05-15,125.55000305175781,125.9800033569336,79.98545837402344
2001-05-16,124.83999633789062,128.9499969482422,81.87108612060547
2001-05-17,129.0,129.14999389648438,81.99810028076172
2001-05-18,129.08999633789062,129.74000549316406,82.37271118164062
2001-05-21,129.83999633789062,131.64999389648438,83.58535766601562
2001-05-22,131.8300018310547,131.47999572753906,83.47740173339844
2001-05-23,131.0500030517578,129.25,82.06157684326172
2001-05-24,129.47000122070312,129.6300048828125,82.3028793334961
2001-05-25,129.64999389648438,128.10000610351562,81.33143615722656
2001-05-29,128.22000122070312,127.08000183105469,80.68379211425781
2001-05-30,126.58999633789062,125.30000305175781,79.55370330810547
2001-05-31,125.43000030517578,125.94999694824219,79.96642303466797
2001-06-01,126.19999694824219,126.7300033569336,80.46163177490234
2001-06-04,126.80000305175781,127.33999633789062,80.84893035888672
2001-06-05,127.48999786376953,128.8000030517578,81.77587127685547
2001-06-06,128.8300018310547,127.7300033569336,81.09651947021484
2001-06-07,127.05000305175781,128.19000244140625,81.38859558105469
2001-06-08,127.69999694824219,127.0,80.6330337524414
2001-06-11,126.70999908447266,126.0999984741211,80.06160736083984
2001-06-12,124.86000061035156,125.87999725341797,79.92196655273438
2001-06-13,126.16999816894531,124.80000305175781,79.23625183105469
2001-06-14,124.18000030517578,122.0,77.45848846435547
2001-06-15,120.91000366210938,121.8499984741211,77.58332061767578
2001-06-18,121.6500015258789,121.26000213623047,77.20762634277344
2001-06-19,122.37999725341797,121.79000091552734,77.54507446289062
2001-06-20,121.19000244140625,122.43000030517578,77.95263671875
2001-06-21,122.22000122070312,123.81999969482422,78.83761596679688
2001-06-22,123.48999786376953,122.8499984741211,78.22000122070312
2001-06-25,123.27999877929688,121.72000122070312,77.50052642822266
2001-06-26,120.9000015258789,121.55000305175781,77.3923110961914
2001-06-27,121.5999984741211,121.4800033569336,77.34773254394531
2001-06-28,122.0,122.1500015258789,77.77432250976562
2001-06-29,122.80000305175781,122.5999984741211,78.06083679199219
2001-07-02,122.80000305175781,124.12999725341797,79.03501892089844
2001-07-03,123.9800033569336,124.0999984741211,79.01590728759766
2001-07-05,123.06999969482422,121.68000030517578,77.47503662109375
2001-07-06,121.30999755859375,119.05000305175781,75.80050659179688
2001-07-09,119.48999786376953,119.69999694824219,76.21436309814453
2001-07-10,120.29000091552734,118.26000213623047,75.29750061035156
2001-07-11,118.0999984741211,118.37999725341797,75.3739013671875
2001-07-12,119.5,121.19000244140625,77.16304779052734
2001-07-13,120.83999633789062,122.23999786376953,77.83161926269531
2001-07-16,121.7699966430664,120.70999908447266,76.85746002197266
2001-07-17,120.19999694824219,121.83999633789062,77.57696533203125
2001-07-18,120.55999755859375,121.01000213623047,77.04847717285156
2001-07-19,122.18000030517578,122.06999969482422,77.72338104248047
2001-07-20,121.1500015258789,121.33999633789062,77.25858306884766
2001-07-23,121.80000305175781,118.94999694824219,75.73683166503906
2001-07-24,119.0,117.80000305175781,75.004638671875
2001-07-25,117.91999816894531,119.0999984741211,75.83233642578125
2001-07-26,119.05999755859375,120.3499984741211,76.62824249267578
2001-07-27,120.83000183105469,120.80999755859375,76.9211196899414
2001-07-30,121.19000244140625,120.8499984741211,76.94657897949219
2001-07-31,121.0,121.3499984741211,77.26492309570312
2001-08-01,121.97000122070312,122.11000061035156,77.74887084960938
2001-08-02,123.2300033569336,122.61000061035156,78.06720733642578
2001-08-03,122.36000061035156,121.94000244140625,77.640625
2001-08-06,121.3499984741211,120.30000305175781,76.59642028808594
2001-08-07,120.2699966430664,120.7699966430664,76.89563751220703
2001-08-08,120.12000274658203,118.52999877929688,75.46942138671875
2001-08-09,118.69999694824219,118.87999725341797,75.69229125976562
2001-08-10,118.80000305175781,119.29000091552734,75.95331573486328
2001-08-13,119.5999984741211,119.31999969482422,75.97241973876953
2001-08-14,120.13999938964844,119.2699966430664,75.94058990478516
2001-08-15,119.2300033569336,118.23999786376953,75.2847671508789
2001-08-16,117.80000305175781,118.6500015258789,75.54581451416016
2001-08-17,117.6500015258789,116.75,74.33604431152344
2001-08-20,116.80000305175781,117.83000183105469,75.02375030517578
2001-08-21,117.80000305175781,115.81999969482422,73.74394226074219
2001-08-22,116.75,117.0199966430664,74.50801849365234
2001-08-23,116.95999908447266,116.5999984741211,74.24053192138672
2001-08-24,117.20999908447266,119.0199966430664,75.78141784667969
2001-08-27,118.97000122070312,118.30999755859375,75.32936096191406
2001-08-28,118.27999877929688,116.58000183105469,74.2278060913086
2001-08-29,117.12999725341797,115.54000091552734,73.56568908691406
2001-08-30,114.8499984741211,113.31999969482422,72.15215301513672
2001-08-31,113.4000015258789,114.1500015258789,72.68062591552734
2001-09-04,113.8499984741211,113.41999816894531,72.21582794189453
2001-09-05,113.69999694824219,113.69999694824219,72.39411926269531
2001-09-06,112.6500015258789,110.7699966430664,70.52854919433594
2001-09-07,110.0199966430664,108.72000122070312,69.22330474853516
2001-09-10,107.69999694824219,110.05000305175781,70.07012176513672
2001-09-17,101.0,104.30000305175781,66.40901184082031
2001-09-18,104.33000183105469,104.05000305175781,66.2498550415039
2001-09-19,104.0999984741211,101.94999694824219,64.91277313232422
2001-09-20,100.4000015258789,98.70999908447266,62.849796295166016
2001-09-21,94.27999877929688,97.27999877929688,62.171722412109375
2001-09-24,99.72000122070312,100.69999694824219,64.35742950439453
2001-09-25,100.75,101.75,65.0284652709961
2001-09-26,102.3499984741211,101.38999938964844,64.79840087890625
2001-09-27,101.25,102.2699966430664,65.3608169555664
2001-09-28,102.9800033569336,104.44000244140625,66.74767303466797
2001-10-01,103.9000015258789,104.2699966430664,66.63903045654297
2001-10-02,104.0,105.58000183105469,67.47625732421875
2001-10-03,104.5999984741211,107.3499984741211,68.60743713378906
2001-10-04,108.29000091552734,107.44000244140625,68.6650161743164
2001-10-05,107.25,107.2300033569336,68.53079223632812
2001-10-08,106.2699966430664,106.52999877929688,68.08338928222656
2001-10-09,106.61000061035156,105.95999908447266,67.71908569335938
2001-10-10,105.80000305175781,108.31999969482422,69.22738647460938
2001-10-11,108.94999694824219,110.0,70.30109405517578
2001-10-12,109.1500015258789,109.5,69.98151397705078
2001-10-15,108.62999725341797,109.30000305175781,69.85369873046875
2001-10-16,109.80000305175781,109.98999786376953,70.29468536376953
2001-10-17,111.06999969482422,107.6500015258789,68.79914093017578
2001-10-18,107.81999969482422,107.41999816894531,68.65216064453125
2001-10-19,107.0,107.3499984741211,68.60743713378906
2001-10-22,107.30000305175781,109.47000122070312,69.96236419677734
2001-10-23,109.95999908447266,108.91000366210938,69.60444641113281
2001-10-24,108.9800033569336,108.62000274658203,69.41913604736328
2001-10-25,107.44999694824219,110.56999969482422,70.66535186767578
2001-10-26,109.94999694824219,110.31999969482422,70.50556945800781
2001-10-29,110.16000366210938,107.44999694824219,68.67135620117188
2001-10-30,107.3499984741211,106.16000366210938,67.84693908691406
2001-10-31,106.9000015258789,105.80000305175781,67.61685180664062
2001-11-01,106.5999984741211,108.51000213623047,69.34880828857422
2001-11-02,108.44000244140625,109.25,69.82170104980469
2001-11-05,110.12000274658203,110.68000030517578,70.73566436767578
2001-11-06,110.3499984741211,112.4000015258789,71.83490753173828
2001-11-07,111.7699966430664,112.25,71.7390365600586
2001-11-08,112.87000274658203,112.5999984741211,71.96273040771484
2001-11-09,112.25,112.72000122070312,72.03942108154297
2001-11-12,111.0,112.02999877929688,71.59844207763672
2001-11-13,113.44000244140625,114.55000305175781,73.20902252197266
2001-11-14,115.16999816894531,114.66000366210938,73.27928924560547
2001-11-15,114.37000274658203,114.87000274658203,73.41346740722656
2001-11-16,115.08000183105469,114.36000061035156,73.0875244140625
2001-11-19,114.91999816894531,115.7699966430664,73.98869323730469
2001-11-20,115.37000274658203,114.80000305175781,73.36872863769531
2001-11-21,114.5,114.04000091552734,72.88301086425781
2001-11-23,114.04000091552734,115.68000030517578,73.9311752319336
2001-11-26,115.75,115.93000030517578,74.0909423828125
2001-11-27,115.62000274658203,115.43000030517578,73.7713623046875
2001-11-28,114.73999786376953,113.33999633789062,72.4356689453125
2001-11-29,113.66000366210938,114.87000274658203,73.41346740722656
2001-11-30,114.4000015258789,114.05000305175781,72.88943481445312
2001-12-03,113.6500015258789,113.37000274658203,72.45484161376953
2001-12-04,113.91999816894531,115.29000091552734,73.68191528320312
2001-12-05,115.61000061035156,117.4000015258789,75.03041076660156
2001-12-06,117.33999633789062,117.33999633789062,74.9920654296875
2001-12-07,116.9000015258789,116.55999755859375,74.49356079101562
2001-12-10,115.8499984741211,114.37999725341797,73.100341796875
2001-12-11,114.9000015258789,114.1500015258789,72.95333099365234
2001-12-12,114.55000305175781,114.27999877929688,73.03643035888672
2001-12-13,113.44999694824219,112.05999755859375,71.61764526367188
2001-12-14,112.33000183105469,113.12999725341797,72.30145263671875
2001-12-17,112.98999786376953,114.30000305175781,73.04918670654297
2001-12-18,114.62999725341797,114.9800033569336,73.48379516601562
2001-12-19,114.08999633789062,115.79000091552734,74.00148010253906
2001-12-20,115.5,114.6500015258789,73.27287292480469
2001-12-21,115.02999877929688,114.94999694824219,73.71729278564453
2001-12-24,114.83000183105469,114.7300033569336,73.57622528076172
2001-12-26,114.6500015258789,115.36000061035156,73.98021697998047
2001-12-27,115.30000305175781,116.05999755859375,74.42915344238281
2001-12-28,116.29000091552734,116.0,74.39065551757812
2001-12-31,116.1500015258789,114.30000305175781,73.30046081542969
2002-01-02,115.11000061035156,115.52999877929688,74.0892562866211
2002-01-03,115.6500015258789,116.83999633789062,74.92933654785156
2002-01-04,117.16999816894531,117.62000274658203,75.42961120605469
2002-01-07,117.69999694824219,116.79000091552734,74.8973159790039
2002-01-08,116.79000091552734,116.5199966430664,74.72415161132812
2002-01-09,116.68000030517578,115.56999969482422,74.11490631103516
2002-01-10,115.69000244140625,116.08000183105469,74.44197845458984
2002-01-11,116.20999908447266,114.94000244140625,73.71089172363281
2002-01-14,114.6500015258789,114.22000122070312,73.24917602539062
2002-01-15,114.55000305175781,115.1500015258789,73.84557342529297
2002-01-16,114.30000305175781,112.81999969482422,72.35133361816406
2002-01-17,113.76000213623047,113.66999816894531,72.89643859863281
2002-01-18,113.0,113.1500015258789,72.56297302246094
2002-01-22,113.75,112.37000274658203,72.06275939941406
2002-01-23,112.62999725341797,113.2300033569336,72.61426544189453
2002-01-24,113.63999938964844,113.58000183105469,72.83868408203125
2002-01-25,113.12000274658203,113.55000305175781,72.81950378417969
2002-01-28,113.9000015258789,113.86000061035156,73.01829528808594
2002-01-29,113.8499984741211,110.27999877929688,70.722412109375
2002-01-30,110.38999938964844,111.87000274658203,71.74211883544922
2002-01-31,112.1500015258789,113.18000030517578,72.58222198486328
2002-02-01,113.08999633789062,112.6500015258789,72.24232482910156
2002-02-04,112.2300033569336,109.8499984741211,70.44670104980469
2002-02-05,109.4000015258789,109.16999816894531,70.0105972290039
2002-02-06,109.6500015258789,108.69999694824219,69.70918273925781
2002-02-07,108.72000122070312,108.0199966430664,69.27310943603516
2002-02-08,108.62999725341797,110.08999633789062,70.6005859375
2002-02-11,110.05000305175781,111.44000244140625,71.46633911132812
2002-02-12,110.95999908447266,111.08999633789062,71.24191284179688
2002-02-13,111.4800033569336,112.2699966430664,71.99862670898438
2002-02-14,112.51000213623047,112.05999755859375,71.86395263671875
2002-02-15,112.1500015258789,110.88999938964844,71.11363983154297
2002-02-19,110.1500015258789,108.76000213623047,69.74765014648438
2002-02-20,109.05000305175781,110.58999633789062,70.9212417602539
2002-02-21,109.93000030517578,108.30000305175781,69.45269012451172
2002-02-22,108.3499984741211,109.63999938964844,70.31201934814453
2002-02-25,109.73999786376953,111.44999694824219,71.4727783203125
2002-02-26,111.5999984741211,111.22000122070312,71.32527160644531
2002-02-27,111.95999908447266,111.6500015258789,71.6010513305664
2002-02-28,111.83000183105469,111.1500015258789,71.28041076660156
2002-03-01,111.72000122070312,113.73999786376953,72.94132995605469
2002-03-04,113.9000015258789,115.75,74.2303466796875
2002-03-05,115.33000183105469,115.37999725341797,73.99304962158203
2002-03-06,115.0999984741211,116.75,74.87162017822266
2002-03-07,117.36000061035156,116.5,74.71134948730469
2002-03-08,117.37999725341797,116.98999786376953,75.02556610107422
2002-03-11,116.88999938964844,117.23999786376953,75.18590545654297
2002-03-12,116.0999984741211,117.16999816894531,75.1410140991211
2002-03-13,116.62999725341797,116.04000091552734,74.41636657714844
2002-03-14,116.04000091552734,115.87999725341797,74.31373596191406
2002-03-15,115.97000122070312,116.6500015258789,75.02178955078125
2002-03-18,117.0999984741211,116.66999816894531,75.03466033935547
2002-03-19,117.30000305175781,117.44999694824219,75.53632354736328
2002-03-20,116.5,115.23999786376953,74.11498260498047
2002-03-21,115.30000305175781,115.29000091552734,74.14714813232422
2002-03-22,115.5,115.04000091552734,73.98639678955078
2002-03-25,115.08999633789062,113.61000061035156,73.0666732788086
2002-03-26,113.5199966430664,114.2699966430664,73.49115753173828
2002-03-27,114.02999877929688,114.56999969482422,73.68409729003906
2002-03-28,114.97000122070312,114.5199966430664,73.65194702148438
2002-04-01,114.2300033569336,114.56999969482422,73.68409729003906
2002-04-02,113.9800033569336,113.94000244140625,73.27891540527344
2002-04-03,114.01000213623047,113.13999938964844,72.76435852050781
2002-04-04,112.5999984741211,112.66999816894531,72.4621353149414
2002-04-05,113.19000244140625,112.69000244140625,72.47499084472656
2002-04-08,111.31999969482422,112.93000030517578,72.62934112548828
2002-04-09,113.18000030517578,112.13999938964844,72.12126922607422
2002-04-10,112.0999984741211,113.41000366210938,72.93806457519531
2002-04-11,112.88999938964844,110.58999633789062,71.12440490722656
2002-04-12,111.0199966430664,111.41999816894531,71.658203125
2002-04-15,111.62000274658203,110.56999969482422,71.11154174804688
2002-04-16,111.69999694824219,113.19999694824219,72.8029556274414
2002-04-17,113.38999938964844,112.95999908447266,72.64862060546875
2002-04-18,112.9000015258789,112.47000122070312,72.33350372314453
2002-04-19,113.19999694824219,112.87999725341797,72.59718322753906
2002-04-22,112.37999725341797,111.0,71.38809204101562
2002-04-23,111.08999633789062,110.5199966430664,71.0793685913086
2002-04-24,110.55999755859375,109.41000366210938,70.36551666259766
2002-04-25,109.20999908447266,109.47000122070312,70.4040756225586
2002-04-26,109.79000091552734,107.38999938964844,69.06636047363281
2002-04-29,107.93000030517578,106.86000061035156,68.72555541992188
2002-04-30,107.0199966430664,107.86000061035156,69.36862182617188
2002-05-01,107.97000122070312,109.18000030517578,70.21759033203125
2002-05-02,109.0999984741211,108.76000213623047,69.94744873046875
2002-05-03,108.5999984741211,107.58000183105469,69.18855285644531
2002-05-06,107.63999938964844,105.47000122070312,67.8315658569336
2002-05-07,106.0999984741211,105.0999984741211,67.59358215332031
2002-05-08,107.05000305175781,109.01000213623047,70.1082534790039
2002-05-09,108.6500015258789,107.75,69.29789733886719
2002-05-10,107.97000122070312,105.72000122070312,67.99231719970703
2002-05-13,106.22000122070312,107.87000274658203,69.37506103515625
2002-05-14,109.62000274658203,110.22000122070312,70.88645935058594
2002-05-15,109.5,109.79000091552734,70.60987854003906
2002-05-16,109.69999694824219,110.36000061035156,70.97649383544922
2002-05-17,110.66000366210938,110.9000015258789,71.32377624511719
2002-05-20,110.63999938964844,109.69999694824219,70.55203247070312
2002-05-21,110.11000061035156,108.69999694824219,69.90885925292969
2002-05-22,108.22000122070312,108.94000244140625,70.06322479248047
2002-05-23,109.26000213623047,110.0999984741211,70.80925750732422
2002-05-24,109.9800033569336,108.69000244140625,69.90245819091797
2002-05-28,109.05000305175781,108.0999984741211,69.52301025390625
2002-05-29,107.62000274658203,107.30000305175781,69.00851440429688
2002-05-30,106.55000305175781,107.0,68.8155288696289
2002-05-31,107.4000015258789,107.22000122070312,68.95702362060547
2002-06-03,107.08999633789062,104.37000274658203,67.12411499023438
2002-06-04,104.1500015258789,104.62999725341797,67.29131317138672
2002-06-05,104.94999694824219,105.61000061035156,67.92159271240234
2002-06-06,105.54000091552734,103.45999908447266,66.53885650634766
2002-06-07,101.77999877929688,103.33999633789062,66.4616470336914
2002-06-10,103.23999786376953,103.73999786376953,66.71892547607422
2002-06-11,104.12999725341797,101.95999908447266,65.5741195678711
2002-06-12,101.70999908447266,102.58000183105469,65.972900390625
2002-06-13,102.12999725341797,101.55000305175781,65.31045532226562
2002-06-14,100.30999755859375,101.4000015258789,65.21400451660156
2002-06-17,101.91999816894531,104.12000274658203,66.96331024169922
2002-06-18,103.73999786376953,104.97000122070312,67.5099868774414
2002-06-19,103.5,102.5199966430664,65.93427276611328
2002-06-20,102.26000213623047,101.20999908447266,65.0917739868164
2002-06-21,100.47000122070312,99.27999877929688,64.07400512695312
2002-06-24,98.61000061035156,99.80000305175781,64.40961456298828
2002-06-25,100.30000305175781,97.55999755859375,62.96392822265625
2002-06-26,95.19999694824219,97.72000122070312,63.06723403930664
2002-06-27,98.5,99.43000030517578,64.17081451416016
2002-06-28,99.23999786376953,98.95999908447266,63.86751174926758
2002-07-01,99.18000030517578,97.02999877929688,62.62186813354492
2002-07-02,96.86000061035156,94.97000122070312,61.29240798950195
2002-07-03,94.62000274658203,95.51000213623047,61.64091491699219
2002-07-05,96.77999877929688,99.30999755859375,64.0933609008789
2002-07-08,98.9800033569336,98.06999969482422,63.2930908203125
2002-07-09,97.7300033569336,95.5999984741211,61.6989860534668
2002-07-10,96.0,92.12000274658203,59.45306396484375
2002-07-11,91.76000213623047,92.87000274658203,59.937103271484375
2002-07-12,93.33000183105469,91.8499984741211,59.2788200378418
2002-07-15,91.63999938964844,92.33999633789062,59.59503173828125
2002-07-16,91.12000274658203,90.55999755859375,58.446224212646484
2002-07-17,92.45999908447266,90.73999786376953,58.56241989135742
2002-07-18,90.69999694824219,87.80000305175781,56.66497039794922
2002-07-19,86.76000213623047,84.70999908447266,54.67070007324219
2002-07-22,84.0999984741211,82.19999694824219,53.05080032348633
2002-07-23,82.55000305175781,79.94999694824219,51.59870529174805
2002-07-24,78.12999725341797,84.72000122070312,54.67717742919922
2002-07-25,84.2699966430664,84.0,54.212493896484375
2002-07-26,84.6500015258789,85.5999984741211,55.24512481689453
2002-07-29,87.5,89.7699966430664,57.93637466430664
2002-07-30,89.31999969482422,90.94000244140625,58.691505432128906
2002-07-31,90.48999786376953,91.16000366210938,58.83347702026367
2002-08-01,90.87999725341797,88.77999877929688,57.29743576049805
2002-08-02,88.5,86.79000091552734,56.013126373291016
2002-08-05,86.48999786376953,83.7699966430664,54.06407165527344
2002-08-06,85.2300033569336,86.58999633789062,55.88404083251953
2002-08-07,87.87000274658203,88.0999984741211,56.85858917236328
2002-08-08,88.41999816894531,90.94999694824219,58.69794845581055
2002-08-09,90.0999984741211,91.29000091552734,58.91740417480469
2002-08-12,89.98999786376953,90.62000274658203,58.484962463378906
2002-08-13,90.1500015258789,88.97000122070312,57.42007064819336
2002-08-14,89.0199966430664,92.22000122070312,59.51759338378906
2002-08-15,92.83999633789062,93.5,60.34367752075195
2002-08-16,92.81999969482422,93.22000122070312,60.1629524230957
2002-08-19,93.45999908447266,95.4000015258789,61.56990432739258
2002-08-20,94.81999969482422,94.38999938964844,60.91807556152344
2002-08-21,95.05999755859375,95.75,61.795814514160156
2002-08-22,95.48999786376953,96.68000030517578,62.396034240722656
2002-08-23,96.01000213623047,94.5999984741211,61.05361557006836
2002-08-26,94.91000366210938,95.26000213623047,61.47955322265625
2002-08-27,95.69999694824219,94.16000366210938,60.769649505615234
2002-08-28,93.27999877929688,92.0999984741211,59.44013595581055
2002-08-29,91.2699966430664,92.13999938964844,59.46596145629883
2002-08-30,91.68000030517578,91.77999877929688,59.23365020751953
2002-09-03,90.7300033569336,88.27999877929688,56.97477722167969
2002-09-04,88.61000061035156,89.54000091552734,57.7879524230957
2002-09-05,88.48999786376953,88.77999877929688,57.29743576049805
2002-09-06,89.75,90.0,58.08483123779297
2002-09-09,89.0999984741211,90.66000366210938,58.510780334472656
2002-09-10,91.13999938964844,91.69999694824219,59.18197250366211
2002-09-11,92.47000122070312,91.12999725341797,58.814117431640625
2002-09-12,90.75,89.44999694824219,57.72985076904297
2002-09-13,88.69000244140625,89.66999816894531,57.87186050415039
2002-09-16,89.30999755859375,89.88999938964844,58.01381301879883
2002-09-17,90.88999938964844,87.83000183105469,56.68433380126953
2002-09-18,87.01000213623047,86.94999694824219,56.116371154785156
2002-09-19,85.98999786376953,84.69999694824219,54.66426467895508
2002-09-20,84.91999816894531,84.3499984741211,54.68242645263672
2002-09-23,83.6500015258789,83.66000366210938,54.23512268066406
2002-09-24,82.44000244140625,82.30999755859375,53.35991287231445
2002-09-25,83.37000274658203,84.3499984741211,54.68242645263672
2002-09-26,85.0199966430664,85.7300033569336,55.57704544067383
2002-09-27,85.0,82.75,53.64517593383789
2002-09-30,82.0,81.79000091552734,53.0228385925293
2002-10-01,82.43000030517578,85.72000122070312,55.570560455322266
2002-10-02,84.69000244140625,83.1500015258789,53.904502868652344
2002-10-03,83.13999938964844,82.30999755859375,53.35991287231445
2002-10-04,82.80000305175781,80.80000305175781,52.381019592285156
2002-10-07,80.05999755859375,79.12999725341797,51.29841232299805
2002-10-08,79.80999755859375,80.37000274658203,52.10227584838867
2002-10-09,79.08999633789062,78.0999984741211,50.630653381347656
2002-10-10,77.94000244140625,80.62999725341797,52.27081298828125
2002-10-11,82.0999984741211,84.16000366210938,54.55924987792969
2002-10-14,83.19999694824219,84.62999725341797,54.86393356323242
2002-10-15,86.98999786376953,88.69999694824219,57.502464294433594
2002-10-16,87.41000366210938,86.55000305175781,56.1086540222168
2002-10-17,88.87000274658203,88.2699966430664,57.22368621826172
2002-10-18,87.6500015258789,88.63999938964844,57.46354293823242
2002-10-21,88.12000274658203,90.16999816894531,58.455421447753906
2002-10-22,89.05000305175781,89.5199966430664,58.034027099609375
2002-10-23,88.7699966430664,90.19999694824219,58.47486114501953
2002-10-24,90.75,88.36000061035156,57.28202819824219
2002-10-25,88.20999908447266,90.19999694824219,58.47486114501953
2002-10-28,91.1500015258789,89.61000061035156,58.09235763549805
2002-10-29,89.08000183105469,88.56999969482422,57.41817855834961
2002-10-30,88.68000030517578,89.43000030517578,57.975685119628906
2002-10-31,89.66000366210938,88.5199966430664,57.3857536315918
2002-11-01,88.3499984741211,90.2699966430664,58.52024459838867
2002-11-04,91.80000305175781,91.12999725341797,59.07777404785156
2002-11-05,90.83999633789062,91.8499984741211,59.5445556640625
2002-11-06,92.4800033569336,93.04000091552734,60.31596374511719
2002-11-07,92.0199966430664,90.76000213623047,58.83790588378906
2002-11-08,90.52999877929688,89.6500015258789,58.118316650390625
2002-11-11,89.51000213623047,88.26000213623047,57.21721649169922
2002-11-12,88.66000366210938,88.95999908447266,57.67102813720703
2002-11-13,88.31999969482422,89.05000305175781,57.72935485839844
2002-11-14,90.06999969482422,90.7300033569336,58.81847381591797
2002-11-15,90.0,91.4000015258789,59.25281524658203
2002-11-18,92.1500015258789,90.4800033569336,58.656394958496094
2002-11-19,90.0199966430664,90.36000061035156,58.57857131958008
2002-11-20,89.9800033569336,92.37000274658203,59.88164138793945
2002-11-21,92.5999984741211,94.08999633789062,60.99665069580078
2002-11-22,93.4800033569336,93.41999816894531,60.56231689453125
2002-11-25,93.43000030517578,93.4800033569336,60.60124206542969
2002-11-26,93.06999969482422,91.69999694824219,59.447296142578125
2002-11-27,92.5199966430664,94.27999877929688,61.11984634399414
2002-11-29,94.80000305175781,93.9800033569336,60.925384521484375
2002-12-02,95.47000122070312,94.12999725341797,61.022621154785156
2002-12-03,93.25,92.87000274658203,60.20576477050781
2002-12-04,91.7699966430664,92.44999694824219,59.93347930908203
2002-12-05,92.7300033569336,91.43000030517578,59.27227020263672
2002-12-06,90.12000274658203,92.02999877929688,59.66120910644531
2002-12-09,91.06999969482422,89.5,58.02107620239258
2002-12-10,90.0199966430664,90.69999694824219,58.799007415771484
2002-12-11,90.41999816894531,90.77999877929688,58.850860595703125
2002-12-12,91.19999694824219,90.7699966430664,58.84439468383789
2002-12-13,89.91000366210938,89.33999633789062,57.91730880737305
2002-12-16,89.81999969482422,91.6500015258789,59.41487503051758
2002-12-17,91.37000274658203,90.8499984741211,58.89624786376953
2002-12-18,90.31999969482422,89.80000305175781,58.215545654296875
2002-12-19,89.3499984741211,89.16000366210938,57.80065155029297
2002-12-20,89.19999694824219,89.98999786376953,58.62541198730469
2002-12-23,89.58999633789062,90.0199966430664,58.64493179321289
2002-12-24,89.58999633789062,89.3499984741211,58.2084846496582
2002-12-26,89.69999694824219,89.38999938964844,58.23455810546875
2002-12-27,88.95999908447266,87.37999725341797,56.9250602722168
2002-12-30,87.79000091552734,88.11000061035156,57.40065383911133
2002-12-31,87.98999786376953,88.2300033569336,57.47881317138672
2003-01-02,88.8499984741211,91.06999969482422,59.32897186279297
2003-01-03,90.91000366210938,91.3499984741211,59.51139831542969
2003-01-06,91.23999786376953,92.95999908447266,60.56025695800781
2003-01-07,92.9000015258789,92.7300033569336,60.41044235229492
2003-01-08,92.19999694824219,91.38999938964844,59.5374870300293
2003-01-09,91.81999969482422,92.80999755859375,60.46257781982422
2003-01-10,91.94999694824219,93.05999755859375,60.62541198730469
2003-01-13,93.54000091552734,93.02999877929688,60.60587692260742
2003-01-14,92.69000244140625,93.33000183105469,60.801334381103516
2003-01-15,93.54000091552734,92.4000015258789,60.19542694091797
2003-01-16,92.5,92.0199966430664,59.94789505004883
2003-01-17,90.98999786376953,90.66000366210938,59.061920166015625
2003-01-21,90.87000274658203,89.25,58.143348693847656
2003-01-22,88.7699966430664,88.16999816894531,57.43976593017578
2003-01-23,88.75,88.70999908447266,57.79153823852539
2003-01-24,88.58999633789062,86.37999725341797,56.27361297607422
2003-01-27,85.7300033569336,85.19999694824219,55.504886627197266
2003-01-28,85.62999725341797,85.83000183105469,55.91530227661133
2003-01-29,85.41999816894531,86.4800033569336,56.3387565612793
2003-01-30,86.79000091552734,84.43000030517578,55.003257751464844
2003-01-31,84.1500015258789,86.05999755859375,56.06514358520508
2003-02-03,86.13999938964844,86.2300033569336,56.17588806152344
2003-02-04,85.30999755859375,85.37999725341797,55.622127532958984
2003-02-05,85.75,84.8499984741211,55.27688217163086
2003-02-06,84.37000274658203,84.44999694824219,55.016265869140625
2003-02-07,84.91000366210938,83.41999816894531,54.345279693603516
2003-02-10,83.45999908447266,84.01000213623047,54.72962188720703
2003-02-11,84.37000274658203,83.43000030517578,54.35179901123047
2003-02-12,83.16000366210938,82.0999984741211,53.485328674316406
2003-02-13,82.1500015258789,82.3499984741211,53.64821243286133
2003-02-14,82.37000274658203,84.1500015258789,54.82084655761719
2003-02-18,84.52999877929688,85.62999725341797,55.7850227355957
2003-02-19,85.31999969482422,85.18000030517578,55.49186706542969
2003-02-20,85.20999908447266,84.33000183105469,54.93810272216797
2003-02-21,84.37999725341797,85.18000030517578,55.49186706542969
2003-02-24,84.93000030517578,83.80000305175781,54.59281539916992
2003-02-25,82.94999694824219,84.47000122070312,55.02933120727539
2003-02-26,84.0199966430664,83.23999786376953,54.22800827026367
2003-02-27,83.69999694824219,84.33999633789062,54.94462966918945
2003-02-28,84.47000122070312,84.9000015258789,55.30947494506836
2003-03-03,85.26000213623047,84.08999633789062,54.78175354003906
2003-03-04,83.94999694824219,82.75,53.90879821777344
2003-03-05,82.61000061035156,83.44999694824219,54.36482238769531
2003-03-06,82.87000274658203,82.75,53.90879821777344
2003-03-07,81.61000061035156,83.31999969482422,54.280128479003906
2003-03-10,82.5999984741211,81.31999969482422,52.977203369140625
2003-03-11,81.4800033569336,80.5199966430664,52.45602035522461
2003-03-12,80.37999725341797,81.05999755859375,52.807823181152344
2003-03-13,82.18000030517578,83.86000061035156,54.631919860839844
2003-03-14,84.19999694824219,84.12999725341797,54.807838439941406
2003-03-17,83.45999908447266,86.77999877929688,56.5341796875
2003-03-18,87.1500015258789,87.29000091552734,56.866432189941406
2003-03-19,87.27999877929688,87.95999908447266,57.30291748046875
2003-03-20,87.33000183105469,88.1500015258789,57.426692962646484
2003-03-21,88.80000305175781,89.66999816894531,58.652462005615234
2003-03-24,88.0199966430664,86.69000244140625,56.70329666137695
2003-03-25,86.73999786376953,87.5199966430664,57.24619674682617
2003-03-26,87.55999755859375,87.08000183105469,56.95838165283203
2003-03-27,86.4000015258789,87.1500015258789,57.004173278808594
2003-03-28,86.47000122070312,86.70999908447266,56.716392517089844
2003-03-31,85.3499984741211,84.73999786376953,55.42778396606445
2003-04-01,85.25,86.04000091552734,56.27812194824219
2003-04-02,87.54000091552734,88.12000274658203,57.638641357421875
2003-04-03,88.87000274658203,87.69999694824219,57.3639030456543
2003-04-04,88.43000030517578,88.22000122070312,57.70404815673828
2003-04-07,90.33999633789062,88.05000305175781,57.592830657958984
2003-04-08,88.30000305175781,88.19000244140625,57.684444427490234
2003-04-09,88.36000061035156,87.02999877929688,56.92567825317383
2003-04-10,87.08999633789062,87.51000213623047,57.239620208740234
2003-04-11,88.16000366210938,87.1500015258789,57.004173278808594
2003-04-14,87.47000122070312,88.94999694824219,58.1815185546875
2003-04-15,88.83999633789062,89.77999877929688,58.72445297241211
2003-04-16,89.91000366210938,88.25,57.72367477416992
2003-04-17,88.30000305175781,89.55999755859375,58.58053970336914
2003-04-21,89.86000061035156,89.6500015258789,58.639373779296875
2003-04-22,89.0999984741211,91.33999633789062,59.74482345581055
2003-04-23,91.62000274658203,92.18000030517578,60.29423904418945
2003-04-24,91.52999877929688,91.36000061035156,59.757877349853516
2003-04-25,91.30000305175781,90.2300033569336,59.018798828125
2003-04-28,90.44000244140625,91.79000091552734,60.039146423339844
2003-04-29,92.13999938964844,92.11000061035156,60.248443603515625
2003-04-30,91.91000366210938,91.91000366210938,60.117652893066406
2003-05-01,91.91999816894531,91.9000015258789,60.111106872558594
2003-05-02,91.55999755859375,93.20999908447266,60.967987060546875
2003-05-05,93.47000122070312,93.02999877929688,60.85023880004883
2003-05-06,93.04000091552734,93.91000366210938,61.42585372924805
2003-05-07,93.41999816894531,93.38999938964844,61.0857048034668
2003-05-08,92.5199966430664,92.44999694824219,60.47085952758789
2003-05-09,92.83000183105469,93.7300033569336,61.308101654052734
2003-05-12,93.5,94.87999725341797,62.06032943725586
2003-05-13,94.52999877929688,94.70999908447266,61.94912338256836
2003-05-14,95.08999633789062,94.51000213623047,61.81832504272461
2003-05-15,94.88999938964844,95.11000061035156,62.210750579833984
2003-05-16,94.88999938964844,94.87000274658203,62.05378723144531
2003-05-19,94.1500015258789,92.6500015258789,60.60167694091797
2003-05-20,92.81999969482422,92.45999908447266,60.47739791870117
2003-05-21,92.11000061035156,92.6500015258789,60.60167694091797
2003-05-22,92.94999694824219,93.56999969482422,61.20343780517578
2003-05-23,93.52999877929688,93.76000213623047,61.32772445678711
2003-05-27,93.30000305175781,95.4000015258789,62.40044403076172
2003-05-28,95.8499984741211,95.66999816894531,62.57704544067383
2003-05-29,95.87999725341797,95.41999816894531,62.41351318359375
2003-05-30,95.9000015258789,96.94999694824219,63.414302825927734
2003-06-02,97.52999877929688,97.3499984741211,63.6758918762207
2003-06-03,97.1500015258789,97.75,63.93754577636719
2003-06-04,97.66000366210938,99.16000366210938,64.85980987548828
2003-06-05,98.58000183105469,99.6500015258789,65.18034362792969
2003-06-06,100.4000015258789,99.26000213623047,64.92523956298828
2003-06-09,98.7699966430664,98.25,64.26455688476562
2003-06-10,98.45999908447266,99.25,64.91869354248047
2003-06-11,99.16000366210938,100.30000305175781,65.60546112060547
2003-06-12,100.75,100.61000061035156,65.8082504272461
2003-06-13,100.61000061035156,99.55999755859375,65.12144470214844
2003-06-16,99.95999908447266,101.66000366210938,66.49502563476562
2003-06-17,102.06999969482422,101.66000366210938,66.49502563476562
2003-06-18,101.29000091552734,101.56999969482422,66.43617248535156
2003-06-19,101.63999938964844,100.0199966430664,65.42233276367188
2003-06-20,100.38999938964844,99.44000244140625,65.27793884277344
2003-06-23,99.44999694824219,98.41999816894531,64.60832214355469
2003-06-24,98.22000122070312,98.5199966430664,64.67398071289062
2003-06-25,98.52999877929688,97.52999877929688,64.02407836914062
2003-06-26,97.77999877929688,98.80000305175781,64.85782623291016
2003-06-27,98.75,97.66000366210938,64.10945129394531
2003-06-30,98.22000122070312,97.62999725341797,64.0897216796875
2003-07-01,97.25,98.52999877929688,64.6805419921875
2003-07-02,98.7699966430664,99.7699966430664,65.49455261230469
2003-07-03,99.06999969482422,98.73999786376953,64.81842041015625
2003-07-07,99.6500015258789,100.69999694824219,66.10505676269531
2003-07-08,100.5,101.1500015258789,66.40047454833984
2003-07-09,100.91999816894531,100.58000183105469,66.02629089355469
2003-07-10,99.83999633789062,99.30000305175781,65.18603515625
2003-07-11,99.38999938964844,100.23999786376953,65.80309295654297
2003-07-14,101.19999694824219,100.7300033569336,66.1247329711914
2003-07-15,101.37999725341797,100.51000213623047,65.98030853271484
2003-07-16,100.80999755859375,99.91999816894531,65.59304809570312
2003-07-17,99.1500015258789,98.5,64.6608657836914
2003-07-18,99.0199966430664,99.51000213623047,65.32386779785156
2003-07-21,99.44999694824219,98.27999877929688,64.51642608642578
2003-07-22,98.69000244140625,99.16999816894531,65.10065460205078
2003-07-23,99.20999908447266,99.23999786376953,65.14661407470703
2003-07-24,99.98999786376953,98.48999786376953,64.65425109863281
2003-07-25,98.66000366210938,100.2300033569336,65.7965087890625
2003-07-28,100.37000274658203,99.86000061035156,65.55363464355469
2003-07-29,100.13999938964844,99.4000015258789,65.25167083740234
2003-07-30,99.5999984741211,99.16000366210938,65.09414672851562
2003-07-31,99.9800033569336,99.38999938964844,65.24508666992188
2003-08-01,99.19000244140625,98.51000213623047,64.66739654541016
2003-08-04,98.30999755859375,98.51000213623047,64.66739654541016
2003-08-05,98.41000366210938,96.41999816894531,63.2954216003418
2003-08-06,96.69000244140625,96.9800033569336,63.66303253173828
2003-08-07,97.16999816894531,98.0,64.33263397216797
2003-08-08,98.31999969482422,98.27999877929688,64.51642608642578
2003-08-11,98.26000213623047,98.6500015258789,64.75933074951172
2003-08-12,98.70999908447266,99.55000305175781,65.35016632080078
2003-08-13,99.81999969482422,99.04000091552734,65.01536560058594
2003-08-14,99.0999984741211,99.30999755859375,65.19255065917969
2003-08-15,99.36000061035156,99.62000274658203,65.3961410522461
2003-08-18,99.93000030517578,100.4800033569336,65.96062469482422
2003-08-19,100.69000244140625,100.86000061035156,66.2100830078125
2003-08-20,100.29000091552734,100.44999694824219,65.94095611572266
2003-08-21,101.05000305175781,100.7699966430664,66.1510238647461
2003-08-22,101.75,99.7699966430664,65.49455261230469
2003-08-25,99.70999908447266,99.93000030517578,65.59957885742188
2003-08-26,99.5,100.11000061035156,65.71774291992188
2003-08-27,100.05000305175781,100.13999938964844,65.73744201660156
2003-08-28,100.4000015258789,100.76000213623047,66.1444320678711
2003-08-29,100.61000061035156,101.44000244140625,66.5908203125
2003-09-02,101.63999938964844,102.80000305175781,67.4836196899414
2003-09-03,103.02999877929688,103.36000061035156,67.85121154785156
2003-09-04,103.0999984741211,103.41000366210938,67.8840560913086
2003-09-05,102.94000244140625,102.83000183105469,67.50332641601562
2003-09-08,103.04000091552734,103.68000030517578,68.06130981445312
2003-09-09,103.37000274658203,103.0,67.61491394042969
2003-09-10,102.52999877929688,101.95999908447266,66.93217468261719
2003-09-11,102.0999984741211,102.26000213623047,67.129150390625
2003-09-12,101.91000366210938,102.44999694824219,67.25385284423828
2003-09-15,102.5199966430664,102.08999633789062,67.01748657226562
2003-09-16,102.2300033569336,103.58000183105469,67.99564361572266
2003-09-17,103.4800033569336,103.37999725341797,67.8643569946289
2003-09-18,103.4000015258789,104.5999984741211,68.66525268554688
2003-09-19,104.2699966430664,103.66999816894531,68.31596374511719
2003-09-22,102.8499984741211,102.55000305175781,67.57792663574219
2003-09-23,102.58999633789062,102.94000244140625,67.83489990234375
2003-09-24,103.12000274658203,101.11000061035156,66.62899017333984
2003-09-25,101.41000366210938,100.27999877929688,66.08206939697266
2003-09-26,100.44000244140625,99.94999694824219,65.8646011352539
2003-09-29,100.30000305175781,100.93000030517578,66.5103759765625
2003-09-30,100.4800033569336,99.94999694824219,65.8646011352539
2003-10-01,100.23999786376953,102.08000183105469,67.26818084716797
2003-10-02,101.93000030517578,102.44999694824219,67.51202392578125
2003-10-03,103.66999816894531,103.38999938964844,68.13145446777344
2003-10-06,103.4800033569336,103.86000061035156,68.44114685058594
2003-10-07,103.26000213623047,104.26000213623047,68.70478057861328
2003-10-08,104.33000183105469,104.0,68.533447265625
2003-10-09,104.87999725341797,104.27999877929688,68.71794128417969
2003-10-10,104.2699966430664,104.56999969482422,68.90904998779297
2003-10-13,104.70999908447266,104.9000015258789,69.12651824951172
2003-10-14,104.80000305175781,105.2699966430664,69.37034606933594
2003-10-15,105.86000061035156,104.98999786376953,69.1858139038086
2003-10-16,104.68000030517578,105.41000366210938,69.46257781982422
2003-10-17,105.47000122070312,104.26000213623047,68.70478057861328
2003-10-20,104.44999694824219,105.04000091552734,69.21875762939453
2003-10-21,104.81999969482422,104.86000061035156,69.10016632080078
2003-10-22,104.02999877929688,103.54000091552734,68.23033142089844
2003-10-23,102.88999938964844,103.3499984741211,68.10509490966797
2003-10-24,102.83000183105469,103.58000183105469,68.25666046142578
2003-10-27,103.73999786376953,103.62999725341797,68.28963470458984
2003-10-28,103.9800033569336,105.04000091552734,69.21875762939453
2003-10-29,104.7699966430664,105.18000030517578,69.31101989746094
2003-10-30,105.79000091552734,105.4000015258789,69.45600891113281
2003-10-31,105.4000015258789,105.30000305175781,69.39012145996094
2003-11-03,105.75,105.98999786376953,69.84479522705078
2003-11-04,105.98999786376953,105.76000213623047,69.69322204589844
2003-11-05,105.48999786376953,105.83999633789062,69.74590301513672
2003-11-06,105.5999984741211,106.4000015258789,70.11498260498047
2003-11-07,106.63999938964844,105.61000061035156,69.59439849853516
2003-11-10,105.73999786376953,105.18000030517578,69.31101989746094
2003-11-11,105.08999633789062,105.1500015258789,69.29126739501953
2003-11-12,105.2300033569336,106.33000183105469,70.06884002685547
2003-11-13,106.01000213623047,106.36000061035156,70.08861541748047
2003-11-14,106.4000015258789,105.45999908447266,69.49552917480469
2003-11-17,104.91000366210938,104.93000030517578,69.14627838134766
2003-11-18,105.23999786376953,103.83999633789062,68.42800903320312
2003-11-19,104.02999877929688,104.72000122070312,69.00786590576172
2003-11-20,104.0,103.77999877929688,68.38843536376953
2003-11-21,104.23999786376953,104.20999908447266,68.67182922363281
2003-11-24,104.69000244140625,105.58999633789062,69.58122253417969
2003-11-25,105.7300033569336,105.98999786376953,69.84479522705078
2003-11-26,106.41999816894531,106.37000274658203,70.09520721435547
2003-11-28,106.27999877929688,106.44999694824219,70.1479721069336
2003-12-01,106.8499984741211,107.5999984741211,70.90573120117188
2003-12-02,107.37999725341797,107.33000183105469,70.72782135009766
2003-12-03,107.6500015258789,107.16000366210938,70.61579132080078
2003-12-04,107.16999816894531,107.5999984741211,70.90573120117188
2003-12-05,107.12000274658203,106.8499984741211,70.41153717041016
2003-12-08,106.73999786376953,107.56999969482422,70.885986328125
2003-12-09,107.9000015258789,106.73999786376953,70.33904266357422
2003-12-10,106.7699966430664,106.7300033569336,70.33243560791016
2003-12-11,106.68000030517578,107.93000030517578,71.12322998046875
2003-12-12,107.97000122070312,108.13999938964844,71.26164245605469
2003-12-15,109.16999816894531,107.5999984741211,70.90573120117188
2003-12-16,107.68000030517578,108.16000366210938,71.2747802734375
2003-12-17,108.05999755859375,108.5,71.49883270263672
2003-12-18,108.55000305175781,109.72000122070312,72.30278015136719
2003-12-19,109.30000305175781,108.9000015258789,72.10150146484375
2003-12-22,108.79000091552734,109.66000366210938,72.60467529296875
2003-12-23,109.4800033569336,109.7300033569336,72.65101623535156
2003-12-24,109.5199966430664,109.62000274658203,72.57819366455078
2003-12-26,109.70999908447266,109.69999694824219,72.63119506835938
2003-12-29,110.0999984741211,111.16000366210938,73.59783935546875
2003-12-30,111.08999633789062,111.18000030517578,73.61103820800781
2003-12-31,111.22000122070312,111.27999877929688,73.67727661132812
2004-01-02,111.73999786376953,111.2300033569336,73.64415740966797
2004-01-05,111.69000244140625,112.44000244140625,74.44528198242188
2004-01-06,112.16000366210938,112.55000305175781,74.51813507080078
2004-01-07,112.38999938964844,112.93000030517578,74.7697525024414
2004-01-08,113.25,113.37999725341797,75.06767272949219
2004-01-09,112.83000183105469,112.38999938964844,74.41217041015625
2004-01-12,112.55000305175781,113.22000122070312,74.96171569824219
2004-01-13,113.08999633789062,112.55999755859375,74.52474212646484
2004-01-14,112.76000213623047,113.5,75.1471176147461
2004-01-15,113.56999969482422,113.77999877929688,75.33247375488281
2004-01-16,114.04000091552734,114.2300033569336,75.63043975830078
2004-01-20,114.52999877929688,114.19999694824219,75.61060333251953
2004-01-21,114.12999725341797,115.0999984741211,76.2064437866211
2004-01-22,115.13999938964844,114.80000305175781,76.00782012939453
2004-01-23,115.0,114.43000030517578,75.7628402709961
2004-01-26,114.38999938964844,115.87000274658203,76.71624755859375
2004-01-27,115.75,114.68000030517578,75.92838287353516
2004-01-28,114.9800033569336,113.37000274658203,75.0610580444336
2004-01-29,113.55999755859375,113.4800033569336,75.13386535644531
2004-01-30,113.5199966430664,113.4800033569336,75.13386535644531
2004-02-02,113.69999694824219,113.97000122070312,75.4582748413086
2004-02-03,113.73999786376953,113.77999877929688,75.33247375488281
2004-02-04,113.19000244140625,112.8499984741211,74.71672058105469
2004-02-05,113.16999816894531,113.18000030517578,74.93523406982422
2004-02-06,113.41999816894531,114.44999694824219,75.77608489990234
2004-02-09,114.66999816894531,114.4800033569336,75.79595947265625
2004-02-10,114.27999877929688,114.8499984741211,76.04090118408203
2004-02-11,114.8499984741211,116.06999969482422,76.84870910644531
2004-02-12,115.97000122070312,115.6500015258789,76.57063293457031
2004-02-13,115.81999969482422,115.12999725341797,76.226318359375
2004-02-17,115.8499984741211,116.16999816894531,76.91488647460938
2004-02-18,116.19999694824219,115.66000366210938,76.57722473144531
2004-02-19,116.33000183105469,115.2300033569336,76.29252624511719
2004-02-20,115.4800033569336,114.87999725341797,76.06079864501953
2004-02-23,115.22000122070312,114.58999633789062,75.86878967285156
2004-02-24,114.2699966430664,114.38999938964844,75.73641204833984
2004-02-25,114.45999908447266,114.87000274658203,76.05414581298828
2004-02-26,114.61000061035156,114.94000244140625,76.10051727294922
2004-02-27,115.19000244140625,115.0199966430664,76.15349578857422
2004-03-01,115.43000030517578,116.16000366210938,76.90827941894531
2004-03-02,115.94000244140625,115.4800033569336,76.45806121826172
2004-03-03,115.25,115.69000244140625,76.59709930419922
2004-03-04,115.72000122070312,115.98999786376953,76.7956771850586
2004-03-05,115.41999816894531,116.37999725341797,77.05394744873047
2004-03-08,116.33999633789062,114.95999908447266,76.11376190185547
2004-03-09,115.0999984741211,114.5,75.8091812133789
2004-03-10,114.72000122070312,112.58000183105469,74.53799438476562
2004-03-11,112.4000015258789,111.12000274658203,73.57134246826172
2004-03-12,111.7300033569336,112.58000183105469,74.53799438476562
2004-03-15,112.2699966430664,111.19999694824219,73.62432098388672
2004-03-16,111.77999877929688,111.79000091552734,74.01494598388672
2004-03-17,112.18000030517578,113.04000091552734,74.84259796142578
2004-03-18,112.69999694824219,113.06999969482422,74.86241912841797
2004-03-19,112.41000366210938,111.05999755859375,73.78938293457031
2004-03-22,110.54000091552734,109.6500015258789,72.85258483886719
2004-03-23,110.25,109.45999908447266,72.726318359375
2004-03-24,109.58000183105469,109.55000305175781,72.78614044189453
2004-03-25,110.08000183105469,111.0,73.74951171875
2004-03-26,110.95999908447266,111.02999877929688,73.76948547363281
2004-03-29,111.62999725341797,112.58999633789062,74.805908203125
2004-03-30,112.30000305175781,112.97000122070312,75.05843353271484
2004-03-31,112.98999786376953,113.0999984741211,75.144775390625
2004-04-01,113.06999969482422,113.77999877929688,75.5965805053711
2004-04-02,114.80999755859375,114.63999938964844,76.16797637939453
2004-04-05,114.45999908447266,115.2699966430664,76.58658599853516
2004-04-06,114.83000183105469,114.9000015258789,76.34075927734375
2004-04-07,114.94999694824219,114.62999725341797,76.16133117675781
2004-04-08,115.41000366210938,114.37000274658203,75.98859405517578
2004-04-12,114.58000183105469,114.81999969482422,76.28759765625
2004-04-13,115.26000213623047,113.20999908447266,75.21786499023438
2004-04-14,112.61000061035156,113.38999938964844,75.33746337890625
2004-04-15,113.44999694824219,112.95999908447266,75.0517578125
2004-04-16,113.37999725341797,113.83000183105469,75.62981414794922
2004-04-19,113.55000305175781,113.83000183105469,75.62981414794922
2004-04-20,114.08000183105469,111.91999816894531,74.36078643798828
2004-04-21,112.19999694824219,112.66999816894531,74.85907745361328
2004-04-22,112.4800033569336,114.25,75.90885162353516
2004-04-23,114.41999816894531,114.36000061035156,75.98194885253906
2004-04-26,114.5,114.19999694824219,75.87561798095703
2004-04-27,114.2300033569336,114.30000305175781,75.94205474853516
2004-04-28,113.88999938964844,112.81999969482422,74.95875549316406
2004-04-29,112.72000122070312,111.83000183105469,74.30097198486328
2004-04-30,112.16999816894531,110.95999908447266,73.72294616699219
2004-05-03,111.37000274658203,112.1500015258789,74.51360321044922
2004-05-04,112.25,112.05999755859375,74.45380401611328
2004-05-05,112.41000366210938,112.77999877929688,74.93216705322266
2004-05-06,112.0199966430664,111.80999755859375,74.28766632080078
2004-05-07,111.22000122070312,109.95999908447266,73.05853271484375
2004-05-10,109.44000244140625,108.83000183105469,72.30774688720703
2004-05-11,109.45999908447266,109.75,72.91899871826172
2004-05-12,109.56999969482422,110.44999694824219,73.38410949707031
2004-05-13,109.76000213623047,109.98999786376953,73.07847595214844
2004-05-14,109.94999694824219,110.04000091552734,73.1116714477539
2004-05-17,108.88999938964844,109.0999984741211,72.48714447021484
2004-05-18,109.48999786376953,109.6500015258789,72.85258483886719
2004-05-19,110.5,109.2699966430664,72.6000747680664
2004-05-20,109.44999694824219,109.62000274658203,72.83267211914062
2004-05-21,109.97000122070312,109.80999755859375,72.95886993408203
2004-05-24,110.52999877929688,110.2699966430664,73.26448822021484
2004-05-25,109.9000015258789,111.8499984741211,74.31427001953125
2004-05-26,111.66000366210938,112.23999786376953,74.57337188720703
2004-05-27,112.54000091552734,112.87000274658203,74.9919662475586
2004-05-28,112.7300033569336,112.86000061035156,74.98530578613281
2004-06-01,112.45999908447266,112.70999908447266,74.88565063476562
2004-06-02,113.02999877929688,113.12999725341797,75.16471862792969
2004-06-03,112.80999755859375,112.08999633789062,74.4737548828125
2004-06-04,112.9800033569336,112.9800033569336,75.06505584716797
2004-06-07,113.43000030517578,114.69999694824219,76.20783233642578
2004-06-08,114.37000274658203,114.86000061035156,76.31413269042969
2004-06-09,114.51000213623047,113.79000091552734,75.60322570800781
2004-06-10,114.04000091552734,114.3499984741211,75.97531127929688
2004-06-14,113.81999969482422,113.22000122070312,75.22453308105469
2004-06-15,113.9000015258789,114.0199966430664,75.75605773925781
2004-06-16,114.0,114.0,75.74276733398438
2004-06-17,113.8499984741211,113.83000183105469,75.62981414794922
2004-06-18,113.2699966430664,113.62999725341797,75.77251434326172
2004-06-21,113.75,113.19999694824219,75.48577880859375
2004-06-22,113.12999725341797,113.7699966430664,75.86587524414062
2004-06-23,113.61000061035156,114.75,76.51937103271484
2004-06-24,114.55999755859375,114.38999938964844,76.27930450439453
2004-06-25,114.41000366210938,113.83999633789062,75.91256713867188
2004-06-28,114.5199966430664,113.44999694824219,75.65249633789062
2004-06-29,113.52999877929688,113.91999816894531,75.96587371826172
2004-06-30,114.06999969482422,114.52999877929688,76.37265014648438
2004-07-01,114.25,112.94000244140625,75.31238555908203
2004-07-02,113.16000366210938,112.87999725341797,75.27238464355469
2004-07-06,112.37000274658203,111.88999938964844,74.61222076416016
2004-07-07,111.80999755859375,112.22000122070312,74.8322982788086
2004-07-08,111.80999755859375,111.44000244140625,74.31216430664062
2004-07-09,111.72000122070312,111.7300033569336,74.50550079345703
2004-07-12,111.5199966430664,111.77999877929688,74.53887176513672
2004-07-13,111.91999816894531,111.86000061035156,74.59220886230469
2004-07-14,111.26000213623047,111.5199966430664,74.36548614501953
2004-07-15,111.73999786376953,110.80000305175781,73.88536834716797
2004-07-16,111.56999969482422,110.70999908447266,73.82537078857422
2004-07-19,110.75,110.23999786376953,73.51191711425781
2004-07-20,110.52999877929688,111.63999938964844,74.44548034667969
2004-07-21,111.81999969482422,109.58000183105469,73.07184600830078
2004-07-22,109.36000061035156,109.87999725341797,73.2718734741211
2004-07-23,109.62000274658203,108.95999908447266,72.65838623046875
2004-07-26,109.19000244140625,108.75,72.51835632324219
2004-07-27,109.05000305175781,109.7699966430664,73.19853973388672
2004-07-28,109.55000305175781,110.0999984741211,73.41857147216797
2004-07-29,110.54000091552734,110.56999969482422,73.73200225830078
2004-07-30,110.31999969482422,110.83999633789062,73.91203308105469
2004-08-02,110.19000244140625,111.06999969482422,74.06543731689453
2004-08-03,110.93000030517578,110.20999908447266,73.49192810058594
2004-08-04,109.88999938964844,110.19999694824219,73.48528289794922
2004-08-05,110.29000091552734,108.4000015258789,72.28495788574219
2004-08-06,107.62999725341797,106.8499984741211,71.2513656616211
2004-08-09,107.0199966430664,107.0,71.35142517089844
2004-08-10,107.30999755859375,108.37999725341797,72.2716064453125
2004-08-11,107.68000030517578,108.16000366210938,72.12494659423828
2004-08-12,107.68000030517578,106.9800033569336,71.33805847167969
2004-08-13,107.0999984741211,107.19000244140625,71.47808837890625
2004-08-16,107.13999938964844,108.30000305175781,72.21826171875
2004-08-17,108.75,108.91000366210938,72.62505340576172
2004-08-18,108.5199966430664,110.02999877929688,73.37189483642578
2004-08-19,109.80999755859375,109.70999908447266,73.15853118896484
2004-08-20,109.61000061035156,110.4800033569336,73.67196655273438
2004-08-23,110.55000305175781,110.19999694824219,73.48528289794922
2004-08-24,110.63999938964844,110.3499984741211,73.58529663085938
2004-08-25,110.33000183105469,111.0999984741211,74.08537292480469
2004-08-26,110.95999908447266,111.0999984741211,74.08537292480469
2004-08-27,111.19999694824219,111.44999694824219,74.31884002685547
2004-08-30,111.22000122070312,110.52999877929688,73.7053451538086
2004-08-31,110.66000366210938,111.11000061035156,74.0920639038086
2004-09-01,110.94999694824219,111.31999969482422,74.2320785522461
2004-09-02,111.23999786376953,112.58000183105469,75.07232666015625
2004-09-03,112.33000183105469,112.12000274658203,74.76559448242188
2004-09-07,112.54000091552734,112.86000061035156,75.25901794433594
2004-09-08,112.62000274658203,112.58000183105469,75.07232666015625
2004-09-09,112.56999969482422,112.4800033569336,75.00568389892578
2004-09-10,112.5199966430664,113.05999755859375,75.39240264892578
2004-09-13,113.30999755859375,113.43000030517578,75.63912200927734
2004-09-14,113.30000305175781,113.66000366210938,75.79251098632812
2004-09-15,113.30000305175781,112.80000305175781,75.2190170288086
2004-09-16,112.8499984741211,113.13999938964844,75.44574737548828
2004-09-17,112.94999694824219,113.1500015258789,75.7664794921875
2004-09-20,112.66999816894531,112.47000122070312,75.31116485595703
2004-09-21,112.75,112.95999908447266,75.6392593383789
2004-09-22,112.5,111.55000305175781,74.69514465332031
2004-09-23,111.5999984741211,110.94999694824219,74.29334259033203
2004-09-24,111.16999816894531,111.45999908447266,74.63487243652344
2004-09-27,111.0999984741211,110.75,74.15943145751953
2004-09-28,110.91000366210938,111.27999877929688,74.51433563232422
2004-09-29,111.20999908447266,111.83999633789062,74.88932037353516
2004-09-30,111.55000305175781,111.76000213623047,74.83572387695312
2004-10-01,112.26000213623047,113.6500015258789,76.10130310058594
2004-10-04,114.0999984741211,113.83999633789062,76.22854614257812
2004-10-05,113.8499984741211,113.9000015258789,76.26874542236328
2004-10-06,113.7699966430664,114.68000030517578,76.79104614257812
2004-10-07,114.37999725341797,113.44999694824219,75.96739196777344
2004-10-08,113.1500015258789,112.51000213623047,75.33794403076172
2004-10-11,112.77999877929688,112.97000122070312,75.64598083496094
2004-10-12,112.19999694824219,112.52999877929688,75.35132598876953
2004-10-13,113.0,111.54000091552734,74.68842315673828
2004-10-14,111.68000030517578,110.63999938964844,74.08575439453125
2004-10-15,111.0199966430664,111.26000213623047,74.50092315673828
2004-10-18,110.88999938964844,111.68000030517578,74.78218841552734
2004-10-19,112.0199966430664,110.73999786376953,74.15277099609375
2004-10-20,110.37999725341797,110.5199966430664,74.00543212890625
2004-10-21,110.79000091552734,111.23999786376953,74.48754119873047
2004-10-22,111.19000244140625,109.98999786376953,73.6505355834961
2004-10-25,109.75,109.86000061035156,73.56346130371094
2004-10-26,110.12999725341797,111.54000091552734,74.68842315673828
2004-10-27,111.37999725341797,112.87999725341797,75.58570098876953
2004-10-28,112.77999877929688,113.22000122070312,75.81340026855469
2004-10-29,113.12000274658203,113.19999694824219,75.79999542236328
2004-11-01,113.55999755859375,113.51000213623047,76.0075454711914
2004-11-02,113.66999816894531,113.55000305175781,76.03434753417969
2004-11-03,115.02999877929688,114.9800033569336,76.99191284179688
2004-11-04,114.77999877929688,116.55000305175781,78.04318237304688
2004-11-05,117.05000305175781,117.27999877929688,78.53204345703125
2004-11-08,116.9800033569336,117.11000061035156,78.41814422607422
2004-11-09,117.08000183105469,116.87999725341797,78.26416015625
2004-11-10,117.05999755859375,116.97000122070312,78.32444763183594
2004-11-11,117.18000030517578,117.86000061035156,78.92033386230469
2004-11-12,117.97000122070312,118.79000091552734,79.54310607910156
2004-11-15,118.5,118.7300033569336,79.73851013183594
2004-11-16,118.36000061035156,117.87999725341797,79.16766357421875
2004-11-17,118.37000274658203,118.58000183105469,79.63782501220703
2004-11-18,118.52999877929688,118.73999786376953,79.7452392578125
2004-11-19,118.69999694824219,117.41999816894531,78.8587646484375
2004-11-22,117.16999816894531,117.9800033569336,79.23484802246094
2004-11-23,117.93000030517578,118.16000366210938,79.35576629638672
2004-11-24,118.2699966430664,118.44000244140625,79.54377746582031
2004-11-26,118.51000213623047,118.3499984741211,79.48334503173828
2004-11-29,118.79000091552734,117.80999755859375,79.12067413330078
2004-11-30,118.0,117.88999938964844,79.17440032958984
2004-12-01,118.16000366210938,119.2300033569336,80.0743637084961
2004-12-02,119.0999984741211,119.33000183105469,80.14149475097656
2004-12-03,119.30999755859375,119.25,80.0877685546875
2004-12-06,119.20999908447266,119.20999908447266,80.06088256835938
2004-12-07,119.48999786376953,118.0999984741211,79.31542205810547
2004-12-08,118.20999908447266,118.79000091552734,79.77884674072266
2004-12-09,118.13999938964844,119.20999908447266,80.06088256835938
2004-12-10,118.91999816894531,119.33000183105469,80.14149475097656
2004-12-13,119.76000213623047,120.37000274658203,80.8399658203125
2004-12-14,120.18000030517578,120.79000091552734,81.12202453613281
2004-12-15,120.69999694824219,120.87999725341797,81.1824722290039
2004-12-16,120.72000122070312,120.80999755859375,81.13544464111328
2004-12-17,119.45999908447266,119.44000244140625,80.59430694580078
2004-12-20,119.75,119.47000122070312,80.6145248413086
2004-12-21,119.5999984741211,120.38999938964844,81.23535919189453
2004-12-22,120.37999725341797,120.68000030517578,81.4310302734375
2004-12-23,120.87000274658203,120.7699966430664,81.49175262451172
2004-12-27,121.19999694824219,120.5199966430664,81.32305145263672
2004-12-28,120.63999938964844,121.18000030517578,81.76839447021484
2004-12-29,121.08000183105469,121.36000061035156,81.88988494873047
2004-12-30,121.4000015258789,121.12999725341797,81.73465728759766
2004-12-31,121.30000305175781,120.87000274658203,81.55921936035156
2005-01-03,121.55999755859375,120.30000305175781,81.17462158203125
2005-01-04,120.45999908447266,118.83000183105469,80.18270874023438
2005-01-05,118.73999786376953,118.01000213623047,79.62938690185547
2005-01-06,118.44000244140625,118.61000061035156,80.03424835205078
2005-01-07,118.97000122070312,118.44000244140625,79.91950988769531
2005-01-10,118.33999633789062,119.0,80.2973861694336
2005-01-11,118.63999938964844,118.18000030517578,79.7441177368164
2005-01-12,118.4000015258789,118.56999969482422,80.00723266601562
2005-01-13,118.63999938964844,117.62000274658203,79.36624908447266
2005-01-14,117.97000122070312,118.23999786376953,79.78457641601562
2005-01-18,118.05000305175781,119.47000122070312,80.6145248413086
2005-01-19,119.43000030517578,118.22000122070312,79.77106475830078
2005-01-20,117.88999938964844,117.5,79.28526306152344
2005-01-21,117.79000091552734,116.77999877929688,78.79943084716797
2005-01-24,117.08999633789062,116.55000305175781,78.64421081542969
2005-01-25,116.91000366210938,116.87999725341797,78.86691284179688
2005-01-26,117.31999969482422,117.2300033569336,79.10308074951172
2005-01-27,117.19000244140625,117.43000030517578,79.23799896240234
2005-01-28,117.48999786376953,117.43000030517578,79.23799896240234
2005-01-31,117.94999694824219,118.16000366210938,79.7306137084961
2005-02-01,118.25,118.91000366210938,80.2366943359375
2005-02-02,119.05999755859375,119.2699966430664,80.47953796386719
2005-02-03,119.05999755859375,118.95999908447266,80.27047729492188
2005-02-04,119.0,120.2300033569336,81.12739562988281
2005-02-07,120.25,120.06999969482422,81.01940155029297
2005-02-08,120.16999816894531,120.20999908447266,81.11388397216797
2005-02-09,120.41999816894531,119.30999755859375,80.50656127929688
2005-02-10,119.66000366210938,119.73999786376953,80.7967300415039
2005-02-11,119.69999694824219,120.7699966430664,81.49175262451172
2005-02-14,120.69000244140625,120.68000030517578,81.4310302734375
2005-02-15,120.80000305175781,121.12999725341797,81.73465728759766
2005-02-16,120.93000030517578,121.20999908447266,81.78865814208984
2005-02-17,121.2300033569336,120.2300033569336,81.12739562988281
2005-02-18,120.23999786376953,120.38999938964844,81.23535919189453
2005-02-22,119.9000015258789,118.5999984741211,80.0274887084961
2005-02-23,118.93000030517578,119.44999694824219,80.60103607177734
2005-02-24,119.23999786376953,120.23999786376953,81.13410949707031
2005-02-25,120.2699966430664,121.43000030517578,81.93708038330078
2005-02-28,121.1500015258789,120.62999725341797,81.39726257324219
2005-03-01,120.81999969482422,121.2300033569336,81.80213928222656
2005-03-02,120.76000213623047,121.16999816894531,81.76166534423828
2005-03-03,121.66000366210938,121.22000122070312,81.79534149169922
2005-03-04,122.05000305175781,122.7300033569336,82.8143081665039
2005-03-07,122.66000366210938,122.79000091552734,82.8547592163086
2005-03-08,122.66999816894531,122.33000183105469,82.54438018798828
2005-03-09,121.97000122070312,120.97000122070312,81.62669372558594
2005-03-10,121.19999694824219,121.23999786376953,81.80888366699219
2005-03-11,121.30999755859375,120.38999938964844,81.23535919189453
2005-03-14,120.61000061035156,121.13999938964844,81.74143981933594
2005-03-15,121.41999816894531,120.13999938964844,81.0666275024414
2005-03-16,119.69999694824219,119.12000274658203,80.37837219238281
2005-03-17,119.30999755859375,119.36000061035156,80.5403060913086
2005-03-18,119.11000061035156,118.54000091552734,80.30120086669922
2005-03-21,118.70999908447266,118.0999984741211,80.00309753417969
2005-03-22,118.37000274658203,116.9000015258789,79.19023895263672
2005-03-23,116.94999694824219,117.0,79.25794982910156
2005-03-24,117.45999908447266,117.13999938964844,79.352783203125
2005-03-28,117.41999816894531,117.30999755859375,79.4679946899414
2005-03-29,117.13999938964844,116.52999877929688,78.93956756591797
2005-03-30,116.77999877929688,118.18000030517578,80.05734252929688
2005-03-31,118.19000244140625,117.95999908447266,79.9083023071289
2005-04-01,118.62999725341797,117.43000030517578,79.54923248291016
2005-04-04,117.36000061035156,117.62999725341797,79.68472290039062
2005-04-05,117.77999877929688,118.19000244140625,80.06412506103516
2005-04-06,118.44999694824219,118.5999984741211,80.34184265136719
2005-04-07,118.41000366210938,119.23999786376953,80.77535247802734
2005-04-08,119.16999816894531,118.0,79.93540954589844
2005-04-11,118.29000091552734,118.08999633789062,79.99629974365234
2005-04-12,117.88999938964844,118.69999694824219,80.40959167480469
2005-04-13,118.55999755859375,117.30000305175781,79.46119689941406
2005-04-14,117.4000015258789,115.7699966430664,78.42472839355469
2005-04-15,115.73999786376953,114.1500015258789,77.32730102539062
2005-04-18,114.12000274658203,114.5,77.56442260742188
2005-04-19,115.0999984741211,115.41000366210938,78.18087768554688
2005-04-20,115.37999725341797,113.80000305175781,77.09021759033203
2005-04-21,114.79000091552734,116.01000213623047,78.58733367919922
2005-04-22,115.73999786376953,115.56999969482422,78.28924560546875
2005-04-25,115.86000061035156,116.33000183105469,78.80408477783203
2005-04-26,115.95999908447266,115.19999694824219,78.03861999511719
2005-04-27,114.86000061035156,115.6500015258789,78.34347534179688
2005-04-28,115.2699966430664,114.19999694824219,77.36119079589844
2005-04-29,115.06999969482422,115.75,78.41120910644531
2005-05-02,116.06999969482422,116.4000015258789,78.85153198242188
2005-05-03,116.06999969482422,116.5999984741211,78.98699951171875
2005-05-04,116.6500015258789,117.5,79.59667205810547
2005-05-05,117.66999816894531,117.45999908447266,79.5695571899414
2005-05-06,117.93000030517578,117.08999633789062,79.31893157958984
2005-05-09,117.20999908447266,117.81999969482422,79.81343078613281
2005-05-10,117.36000061035156,116.5999984741211,78.98699951171875
2005-05-11,116.93000030517578,117.23999786376953,79.4205551147461
2005-05-12,117.31999969482422,115.94999694824219,78.54669952392578
2005-05-13,116.30000305175781,115.72000122070312,78.390869140625
2005-05-16,115.69999694824219,116.80000305175781,79.12248229980469
2005-05-17,116.41000366210938,117.58000183105469,79.65084075927734
2005-05-18,118.08999633789062,118.79000091552734,80.47052001953125
2005-05-19,119.0199966430664,119.29000091552734,80.80924224853516
2005-05-20,119.33999633789062,119.12000274658203,80.69408416748047
2005-05-23,119.20999908447266,119.77999877929688,81.14116668701172
2005-05-24,119.44000244140625,119.5,80.9515609741211
2005-05-25,119.3499984741211,119.41000366210938,80.8905258178711
2005-05-26,119.79000091552734,120.05000305175781,81.32410430908203
2005-05-27,120.05999755859375,120.25,81.45958709716797
2005-05-31,120.08000183105469,119.4800033569336,80.93797302246094
2005-06-01,119.5199966430664,120.5,81.62891387939453
2005-06-02,120.2300033569336,120.76000213623047,81.80506896972656
2005-06-03,120.55000305175781,120.1500015258789,81.39183044433594
2005-06-06,119.94999694824219,120.04000091552734,81.31732940673828
2005-06-07,120.38999938964844,120.12999725341797,81.3782958984375
2005-06-08,120.43000030517578,119.91000366210938,81.22924041748047
2005-06-09,119.73999786376953,120.4800033569336,81.61538696289062
2005-06-10,120.55999755859375,120.19999694824219,81.42569732666016
2005-06-13,119.94000244140625,120.58000183105469,81.68311309814453
2005-06-14,120.44999694824219,120.86000061035156,81.8727798461914
2005-06-15,121.16000366210938,121.08999633789062,82.02859497070312
2005-06-16,121.05999755859375,121.4000015258789,82.23861694335938
2005-06-17,121.54000091552734,121.36000061035156,82.54332733154297
2005-06-20,121.08000183105469,121.4000015258789,82.57051086425781
2005-06-21,121.5,121.47000122070312,82.61812591552734
2005-06-22,121.68000030517578,121.56999969482422,82.68612670898438
2005-06-23,121.31999969482422,119.86000061035156,81.52308654785156
2005-06-24,119.87999725341797,118.9800033569336,80.92455291748047
2005-06-27,118.97000122070312,119.1500015258789,81.04019165039062
2005-06-28,119.4000015258789,120.1500015258789,81.72032928466797
2005-06-29,120.37000274658203,119.83000183105469,81.502685546875
2005-06-30,120.22000122070312,119.18000030517578,81.06059265136719
2005-07-01,119.44999694824219,119.52999877929688,81.29866790771484
2005-07-05,119.25,120.48999786376953,81.95157623291016
2005-07-06,120.38999938964844,119.4800033569336,81.26464080810547
2005-07-07,118.29000091552734,119.94999694824219,81.58432006835938
2005-07-08,119.97000122070312,121.31999969482422,82.51611328125
2005-07-11,121.33000183105469,121.94000244140625,82.93778228759766
2005-07-12,121.98999786376953,122.26000213623047,83.15544891357422
2005-07-13,122.2699966430664,122.43000030517578,83.27111053466797
2005-07-14,122.9800033569336,122.91000366210938,83.59757232666016
2005-07-15,122.79000091552734,122.83999633789062,83.54996490478516
2005-07-18,122.5,122.3499984741211,83.21666717529297
2005-07-19,122.70999908447266,123.0199966430664,83.67236328125
2005-07-20,122.58999633789062,123.44000244140625,83.95805358886719
2005-07-21,123.55000305175781,122.72000122070312,83.46832275390625
2005-07-22,122.87999725341797,123.54000091552734,84.02605438232422
2005-07-25,123.41000366210938,123.19000244140625,83.78797912597656
2005-07-26,123.2300033569336,123.33999633789062,83.88998413085938
2005-07-27,123.5,123.79000091552734,84.19605255126953
2005-07-28,123.95999908447266,124.56999969482422,84.72660827636719
2005-07-29,124.41000366210938,123.73999786376953,84.16203308105469
2005-08-01,123.83000183105469,123.6500015258789,84.10087585449219
2005-08-02,123.87000274658203,124.38999938964844,84.60417938232422
2005-08-03,124.25,124.72000122070312,84.82862091064453
2005-08-04,124.2300033569336,123.72000122070312,84.14849090576172
2005-08-05,123.44999694824219,122.87999725341797,83.5771713256836
2005-08-08,123.1500015258789,122.6500015258789,83.42071533203125
2005-08-09,123.05999755859375,123.38999938964844,83.92401885986328
2005-08-10,123.81999969482422,123.33000183105469,83.88323974609375
2005-08-11,123.2699966430664,123.81999969482422,84.21649169921875
2005-08-12,123.56999969482422,123.05999755859375,83.69956970214844
2005-08-15,123.22000122070312,123.81999969482422,84.21649169921875
2005-08-16,123.44000244140625,122.20999908447266,83.12142944335938
2005-08-17,122.19000244140625,122.19999694824219,83.11463928222656
2005-08-18,122.05000305175781,122.19000244140625,83.10785675048828
2005-08-19,122.62999725341797,122.47000122070312,83.29828643798828
2005-08-22,122.58000183105469,122.47000122070312,83.29828643798828
2005-08-23,122.5,122.23999786376953,83.14188385009766
2005-08-24,121.94000244140625,121.1500015258789,82.4004898071289
2005-08-25,121.3499984741211,121.58999633789062,82.69979095458984
2005-08-26,121.4800033569336,120.76000213623047,82.13523864746094
2005-08-29,120.41000366210938,121.69000244140625,82.7677230834961
2005-08-30,121.25,121.05000305175781,82.33248138427734
2005-08-31,121.19000244140625,122.58000183105469,83.37312316894531
2005-09-01,122.5199966430664,122.48999786376953,83.3118667602539
2005-09-02,122.8499984741211,122.2699966430664,83.16223907470703
2005-09-06,122.66000366210938,123.69999694824219,84.1348648071289
2005-09-07,123.62999725341797,123.91000366210938,84.2777099609375
2005-09-08,123.66000366210938,123.5,83.99884033203125
2005-09-09,123.83000183105469,124.5999984741211,84.74701690673828
2005-09-12,124.44999694824219,124.3499984741211,84.57698822021484
2005-09-13,124.12999725341797,123.66000366210938,84.107666015625
2005-09-14,123.73999786376953,123.20999908447266,83.80157470703125
2005-09-15,123.58999633789062,123.1500015258789,83.7607650756836
2005-09-16,123.30000305175781,123.5,84.3564224243164
2005-09-19,123.47000122070312,123.08999633789062,84.07638549804688
2005-09-20,123.19999694824219,122.05000305175781,83.36600494384766
2005-09-21,121.79000091552734,120.91000366210938,82.58734130859375
2005-09-22,120.94999694824219,121.33999633789062,82.88101196289062
2005-09-23,121.23999786376953,121.44000244140625,82.94930267333984
2005-09-26,122.0199966430664,121.58000183105469,83.04496765136719
2005-09-27,121.5199966430664,121.55000305175781,83.02446746826172
2005-09-28,121.93000030517578,121.66999816894531,83.10645294189453
2005-09-29,121.55000305175781,122.66000366210938,83.78266143798828
2005-09-30,122.62000274658203,123.04000091552734,84.04219818115234
2005-10-03,122.95999908447266,122.5999984741211,83.74166107177734
2005-10-04,122.79000091552734,121.22000122070312,82.79905700683594
2005-10-05,121.25,119.62999725341797,81.71302032470703
2005-10-06,119.77999877929688,119.19999694824219,81.41929626464844
2005-10-07,119.69999694824219,119.61000061035156,81.69935607910156
2005-10-10,119.68000030517578,118.5999984741211,81.00946044921875
2005-10-11,118.98999786376953,118.43000030517578,80.89335632324219
2005-10-12,118.38999938964844,117.5,80.25811004638672
2005-10-13,117.45999908447266,117.43000030517578,80.2103042602539
2005-10-14,118.12000274658203,118.66999816894531,81.05729675292969
2005-10-17,118.80000305175781,119.11000061035156,81.35783386230469
2005-10-18,118.94000244140625,117.81999969482422,80.47669982910156
2005-10-19,117.5,119.77999877929688,81.81544494628906
2005-10-20,119.48999786376953,117.66999816894531,80.37422180175781
2005-10-21,118.29000091552734,118.12999725341797,80.68840026855469
2005-10-24,118.44000244140625,119.95999908447266,81.93842315673828
2005-10-25,119.72000122070312,119.72000122070312,81.77449035644531
2005-10-26,119.51000213623047,119.37000274658203,81.53546142578125
2005-10-27,119.19999694824219,118.0999984741211,80.66795349121094
2005-10-28,118.43000030517578,119.80000305175781,81.82913208007812
2005-10-31,120.29000091552734,120.12999725341797,82.05451202392578
2005-11-01,120.58000183105469,120.48999786376953,82.3004150390625
2005-11-02,120.16999816894531,121.75,83.16107177734375
2005-11-03,122.1500015258789,122.2699966430664,83.51622009277344
2005-11-04,122.4000015258789,122.11000061035156,83.40699768066406
2005-11-07,122.37000274658203,122.2300033569336,83.48892974853516
2005-11-08,121.93000030517578,122.2300033569336,83.48892974853516
2005-11-09,122.08000183105469,122.38999938964844,83.59820556640625
2005-11-10,122.33999633789062,123.33999633789062,84.24710083007812
2005-11-11,123.3499984741211,123.76000213623047,84.5339584350586
2005-11-14,123.79000091552734,123.69000244140625,84.48619079589844
2005-11-15,123.55000305175781,123.23999786376953,84.1788101196289
2005-11-16,123.37000274658203,123.48999786376953,84.34956359863281
2005-11-17,123.68000030517578,124.63999938964844,85.13508605957031
2005-11-18,125.05999755859375,125.12999725341797,85.46976470947266
2005-11-21,125.1500015258789,125.76000213623047,85.90010833740234
2005-11-22,125.55999755859375,126.30000305175781,86.26896667480469
2005-11-23,126.25,127.02999877929688,86.76757049560547
2005-11-25,126.9800033569336,127.12999725341797,86.83592224121094
2005-11-28,127.25,126.2300033569336,86.22114562988281
2005-11-29,126.6500015258789,126.08999633789062,86.12549591064453
2005-11-30,126.16000366210938,125.41000366210938,85.6610336303711
2005-12-01,126.0199966430664,126.69000244140625,86.53533935546875
2005-12-02,126.7699966430664,126.8499984741211,86.64463806152344
2005-12-05,126.69999694824219,126.58000183105469,86.4601821899414
2005-12-06,127.05000305175781,126.81999969482422,86.62410736083984
2005-12-07,126.7699966430664,126.08000183105469,86.11868286132812
2005-12-08,126.22000122070312,126.0,86.06401062011719
2005-12-09,126.16000366210938,126.33000183105469,86.28943634033203
2005-12-12,126.70999908447266,126.44999694824219,86.3714370727539
2005-12-13,126.41999816894531,127.30999755859375,86.95882415771484
2005-12-14,127.19000244140625,127.80999755859375,87.30036163330078
2005-12-15,127.83999633789062,127.44000244140625,87.04759979248047
2005-12-16,127.27999877929688,126.36000061035156,86.7674560546875
2005-12-19,126.7300033569336,125.70999908447266,86.32112884521484
2005-12-20,125.86000061035156,125.83000183105469,86.4035415649414
2005-12-21,126.22000122070312,126.02999877929688,86.54084014892578
2005-12-22,126.30999755859375,126.69000244140625,86.99407958984375
2005-12-23,126.77999877929688,126.76000213623047,87.04210662841797
2005-12-27,126.95999908447266,125.47000122070312,86.15631103515625
2005-12-28,125.73999786376953,125.75,86.34857940673828
2005-12-29,125.72000122070312,125.19000244140625,85.96407318115234
2005-12-30,124.80000305175781,124.51000213623047,85.49711608886719
2006-01-03,125.19000244140625,126.69999694824219,87.00091552734375
2006-01-04,126.86000061035156,127.30000305175781,87.41292572021484
2006-01-05,127.1500015258789,127.37999725341797,87.46785736083984
2006-01-06,128.02000427246094,128.44000244140625,88.19574737548828
2006-01-09,128.4199981689453,128.77000427246094,88.42232513427734
2006-01-10,128.38999938964844,128.89999389648438,88.5115737915039
2006-01-11,129.02000427246094,129.30999755859375,88.79310607910156
2006-01-12,129.0800018310547,128.8000030517578,88.44293212890625
2006-01-13,128.57000732421875,128.67999267578125,88.36050415039062
2006-01-17,128.1999969482422,128.3300018310547,88.12020111083984
2006-01-18,127.58000183105469,127.81999969482422,87.76998901367188
2006-01-19,128.1300048828125,128.30999755859375,88.10643005371094
2006-01-20,128.27999877929688,125.97000122070312,86.49964904785156
2006-01-23,126.20999908447266,126.41999816894531,86.80863952636719
2006-01-24,126.62999725341797,126.55000305175781,86.8979263305664
2006-01-25,127.04000091552734,126.66000366210938,86.97346496582031
2006-01-26,127.25,127.36000061035156,87.45410919189453
2006-01-27,127.66000366210938,128.5399932861328,88.26438903808594
2006-01-30,128.44000244140625,128.44000244140625,88.19574737548828
2006-01-31,128.32000732421875,127.5,87.55025482177734
2006-02-01,127.81999969482422,128.38999938964844,88.16138458251953
2006-02-02,128.10000610351562,126.9000015258789,87.13826751708984
2006-02-03,126.58000183105469,126.2699966430664,86.70564270019531
2006-02-06,126.44000244140625,126.5999984741211,86.93225860595703
2006-02-07,126.37999725341797,125.4800033569336,86.16317749023438
2006-02-08,125.8499984741211,126.62000274658203,86.94599151611328
2006-02-09,126.91999816894531,126.41000366210938,86.80178833007812
2006-02-10,126.43000030517578,126.63999938964844,86.959716796875
2006-02-13,126.5999984741211,126.41000366210938,86.80178833007812
2006-02-14,126.45999908447266,127.75,87.72190856933594
2006-02-15,127.68000030517578,128.1999969482422,88.03091430664062
2006-02-16,128.33999633789062,129.16000366210938,88.69013977050781
2006-02-17,129.0500030517578,128.80999755859375,88.44981384277344
2006-02-21,129.11000061035156,128.49000549316406,88.23007202148438
2006-02-22,128.77000427246094,129.27000427246094,88.76567077636719
2006-02-23,129.27000427246094,129.0800018310547,88.63517761230469
2006-02-24,129.11000061035156,129.41000366210938,88.8617935180664
2006-02-27,129.39999389648438,129.4600067138672,88.8961181640625
2006-02-28,129.1999969482422,128.22999572753906,88.05152130126953
2006-03-01,128.60000610351562,129.3699951171875,88.83428955078125
2006-03-02,128.89999389648438,129.36000061035156,88.82746124267578
2006-03-03,128.6699981689453,128.75999450683594,88.41545867919922
2006-03-06,129.13999938964844,128.1699981689453,88.01031494140625
2006-03-07,127.86000061035156,127.97000122070312,87.87300109863281
2006-03-08,127.69999694824219,128.24000549316406,88.05841064453125
2006-03-09,128.27999877929688,127.37999725341797,87.46785736083984
2006-03-10,127.70999908447266,128.58999633789062,88.29872131347656
2006-03-13,128.83999633789062,128.8300018310547,88.46350860595703
2006-03-14,128.7100067138672,130.17999267578125,89.39051818847656
2006-03-15,130.14999389648438,130.75999450683594,89.788818359375
2006-03-16,131.00999450683594,131.02999877929688,89.97420501708984
2006-03-17,130.67999267578125,130.6199951171875,90.04935455322266
2006-03-20,130.63999938964844,130.41000366210938,89.90454864501953
2006-03-21,130.3699951171875,129.58999633789062,89.33926391601562
2006-03-22,129.50999450683594,130.3800048828125,89.88388061523438
2006-03-23,130.25999450683594,130.11000061035156,89.69773864746094
2006-03-24,129.99000549316406,130.2100067138672,89.7667007446289
2006-03-27,130.02999877929688,130.02000427246094,89.6357192993164
2006-03-28,129.92999267578125,129.22000122070312,89.08418273925781
2006-03-29,129.41000366210938,130.02999877929688,89.64260864257812
2006-03-30,130.11000061035156,129.8000030517578,89.4840316772461
2006-03-31,130.02000427246094,129.8300018310547,89.50472259521484
2006-04-03,130.07000732421875,129.72999572753906,89.43577575683594
2006-04-04,129.72999572753906,130.55999755859375,90.00800323486328
2006-04-05,130.61000061035156,131.00999450683594,90.31822204589844
2006-04-06,130.85000610351562,130.8699951171875,90.22167205810547
2006-04-07,131.05999755859375,129.5399932861328,89.30477905273438
2006-04-10,129.74000549316406,129.74000549316406,89.44265747070312
2006-04-11,129.85000610351562,128.63999938964844,88.68433380126953
2006-04-12,128.77000427246094,128.8800048828125,88.84976959228516
2006-04-13,128.58999633789062,128.7100067138672,88.73258209228516
2006-04-17,128.8300018310547,128.66000366210938,88.6981430053711
2006-04-18,128.92999267578125,130.6999969482422,90.1044921875
2006-04-19,130.75,130.9499969482422,90.2768325805664
2006-04-20,131.0,131.1300048828125,90.40092468261719
2006-04-21,131.69000244140625,131.14999389648438,90.4146957397461
2006-04-24,130.88999938964844,130.91000366210938,90.24927520751953
2006-04-25,131.0399932861328,130.3699951171875,89.87698364257812
2006-04-26,130.5,130.39999389648438,89.89767456054688
2006-04-27,129.89999389648438,131.02999877929688,90.33200073242188
2006-04-28,130.7899932861328,131.47000122070312,90.63532257080078
2006-05-01,131.47000122070312,130.39999389648438,89.89767456054688
2006-05-02,131.00999450683594,131.3800048828125,90.57328033447266
2006-05-03,131.14999389648438,130.88999938964844,90.23550415039062
2006-05-04,131.0800018310547,131.36000061035156,90.55950927734375
2006-05-05,132.0500030517578,132.52000427246094,91.35921478271484
2006-05-08,132.50999450683594,132.36000061035156,91.2488784790039
2006-05-09,132.4199981689453,132.6199951171875,91.42814636230469
2006-05-10,132.41000366210938,132.5500030517578,91.37992095947266
2006-05-11,132.50999450683594,130.9499969482422,90.2768325805664
2006-05-12,130.36000061035156,129.24000549316406,89.09798431396484
2006-05-15,128.7899932861328,129.5,89.27721405029297
2006-05-16,129.75999450683594,129.30999755859375,89.14620971679688
2006-05-17,128.6699981689453,126.8499984741211,87.4502944946289
2006-05-18,127.3499984741211,126.20999908447266,87.00910186767578
2006-05-19,126.87000274658203,127.0999984741211,87.62265014648438
2006-05-22,126.27999877929688,126.12999725341797,86.9539566040039
2006-05-23,127.18000030517578,125.16999816894531,86.29212188720703
2006-05-24,125.68000030517578,126.16999816894531,86.98148345947266
2006-05-25,126.91999816894531,127.7300033569336,88.0570068359375
2006-05-26,128.00999450683594,128.3800048828125,88.50508117675781
2006-05-30,127.97000122070312,126.0999984741211,86.93323516845703
2006-05-31,126.62000274658203,127.51000213623047,87.90534210205078
2006-06-01,127.37999725341797,128.72999572753906,88.7463607788086
2006-06-02,129.25,129.0,88.93252563476562
2006-06-05,128.85000610351562,127.12000274658203,87.63642120361328
2006-06-06,127.20999908447266,126.80999755859375,87.42272186279297
2006-06-07,126.91000366210938,125.86000061035156,86.7677993774414
2006-06-08,125.58000183105469,125.75,86.6919937133789
2006-06-09,126.36000061035156,125.3499984741211,86.41622924804688
2006-06-12,125.87999725341797,123.98999786376953,85.4786376953125
2006-06-13,123.73999786376953,122.55000305175781,84.48590087890625
2006-06-14,122.83999633789062,123.5,85.14086151123047
2006-06-15,123.94999694824219,126.12000274658203,86.94706726074219
2006-06-16,125.29000091552734,124.6500015258789,86.31343078613281
2006-06-19,125.4000015258789,123.66999816894531,85.63484191894531
2006-06-20,124.01000213623047,124.08999633789062,85.92568969726562
2006-06-21,124.0,125.01000213623047,86.56271362304688
2006-06-22,124.94999694824219,124.45999908447266,86.18187713623047
2006-06-23,124.33000183105469,124.44000244140625,86.16802215576172
2006-06-26,124.54000091552734,124.98999786376953,86.54887390136719
2006-06-27,125.01000213623047,123.91000366210938,85.80101776123047
2006-06-28,124.19000244140625,124.75,86.38267517089844
2006-06-29,125.19999694824219,127.2699966430664,88.1276626586914
2006-06-30,127.54000091552734,127.27999877929688,88.13456726074219
2006-07-03,127.43000030517578,127.80000305175781,88.49465942382812
2006-07-05,127.29000091552734,127.06999969482422,87.98915100097656
2006-07-06,127.19999694824219,127.44000244140625,88.2453842163086
2006-07-07,127.19000244140625,126.61000061035156,87.67062377929688
2006-07-10,126.94000244140625,126.8499984741211,87.83683776855469
2006-07-11,126.61000061035156,127.41000366210938,88.2245864868164
2006-07-12,127.1500015258789,126.05000305175781,87.28288269042969
2006-07-13,125.44999694824219,124.0,85.86334228515625
2006-07-14,124.12999725341797,123.5199966430664,85.53099060058594
2006-07-17,123.5199966430664,123.33999633789062,85.40633392333984
2006-07-18,123.70999908447266,123.97000122070312,85.84258270263672
2006-07-19,124.18000030517578,125.69000244140625,87.03358459472656
2006-07-20,126.12000274658203,124.83000183105469,86.43807983398438
2006-07-21,125.1500015258789,123.94999694824219,85.8287353515625
2006-07-24,124.44000244140625,126.20999908447266,87.39364624023438
2006-07-25,125.9800033569336,126.66000366210938,87.70527648925781
2006-07-26,126.58999633789062,126.83000183105469,87.82300567626953
2006-07-27,127.37999725341797,126.70999908447266,87.7398910522461
2006-07-28,127.04000091552734,127.9800033569336,88.61930847167969
2006-07-31,127.66000366210938,127.8499984741211,88.529296875
2006-08-01,127.33999633789062,127.22000122070312,88.09304809570312
2006-08-02,127.58000183105469,128.0800018310547,88.68855285644531
2006-08-03,127.33999633789062,128.4199981689453,88.92399597167969
2006-08-04,129.0800018310547,128.1999969482422,88.77162170410156
2006-08-07,127.9000015258789,127.9000015258789,88.56388854980469
2006-08-08,128.08999633789062,127.41000366210938,88.2245864868164
2006-08-09,128.17999267578125,126.9800033569336,87.9269027709961
2006-08-10,126.58000183105469,127.37000274658203,88.19691467285156
2006-08-11,127.16999816894531,127.01000213623047,87.94761657714844
2006-08-14,127.62999725341797,127.11000061035156,88.01685333251953
2006-08-15,128.25,128.6300048828125,89.06939697265625
2006-08-16,129.32000732421875,129.6999969482422,89.81031799316406
2006-08-17,129.5800018310547,130.02999877929688,90.03880310058594
2006-08-18,130.19000244140625,130.69000244140625,90.49581909179688
2006-08-21,130.17999267578125,130.1300048828125,90.10804748535156
2006-08-22,129.99000549316406,130.1199951171875,90.10111999511719
2006-08-23,130.17999267578125,129.75999450683594,89.85185241699219
2006-08-24,129.99000549316406,129.64999389648438,89.77567291259766
2006-08-25,129.63999938964844,129.80999755859375,89.88644409179688
2006-08-28,129.64999389648438,130.42999267578125,90.31578826904297
2006-08-29,130.49000549316406,130.5800018310547,90.41968536376953
2006-08-30,130.8699951171875,130.66000366210938,90.47506713867188
2006-08-31,130.85000610351562,130.63999938964844,90.46121215820312
2006-09-01,131.13999938964844,131.4199981689453,91.0013198852539
2006-09-05,131.50999450683594,131.6699981689453,91.17443084716797
2006-09-06,131.11000061035156,130.50999450683594,90.37117767333984
2006-09-07,130.05999755859375,129.91000366210938,89.95574188232422
2006-09-08,130.0800018310547,130.27999877929688,90.2119369506836
2006-09-11,129.86000061035156,130.41000366210938,90.30192565917969
2006-09-12,130.55999755859375,131.69000244140625,91.18827819824219
2006-09-13,131.63999938964844,132.22000122070312,91.55524444580078
2006-09-14,131.9600067138672,132.22999572753906,91.56217956542969
2006-09-15,132.30999755859375,131.9600067138672,91.77711486816406
2006-09-18,131.7899932861328,132.13999938964844,91.90229034423828
2006-09-19,132.1199951171875,131.80999755859375,91.67278289794922
2006-09-20,132.25,132.50999450683594,92.15962219238281
2006-09-21,132.61000061035156,131.8699951171875,91.71450805664062
2006-09-22,131.6699981689453,131.47000122070312,91.43627166748047
2006-09-25,131.72999572753906,132.47999572753906,92.13878631591797
2006-09-26,132.5,133.5800018310547,92.90380096435547
2006-09-27,133.49000549316406,133.74000549316406,93.01508331298828
2006-09-28,133.74000549316406,133.69000244140625,92.98030090332031
2006-09-29,133.8000030517578,133.5800018310547,92.90380096435547
2006-10-02,133.5399932861328,133.0800018310547,92.55606842041016
2006-10-03,132.88999938964844,133.36000061035156,92.75080108642578
2006-10-04,133.22999572753906,134.9199981689453,93.83576965332031
2006-10-05,134.9199981689453,135.17999267578125,94.01654052734375
2006-10-06,134.9499969482422,135.00999450683594,93.89834594726562
2006-10-09,134.85000610351562,135.08999633789062,93.9539794921875
2006-10-10,135.10000610351562,135.27000427246094,94.07917785644531
2006-10-11,134.83999633789062,135.11000061035156,93.9679183959961
2006-10-12,135.4499969482422,136.27999877929688,94.78164672851562
2006-10-13,136.16000366210938,136.6300048828125,95.0250244140625
2006-10-16,136.52000427246094,136.83999633789062,95.17108154296875
2006-10-17,136.47000122070312,136.41000366210938,94.8720703125
2006-10-18,137.0399932861328,136.58999633789062,94.99723815917969
2006-10-19,136.38999938964844,136.80999755859375,95.1502456665039
2006-10-20,136.83999633789062,136.83999633789062,95.17108154296875
2006-10-23,136.55999755859375,137.47000122070312,95.6092758178711
2006-10-24,137.27999877929688,137.8800048828125,95.89446258544922
2006-10-25,137.74000549316406,138.35000610351562,96.2212905883789
2006-10-26,138.66000366210938,138.77999877929688,96.52034759521484
2006-10-27,138.61000061035156,137.91000366210938,95.91526794433594
2006-10-30,137.66000366210938,137.80999755859375,95.84574890136719
2006-10-31,138.07000732421875,137.7899932861328,95.83181762695312
2006-11-01,138.22000122070312,136.86000061035156,95.18500518798828
2006-11-02,136.50999450683594,136.77999877929688,95.1293716430664
2006-11-03,137.27000427246094,136.5399932861328,94.96240234375
2006-11-06,136.9600067138672,138.0800018310547,96.03347778320312
2006-11-07,138.1999969482422,138.61000061035156,96.40213012695312
2006-11-08,138.0,138.91000366210938,96.61076354980469
2006-11-09,139.00999450683594,138.17999267578125,96.10304260253906
2006-11-10,138.13999938964844,138.24000549316406,96.1447982788086
2006-11-13,138.17999267578125,138.5800018310547,96.38125610351562
2006-11-14,138.97000122070312,139.6199951171875,97.10459899902344
2006-11-15,139.57000732421875,140.02000427246094,97.38277435302734
2006-11-16,140.44000244140625,140.3800048828125,97.63319396972656
2006-11-17,139.92999267578125,140.4199981689453,97.66094970703125
2006-11-20,140.3000030517578,140.5,97.71662139892578
2006-11-21,140.49000549316406,140.63999938964844,97.81396484375
2006-11-22,140.75,140.9199981689453,98.00874328613281
2006-11-24,140.24000549316406,140.35000610351562,97.61223602294922
2006-11-27,140.27999877929688,138.4199981689453,96.2699966430664
2006-11-28,138.24000549316406,139.02000427246094,96.68730926513672
2006-11-29,139.47000122070312,140.47000122070312,97.69577026367188
2006-11-30,140.44000244140625,140.52999877929688,97.73751831054688
2006-12-01,140.52999877929688,140.22000122070312,97.52185821533203
2006-12-04,140.25,141.2899932861328,98.26606750488281
2006-12-05,141.55999755859375,141.89999389648438,98.69026947021484
2006-12-06,141.8699951171875,141.77999877929688,98.6068344116211
2006-12-07,142.02999877929688,141.16000366210938,98.17562866210938
2006-12-08,141.1300048828125,141.4199981689453,98.35647583007812
2006-12-11,141.4199981689453,141.8300018310547,98.64159393310547
2006-12-12,141.69000244140625,141.72000122070312,98.5650863647461
2006-12-13,142.22999572753906,141.8699951171875,98.66943359375
2006-12-14,141.86000061035156,143.1199951171875,99.53882598876953
2006-12-15,142.63999938964844,142.33999633789062,99.54786682128906
2006-12-18,142.5399932861328,141.9499969482422,99.27511596679688
2006-12-19,141.5500030517578,142.22000122070312,99.46393585205078
2006-12-20,142.27999877929688,142.13999938964844,99.40798950195312
2006-12-21,142.27000427246094,141.6199951171875,99.0443344116211
2006-12-22,141.63999938964844,140.75,98.43588256835938
2006-12-26,140.80999755859375,141.5800018310547,99.01637268066406
2006-12-27,141.8699951171875,142.50999450683594,99.66678619384766
2006-12-28,142.41000366210938,142.2100067138672,99.45695495605469
2006-12-29,142.05999755859375,141.6199951171875,99.0443344116211
2007-01-03,142.25,141.3699951171875,98.86949920654297
2007-01-04,141.22999572753906,141.6699981689453,99.07929992675781
2007-01-05,141.3300018310547,140.5399932861328,98.2890396118164
2007-01-08,140.82000732421875,141.19000244140625,98.74362182617188
2007-01-09,141.30999755859375,141.07000732421875,98.65971374511719
2007-01-10,140.5800018310547,141.5399932861328,98.98839569091797
2007-01-11,141.5800018310547,142.16000366210938,99.42201232910156
2007-01-12,142.14999389648438,143.24000549316406,100.17729187011719
2007-01-16,143.07000732421875,142.9600067138672,99.98155212402344
2007-01-17,142.85000610351562,143.02000427246094,100.02346801757812
2007-01-18,143.1699981689453,142.5399932861328,99.68775939941406
2007-01-19,142.5399932861328,142.82000732421875,99.88356018066406
2007-01-22,143.07000732421875,142.3800048828125,99.57585144042969
2007-01-23,142.25999450683594,142.8000030517578,99.8696060180664
2007-01-24,142.97000122070312,143.9499969482422,100.67387390136719
2007-01-25,143.86000061035156,142.25999450683594,99.49195098876953
2007-01-26,142.57000732421875,142.1300048828125,99.40099334716797
2007-01-29,142.19000244140625,142.0500030517578,99.3450698852539
2007-01-30,142.35000610351562,142.7899932861328,99.86264038085938
2007-01-31,142.6300048828125,143.75,100.53396606445312
2007-02-01,144.14999389648438,144.61000061035156,101.13540649414062
2007-02-02,144.72999572753906,144.80999755859375,101.27532196044922
2007-02-05,144.6999969482422,144.85000610351562,101.30330657958984
2007-02-06,144.97000122070312,144.88999938964844,101.33125305175781
2007-02-07,145.1199951171875,145.2100067138672,101.55506134033203
2007-02-08,144.77999877929688,145.02000427246094,101.42215728759766
2007-02-09,145.05999755859375,143.94000244140625,100.6668930053711
2007-02-12,143.94000244140625,143.4499969482422,100.32416534423828
2007-02-13,143.77000427246094,144.66000366210938,101.17045593261719
2007-02-14,144.8000030517578,145.61000061035156,101.83479309082031
2007-02-15,145.6699981689453,145.8000030517578,101.96768188476562
2007-02-16,145.44000244140625,145.72999572753906,101.91868591308594
2007-02-20,145.55999755859375,146.0399932861328,102.13550567626953
2007-02-21,145.61000061035156,145.97999572753906,102.09356689453125
2007-02-22,146.0500030517578,145.8699951171875,102.01666259765625
2007-02-23,145.74000549316406,145.3000030517578,101.61798095703125
2007-02-26,145.8300018310547,145.1699981689453,101.527099609375
2007-02-27,143.8800048828125,139.5,97.56168365478516
2007-02-28,140.38999938964844,140.92999267578125,98.56178283691406
2007-03-01,139.33999633789062,140.50999450683594,98.26802062988281
2007-03-02,140.0500030517578,138.6699981689453,96.98116302490234
2007-03-05,137.92999267578125,137.35000610351562,96.05802917480469
2007-03-06,138.77999877929688,139.6999969482422,97.70155334472656
2007-03-07,139.58999633789062,139.55999755859375,97.60366821289062
2007-03-08,140.5399932861328,140.74000549316406,98.4288558959961
2007-03-09,141.30999755859375,140.77999877929688,98.45685577392578
2007-03-12,140.4199981689453,140.99000549316406,98.60372924804688
2007-03-13,140.17999267578125,138.25,96.68751525878906
2007-03-14,138.42999267578125,139.27999877929688,97.40785217285156
2007-03-15,138.97000122070312,139.47000122070312,97.5406723022461
2007-03-16,139.30999755859375,138.52999877929688,97.2675552368164
2007-03-19,139.25999450683594,140.1999969482422,98.44009399414062
2007-03-20,140.0800018310547,140.97000122070312,98.98079681396484
2007-03-21,141.10000610351562,143.2899932861328,100.6097640991211
2007-03-22,143.47999572753906,143.17999267578125,100.53250885009766
2007-03-23,143.27999877929688,143.38999938964844,100.67996978759766
2007-03-26,143.5,143.1999969482422,100.54655456542969
2007-03-27,143.1199951171875,142.86000061035156,100.30780792236328
2007-03-28,142.13999938964844,141.82000732421875,99.57757568359375
2007-03-29,142.5399932861328,141.97000122070312,99.6829833984375
2007-03-30,142.24000549316406,142.0,99.70399475097656
2007-04-02,142.16000366210938,142.16000366210938,99.81635284423828
2007-04-03,142.97000122070312,143.69000244140625,100.890625
2007-04-04,143.69000244140625,143.85000610351562,101.00296020507812
2007-04-05,143.6699981689453,144.24000549316406,101.2767562866211
2007-04-09,144.64999389648438,144.44000244140625,101.41720581054688
2007-04-10,144.3300018310547,144.61000061035156,101.53652954101562
2007-04-11,144.82000732421875,144.02000427246094,101.12232971191406
2007-04-12,143.74000549316406,144.66000366210938,101.57168579101562
2007-04-13,144.89999389648438,145.32000732421875,102.03510284423828
2007-04-16,145.8300018310547,146.6999969482422,103.0040512084961
2007-04-17,146.97000122070312,147.08999633789062,103.27787780761719
2007-04-18,146.60000610351562,147.27000427246094,103.4042739868164
2007-04-19,146.5500030517578,147.22999572753906,103.37616729736328
2007-04-20,148.22000122070312,148.6199951171875,104.35218048095703
2007-04-23,148.3699951171875,148.05999755859375,103.95896911621094
2007-04-24,148.22999572753906,148.1199951171875,104.00110626220703
2007-04-25,148.72999572753906,149.47999572753906,104.9560317993164
2007-04-26,149.49000549316406,149.64999389648438,105.07535552978516
2007-04-27,149.08999633789062,149.52999877929688,104.99115753173828
2007-04-30,149.63999938964844,148.2899932861328,104.12042236328125
2007-05-01,148.4199981689453,148.6699981689453,104.38731384277344
2007-05-02,148.89999389648438,149.5399932861328,104.99817657470703
2007-05-03,149.97000122070312,150.35000610351562,105.56690216064453
2007-05-04,150.75,150.9199981689453,105.96709442138672
2007-05-07,150.8800048828125,150.9499969482422,105.9881362915039
2007-05-08,150.5800018310547,150.75,105.84770965576172
2007-05-09,150.63999938964844,151.16000366210938,106.13560485839844
2007-05-10,150.72999572753906,149.5800018310547,105.02619934082031
2007-05-11,149.75,150.86000061035156,105.92496490478516
2007-05-14,150.86000061035156,150.52999877929688,105.69320678710938
2007-05-15,150.6999969482422,150.57000732421875,105.72134399414062
2007-05-16,150.8000030517578,151.60000610351562,106.444580078125
2007-05-17,151.3800048828125,151.3000030517578,106.23390197753906
2007-05-18,152.00999450683594,152.6199951171875,107.16075897216797
2007-05-21,152.5800018310547,152.5399932861328,107.10454559326172
2007-05-22,152.6999969482422,152.4199981689453,107.0202865600586
2007-05-23,152.9499969482422,152.44000244140625,107.03429412841797
2007-05-24,152.52999877929688,151.05999755859375,106.06538391113281
2007-05-25,151.5,151.69000244140625,106.50775146484375
2007-05-29,151.94000244140625,152.24000549316406,106.8938980102539
2007-05-30,151.4600067138672,153.47999572753906,107.76457977294922
2007-05-31,153.6699981689453,153.32000732421875,107.6522445678711
2007-06-01,153.8800048828125,154.0800018310547,108.18585968017578
2007-06-04,153.5399932861328,154.10000610351562,108.19992065429688
2007-06-05,153.74000549316406,153.49000549316406,107.77155303955078
2007-06-06,152.86000061035156,151.83999633789062,106.61304473876953
2007-06-07,151.55999755859375,149.10000610351562,104.68921661376953
2007-06-08,149.5800018310547,151.0399932861328,106.05130004882812
2007-06-11,150.92999267578125,151.3000030517578,106.23390197753906
2007-06-12,150.6699981689453,149.64999389648438,105.07535552978516
2007-06-13,150.5,151.88999938964844,106.64822387695312
2007-06-14,152.05999755859375,152.86000061035156,107.32929229736328
2007-06-15,153.13999938964844,153.07000732421875,107.93991088867188
2007-06-18,153.3800048828125,152.88999938964844,107.81301879882812
2007-06-19,152.5500030517578,153.27000427246094,108.08097839355469
2007-06-20,153.5800018310547,151.13999938964844,106.5789566040039
2007-06-21,151.0800018310547,151.97999572753906,107.17124938964844
2007-06-22,151.52000427246094,150.5500030517578,106.16287994384766
2007-06-25,150.24000549316406,149.8300018310547,105.65518188476562
2007-06-26,150.2100067138672,148.2899932861328,104.56918334960938
2007-06-27,148.1300048828125,150.39999389648438,106.05716705322266
2007-06-28,150.3800048828125,150.3800048828125,106.04302978515625
2007-06-29,150.89999389648438,150.42999267578125,106.0782470703125
2007-07-02,150.8699951171875,151.7899932861328,107.03730773925781
2007-07-03,152.17999267578125,152.33999633789062,107.42513275146484
2007-07-05,152.39999389648438,152.17999267578125,107.31224822998047
2007-07-06,152.3800048828125,152.97999572753906,107.87641143798828
2007-07-09,153.16000366210938,153.10000610351562,107.96105194091797
2007-07-10,152.2899932861328,150.9199981689453,106.4238052368164
2007-07-11,150.75,151.99000549316406,107.1783676147461
2007-07-12,152.3699951171875,154.38999938964844,108.87071990966797
2007-07-13,154.57000732421875,154.85000610351562,109.19513702392578
2007-07-16,154.99000549316406,154.8300018310547,109.1810302734375
2007-07-17,154.92999267578125,154.75,109.12461853027344
2007-07-18,154.22999572753906,154.47000122070312,108.92716979980469
2007-07-19,155.1999969482422,155.07000732421875,109.3502426147461
2007-07-20,154.88999938964844,153.5,108.24314880371094
2007-07-23,154.17999267578125,153.97000122070312,108.57456970214844
2007-07-24,153.1199951171875,151.3000030517578,106.69176483154297
2007-07-25,152.02000427246094,151.61000061035156,106.91034698486328
2007-07-26,150.19000244140625,148.02000427246094,104.3788070678711
2007-07-27,148.2100067138672,145.11000061035156,102.32678985595703
2007-07-30,145.92999267578125,147.3800048828125,103.92755889892578
2007-07-31,148.3300018310547,145.72000122070312,102.75688934326172
2007-08-01,145.17999267578125,146.42999267578125,103.2575912475586
2007-08-02,146.75999450683594,147.60000610351562,104.0826644897461
2007-08-03,147.27999877929688,143.8000030517578,101.40303039550781
2007-08-06,144.2100067138672,146.2100067138672,103.10250091552734
2007-08-07,145.94000244140625,147.77000427246094,104.20256042480469
2007-08-08,148.41000366210938,149.8300018310547,105.65518188476562
2007-08-09,147.42999267578125,145.38999938964844,102.52421569824219
2007-08-10,144.38999938964844,144.7100067138672,102.04473876953125
2007-08-13,146.5,145.22999572753906,102.41143035888672
2007-08-14,145.6999969482422,143.00999450683594,100.84593963623047
2007-08-15,142.72000122070312,141.0399932861328,99.45675659179688
2007-08-16,139.7899932861328,142.10000610351562,100.2042236328125
2007-08-17,145.5,144.7100067138672,102.04473876953125
2007-08-20,145.1699981689453,144.63999938964844,101.99537658691406
2007-08-21,144.60000610351562,144.92999267578125,102.19988250732422
2007-08-22,146.00999450683594,146.64999389648438,103.41273498535156
2007-08-23,147.33999633789062,146.52000427246094,103.32109069824219
2007-08-24,146.47999572753906,148.3300018310547,104.59747314453125
2007-08-27,147.85000610351562,146.9499969482422,103.6242904663086
2007-08-28,146.16000366210938,143.72000122070312,101.34662628173828
2007-08-29,144.3699951171875,146.5399932861328,103.33521270751953
2007-08-30,145.4499969482422,146.14999389648438,103.0601806640625
2007-08-31,147.64999389648438,147.58999633789062,104.07559204101562
2007-09-04,147.4499969482422,149.0800018310547,105.12631225585938
2007-09-05,148.1999969482422,147.7899932861328,104.21663665771484
2007-09-06,147.9499969482422,148.1300048828125,104.45636749267578
2007-09-07,146.47999572753906,146.07000732421875,103.00373840332031
2007-09-10,146.52000427246094,145.7899932861328,102.8062744140625
2007-09-11,146.24000549316406,147.49000549316406,104.00509643554688
2007-09-12,147.2899932861328,147.8699951171875,104.2730712890625
2007-09-13,148.5500030517578,148.91000366210938,105.00642395019531
2007-09-14,147.9600067138672,148.89999389648438,104.9993896484375
2007-09-17,148.30999755859375,148.10000610351562,104.43521118164062
2007-09-18,148.8300018310547,152.4600067138672,107.50980377197266
2007-09-19,153.41000366210938,153.36000061035156,108.1443862915039
2007-09-20,153.33999633789062,152.27999877929688,107.38282012939453
2007-09-21,152.7100067138672,151.97000122070312,107.67264556884766
2007-09-24,152.4199981689453,151.69000244140625,107.47425079345703
2007-09-25,150.80999755859375,151.38999938964844,107.26170349121094
2007-09-26,152.25,152.19000244140625,107.8284683227539
2007-09-27,152.91000366210938,153.08999633789062,108.46617889404297
2007-09-28,152.85000610351562,152.5800018310547,108.10474395751953
2007-10-01,152.60000610351562,154.3000030517578,109.3234634399414
2007-10-02,154.61000061035156,154.08999633789062,109.17471313476562
2007-10-03,153.80999755859375,153.77999877929688,108.95500183105469
2007-10-04,154.11000061035156,154.02000427246094,109.12501525878906
2007-10-05,155.02999877929688,155.85000610351562,110.42168426513672
2007-10-08,155.38999938964844,155.02000427246094,109.8335952758789
2007-10-09,155.60000610351562,156.47999572753906,110.86798095703125
2007-10-10,156.0399932861328,156.22000122070312,110.68378448486328
2007-10-11,156.92999267578125,155.47000122070312,110.15240478515625
2007-10-12,155.4600067138672,156.3300018310547,110.76175689697266
2007-10-15,156.27000427246094,155.00999450683594,109.82647705078125
2007-10-16,154.41000366210938,153.77999877929688,108.95500183105469
2007-10-17,154.97999572753906,154.25,109.28804016113281
2007-10-18,153.4499969482422,153.69000244140625,108.89125061035156
2007-10-19,153.08999633789062,149.6699981689453,106.0430679321289
2007-10-22,148.86000061035156,150.5399932861328,106.65940856933594
2007-10-23,151.4600067138672,151.75999450683594,107.52385711669922
2007-10-24,151.2100067138672,151.47999572753906,107.32547760009766
2007-10-25,151.64999389648438,151.83999633789062,107.58049774169922
2007-10-26,153.05999755859375,153.6199951171875,108.84166717529297
2007-10-29,153.92999267578125,154.1300048828125,109.2030029296875
2007-10-30,153.4499969482422,153.05999755859375,108.44490051269531
2007-10-31,153.97999572753906,154.64999389648438,109.57141876220703
2007-11-01,153.2899932861328,151.02999877929688,107.00663757324219
2007-11-02,151.52999877929688,151.1999969482422,107.1270751953125
2007-11-05,149.63999938964844,150.0500030517578,106.3122787475586
2007-11-06,150.86000061035156,152.07000732421875,107.74346923828125
2007-11-07,150.44000244140625,147.91000366210938,104.79605102539062
2007-11-08,147.99000549316406,147.16000366210938,104.26470947265625
2007-11-09,145.69000244140625,145.13999938964844,102.83348846435547
2007-11-12,145.2100067138672,143.6999969482422,101.813232421875
2007-11-13,145.3699951171875,148.0800018310547,104.91653442382812
2007-11-14,149.22000122070312,147.6699981689453,104.62600708007812
2007-11-15,146.57000732421875,145.5399932861328,103.11690521240234
2007-11-16,146.30999755859375,145.7899932861328,103.29398345947266
2007-11-19,145.27999877929688,143.75999450683594,101.855712890625
2007-11-20,144.02000427246094,144.63999938964844,102.47923278808594
2007-11-21,143.0800018310547,141.67999267578125,100.38204956054688
2007-11-23,143.07000732421875,144.1300048828125,102.11786651611328
2007-11-26,144.42999267578125,140.9499969482422,99.86478424072266
2007-11-27,141.74000549316406,142.57000732421875,101.01264190673828
2007-11-28,144.19000244140625,147.1300048828125,104.24341583251953
2007-11-29,146.6199951171875,147.17999267578125,104.27883911132812
2007-11-30,149.0399932861328,148.66000366210938,105.32747650146484
2007-12-03,148.19000244140625,147.67999267578125,104.63308715820312
2007-12-04,146.66000366210938,146.36000061035156,103.6978988647461
2007-12-05,147.92999267578125,148.80999755859375,105.43374633789062
2007-12-06,148.6300048828125,150.94000244140625,106.94285583496094
2007-12-07,151.4199981689453,150.91000366210938,106.92164611816406
2007-12-10,151.27999877929688,152.0800018310547,107.75051879882812
2007-12-11,152.13999938964844,147.91000366210938,104.79605102539062
2007-12-12,151.05999755859375,149.3699951171875,105.83045959472656
2007-12-13,148.32000732421875,149.05999755859375,105.61085510253906
2007-12-14,147.92999267578125,147.1699981689453,104.2717514038086
2007-12-17,146.61000061035156,145.07000732421875,102.78385162353516
2007-12-18,146.10000610351562,145.8800048828125,103.35777282714844
2007-12-19,145.94000244140625,145.8800048828125,103.35777282714844
2007-12-20,146.83999633789062,146.8000030517578,104.00965118408203
2007-12-21,147.3699951171875,148.1300048828125,105.50897216796875
2007-12-24,148.82000732421875,149.22999572753906,106.29243469238281
2007-12-26,148.64999389648438,149.5500030517578,106.52037048339844
2007-12-27,149.02000427246094,147.6699981689453,105.18128967285156
2007-12-28,148.5399932861328,147.3000030517578,104.91775512695312
2007-12-31,147.10000610351562,146.2100067138672,104.14138793945312
2008-01-02,146.52999877929688,144.92999267578125,103.22969055175781
2008-01-03,144.91000366210938,144.86000061035156,103.17981719970703
2008-01-04,143.33999633789062,141.30999755859375,100.65125274658203
2008-01-07,141.80999755859375,141.19000244140625,100.56578826904297
2008-01-08,142.0800018310547,138.91000366210938,98.94181823730469
2008-01-09,139.08999633789062,140.3699951171875,99.98174285888672
2008-01-10,139.67999267578125,141.2899932861328,100.63700103759766
2008-01-11,140.77999877929688,140.14999389648438,99.82501983642578
2008-01-14,141.16000366210938,141.27999877929688,100.62987518310547
2008-01-15,139.7899932861328,138.1699981689453,98.41471862792969
2008-01-16,137.36000061035156,136.97999572753906,97.567138671875
2008-01-17,137.80999755859375,133.42999267578125,95.03851318359375
2008-01-18,134.74000549316406,132.05999755859375,94.06275177001953
2008-01-22,127.20999908447266,130.72000122070312,93.10826110839844
2008-01-23,127.08999633789062,133.86000061035156,95.3448257446289
2008-01-24,134.47999572753906,134.99000549316406,96.14971160888672
2008-01-25,136.50999450683594,133.0399932861328,94.76072692871094
2008-01-28,133.25999450683594,135.24000549316406,96.32778930664062
2008-01-29,136.10000610351562,135.91000366210938,96.80500030517578
2008-01-30,135.5800018310547,134.91000366210938,96.09272766113281
2008-01-31,133.39999389648438,137.3699951171875,97.84488677978516
2008-02-01,137.94000244140625,139.5800018310547,99.41901397705078
2008-02-04,139.2100067138672,137.82000732421875,98.1654281616211
2008-02-05,135.94000244140625,134.1300048828125,95.53711700439453
2008-02-06,134.5800018310547,133.0500030517578,94.76788330078125
2008-02-07,131.8000030517578,133.92999267578125,95.39466094970703
2008-02-08,133.08999633789062,133.07000732421875,94.7821044921875
2008-02-11,133.10000610351562,133.75,95.2664794921875
2008-02-12,134.91000366210938,134.99000549316406,96.14971160888672
2008-02-13,136.00999450683594,136.3699951171875,97.13262176513672
2008-02-14,136.9499969482422,135.1699981689453,96.27790832519531
2008-02-15,134.5,135.13999938964844,96.25652313232422
2008-02-19,136.72000122070312,135.52000427246094,96.52719116210938
2008-02-20,133.99000549316406,135.9199981689453,96.81209564208984
2008-02-21,136.66000366210938,134.7899932861328,96.00724792480469
2008-02-22,134.97000122070312,135.6199951171875,96.59843444824219
2008-02-25,135.5399932861328,137.3300018310547,97.81639862060547
2008-02-26,136.75,138.36000061035156,98.55004119873047
2008-02-27,137.55999755859375,138.22000122070312,98.45030975341797
2008-02-28,137.24000549316406,136.8699951171875,97.48877716064453
2008-02-29,135.60000610351562,133.82000732421875,95.3163070678711
2008-03-03,133.13999938964844,133.5,95.08840942382812
2008-03-04,132.22999572753906,132.99000549316406,94.72517395019531
2008-03-05,133.4199981689453,133.8300018310547,95.32344818115234
2008-03-06,132.97999572753906,131.05999755859375,93.35047912597656
2008-03-07,129.77000427246094,129.7100067138672,92.38890075683594
2008-03-10,129.83999633789062,128.0,91.1708984375
2008-03-11,130.72000122070312,132.60000610351562,94.44737243652344
2008-03-12,132.74000549316406,131.36000061035156,93.56411743164062
2008-03-13,129.61000061035156,131.64999389648438,93.77068328857422
2008-03-14,132.77000427246094,129.61000061035156,92.3176498413086
2008-03-17,126.56999969482422,128.3000030517578,91.3845443725586
2008-03-18,130.6199951171875,133.6300048828125,95.18099975585938
2008-03-19,134.13999938964844,130.32000732421875,92.82337951660156
2008-03-20,130.0500030517578,132.0800018310547,94.54277038574219
2008-03-24,133.30999755859375,134.72000122070312,96.43245697021484
2008-03-25,134.86000061035156,134.85000610351562,96.52550506591797
2008-03-26,134.4600067138672,133.1999969482422,95.34442138671875
2008-03-27,134.1999969482422,132.77999877929688,95.04379272460938
2008-03-28,132.99000549316406,131.50999450683594,94.13468933105469
2008-03-31,131.2899932861328,131.97000122070312,94.46398162841797
2008-04-01,133.61000061035156,136.61000061035156,97.7852783203125
2008-04-02,137.0500030517578,136.6999969482422,97.8497314453125
2008-04-03,135.9600067138672,137.0399932861328,98.09304809570312
2008-04-04,137.1199951171875,136.88999938964844,97.9856948852539
2008-04-07,137.8699951171875,136.9600067138672,98.03585815429688
2008-04-08,136.19000244140625,136.82000732421875,97.93562316894531
2008-04-09,136.61000061035156,135.8300018310547,97.22695922851562
2008-04-10,135.4199981689453,136.02000427246094,97.36297607421875
2008-04-11,134.49000549316406,133.3800048828125,95.47323608398438
2008-04-14,133.19000244140625,132.92999267578125,95.15116119384766
2008-04-15,133.5800018310547,133.24000549316406,95.37301635742188
2008-04-16,134.5399932861328,136.85000610351562,97.95709991455078
2008-04-17,136.02000427246094,137.0500030517578,98.1002197265625
2008-04-18,138.94000244140625,138.47999572753906,99.12381744384766
2008-04-21,138.22999572753906,138.5500030517578,99.17394256591797
2008-04-22,138.19000244140625,137.94000244140625,98.7373046875
2008-04-23,138.08999633789062,137.72000122070312,98.57978057861328
2008-04-24,138.0800018310547,138.32000732421875,99.00929260253906
2008-04-25,139.39999389648438,139.60000610351562,99.925537109375
2008-04-28,139.8800048828125,139.6300048828125,99.94702911376953
2008-04-29,139.38999938964844,139.0800018310547,99.55329132080078
2008-04-30,139.2899932861328,138.25999450683594,98.96635437011719
2008-05-01,138.3800048828125,141.1199951171875,101.0135498046875
2008-05-02,142.33999633789062,141.50999450683594,101.29268646240234
2008-05-05,141.0500030517578,140.8300018310547,100.80599212646484
2008-05-06,140.02000427246094,142.0500030517578,101.67924499511719
2008-05-07,141.88999938964844,139.52000427246094,99.86827850341797
2008-05-08,139.74000549316406,139.16000366210938,99.610595703125
2008-05-09,138.60000610351562,138.89999389648438,99.42446899414062
2008-05-12,139.25,140.4600067138672,100.54110717773438
2008-05-13,140.8000030517578,140.47999572753906,100.5554428100586
2008-05-14,141.07000732421875,140.77000427246094,100.7630386352539
2008-05-15,141.0399932861328,142.52999877929688,102.0228271484375
2008-05-16,142.86000061035156,142.66000366210938,102.11585998535156
2008-05-19,142.80999755859375,143.0500030517578,102.39497375488281
2008-05-20,142.27000427246094,141.88999938964844,101.564697265625
2008-05-21,141.80999755859375,139.49000549316406,99.8467788696289
2008-05-22,139.42999267578125,139.50999450683594,99.861083984375
2008-05-23,139.0500030517578,137.63999938964844,98.52257537841797
2008-05-27,137.8000030517578,138.66000366210938,99.25265502929688
2008-05-28,139.1699981689453,139.3000030517578,99.71080780029297
2008-05-29,139.1300048828125,140.0,100.21186065673828
2008-05-30,140.47000122070312,140.35000610351562,100.4624252319336
2008-06-02,139.8300018310547,138.89999389648438,99.42446899414062
2008-06-03,139.3000030517578,138.08999633789062,98.84469604492188
2008-06-04,137.6999969482422,138.02000427246094,98.79456329345703
2008-06-05,138.5800018310547,140.77999877929688,100.77017974853516
2008-06-06,139.5500030517578,136.2899932861328,97.55620574951172
2008-06-09,136.86000061035156,136.6199951171875,97.79248046875
2008-06-10,135.6699981689453,135.94000244140625,97.30571746826172
2008-06-11,135.97000122070312,133.94000244140625,95.87411499023438
2008-06-12,134.60000610351562,134.4499969482422,96.2391586303711
2008-06-13,135.1699981689453,136.14999389648438,97.45606231689453
2008-06-16,135.5500030517578,136.22999572753906,97.51326751708984
2008-06-17,137.07000732421875,135.57000732421875,97.0408935546875
2008-06-18,134.69000244140625,134.25,96.09602355957031
2008-06-19,134.14999389648438,134.4199981689453,96.21765899658203
2008-06-20,132.83999633789062,131.5800018310547,94.65591430664062
2008-06-23,132.08999633789062,131.4499969482422,94.56238555908203
2008-06-24,131.0500030517578,131.19000244140625,94.37535858154297
2008-06-25,131.72000122070312,131.80999755859375,94.82135772705078
2008-06-26,130.57000732421875,128.22999572753906,92.2459945678711
2008-06-27,128.27999877929688,127.52999877929688,91.74241638183594
2008-06-30,127.88999938964844,127.9800033569336,92.06616973876953
2008-07-01,126.5199966430664,128.3800048828125,92.35391998291016
2008-07-02,128.7899932861328,126.18000030517578,90.77127075195312
2008-07-03,127.11000061035156,126.30999755859375,90.86477661132812
2008-07-07,126.79000091552734,125.0199966430664,89.9367904663086
2008-07-08,124.98999786376953,127.23999786376953,91.53382110595703
2008-07-09,127.5,124.79000091552734,89.77134704589844
2008-07-10,124.43000030517578,125.30000305175781,90.13822174072266
2008-07-11,123.97000122070312,123.83999633789062,89.0879135131836
2008-07-14,125.26000213623047,122.72000122070312,88.28221893310547
2008-07-15,121.80000305175781,120.98999786376953,87.0376968383789
2008-07-16,121.44999694824219,123.95999908447266,89.17424774169922
2008-07-17,125.13999938964844,125.19999694824219,90.06626892089844
2008-07-18,126.16999816894531,125.9800033569336,90.6274185180664
2008-07-21,126.51000213623047,126.05000305175781,90.67774200439453
2008-07-22,125.1500015258789,127.4800033569336,91.70646667480469
2008-07-23,127.88999938964844,128.1699981689453,92.20280456542969
2008-07-24,128.33999633789062,125.51000213623047,90.2893295288086
2008-07-25,125.88999938964844,125.4800033569336,90.2677230834961
2008-07-28,125.51000213623047,123.63999938964844,88.94406127929688
2008-07-29,123.9800033569336,126.27999877929688,90.84321594238281
2008-07-30,127.11000061035156,128.52999877929688,92.4617919921875
2008-07-31,127.4000015258789,126.83000183105469,91.23887634277344
2008-08-01,127.12000274658203,126.16000366210938,90.75687408447266
2008-08-04,126.04000091552734,124.98999786376953,89.91519165039062
2008-08-05,126.0199966430664,128.36000061035156,92.33951568603516
2008-08-06,128.02000427246094,128.92999267578125,92.74954223632812
2008-08-07,127.95999908447266,127.01000213623047,91.36833190917969
2008-08-08,126.58000183105469,129.3699951171875,93.06608581542969
2008-08-11,129.47000122070312,130.7100067138672,94.03004455566406
2008-08-12,130.27999877929688,129.35000610351562,93.05169677734375
2008-08-13,128.7899932861328,128.57000732421875,92.4906005859375
2008-08-14,127.83999633789062,129.5399932861328,93.1883773803711
2008-08-15,129.92999267578125,130.1699981689453,93.64157104492188
2008-08-18,130.42999267578125,128.38999938964844,92.36107635498047
2008-08-19,127.41999816894531,126.98999786376953,91.35395812988281
2008-08-20,127.38999938964844,127.58000183105469,91.77839660644531
2008-08-21,126.75,127.80000305175781,91.93669128417969
2008-08-22,128.6699981689453,129.64999389648438,93.26749420166016
2008-08-25,128.8000030517578,127.0199966430664,91.37552642822266
2008-08-26,127.0199966430664,127.38999938964844,91.64171600341797
2008-08-27,127.55000305175781,128.6300048828125,92.53373718261719
2008-08-28,129.27999877929688,130.19000244140625,93.6559829711914
2008-08-29,129.72999572753906,128.7899932861328,92.64885711669922
2008-09-02,130.02999877929688,127.98999786376953,92.07335662841797
2008-09-03,127.87999725341797,127.87999725341797,91.99423217773438
2008-09-04,126.97000122070312,124.02999877929688,89.22457122802734
2008-09-05,123.29000091552734,124.41999816894531,89.50518798828125
2008-09-08,128.0399932861328,126.98999786376953,91.35395812988281
2008-09-09,127.0999984741211,123.22000122070312,88.64192199707031
2008-09-10,123.88999938964844,123.72000122070312,89.00160217285156
2008-09-11,122.12000274658203,125.51000213623047,90.2893295288086
2008-09-12,124.29000091552734,126.08999633789062,90.70651245117188
2008-09-15,121.62999725341797,120.08999633789062,86.39024353027344
2008-09-16,117.19999694824219,122.0999984741211,87.8362045288086
2008-09-17,119.63999938964844,116.61000061035156,83.88679504394531
2008-09-18,118.05000305175781,120.06999969482422,86.37586212158203
2008-09-19,126.69999694824219,124.12000274658203,89.80614471435547
2008-09-22,124.44999694824219,121.30999755859375,87.77301025390625
2008-09-23,120.8499984741211,118.55000305175781,85.77604675292969
2008-09-24,119.3499984741211,118.93000030517578,86.0510025024414
2008-09-25,119.4000015258789,120.79000091552734,87.39679718017578
2008-09-26,118.83000183105469,120.8499984741211,87.44017791748047
2008-09-29,119.13999938964844,111.37999725341797,80.5882339477539
2008-09-30,113.51000213623047,115.98999786376953,83.9237289428711
2008-10-01,115.2699966430664,116.05999755859375,83.9743881225586
2008-10-02,114.94999694824219,111.8499984741211,80.92829132080078
2008-10-03,112.86000061035156,110.33999633789062,79.83574676513672
2008-10-06,107.1500015258789,104.72000122070312,75.76940155029297
2008-10-07,106.83999633789062,100.02999877929688,72.37601470947266
2008-10-08,97.5199966430664,97.51000213623047,70.55267333984375
2008-10-09,99.66000366210938,90.69999694824219,65.62533569335938
2008-10-10,86.76000213623047,88.5,64.0335693359375
2008-10-13,93.87000274658203,101.3499984741211,73.33108520507812
2008-10-14,104.69999694824219,99.8499984741211,72.24578857421875
2008-10-15,97.45999908447266,90.0199966430664,65.13336181640625
2008-10-16,91.29000091552734,93.7699966430664,67.84661865234375
2008-10-17,91.98999786376953,93.20999908447266,67.44145202636719
2008-10-20,95.3499984741211,98.80999755859375,71.4932861328125
2008-10-21,96.97000122070312,95.86000061035156,69.35884094238281
2008-10-22,93.19999694824219,90.63999938964844,65.58197021484375
2008-10-23,90.29000091552734,91.69000244140625,66.3416748046875
2008-10-24,84.05999755859375,87.04000091552734,62.97718048095703
2008-10-27,85.97000122070312,83.94999694824219,60.741458892822266
2008-10-28,87.33999633789062,93.76000213623047,67.83939361572266
2008-10-29,93.7699966430664,93.08000183105469,67.347412109375
2008-10-30,95.77999877929688,96.30000305175781,69.67723083496094
2008-10-31,95.08000183105469,96.83000183105469,70.06065368652344
2008-11-03,96.77999877929688,97.11000061035156,70.26329040527344
2008-11-04,99.05999755859375,100.41000366210938,72.65095520019531
2008-11-05,99.19999694824219,96.19000244140625,69.59757232666016
2008-11-06,94.45999908447266,90.86000061035156,65.74114990234375
2008-11-07,91.6500015258789,93.86000061035156,67.91177368164062
2008-11-10,95.20999908447266,92.62999725341797,67.02181243896484
2008-11-11,90.76000213623047,89.7699966430664,64.95246887207031
2008-11-12,88.2300033569336,85.81999969482422,62.09447479248047
2008-11-13,86.12999725341797,91.16999816894531,65.96542358398438
2008-11-14,89.41000366210938,86.62000274658203,62.673336029052734
2008-11-17,86.37999725341797,85.47000122070312,61.84122848510742
2008-11-18,85.1500015258789,87.08000183105469,63.006160736083984
2008-11-19,85.91000366210938,81.5,58.9687614440918
2008-11-20,80.12999725341797,75.44999694824219,54.591312408447266
2008-11-21,77.45999908447266,79.5199966430664,57.5361328125
2008-11-24,81.91999816894531,85.02999877929688,61.52286911010742
2008-11-25,87.30000305175781,85.66000366210938,61.978675842285156
2008-11-26,84.30000305175781,88.97000122070312,64.37361907958984
2008-11-28,88.62999725341797,90.08999633789062,65.18397521972656
2008-12-01,87.51000213623047,82.11000061035156,59.41011428833008
2008-12-02,83.47000122070312,85.2699966430664,61.696533203125
2008-12-03,83.4000015258789,87.31999969482422,63.1798095703125
2008-12-04,86.05999755859375,85.30000305175781,61.71824264526367
2008-12-05,83.6500015258789,87.93000030517578,63.621158599853516
2008-12-08,90.33999633789062,91.0,65.8424072265625
2008-12-09,90.37000274658203,89.5,64.7571029663086
2008-12-10,90.31999969482422,90.11000061035156,65.19847106933594
2008-12-11,89.54000091552734,87.94000244140625,63.62840270996094
2008-12-12,85.55000305175781,88.98999786376953,64.38812255859375
2008-12-15,89.0199966430664,87.75,63.49092102050781
2008-12-16,91.87999725341797,91.87999725341797,66.4791259765625
2008-12-17,90.83999633789062,90.98999786376953,65.83519744873047
2008-12-18,91.4000015258789,89.29000091552734,64.60517883300781
2008-12-19,89.0999984741211,88.19000244140625,64.32725524902344
2008-12-22,88.58000183105469,87.05999755859375,63.503013610839844
2008-12-23,87.52999877929688,86.16000366210938,62.84650802612305
2008-12-24,86.44999694824219,86.66000366210938,63.21125030517578
2008-12-26,87.23999786376953,87.16000366210938,63.57596206665039
2008-12-29,87.23999786376953,86.91000366210938,63.39360427856445
2008-12-30,87.51000213623047,88.97000122070312,64.89619445800781
2008-12-31,89.08000183105469,90.23999786376953,65.82256317138672
2009-01-02,90.44000244140625,92.95999908447266,67.80659484863281
2009-01-05,92.62999725341797,92.8499984741211,67.72635650634766
2009-01-06,93.63999938964844,93.47000122070312,68.17855834960938
2009-01-07,92.0,90.66999816894531,66.13623809814453
2009-01-08,90.16000366210938,91.04000091552734,66.40608215332031
2009-01-09,91.16000366210938,89.08999633789062,64.98373413085938
2009-01-12,88.83999633789062,86.94999694824219,63.422767639160156
2009-01-13,86.7300033569336,87.11000061035156,63.53946304321289
2009-01-14,85.54000091552734,84.37000274658203,61.5408821105957
2009-01-15,84.12000274658203,84.4000015258789,61.56275939941406
2009-01-16,85.86000061035156,85.05999755859375,62.044193267822266
2009-01-20,84.2300033569336,80.56999969482422,58.769081115722656
2009-01-21,81.94000244140625,84.05000305175781,61.307464599609375
2009-01-22,82.41999816894531,82.75,60.359222412109375
2009-01-23,80.9000015258789,83.11000061035156,60.62181091308594
2009-01-26,83.58999633789062,83.68000030517578,61.03759765625
2009-01-27,84.12999725341797,84.52999877929688,61.65758514404297
2009-01-28,86.4000015258789,87.38999938964844,63.743709564208984
2009-01-29,86.11000061035156,84.55000305175781,61.67218017578125
2009-01-30,84.9800033569336,82.83000183105469,60.417598724365234
2009-02-02,81.56999969482422,82.58000183105469,60.2352180480957
2009-02-03,83.0999984741211,83.73999786376953,61.08135223388672
2009-02-04,84.30000305175781,83.33000183105469,60.78230667114258
2009-02-05,82.69999694824219,84.56999969482422,61.68675994873047
2009-02-06,84.86000061035156,86.9800033569336,63.44468307495117
2009-02-09,86.95999908447266,87.0999984741211,63.53221130371094
2009-02-10,86.2699966430664,83.11000061035156,60.62181091308594
2009-02-11,83.44999694824219,83.5999984741211,60.979248046875
2009-02-12,82.16999816894531,83.66000366210938,61.02301025390625
2009-02-13,83.55000305175781,82.76000213623047,60.366519927978516
2009-02-17,80.16000366210938,79.22000122070312,57.784400939941406
2009-02-18,79.79000091552734,79.02999877929688,57.64580154418945
2009-02-19,79.83999633789062,78.18000030517578,57.02578353881836
2009-02-20,76.7300033569336,77.41999816894531,56.47142791748047
2009-02-23,78.2699966430664,74.6500015258789,54.450965881347656
2009-02-24,75.29000091552734,77.4800033569336,56.515201568603516
2009-02-25,77.13999938964844,76.87000274658203,56.07025146484375
2009-02-26,77.81999969482422,75.62000274658203,55.15847396850586
2009-02-27,74.01000213623047,73.93000030517578,53.92578125
2009-03-02,72.5199966430664,70.5999984741211,51.49683380126953
2009-03-03,71.61000061035156,70.06999969482422,51.11024475097656
2009-03-04,71.2300033569336,71.7300033569336,52.321048736572266
2009-03-05,70.0999984741211,68.80000305175781,50.18388366699219
2009-03-06,69.4000015258789,68.91999816894531,50.27140808105469
2009-03-09,67.94999694824219,68.11000061035156,49.680572509765625
2009-03-10,69.51000213623047,72.16999816894531,52.64200210571289
2009-03-11,73.0,72.63999938964844,52.984825134277344
2009-03-12,72.62000274658203,75.5,55.07093811035156
2009-03-13,76.01000213623047,76.08999633789062,55.50133514404297
2009-03-16,76.95999908447266,75.86000061035156,55.33354187011719
2009-03-17,76.06999969482422,78.18000030517578,57.02578353881836
2009-03-18,77.80999755859375,79.93000030517578,58.30229949951172
2009-03-19,80.93000030517578,78.94000244140625,57.58016586303711
2009-03-20,78.76000213623047,76.70999908447266,56.35404586791992
2009-03-23,78.73999786376953,82.22000122070312,60.40190505981445
2009-03-24,81.23999786376953,80.5999984741211,59.21176528930664
2009-03-25,81.2300033569336,81.44999694824219,59.83622741699219
2009-03-26,82.25,83.11000061035156,61.05571746826172
2009-03-27,82.05000305175781,81.61000061035156,59.953800201416016
2009-03-30,79.80000305175781,78.79000091552734,57.8820686340332
2009-03-31,79.55999755859375,79.5199966430664,58.418357849121094
2009-04-01,78.52999877929688,81.05999755859375,59.54973220825195
2009-04-02,83.08000183105469,83.43000030517578,61.29079818725586
2009-04-03,83.48999786376953,84.26000213623047,61.90056228637695
2009-04-06,83.33999633789062,83.5999984741211,61.41569519042969
2009-04-07,82.25,81.6500015258789,59.983158111572266
2009-04-08,82.05999755859375,82.52999877929688,60.62964630126953
2009-04-09,84.66999816894531,85.80999755859375,63.03923416137695
2009-04-13,84.91999816894531,85.83000183105469,63.053932189941406
2009-04-14,85.02999877929688,84.3499984741211,61.966644287109375
2009-04-15,83.83999633789062,85.25,62.62784194946289
2009-04-16,85.93000030517578,86.5,63.546112060546875
2009-04-17,86.83000183105469,87.08000183105469,63.97226333618164
2009-04-20,85.54000091552734,83.43000030517578,61.29079818725586
2009-04-21,82.81999969482422,85.05999755859375,62.48828125
2009-04-22,84.29000091552734,84.54000091552734,62.10626220703125
2009-04-23,84.70999908447266,85.37000274658203,62.71603012084961
2009-04-24,86.02999877929688,86.66000366210938,63.66371154785156
2009-04-27,85.68000030517578,85.83999633789062,63.061309814453125
2009-04-28,84.97000122070312,85.56999969482422,62.862937927246094
2009-04-29,86.5199966430664,87.38999938964844,64.19994354248047
2009-04-30,88.55000305175781,87.41999816894531,64.22203063964844
2009-05-01,87.44000244140625,87.88999938964844,64.56729125976562
2009-05-04,88.55000305175781,90.87999725341797,66.76387023925781
2009-05-05,90.56999969482422,90.56999969482422,66.53611755371094
2009-05-06,91.68000030517578,92.13999938964844,67.68949890136719
2009-05-07,93.01000213623047,90.86000061035156,66.74917602539062
2009-05-08,92.02999877929688,92.9800033569336,68.30660247802734
2009-05-11,91.69999694824219,91.23999786376953,67.02831268310547
2009-05-12,91.62999725341797,90.97000122070312,66.82996368408203
2009-05-13,89.73999786376953,88.68000030517578,65.14766693115234
2009-05-14,88.72000122070312,89.44000244140625,65.70599365234375
2009-05-15,89.37000274658203,88.70999908447266,65.16968536376953
2009-05-18,89.55000305175781,91.2300033569336,67.02098083496094
2009-05-19,91.18000030517578,91.12000274658203,66.94017791748047
2009-05-20,91.94999694824219,90.51000213623047,66.49205780029297
2009-05-21,89.45999908447266,89.20999908447266,65.53703308105469
2009-05-22,89.45999908447266,89.0199966430664,65.39742279052734
2009-05-26,88.36000061035156,91.30000305175781,67.07240295410156
2009-05-27,91.44000244140625,89.66999816894531,65.87496185302734
2009-05-28,90.45999908447266,90.91999816894531,66.79324340820312
2009-05-29,91.41999816894531,92.52999877929688,67.97599792480469
2009-06-01,93.66999816894531,94.7699966430664,69.6216049194336
2009-06-02,94.4000015258789,94.8499984741211,69.68038940429688
2009-06-03,94.04000091552734,93.6500015258789,68.79882049560547
2009-06-04,94.0,94.52999877929688,69.4452896118164
2009-06-05,95.48999786376953,94.55000305175781,69.45999145507812
2009-06-08,93.83999633789062,94.16000366210938,69.17350769042969
2009-06-09,94.69000244140625,94.63999938964844,69.52611541748047
2009-06-10,95.4800033569336,94.4000015258789,69.34976959228516
2009-06-11,94.58000183105469,94.81999969482422,69.65833282470703
2009-06-12,94.4000015258789,95.08000183105469,69.84935760498047
2009-06-15,93.95999908447266,92.9000015258789,68.2478256225586
2009-06-16,93.2300033569336,91.63999938964844,67.32215881347656
2009-06-17,91.5999984741211,91.55000305175781,67.25608825683594
2009-06-18,91.69000244140625,92.22000122070312,67.7482681274414
2009-06-19,92.58000183105469,92.04000091552734,67.99797821044922
2009-06-22,91.13999938964844,89.27999877929688,65.95890808105469
2009-06-23,89.47000122070312,89.3499984741211,66.0106201171875
2009-06-24,90.16000366210938,90.12000274658203,66.57950592041016
2009-06-25,89.66999816894531,92.08000183105469,68.02754974365234
2009-06-26,91.7699966430664,91.83999633789062,67.8502426147461
2009-06-29,92.11000061035156,92.69999694824219,68.485595703125
2009-06-30,92.72000122070312,91.94999694824219,67.93151092529297
2009-07-01,92.33999633789062,92.33000183105469,68.21222686767578
2009-07-02,91.12999725341797,89.80999755859375,66.35047149658203
2009-07-06,88.94000244140625,89.80000305175781,66.34310150146484
2009-07-07,89.70999908447266,88.05999755859375,65.05760955810547
2009-07-08,88.58999633789062,88.0,65.01325988769531
2009-07-09,88.61000061035156,88.16999816894531,65.13887786865234
2009-07-10,87.69999694824219,87.95999908447266,64.98374938964844
2009-07-13,88.30999755859375,90.0999984741211,66.5647201538086
2009-07-14,90.37999725341797,90.61000061035156,66.9415054321289
2009-07-15,91.80999755859375,93.26000213623047,68.89933776855469
2009-07-16,93.0,93.11000061035156,68.7884750366211
2009-07-17,94.05999755859375,94.12999725341797,69.54203033447266
2009-07-20,94.68000030517578,95.12999725341797,70.28084564208984
2009-07-21,95.87000274658203,95.56999969482422,70.60589599609375
2009-07-22,94.95999908447266,95.55000305175781,70.59114074707031
2009-07-23,95.61000061035156,97.66000366210938,72.14995574951172
2009-07-24,97.19999694824219,98.05999755859375,72.4454574584961
2009-07-27,97.87999725341797,98.3499984741211,72.65975189208984
2009-07-28,97.66000366210938,97.88999938964844,72.31990051269531
2009-07-29,97.44000244140625,97.6500015258789,72.14258575439453
2009-07-30,98.83000183105469,98.66999816894531,72.89613342285156
2009-07-31,98.6500015258789,98.80999755859375,72.99954986572266
2009-08-03,99.8499984741211,100.44000244140625,74.20379638671875
2009-08-04,99.98999786376953,100.69999694824219,74.39593505859375
2009-08-05,100.7699966430664,100.41000366210938,74.18163299560547
2009-08-06,100.87000274658203,99.88999938964844,73.79744720458984
2009-08-07,100.94000244140625,101.19999694824219,74.76531219482422
2009-08-10,100.73999786376953,100.98999786376953,74.61014556884766
2009-08-11,100.54000091552734,99.7300033569336,73.67928314208984
2009-08-12,99.55999755859375,100.80000305175781,74.46978759765625
2009-08-13,101.26000213623047,101.56999969482422,75.03861999511719
2009-08-14,101.5199966430664,100.79000091552734,74.46235656738281
2009-08-17,98.8499984741211,98.30999755859375,72.6301498413086
2009-08-18,98.52999877929688,99.08999633789062,73.20643615722656
2009-08-19,98.30999755859375,99.95999908447266,73.84918975830078
2009-08-20,100.08999633789062,100.98999786376953,74.61014556884766
2009-08-21,101.81999969482422,102.97000122070312,76.07291412353516
2009-08-24,103.38999938964844,102.95999908447266,76.06554412841797
2009-08-25,103.37000274658203,103.16000366210938,76.21331024169922
2009-08-26,102.83999633789062,103.16999816894531,76.22071075439453
2009-08-27,103.11000061035156,103.4000015258789,76.39057922363281
2009-08-28,104.2300033569336,103.37999725341797,76.3758316040039
2009-08-31,102.37000274658203,102.45999908447266,75.6961441040039
2009-09-01,101.94999694824219,100.19999694824219,74.02645874023438
2009-09-02,99.77999877929688,99.81999969482422,73.74574279785156
2009-09-03,100.4000015258789,100.6500015258789,74.35894775390625
2009-09-04,100.8499984741211,102.05999755859375,75.40061950683594
2009-09-08,103.0,102.94000244140625,76.0507583618164
2009-09-09,103.12000274658203,103.7300033569336,76.6343994140625
2009-09-10,103.80000305175781,104.79000091552734,77.41752624511719
2009-09-11,104.98999786376953,104.7699966430664,77.40272521972656
2009-09-14,103.87999725341797,105.27999877929688,77.77951049804688
2009-09-15,105.44999694824219,105.72000122070312,78.1045913696289
2009-09-16,106.0999984741211,107.31999969482422,79.28663635253906
2009-09-17,107.16999816894531,107.16000366210938,79.1684341430664
2009-09-18,107.1500015258789,106.72000122070312,79.21894073486328
2009-09-21,105.88999938964844,106.44999694824219,79.01850128173828
2009-09-22,107.08000183105469,107.06999969482422,79.47872924804688
2009-09-23,107.31999969482422,106.18000030517578,78.81806182861328
2009-09-24,106.41000366210938,105.01000213623047,77.94960021972656
2009-09-25,104.77999877929688,104.44999694824219,77.53388977050781
2009-09-28,104.8499984741211,106.31999969482422,78.9219970703125
2009-09-29,106.51000213623047,106.0,78.68447875976562
2009-09-30,106.36000061035156,105.58999633789062,78.3801040649414
2009-10-01,103.0,102.97000122070312,76.43531036376953
2009-10-02,102.0199966430664,102.48999786376953,76.0789794921875
2009-10-05,102.9000015258789,104.0199966430664,77.2146987915039
2009-10-06,104.7699966430664,105.51000213623047,78.32075500488281
2009-10-07,105.2699966430664,105.80000305175781,78.53601837158203
2009-10-08,106.55000305175781,106.61000061035156,79.13727569580078
2009-10-09,106.63999938964844,107.26000213623047,79.61976623535156
2009-10-12,107.76000213623047,107.68000030517578,79.93153381347656
2009-10-13,107.38999938964844,107.45999908447266,79.76823425292969
2009-10-14,108.72000122070312,109.30999755859375,81.14149475097656
2009-10-15,108.77999877929688,109.70999908447266,81.43843078613281
2009-10-16,108.80000305175781,108.88999938964844,80.82971954345703
2009-10-19,109.06999969482422,109.79000091552734,81.49779510498047
2009-10-20,109.94999694824219,109.20999908447266,81.06725311279297
2009-10-21,109.04000091552734,108.2300033569336,80.33979797363281
2009-10-22,108.19000244140625,109.33000183105469,81.15633392333984
2009-10-23,109.69000244140625,108.08000183105469,80.22846984863281
2009-10-26,108.19999694824219,106.91000366210938,79.35993957519531
2009-10-27,107.02999877929688,106.41999816894531,78.99623107910156
2009-10-28,106.1500015258789,104.41000366210938,77.50421905517578
2009-10-29,105.19000244140625,106.6500015258789,79.16696166992188
2009-10-30,106.30000305175781,103.55999755859375,76.87323760986328
2009-11-02,104.12999725341797,104.31999969482422,77.43736267089844
2009-11-03,103.73999786376953,104.6500015258789,77.6823501586914
2009-11-04,105.51000213623047,104.91999816894531,77.88275909423828
2009-11-05,105.66000366210938,106.8499984741211,79.3154296875
2009-11-06,106.26000213623047,107.12999725341797,79.52328491210938
2009-11-09,107.94999694824219,109.56999969482422,81.33452606201172
2009-11-10,109.30999755859375,109.58999633789062,81.34931945800781
2009-11-11,110.30999755859375,110.1500015258789,81.76504516601562
2009-11-12,110.0,109.02999877929688,80.93366241455078
2009-11-13,109.30999755859375,109.62000274658203,81.3716049194336
2009-11-16,110.37999725341797,111.20999908447266,82.55187225341797
2009-11-17,110.91999816894531,111.33999633789062,82.64837646484375
2009-11-18,111.26000213623047,111.2699966430664,82.59640502929688
2009-11-19,110.51000213623047,109.81999969482422,81.52008056640625
2009-11-20,109.25,109.43000030517578,81.2305908203125
2009-11-23,110.72000122070312,110.81999969482422,82.26239776611328
2009-11-24,111.0,110.98999786376953,82.3885726928711
2009-11-25,111.16999816894531,111.37999725341797,82.67804718017578
2009-11-27,108.4000015258789,109.56999969482422,81.33452606201172
2009-11-30,109.4800033569336,109.94000244140625,81.60916900634766
2009-12-01,110.91999816894531,111.30000305175781,82.61870574951172
2009-12-02,111.27999877929688,111.25,82.58158874511719
2009-12-03,111.55000305175781,110.37999725341797,81.93576049804688
2009-12-04,111.83999633789062,111.01000213623047,82.4034194946289
2009-12-07,110.91000366210938,110.83999633789062,82.2772216796875
2009-12-08,110.04000091552734,109.61000061035156,81.36416625976562
2009-12-09,109.58000183105469,110.0199966430664,81.66857147216797
2009-12-10,110.69999694824219,110.63999938964844,82.1287841796875
2009-12-11,111.11000061035156,111.11000061035156,82.4776840209961
2009-12-14,111.87000274658203,111.87000274658203,83.04181671142578
2009-12-15,111.45999908447266,111.3499984741211,82.65579223632812
2009-12-16,111.80000305175781,111.5199966430664,82.78199768066406
2009-12-17,110.72000122070312,110.18000030517578,81.78730773925781
2009-12-18,110.19999694824219,110.20999908447266,82.2500228881836
2009-12-21,110.76000213623047,111.33000183105469,83.08588409423828
2009-12-22,111.56999969482422,111.7300033569336,83.3843765258789
2009-12-23,112.0,111.94999694824219,83.5485610961914
2009-12-24,112.19000244140625,112.4800033569336,83.94412994384766
2009-12-28,112.9000015258789,112.72000122070312,84.12325286865234
2009-12-29,113.01000213623047,112.55999755859375,84.0038070678711
2009-12-30,112.2300033569336,112.5199966430664,83.97398376464844
2009-12-31,112.7699966430664,111.44000244140625,83.1679458618164
2010-01-04,112.37000274658203,113.33000183105469,84.57848358154297
2010-01-05,113.26000213623047,113.62999725341797,84.80235290527344
2010-01-06,113.5199966430664,113.70999908447266,84.86206817626953
2010-01-07,113.5,114.19000244140625,85.22029876708984
2010-01-08,113.88999938964844,114.56999969482422,85.50391387939453
2010-01-11,115.08000183105469,114.7300033569336,85.62332153320312
2010-01-12,113.97000122070312,113.66000366210938,84.82474517822266
2010-01-13,113.94999694824219,114.62000274658203,85.54119873046875
2010-01-14,114.48999786376953,114.93000030517578,85.77255249023438
2010-01-15,114.7300033569336,113.63999938964844,84.80982971191406
2010-01-19,113.62000274658203,115.05999755859375,85.86958312988281
2010-01-20,114.27999877929688,113.88999938964844,84.99639892578125
2010-01-21,113.91999816894531,111.69999694824219,83.36197662353516
2010-01-22,111.19999694824219,109.20999908447266,81.50373077392578
2010-01-25,110.20999908447266,109.7699966430664,81.92161560058594
2010-01-26,109.33999633789062,109.30999755859375,81.57833099365234
2010-01-27,109.16999816894531,109.83000183105469,81.9664306640625
2010-01-28,110.19000244140625,108.56999969482422,81.02606201171875
2010-01-29,109.04000091552734,107.38999938964844,80.14543914794922
2010-02-01,108.1500015258789,109.05999755859375,81.39175415039062
2010-02-02,109.26000213623047,110.37999725341797,82.37688446044922
2010-02-03,109.87999725341797,109.83000183105469,81.9664306640625
2010-02-04,108.9800033569336,106.44000244140625,79.43643951416016
2010-02-05,106.55999755859375,106.66000366210938,79.60066223144531
2010-02-08,106.73999786376953,105.88999938964844,79.02599334716797
2010-02-09,107.12999725341797,107.22000122070312,80.0185775756836
2010-02-10,107.05000305175781,107.01000213623047,79.86184692382812
2010-02-11,106.87000274658203,108.12999725341797,80.69769287109375
2010-02-12,106.98999786376953,108.04000091552734,80.63054656982422
2010-02-16,108.86000061035156,109.73999786376953,81.89924621582031
2010-02-17,110.2699966430664,110.26000213623047,82.28732299804688
2010-02-18,110.08000183105469,110.91000366210938,82.77241516113281
2010-02-19,110.62000274658203,111.13999938964844,82.94407653808594
2010-02-22,111.55000305175781,111.16000366210938,82.95896911621094
2010-02-23,110.86000061035156,109.80999755859375,81.95148468017578
2010-02-24,110.13999938964844,110.81999969482422,82.70527648925781
2010-02-25,109.23999786376953,110.66999816894531,82.59330749511719
2010-02-26,110.7699966430664,110.73999786376953,82.64556121826172
2010-03-01,111.19999694824219,111.88999938964844,83.50382995605469
2010-03-02,112.37000274658203,112.19999694824219,83.73514556884766
2010-03-03,112.48999786376953,112.30000305175781,83.80980682373047
2010-03-04,112.44999694824219,112.63999938964844,84.06352996826172
2010-03-05,113.37000274658203,114.25,85.26509857177734
2010-03-08,114.26000213623047,114.2699966430664,85.27999877929688
2010-03-09,113.93000030517578,114.45999908447266,85.42179107666016
2010-03-10,114.51000213623047,114.97000122070312,85.80240631103516
2010-03-11,114.69999694824219,115.44999694824219,86.16063690185547
2010-03-12,115.94999694824219,115.45999908447266,86.16810607910156
2010-03-15,115.26000213623047,115.48999786376953,86.19049072265625
2010-03-16,115.80999755859375,116.41000366210938,86.87709045410156
2010-03-17,116.76000213623047,117.0999984741211,87.39202880859375
2010-03-18,117.11000061035156,117.04000091552734,87.34725952148438
2010-03-19,115.97000122070312,115.97000122070312,86.9051513671875
2010-03-22,115.30999755859375,116.58999633789062,87.3697280883789
2010-03-23,116.76000213623047,117.41000366210938,87.9842300415039
2010-03-24,116.97000122070312,116.83999633789062,87.55709075927734
2010-03-25,117.62999725341797,116.6500015258789,87.41468811035156
2010-03-26,116.87000274658203,116.58000183105469,87.36225891113281
2010-03-29,117.16999816894531,117.31999969482422,87.91678619384766
2010-03-30,117.45999908447266,117.4000015258789,87.97673034667969
2010-03-31,116.94999694824219,117.0,87.677001953125
2010-04-01,117.80000305175781,117.80000305175781,88.2764892578125
2010-04-05,118.25,118.76000213623047,88.9958724975586
2010-04-06,118.41999816894531,119.04000091552734,89.20572662353516
2010-04-07,118.80000305175781,118.36000061035156,88.6961441040039
2010-04-08,117.94999694824219,118.7699966430664,89.00337219238281
2010-04-09,119.0199966430664,119.55000305175781,89.5878677368164
2010-04-12,119.69999694824219,119.73999786376953,89.73026275634766
2010-04-13,119.62000274658203,119.83000183105469,89.79776000976562
2010-04-14,120.2699966430664,121.19000244140625,90.81687927246094
2010-04-15,120.98999786376953,121.29000091552734,90.89179992675781
2010-04-16,120.86000061035156,119.36000061035156,89.44551849365234
2010-04-19,119.01000213623047,119.80999755859375,89.78276062011719
2010-04-20,120.55999755859375,120.87999725341797,90.58456420898438
2010-04-21,120.94999694824219,120.66000366210938,90.41973114013672
2010-04-22,119.80999755859375,121.0199966430664,90.68946838378906
2010-04-23,120.94000244140625,121.80999755859375,91.28150177001953
2010-04-26,121.8499984741211,121.3499984741211,90.93679809570312
2010-04-27,120.6500015258789,118.4800033569336,88.78604888916016
2010-04-28,119.05000305175781,119.37999725341797,89.46051788330078
2010-04-29,120.0999984741211,120.86000061035156,90.56954956054688
2010-04-30,120.87999725341797,118.80999755859375,89.03337097167969
2010-05-03,119.37999725341797,120.3499984741211,90.1874008178711
2010-05-04,119.01000213623047,117.5199966430664,88.06665802001953
2010-05-05,116.55999755859375,116.81999969482422,87.5421142578125
2010-05-06,116.26000213623047,112.94000244140625,84.6345443725586
2010-05-07,112.63999938964844,111.26000213623047,83.37555694580078
2010-05-10,115.80999755859375,116.16000366210938,87.0475082397461
2010-05-11,115.06999969482422,115.83000183105469,86.80020141601562
2010-05-12,116.29000091552734,117.44999694824219,88.01420593261719
2010-05-13,117.12999725341797,115.98999786376953,86.92008209228516
2010-05-14,115.12000274658203,113.88999938964844,85.34640502929688
2010-05-17,114.19999694824219,113.94999694824219,85.3913803100586
2010-05-18,114.87999725341797,112.4000015258789,84.22986602783203
2010-05-19,111.7699966430664,111.76000213623047,83.75025177001953
2010-05-20,109.37999725341797,107.54000091552734,80.58789825439453
2010-05-21,105.91000366210938,109.11000061035156,81.76441955566406
2010-05-24,108.5199966430664,107.70999908447266,80.71529388427734
2010-05-25,105.11000061035156,107.81999969482422,80.7977066040039
2010-05-26,108.4800033569336,107.16999816894531,80.31062316894531
2010-05-27,109.19000244140625,110.76000213623047,83.0008773803711
2010-05-28,110.63999938964844,109.37000274658203,81.95925903320312
2010-06-01,108.3499984741211,107.52999877929688,80.58041381835938
2010-06-02,108.08000183105469,110.33000183105469,82.67865753173828
2010-06-03,110.6500015258789,110.70999908447266,82.96342468261719
2010-06-04,108.61000061035156,106.81999969482422,80.0483169555664
2010-06-07,107.19999694824219,105.48999786376953,79.05168914794922
2010-06-08,105.56999969482422,106.62000274658203,79.8984603881836
2010-06-09,107.23999786376953,106.05000305175781,79.47136688232422
2010-06-10,107.86000061035156,109.1500015258789,81.79438018798828
2010-06-11,108.19000244140625,109.68000030517578,82.19154357910156
2010-06-14,110.5199966430664,109.51000213623047,82.06415557861328
2010-06-15,110.27999877929688,112.0,83.93010711669922
2010-06-16,111.41999816894531,111.95999908447266,83.9001235961914
2010-06-17,112.27999877929688,112.13999938964844,84.03501892089844
2010-06-18,111.83000183105469,111.7300033569336,84.12611389160156
2010-06-21,113.12000274658203,111.41000366210938,83.88520050048828
2010-06-22,111.41000366210938,109.56999969482422,82.49977111816406
2010-06-23,109.63999938964844,109.2300033569336,82.2437515258789
2010-06-24,108.69000244140625,107.41999816894531,80.88094329833984
2010-06-25,107.73999786376953,107.87000274658203,81.21981048583984
2010-06-28,108.02999877929688,107.52999877929688,80.96379089355469
2010-06-29,106.0199966430664,104.20999908447266,78.4640121459961
2010-06-30,103.91999816894531,103.22000122070312,77.71858978271484
2010-07-01,103.1500015258789,102.76000213623047,77.37223052978516
2010-07-02,103.11000061035156,102.19999694824219,76.95057678222656
2010-07-06,103.63999938964844,102.87000274658203,77.45507049560547
2010-07-07,103.12999725341797,106.11000061035156,79.89461517333984
2010-07-08,107.0,107.16000366210938,80.6851806640625
2010-07-09,107.12999725341797,107.95999908447266,81.28751373291016
2010-07-12,107.5999984741211,108.02999877929688,81.34024810791016
2010-07-13,109.1500015258789,109.66000366210938,82.56753540039062
2010-07-14,109.30999755859375,109.6500015258789,82.55999755859375
2010-07-15,109.61000061035156,109.68000030517578,82.58258056640625
2010-07-16,109.08999633789062,106.66000366210938,80.30872344970703
2010-07-19,107.05000305175781,107.29000091552734,80.78307342529297
2010-07-20,105.87000274658203,108.4800033569336,81.6790542602539
2010-07-21,109.04000091552734,107.06999969482422,80.61742401123047
2010-07-22,108.33999633789062,109.45999908447266,82.41695404052734
2010-07-23,109.23999786376953,110.41000366210938,83.13224792480469
2010-07-26,110.5999984741211,111.55999755859375,83.99815368652344
2010-07-27,112.16999816894531,111.55000305175781,83.99059295654297
2010-07-28,111.31999969482422,110.83000183105469,83.44850158691406
2010-07-29,111.5199966430664,110.29000091552734,83.04190063476562
2010-07-30,109.16999816894531,110.2699966430664,83.0268325805664
2010-08-02,111.98999786376953,112.76000213623047,84.90165710449219
2010-08-03,112.4800033569336,112.22000122070312,84.49507904052734
2010-08-04,112.52999877929688,112.97000122070312,85.05978393554688
2010-08-05,112.25,112.8499984741211,84.96941375732422
2010-08-06,111.73999786376953,112.38999938964844,84.62307739257812
2010-08-09,112.91999816894531,112.98999786376953,85.07484436035156
2010-08-10,112.02999877929688,112.37999725341797,84.61556243896484
2010-08-11,110.6500015258789,109.30000305175781,82.2964859008789
2010-08-12,107.6500015258789,108.62999725341797,81.7920150756836
2010-08-13,108.29000091552734,108.30999755859375,81.55107116699219
2010-08-16,107.56999969482422,108.26000213623047,81.513427734375
2010-08-17,109.19000244140625,109.58999633789062,82.51481628417969
2010-08-18,109.54000091552734,109.79000091552734,82.66543579101562
2010-08-19,109.22000122070312,107.87999725341797,81.22730255126953
2010-08-20,107.55999755859375,107.52999877929688,80.96379089355469
2010-08-23,108.04000091552734,107.12000274658203,80.65507507324219
2010-08-24,105.94999694824219,105.52999877929688,79.4578857421875
2010-08-25,104.94999694824219,105.94000244140625,79.76660919189453
2010-08-26,106.44000244140625,105.2300033569336,79.23200225830078
2010-08-27,105.88999938964844,106.86000061035156,80.45928955078125
2010-08-30,106.58000183105469,105.30999755859375,79.29225158691406
2010-08-31,104.91999816894531,105.30999755859375,79.29225158691406
2010-09-01,106.7300033569336,108.45999908447266,81.66399383544922
2010-09-02,108.72000122070312,109.47000122070312,82.4244613647461
2010-09-03,110.54000091552734,110.88999938964844,83.49365234375
2010-09-07,110.37000274658203,109.63999938964844,82.55248260498047
2010-09-08,109.86000061035156,110.41000366210938,83.13224792480469
2010-09-09,111.6500015258789,110.91999816894531,83.51622772216797
2010-09-10,111.12000274658203,111.4800033569336,83.93790435791016
2010-09-13,112.58000183105469,112.72000122070312,84.87153625488281
2010-09-14,112.5,112.6500015258789,84.81884002685547
2010-09-15,112.31999969482422,113.08000183105469,85.1426010131836
2010-09-16,112.7300033569336,113.05000305175781,85.12002563476562
2010-09-17,113.04000091552734,112.48999786376953,85.15182495117188
2010-09-20,112.87999725341797,114.20999908447266,86.45380401611328
2010-09-21,114.30000305175781,113.9800033569336,86.27970123291016
2010-09-22,113.80000305175781,113.41999816894531,85.85577392578125
2010-09-23,112.48999786376953,112.5,85.15936279296875
2010-09-24,113.75,114.81999969482422,86.91556549072266
2010-09-27,114.86000061035156,114.2699966430664,86.49921417236328
2010-09-28,114.41999816894531,114.66999816894531,86.802001953125
2010-09-29,114.37999725341797,114.47000122070312,86.6506118774414
2010-09-30,115.05000305175781,114.12999725341797,86.3932113647461
2010-10-01,114.98999786376953,114.61000061035156,86.756591796875
2010-10-04,114.37000274658203,113.75,86.10558319091797
2010-10-05,114.80000305175781,116.04000091552734,87.83904266357422
2010-10-06,116.0199966430664,116.02999877929688,87.83148193359375
2010-10-07,116.5,115.88999938964844,87.72551727294922
2010-10-08,116.05000305175781,116.54000091552734,88.2175521850586
2010-10-11,116.72000122070312,116.6500015258789,88.30078887939453
2010-10-12,116.2699966430664,117.01000213623047,88.57331848144531
2010-10-13,117.66000366210938,117.91999816894531,89.26215362548828
2010-10-14,117.80999755859375,117.45999908447266,88.9139633178711
2010-10-15,118.27999877929688,117.69999694824219,89.09563446044922
2010-10-18,117.73999786376953,118.27999877929688,89.5346908569336
2010-10-19,117.19000244140625,116.7300033569336,88.3613510131836
2010-10-20,116.94000244140625,117.87000274658203,89.22429656982422
2010-10-21,118.4000015258789,118.12999725341797,89.42112731933594
2010-10-22,118.30999755859375,118.3499984741211,89.587646484375
2010-10-25,119.13999938964844,118.69999694824219,89.85260009765625
2010-10-26,118.0999984741211,118.72000122070312,89.86773681640625
2010-10-27,117.88999938964844,118.37999725341797,89.61034393310547
2010-10-28,119.05999755859375,118.4000015258789,89.62551879882812
2010-10-29,118.27999877929688,118.48999786376953,89.69365692138672
2010-11-01,119.06999969482422,118.52999877929688,89.7238998413086
2010-11-02,119.41999816894531,119.47000122070312,90.43547058105469
2010-11-03,119.68000030517578,119.94999694824219,90.798828125
2010-11-04,121.27999877929688,122.26000213623047,92.54740905761719
2010-11-05,122.33999633789062,122.72000122070312,92.89562225341797
2010-11-08,122.33999633789062,122.48999786376953,92.72150421142578
2010-11-09,122.81999969482422,121.61000061035156,92.05540466308594
2010-11-10,121.58000183105469,122.0999984741211,92.42628479003906
2010-11-11,121.05000305175781,121.63999938964844,92.0781021118164
2010-11-12,120.81999969482422,120.19999694824219,90.98806762695312
2010-11-15,120.58000183105469,120.02999877929688,90.85939025878906
2010-11-16,119.29000091552734,118.16000366210938,89.44380950927734
2010-11-17,118.20999908447266,118.22000122070312,89.48926544189453
2010-11-18,119.36000061035156,119.95999908447266,90.8063735961914
2010-11-19,119.9000015258789,120.29000091552734,91.05616760253906
2010-11-22,119.69000244140625,120.19000244140625,90.98049926757812
2010-11-23,118.7699966430664,118.44999694824219,89.6633529663086
2010-11-24,119.19999694824219,120.19999694824219,90.98806762695312
2010-11-26,119.16000366210938,118.80000305175781,89.92829132080078
2010-11-29,118.5,119.16000366210938,90.2008056640625
2010-11-30,117.9800033569336,118.48999786376953,89.69365692138672
2010-12-01,120.19999694824219,121.01000213623047,91.60124206542969
2010-12-02,121.19999694824219,122.55999755859375,92.77452087402344
2010-12-03,122.13999938964844,122.88999938964844,93.0243148803711
2010-12-06,122.62999725341797,122.76000213623047,92.92591857910156
2010-12-07,123.94000244140625,122.83000183105469,92.97892761230469
2010-12-08,122.9800033569336,123.27999877929688,93.3195571899414
2010-12-09,123.97000122070312,123.76000213623047,93.682861328125
2010-12-10,124.13999938964844,124.4800033569336,94.2279052734375
2010-12-13,125.05000305175781,124.55999755859375,94.28845977783203
2010-12-14,124.75,124.66999816894531,94.37168884277344
2010-12-15,124.44000244140625,124.0999984741211,93.94026947021484
2010-12-16,124.18000030517578,124.81999969482422,94.48527526855469
2010-12-17,124.08000183105469,124.30000305175781,94.58647918701172
2010-12-20,124.63999938964844,124.5999984741211,94.81478118896484
2010-12-21,124.98999786376953,125.38999938964844,95.41590881347656
2010-12-22,125.4800033569336,125.77999877929688,95.71267700195312
2010-12-23,125.63999938964844,125.5999984741211,95.57571411132812
2010-12-27,125.12999725341797,125.6500015258789,95.61377716064453
2010-12-28,125.9000015258789,125.83000183105469,95.75074768066406
2010-12-29,125.9800033569336,125.91999816894531,95.81920623779297
2010-12-30,125.80000305175781,125.72000122070312,95.66703796386719
2010-12-31,125.52999877929688,125.75,95.68986511230469
2011-01-03,126.70999908447266,127.05000305175781,96.67909240722656
2011-01-04,127.33000183105469,126.9800033569336,96.62583923339844
2011-01-05,126.58000183105469,127.63999938964844,97.1280746459961
2011-01-06,127.69000244140625,127.38999938964844,96.93782043457031
2011-01-07,127.55999755859375,127.13999938964844,96.74756622314453
2011-01-10,126.58000183105469,126.9800033569336,96.62583923339844
2011-01-11,127.44000244140625,127.43000030517578,96.96826171875
2011-01-12,128.2100067138672,128.5800018310547,97.84335327148438
2011-01-13,128.6300048828125,128.3699951171875,97.68358612060547
2011-01-14,128.19000244140625,129.3000030517578,98.39124298095703
2011-01-18,129.17999267578125,129.52000427246094,98.55864715576172
2011-01-19,129.41000366210938,128.25,97.59225463867188
2011-01-20,127.95999908447266,128.0800018310547,97.462890625
2011-01-21,128.8800048828125,128.3699951171875,97.68358612060547
2011-01-24,128.2899932861328,129.10000610351562,98.23905181884766
2011-01-25,128.75999450683594,129.1699981689453,98.29232788085938
2011-01-26,129.49000549316406,129.6699981689453,98.67276763916016
2011-01-27,129.6999969482422,129.99000549316406,98.91632843017578
2011-01-28,130.13999938964844,127.72000122070312,97.18894958496094
2011-01-31,128.07000732421875,128.67999267578125,97.9194564819336
2011-02-01,129.4600067138672,130.74000549316406,99.48703002929688
2011-02-02,130.39999389648438,130.49000549316406,99.29679107666016
2011-02-03,130.25999450683594,130.77999877929688,99.51741790771484
2011-02-04,130.8300018310547,131.14999389648438,99.79903411865234
2011-02-07,131.44000244140625,131.97000122070312,100.42300415039062
2011-02-08,132.08999633789062,132.57000732421875,100.87958526611328
2011-02-09,132.2100067138672,132.27000427246094,100.65128326416016
2011-02-10,131.60000610351562,132.32000732421875,100.68932342529297
2011-02-11,131.8000030517578,133.11000061035156,101.29045867919922
2011-02-14,133.02999877929688,133.42999267578125,101.53399658203125
2011-02-15,133.02000427246094,133.00999450683594,101.21437072753906
2011-02-16,133.4600067138672,133.85000610351562,101.8536148071289
2011-02-17,133.4600067138672,134.25,102.157958984375
2011-02-18,134.3699951171875,134.52999877929688,102.37101745605469
2011-02-22,133.1199951171875,131.8300018310547,100.31644439697266
2011-02-23,131.75,131.02000427246094,99.7000961303711
2011-02-24,130.8800048828125,130.92999267578125,99.6315689086914
2011-02-25,131.47999572753906,132.3300018310547,100.6969223022461
2011-02-28,132.82000732421875,133.14999389648438,101.32093048095703
2011-03-01,133.57000732421875,130.92999267578125,99.6315689086914
2011-03-02,130.75,131.2100067138672,99.84468841552734
2011-03-03,132.39999389648438,133.47000122070312,101.56442260742188
2011-03-04,133.3699951171875,132.47000122070312,100.80345153808594
2011-03-07,132.86000061035156,131.42999267578125,100.01210021972656
2011-03-08,131.63999938964844,132.5800018310547,100.88719177246094
2011-03-09,132.32000732421875,132.38999938964844,100.74259948730469
2011-03-10,131.0,129.94000244140625,98.87825775146484
2011-03-11,129.52000427246094,130.83999633789062,99.5631103515625
2011-03-14,129.99000549316406,130.0500030517578,98.96198272705078
2011-03-15,126.58999633789062,128.55999755859375,97.828125
2011-03-16,128.14999389648438,126.18000030517578,96.01708221435547
2011-03-17,128.0,127.8499984741211,97.28787994384766
2011-03-18,128.83999633789062,127.76000213623047,97.64168548583984
2011-03-21,129.35000610351562,129.74000549316406,99.15494537353516
2011-03-22,129.72000122070312,129.2899932861328,98.81101989746094
2011-03-23,128.92999267578125,129.66000366210938,99.09381866455078
2011-03-24,130.39999389648438,130.89999389648438,100.04148864746094
2011-03-25,131.24000549316406,131.3000030517578,100.34722137451172
2011-03-28,131.5800018310547,130.97999572753906,100.10262298583984
2011-03-29,130.8699951171875,131.86000061035156,100.77519989013672
2011-03-30,132.5500030517578,132.77000427246094,101.470703125
2011-03-31,132.60000610351562,132.58999633789062,101.33306884765625
2011-04-01,133.41000366210938,133.14999389648438,101.76107025146484
2011-04-04,133.42999267578125,133.25999450683594,101.84516143798828
2011-04-05,133.0,133.24000549316406,101.82984924316406
2011-04-06,133.8800048828125,133.66000366210938,102.15084838867188
2011-04-07,133.4199981689453,133.32000732421875,101.89102935791016
2011-04-08,133.91000366210938,132.86000061035156,101.53944396972656
2011-04-11,133.0,132.4600067138672,101.2337417602539
2011-04-12,131.72000122070312,131.47000122070312,100.47714233398438
2011-04-13,132.0800018310547,131.4600067138672,100.46946716308594
2011-04-14,130.6999969482422,131.55999755859375,100.54589080810547
2011-04-15,131.8000030517578,132.0399932861328,100.9127426147461
2011-04-18,130.58999633789062,130.55999755859375,99.78164672851562
2011-04-19,130.75999450683594,131.30999755859375,100.35482025146484
2011-04-20,132.8800048828125,133.10000610351562,101.72286987304688
2011-04-21,133.7899932861328,133.77999877929688,102.2425537109375
2011-04-25,133.67999267578125,133.63999938964844,102.13555908203125
2011-04-26,134.0500030517578,134.7899932861328,103.01445007324219
2011-04-27,135.0500030517578,135.6699981689453,103.6869888305664
2011-04-28,135.42999267578125,136.11000061035156,104.02333068847656
2011-04-29,136.16000366210938,136.42999267578125,104.2678451538086
2011-05-02,137.07000732421875,136.22000122070312,104.10736083984375
2011-05-03,135.9600067138672,135.72999572753906,103.73283386230469
2011-05-04,135.6699981689453,134.8300018310547,103.0450210571289
2011-05-05,134.0800018310547,133.61000061035156,102.11263275146484
2011-05-06,134.94000244140625,134.1999969482422,102.56355285644531
2011-05-09,134.19000244140625,134.72000122070312,102.96099090576172
2011-05-10,135.1699981689453,135.8699951171875,103.83983612060547
2011-05-11,135.6699981689453,134.44000244140625,102.7469711303711
2011-05-12,134.0800018310547,135.0800018310547,103.23607635498047
2011-05-13,135.14999389648438,134.0399932861328,102.44125366210938
2011-05-16,133.55999755859375,133.19000244140625,101.7916030883789
2011-05-17,132.69000244140625,133.1699981689453,101.7763671875
2011-05-18,133.24000549316406,134.36000061035156,102.68582153320312
2011-05-19,134.8000030517578,134.67999267578125,102.93037414550781
2011-05-20,134.3300018310547,133.61000061035156,102.11263275146484
2011-05-23,131.97999572753906,132.05999755859375,100.92804718017578
2011-05-24,132.44000244140625,131.9499969482422,100.84397888183594
2011-05-25,131.4199981689453,132.38999938964844,101.18022918701172
2011-05-26,132.02999877929688,133.0,101.64640808105469
2011-05-27,133.3699951171875,133.50999450683594,102.03620147705078
2011-05-31,134.77000427246094,134.89999389648438,103.0985336303711
2011-06-01,134.50999450683594,131.8699951171875,100.78280639648438
2011-06-02,131.9600067138672,131.72999572753906,100.67586517333984
2011-06-03,130.14999389648438,130.4199981689453,99.67465209960938
2011-06-06,130.08999633789062,129.0399932861328,98.6199722290039
2011-06-07,129.6999969482422,128.9600067138672,98.55884552001953
2011-06-08,128.75999450683594,128.4199981689453,98.14614868164062
2011-06-09,128.77000427246094,129.39999389648438,98.89513397216797
2011-06-10,128.85000610351562,127.5999984741211,97.51943969726562
2011-06-13,127.88999938964844,127.69999694824219,97.59585571289062
2011-06-14,128.8699951171875,129.32000732421875,98.833984375
2011-06-15,128.24000549316406,127.0199966430664,97.07615661621094
2011-06-16,127.05999755859375,127.30000305175781,97.29016876220703
2011-06-17,127.93000030517578,127.05000305175781,97.5804672241211
2011-06-20,126.62000274658203,127.69999694824219,98.07970428466797
2011-06-21,128.36000061035156,129.4499969482422,99.42381286621094
2011-06-22,129.0500030517578,128.6699981689453,98.82469940185547
2011-06-23,127.16000366210938,128.3000030517578,98.54052734375
2011-06-24,128.27000427246094,126.80999755859375,97.39614868164062
2011-06-27,126.88999938964844,127.94000244140625,98.26403045654297
2011-06-28,128.4499969482422,129.61000061035156,99.54667663574219
2011-06-29,130.1999969482422,130.72000122070312,100.39920043945312
2011-06-30,131.13999938964844,131.97000122070312,101.35928344726562
2011-07-01,132.08999633789062,133.9199981689453,102.8569564819336
2011-07-05,133.77999877929688,133.80999755859375,102.77250671386719
2011-07-06,133.49000549316406,133.97000122070312,102.89537048339844
2011-07-07,135.16000366210938,135.36000061035156,103.96295928955078
2011-07-08,133.8300018310547,134.39999389648438,103.22563934326172
2011-07-11,132.75,131.97000122070312,101.35928344726562
2011-07-12,131.69000244140625,131.39999389648438,100.92147827148438
2011-07-13,132.08999633789062,131.83999633789062,101.2594223022461
2011-07-14,132.1699981689453,130.92999267578125,100.56050109863281
2011-07-15,131.66000366210938,131.69000244140625,101.14421844482422
2011-07-18,131.0800018310547,130.61000061035156,100.31473541259766
2011-07-19,131.33999633789062,132.72999572753906,101.9430160522461
2011-07-20,133.07000732421875,132.64999389648438,101.88152313232422
2011-07-21,133.39999389648438,134.49000549316406,103.29475402832031
2011-07-22,134.52000427246094,134.5800018310547,103.36386108398438
2011-07-25,133.3000030517578,133.8300018310547,102.7878646850586
2011-07-26,133.74000549316406,133.3300018310547,102.40379333496094
2011-07-27,132.58999633789062,130.60000610351562,100.30706024169922
2011-07-28,130.60000610351562,130.22000122070312,100.01521301269531
2011-07-29,128.91000366210938,129.3300018310547,99.33165740966797
2011-08-01,130.83999633789062,128.77999877929688,98.9092025756836
2011-08-02,127.80999755859375,125.48999786376953,96.3823471069336
2011-08-03,125.66000366210938,126.16999816894531,96.90458679199219
2011-08-04,124.41999816894531,120.26000213623047,92.36544036865234
2011-08-05,121.76000213623047,120.08000183105469,92.2271728515625
2011-08-08,116.91000366210938,112.26000213623047,86.2210693359375
2011-08-09,114.06999969482422,117.4800033569336,90.23023986816406
2011-08-10,115.26000213623047,112.29000091552734,86.24410247802734
2011-08-11,113.26000213623047,117.33000183105469,90.11507415771484
2011-08-12,118.4000015258789,118.12000274658203,90.72180938720703
2011-08-15,119.19000244140625,120.62000274658203,92.64191436767578
2011-08-16,119.47000122070312,119.58999633789062,91.85083770751953
2011-08-17,120.25,119.66999816894531,91.91231536865234
2011-08-18,116.5,114.51000213623047,87.94917297363281
2011-08-19,112.95999908447266,112.63999938964844,86.51290893554688
2011-08-22,115.16999816894531,112.7300033569336,86.58202362060547
2011-08-23,113.1500015258789,116.44000244140625,89.43148803710938
2011-08-24,116.19000244140625,118.08000183105469,90.69108581542969
2011-08-25,118.7300033569336,116.27999877929688,89.30860900878906
2011-08-26,115.69000244140625,117.97000122070312,90.60662841796875
2011-08-29,119.55999755859375,121.36000061035156,93.21028137207031
2011-08-30,120.83000183105469,121.68000030517578,93.45606231689453
2011-08-31,122.45999908447266,122.22000122070312,93.87080383300781
2011-09-01,122.29000091552734,120.94000244140625,92.8877182006836
2011-09-02,118.41999816894531,117.8499984741211,90.51444244384766
2011-09-06,114.38999938964844,116.98999786376953,89.85393524169922
2011-09-07,118.76000213623047,120.29000091552734,92.38846588134766
2011-09-08,119.56999969482422,119.04000091552734,91.42842102050781
2011-09-09,117.68000030517578,115.91999816894531,89.03211975097656
2011-09-12,114.47000122070312,116.66999816894531,89.60813903808594
2011-09-13,117.05000305175781,117.73999786376953,90.42993927001953
2011-09-14,118.33999633789062,119.37000274658203,91.68189239501953
2011-09-15,120.6500015258789,121.43000030517578,93.2640609741211
2011-09-16,121.29000091552734,121.5199966430664,93.81604766845703
2011-09-19,119.52999877929688,120.30999755859375,92.88190460205078
2011-09-20,120.81999969482422,120.16999816894531,92.77381134033203
2011-09-21,120.2300033569336,116.62999725341797,90.0408706665039
2011-09-22,113.25,112.86000061035156,87.13033294677734
2011-09-23,112.11000061035156,113.54000091552734,87.65531921386719
2011-09-26,114.61000061035156,116.23999786376953,89.7397689819336
2011-09-27,118.52999877929688,117.54000091552734,90.74340057373047
2011-09-28,117.77999877929688,115.13999938964844,88.89056396484375
2011-09-29,117.05000305175781,116.05000305175781,89.59310913085938
2011-09-30,114.44999694824219,113.1500015258789,87.35421752929688
2011-10-03,112.48999786376953,109.93000030517578,84.86833190917969
2011-10-04,108.3499984741211,112.33999633789062,86.7288818359375
2011-10-05,112.62000274658203,114.41999816894531,88.3346939086914
2011-10-06,114.36000061035156,116.48999786376953,89.93277740478516
2011-10-07,117.16999816894531,115.70999908447266,89.33060455322266
2011-10-10,117.68000030517578,119.58000183105469,92.3183364868164
2011-10-11,118.87000274658203,119.69999694824219,92.41097259521484
2011-10-12,120.5999984741211,120.75,93.22161102294922
2011-10-13,120.04000091552734,120.51000213623047,93.03630065917969
2011-10-14,121.91000366210938,122.56999969482422,94.62667083740234
2011-10-17,121.98999786376953,120.2300033569336,92.82015228271484
2011-10-18,120.13999938964844,122.58000183105469,94.63441467285156
2011-10-19,122.37999725341797,121.12999725341797,93.51493072509766
2011-10-20,121.43000030517578,121.66000366210938,93.92412567138672
2011-10-21,123.08999633789062,123.97000122070312,95.70751190185547
2011-10-24,124.16999816894531,125.48999786376953,96.88096618652344
2011-10-25,124.88999938964844,123.05000305175781,94.99725341796875
2011-10-26,124.3499984741211,124.30000305175781,95.96224975585938
2011-10-27,127.62999725341797,128.6300048828125,99.30510711669922
2011-10-28,128.0,128.60000610351562,99.28196716308594
2011-10-31,127.16000366210938,125.5,96.88865661621094
2011-11-01,122.02999877929688,122.0,94.18660736083984
2011-11-02,123.83000183105469,123.98999786376953,95.72293090820312
2011-11-03,125.2699966430664,126.25,97.46771240234375
2011-11-04,125.2300033569336,125.4800033569336,96.87322998046875
2011-11-07,125.38999938964844,126.26000213623047,97.47540283203125
2011-11-08,126.91999816894531,127.87999725341797,98.72611236572266
2011-11-09,124.88999938964844,123.16000366210938,95.0821762084961
2011-11-10,124.79000091552734,124.31999969482422,95.97770690917969
2011-11-11,125.83000183105469,126.66000366210938,97.78424072265625
2011-11-14,126.19000244140625,125.45999908447266,96.85780334472656
2011-11-15,125.16999816894531,126.08000183105469,97.33648681640625
2011-11-16,124.80999755859375,124.08000183105469,95.79241943359375
2011-11-17,123.8499984741211,122.11000061035156,94.27156066894531
2011-11-18,122.5,121.9800033569336,94.17120361328125
2011-11-21,120.19999694824219,119.66000366210938,92.38007354736328
2011-11-22,119.4000015258789,119.19000244140625,92.01722717285156
2011-11-23,118.06999969482422,116.55999755859375,89.98683166503906
2011-11-25,116.37999725341797,116.33999633789062,89.81695556640625
2011-11-28,119.54000091552734,119.70999908447266,92.4186782836914
2011-11-29,120.05000305175781,120.05000305175781,92.6811752319336
2011-11-30,123.48999786376953,124.98999786376953,96.49494171142578
2011-12-01,124.8499984741211,124.97000122070312,96.47952270507812
2011-12-02,126.12000274658203,124.86000061035156,96.39459228515625
2011-12-05,126.83999633789062,126.22000122070312,97.44454193115234
2011-12-06,126.20999908447266,126.26000213623047,97.47540283203125
2011-12-07,125.83999633789062,126.7300033569336,97.83828735351562
2011-12-08,125.9000015258789,123.94999694824219,95.69206237792969
2011-12-09,124.51000213623047,126.05000305175781,97.31329345703125
2011-12-12,124.94999694824219,124.20999908447266,95.89277648925781
2011-12-13,124.86000061035156,123.05000305175781,94.99725341796875
2011-12-14,122.55999755859375,121.73999786376953,93.98587799072266
2011-12-15,123.02999877929688,122.18000030517578,94.32559204101562
2011-12-16,122.2300033569336,121.58999633789062,94.46542358398438
2011-12-19,122.05999755859375,120.29000091552734,93.45541381835938
2011-12-20,122.18000030517578,123.93000030517578,96.28341674804688
2011-12-21,123.93000030517578,124.16999816894531,96.4698486328125
2011-12-22,124.62999725341797,125.2699966430664,97.32450103759766
2011-12-23,125.66999816894531,126.38999938964844,98.19461822509766
2011-12-27,126.16999816894531,126.48999786376953,98.27233123779297
2011-12-28,126.51000213623047,124.83000183105469,96.98263549804688
2011-12-29,125.23999786376953,126.12000274658203,97.98485565185547
2011-12-30,126.0199966430664,125.5,97.50312042236328
2012-01-03,127.76000213623047,127.5,99.0570068359375
2012-01-04,127.19999694824219,127.69999694824219,99.2123794555664
2012-01-05,127.01000213623047,128.0399932861328,99.47655487060547
2012-01-06,128.1999969482422,127.70999908447266,99.22016906738281
2012-01-09,128.0,128.02000427246094,99.46100616455078
2012-01-10,129.38999938964844,129.1300048828125,100.32340240478516
2012-01-11,128.72999572753906,129.1999969482422,100.37776184082031
2012-01-12,129.57000732421875,129.50999450683594,100.61861419677734
2012-01-13,128.63999938964844,128.83999633789062,100.0980453491211
2012-01-17,130.0800018310547,129.33999633789062,100.48653411865234
2012-01-18,129.30999755859375,130.77000427246094,101.59756469726562
2012-01-19,131.22000122070312,131.4600067138672,102.13361358642578
2012-01-20,131.24000549316406,131.9499969482422,102.5143051147461
2012-01-23,131.50999450683594,131.61000061035156,102.2501449584961
2012-01-24,130.8000030517578,131.4600067138672,102.13361358642578
2012-01-25,131.25999450683594,132.55999755859375,102.98822021484375
2012-01-26,133.14999389648438,131.8800048828125,102.45989227294922
2012-01-27,131.24000549316406,131.82000732421875,102.4133071899414
2012-01-30,130.50999450683594,131.3699951171875,102.06367492675781
2012-01-31,132.02000427246094,131.32000732421875,102.02484130859375
2012-02-01,132.2899932861328,132.47000122070312,102.91828155517578
2012-02-02,132.72999572753906,132.67999267578125,103.08143615722656
2012-02-03,134.0,134.5399932861328,104.52650451660156
2012-02-06,133.97999572753906,134.4499969482422,104.45655822753906
2012-02-07,134.1699981689453,134.7899932861328,104.72074890136719
2012-02-08,134.86000061035156,135.19000244140625,105.03147888183594
2012-02-09,135.41000366210938,135.36000061035156,105.16356658935547
2012-02-10,134.16000366210938,134.36000061035156,104.38667297363281
2012-02-13,135.32000732421875,135.36000061035156,105.16356658935547
2012-02-14,135.0,135.19000244140625,105.03147888183594
2012-02-15,135.6300048828125,134.55999755859375,104.54204559326172
2012-02-16,134.57000732421875,136.0500030517578,105.69965362548828
2012-02-17,136.52000427246094,136.41000366210938,105.9793472290039
2012-02-21,136.72999572753906,136.47000122070312,106.02596282958984
2012-02-22,136.25999450683594,136.02999877929688,105.68411254882812
2012-02-23,135.9600067138672,136.6300048828125,106.15025329589844
2012-02-24,136.92999267578125,136.92999267578125,106.38333129882812
2012-02-27,136.02000427246094,137.16000366210938,106.56208038330078
2012-02-28,137.1999969482422,137.55999755859375,106.8727798461914
2012-02-29,137.75999450683594,137.02000427246094,106.45325469970703
2012-03-01,137.30999755859375,137.72999572753906,107.00489807128906
2012-03-02,137.63999938964844,137.30999755859375,106.67858123779297
2012-03-05,137.10000610351562,136.75,106.2435073852539
2012-03-06,135.35000610351562,134.75,104.68966674804688
2012-03-07,135.05999755859375,135.69000244140625,105.41995239257812
2012-03-08,136.52000427246094,137.0399932861328,106.46878051757812
2012-03-09,137.3000030517578,137.57000732421875,106.88050842285156
2012-03-12,137.5500030517578,137.5800018310547,106.88833618164062
2012-03-13,138.32000732421875,140.05999755859375,108.81507873535156
2012-03-14,140.10000610351562,139.91000366210938,108.69855499267578
2012-03-15,140.1199951171875,140.72000122070312,109.3279037475586
2012-03-16,140.36000061035156,140.3000030517578,109.4792251586914
2012-03-19,140.2100067138672,140.85000610351562,109.90841674804688
2012-03-20,140.0500030517578,140.44000244140625,109.5885009765625
2012-03-21,140.52000427246094,140.2100067138672,109.40901947021484
2012-03-22,139.17999267578125,139.1999969482422,108.62088775634766
2012-03-23,139.32000732421875,139.64999389648438,108.97203826904297
2012-03-26,140.64999389648438,141.61000061035156,110.50146484375
2012-03-27,141.74000549316406,141.1699981689453,110.15809631347656
2012-03-28,141.10000610351562,140.47000122070312,109.61192321777344
2012-03-29,139.63999938964844,140.22999572753906,109.42462158203125
2012-03-30,140.9199981689453,140.80999755859375,109.87725067138672
2012-04-02,140.63999938964844,141.83999633789062,110.68095397949219
2012-04-03,141.63999938964844,141.25999450683594,110.22834777832031
2012-04-04,140.22000122070312,139.86000061035156,109.13587188720703
2012-04-05,139.3800048828125,139.7899932861328,109.08128356933594
2012-04-09,138.02999877929688,138.22000122070312,107.8561782836914
2012-04-10,137.9499969482422,135.89999389648438,106.04579162597656
2012-04-11,137.2899932861328,137.0,106.90419006347656
2012-04-12,137.1300048828125,138.7899932861328,108.30096435546875
2012-04-13,138.47000122070312,137.13999938964844,107.01344299316406
2012-04-16,137.83999633789062,137.0500030517578,106.94318389892578
2012-04-17,137.83999633789062,139.0800018310547,108.52725219726562
2012-04-18,138.4600067138672,138.61000061035156,108.1604995727539
2012-04-19,138.6300048828125,137.72000122070312,107.46601867675781
2012-04-20,138.3300018310547,137.9499969482422,107.64547729492188
2012-04-23,136.5399932861328,136.7899932861328,106.74027252197266
2012-04-24,136.91000366210938,137.30999755859375,107.14606475830078
2012-04-25,138.64999389648438,139.19000244140625,108.61307525634766
2012-04-26,138.88999938964844,140.16000366210938,109.3699951171875
2012-04-27,140.5800018310547,140.38999938964844,109.54948425292969
2012-04-30,140.11000061035156,139.8699951171875,109.14370727539062
2012-05-01,139.7899932861328,140.74000549316406,109.82259368896484
2012-05-02,139.9199981689453,140.32000732421875,109.49486541748047
2012-05-03,140.33999633789062,139.25,108.65992736816406
2012-05-04,138.52000427246094,137.0,106.90419006347656
2012-05-07,136.50999450683594,137.10000610351562,106.98223114013672
2012-05-08,136.27999877929688,136.5500030517578,106.55307006835938
2012-05-09,135.10000610351562,135.74000549316406,105.92095184326172
2012-05-10,136.67999267578125,136.02000427246094,106.13948059082031
2012-05-11,135.1699981689453,135.61000061035156,105.81954193115234
2012-05-14,134.30999755859375,134.11000061035156,104.64906311035156
2012-05-15,134.02000427246094,133.33999633789062,104.04820251464844
2012-05-16,133.94000244140625,132.8300018310547,103.65022277832031
2012-05-17,132.86000061035156,130.86000061035156,102.11299896240234
2012-05-18,131.3699951171875,129.74000549316406,101.23902893066406
2012-05-21,130.16000366210938,131.97000122070312,102.97917175292969
2012-05-22,132.30999755859375,132.1999969482422,103.15863800048828
2012-05-23,131.25,132.27000427246094,103.21324157714844
2012-05-24,132.6300048828125,132.52999877929688,103.41613006591797
2012-05-25,132.47999572753906,132.10000610351562,103.08061981201172
2012-05-29,133.16000366210938,133.6999969482422,104.32913970947266
2012-05-30,132.55999755859375,131.75999450683594,102.8153076171875
2012-05-31,131.7100067138672,131.47000122070312,102.58900451660156
2012-06-01,129.41000366210938,128.16000366210938,100.00611114501953
2012-06-04,128.38999938964844,128.10000610351562,99.95930480957031
2012-06-05,127.8499984741211,129.07000732421875,100.71624755859375
2012-06-06,129.97000122070312,131.97000122070312,102.97917175292969
2012-06-07,133.47000122070312,132.0500030517578,103.04159545898438
2012-06-08,131.7100067138672,133.10000610351562,103.86094665527344
2012-06-11,134.1699981689453,131.41000366210938,102.54217529296875
2012-06-12,131.7899932861328,132.9199981689453,103.72045135498047
2012-06-13,132.52999877929688,132.07000732421875,103.05719757080078
2012-06-14,132.33999633789062,133.47000122070312,104.14961242675781
2012-06-15,133.3800048828125,134.13999938964844,105.21480560302734
2012-06-18,133.5800018310547,134.39999389648438,105.41873931884766
2012-06-19,135.0800018310547,135.6999969482422,106.43844604492188
2012-06-20,135.7100067138672,135.47999572753906,106.26585388183594
2012-06-21,135.63999938964844,132.44000244140625,103.88142395019531
2012-06-22,133.1300048828125,133.4600067138672,104.68145751953125
2012-06-25,132.0500030517578,131.32000732421875,103.00292205810547
2012-06-26,131.6999969482422,131.97999572753906,103.52057647705078
2012-06-27,132.4199981689453,133.1699981689453,104.45398712158203
2012-06-28,132.2899932861328,132.7899932861328,104.15592193603516
2012-06-29,135.1999969482422,136.10000610351562,106.75214385986328
2012-07-02,136.47999572753906,136.50999450683594,107.07373809814453
2012-07-03,136.47999572753906,137.41000366210938,107.77969360351562
2012-07-05,136.89999389648438,136.7899932861328,107.29336547851562
2012-07-06,135.47000122070312,135.49000549316406,106.27369689941406
2012-07-09,135.3800048828125,135.32000732421875,106.14039611816406
2012-07-10,136.00999450683594,134.13999938964844,105.21480560302734
2012-07-11,134.2100067138672,134.16000366210938,105.23051452636719
2012-07-12,133.3800048828125,133.50999450683594,104.72066497802734
2012-07-13,133.86000061035156,135.75,106.47764587402344
2012-07-16,135.44000244140625,135.42999267578125,106.22664642333984
2012-07-17,135.97000122070312,136.36000061035156,106.95610809326172
2012-07-18,136.0399932861328,137.3699951171875,107.74830627441406
2012-07-19,137.64999389648438,137.72999572753906,108.0306625366211
2012-07-20,136.9499969482422,136.47000122070312,107.04236602783203
2012-07-23,134.47000122070312,135.08999633789062,105.95994567871094
2012-07-24,135.19000244140625,133.92999267578125,105.05010986328125
2012-07-25,134.2100067138672,133.9600067138672,105.07363891601562
2012-07-26,135.88999938964844,136.1699981689453,106.80708312988281
2012-07-27,136.88999938964844,138.67999267578125,108.7758560180664
2012-07-30,138.52000427246094,138.67999267578125,108.7758560180664
2012-07-31,138.49000549316406,137.7100067138672,108.01497650146484
2012-08-01,138.6999969482422,137.58999633789062,107.92086791992188
2012-08-02,136.5500030517578,136.63999938964844,107.17568969726562
2012-08-03,138.55999755859375,139.35000610351562,109.30136108398438
2012-08-06,139.72000122070312,139.6199951171875,109.51311492919922
2012-08-07,140.17999267578125,140.32000732421875,110.06224060058594
2012-08-08,139.85000610351562,140.49000549316406,110.19550323486328
2012-08-09,140.2899932861328,140.61000061035156,110.28966522216797
2012-08-10,140.0399932861328,140.83999633789062,110.47004699707031
2012-08-13,140.60000610351562,140.77000427246094,110.41510009765625
2012-08-14,141.2899932861328,140.7899932861328,110.43085479736328
2012-08-15,140.63999938964844,140.9499969482422,110.55638885498047
2012-08-16,141.14999389648438,141.99000549316406,111.37208557128906
2012-08-17,142.22999572753906,142.17999267578125,111.5211410522461
2012-08-20,141.97999572753906,142.19000244140625,111.5289077758789
2012-08-21,142.5399932861328,141.75999450683594,111.19168090820312
2012-08-22,141.39999389648438,141.82000732421875,111.2387924194336
2012-08-23,141.47000122070312,140.66000366210938,110.32889556884766
2012-08-24,140.30999755859375,141.50999450683594,110.99559783935547
2012-08-27,141.88999938964844,141.5399932861328,111.01911163330078
2012-08-28,141.17999267578125,141.39999389648438,110.90929412841797
2012-08-29,141.52000427246094,141.50999450683594,110.99559783935547
2012-08-30,140.89999389648438,140.49000549316406,110.19550323486328
2012-08-31,141.2899932861328,141.16000366210938,110.72107696533203
2012-09-04,141.0399932861328,141.02999877929688,110.61904907226562
2012-09-05,141.08999633789062,140.91000366210938,110.52499389648438
2012-09-06,141.75999450683594,143.77000427246094,112.76824188232422
2012-09-07,144.00999450683594,144.3300018310547,113.20745086669922
2012-09-10,144.19000244140625,143.50999450683594,112.56433868408203
2012-09-11,143.60000610351562,143.91000366210938,112.87803649902344
2012-09-12,144.38999938964844,144.38999938964844,113.25459289550781
2012-09-13,144.3699951171875,146.58999633789062,114.98017883300781
2012-09-14,146.8800048828125,147.24000549316406,115.4900131225586
2012-09-17,146.94000244140625,146.74000549316406,115.09779357910156
2012-09-18,146.49000549316406,146.6199951171875,115.0036849975586
2012-09-19,146.7899932861328,146.6999969482422,115.06641387939453
2012-09-20,146.02999877929688,146.7100067138672,115.07432556152344
2012-09-21,146.63999938964844,145.8699951171875,115.02619934082031
2012-09-24,145.14999389648438,145.64999389648438,114.85272216796875
2012-09-25,145.9600067138672,144.10000610351562,113.63046264648438
2012-09-26,144.07000732421875,143.2899932861328,112.99173736572266
2012-09-27,143.88999938964844,144.63999938964844,114.05628204345703
2012-09-28,144.08999633789062,143.97000122070312,113.52793884277344
2012-10-01,144.52000427246094,144.35000610351562,113.82760620117188
2012-10-02,144.9199981689453,144.5,113.94587707519531
2012-10-03,144.88999938964844,145.08999633789062,114.41114044189453
2012-10-04,145.63999938964844,146.1300048828125,115.23123168945312
2012-10-05,146.91000366210938,146.13999938964844,115.23908996582031
2012-10-08,145.60000610351562,145.63999938964844,114.84481048583984
2012-10-09,145.52999877929688,144.1999969482422,113.70930480957031
2012-10-10,144.17999267578125,143.27999877929688,112.98381805419922
2012-10-11,144.27999877929688,143.36000061035156,113.04695129394531
2012-10-12,143.4600067138672,142.88999938964844,112.67630004882812
2012-10-15,143.22999572753906,144.0800018310547,113.61466979980469
2012-10-16,144.75999450683594,145.5399932861328,114.76598358154297
2012-10-17,145.63999938964844,146.1999969482422,115.28640747070312
2012-10-18,145.82000732421875,145.82000732421875,114.98675537109375
2012-10-19,145.5500030517578,143.38999938964844,113.07056427001953
2012-10-22,143.14999389648438,143.41000366210938,113.08635711669922
2012-10-23,141.86000061035156,141.4199981689453,111.5171127319336
2012-10-24,141.92999267578125,141.02000427246094,111.20172882080078
2012-10-25,142.02000427246094,141.42999267578125,111.52498626708984
2012-10-26,141.3000030517578,141.35000610351562,111.46198272705078
2012-10-31,141.85000610351562,141.35000610351562,111.46198272705078
2012-11-01,141.64999389648438,142.8300018310547,112.62898254394531
2012-11-02,143.67999267578125,141.55999755859375,111.62749481201172
2012-11-05,141.35000610351562,141.85000610351562,111.85620880126953
2012-11-06,142.27999877929688,142.9600067138672,112.73152160644531
2012-11-07,141.66000366210938,139.72000122070312,110.17657470703125
2012-11-08,139.6999969482422,138.0399932861328,108.85179138183594
2012-11-09,137.6199951171875,138.16000366210938,108.94646453857422
2012-11-12,138.58999633789062,138.27000427246094,109.03317260742188
2012-11-13,137.5399932861328,137.7899932861328,108.65467071533203
2012-11-14,138.2100067138672,135.92999267578125,107.18800354003906
2012-11-15,135.97999572753906,135.6999969482422,107.00662231445312
2012-11-16,135.89999389648438,136.3699951171875,107.5349349975586
2012-11-19,137.89999389648438,139.1300048828125,109.71136474609375
2012-11-20,138.91000366210938,139.19000244140625,109.75865936279297
2012-11-21,139.30999755859375,139.4499969482422,109.96367645263672
2012-11-23,140.1300048828125,141.35000610351562,111.46198272705078
2012-11-26,140.64999389648438,141.0500030517578,111.22539520263672
2012-11-27,140.91000366210938,140.3300018310547,110.65763092041016
2012-11-28,139.75999450683594,141.4600067138672,111.5486831665039
2012-11-29,141.99000549316406,142.1199951171875,112.06912231445312
2012-11-30,142.13999938964844,142.14999389648438,112.09274291992188
2012-12-03,142.8000030517578,141.4499969482422,111.54080200195312
2012-12-04,141.44000244140625,141.25,111.38309478759766
2012-12-05,141.3699951171875,141.5,111.58023834228516
2012-12-06,141.3699951171875,141.97999572753906,111.95868682861328
2012-12-07,142.52999877929688,142.41000366210938,112.29779815673828
2012-12-10,142.2100067138672,142.47000122070312,112.34512329101562
2012-12-11,143.05999755859375,143.44000244140625,113.11002349853516
2012-12-12,144.0,143.50999450683594,113.16519927978516
2012-12-13,143.4199981689453,142.6300048828125,112.47129821777344
2012-12-14,142.32000732421875,142.10000610351562,112.05332946777344
2012-12-17,142.47000122070312,143.77000427246094,113.37020874023438
2012-12-18,144.0,145.3699951171875,114.63191223144531
2012-12-19,145.52999877929688,144.2899932861328,113.7802734375
2012-12-20,144.3800048828125,145.1199951171875,114.43478393554688
2012-12-21,142.1699981689453,142.7899932861328,113.39605712890625
2012-12-24,142.47999572753906,142.35000610351562,113.04662322998047
2012-12-26,142.63999938964844,141.75,112.57011413574219
2012-12-27,141.7899932861328,141.55999755859375,112.41924285888672
2012-12-28,140.63999938964844,140.02999877929688,111.20417022705078
2012-12-31,139.66000366210938,142.41000366210938,113.09427642822266
2013-01-02,145.11000061035156,146.05999755859375,115.99286651611328
2013-01-03,145.99000549316406,145.72999572753906,115.73078918457031
2013-01-04,145.97000122070312,146.3699951171875,116.23907470703125
2013-01-07,145.85000610351562,145.97000122070312,115.92140197753906
2013-01-08,145.7100067138672,145.5500030517578,115.58785247802734
2013-01-09,145.8699951171875,145.9199981689453,115.8817138671875
2013-01-10,146.72999572753906,147.0800018310547,116.80288696289062
2013-01-11,147.0399932861328,147.07000732421875,116.79501342773438
2013-01-14,146.88999938964844,146.97000122070312,116.71554565429688
2013-01-15,146.2899932861328,147.07000732421875,116.79501342773438
2013-01-16,146.77000427246094,147.0500030517578,116.77912139892578
2013-01-17,147.6999969482422,148.0,117.53351593017578
2013-01-18,147.97000122070312,148.3300018310547,117.79563903808594
2013-01-22,148.3300018310547,149.1300048828125,118.43091583251953
2013-01-23,149.1300048828125,149.3699951171875,118.62154388427734
2013-01-24,149.14999389648438,149.41000366210938,118.65324401855469
2013-01-25,149.8800048828125,150.25,119.32035827636719
2013-01-28,150.2899932861328,150.07000732421875,119.17742156982422
2013-01-29,149.77000427246094,150.66000366210938,119.64591217041016
2013-01-30,150.63999938964844,150.07000732421875,119.17742156982422
2013-01-31,149.88999938964844,149.6999969482422,118.88358306884766
2013-02-01,150.64999389648438,151.24000549316406,120.1065673828125
2013-02-04,150.32000732421875,149.5399932861328,118.75650024414062
2013-02-05,150.35000610351562,151.0500030517578,119.95567321777344
2013-02-06,150.52000427246094,151.16000366210938,120.04302978515625
2013-02-07,151.2100067138672,150.9600067138672,119.88423156738281
2013-02-08,151.22000122070312,151.8000030517578,120.55126953125
2013-02-11,151.74000549316406,151.77000427246094,120.5274887084961
2013-02-12,151.77999877929688,152.02000427246094,120.72599029541016
2013-02-13,152.3300018310547,152.14999389648438,120.82920837402344
2013-02-14,151.69000244140625,152.2899932861328,120.94042205810547
2013-02-15,152.42999267578125,152.11000061035156,120.79747772216797
2013-02-19,152.3699951171875,153.25,121.7027359008789
2013-02-20,153.13999938964844,151.33999633789062,120.18594360351562
2013-02-21,150.9600067138672,150.4199981689453,119.45532989501953
2013-02-22,151.14999389648438,151.88999938964844,120.62279510498047
2013-02-25,152.6300048828125,149.0,118.3276596069336
2013-02-26,149.72000122070312,150.02000427246094,119.1376953125
2013-02-27,149.88999938964844,151.91000366210938,120.63865661621094
2013-02-28,151.89999389648438,151.61000061035156,120.40042877197266
2013-03-01,151.08999633789062,152.11000061035156,120.79747772216797
2013-03-04,151.75999450683594,152.9199981689453,121.44075012207031
2013-03-05,153.66000366210938,154.2899932861328,122.52870178222656
2013-03-06,154.83999633789062,154.5,122.69547271728516
2013-03-07,154.6999969482422,154.77999877929688,122.91777801513672
2013-03-08,155.4600067138672,155.44000244140625,123.44192504882812
2013-03-11,155.32000732421875,156.02999877929688,123.91053771972656
2013-03-12,155.9199981689453,155.67999267578125,123.63256072998047
2013-03-13,155.75999450683594,155.89999389648438,123.80728149414062
2013-03-14,156.30999755859375,156.72999572753906,124.46644592285156
2013-03-15,155.85000610351562,155.8300018310547,124.3021240234375
2013-03-18,154.33999633789062,154.97000122070312,123.61609649658203
2013-03-19,155.3000030517578,154.61000061035156,123.32896423339844
2013-03-20,155.52000427246094,155.69000244140625,124.19036865234375
2013-03-21,154.75999450683594,154.36000061035156,123.12955474853516
2013-03-22,154.85000610351562,155.60000610351562,124.11865997314453
2013-03-25,156.00999450683594,154.9499969482422,123.60015869140625
2013-03-26,155.58999633789062,156.19000244140625,124.58930206298828
2013-03-27,155.25999450683594,156.19000244140625,124.58930206298828
2013-03-28,156.08999633789062,156.6699981689453,124.97210693359375
2013-04-01,156.58999633789062,156.0500030517578,124.47759246826172
2013-04-02,156.61000061035156,156.82000732421875,125.09185028076172
2013-04-03,156.91000366210938,155.22999572753906,123.823486328125
2013-04-04,155.42999267578125,155.86000061035156,124.32599639892578
2013-04-05,153.9499969482422,155.16000366210938,123.76762390136719
2013-04-08,155.27000427246094,156.2100067138672,124.60523223876953
2013-04-09,156.5,156.75,125.0360107421875
2013-04-10,157.1699981689453,158.6699981689453,126.5675048828125
2013-04-11,158.6999969482422,159.19000244140625,126.98229217529297
2013-04-12,158.67999267578125,158.8000030517578,126.67123413085938
2013-04-15,158.0,155.1199951171875,123.7357406616211
2013-04-16,156.2899932861328,157.41000366210938,125.56244659423828
2013-04-17,156.2899932861328,155.11000061035156,123.72775268554688
2013-04-18,155.3699951171875,154.13999938964844,122.95404052734375
2013-04-19,154.5,155.47999572753906,124.02290344238281
2013-04-22,155.77999877929688,156.1699981689453,124.57333374023438
2013-04-23,156.9499969482422,157.77999877929688,125.85759735107422
2013-04-24,157.8300018310547,157.8800048828125,125.93737030029297
2013-04-25,158.33999633789062,158.52000427246094,126.44783782958984
2013-04-26,158.3300018310547,158.24000549316406,126.22447967529297
2013-04-29,158.6699981689453,159.3000030517578,127.070068359375
2013-04-30,159.27000427246094,159.67999267578125,127.37316131591797
2013-05-01,159.3300018310547,158.27999877929688,126.25640106201172
2013-05-02,158.67999267578125,159.75,127.42901611328125
2013-05-03,161.13999938964844,161.3699951171875,128.72120666503906
2013-05-06,161.49000549316406,161.77999877929688,129.04823303222656
2013-05-07,162.1300048828125,162.60000610351562,129.70242309570312
2013-05-08,162.4199981689453,163.33999633789062,130.29261779785156
2013-05-09,163.27000427246094,162.8800048828125,129.9257354736328
2013-05-10,162.99000549316406,163.41000366210938,130.34848022460938
2013-05-13,163.1999969482422,163.5399932861328,130.4521942138672
2013-05-14,163.6699981689453,165.22999572753906,131.80023193359375
2013-05-15,164.9600067138672,166.1199951171875,132.51016235351562
2013-05-16,165.77999877929688,165.33999633789062,131.8879852294922
2013-05-17,165.9499969482422,166.94000244140625,133.16429138183594
2013-05-20,166.77999877929688,166.92999267578125,133.1563262939453
2013-05-21,167.0800018310547,167.1699981689453,133.34771728515625
2013-05-22,167.33999633789062,165.92999267578125,132.35867309570312
2013-05-23,164.16000366210938,165.4499969482422,131.97576904296875
2013-05-24,164.47000122070312,165.30999755859375,131.86412048339844
2013-05-28,167.0399932861328,166.3000030517578,132.65379333496094
2013-05-29,165.4199981689453,165.22000122070312,131.7922821044922
2013-05-30,165.35000610351562,165.8300018310547,132.27882385253906
2013-05-31,165.3699951171875,163.4499969482422,130.3804168701172
2013-06-03,163.8300018310547,164.35000610351562,131.0983428955078
2013-06-04,164.44000244140625,163.55999755859375,130.4681854248047
2013-06-05,163.08999633789062,161.27000427246094,128.64144897460938
2013-06-06,161.1999969482422,162.72999572753906,129.8061065673828
2013-06-07,163.85000610351562,164.8000030517578,131.45729064941406
2013-06-10,165.30999755859375,164.8000030517578,131.45729064941406
2013-06-11,163.3000030517578,163.10000610351562,130.10118103027344
2013-06-12,164.22000122070312,161.75,129.0243682861328
2013-06-13,161.66000366210938,164.2100067138672,130.9866943359375
2013-06-14,164.02999877929688,163.17999267578125,130.16506958007812
2013-06-17,164.2899932861328,164.44000244140625,131.17010498046875
2013-06-18,164.52999877929688,165.74000549316406,132.2071075439453
2013-06-19,165.60000610351562,163.4499969482422,130.3804168701172
2013-06-20,161.86000061035156,159.39999389648438,127.14981079101562
2013-06-21,159.63999938964844,159.07000732421875,127.55801391601562
2013-06-24,157.41000366210938,157.05999755859375,125.94615173339844
2013-06-25,158.47999572753906,158.57000732421875,127.15697479248047
2013-06-26,159.8699951171875,160.13999938964844,128.4159698486328
2013-06-27,161.10000610351562,161.0800018310547,129.1697998046875
2013-06-28,160.6300048828125,160.4199981689453,128.6405487060547
2013-07-01,161.25999450683594,161.36000061035156,129.39430236816406
2013-07-02,161.1199951171875,161.2100067138672,129.27403259277344
2013-07-03,160.47999572753906,161.27999877929688,129.33018493652344
2013-07-05,162.47000122070312,163.02000427246094,130.7255096435547
2013-07-08,163.86000061035156,163.9499969482422,131.47128295898438
2013-07-09,164.97999572753906,165.1300048828125,132.41749572753906
2013-07-10,164.97000122070312,165.19000244140625,132.46560668945312
2013-07-11,167.11000061035156,167.44000244140625,134.26983642578125
2013-07-12,167.38999938964844,167.50999450683594,134.32598876953125
2013-07-15,167.97000122070312,168.14999389648438,134.83921813964844
2013-07-16,168.25999450683594,167.52000427246094,134.3340606689453
2013-07-17,168.16000366210938,167.9499969482422,134.67884826660156
2013-07-18,168.30999755859375,168.8699951171875,135.41656494140625
2013-07-19,168.52000427246094,169.1699981689453,135.6571502685547
2013-07-22,169.41000366210938,169.5,135.92181396484375
2013-07-23,169.8000030517578,169.13999938964844,135.63307189941406
2013-07-24,169.7899932861328,168.52000427246094,135.1359100341797
2013-07-25,168.22000122070312,168.92999267578125,135.46475219726562
2013-07-26,168.22000122070312,169.11000061035156,135.60903930664062
2013-07-29,168.67999267578125,168.58999633789062,135.19207763671875
2013-07-30,169.10000610351562,168.58999633789062,135.19207763671875
2013-07-31,168.94000244140625,168.7100067138672,135.2882537841797
2013-08-01,169.99000549316406,170.66000366210938,136.85198974609375
2013-08-02,170.27999877929688,170.9499969482422,137.08453369140625
2013-08-05,170.57000732421875,170.6999969482422,136.88404846191406
2013-08-06,170.3699951171875,169.72999572753906,136.10621643066406
2013-08-07,169.19000244140625,169.17999267578125,135.66517639160156
2013-08-08,169.97999572753906,169.8000030517578,136.16229248046875
2013-08-09,169.5800018310547,169.30999755859375,135.76942443847656
2013-08-12,168.4600067138672,169.11000061035156,135.60903930664062
2013-08-13,169.41000366210938,169.61000061035156,136.01002502441406
2013-08-14,169.52999877929688,168.74000549316406,135.31231689453125
2013-08-15,167.41000366210938,166.3800048828125,133.4198760986328
2013-08-16,166.05999755859375,165.8300018310547,132.97872924804688
2013-08-19,165.63999938964844,164.77000427246094,132.1287841796875
2013-08-20,165.0399932861328,165.5800018310547,132.77830505371094
2013-08-21,165.1199951171875,164.55999755859375,131.9604034423828
2013-08-22,164.89999389648438,166.05999755859375,133.1632537841797
2013-08-23,166.5500030517578,166.6199951171875,133.6123046875
2013-08-26,166.7899932861328,166.0,133.11514282226562
2013-08-27,164.36000061035156,163.3300018310547,130.9740447998047
2013-08-28,163.25999450683594,163.91000366210938,131.43914794921875
2013-08-29,163.5500030517578,164.1699981689453,131.64768981933594
2013-08-30,164.50999450683594,163.64999389648438,131.23065185546875
2013-09-03,165.22999572753906,164.38999938964844,131.82411193847656
2013-09-04,164.42999267578125,165.75,132.91464233398438
2013-09-05,165.85000610351562,165.9600067138672,133.08306884765625
2013-09-06,166.50999450683594,166.0399932861328,133.147216796875
2013-09-09,166.4499969482422,167.6300048828125,134.4222412109375
2013-09-10,168.63999938964844,168.8699951171875,135.41656494140625
2013-09-11,168.63999938964844,169.39999389648438,135.84158325195312
2013-09-12,169.33999633789062,168.9499969482422,135.48072814941406
2013-09-13,169.1300048828125,169.3300018310547,135.7854461669922
2013-09-16,171.16000366210938,170.30999755859375,136.57127380371094
2013-09-17,170.4600067138672,171.07000732421875,137.18072509765625
2013-09-18,171.00999450683594,173.0500030517578,138.76849365234375
2013-09-19,173.52000427246094,172.75999450683594,138.53599548339844
2013-09-20,172.3300018310547,170.72000122070312,137.5673828125
2013-09-23,170.49000549316406,169.92999267578125,136.93080139160156
2013-09-24,169.89999389648438,169.52999877929688,136.6085205078125
2013-09-25,169.63999938964844,169.0399932861328,136.21365356445312
2013-09-26,169.32000732421875,169.69000244140625,136.7374725341797
2013-09-27,168.83999633789062,168.91000366210938,136.10888671875
2013-09-30,167.47999572753906,168.00999450683594,135.3836212158203
2013-10-01,168.13999938964844,169.33999633789062,136.45538330078125
2013-10-02,168.35000610351562,169.17999267578125,136.3264617919922
2013-10-03,168.7899932861328,167.6199951171875,135.06939697265625
2013-10-04,167.75,168.88999938964844,136.0927276611328
2013-10-07,167.4199981689453,167.42999267578125,134.916259765625
2013-10-08,167.39999389648438,165.47999572753906,133.34498596191406
2013-10-09,165.8000030517578,165.60000610351562,133.44168090820312
2013-10-10,167.2899932861328,169.1699981689453,136.318359375
2013-10-11,168.91000366210938,170.25999450683594,137.19674682617188
2013-10-14,169.2100067138672,170.94000244140625,137.74462890625
2013-10-15,170.50999450683594,169.6999969482422,136.74546813964844
2013-10-16,170.72000122070312,172.07000732421875,138.65525817871094
2013-10-17,171.3699951171875,173.22000122070312,139.58189392089844
2013-10-18,173.86000061035156,174.38999938964844,140.52464294433594
2013-10-21,174.4499969482422,174.39999389648438,140.53277587890625
2013-10-22,174.91000366210938,175.41000366210938,141.3466033935547
2013-10-23,174.80999755859375,174.57000732421875,140.6697540283203
2013-10-24,174.9199981689453,175.14999389648438,141.13711547851562
2013-10-25,175.50999450683594,175.9499969482422,141.7817840576172
2013-10-28,175.88999938964844,176.22999572753906,142.0074005126953
2013-10-29,176.6300048828125,177.1699981689453,142.76478576660156
2013-10-30,177.3800048828125,176.2899932861328,142.0557403564453
2013-10-31,176.14999389648438,175.7899932861328,141.65281677246094
2013-11-01,176.02000427246094,176.2100067138672,141.99131774902344
2013-11-04,176.69000244140625,176.8300018310547,142.49090576171875
2013-11-05,176.13999938964844,176.27000427246094,142.03961181640625
2013-11-06,177.02999877929688,177.1699981689453,142.76478576660156
2013-11-07,177.5,174.92999267578125,140.95985412597656
2013-11-08,174.8699951171875,177.2899932861328,142.86155700683594
2013-11-11,177.1199951171875,177.32000732421875,142.8856964111328
2013-11-12,176.94000244140625,176.9600067138672,142.5956268310547
2013-11-13,176.08999633789062,178.3800048828125,143.73988342285156
2013-11-14,178.5399932861328,179.27000427246094,144.45706176757812
2013-11-15,179.55999755859375,180.0500030517578,145.08560180664062
2013-11-18,180.35000610351562,179.4199981689453,144.57791137695312
2013-11-19,179.3300018310547,179.02999877929688,144.26364135742188
2013-11-20,179.38999938964844,178.47000122070312,143.8123779296875
2013-11-21,178.97000122070312,179.91000366210938,144.97274780273438
2013-11-22,179.97999572753906,180.80999755859375,145.697998046875
2013-11-25,181.1300048828125,180.6300048828125,145.55291748046875
2013-11-26,180.72000122070312,180.67999267578125,145.59326171875
2013-11-27,180.8699951171875,181.1199951171875,145.9477996826172
2013-11-29,181.32000732421875,181.0,145.85108947753906
2013-12-02,181.08999633789062,180.52999877929688,145.47238159179688
2013-12-03,179.94000244140625,179.75,144.8438262939453
2013-12-04,179.10000610351562,179.72999572753906,144.82772827148438
2013-12-05,179.41000366210938,178.94000244140625,144.1910858154297
2013-12-06,180.6699981689453,180.94000244140625,145.80271911621094
2013-12-09,181.47000122070312,181.39999389648438,146.17335510253906
2013-12-10,180.97999572753906,180.75,145.64962768554688
2013-12-11,180.82000732421875,178.72000122070312,144.01382446289062
2013-12-12,178.63999938964844,178.1300048828125,143.53843688964844
2013-12-13,178.5,178.11000061035156,143.52236938476562
2013-12-16,178.9499969482422,179.22000122070312,144.41673278808594
2013-12-17,179.3800048828125,178.64999389648438,143.9574737548828
2013-12-18,178.9199981689453,181.6999969482422,146.41517639160156
2013-12-19,181.17999267578125,181.49000549316406,146.2459259033203
2013-12-20,180.69000244140625,181.55999755859375,147.09661865234375
2013-12-23,182.4499969482422,182.52999877929688,147.88250732421875
2013-12-24,182.5399932861328,182.92999267578125,148.20663452148438
2013-12-26,183.33999633789062,183.86000061035156,148.95999145507812
2013-12-27,184.10000610351562,183.85000610351562,148.95196533203125
2013-12-30,183.8699951171875,183.82000732421875,148.9276580810547
2013-12-31,184.07000732421875,184.69000244140625,149.63247680664062
2014-01-02,183.97999572753906,182.9199981689453,148.1985321044922
2014-01-03,183.22999572753906,182.88999938964844,148.17420959472656
2014-01-06,183.49000549316406,182.36000061035156,147.7447509765625
2014-01-07,183.08999633789062,183.47999572753906,148.65219116210938
2014-01-08,183.4499969482422,183.52000427246094,148.68458557128906
2014-01-09,184.11000061035156,183.63999938964844,148.78182983398438
2014-01-10,183.9499969482422,184.13999938964844,149.1868896484375
2014-01-13,183.6699981689453,181.69000244140625,147.201904296875
2014-01-14,182.2899932861328,183.6699981689453,148.8060760498047
2014-01-15,184.10000610351562,184.66000366210938,149.60818481445312
2014-01-16,184.27999877929688,184.4199981689453,149.41372680664062
2014-01-17,184.10000610351562,183.63999938964844,148.78182983398438
2014-01-21,184.6999969482422,184.17999267578125,149.2192840576172
2014-01-22,184.49000549316406,184.3000030517578,149.3164825439453
2014-01-23,183.3699951171875,182.7899932861328,148.09315490722656
2014-01-24,181.60000610351562,178.88999938964844,144.9334716796875
2014-01-27,179.05999755859375,178.00999450683594,144.22047424316406
2014-01-28,178.13999938964844,179.07000732421875,145.07925415039062
2014-01-29,177.5800018310547,177.35000610351562,143.68572998046875
2014-01-30,178.8300018310547,179.22999572753906,145.20884704589844
2014-01-31,177.00999450683594,178.17999267578125,144.35824584960938
2014-02-03,177.97000122070312,174.1699981689453,141.10940551757812
2014-02-04,174.9499969482422,175.38999938964844,142.0977783203125
2014-02-05,174.77999877929688,175.1699981689453,141.91952514648438
2014-02-06,175.5800018310547,177.47999572753906,143.79112243652344
2014-02-07,178.30999755859375,179.67999267578125,145.57351684570312
2014-02-10,179.6999969482422,180.00999450683594,145.84088134765625
2014-02-11,180.16000366210938,181.97999572753906,147.43687438964844
2014-02-12,182.25,182.07000732421875,147.50979614257812
2014-02-13,180.83999633789062,183.00999450683594,148.27142333984375
2014-02-14,182.83999633789062,184.02000427246094,149.08966064453125
2014-02-18,184.17999267578125,184.24000549316406,149.26785278320312
2014-02-19,183.75999450683594,183.02000427246094,148.2794952392578
2014-02-20,183.27000427246094,184.10000610351562,149.15447998046875
2014-02-21,184.4499969482422,183.88999938964844,148.9843292236328
2014-02-24,184.27999877929688,184.91000366210938,149.8107452392578
2014-02-25,185.05999755859375,184.83999633789062,149.75401306152344
2014-02-26,185.11000061035156,184.85000610351562,149.76214599609375
2014-02-27,184.5800018310547,185.82000732421875,150.54800415039062
2014-02-28,185.7899932861328,186.2899932861328,150.9288330078125
2014-03-03,184.64999389648438,184.97999572753906,149.86744689941406
2014-03-04,186.7899932861328,187.5800018310547,151.9739227294922
2014-03-05,187.74000549316406,187.75,152.11163330078125
2014-03-06,188.2100067138672,188.17999267578125,152.4600372314453
2014-03-07,188.9600067138672,188.25999450683594,152.5247802734375
2014-03-10,187.97000122070312,188.16000366210938,152.44378662109375
2014-03-11,188.44000244140625,187.22999572753906,151.6903076171875
2014-03-12,186.32000732421875,187.27999877929688,151.73089599609375
2014-03-13,187.83999633789062,185.17999267578125,150.0294952392578
2014-03-14,184.85000610351562,184.66000366210938,149.60818481445312
2014-03-17,185.58999633789062,186.3300018310547,150.961181640625
2014-03-18,186.7100067138672,187.66000366210938,152.03871154785156
2014-03-19,187.67999267578125,186.66000366210938,151.2285614013672
2014-03-20,186.25,187.75,152.11163330078125
2014-03-21,187.7100067138672,186.1999969482422,151.52171325683594
2014-03-24,186.83999633789062,185.42999267578125,150.8950958251953
2014-03-25,186.3699951171875,186.30999755859375,151.61117553710938
2014-03-26,187.0399932861328,184.97000122070312,150.52078247070312
2014-03-27,184.75,184.5800018310547,150.20338439941406
2014-03-28,185.11000061035156,185.49000549316406,150.9438934326172
2014-03-31,186.6699981689453,187.00999450683594,152.1807861328125
2014-04-01,187.6199951171875,188.25,153.1898956298828
2014-04-02,188.49000549316406,188.8800048828125,153.70254516601562
2014-04-03,189.1699981689453,188.6300048828125,153.49911499023438
2014-04-04,189.66000366210938,186.39999389648438,151.68443298339844
2014-04-07,185.9499969482422,184.33999633789062,150.0081024169922
2014-04-08,184.25999450683594,185.10000610351562,150.6265869140625
2014-04-09,185.60000610351562,187.08999633789062,152.24595642089844
2014-04-10,187.0800018310547,183.16000366210938,149.04786682128906
2014-04-11,182.13999938964844,181.50999450683594,147.7051544189453
2014-04-14,182.92999267578125,182.94000244140625,148.86883544921875
2014-04-15,183.32000732421875,184.1999969482422,149.89414978027344
2014-04-16,185.47000122070312,186.1300048828125,151.46473693847656
2014-04-17,185.8800048828125,186.38999938964844,151.67628479003906
2014-04-21,186.44000244140625,187.0399932861328,152.2052459716797
2014-04-22,187.22999572753906,187.88999938964844,152.8968963623047
2014-04-23,187.82000732421875,187.4499969482422,152.5388641357422
2014-04-24,188.3699951171875,187.8300018310547,152.8480987548828
2014-04-25,187.22000122070312,186.2899932861328,151.59495544433594
2014-04-28,187.0500030517578,186.8800048828125,152.07508850097656
2014-04-29,187.47999572753906,187.75,152.78298950195312
2014-04-30,187.44000244140625,188.30999755859375,153.23873901367188
2014-05-01,188.22000122070312,188.3300018310547,153.2550048828125
2014-05-02,188.30999755859375,188.05999755859375,153.0352325439453
2014-05-05,187.13999938964844,188.4199981689453,153.3282470703125
2014-05-06,188.0,186.77999877929688,151.99363708496094
2014-05-07,187.41000366210938,187.8800048828125,152.88877868652344
2014-05-08,187.7100067138672,187.67999267578125,152.72605895996094
2014-05-09,187.7100067138672,187.9600067138672,152.95388793945312
2014-05-12,188.8000030517578,189.7899932861328,154.44302368164062
2014-05-13,190.0399932861328,189.9600067138672,154.5814208984375
2014-05-14,189.7899932861328,189.05999755859375,153.84906005859375
2014-05-15,188.67999267578125,187.39999389648438,152.49815368652344
2014-05-16,187.50999450683594,188.0500030517578,153.027099609375
2014-05-19,187.69000244140625,188.74000549316406,153.58860778808594
2014-05-20,188.64999389648438,187.5500030517578,152.62025451660156
2014-05-21,188.08999633789062,189.1300048828125,153.906005859375
2014-05-22,189.17999267578125,189.58999633789062,154.2803192138672
2014-05-23,189.75999450683594,190.35000610351562,154.89877319335938
2014-05-27,191.05999755859375,191.52000427246094,155.85079956054688
2014-05-28,191.52000427246094,191.3800048828125,155.73692321777344
2014-05-29,191.82000732421875,192.3699951171875,156.5425567626953
2014-05-30,192.19000244140625,192.67999267578125,156.7948455810547
2014-06-02,192.9499969482422,192.89999389648438,156.97386169433594
2014-06-03,192.42999267578125,192.8000030517578,156.8925323486328
2014-06-04,192.47000122070312,193.19000244140625,157.20982360839844
2014-06-05,193.41000366210938,194.4499969482422,158.23513793945312
2014-06-06,194.8699951171875,195.3800048828125,158.99200439453125
2014-06-09,195.35000610351562,195.5800018310547,159.15472412109375
2014-06-10,195.33999633789062,195.60000610351562,159.17100524902344
2014-06-11,194.89999389648438,194.9199981689453,158.61761474609375
2014-06-12,194.69000244140625,193.5399932861328,157.4946746826172
2014-06-13,193.9199981689453,194.1300048828125,157.9748077392578
2014-06-16,193.88999938964844,194.2899932861328,158.10499572753906
2014-06-17,194.02000427246094,194.8300018310547,158.54440307617188
2014-06-18,194.8300018310547,196.25999450683594,159.70806884765625
2014-06-19,196.42999267578125,196.47999572753906,159.88711547851562
2014-06-20,196.02999877929688,195.94000244140625,160.2117462158203
2014-06-23,195.99000549316406,195.8800048828125,160.1626434326172
2014-06-24,195.52999877929688,194.6999969482422,159.19778442382812
2014-06-25,194.2899932861328,195.5800018310547,159.91734313964844
2014-06-26,195.61000061035156,195.44000244140625,159.80282592773438
2014-06-27,194.97999572753906,195.82000732421875,160.1136474609375
2014-06-30,195.6999969482422,195.72000122070312,160.03182983398438
2014-07-01,196.1999969482422,197.02999877929688,161.1029510498047
2014-07-02,197.0500030517578,197.22999572753906,161.26644897460938
2014-07-03,197.7899932861328,198.1999969482422,162.05958557128906
2014-07-07,197.82000732421875,197.50999450683594,161.49545288085938
2014-07-08,197.14999389648438,196.24000549316406,160.4569854736328
2014-07-09,196.72999572753906,197.1199951171875,161.176513671875
2014-07-10,195.22000122070312,196.33999633789062,160.53875732421875
2014-07-11,196.22000122070312,196.61000061035156,160.759521484375
2014-07-14,197.61000061035156,197.60000610351562,161.5690460205078
2014-07-15,197.72000122070312,197.22999572753906,161.26644897460938
2014-07-16,198.11000061035156,197.9600067138672,161.86338806152344
2014-07-17,197.35000610351562,195.7100067138672,160.02365112304688
2014-07-18,196.35000610351562,197.7100067138672,161.658935546875
2014-07-21,197.08999633789062,197.33999633789062,161.3563995361328
2014-07-22,198.00999450683594,198.1999969482422,162.05958557128906
2014-07-23,198.5,198.63999938964844,162.4193572998047
2014-07-24,198.8300018310547,198.64999389648438,162.4275360107422
2014-07-25,198.08999633789062,197.72000122070312,161.66712951660156
2014-07-28,197.75999450683594,197.8000030517578,161.73257446289062
2014-07-29,198.1699981689453,196.9499969482422,161.03750610351562
2014-07-30,197.64999389648438,196.97999572753906,161.0620880126953
2014-07-31,195.61000061035156,193.08999633789062,157.8813934326172
2014-08-01,192.55999755859375,192.5,157.39892578125
2014-08-04,192.8699951171875,193.88999938964844,158.53553771972656
2014-08-05,193.10000610351562,192.00999450683594,156.99830627441406
2014-08-06,191.11000061035156,192.07000732421875,157.04737854003906
2014-08-07,192.94000244140625,191.02999877929688,156.19699096679688
2014-08-08,191.4600067138672,193.24000549316406,158.00401306152344
2014-08-11,193.97000122070312,193.8000030517578,158.46188354492188
2014-08-12,193.61000061035156,193.52999877929688,158.24114990234375
2014-08-13,194.2899932861328,194.83999633789062,159.31227111816406
2014-08-14,195.16000366210938,195.75999450683594,160.06451416015625
2014-08-15,196.47000122070312,195.72000122070312,160.03182983398438
2014-08-18,196.8000030517578,197.36000061035156,161.372802734375
2014-08-19,197.83999633789062,198.38999938964844,162.21498107910156
2014-08-20,198.1199951171875,198.9199981689453,162.6483154296875
2014-08-21,199.08999633789062,199.5,163.12255859375
2014-08-22,199.33999633789062,199.19000244140625,162.86911010742188
2014-08-25,200.13999938964844,200.1999969482422,163.69493103027344
2014-08-26,200.3300018310547,200.3300018310547,163.8011932373047
2014-08-27,200.42999267578125,200.25,163.73582458496094
2014-08-28,199.58999633789062,200.13999938964844,163.64588928222656
2014-08-29,200.4499969482422,200.7100067138672,164.1119842529297
2014-09-02,200.97000122070312,200.61000061035156,164.03016662597656
2014-09-03,201.3800048828125,200.5,163.94020080566406
2014-09-04,200.83999633789062,200.2100067138672,163.70306396484375
2014-09-05,200.1699981689453,201.11000061035156,164.4390106201172
2014-09-08,200.9199981689453,200.58999633789062,164.01380920410156
2014-09-09,200.41000366210938,199.32000732421875,162.9753875732422
2014-09-10,199.42999267578125,200.07000732421875,163.588623046875
2014-09-11,199.27000427246094,200.3000030517578,163.7766876220703
2014-09-12,200.10000610351562,199.1300048828125,162.82009887695312
2014-09-15,199.16000366210938,198.97999572753906,162.6973876953125
2014-09-16,198.61000061035156,200.47999572753906,163.92388916015625
2014-09-17,200.77000427246094,200.75,164.14462280273438
2014-09-18,201.36000061035156,201.82000732421875,165.01956176757812
2014-09-19,201.52000427246094,200.6999969482422,164.87088012695312
2014-09-22,200.35000610351562,199.14999389648438,163.5975341796875
2014-09-23,198.42999267578125,198.00999450683594,162.66104125976562
2014-09-24,198.0399932861328,199.55999755859375,163.93431091308594
2014-09-25,199.0399932861328,196.33999633789062,161.2891845703125
2014-09-26,196.6999969482422,197.89999389648438,162.57070922851562
2014-09-29,196.1999969482422,197.5399932861328,162.27491760253906
2014-09-30,197.69000244140625,197.02000427246094,161.8478240966797
2014-10-01,196.6999969482422,194.35000610351562,159.65444946289062
2014-10-02,194.17999267578125,194.3800048828125,159.67913818359375
2014-10-03,195.67999267578125,196.52000427246094,161.43710327148438
2014-10-06,197.33999633789062,196.2899932861328,161.24807739257812
2014-10-07,195.27999877929688,193.25999450683594,158.75906372070312
2014-10-08,193.3699951171875,196.63999938964844,161.53562927246094
2014-10-09,196.3300018310547,192.74000549316406,158.33184814453125
2014-10-10,192.69000244140625,190.5399932861328,156.5246124267578
2014-10-13,190.4600067138672,187.41000366210938,153.95338439941406
2014-10-14,188.4199981689453,187.6999969482422,154.1916046142578
2014-10-15,185.16000366210938,186.42999267578125,153.14833068847656
2014-10-16,183.05999755859375,186.27000427246094,153.01686096191406
2014-10-17,188.4199981689453,188.47000122070312,154.8241729736328
2014-10-20,188.1300048828125,190.3000030517578,156.3274383544922
2014-10-21,191.67999267578125,194.07000732421875,159.42440795898438
2014-10-22,194.41000366210938,192.69000244140625,158.29078674316406
2014-10-23,194.6199951171875,194.92999267578125,160.13087463378906
2014-10-24,195.25,196.42999267578125,161.36314392089844
2014-10-27,195.72999572753906,196.16000366210938,161.14134216308594
2014-10-28,196.82000732421875,198.41000366210938,162.98963928222656
2014-10-29,198.5500030517578,198.11000061035156,162.7432403564453
2014-10-30,197.5800018310547,199.3800048828125,163.7864532470703
2014-10-31,201.77999877929688,201.66000366210938,165.65945434570312
2014-11-03,201.9199981689453,201.77000427246094,165.7498321533203
2014-11-04,201.22999572753906,201.07000732421875,165.17483520507812
2014-11-05,202.5399932861328,202.33999633789062,166.218017578125
2014-11-06,202.38999938964844,203.14999389648438,166.88343811035156
2014-11-07,203.1699981689453,203.33999633789062,167.03955078125
2014-11-10,203.3800048828125,203.97999572753906,167.5652618408203
2014-11-11,204.05999755859375,204.17999267578125,167.72955322265625
2014-11-12,203.35000610351562,203.9600067138672,167.54888916015625
2014-11-13,204.16000366210938,204.19000244140625,167.73779296875
2014-11-14,204.10000610351562,204.24000549316406,167.77890014648438
2014-11-17,203.85000610351562,204.3699951171875,167.8856658935547
2014-11-18,204.44000244140625,205.5500030517578,168.85501098632812
2014-11-19,205.30999755859375,205.22000122070312,168.5839385986328
2014-11-20,204.25999450683594,205.5800018310547,168.8796844482422
2014-11-21,207.63999938964844,206.67999267578125,169.78329467773438
2014-11-24,207.1699981689453,207.25999450683594,170.25973510742188
2014-11-25,207.5399932861328,207.11000061035156,170.13653564453125
2014-11-26,207.2899932861328,207.63999938964844,170.57191467285156
2014-11-28,207.49000549316406,207.1999969482422,170.21047973632812
2014-12-01,206.39999389648438,205.75999450683594,169.02752685546875
2014-12-02,205.80999755859375,207.08999633789062,170.12010192871094
2014-12-03,207.3000030517578,207.88999938964844,170.77725219726562
2014-12-04,207.5399932861328,207.66000366210938,170.5884246826172
2014-12-05,207.8699951171875,208.0,170.86764526367188
2014-12-08,207.52000427246094,206.61000061035156,169.7257843017578
2014-12-09,204.3699951171875,206.47000122070312,169.61080932617188
2014-12-10,205.91000366210938,203.16000366210938,166.8916778564453
2014-12-11,203.8800048828125,204.19000244140625,167.73779296875
2014-12-12,202.63999938964844,200.88999938964844,165.0269317626953
2014-12-15,201.97999572753906,199.50999450683594,163.89329528808594
2014-12-16,198.5800018310547,197.91000366210938,162.5789337158203
2014-12-17,198.44000244140625,201.7899932861328,165.76625061035156
2014-12-18,204.74000549316406,206.77999877929688,169.8654022216797
2014-12-19,206.42999267578125,206.52000427246094,170.58822631835938
2014-12-22,206.75,207.47000122070312,171.37294006347656
2014-12-23,208.1699981689453,207.75,171.60421752929688
2014-12-24,208.02000427246094,207.77000427246094,171.62069702148438
2014-12-26,208.30999755859375,208.44000244140625,172.17416381835938
2014-12-29,208.22000122070312,208.72000122070312,172.40541076660156
2014-12-30,208.2100067138672,207.60000610351562,171.48025512695312
2014-12-31,207.99000549316406,205.5399932861328,169.77871704101562
2015-01-02,206.3800048828125,205.42999267578125,169.6878662109375
2015-01-05,204.1699981689453,201.72000122070312,166.6233367919922
2015-01-06,202.08999633789062,199.82000732421875,165.05389404296875
2015-01-07,201.4199981689453,202.30999755859375,167.1106719970703
2015-01-08,204.00999450683594,205.89999389648438,170.0761260986328
2015-01-09,206.39999389648438,204.25,168.71316528320312
2015-01-12,204.41000366210938,202.64999389648438,167.3915252685547
2015-01-13,204.1199951171875,202.0800018310547,166.92076110839844
2015-01-14,199.64999389648438,200.86000061035156,165.91297912597656
2015-01-15,201.6300048828125,199.02000427246094,164.39312744140625
2015-01-16,198.77000427246094,201.6300048828125,166.54901123046875
2015-01-20,202.39999389648438,202.05999755859375,166.90419006347656
2015-01-21,201.5,203.0800018310547,167.74668884277344
2015-01-22,203.99000549316406,206.10000610351562,170.24131774902344
2015-01-23,205.7899932861328,204.97000122070312,169.3079071044922
2015-01-26,204.7100067138672,205.4499969482422,169.70437622070312
2015-01-27,202.97000122070312,202.74000549316406,167.4658660888672
2015-01-28,204.1699981689453,200.13999938964844,165.31825256347656
2015-01-29,200.3800048828125,201.99000549316406,166.84637451171875
2015-01-30,200.57000732421875,199.4499969482422,164.74826049804688
2015-02-02,200.0500030517578,201.9199981689453,166.7885284423828
2015-02-03,203.0,204.83999633789062,169.200439453125
2015-02-04,203.9199981689453,204.05999755859375,168.5562744140625
2015-02-05,204.86000061035156,206.1199951171875,170.25775146484375
2015-02-06,206.55999755859375,205.5500030517578,169.78700256347656
2015-02-09,204.77000427246094,204.6300048828125,169.02703857421875
2015-02-10,205.8800048828125,206.80999755859375,170.8277130126953
2015-02-11,206.61000061035156,206.92999267578125,170.92686462402344
2015-02-12,207.88999938964844,208.9199981689453,172.57057189941406
2015-02-13,209.07000732421875,209.77999877929688,173.28103637695312
2015-02-17,209.39999389648438,210.11000061035156,173.5535888671875
2015-02-18,209.66000366210938,210.1300048828125,173.57005310058594
2015-02-19,209.41000366210938,209.97999572753906,173.44619750976562
2015-02-20,209.47999572753906,211.24000549316406,174.4870147705078
2015-02-23,210.94000244140625,211.2100067138672,174.4622039794922
2015-02-24,211.1199951171875,211.80999755859375,174.9578399658203
2015-02-25,211.66000366210938,211.6300048828125,174.8091583251953
2015-02-26,211.52000427246094,211.3800048828125,174.6027069091797
2015-02-27,211.25999450683594,210.66000366210938,174.00791931152344
2015-03-02,210.77999877929688,211.99000549316406,175.10643005371094
2015-03-03,211.47000122070312,211.1199951171875,174.38787841796875
2015-03-04,210.39999389648438,210.22999572753906,173.6527099609375
2015-03-05,210.6199951171875,210.4600067138672,173.84268188476562
2015-03-06,209.4199981689453,207.5,171.39767456054688
2015-03-09,207.74000549316406,208.36000061035156,172.10804748535156
2015-03-10,206.7100067138672,204.97999572753906,169.31614685058594
2015-03-11,205.2899932861328,204.5,168.91964721679688
2015-03-12,205.25999450683594,207.10000610351562,171.06729125976562
2015-03-13,206.77000427246094,205.8300018310547,170.01824951171875
2015-03-16,206.7100067138672,208.5800018310547,172.289794921875
2015-03-17,207.69000244140625,207.9600067138672,171.7776641845703
2015-03-18,207.38999938964844,210.4600067138672,173.84268188476562
2015-03-19,209.9600067138672,209.5,173.0496826171875
2015-03-20,209.7100067138672,210.41000366210938,174.57717895507812
2015-03-23,210.4199981689453,210.0,174.23695373535156
2015-03-24,209.85000610351562,208.82000732421875,173.2579803466797
2015-03-25,209.07000732421875,205.75999450683594,170.7190399169922
2015-03-26,204.9600067138672,205.27000427246094,170.3125457763672
2015-03-27,205.1300048828125,205.74000549316406,170.70245361328125
2015-03-30,206.97999572753906,208.25,172.7850799560547
2015-03-31,207.25999450683594,206.42999267578125,171.27496337890625
2015-04-01,206.38999938964844,205.6999969482422,170.6693878173828
2015-04-02,205.6199951171875,206.44000244140625,171.2833251953125
2015-04-06,205.3699951171875,207.8300018310547,172.43661499023438
2015-04-07,207.86000061035156,207.27999877929688,171.980224609375
2015-04-08,207.5500030517578,207.97999572753906,172.56105041503906
2015-04-09,207.77999877929688,208.89999389648438,173.3243408203125
2015-04-10,209.1999969482422,210.0399932861328,174.27023315429688
2015-04-13,209.8699951171875,209.08999633789062,173.48194885253906
2015-04-14,208.85000610351562,209.49000549316406,173.81390380859375
2015-04-15,210.0500030517578,210.42999267578125,174.59376525878906
2015-04-16,210.02999877929688,210.3699951171875,174.54403686523438
2015-04-17,208.94000244140625,207.9499969482422,172.5361785888672
2015-04-20,209.05999755859375,209.85000610351562,174.112548828125
2015-04-21,210.6699981689453,209.60000610351562,173.90513610839844
2015-04-22,210.00999450683594,210.6300048828125,174.75975036621094
2015-04-23,210.14999389648438,211.16000366210938,175.19949340820312
2015-04-24,211.66000366210938,211.64999389648438,175.60606384277344
2015-04-27,212.3300018310547,210.77000427246094,174.87586975097656
2015-04-28,210.74000549316406,211.44000244140625,175.4318084716797
2015-04-29,210.3699951171875,210.57000732421875,174.70993041992188
2015-04-30,209.8800048828125,208.4600067138672,172.95933532714844
2015-05-01,209.39999389648438,210.72000122070312,174.83441162109375
2015-05-04,211.22999572753906,211.32000732421875,175.33224487304688
2015-05-05,211.02999877929688,208.89999389648438,173.3243408203125
2015-05-06,209.55999755859375,208.0399932861328,172.6107940673828
2015-05-07,207.9199981689453,208.8699951171875,173.29940795898438
2015-05-08,210.8800048828125,211.6199951171875,175.5811309814453
2015-05-11,211.57000732421875,210.61000061035156,174.74313354492188
2015-05-12,209.61000061035156,209.97999572753906,174.22044372558594
2015-05-13,210.47000122070312,210.02000427246094,174.253662109375
2015-05-14,211.24000549316406,212.2100067138672,176.07070922851562
2015-05-15,212.44000244140625,212.44000244140625,176.26148986816406
2015-05-18,212.24000549316406,213.10000610351562,176.80909729003906
2015-05-19,213.24000549316406,213.02999877929688,176.7510223388672
2015-05-20,213.14999389648438,212.8800048828125,176.62655639648438
2015-05-21,212.7100067138672,213.5,177.14100646972656
2015-05-22,213.0399932861328,212.99000549316406,176.7178497314453
2015-05-26,212.39999389648438,210.6999969482422,174.81781005859375
2015-05-27,211.25,212.6999969482422,176.4772186279297
2015-05-28,212.3300018310547,212.4600067138672,176.2781219482422
2015-05-29,212.3800048828125,211.13999938964844,175.18289184570312
2015-06-01,211.94000244140625,211.57000732421875,175.53964233398438
2015-06-02,211.02000427246094,211.36000061035156,175.36541748046875
2015-06-03,212.0,211.9199981689453,175.83006286621094
2015-06-04,211.07000732421875,210.1300048828125,174.3448486328125
2015-06-05,209.9499969482422,209.77000427246094,174.04624938964844
2015-06-08,209.63999938964844,208.47999572753906,172.97584533691406
2015-06-09,208.4499969482422,208.4499969482422,172.95101928710938
2015-06-10,209.3699951171875,210.9499969482422,175.02523803710938
2015-06-11,211.47999572753906,211.6300048828125,175.58946228027344
2015-06-12,210.63999938964844,210.00999450683594,174.2452850341797
2015-06-15,208.63999938964844,209.11000061035156,173.49856567382812
2015-06-16,208.92999267578125,210.25,174.44442749023438
2015-06-17,210.58999633789062,210.58999633789062,174.7265625
2015-06-18,211.30999755859375,212.77999877929688,176.5435333251953
2015-06-19,211.4600067138672,210.80999755859375,175.7599334716797
2015-06-22,211.91000366210938,211.88999938964844,176.6603546142578
2015-06-23,212.13999938964844,212.0399932861328,176.7853546142578
2015-06-24,211.72000122070312,210.5,175.50144958496094
2015-06-25,211.10000610351562,209.86000061035156,174.96783447265625
2015-06-26,210.2899932861328,209.82000732421875,174.93446350097656
2015-06-29,208.0500030517578,205.4199981689453,171.2660675048828
2015-06-30,207.25999450683594,205.85000610351562,171.62454223632812
2015-07-01,207.72999572753906,207.5,173.000244140625
2015-07-02,208.07000732421875,207.30999755859375,172.84182739257812
2015-07-06,205.77000427246094,206.72000122070312,172.34986877441406
2015-07-07,206.9600067138672,208.02000427246094,173.4337615966797
2015-07-08,206.4199981689453,204.52999877929688,170.52403259277344
2015-07-09,207.0399932861328,204.89999389648438,170.8324737548828
2015-07-10,207.2899932861328,207.47999572753906,172.98358154296875
2015-07-13,208.99000549316406,209.77000427246094,174.89280700683594
2015-07-14,209.72000122070312,210.67999267578125,175.6514892578125
2015-07-15,210.72999572753906,210.61000061035156,175.5931396484375
2015-07-16,211.8699951171875,212.3000030517578,177.00222778320312
2015-07-17,212.2899932861328,212.47999572753906,177.15220642089844
2015-07-20,212.75,212.58999633789062,177.24392700195312
2015-07-21,212.42999267578125,211.75,176.54354858398438
2015-07-22,210.92999267578125,211.3699951171875,176.22679138183594
2015-07-23,211.52999877929688,210.17999267578125,175.23460388183594
2015-07-24,210.3000030517578,208.0,173.4171142578125
2015-07-27,206.94000244140625,206.7899932861328,172.40818786621094
2015-07-28,207.7899932861328,209.3300018310547,174.52598571777344
2015-07-29,209.47999572753906,210.77000427246094,175.7265625
2015-07-30,210.16000366210938,210.82000732421875,175.76821899414062
2015-07-31,211.4199981689453,210.5,175.50144958496094
2015-08-03,210.4600067138672,209.7899932861328,174.9094696044922
2015-08-04,209.6999969482422,209.3800048828125,174.56765747070312
2015-08-05,210.4499969482422,210.07000732421875,175.14295959472656
2015-08-06,210.2899932861328,208.35000610351562,173.70892333984375
2015-08-07,208.16000366210938,207.9499969482422,173.37542724609375
2015-08-10,209.27999877929688,210.57000732421875,175.55975341796875
2015-08-11,208.97000122070312,208.6699981689453,173.97572326660156
2015-08-12,207.11000061035156,208.9199981689453,174.18409729003906
2015-08-13,208.72999572753906,208.66000366210938,173.96734619140625
2015-08-14,208.42999267578125,209.4199981689453,174.60098266601562
2015-08-17,208.7100067138672,210.58999633789062,175.5764617919922
2015-08-18,210.25999450683594,209.97999572753906,175.06787109375
2015-08-19,209.08999633789062,208.32000732421875,173.6838836669922
2015-08-20,206.50999450683594,203.97000122070312,170.05715942382812
2015-08-21,201.72999572753906,197.8300018310547,164.9379119873047
2015-08-24,187.49000549316406,189.5,157.9929656982422
2015-08-25,195.42999267578125,187.27000427246094,156.1337432861328
2015-08-26,192.0800018310547,194.4600067138672,162.1282958984375
2015-08-27,197.02000427246094,199.27000427246094,166.1385955810547
2015-08-28,198.5,199.27999877929688,166.14691162109375
2015-08-31,198.11000061035156,197.6699981689453,164.80459594726562
2015-09-01,193.1199951171875,191.77000427246094,159.88552856445312
2015-09-02,194.6199951171875,195.41000366210938,162.9203643798828
2015-09-03,196.25999450683594,195.5500030517578,163.03709411621094
2015-09-04,192.85000610351562,192.58999633789062,160.56922912597656
2015-09-08,195.94000244140625,197.42999267578125,164.60450744628906
2015-09-09,199.32000732421875,194.7899932861328,162.40341186523438
2015-09-10,194.55999755859375,195.85000610351562,163.2871856689453
2015-09-11,195.3800048828125,196.74000549316406,164.02923583984375
2015-09-14,196.9499969482422,196.00999450683594,163.4205780029297
2015-09-15,196.61000061035156,198.4600067138672,165.46324157714844
2015-09-16,198.82000732421875,200.17999267578125,166.89723205566406
2015-09-17,200.02000427246094,199.72999572753906,166.52206420898438
2015-09-18,195.7100067138672,195.4499969482422,163.80087280273438
2015-09-21,196.44000244140625,196.4600067138672,164.64732360839844
2015-09-22,193.8800048828125,193.91000366210938,162.51025390625
2015-09-23,194.11000061035156,193.60000610351562,162.25042724609375
2015-09-24,192.14999389648438,192.89999389648438,161.6637725830078
2015-09-25,194.63999938964844,192.85000610351562,161.62191772460938
2015-09-28,191.77999877929688,188.00999450683594,157.56564331054688
2015-09-29,188.27000427246094,188.1199951171875,157.65782165527344
2015-09-30,190.3699951171875,191.6300048828125,160.5994415283203
2015-10-01,192.0800018310547,192.1300048828125,161.01849365234375
2015-10-02,189.77000427246094,195.0,163.42372131347656
2015-10-05,196.4600067138672,198.47000122070312,166.33184814453125
2015-10-06,198.30999755859375,197.7899932861328,165.76194763183594
2015-10-07,198.89999389648438,199.41000366210938,167.11962890625
2015-10-08,198.9499969482422,201.2100067138672,168.62815856933594
2015-10-09,201.3800048828125,201.3300018310547,168.728759765625
2015-10-12,201.4199981689453,201.52000427246094,168.887939453125
2015-10-13,200.64999389648438,200.25,167.8236083984375
2015-10-14,200.17999267578125,199.2899932861328,167.01902770996094
2015-10-15,200.0800018310547,202.35000610351562,169.58349609375
2015-10-16,202.8300018310547,203.27000427246094,170.35458374023438
2015-10-19,202.5,203.3699951171875,170.43838500976562
2015-10-20,202.85000610351562,203.11000061035156,170.22048950195312
2015-10-21,203.61000061035156,201.85000610351562,169.16455078125
2015-10-22,202.97999572753906,205.25999450683594,172.0222930908203
2015-10-23,207.25,207.50999450683594,173.90802001953125
2015-10-26,207.3000030517578,207.0,173.4805908203125
2015-10-27,206.1999969482422,206.60000610351562,173.14537048339844
2015-10-28,207.0,208.9499969482422,175.11476135253906
2015-10-29,208.35000610351562,208.8300018310547,175.0142822265625
2015-10-30,209.05999755859375,207.92999267578125,174.25994873046875
2015-11-02,208.32000732421875,210.38999938964844,176.3216552734375
2015-11-03,209.97000122070312,211.0,176.8328857421875
2015-11-04,211.35000610351562,210.36000061035156,176.2965087890625
2015-11-05,210.42999267578125,210.14999389648438,176.1204833984375
2015-11-06,209.74000549316406,210.0399932861328,176.0283203125
2015-11-09,209.30999755859375,208.0800018310547,174.38571166992188
2015-11-10,207.50999450683594,208.55999755859375,174.78799438476562
2015-11-11,208.8800048828125,207.74000549316406,174.10072326660156
2015-11-12,206.5,204.83999633789062,171.6703338623047
2015-11-13,204.35000610351562,202.5399932861328,169.74281311035156
2015-11-16,202.32000732421875,205.6199951171875,172.32408142089844
2015-11-17,205.99000549316406,205.47000122070312,172.1983642578125
2015-11-18,206.0399932861328,208.72999572753906,174.93045043945312
2015-11-19,208.58999633789062,208.5500030517578,174.77964782714844
2015-11-20,209.4499969482422,209.30999755859375,175.41647338867188
2015-11-23,209.3800048828125,209.07000732421875,175.2153778076172
2015-11-24,207.8699951171875,209.35000610351562,175.45008850097656
2015-11-25,209.5,209.32000732421875,175.42494201660156
2015-11-27,209.42999267578125,209.55999755859375,175.6260223388672
2015-11-30,209.75,208.69000244140625,174.8969268798828
2015-12-01,209.44000244140625,210.67999267578125,176.56468200683594
2015-12-02,210.6199951171875,208.52999877929688,174.76280212402344
2015-12-03,208.8300018310547,205.61000061035156,172.31568908691406
2015-12-04,205.61000061035156,209.6199951171875,175.6763153076172
2015-12-07,209.22999572753906,208.35000610351562,174.6119842529297
2015-12-08,206.49000549316406,206.9499969482422,173.43869018554688
2015-12-09,206.19000244140625,205.33999633789062,172.08937072753906
2015-12-10,205.4199981689453,205.8699951171875,172.5335693359375
2015-12-11,203.35000610351562,201.8800048828125,169.1896514892578
2015-12-14,202.07000732421875,202.89999389648438,170.04444885253906
2015-12-15,204.6999969482422,205.02999877929688,171.82958984375
2015-12-16,206.3699951171875,208.02999877929688,174.3437957763672
2015-12-17,208.39999389648438,204.86000061035156,171.6870880126953
2015-12-18,202.77000427246094,200.02000427246094,168.6284637451172
2015-12-21,201.41000366210938,201.6699981689453,170.01947021484375
2015-12-22,202.72000122070312,203.5,171.56234741210938
2015-12-23,204.69000244140625,206.02000427246094,173.6868133544922
2015-12-24,205.72000122070312,205.67999267578125,173.40020751953125
2015-12-28,204.86000061035156,205.2100067138672,173.0039825439453
2015-12-29,206.50999450683594,207.39999389648438,174.85028076171875
2015-12-30,207.11000061035156,205.92999267578125,173.61094665527344
2015-12-31,205.1300048828125,203.8699951171875,171.8742218017578
2016-01-04,200.49000549316406,201.02000427246094,169.47152709960938
2016-01-05,201.39999389648438,201.36000061035156,169.75820922851562
2016-01-06,198.33999633789062,198.82000732421875,167.6168670654297
2016-01-07,195.3300018310547,194.0500030517578,163.59542846679688
2016-01-08,195.19000244140625,191.9199981689453,161.79969787597656
2016-01-11,193.00999450683594,192.11000061035156,161.9599151611328
2016-01-12,193.82000732421875,193.66000366210938,163.2666015625
2016-01-13,194.4499969482422,188.8300018310547,159.1947021484375
2016-01-14,189.5500030517578,191.92999267578125,161.80813598632812
2016-01-15,186.77000427246094,187.80999755859375,158.33477783203125
2016-01-19,189.9600067138672,188.05999755859375,158.5454864501953
2016-01-20,185.02999877929688,185.64999389648438,156.51377868652344
2016-01-21,186.2100067138672,186.69000244140625,157.39051818847656
2016-01-22,189.77999877929688,190.52000427246094,160.61944580078125
2016-01-25,189.9199981689453,187.63999938964844,158.19143676757812
2016-01-26,188.4199981689453,190.1999969482422,160.34963989257812
2016-01-27,189.5800018310547,188.1300048828125,158.60458374023438
2016-01-28,189.9600067138672,189.11000061035156,159.43069458007812
2016-01-29,190.02000427246094,193.72000122070312,163.31723022460938
2016-02-01,192.52999877929688,193.64999389648438,163.25820922851562
2016-02-02,191.9600067138672,190.16000366210938,160.31593322753906
2016-02-03,191.41000366210938,191.3000030517578,161.2770233154297
2016-02-04,190.7100067138672,191.60000610351562,161.52992248535156
2016-02-05,190.99000549316406,187.9499969482422,158.45277404785156
2016-02-08,185.77000427246094,185.4199981689453,156.31980895996094
2016-02-09,183.36000061035156,185.42999267578125,156.32826232910156
2016-02-10,186.41000366210938,185.27000427246094,156.193359375
2016-02-11,182.33999633789062,182.86000061035156,154.16163635253906
2016-02-12,184.9600067138672,186.6300048828125,157.33995056152344
2016-02-16,188.77000427246094,189.77999877929688,159.99557495117188
2016-02-17,191.16000366210938,192.8800048828125,162.60911560058594
2016-02-18,193.1999969482422,192.08999633789062,161.94302368164062
2016-02-19,191.1699981689453,192.0,161.86715698242188
2016-02-22,193.8699951171875,194.77999877929688,164.21084594726562
2016-02-23,194.0,192.32000732421875,162.13690185546875
2016-02-24,190.6300048828125,193.1999969482422,162.87884521484375
2016-02-25,193.72999572753906,195.5399932861328,164.85157775878906
2016-02-26,196.57000732421875,195.08999633789062,164.47219848632812
2016-02-29,195.11000061035156,193.55999755859375,163.18234252929688
2016-03-01,195.00999450683594,198.11000061035156,167.01828002929688
2016-03-02,197.74000549316406,199.0,167.76852416992188
2016-03-03,198.7899932861328,199.77999877929688,168.42620849609375
2016-03-04,200.00999450683594,200.42999267578125,168.97415161132812
2016-03-07,199.33999633789062,200.58999633789062,169.1090545654297
2016-03-08,199.32000732421875,198.39999389648438,167.26278686523438
2016-03-09,199.36000061035156,199.3800048828125,168.08892822265625
2016-03-10,199.9600067138672,199.5399932861328,168.2238006591797
2016-03-11,201.25999450683594,202.75999450683594,170.9384765625
2016-03-14,202.16000366210938,202.5,170.71925354003906
2016-03-15,201.36000061035156,202.1699981689453,170.44102478027344
2016-03-16,201.60000610351562,203.33999633789062,171.4274444580078
2016-03-17,203.24000549316406,204.6300048828125,172.5149688720703
2016-03-18,204.1699981689453,204.3800048828125,173.1929168701172
2016-03-21,204.07000732421875,204.6699981689453,173.4386749267578
2016-03-22,203.75999450683594,204.55999755859375,173.345458984375
2016-03-23,204.11000061035156,203.2100067138672,172.2014923095703
2016-03-24,202.0,203.1199951171875,172.1251983642578
2016-03-28,203.61000061035156,203.24000549316406,172.2269287109375
2016-03-29,202.75999450683594,205.1199951171875,173.8200225830078
2016-03-30,206.3000030517578,206.02000427246094,174.5826416015625
2016-03-31,205.91000366210938,205.52000427246094,174.15896606445312
2016-04-01,204.35000610351562,206.9199981689453,175.34530639648438
2016-04-04,206.8300018310547,206.25,174.7775421142578
2016-04-05,204.6699981689453,204.19000244140625,173.03192138671875
2016-04-06,204.19000244140625,206.4199981689453,174.921630859375
2016-04-07,205.13999938964844,203.9499969482422,172.8285369873047
2016-04-08,205.33999633789062,204.5,173.29461669921875
2016-04-11,205.25,204.02000427246094,172.8878631591797
2016-04-12,204.22000122070312,205.9199981689453,174.4979248046875
2016-04-13,207.0,208.0,176.26052856445312
2016-04-14,208.07000732421875,208.00999450683594,176.2689666748047
2016-04-15,208.00999450683594,207.77999877929688,176.07408142089844
2016-04-18,207.77999877929688,209.24000549316406,177.311279296875
2016-04-19,209.74000549316406,209.89999389648438,177.8705596923828
2016-04-20,209.9499969482422,210.10000610351562,178.04010009765625
2016-04-21,210.1199951171875,208.97000122070312,177.08250427246094
2016-04-22,208.5500030517578,208.97000122070312,177.08250427246094
2016-04-25,208.25999450683594,208.61000061035156,176.7774658203125
2016-04-26,209.0399932861328,208.9199981689453,177.04017639160156
2016-04-27,208.47000122070312,209.35000610351562,177.40451049804688
2016-04-28,208.4600067138672,207.4499969482422,175.79443359375
2016-04-29,206.72000122070312,206.3300018310547,174.8453369140625
2016-05-02,206.9199981689453,207.97000122070312,176.23507690429688
2016-05-03,206.52000427246094,206.16000366210938,174.70130920410156
2016-05-04,204.99000549316406,205.00999450683594,173.7267303466797
2016-05-05,205.55999755859375,204.97000122070312,173.69293212890625
2016-05-06,204.05999755859375,205.72000122070312,174.3284149169922
2016-05-09,205.57000732421875,205.88999938964844,174.47256469726562
2016-05-10,206.72000122070312,208.4499969482422,176.64186096191406
2016-05-11,207.91000366210938,206.5,174.98941040039062
2016-05-12,207.2899932861328,206.55999755859375,175.04017639160156
2016-05-13,206.2100067138672,204.75999450683594,173.51492309570312
2016-05-16,204.9600067138672,206.77999877929688,175.2266845703125
2016-05-17,206.4600067138672,204.85000610351562,173.5911865234375
2016-05-18,204.44000244140625,204.91000366210938,173.64207458496094
2016-05-19,204.05999755859375,204.1999969482422,173.04037475585938
2016-05-20,204.9199981689453,205.49000549316406,174.13352966308594
2016-05-23,205.50999450683594,205.2100067138672,173.89627075195312
2016-05-24,206.1699981689453,207.8699951171875,176.1503448486328
2016-05-25,208.6699981689453,209.27999877929688,177.34519958496094
2016-05-26,209.44000244140625,209.33999633789062,177.3960418701172
2016-05-27,209.52999877929688,210.24000549316406,178.15870666503906
2016-05-31,210.55999755859375,209.83999633789062,177.81973266601562
2016-06-01,209.1199951171875,210.27000427246094,178.18414306640625
2016-06-02,209.8000030517578,210.91000366210938,178.72650146484375
2016-06-03,210.25,210.27999877929688,178.19265747070312
2016-06-06,210.6999969482422,211.35000610351562,179.0992889404297
2016-06-07,211.52999877929688,211.67999267578125,179.37899780273438
2016-06-08,211.83999633789062,212.3699951171875,179.9636993408203
2016-06-09,211.50999450683594,212.0800018310547,179.7179718017578
2016-06-10,210.4600067138672,210.07000732421875,178.01467895507812
2016-06-13,209.36000061035156,208.4499969482422,176.64186096191406
2016-06-14,208.0,208.0399932861328,176.29441833496094
2016-06-15,208.0399932861328,207.75,176.04869079589844
2016-06-16,207.75,208.3699951171875,176.5740966796875
2016-06-17,207.1699981689453,206.52000427246094,175.9164581298828
2016-06-20,208.82000732421875,207.85000610351562,177.0493621826172
2016-06-21,208.3000030517578,208.44000244140625,177.55198669433594
2016-06-22,208.64999389648438,208.10000610351562,177.26229858398438
2016-06-23,209.80999755859375,210.80999755859375,179.5707244873047
2016-06-24,203.6300048828125,203.24000549316406,173.12255859375
2016-06-27,201.58999633789062,199.60000610351562,170.02197265625
2016-06-28,201.47999572753906,203.1999969482422,173.0884552001953
2016-06-29,204.83999633789062,206.66000366210938,176.03570556640625
2016-06-30,207.2100067138672,209.47999572753906,178.43783569335938
2016-07-01,209.47999572753906,209.9199981689453,178.81265258789062
2016-07-05,208.9499969482422,208.41000366210938,177.52633666992188
2016-07-06,207.8300018310547,209.66000366210938,178.59117126464844
2016-07-07,209.8699951171875,209.52999877929688,178.48043823242188
2016-07-08,211.0500030517578,212.64999389648438,181.13803100585938
2016-07-11,213.19000244140625,213.39999389648438,181.77691650390625
2016-07-12,214.52999877929688,214.9499969482422,183.0972442626953
2016-07-13,215.44000244140625,214.9199981689453,183.0717010498047
2016-07-14,216.39999389648438,216.1199951171875,184.09385681152344
2016-07-15,216.77999877929688,215.8300018310547,183.84690856933594
2016-07-18,215.97000122070312,216.41000366210938,184.3408966064453
2016-07-19,215.9199981689453,216.19000244140625,184.15350341796875
2016-07-20,216.19000244140625,217.08999633789062,184.9201202392578
2016-07-21,216.9600067138672,216.27000427246094,184.2216796875
2016-07-22,216.41000366210938,217.24000549316406,185.04788208007812
2016-07-25,217.0,216.64999389648438,184.5452880859375
2016-07-26,216.52999877929688,216.75,184.63052368164062
2016-07-27,217.19000244140625,216.52000427246094,184.43463134765625
2016-07-28,216.2899932861328,216.77000427246094,184.64756774902344
2016-07-29,216.4600067138672,217.1199951171875,184.9456787109375
2016-08-01,217.19000244140625,216.94000244140625,184.79238891601562
2016-08-02,216.64999389648438,215.5500030517578,183.60836791992188
2016-08-03,215.47999572753906,216.17999267578125,184.14495849609375
2016-08-04,216.30999755859375,216.41000366210938,184.3408966064453
2016-08-05,216.41000366210938,218.17999267578125,185.84861755371094
2016-08-08,218.39999389648438,218.0500030517578,185.73789978027344
2016-08-09,218.1300048828125,218.17999267578125,185.84861755371094
2016-08-10,218.30999755859375,217.63999938964844,185.38861083984375
2016-08-11,218.25999450683594,218.64999389648438,186.2489471435547
2016-08-12,218.2899932861328,218.4600067138672,186.08706665039062
2016-08-15,218.88999938964844,219.08999633789062,186.62374877929688
2016-08-16,218.60000610351562,217.9600067138672,185.66122436523438
2016-08-17,218.0,218.3699951171875,186.01039123535156
2016-08-18,218.33999633789062,218.86000061035156,186.42779541015625
2016-08-19,218.30999755859375,218.5399932861328,186.15524291992188
2016-08-22,218.25999450683594,218.52999877929688,186.146728515625
2016-08-23,219.25,218.97000122070312,186.52154541015625
2016-08-24,218.8000030517578,217.85000610351562,185.56748962402344
2016-08-25,217.39999389648438,217.6999969482422,185.4397430419922
2016-08-26,217.9199981689453,217.2899932861328,185.0904998779297
2016-08-29,217.44000244140625,218.36000061035156,186.00198364257812
2016-08-30,218.25999450683594,218.0,185.69529724121094
2016-08-31,217.61000061035156,217.3800048828125,185.16720581054688
2016-09-01,217.3699951171875,217.38999938964844,185.1756591796875
2016-09-02,218.38999938964844,218.3699951171875,186.01039123535156
2016-09-06,218.6999969482422,219.02999877929688,186.5726318359375
2016-09-07,218.83999633789062,219.00999450683594,186.5556182861328
2016-09-08,218.6199951171875,218.50999450683594,186.1297149658203
2016-09-09,216.97000122070312,213.27999877929688,181.67469787597656
2016-09-12,212.38999938964844,216.33999633789062,184.28128051757812
2016-09-13,214.83999633789062,213.22999572753906,181.63206481933594
2016-09-14,213.2899932861328,213.14999389648438,181.5639190673828
2016-09-15,212.9600067138672,215.27999877929688,183.3783416748047
2016-09-16,213.47999572753906,213.3699951171875,182.6694793701172
2016-09-19,214.1300048828125,213.41000366210938,182.70372009277344
2016-09-20,214.41000366210938,213.4199981689453,182.71231079101562
2016-09-21,214.24000549316406,215.82000732421875,184.76693725585938
2016-09-22,217.0,217.17999267578125,185.93128967285156
2016-09-23,216.72000122070312,215.99000549316406,184.9124755859375
2016-09-26,215.02000427246094,214.24000549316406,183.4142608642578
2016-09-27,214.0500030517578,215.57000732421875,184.552978515625
2016-09-28,215.8300018310547,216.63999938964844,185.46897888183594
2016-09-29,216.39999389648438,214.67999267578125,183.7909698486328
2016-09-30,215.64999389648438,216.3000030517578,185.17787170410156
2016-10-03,215.82000732421875,215.77999877929688,184.7327117919922
2016-10-04,215.91000366210938,214.67999267578125,183.7909698486328
2016-10-05,215.41000366210938,215.6300048828125,184.6042938232422
2016-10-06,215.3699951171875,215.77999877929688,184.7327117919922
2016-10-07,216.10000610351562,215.0399932861328,184.09918212890625
2016-10-10,216.16000366210938,216.16000366210938,185.05804443359375
2016-10-11,215.66000366210938,213.42999267578125,182.72085571289062
2016-10-12,213.58999633789062,213.7100067138672,182.9605712890625
2016-10-13,212.16000366210938,213.00999450683594,182.36131286621094
2016-10-14,214.14999389648438,213.1199951171875,182.4554443359375
2016-10-17,213.08999633789062,212.3800048828125,181.82196044921875
2016-10-18,214.24000549316406,213.7100067138672,182.9605712890625
2016-10-19,214.02000427246094,214.27999877929688,183.44850158691406
2016-10-20,213.8699951171875,213.8800048828125,183.10610961914062
2016-10-21,213.8800048828125,213.97999572753906,183.19168090820312
2016-10-24,215.0,214.88999938964844,183.9707794189453
2016-10-25,214.67999267578125,214.1699981689453,183.35438537597656
2016-10-26,213.2100067138672,213.74000549316406,182.98626708984375
2016-10-27,214.5800018310547,213.1699981689453,182.49826049804688
2016-10-28,213.13999938964844,212.5399932861328,181.95892333984375
2016-10-31,212.92999267578125,212.5500030517578,181.96746826171875
2016-11-01,212.92999267578125,211.00999450683594,180.64901733398438
2016-11-02,210.64999389648438,209.74000549316406,179.56179809570312
2016-11-03,209.99000549316406,208.77999877929688,178.73995971679688
2016-11-04,208.91000366210938,208.5500030517578,178.54296875
2016-11-07,208.5500030517578,213.14999389648438,182.48110961914062
2016-11-08,212.69000244140625,214.11000061035156,183.30303955078125
2016-11-09,212.3699951171875,216.3800048828125,185.24635314941406
2016-11-10,217.3000030517578,216.9199981689453,185.70867919921875
2016-11-11,216.0800018310547,216.4199981689453,185.28062438964844
2016-11-14,217.02999877929688,216.58999633789062,185.4262237548828
2016-11-15,217.0399932861328,218.27999877929688,186.87303161621094
2016-11-16,217.55999755859375,217.8699951171875,186.52198791503906
2016-11-17,218.0500030517578,218.99000549316406,187.48085021972656
2016-11-18,219.07000732421875,218.5,187.0613555908203
2016-11-21,219.1699981689453,220.14999389648438,188.4739532470703
2016-11-22,220.50999450683594,220.5800018310547,188.8420867919922
2016-11-23,219.97999572753906,220.6999969482422,188.94480895996094
2016-11-25,221.10000610351562,221.52000427246094,189.64683532714844
2016-11-28,221.16000366210938,220.47999572753906,188.75648498535156
2016-11-29,220.52000427246094,220.91000366210938,189.1245574951172
2016-11-30,221.6300048828125,220.3800048828125,188.6708526611328
2016-12-01,220.72999572753906,219.57000732421875,187.9774169921875
2016-12-02,219.6699981689453,219.67999267578125,188.0715789794922
2016-12-05,220.64999389648438,221.0,189.20164489746094
2016-12-06,221.22000122070312,221.6999969482422,189.80093383789062
2016-12-07,221.52000427246094,224.60000610351562,192.28366088867188
2016-12-08,224.57000732421875,225.14999389648438,192.7544708251953
2016-12-09,225.41000366210938,226.50999450683594,193.9188690185547
2016-12-12,226.39999389648438,226.25,193.6962432861328
2016-12-13,227.02000427246094,227.75999450683594,194.98899841308594
2016-12-14,227.41000366210938,225.8800048828125,193.37953186035156
2016-12-15,226.16000366210938,226.80999755859375,194.1756591796875
2016-12-16,226.00999450683594,225.0399932861328,193.79586791992188
2016-12-19,225.25,225.52999877929688,194.21786499023438
2016-12-20,226.14999389648438,226.39999389648438,194.96710205078125
2016-12-21,226.25,225.77000427246094,194.4246063232422
2016-12-22,225.60000610351562,225.3800048828125,194.0886993408203
2016-12-23,225.42999267578125,225.7100067138672,194.37289428710938
2016-12-27,226.02000427246094,226.27000427246094,194.8551483154297
2016-12-28,226.57000732421875,224.39999389648438,193.24478149414062
2016-12-29,224.47999572753906,224.35000610351562,193.20175170898438
2016-12-30,224.72999572753906,223.52999877929688,192.49554443359375
2017-01-03,225.0399932861328,225.24000549316406,193.96815490722656
2017-01-04,225.6199951171875,226.5800018310547,195.1221160888672
2017-01-05,226.27000427246094,226.39999389648438,194.96710205078125
2017-01-06,226.52999877929688,227.2100067138672,195.66465759277344
2017-01-09,226.91000366210938,226.4600067138672,195.01876831054688
2017-01-10,226.47999572753906,226.4600067138672,195.01876831054688
2017-01-11,226.36000061035156,227.10000610351562,195.56991577148438
2017-01-12,226.5,226.52999877929688,195.07904052734375
2017-01-13,226.72999572753906,227.0500030517578,195.52682495117188
2017-01-17,226.30999755859375,226.25,194.83787536621094
2017-01-18,226.5399932861328,226.75,195.26853942871094
2017-01-19,226.83999633789062,225.91000366210938,194.5451202392578
2017-01-20,226.6999969482422,226.74000549316406,195.2599334716797
2017-01-23,226.74000549316406,226.14999389648438,194.75180053710938
2017-01-24,226.39999389648438,227.60000610351562,196.0005340576172
2017-01-25,228.6999969482422,229.57000732421875,197.69700622558594
2017-01-26,229.39999389648438,229.3300018310547,197.4903106689453
2017-01-27,229.4199981689453,228.97000122070312,197.18031311035156
2017-01-30,228.1699981689453,227.5500030517578,195.95741271972656
2017-01-31,226.97999572753906,227.52999877929688,195.94024658203125
2017-02-01,227.52999877929688,227.6199951171875,196.01766967773438
2017-02-02,227.6199951171875,227.77000427246094,196.14691162109375
2017-02-03,228.82000732421875,229.33999633789062,197.4989013671875
2017-02-06,228.8699951171875,228.92999267578125,197.14581298828125
2017-02-07,229.3800048828125,228.94000244140625,197.15443420410156
2017-02-08,228.94000244140625,229.24000549316406,197.4127960205078
2017-02-09,229.24000549316406,230.60000610351562,198.58396911621094
2017-02-10,231.0,231.50999450683594,199.3675994873047
2017-02-13,232.0800018310547,232.77000427246094,200.45269775390625
2017-02-14,232.55999755859375,233.6999969482422,201.2535858154297
2017-02-15,233.4499969482422,234.9199981689453,202.30419921875
2017-02-16,234.9499969482422,234.72000122070312,202.13197326660156
2017-02-17,233.9499969482422,235.08999633789062,202.4505615234375
2017-02-21,235.52000427246094,236.49000549316406,203.65623474121094
2017-02-22,236.02000427246094,236.27999877929688,203.475341796875
2017-02-23,236.8800048828125,236.44000244140625,203.61314392089844
2017-02-24,235.4600067138672,236.74000549316406,203.87156677246094
2017-02-27,236.63999938964844,237.11000061035156,204.1901397705078
2017-02-28,236.6699981689453,236.47000122070312,203.63902282714844
2017-03-01,238.38999938964844,239.77999877929688,206.48939514160156
2017-03-02,239.55999755859375,238.27000427246094,205.1891326904297
2017-03-03,238.1699981689453,238.4199981689453,205.3182830810547
2017-03-06,237.5,237.7100067138672,204.70681762695312
2017-03-07,237.36000061035156,237.0,204.0953826904297
2017-03-08,237.33999633789062,236.55999755859375,203.71646118164062
2017-03-09,236.6999969482422,236.86000061035156,203.974853515625
2017-03-10,237.97000122070312,237.69000244140625,204.6896209716797
2017-03-13,237.6199951171875,237.80999755859375,204.79298400878906
2017-03-14,237.17999267578125,236.89999389648438,204.00930786132812
2017-03-15,237.55999755859375,238.9499969482422,205.77467346191406
2017-03-16,239.11000061035156,238.47999572753906,205.3699188232422
2017-03-17,237.75,237.02999877929688,205.00924682617188
2017-03-20,237.02999877929688,236.77000427246094,204.78439331054688
2017-03-21,237.47000122070312,233.72999572753906,202.15504455566406
2017-03-22,233.77000427246094,234.27999877929688,202.63075256347656
2017-03-23,234.27999877929688,234.02999877929688,202.41458129882812
2017-03-24,234.3800048828125,233.86000061035156,202.26751708984375
2017-03-27,231.92999267578125,233.6199951171875,202.05990600585938
2017-03-28,233.27000427246094,235.32000732421875,203.5303192138672
2017-03-29,234.99000549316406,235.5399932861328,203.72052001953125
2017-03-30,235.47000122070312,236.2899932861328,204.3692169189453
2017-03-31,235.89999389648438,235.74000549316406,203.8935089111328
2017-04-03,235.8000030517578,235.3300018310547,203.53890991210938
2017-04-04,235.0,235.47999572753906,203.66864013671875
2017-04-05,236.25999450683594,234.77999877929688,203.06324768066406
2017-04-06,234.94000244140625,235.44000244140625,203.6340789794922
2017-04-07,235.14999389648438,235.1999969482422,203.42645263671875
2017-04-10,235.36000061035156,235.33999633789062,203.547607421875
2017-04-11,234.89999389648438,235.05999755859375,203.3053741455078
2017-04-12,234.74000549316406,234.02999877929688,202.41458129882812
2017-04-13,233.63999938964844,232.50999450683594,201.09988403320312
2017-04-17,233.11000061035156,234.57000732421875,202.88160705566406
2017-04-18,233.72000122070312,233.8699951171875,202.27610778808594
2017-04-19,234.52000427246094,233.44000244140625,201.90420532226562
2017-04-20,234.14999389648438,235.33999633789062,203.547607421875
2017-04-21,235.25,234.58999633789062,202.8988494873047
2017-04-24,237.17999267578125,237.1699981689453,205.13037109375
2017-04-25,237.91000366210938,238.5500030517578,206.32394409179688
2017-04-26,238.50999450683594,238.39999389648438,206.19418334960938
2017-04-27,238.77000427246094,238.60000610351562,206.36715698242188
2017-04-28,238.89999389648438,238.0800018310547,205.91741943359375
2017-05-01,238.67999267578125,238.67999267578125,206.43637084960938
2017-05-02,238.83999633789062,238.77000427246094,206.51425170898438
2017-05-03,238.77000427246094,238.47999572753906,206.2633514404297
2017-05-04,238.8300018310547,238.75999450683594,206.50555419921875
2017-05-05,239.19000244140625,239.6999969482422,207.3185577392578
2017-05-08,239.75,239.66000366210938,207.28392028808594
2017-05-09,239.9600067138672,239.44000244140625,207.09365844726562
2017-05-10,239.38999938964844,239.8699951171875,207.46556091308594
2017-05-11,239.35000610351562,239.3800048828125,207.04180908203125
2017-05-12,239.08999633789062,238.97999572753906,206.6958465576172
2017-05-15,239.47000122070312,240.3000030517578,207.8375244140625
2017-05-16,240.63999938964844,240.0800018310547,207.64723205566406
2017-05-17,240.0800018310547,235.82000732421875,203.96273803710938
2017-05-18,235.72999572753906,236.77000427246094,204.78439331054688
2017-05-19,237.3300018310547,238.30999755859375,206.11631774902344
2017-05-22,238.89999389648438,239.52000427246094,207.16285705566406
2017-05-23,239.9499969482422,240.0500030517578,207.62130737304688
2017-05-24,240.32000732421875,240.61000061035156,208.1056671142578
2017-05-25,241.1999969482422,241.75999450683594,209.10031127929688
2017-05-26,241.5399932861328,241.7100067138672,209.05703735351562
2017-05-30,241.33999633789062,241.5,208.87539672851562
2017-05-31,241.83999633789062,241.44000244140625,208.82357788085938
2017-06-01,241.97000122070312,243.36000061035156,210.48414611816406
2017-06-02,243.4199981689453,244.1699981689453,211.18470764160156
2017-06-05,243.97000122070312,243.99000549316406,211.02903747558594
2017-06-06,243.33999633789062,243.2100067138672,210.35440063476562
2017-06-07,243.60000610351562,243.66000366210938,210.74365234375
2017-06-08,243.77000427246094,243.77999877929688,210.8473663330078
2017-06-09,244.08999633789062,243.41000366210938,210.5273895263672
2017-06-12,243.1300048828125,243.36000061035156,210.48414611816406
2017-06-13,243.97999572753906,244.5500030517578,211.51333618164062
2017-06-14,244.86000061035156,244.24000549316406,211.2452850341797
2017-06-15,242.67999267578125,243.77000427246094,210.8387451171875
2017-06-16,242.77000427246094,242.63999938964844,210.88482666015625
2017-06-19,243.58999633789062,244.66000366210938,212.6404571533203
2017-06-20,244.25,243.00999450683594,211.20640563964844
2017-06-21,243.4600067138672,242.9499969482422,211.1542205810547
2017-06-22,242.9600067138672,242.83999633789062,211.05862426757812
2017-06-23,242.91000366210938,243.1300048828125,211.3106689453125
2017-06-26,243.89999389648438,243.2899932861328,211.4497833251953
2017-06-27,243.0399932861328,241.3300018310547,209.74624633789062
2017-06-28,242.5,243.49000549316406,211.62355041503906
2017-06-29,243.66000366210938,241.35000610351562,209.76365661621094
2017-06-30,242.27999877929688,241.8000030517578,210.1547088623047
2017-07-03,242.8800048828125,242.2100067138672,210.5110321044922
2017-07-05,242.6300048828125,242.77000427246094,210.99781799316406
2017-07-06,241.88999938964844,240.5500030517578,209.06832885742188
2017-07-07,241.2100067138672,242.11000061035156,210.4242401123047
2017-07-10,242.11000061035156,242.3699951171875,210.65013122558594
2017-07-11,242.3699951171875,242.19000244140625,210.4936981201172
2017-07-12,243.3000030517578,244.00999450683594,212.07553100585938
2017-07-13,244.02000427246094,244.4199981689453,212.4318084716797
2017-07-14,244.4199981689453,245.55999755859375,213.42266845703125
2017-07-17,245.47000122070312,245.52999877929688,213.39657592773438
2017-07-18,245.05999755859375,245.66000366210938,213.50958251953125
2017-07-19,246.02000427246094,246.99000549316406,214.66554260253906
2017-07-20,247.27999877929688,247.10000610351562,214.76116943359375
2017-07-21,246.44000244140625,246.8800048828125,214.5699005126953
2017-07-24,246.7899932861328,246.82000732421875,214.51779174804688
2017-07-25,247.67999267578125,247.4199981689453,215.03921508789062
2017-07-26,247.75,247.42999267578125,215.0478973388672
2017-07-27,247.9600067138672,247.1999969482422,214.8480224609375
2017-07-28,246.64999389648438,246.91000366210938,214.59596252441406
2017-07-31,247.3699951171875,246.77000427246094,214.47433471679688
2017-08-01,247.4600067138672,247.32000732421875,214.9523468017578
2017-08-02,247.47000122070312,247.44000244140625,215.05662536621094
2017-08-03,247.30999755859375,246.9600067138672,214.639404296875
2017-08-04,247.52000427246094,247.41000366210938,215.03060913085938
2017-08-07,247.49000549316406,247.8699951171875,215.4303436279297
2017-08-08,247.50999450683594,247.25999450683594,214.9001922607422
2017-08-09,246.47000122070312,247.25,214.8914337158203
2017-08-10,246.2899932861328,243.75999450683594,211.8582305908203
2017-08-11,244.02000427246094,244.1199951171875,212.17112731933594
2017-08-14,245.58999633789062,246.5399932861328,214.2744140625
2017-08-15,246.97999572753906,246.50999450683594,214.248291015625
2017-08-16,247.11000061035156,246.94000244140625,214.62205505371094
2017-08-17,246.24000549316406,243.08999633789062,211.2759246826172
2017-08-18,242.89999389648438,242.7100067138672,210.94564819335938
2017-08-21,242.63999938964844,242.89999389648438,211.11074829101562
2017-08-22,243.57000732421875,245.44000244140625,213.31834411621094
2017-08-23,244.3300018310547,244.55999755859375,212.5535430908203
2017-08-24,245.0,243.99000549316406,212.0581817626953
2017-08-25,244.89999389648438,244.55999755859375,212.5535430908203
2017-08-28,245.1699981689453,244.57000732421875,212.56224060058594
2017-08-29,243.05999755859375,244.85000610351562,212.8056182861328
2017-08-30,244.8300018310547,246.00999450683594,213.81369018554688
2017-08-31,246.72000122070312,247.49000549316406,215.10006713867188
2017-09-01,247.9199981689453,247.83999633789062,215.40428161621094
2017-09-05,247.25999450683594,246.05999755859375,213.8572235107422
2017-09-06,246.83999633789062,246.89999389648438,214.58726501464844
2017-09-07,247.25,246.8699951171875,214.5612335205078
2017-09-08,246.5399932861328,246.5800018310547,214.30914306640625
2017-09-11,248.0399932861328,249.2100067138672,216.59494018554688
2017-09-12,249.6300048828125,250.0500030517578,217.3250274658203
2017-09-13,249.72000122070312,250.1699981689453,217.42930603027344
2017-09-14,249.8000030517578,250.08999633789062,217.3597869873047
2017-09-15,248.69000244140625,249.19000244140625,217.65243530273438
2017-09-18,249.61000061035156,249.72000122070312,218.11537170410156
2017-09-19,250.0,249.97000122070312,218.3336639404297
2017-09-20,250.07000732421875,250.05999755859375,218.41232299804688
2017-09-21,249.8800048828125,249.38999938964844,217.8271026611328
2017-09-22,249.0500030517578,249.44000244140625,217.87078857421875
2017-09-25,249.14999389648438,248.92999267578125,217.42527770996094
2017-09-26,249.4199981689453,249.0800018310547,217.5563201904297
2017-09-27,249.8800048828125,250.0500030517578,218.40359497070312
2017-09-28,249.72999572753906,250.35000610351562,218.6656494140625
2017-09-29,250.33999633789062,251.22999572753906,219.4342498779297
2017-10-02,251.49000549316406,252.32000732421875,220.38629150390625
2017-10-03,252.32000732421875,252.86000061035156,220.85797119140625
2017-10-04,252.69000244140625,253.16000366210938,221.11996459960938
2017-10-05,253.5399932861328,254.66000366210938,222.43014526367188
2017-10-06,254.14999389648438,254.3699951171875,222.17684936523438
2017-10-09,254.6300048828125,253.9499969482422,221.80996704101562
2017-10-10,254.60000610351562,254.6199951171875,222.3951873779297
2017-10-11,254.50999450683594,255.02000427246094,222.7445831298828
2017-10-12,254.66000366210938,254.63999938964844,222.41268920898438
2017-10-13,255.13999938964844,254.9499969482422,222.68344116210938
2017-10-16,255.2100067138672,255.2899932861328,222.98040771484375
2017-10-17,255.22999572753906,255.47000122070312,223.1376190185547
2017-10-18,255.89999389648438,255.72000122070312,223.35597229003906
2017-10-19,254.8300018310547,255.7899932861328,223.4171142578125
2017-10-20,256.70001220703125,257.1099853515625,224.57005310058594
2017-10-23,257.4800109863281,256.1099853515625,223.6965789794922
2017-10-24,256.6000061035156,256.55999755859375,224.08963012695312
2017-10-25,256.17999267578125,255.2899932861328,222.98040771484375
2017-10-26,255.99000549316406,255.6199951171875,223.26864624023438
2017-10-27,256.4700012207031,257.7099914550781,225.09405517578125
2017-10-30,256.4700012207031,256.75,224.255615234375
2017-10-31,257.17999267578125,257.1499938964844,224.60501098632812
2017-11-01,258.0400085449219,257.489990234375,224.90191650390625
2017-11-02,257.4100036621094,257.5899963378906,224.9893035888672
2017-11-03,257.7699890136719,258.45001220703125,225.74049377441406
2017-11-06,258.29998779296875,258.8500061035156,226.08993530273438
2017-11-07,258.9700012207031,258.6700134277344,225.93260192871094
2017-11-08,258.4700012207031,259.1099853515625,226.3169403076172
2017-11-09,257.7300109863281,258.1700134277344,225.49591064453125
2017-11-10,257.7300109863281,258.0899963378906,225.42604064941406
2017-11-13,257.30999755859375,258.3299865722656,225.63568115234375
2017-11-14,257.4100036621094,257.7300109863281,225.11160278320312
2017-11-15,256.6199951171875,256.44000244140625,223.98486328125
2017-11-16,257.5199890136719,258.6199951171875,225.88893127441406
2017-11-17,258.2200012207031,257.8599853515625,225.22512817382812
2017-11-20,258.1400146484375,258.29998779296875,225.60946655273438
2017-11-21,259.17999267578125,259.989990234375,227.08554077148438
2017-11-22,260.0,259.760009765625,226.8847198486328
2017-11-24,260.32000732421875,260.3599853515625,227.40866088867188
2017-11-27,260.4100036621094,260.2300109863281,227.29525756835938
2017-11-28,260.760009765625,262.8699951171875,229.60105895996094
2017-11-29,263.0199890136719,262.7099914550781,229.4613494873047
2017-11-30,263.760009765625,265.010009765625,231.47021484375
2017-12-01,264.760009765625,264.4599914550781,230.9898223876953
2017-12-04,266.30999755859375,264.1400146484375,230.7102813720703
2017-12-05,263.19000244140625,263.19000244140625,229.8805694580078
2017-12-06,263.29998779296875,263.239990234375,229.92425537109375
2017-12-07,264.07000732421875,264.07000732421875,230.64920043945312
2017-12-08,265.1600036621094,265.510009765625,231.90695190429688
2017-12-11,266.30999755859375,266.30999755859375,232.60569763183594
2017-12-12,267.2099914550781,266.7799987792969,233.0161895751953
2017-12-13,267.05999755859375,266.75,232.99002075195312
2017-12-14,267.0899963378906,265.6600036621094,232.0379638671875
2017-12-15,265.45001220703125,266.510009765625,233.97023010253906
2017-12-18,268.1000061035156,268.20001220703125,235.453857421875
2017-12-19,268.4800109863281,267.1700134277344,234.5496826171875
2017-12-20,268.2699890136719,267.0299987792969,234.42678833007812
2017-12-21,267.739990234375,267.5799865722656,234.9095916748047
2017-12-22,267.6000061035156,267.510009765625,234.8480987548828
2017-12-26,267.04998779296875,267.19000244140625,234.56723022460938
2017-12-27,267.3800048828125,267.32000732421875,234.6813201904297
2017-12-28,267.8900146484375,267.8699951171875,235.16419982910156
2017-12-29,268.5299987792969,266.8599853515625,234.27745056152344
2018-01-02,267.8399963378906,268.7699890136719,235.95428466796875
2018-01-03,268.9599914550781,270.4700012207031,237.44671630859375
2018-01-04,271.20001220703125,271.6099853515625,238.44747924804688
2018-01-05,272.510009765625,273.4200134277344,240.0365753173828
2018-01-08,273.30999755859375,273.9200134277344,240.47552490234375
2018-01-09,274.3999938964844,274.5400085449219,241.0198211669922
2018-01-10,273.67999267578125,274.1199951171875,240.6510772705078
2018-01-11,274.75,276.1199951171875,242.40689086914062
2018-01-12,276.4200134277344,277.9200134277344,243.98707580566406
2018-01-16,279.3500061035156,276.9700012207031,243.15309143066406
2018-01-17,278.0299987792969,279.6099853515625,245.4707794189453
2018-01-18,279.4800109863281,279.1400146484375,245.0581817626953
2018-01-19,279.79998779296875,280.4100036621094,246.17308044433594
2018-01-22,280.1700134277344,282.69000244140625,248.1747283935547
2018-01-23,282.739990234375,283.2900085449219,248.701416015625
2018-01-24,284.0199890136719,283.17999267578125,248.6049041748047
2018-01-25,284.1600036621094,283.29998779296875,248.71026611328125
2018-01-26,284.25,286.5799865722656,251.58982849121094
2018-01-29,285.92999267578125,284.67999267578125,249.92172241210938
2018-01-30,282.6000061035156,281.760009765625,247.35829162597656
2018-01-31,282.7300109863281,281.8999938964844,247.48114013671875
2018-02-01,281.07000732421875,281.5799865722656,247.2001953125
2018-02-02,280.0799865722656,275.45001220703125,241.81866455078125
2018-02-05,273.45001220703125,263.92999267578125,231.7052001953125
2018-02-06,259.94000244140625,269.1300048828125,236.27032470703125
2018-02-07,268.5,267.6700134277344,234.98858642578125
2018-02-08,268.010009765625,257.6300048828125,226.1744384765625
2018-02-09,260.79998779296875,261.5,229.5718994140625
2018-02-12,263.8299865722656,265.3399963378906,232.94302368164062
2018-02-13,263.9700012207031,266.0,233.52252197265625
2018-02-14,264.30999755859375,269.5899963378906,236.6741943359375
2018-02-15,271.57000732421875,273.0299987792969,239.69424438476562
2018-02-16,272.32000732421875,273.1099853515625,239.7643280029297
2018-02-20,272.0299987792969,271.3999938964844,238.26316833496094
2018-02-21,271.8999938964844,270.04998779296875,237.07801818847656
2018-02-22,271.1000061035156,270.3999938964844,237.38531494140625
2018-02-23,271.7900085449219,274.7099914550781,241.1690216064453
2018-02-26,275.92999267578125,277.8999938964844,243.96961975097656
2018-02-27,278.1099853515625,274.42999267578125,240.92315673828125
2018-02-28,275.67999267578125,271.6499938964844,238.48263549804688
2018-03-01,271.4100036621094,267.70001220703125,235.0149688720703
2018-03-02,265.79998779296875,269.0799865722656,236.22640991210938
2018-03-05,267.7300109863281,272.19000244140625,238.9566650390625
2018-03-06,273.29998779296875,272.8800048828125,239.5625
2018-03-07,270.4200134277344,272.7799987792969,239.47471618652344
2018-03-08,273.54998779296875,274.1000061035156,240.63352966308594
2018-03-09,275.70001220703125,278.8699951171875,244.82113647460938
2018-03-12,279.20001220703125,278.5199890136719,244.51390075683594
2018-03-13,279.8399963378906,276.7200012207031,242.93362426757812
2018-03-14,277.80999755859375,275.29998779296875,241.6869659423828
2018-03-15,275.8800048828125,275.0,241.42367553710938
2018-03-16,274.5,274.20001220703125,241.6854705810547
2018-03-19,273.3500061035156,270.489990234375,238.41534423828125
2018-03-20,270.94000244140625,270.95001220703125,238.82080078125
2018-03-21,270.8999938964844,270.42999267578125,238.3624267578125
2018-03-22,267.9100036621094,263.6700134277344,232.4040985107422
2018-03-23,264.1700134277344,258.04998779296875,227.45046997070312
2018-03-26,262.1300048828125,265.1099853515625,233.6732940673828
2018-03-27,266.1700134277344,260.6000061035156,229.69808959960938
2018-03-28,260.75,259.8299865722656,229.01937866210938
2018-03-29,261.1199951171875,263.1499938964844,231.9456787109375
2018-04-02,262.54998779296875,257.4700012207031,226.93923950195312
2018-04-03,258.8699951171875,260.7699890136719,229.8479461669922
2018-04-04,256.75,263.55999755859375,232.30709838867188
2018-04-05,265.54998779296875,265.6400146484375,234.14047241210938
2018-04-06,263.4200134277344,259.7200012207031,228.92250061035156
2018-04-09,261.3699951171875,261.0,230.05068969726562
2018-04-10,264.2699890136719,265.1499938964844,233.70858764648438
2018-04-11,263.4700012207031,263.760009765625,232.4833984375
2018-04-12,265.260009765625,265.92999267578125,234.3960723876953
2018-04-13,267.4100036621094,265.1499938964844,233.70858764648438
2018-04-16,267.0,267.3299865722656,235.63009643554688
2018-04-17,269.3299865722656,270.19000244140625,238.1509552001953
2018-04-18,270.69000244140625,270.3900146484375,238.3272247314453
2018-04-19,269.6499938964844,268.8900146484375,237.0050811767578
2018-04-20,268.80999755859375,266.6099853515625,234.99542236328125
2018-04-23,267.260009765625,266.57000732421875,234.96014404296875
2018-04-24,267.7300109863281,262.9800109863281,231.7958526611328
2018-04-25,262.9100036621094,263.6300048828125,232.3688201904297
2018-04-26,264.7900085449219,266.30999755859375,234.73101806640625
2018-04-27,267.0,266.55999755859375,234.95138549804688
2018-04-30,267.260009765625,264.510009765625,233.14443969726562
2018-05-01,263.8699951171875,264.9800109863281,233.5587158203125
2018-05-02,264.760009765625,263.20001220703125,231.9898223876953
2018-05-03,262.260009765625,262.6199951171875,231.47857666015625
2018-05-04,261.5199890136719,266.0199890136719,234.4754180908203
2018-05-07,266.8900146484375,266.9200134277344,235.2686767578125
2018-05-08,266.5,266.9200134277344,235.2686767578125
2018-05-09,267.67999267578125,269.5,237.54273986816406
2018-05-10,270.3399963378906,272.0199890136719,239.76393127441406
2018-05-11,272.1600036621094,272.8500061035156,240.49551391601562
2018-05-14,273.3399963378906,272.9800109863281,240.6100616455078
2018-05-15,271.5899963378906,271.1000061035156,238.9530029296875
2018-05-16,271.1400146484375,272.239990234375,239.9578857421875
2018-05-17,271.94000244140625,272.010009765625,239.7550506591797
2018-05-18,271.6199951171875,271.3299865722656,239.15574645996094
2018-05-21,273.010009765625,273.3699951171875,240.95387268066406
2018-05-22,273.9599914550781,272.6099853515625,240.283935546875
2018-05-23,271.1700134277344,273.3599853515625,240.94508361816406
2018-05-24,272.9100036621094,272.79998779296875,240.45143127441406
2018-05-25,272.1499938964844,272.1499938964844,239.87847900390625
2018-05-29,270.30999755859375,269.0199890136719,237.1196746826172
2018-05-30,270.5,272.6099853515625,240.283935546875
2018-05-31,272.1499938964844,270.94000244140625,238.81199645996094
2018-06-01,272.4100036621094,273.6000061035156,241.1565399169922
2018-06-04,274.5299987792969,274.8999938964844,242.30247497558594
2018-06-05,275.04998779296875,275.1000061035156,242.47866821289062
2018-06-06,275.7900085449219,277.3999938964844,244.50596618652344
2018-06-07,277.95001220703125,277.3699951171875,244.47947692871094
2018-06-08,276.8500061035156,278.19000244140625,245.2023162841797
2018-06-11,278.44000244140625,278.55999755859375,245.52838134765625
2018-06-12,279.0299987792969,278.9200134277344,245.84571838378906
2018-06-13,279.19000244140625,278.0299987792969,245.06129455566406
2018-06-14,279.010009765625,278.7300109863281,245.67832946777344
2018-06-15,276.6000061035156,277.1300048828125,245.3648223876953
2018-06-18,275.489990234375,276.55999755859375,244.86016845703125
2018-06-19,274.0,275.5,243.92166137695312
2018-06-20,276.2699890136719,275.9700012207031,244.33775329589844
2018-06-21,275.9599914550781,274.239990234375,242.8060760498047
2018-06-22,275.6600036621094,274.739990234375,243.24879455566406
2018-06-25,273.44000244140625,271.0,239.9374237060547
2018-06-26,271.6400146484375,271.6000061035156,240.46873474121094
2018-06-27,272.260009765625,269.3500061035156,238.47662353515625
2018-06-28,269.2900085449219,270.8900146484375,239.84011840820312
2018-06-29,272.1199951171875,271.2799987792969,240.1853790283203
2018-07-02,269.510009765625,271.8599853515625,240.69882202148438
2018-07-03,272.8699951171875,270.8999938964844,239.8489532470703
2018-07-05,272.1700134277344,273.1099853515625,241.8055877685547
2018-07-06,273.1400146484375,275.4200134277344,243.85086059570312
2018-07-09,276.54998779296875,277.8999938964844,246.04653930664062
2018-07-10,278.4100036621094,278.8999938964844,246.93194580078125
2018-07-11,277.1499938964844,276.8599853515625,245.1257781982422
2018-07-12,278.2799987792969,279.3699951171875,247.3480987548828
2018-07-13,279.1700134277344,279.5899963378906,247.5428466796875
2018-07-16,279.6400146484375,279.3399963378906,247.321533203125
2018-07-17,278.4700012207031,280.4700012207031,248.3220672607422
2018-07-18,280.55999755859375,281.05999755859375,248.84439086914062
2018-07-19,280.30999755859375,280.0,247.9059295654297
2018-07-20,279.7699890136719,279.67999267578125,247.62245178222656
2018-07-23,279.45001220703125,280.20001220703125,248.0829620361328
2018-07-24,281.7900085449219,281.6099853515625,249.3313446044922
2018-07-25,281.3299865722656,284.010009765625,251.4562530517578
2018-07-26,283.20001220703125,283.3399963378906,250.86300659179688
2018-07-27,283.7099914550781,281.4200134277344,249.1630859375
2018-07-30,281.510009765625,279.95001220703125,247.8616485595703
2018-07-31,280.80999755859375,281.3299865722656,249.08346557617188
2018-08-01,281.55999755859375,280.8599853515625,248.66725158691406
2018-08-02,279.3900146484375,282.3900146484375,250.02195739746094
2018-08-03,282.5299987792969,283.6000061035156,251.09320068359375
2018-08-06,283.6400146484375,284.6400146484375,252.0140380859375
2018-08-07,285.3900146484375,285.5799865722656,252.84634399414062
2018-08-08,285.3900146484375,285.4599914550781,252.7400665283203
2018-08-09,285.5299987792969,285.07000732421875,252.39476013183594
2018-08-10,283.45001220703125,283.1600036621094,250.70364379882812
2018-08-13,283.4700012207031,282.1000061035156,249.7650909423828
2018-08-14,282.9200134277344,283.8999938964844,251.35885620117188
2018-08-15,282.3800048828125,281.7799987792969,249.4818572998047
2018-08-16,283.3999938964844,284.05999755859375,251.5005340576172
2018-08-17,283.8299865722656,285.05999755859375,252.38589477539062
2018-08-20,285.57000732421875,285.6700134277344,252.92599487304688
2018-08-21,286.25,286.3399963378906,253.51918029785156
2018-08-22,285.8800048828125,286.1700134277344,253.36865234375
2018-08-23,285.9700012207031,285.7900085449219,253.0322265625
2018-08-24,286.44000244140625,287.510009765625,254.55511474609375
2018-08-27,288.8599853515625,289.7799987792969,256.5647888183594
2018-08-28,290.29998779296875,289.9200134277344,256.6888427734375
2018-08-29,290.1600036621094,291.4800109863281,258.0700378417969
2018-08-30,290.94000244140625,290.29998779296875,257.02532958984375
2018-08-31,289.8399963378906,290.30999755859375,257.03424072265625
2018-09-04,289.8399963378906,289.80999755859375,256.5914001464844
2018-09-05,289.4100036621094,289.0299987792969,255.90089416503906
2018-09-06,289.1499938964844,288.1600036621094,255.13052368164062
2018-09-07,286.9800109863281,287.6000061035156,254.6347198486328
2018-09-10,288.739990234375,288.1000061035156,255.07740783691406
2018-09-11,287.3699951171875,289.04998779296875,255.91854858398438
2018-09-12,289.05999755859375,289.1199951171875,255.98048400878906
2018-09-13,290.32000732421875,290.8299865722656,257.4944152832031
2018-09-14,291.05999755859375,290.8800048828125,257.5386657714844
2018-09-17,290.82000732421875,289.3399963378906,256.1752624511719
2018-09-18,289.5799865722656,290.9100036621094,257.56536865234375
2018-09-19,290.9700012207031,291.2200012207031,257.83984375
2018-09-20,292.6400146484375,293.5799865722656,259.9293518066406
2018-09-21,293.0899963378906,291.989990234375,259.69183349609375
2018-09-24,291.3399963378906,291.0199890136719,258.8291320800781
2018-09-25,291.5299987792969,290.75,258.5889892578125
2018-09-26,290.9100036621094,289.8800048828125,257.8153381347656
2018-09-27,290.4100036621094,290.69000244140625,258.5356750488281
2018-09-28,289.989990234375,290.7200012207031,258.5622863769531
2018-10-01,292.1099853515625,291.7300109863281,259.460693359375
2018-10-02,291.55999755859375,291.55999755859375,259.3094787597656
2018-10-03,292.739990234375,291.7200012207031,259.4516906738281
2018-10-04,291.17999267578125,289.44000244140625,257.423828125
2018-10-05,289.69000244140625,287.82000732421875,255.98313903808594
2018-10-08,287.04998779296875,287.82000732421875,255.98313903808594
2018-10-09,287.3900146484375,287.3999938964844,255.60955810546875
2018-10-10,286.8299865722656,278.29998779296875,247.51609802246094
2018-10-11,277.0799865722656,272.1700134277344,242.0642547607422
2018-10-12,276.7699890136719,275.95001220703125,245.426025390625
2018-10-15,275.54998779296875,274.3999938964844,244.0474853515625
2018-10-16,276.6000061035156,280.3999938964844,249.3839111328125
2018-10-17,280.44000244140625,280.45001220703125,249.4282684326172
2018-10-18,279.3999938964844,276.3999938964844,245.82632446289062
2018-10-19,277.1300048828125,276.25,245.69290161132812
2018-10-22,277.0,275.010009765625,244.59014892578125
2018-10-23,270.95001220703125,273.6099853515625,243.34490966796875
2018-10-24,273.3299865722656,265.32000732421875,235.971923828125
2018-10-25,267.3800048828125,270.0799865722656,240.2054443359375
2018-10-26,265.9200134277344,265.3299865722656,235.9808349609375
2018-10-29,268.79998779296875,263.8599853515625,234.6734161376953
2018-10-30,263.6700134277344,267.7699890136719,238.15090942382812
2018-10-31,270.6499938964844,270.6300048828125,240.6945343017578
2018-11-01,271.6000061035156,273.510009765625,243.25595092773438
2018-11-02,274.75,271.8900146484375,241.81520080566406
2018-11-05,272.44000244140625,273.3900146484375,243.14930725097656
2018-11-06,273.32000732421875,275.1199951171875,244.6878204345703
2018-11-07,277.55999755859375,281.010009765625,249.92642211914062
2018-11-08,280.1099853515625,280.5,249.4727325439453
2018-11-09,279.0299987792969,277.760009765625,247.03587341308594
2018-11-12,277.19000244140625,272.57000732421875,242.4199981689453
2018-11-13,273.0899963378906,272.05999755859375,241.96640014648438
2018-11-14,274.1600036621094,270.20001220703125,240.3121337890625
2018-11-15,268.7799987792969,273.0199890136719,242.82012939453125
2018-11-16,271.7900085449219,273.7300109863281,243.45167541503906
2018-11-19,273.04998779296875,269.1000061035156,239.3338623046875
2018-11-20,265.3599853515625,264.1199951171875,234.9046173095703
2018-11-21,265.8599853515625,265.0199890136719,235.70509338378906
2018-11-23,263.17999267578125,263.25,234.13084411621094
2018-11-26,265.7799987792969,267.5,237.91082763671875
2018-11-27,266.3399963378906,268.3999938964844,238.71127319335938
2018-11-28,269.6000061035156,274.5799865722656,244.20765686035156
2018-11-29,273.7099914550781,273.9800109863281,243.6740264892578
2018-11-30,273.80999755859375,275.6499938964844,245.15924072265625
2018-12-03,280.2799987792969,279.29998779296875,248.4055938720703
2018-12-04,278.3699951171875,270.25,240.35655212402344
2018-12-06,265.9200134277344,269.8399963378906,239.991943359375
2018-12-07,269.4599914550781,263.57000732421875,234.41551208496094
2018-12-10,263.3699951171875,264.07000732421875,234.86021423339844
2018-12-11,267.6600036621094,264.1300048828125,234.91357421875
2018-12-12,267.4700012207031,265.4599914550781,236.09642028808594
2018-12-13,266.5199890136719,265.3699951171875,236.0164031982422
2018-12-14,262.9599914550781,260.4700012207031,231.6584014892578
2018-12-17,259.3999938964844,255.36000061035156,227.1135711669922
2018-12-18,257.20001220703125,255.0800018310547,226.8645782470703
2018-12-19,255.1699981689453,251.25999450683594,223.46717834472656
2018-12-20,249.86000061035156,247.1699981689453,219.82955932617188
2018-12-21,246.74000549316406,240.6999969482422,215.32534790039062
2018-12-24,239.0399932861328,234.33999633789062,209.63580322265625
2018-12-26,235.97000122070312,246.17999267578125,220.22764587402344
2018-12-27,242.57000732421875,248.07000732421875,221.91842651367188
2018-12-28,249.5800018310547,247.75,221.63211059570312
2018-12-31,249.55999755859375,249.9199981689453,223.57337951660156
2019-01-02,245.97999572753906,250.17999267578125,223.805908203125
2019-01-03,248.22999572753906,244.2100067138672,218.46530151367188
2019-01-04,247.58999633789062,252.38999938964844,225.7830047607422
2019-01-07,252.69000244140625,254.3800048828125,227.5631866455078
2019-01-08,256.82000732421875,256.7699890136719,229.7012176513672
2019-01-09,257.55999755859375,257.9700012207031,230.77474975585938
2019-01-10,256.260009765625,258.8800048828125,231.5888214111328
2019-01-11,257.67999267578125,258.9800109863281,231.67825317382812
2019-01-14,256.8599853515625,257.3999938964844,230.2648162841797
2019-01-15,257.82000732421875,260.3500061035156,232.90379333496094
2019-01-16,260.8299865722656,260.9800109863281,233.4674530029297
2019-01-17,260.010009765625,262.9599914550781,235.2386474609375
2019-01-18,264.9800109863281,266.4599914550781,238.36968994140625
2019-01-22,264.82000732421875,262.8599853515625,235.14920043945312
2019-01-23,264.010009765625,263.4100036621094,235.64129638671875
2019-01-24,263.2099914550781,263.54998779296875,235.76646423339844
2019-01-25,265.6099853515625,265.7799987792969,237.7613525390625
2019-01-28,263.3900146484375,263.760009765625,235.95436096191406
2019-01-29,263.9200134277344,263.4100036621094,235.64129638671875
2019-01-30,265.1000061035156,267.5799865722656,239.3716278076172
2019-01-31,267.510009765625,269.92999267578125,241.47389221191406
2019-02-01,270.1499938964844,270.05999755859375,241.59022521972656
2019-02-04,270.1099853515625,271.9599914550781,243.2898712158203
2019-02-05,272.44000244140625,273.1000061035156,244.30975341796875
2019-02-06,272.7900085449219,272.739990234375,243.98765563964844
2019-02-07,270.94000244140625,270.1400146484375,241.6617431640625
2019-02-08,268.75,270.4700012207031,241.95697021484375
2019-02-11,271.20001220703125,270.6199951171875,242.0911865234375
2019-02-12,272.4200134277344,274.1000061035156,245.204345703125
2019-02-13,275.0299987792969,274.989990234375,246.00042724609375
2019-02-14,273.7799987792969,274.3800048828125,245.45480346679688
2019-02-15,276.3599853515625,277.3699951171875,248.1295623779297
2019-02-19,276.4800109863281,277.8500061035156,248.5589599609375
2019-02-20,277.80999755859375,278.4100036621094,249.05996704101562
2019-02-21,277.70001220703125,277.4200134277344,248.17433166503906
2019-02-22,278.1099853515625,279.1400146484375,249.7130126953125
2019-02-25,280.7300109863281,279.5199890136719,250.0529327392578
2019-02-26,279.1300048828125,279.32000732421875,249.87405395507812
2019-02-27,278.5199890136719,279.20001220703125,249.76670837402344
2019-02-28,278.9599914550781,278.67999267578125,249.3014373779297
2019-03-01,280.44000244140625,280.4200134277344,250.85801696777344
2019-03-04,281.6000061035156,279.3999938964844,249.9456329345703
2019-03-05,279.5400085449219,279.0199890136719,249.60560607910156
2019-03-06,279.1499938964844,277.3299865722656,248.0937957763672
2019-03-07,276.8299865722656,275.010009765625,246.0183868408203
2019-03-08,272.94000244140625,274.4599914550781,245.5262908935547
2019-03-11,275.260009765625,278.44000244140625,249.08677673339844
2019-03-12,279.05999755859375,279.489990234375,250.02610778808594
2019-03-13,280.4800109863281,281.3399963378906,251.68109130859375
2019-03-14,281.3699951171875,281.1600036621094,251.52003479003906
2019-03-15,280.5400085449219,281.30999755859375,252.76272583007812
2019-03-18,281.54998779296875,282.3299865722656,253.6791534423828
2019-03-19,283.510009765625,282.3999938964844,253.7420654296875
2019-03-20,282.1600036621094,281.54998779296875,252.9783935546875
2019-03-21,280.6400146484375,284.7300109863281,255.83563232421875
2019-03-22,283.2200012207031,279.25,250.91175842285156
2019-03-25,278.8699951171875,279.0400085449219,250.72303771972656
2019-03-26,280.989990234375,281.1199951171875,252.59197998046875
2019-03-27,281.1099853515625,279.6499938964844,251.2711181640625
2019-03-28,280.3500061035156,280.7099914550781,252.2236785888672
2019-03-29,282.3900146484375,282.4800109863281,253.8140106201172
2019-04-01,284.70001220703125,285.8299865722656,256.823974609375
2019-04-02,286.0400085449219,285.9700012207031,256.9498291015625
2019-04-03,287.32000732421875,286.4200134277344,257.35406494140625
2019-04-04,286.7799987792969,287.17999267578125,258.0369567871094
2019-04-05,287.9200134277344,288.57000732421875,259.28594970703125
2019-04-08,288.1000061035156,288.7900085449219,259.4837341308594
2019-04-09,287.7200012207031,287.30999755859375,258.1538391113281
2019-04-10,287.7699890136719,288.2900085449219,259.0343933105469
2019-04-11,288.8299865722656,288.2099914550781,258.9625244140625
2019-04-12,290.0,290.1600036621094,260.7145690917969
2019-04-15,290.239990234375,289.9700012207031,260.5439758300781
2019-04-16,290.95001220703125,290.1600036621094,260.7145690917969
2019-04-17,291.3999938964844,289.45001220703125,260.0766906738281
2019-04-18,290.1000061035156,290.0199890136719,260.5887451171875
2019-04-22,289.1700134277344,290.2699890136719,260.8133544921875
2019-04-23,290.67999267578125,292.8800048828125,263.1585388183594
2019-04-24,292.7900085449219,292.2300109863281,262.57464599609375
2019-04-25,292.1199951171875,292.04998779296875,262.4128112792969
2019-04-26,292.1000061035156,293.4100036621094,263.6347351074219
2019-04-29,293.510009765625,293.8699951171875,264.0481262207031
2019-04-30,293.489990234375,294.0199890136719,264.1828308105469
2019-05-01,294.7200012207031,291.80999755859375,262.19720458984375
2019-05-02,291.67999267578125,291.17999267578125,261.631103515625
2019-05-03,292.82000732421875,294.0299987792969,264.1918029785156
2019-05-06,289.25,292.82000732421875,263.10467529296875
2019-05-07,290.1499938964844,287.92999267578125,258.71087646484375
2019-05-08,287.5299987792969,287.5299987792969,258.3514099121094
2019-05-09,285.2300109863281,286.6600036621094,257.5697937011719
2019-05-10,285.6199951171875,288.1000061035156,258.8636474609375
2019-05-13,282.4200134277344,280.8599853515625,252.3583221435547
2019-05-14,281.989990234375,283.3999938964844,254.640625
2019-05-15,281.5899963378906,285.05999755859375,256.132080078125
2019-05-16,285.8399963378906,287.70001220703125,258.5042724609375
2019-05-17,285.1400146484375,285.8399963378906,256.83294677734375
2019-05-20,284.05999755859375,283.95001220703125,255.13479614257812
2019-05-21,285.8299865722656,286.510009765625,257.4350891113281
2019-05-22,285.45001220703125,285.6300048828125,256.644287109375
2019-05-23,283.1600036621094,282.1400146484375,253.50848388671875
2019-05-24,283.739990234375,282.7799987792969,254.08355712890625
2019-05-28,283.0899963378906,280.1499938964844,251.720458984375
2019-05-29,278.9100036621094,278.2699890136719,250.03118896484375
2019-05-30,279.1099853515625,279.0299987792969,250.71405029296875
2019-05-31,276.20001220703125,275.2699890136719,247.3357391357422
2019-06-03,275.30999755859375,274.57000732421875,246.70669555664062
2019-06-04,277.1199951171875,280.5299987792969,252.06185913085938
2019-06-05,282.3299865722656,282.9599914550781,254.2453155517578
2019-06-06,283.2900085449219,284.79998779296875,255.89845275878906
2019-06-07,285.92999267578125,287.6499938964844,258.4592590332031
2019-06-10,289.3699951171875,288.9700012207031,259.6453552246094
2019-06-11,290.989990234375,288.8999938964844,259.58245849609375
2019-06-12,288.6400146484375,288.3900146484375,259.1242370605469
2019-06-13,289.3999938964844,289.5799865722656,260.19342041015625
2019-06-14,289.260009765625,289.260009765625,259.9059143066406
2019-06-17,289.5199890136719,289.3699951171875,260.00482177734375
2019-06-18,291.3900146484375,292.3999938964844,262.7272033691406
2019-06-19,292.54998779296875,293.05999755859375,263.3203125
2019-06-20,296.0400085449219,295.8599853515625,265.8360595703125
2019-06-21,294.1300048828125,294.0,265.44976806640625
2019-06-24,294.2300109863281,293.6400146484375,265.1246643066406
2019-06-25,293.70001220703125,290.760009765625,262.5243225097656
2019-06-26,291.75,290.4700012207031,262.26251220703125
2019-06-27,291.30999755859375,291.5,263.1925964355469
2019-06-28,292.5799865722656,293.0,264.5467529296875
2019-07-01,296.67999267578125,295.6600036621094,266.94854736328125
2019-07-02,295.6099853515625,296.42999267578125,267.64373779296875
2019-07-03,297.17999267578125,298.79998779296875,269.7835998535156
2019-07-05,297.44000244140625,298.4599914550781,269.4765625
2019-07-08,297.010009765625,296.82000732421875,267.99591064453125
2019-07-09,295.5400085449219,297.19000244140625,268.3299560546875
2019-07-10,298.3699951171875,298.6099853515625,269.61199951171875
2019-07-11,299.32000732421875,299.30999755859375,270.2440490722656
2019-07-12,299.8500061035156,300.6499938964844,271.4539794921875
2019-07-15,301.1300048828125,300.75,271.5442199707031
2019-07-16,300.6499938964844,299.7799987792969,270.66845703125
2019-07-17,299.75,297.739990234375,268.8265075683594
2019-07-18,297.19000244140625,298.8299865722656,269.81060791015625
2019-07-19,300.0400085449219,297.1700134277344,268.3119201660156
2019-07-22,297.6099853515625,297.8999938964844,268.9709777832031
2019-07-23,299.1400146484375,300.0299987792969,270.8941345214844
2019-07-24,299.19000244140625,301.44000244140625,272.16729736328125
2019-07-25,300.94000244140625,300.0,270.8670654296875
2019-07-26,300.760009765625,302.010009765625,272.6819152832031
2019-07-29,301.8800048828125,301.4599914550781,272.1853332519531
2019-07-30,299.9100036621094,300.7200012207031,271.5171813964844
2019-07-31,300.989990234375,297.42999267578125,268.546630859375
2019-08-01,297.6000061035156,294.8399963378906,266.2080993652344
2019-08-02,293.8500061035156,292.6199951171875,264.2037048339844
2019-08-05,288.0899963378906,283.82000732421875,256.2583312988281
2019-08-06,285.9100036621094,287.79998779296875,259.851806640625
2019-08-07,284.3999938964844,287.9700012207031,260.00537109375
2019-08-08,289.6199951171875,293.6199951171875,265.10662841796875
2019-08-09,292.5799865722656,291.6199951171875,263.3009033203125
2019-08-12,289.9599914550781,288.07000732421875,260.0955810546875
2019-08-13,287.739990234375,292.54998779296875,264.1405944824219
2019-08-14,288.07000732421875,283.8999938964844,256.33050537109375
2019-08-15,284.8800048828125,284.6499938964844,257.0077209472656
2019-08-16,286.4800109863281,288.8500061035156,260.7997741699219
2019-08-19,292.19000244140625,292.3299865722656,263.94183349609375
2019-08-20,291.7699890136719,290.0899963378906,261.9194030761719
2019-08-21,292.4800109863281,292.45001220703125,264.0503234863281
2019-08-22,293.2300109863281,292.3599853515625,263.968994140625
2019-08-23,290.9200134277344,284.8500061035156,257.1883239746094
2019-08-26,287.2699890136719,288.0,260.0323791503906
2019-08-27,289.5400085449219,286.8699951171875,259.01214599609375
2019-08-28,286.1400146484375,288.8900146484375,260.83599853515625
2019-08-29,291.7200012207031,292.5799865722656,264.1676330566406
2019-08-30,294.2200012207031,292.45001220703125,264.0503234863281
2019-09-03,290.57000732421875,290.739990234375,262.5063171386719
2019-09-04,293.1400146484375,294.0400085449219,265.4858093261719
2019-09-05,296.7900085449219,297.82000732421875,268.89874267578125
2019-09-06,298.1700134277344,298.04998779296875,269.1064147949219
2019-09-09,299.1400146484375,298.20001220703125,269.24188232421875
2019-09-10,297.3599853515625,298.1300048828125,269.1786193847656
2019-09-11,298.4700012207031,300.25,271.0927429199219
2019-09-12,301.25,301.2900085449219,272.0317687988281
2019-09-13,301.7799987792969,301.0899963378906,271.85125732421875
2019-09-16,299.8399963378906,300.1600036621094,271.01153564453125
2019-09-17,299.94000244140625,300.9200134277344,271.69775390625
2019-09-18,300.489990234375,301.1000061035156,271.86029052734375
2019-09-19,301.5299987792969,301.0799865722656,271.8422546386719
2019-09-20,300.3599853515625,298.2799987792969,270.5577087402344
2019-09-23,297.54998779296875,298.2099914550781,270.4942626953125
2019-09-24,299.4100036621094,295.8699951171875,268.37176513671875
2019-09-25,295.9599914550781,297.6199951171875,269.9591064453125
2019-09-26,297.6300048828125,297.0,269.396728515625
2019-09-27,297.8299865722656,295.3999938964844,267.9454040527344
2019-09-30,295.9700012207031,296.7699890136719,269.18817138671875
2019-10-01,297.739990234375,293.239990234375,265.98626708984375
2019-10-02,291.5,288.05999755859375,261.2876281738281
2019-10-03,287.80999755859375,290.4200134277344,263.42828369140625
2019-10-04,291.1400146484375,294.3500061035156,266.99298095703125
2019-10-07,293.4700012207031,293.0799865722656,265.8411560058594
2019-10-08,291.0400085449219,288.5299987792969,261.7139587402344
2019-10-09,290.75,291.2699890136719,264.1993713378906
2019-10-10,291.17999267578125,293.239990234375,265.98626708984375
2019-10-11,296.2699890136719,296.2799987792969,268.7436218261719
2019-10-14,295.92999267578125,295.95001220703125,268.44427490234375
2019-10-15,297.1000061035156,298.8800048828125,271.1020202636719
2019-10-16,298.3699951171875,298.3999938964844,270.6666259765625
2019-10-17,299.67999267578125,299.2799987792969,271.46478271484375
2019-10-18,298.69000244140625,297.9700012207031,270.2765808105469
2019-10-21,299.4200134277344,299.989990234375,272.10882568359375
2019-10-22,300.5799865722656,299.010009765625,271.2199401855469
2019-10-23,298.7300109863281,299.8800048828125,272.0091552734375
2019-10-24,300.9100036621094,300.3699951171875,272.45355224609375
2019-10-25,299.739990234375,301.6000061035156,273.5691833496094
2019-10-28,302.94000244140625,303.29998779296875,275.1112365722656
2019-10-29,303.0,303.2099914550781,275.02960205078125
2019-10-30,303.42999267578125,304.1400146484375,275.8731994628906
2019-10-31,304.1300048828125,303.3299865722656,275.1384582519531
2019-11-01,304.9200134277344,306.1400146484375,277.6873779296875
2019-11-04,307.8500061035156,307.3699951171875,278.80303955078125
2019-11-05,307.5899963378906,307.0299987792969,278.4946594238281
2019-11-06,307.0299987792969,307.1000061035156,278.5580749511719
2019-11-07,308.57000732421875,308.17999267578125,279.5376892089844
2019-11-08,307.79998779296875,308.94000244140625,280.22705078125
2019-11-11,307.4200134277344,308.3500061035156,279.6918640136719
2019-11-12,308.75,309.0,280.28143310546875
2019-11-13,307.9100036621094,309.1000061035156,280.3721923828125
2019-11-14,308.7900085449219,309.54998779296875,280.7803039550781
2019-11-15,311.0199890136719,311.7900085449219,282.8121337890625
2019-11-18,311.5299987792969,312.0199890136719,283.0207824707031
2019-11-19,312.67999267578125,311.92999267578125,282.9391174316406
2019-11-20,311.2799987792969,310.7699890136719,281.886962890625
2019-11-21,310.8900146484375,310.2699890136719,281.433349609375
2019-11-22,311.0899963378906,310.9599914550781,282.059326171875
2019-11-25,311.9800109863281,313.3699951171875,284.2453308105469
2019-11-26,313.4100036621094,314.0799865722656,284.8893127441406
2019-11-27,314.6099853515625,315.4800109863281,286.1591796875
2019-11-29,314.8599853515625,314.30999755859375,285.0979309082031
2019-12-02,314.5899963378906,311.6400146484375,282.67608642578125
2019-12-03,308.6499938964844,309.54998779296875,280.7803039550781
2019-12-04,310.70001220703125,311.4599914550781,282.5127868652344
2019-12-05,312.2300109863281,312.0199890136719,283.0207824707031
2019-12-06,314.1199951171875,314.8699951171875,285.6058349609375
2019-12-09,314.44000244140625,313.8800048828125,284.7080078125
2019-12-10,313.82000732421875,313.5299987792969,284.3904724121094
2019-12-11,314.0299987792969,314.4200134277344,285.1977233886719
2019-12-12,314.42999267578125,317.1300048828125,287.6558837890625
2019-12-13,316.8699951171875,317.32000732421875,287.8282470703125
2019-12-16,319.2200012207031,319.5,289.80560302734375
2019-12-17,319.9200134277344,319.57000732421875,289.8691711425781
2019-12-18,320.0,319.5899963378906,289.8872375488281
2019-12-19,319.79998779296875,320.8999938964844,291.07550048828125
2019-12-20,320.4599914550781,320.7300109863281,292.35150146484375
2019-12-23,321.5899963378906,321.2200012207031,292.7983093261719
2019-12-24,321.4700012207031,321.2300109863281,292.8074035644531
2019-12-26,321.6499938964844,322.94000244140625,294.3660583496094
2019-12-27,323.739990234375,322.8599853515625,294.29315185546875
2019-12-30,322.95001220703125,321.0799865722656,292.67059326171875
2019-12-31,320.5299987792969,321.8599853515625,293.381591796875
2020-01-02,323.5400085449219,324.8699951171875,296.1253662109375
2020-01-03,321.1600036621094,322.4100036621094,293.8829040527344
2020-01-06,320.489990234375,323.6400146484375,295.004150390625
2020-01-07,323.0199890136719,322.7300109863281,294.17462158203125
2020-01-08,322.94000244140625,324.45001220703125,295.74249267578125
2020-01-09,326.1600036621094,326.6499938964844,297.74774169921875
2020-01-10,327.2900085449219,325.7099914550781,296.8909912109375
2020-01-13,326.3900146484375,327.95001220703125,298.93280029296875
2020-01-14,327.4700012207031,327.45001220703125,298.4770202636719
2020-01-15,327.3500061035156,328.19000244140625,299.1514892578125
2020-01-16,329.70001220703125,330.9200134277344,301.6399841308594
2020-01-17,331.70001220703125,331.95001220703125,302.5788269042969
2020-01-21,330.8999938964844,331.29998779296875,301.98638916015625
2020-01-22,332.239990234375,331.3399963378906,302.0228576660156
2020-01-23,330.6300048828125,331.7200012207031,302.3691711425781
2020-01-24,332.44000244140625,328.7699890136719,299.68017578125
2020-01-27,323.0299987792969,323.5,294.8765563964844
2020-01-28,325.05999755859375,326.8900146484375,297.9665832519531
2020-01-29,328.3800048828125,326.6199951171875,297.7204284667969
2020-01-30,324.3599853515625,327.67999267578125,298.6866455078125
2020-01-31,327.0,321.7300109863281,293.2630310058594
2020-02-03,323.3500061035156,324.1199951171875,295.441650390625
2020-02-04,328.07000732421875,329.05999755859375,299.94451904296875
2020-02-05,332.2699890136719,332.8599853515625,303.4083557128906
2020-02-06,333.9100036621094,333.9800109863281,304.4292297363281
2020-02-07,332.82000732421875,332.20001220703125,302.8067321777344
2020-02-10,331.2300109863281,334.67999267578125,305.0673828125
2020-02-11,336.1600036621094,335.260009765625,305.595947265625
2020-02-12,336.8299865722656,337.4200134277344,307.5648498535156
2020-02-13,335.8599853515625,337.05999755859375,307.23675537109375
2020-02-14,337.510009765625,337.6000061035156,307.7288513183594
2020-02-18,336.510009765625,336.7300109863281,306.93585205078125
2020-02-19,337.7900085449219,338.3399963378906,308.4034729003906
2020-02-20,337.739990234375,336.95001220703125,307.136474609375
2020-02-21,335.4700012207031,333.4800109863281,303.9734191894531
2020-02-24,323.1400146484375,322.4200134277344,293.8920593261719
2020-02-25,323.94000244140625,312.6499938964844,284.9865417480469
2020-02-26,314.17999267578125,311.5,283.9382629394531
2020-02-27,305.4599914550781,297.510009765625,271.1861572265625
2020-02-28,288.70001220703125,296.260009765625,270.0467224121094
2020-03-02,298.2099914550781,309.0899963378906,281.7414855957031
2020-03-03,309.5,300.239990234375,273.6744689941406
2020-03-04,306.1199951171875,312.8599853515625,285.177978515625
2020-03-05,304.9800109863281,302.4599914550781,275.6981201171875
2020-03-06,293.1499938964844,297.4599914550781,271.1405334472656
2020-03-09,275.29998779296875,274.2300109863281,249.96597290039062
2020-03-10,284.6400146484375,288.4200134277344,262.90032958984375
2020-03-11,280.70001220703125,274.3599853515625,250.08447265625
2020-03-12,256.0,248.11000061035156,226.15707397460938
2020-03-13,263.0899963378906,269.32000732421875,245.49037170410156
2020-03-16,241.17999267578125,239.85000610351562,218.62794494628906
2020-03-17,245.0399932861328,252.8000030517578,230.4320831298828
2020-03-18,236.25,240.0,218.7646484375
2020-03-19,239.25,240.50999450683594,219.22950744628906
2020-03-20,242.52999877929688,228.8000030517578,209.78199768066406
2020-03-23,228.19000244140625,222.9499969482422,204.41824340820312
2020-03-24,234.4199981689453,243.14999389648438,222.93919372558594
2020-03-25,244.8699951171875,246.7899932861328,226.27664184570312
2020-03-26,249.52000427246094,261.20001220703125,239.4888916015625
2020-03-27,253.27000427246094,253.4199981689453,232.35557556152344
2020-03-30,255.6999969482422,261.6499938964844,239.9014892578125
2020-03-31,260.55999755859375,257.75,236.32565307617188
2020-04-01,247.97999572753906,246.14999389648438,225.68983459472656
2020-04-02,245.19000244140625,251.8300018310547,230.89767456054688
2020-04-03,250.75999450683594,248.19000244140625,227.56033325195312
2020-04-06,257.8399963378906,264.8599853515625,242.8446044921875
2020-04-07,274.2099914550781,265.1300048828125,243.0922393798828
2020-04-08,267.9599914550781,274.0299987792969,251.25244140625
2020-04-09,277.5799865722656,278.20001220703125,255.0758514404297
2020-04-13,277.1400146484375,275.6600036621094,252.7470245361328
2020-04-14,280.9800109863281,283.7900085449219,260.2012023925781
2020-04-15,277.57000732421875,277.760009765625,254.6724395751953
2020-04-16,279.1499938964844,279.1000061035156,255.90101623535156
2020-04-17,285.3800048828125,286.6400146484375,262.8143615722656
2020-04-20,282.6099853515625,281.5899963378906,258.18408203125
2020-04-21,276.7300109863281,273.0400085449219,250.3447723388672
2020-04-22,278.3500061035156,279.1000061035156,255.90101623535156
2020-04-23,280.489990234375,279.0799865722656,255.88265991210938
2020-04-24,280.7300109863281,282.9700012207031,259.4493408203125
2020-04-27,285.1199951171875,287.04998779296875,263.1902160644531
2020-04-28,291.0199890136719,285.7300109863281,261.9798889160156
2020-04-29,291.5299987792969,293.2099914550781,268.8382263183594
2020-04-30,291.7099914550781,290.4800109863281,266.33514404296875
2020-05-01,285.30999755859375,282.7900085449219,259.2843322753906
2020-05-04,280.739990234375,283.57000732421875,259.99945068359375
2020-05-05,286.6400146484375,286.19000244140625,262.40167236328125
2020-05-06,288.0400085449219,284.25,260.62298583984375
2020-05-07,287.75,287.67999267578125,263.767822265625
2020-05-08,291.0899963378906,292.44000244140625,268.1322021484375
2020-05-11,290.3399963378906,292.5,268.1871643066406
2020-05-12,293.7900085449219,286.6700134277344,262.8418273925781
2020-05-13,286.05999755859375,281.6000061035156,258.1932373046875
2020-05-14,278.95001220703125,284.9700012207031,261.2830810546875
2020-05-15,282.3699951171875,286.2799987792969,262.4842224121094
2020-05-18,293.04998779296875,295.0,270.4793701171875
2020-05-19,294.3500061035156,291.9700012207031,267.7013244628906
2020-05-20,295.82000732421875,296.92999267578125,272.2489929199219
2020-05-21,296.7900085449219,294.8800048828125,270.369384765625
2020-05-22,294.57000732421875,295.44000244140625,270.8828430175781
2020-05-26,301.92999267578125,299.0799865722656,274.2203063964844
2020-05-27,302.1199951171875,303.5299987792969,278.3003845214844
2020-05-28,304.6499938964844,302.9700012207031,277.78704833984375
2020-05-29,302.4599914550781,304.32000732421875,279.0247497558594
2020-06-01,303.6199951171875,305.54998779296875,280.1524963378906
2020-06-02,306.54998779296875,308.0799865722656,282.4721984863281
2020-06-03,310.239990234375,312.17999267578125,286.23138427734375
2020-06-04,311.1099853515625,311.3599853515625,285.4795227050781
2020-06-05,317.2300109863281,319.3399963378906,292.7961730957031
2020-06-08,320.2200012207031,323.20001220703125,296.3354187011719
2020-06-09,320.29998779296875,320.7900085449219,294.1257629394531
2020-06-10,321.4200134277344,319.0,292.4845275878906
2020-06-11,311.4599914550781,300.6099853515625,275.6230773925781
2020-06-12,308.239990234375,304.2099914550781,278.923828125
2020-06-15,298.0199890136719,307.04998779296875,281.5278015136719
2020-06-16,315.4800109863281,312.9599914550781,286.9465637207031
2020-06-17,314.07000732421875,311.6600036621094,285.7546081542969
2020-06-18,310.010009765625,311.7799987792969,285.8646545410156
2020-06-19,314.1700134277344,308.6400146484375,284.23095703125
2020-06-22,307.989990234375,310.6199951171875,286.05426025390625
2020-06-23,313.489990234375,312.04998779296875,287.37127685546875
2020-06-24,309.8399963378906,304.0899963378906,280.0408020019531
2020-06-25,303.4700012207031,307.3500061035156,283.0429992675781
2020-06-26,306.1600036621094,300.04998779296875,276.3202819824219
2020-06-29,301.4100036621094,304.4599914550781,280.38153076171875
2020-06-30,303.989990234375,308.3599853515625,283.97314453125
2020-07-01,309.57000732421875,310.5199890136719,285.9622497558594
2020-07-02,314.239990234375,312.2300109863281,287.53704833984375
2020-07-06,316.3699951171875,317.04998779296875,291.9758605957031
2020-07-07,315.3800048828125,313.7799987792969,288.9643859863281
2020-07-08,314.6099853515625,316.17999267578125,291.1746520996094
2020-07-09,316.8399963378906,314.3800048828125,289.51690673828125
2020-07-10,314.30999755859375,317.5899963378906,292.4730529785156
2020-07-13,320.1300048828125,314.8399963378906,289.9405822753906
2020-07-14,313.29998779296875,318.9200134277344,293.69805908203125
2020-07-15,322.4100036621094,321.8500061035156,296.39617919921875
2020-07-16,319.7900085449219,320.7900085449219,295.42010498046875
2020-07-17,321.8800048828125,321.7200012207031,296.2763977050781
2020-07-20,321.42999267578125,324.32000732421875,298.6708984375
2020-07-21,326.45001220703125,325.010009765625,299.3062744140625
2020-07-22,324.6199951171875,326.8599853515625,301.010009765625
2020-07-23,326.4700012207031,322.9599914550781,297.41845703125
2020-07-24,320.95001220703125,320.8800048828125,295.5029296875
2020-07-27,321.6300048828125,323.2200012207031,297.6578063964844
2020-07-28,322.42999267578125,321.1700134277344,295.7699890136719
2020-07-29,322.1199951171875,325.1199951171875,299.4075927734375
2020-07-30,321.8999938964844,323.9599914550781,298.3393249511719
2020-07-31,325.8999938964844,326.5199890136719,300.6968688964844
2020-08-03,328.32000732421875,328.7900085449219,302.7873840332031
2020-08-04,327.8599853515625,330.05999755859375,303.9570007324219
2020-08-05,331.4700012207031,332.1099853515625,305.84478759765625
2020-08-06,331.4800109863281,334.3299865722656,307.88922119140625
2020-08-07,333.2799987792969,334.57000732421875,308.11029052734375
2020-08-10,335.05999755859375,335.57000732421875,309.0312194824219
2020-08-11,336.8500061035156,332.79998779296875,306.4801940917969
2020-08-12,335.44000244140625,337.44000244140625,310.7532653808594
2020-08-13,336.6099853515625,336.8299865722656,310.1915283203125
2020-08-14,336.4100036621094,336.8399963378906,310.2007141113281
2020-08-17,337.94000244140625,337.9100036621094,311.18609619140625
2020-08-18,338.3399963378906,338.6400146484375,311.85833740234375
2020-08-19,339.04998779296875,337.2300109863281,310.5597839355469
2020-08-20,335.3599853515625,338.2799987792969,311.5268249511719
2020-08-21,337.9200134277344,339.4800109863281,312.6319274902344
2020-08-24,342.1199951171875,342.9200134277344,315.79986572265625
2020-08-25,343.5299987792969,344.1199951171875,316.9049377441406
2020-08-26,344.760009765625,347.57000732421875,320.0820617675781
2020-08-27,348.510009765625,348.3299865722656,320.781982421875
2020-08-28,349.44000244140625,350.5799865722656,322.85406494140625
2020-08-31,350.3500061035156,349.30999755859375,321.68450927734375
2020-09-01,350.2099914550781,352.6000061035156,324.7143249511719
2020-09-02,354.6700134277344,357.70001220703125,329.41094970703125
2020-09-03,355.8699951171875,345.3900146484375,318.07464599609375
2020-09-04,346.1300048828125,342.57000732421875,315.47760009765625
2020-09-08,336.7099914550781,333.2099914550781,306.8577880859375
2020-09-09,337.54998779296875,339.7900085449219,312.9173889160156
2020-09-10,341.82000732421875,333.8900146484375,307.48406982421875
2020-09-11,335.82000732421875,334.05999755859375,307.640625
2020-09-14,337.489990234375,338.4599914550781,311.6926574707031
2020-09-15,341.1199951171875,340.1700134277344,313.2674560546875
2020-09-16,341.510009765625,338.82000732421875,312.0242004394531
2020-09-17,333.55999755859375,335.8399963378906,309.27978515625
2020-09-18,335.3699951171875,330.6499938964844,305.71917724609375
2020-09-21,325.70001220703125,326.9700012207031,302.316650390625
2020-09-22,328.57000732421875,330.29998779296875,305.3955993652344
2020-09-23,330.8999938964844,322.6400146484375,298.3131408691406
2020-09-24,321.2200012207031,323.5,299.1082458496094
2020-09-25,322.5799865722656,328.7300109863281,303.9439697265625
2020-09-28,333.2200012207031,334.19000244140625,308.9921875
2020-09-29,333.9700012207031,332.3699951171875,307.3095703125
2020-09-30,333.0899963378906,334.8900146484375,309.6394958496094
2020-10-01,337.69000244140625,337.0400085449219,311.6274108886719
2020-10-02,331.70001220703125,333.8399963378906,308.6686706542969
2020-10-05,336.05999755859375,339.760009765625,314.14227294921875
2020-10-06,339.9100036621094,334.92999267578125,309.6764221191406
2020-10-07,338.1199951171875,340.760009765625,315.06695556640625
2020-10-08,342.8500061035156,343.7799987792969,317.8591613769531
2020-10-09,345.55999755859375,346.8500061035156,320.6977233886719
2020-10-12,349.5899963378906,352.42999267578125,325.85699462890625
2020-10-13,352.2799987792969,350.1300048828125,323.7303466796875
2020-10-14,350.75,347.92999267578125,321.6962585449219
2020-10-15,343.7099914550781,347.5,321.29864501953125
2020-10-16,348.9599914550781,347.2900085449219,321.1044616699219
2020-10-19,348.6499938964844,342.010009765625,316.2226867675781
2020-10-20,343.4599914550781,343.3800048828125,317.4893493652344
2020-10-21,343.3299865722656,342.7300109863281,316.888427734375
2020-10-22,342.9599914550781,344.6099853515625,318.6265563964844
2020-10-23,345.92999267578125,345.7799987792969,319.7084045410156
2020-10-26,342.1300048828125,339.3900146484375,313.8002014160156
2020-10-27,339.760009765625,338.2200012207031,312.71844482421875
2020-10-28,332.1000061035156,326.6600036621094,302.030029296875
2020-10-29,326.9100036621094,329.9800109863281,305.0997619628906
2020-10-30,328.2799987792969,326.5400085449219,301.91900634765625
2020-11-02,330.20001220703125,330.20001220703125,305.3031005859375
2020-11-03,333.69000244140625,336.0299987792969,310.69354248046875
2020-11-04,340.8599853515625,343.5400085449219,317.63726806640625
2020-11-05,349.239990234375,350.239990234375,323.8321533203125
2020-11-06,349.92999267578125,350.1600036621094,323.758056640625
2020-11-09,363.9700012207031,354.55999755859375,327.8263244628906
2020-11-10,353.489990234375,354.0400085449219,327.3455810546875
2020-11-11,356.3999938964844,356.6700134277344,329.77728271484375
2020-11-12,355.5799865722656,353.2099914550781,326.5781555175781
2020-11-13,355.2699890136719,358.1000061035156,331.0995178222656
2020-11-16,360.9800109863281,362.57000732421875,335.2323303222656
2020-11-17,359.9700012207031,360.6199951171875,333.4294738769531
2020-11-18,360.9100036621094,356.2799987792969,329.4166259765625
2020-11-19,355.6000061035156,357.7799987792969,330.8036193847656
2020-11-20,357.5,355.3299865722656,328.53826904296875
2020-11-23,357.2799987792969,357.4599914550781,330.5076599121094
2020-11-24,360.2099914550781,363.2200012207031,335.83349609375
2020-11-25,363.1300048828125,362.6600036621094,335.31561279296875
2020-11-27,363.8399963378906,363.6700134277344,336.2494812011719
2020-11-30,362.8299865722656,362.05999755859375,334.7608642578125
2020-12-01,365.57000732421875,366.0199890136719,338.4222106933594
2020-12-02,364.82000732421875,366.7900085449219,339.13421630859375
2020-12-03,366.67999267578125,366.69000244140625,339.0417785644531
2020-12-04,367.32000732421875,369.8500061035156,341.9635314941406
2020-12-07,369.0199890136719,369.0899963378906,341.2608337402344
2020-12-08,367.7200012207031,370.1700134277344,342.25933837890625
2020-12-09,370.8800048828125,366.8500061035156,339.1897277832031
2020-12-10,365.3699951171875,366.7300109863281,339.0787658691406
2020-12-11,364.8999938964844,366.29998779296875,338.68115234375
2020-12-14,368.6400146484375,364.6600036621094,337.164794921875
2020-12-15,367.3999938964844,369.5899963378906,341.7230224609375
2020-12-16,369.82000732421875,370.1700134277344,342.25933837890625
2020-12-17,371.94000244140625,372.239990234375,344.1733093261719
2020-12-18,370.9700012207031,369.17999267578125,342.79901123046875
2020-12-21,364.9700012207031,367.8599853515625,341.5733337402344
2020-12-22,368.2099914550781,367.239990234375,340.99774169921875
2020-12-23,368.2799987792969,367.57000732421875,341.3040771484375
2020-12-24,368.0799865722656,369.0,342.6319274902344
2020-12-28,371.739990234375,372.1700134277344,345.575439453125
2020-12-29,373.80999755859375,371.4599914550781,344.9161376953125
2020-12-30,372.3399963378906,371.989990234375,345.408203125
2020-12-31,371.7799987792969,373.8800048828125,347.1632080078125
2021-01-04,375.30999755859375,368.7900085449219,342.4368896484375
2021-01-05,368.1000061035156,371.3299865722656,344.79541015625
2021-01-06,369.7099914550781,373.54998779296875,346.8568420410156
2021-01-07,376.1000061035156,379.1000061035156,352.0102233886719
2021-01-08,380.5899963378906,381.260009765625,354.0158996582031
2021-01-11,377.8500061035156,378.69000244140625,351.6294860839844
2021-01-12,378.8900146484375,378.7699890136719,351.7038269042969
2021-01-13,378.69000244140625,379.7900085449219,352.65093994140625
2021-01-14,380.5899963378906,378.4599914550781,351.4158935546875
2021-01-15,376.7200012207031,375.70001220703125,348.8531188964844
2021-01-19,378.3399963378906,378.6499938964844,351.5923156738281
2021-01-20,381.1099853515625,383.8900146484375,356.45794677734375
2021-01-21,384.489990234375,384.239990234375,356.7828674316406
2021-01-22,382.25,382.8800048828125,355.52008056640625
2021-01-25,383.6700134277344,384.3900146484375,356.9221496582031
2021-01-26,385.4100036621094,383.7900085449219,356.3650817871094
2021-01-27,380.2200012207031,374.4100036621094,347.65533447265625
2021-01-28,376.3599853515625,377.6300048828125,350.64520263671875
2021-01-29,375.6300048828125,370.07000732421875,343.6254577636719
2021-02-01,373.7200012207031,376.2300109863281,349.34527587890625
2021-02-02,379.6499938964844,381.54998779296875,354.28515625
2021-02-03,382.44000244140625,381.8500061035156,354.563720703125
2021-02-04,382.9599914550781,386.19000244140625,358.5935974121094
2021-02-05,388.20001220703125,387.7099914550781,360.0048828125
2021-02-08,389.2699890136719,390.510009765625,362.6048278808594
2021-02-09,389.6099853515625,390.25,362.3634338378906
2021-02-10,392.1199951171875,390.0799865722656,362.20556640625
2021-02-11,391.239990234375,390.7099914550781,362.7906188964844
2021-02-12,389.8500061035156,392.6400146484375,364.58270263671875
2021-02-16,393.9599914550781,392.29998779296875,364.26690673828125
2021-02-17,390.4200134277344,392.3900146484375,364.3505554199219
2021-02-18,389.5899963378906,390.7200012207031,362.7998352050781
2021-02-19,392.07000732421875,390.0299987792969,362.1591491699219
2021-02-22,387.05999755859375,387.0299987792969,359.37347412109375
2021-02-23,384.6600036621094,387.5,359.8099365234375
2021-02-24,386.3299865722656,391.7699890136719,363.7748718261719
2021-02-25,390.4100036621094,382.3299865722656,355.00933837890625
2021-02-26,384.3500061035156,380.3599853515625,353.1800842285156
2021-03-01,385.5899963378906,389.5799865722656,361.74127197265625
2021-03-02,389.82000732421875,386.5400085449219,358.9186096191406
2021-03-03,385.7900085449219,381.4200134277344,354.16448974609375
2021-03-04,381.2200012207031,376.70001220703125,349.78167724609375
2021-03-05,380.4599914550781,383.6300048828125,356.2164306640625
2021-03-08,384.6600036621094,381.7200012207031,354.4429626464844
2021-03-09,385.8500061035156,387.1700134277344,359.5035400390625
2021-03-10,389.69000244140625,389.5799865722656,361.74127197265625
2021-03-11,392.2300109863281,393.5299987792969,365.4090881347656
2021-03-12,392.07000732421875,394.05999755859375,365.9010925292969
2021-03-15,394.3299865722656,396.4100036621094,368.0832214355469
2021-03-16,397.07000732421875,395.9100036621094,367.6190490722656
2021-03-17,394.5299987792969,397.260009765625,368.8724670410156
2021-03-18,394.4800109863281,391.4800109863281,363.50555419921875
2021-03-19,389.8800048828125,389.4800109863281,362.8329162597656
2021-03-22,390.0299987792969,392.5899963378906,365.730224609375
2021-03-23,391.9100036621094,389.5,362.8515319824219
2021-03-24,391.0,387.5199890136719,361.00701904296875
2021-03-25,385.9800109863281,389.70001220703125,363.037841796875
2021-03-26,390.92999267578125,395.9800109863281,368.8882141113281
2021-03-29,394.3999938964844,395.7799987792969,368.7018737792969
2021-03-30,394.4200134277344,394.7300109863281,367.7237548828125
2021-03-31,395.3399963378906,396.3299865722656,369.2142639160156
2021-04-01,398.3999938964844,400.6099853515625,373.201416015625
2021-04-05,403.4599914550781,406.3599853515625,378.5580749511719
2021-04-06,405.760009765625,406.1199951171875,378.3345031738281
2021-04-07,405.94000244140625,406.5899963378906,378.7723388671875
2021-04-08,407.92999267578125,408.5199890136719,380.5702819824219
2021-04-09,408.3900146484375,411.489990234375,383.3370666503906
2021-04-12,410.8500061035156,411.6400146484375,383.4768371582031
2021-04-13,411.5299987792969,412.8599853515625,384.6133728027344
2021-04-14,412.8299865722656,411.45001220703125,383.2998962402344
2021-04-15,413.739990234375,415.8699951171875,387.4173889160156
2021-04-16,417.25,417.260009765625,388.7123718261719
2021-04-19,416.260009765625,415.2099914550781,386.80255126953125
2021-04-20,413.9100036621094,412.1700134277344,383.97064208984375
2021-04-21,411.510009765625,416.07000732421875,387.6037292480469
2021-04-22,415.8900146484375,412.2699890136719,384.0636901855469
2021-04-23,412.8699951171875,416.739990234375,388.2278747558594
2021-04-26,417.44000244140625,417.6099853515625,389.03839111328125
2021-04-27,417.92999267578125,417.5199890136719,388.9544982910156
2021-04-28,417.80999755859375,417.3999938964844,388.8426818847656
2021-04-29,420.32000732421875,420.05999755859375,391.32080078125
2021-04-30,417.6300048828125,417.29998779296875,388.7495422363281
2021-05-03,419.42999267578125,418.20001220703125,389.58795166015625
2021-05-04,416.07000732421875,415.6199951171875,387.1845703125
2021-05-05,417.3800048828125,415.75,387.30560302734375
2021-05-06,415.8299865722656,419.07000732421875,390.3984680175781
2021-05-07,419.8900146484375,422.1199951171875,393.2397155761719
2021-05-10,422.5,417.94000244140625,389.34576416015625
2021-05-11,413.1000061035156,414.2099914550781,385.8710021972656
2021-05-12,411.2300109863281,405.4100036621094,377.6730651855469
2021-05-13,407.07000732421875,410.2799987792969,382.2099304199219
2021-05-14,413.2099914550781,416.5799865722656,388.0787658691406
2021-05-17,415.3900146484375,415.5199890136719,387.09130859375
2021-05-18,415.79998779296875,411.94000244140625,383.75634765625
2021-05-19,406.9200134277344,410.8599853515625,382.7501525878906
2021-05-20,411.79998779296875,415.2799987792969,386.86773681640625
2021-05-21,416.8699951171875,414.94000244140625,386.551025390625
2021-05-24,417.3399963378906,419.1700134277344,390.4916076660156
2021-05-25,420.3299865722656,418.239990234375,389.62530517578125
2021-05-26,418.8699951171875,419.07000732421875,390.3984680175781
2021-05-27,420.1700134277344,419.2900085449219,390.6034851074219
2021-05-28,420.9700012207031,420.0400085449219,391.3021545410156
2021-06-01,422.57000732421875,419.6700134277344,390.9574890136719
2021-06-02,420.3699951171875,420.3299865722656,391.5722961425781
2021-06-03,417.8500061035156,418.7699890136719,390.11907958984375
2021-06-04,420.75,422.6000061035156,393.68701171875
2021-06-07,422.5899963378906,422.19000244140625,393.3050231933594
2021-06-08,423.1099853515625,422.2799987792969,393.3889465332031
2021-06-09,423.17999267578125,421.6499938964844,392.8019104003906
2021-06-10,422.9599914550781,423.6099853515625,394.62786865234375
2021-06-11,424.20001220703125,424.30999755859375,395.2799987792969
2021-06-14,424.42999267578125,425.260009765625,396.1650085449219
2021-06-15,425.4200134277344,424.4800109863281,395.4383544921875
2021-06-16,424.6300048828125,422.1099853515625,393.2304992675781
2021-06-17,421.6700134277344,421.9700012207031,393.10015869140625
2021-06-18,417.0899963378906,414.9200134277344,387.7969970703125
2021-06-21,416.79998779296875,420.8599853515625,393.34869384765625
2021-06-22,420.8500061035156,423.1099853515625,395.4516296386719
2021-06-23,423.19000244140625,422.6000061035156,394.9749755859375
2021-06-24,424.8900146484375,425.1000061035156,397.31146240234375
2021-06-25,425.8999938964844,426.6099853515625,398.7227783203125
2021-06-28,427.1700134277344,427.4700012207031,399.526611328125
2021-06-29,427.8800048828125,427.70001220703125,399.7416076660156
2021-06-30,427.2099914550781,428.05999755859375,400.0780334472656
2021-07-01,428.8699951171875,430.42999267578125,402.2930603027344
2021-07-02,431.6700134277344,433.7200012207031,405.3680114746094
2021-07-06,433.7799987792969,432.92999267578125,404.62969970703125
2021-07-07,433.6600036621094,434.4599914550781,406.0596618652344
2021-07-08,428.7799987792969,430.9200134277344,402.75115966796875
2021-07-09,432.5299987792969,435.5199890136719,407.05035400390625
2021-07-12,435.42999267578125,437.0799865722656,408.5083923339844
2021-07-13,436.239990234375,435.5899963378906,407.11578369140625
2021-07-14,437.3999938964844,436.239990234375,407.7232971191406
2021-07-15,434.80999755859375,434.75,406.33074951171875
2021-07-16,436.010009765625,431.3399963378906,403.14361572265625
2021-07-19,426.19000244140625,424.9700012207031,397.1900329589844
2021-07-20,425.67999267578125,431.05999755859375,402.88189697265625
2021-07-21,432.3399963378906,434.54998779296875,406.1437683105469
2021-07-22,434.739990234375,435.4599914550781,406.9942626953125
2021-07-23,437.5199890136719,439.94000244140625,411.1814880371094
2021-07-26,439.30999755859375,441.0199890136719,412.1908264160156
2021-07-27,439.9100036621094,439.010009765625,410.3122863769531
2021-07-28,439.67999267578125,438.8299865722656,410.1440124511719
2021-07-29,439.82000732421875,440.6499938964844,411.8450622558594
2021-07-30,437.9100036621094,438.510009765625,409.8450012207031
2021-08-02,440.3399963378906,437.5899963378906,408.9850769042969
2021-08-03,438.44000244140625,441.1499938964844,412.31231689453125
2021-08-04,439.7799987792969,438.9800109863281,410.2841491699219
2021-08-05,440.2200012207031,441.760009765625,412.88250732421875
2021-08-06,442.1000061035156,442.489990234375,413.5647277832031
2021-08-09,442.4599914550781,442.1300048828125,413.228271484375
2021-08-10,442.6099853515625,442.67999267578125,413.7423400878906
2021-08-11,443.82000732421875,443.7799987792969,414.7703552246094
2021-08-12,443.6199951171875,445.1099853515625,416.013427734375
2021-08-13,445.5899963378906,445.9200134277344,416.7704772949219
2021-08-16,444.5299987792969,446.9700012207031,417.751953125
2021-08-17,444.239990234375,444.0400085449219,415.0133972167969
2021-08-18,442.9599914550781,439.17999267578125,410.4710693359375
2021-08-19,436.2699890136719,439.8599853515625,411.106689453125
2021-08-20,440.2300109863281,443.3599853515625,414.3777770996094
2021-08-23,445.1600036621094,447.260009765625,418.02294921875
2021-08-24,447.9700012207031,447.9700012207031,418.6864929199219
2021-08-25,448.1700134277344,448.9100036621094,419.56512451171875
2021-08-26,448.6099853515625,446.260009765625,417.0883483886719
2021-08-27,447.1199951171875,450.25,420.8174743652344
2021-08-30,450.9700012207031,452.2300109863281,422.6680908203125
2021-08-31,452.1300048828125,451.55999755859375,422.04193115234375
2021-09-01,452.55999755859375,451.79998779296875,422.2662353515625
2021-09-02,453.32000732421875,453.19000244140625,423.5652770996094
2021-09-03,451.9800109863281,453.0799865722656,423.46246337890625
2021-09-07,452.7099914550781,451.4599914550781,421.948486328125
2021-09-08,450.8900146484375,450.9100036621094,421.4343566894531
2021-09-09,450.70001220703125,448.9800109863281,419.6304931640625
2021-09-10,451.0400085449219,445.44000244140625,416.3219299316406
2021-09-13,448.6400146484375,446.5799865722656,417.3873596191406
2021-09-14,448.1199951171875,444.1700134277344,415.1348876953125
2021-09-15,444.6199951171875,447.8800048828125,418.6023864746094
2021-09-16,447.32000732421875,447.1700134277344,417.9388122558594
2021-09-17,444.9200134277344,441.3999938964844,413.86767578125
2021-09-20,434.8800048828125,434.0400085449219,406.9668273925781
2021-09-21,436.5299987792969,433.6300048828125,406.58233642578125
2021-09-22,436.04998779296875,437.8599853515625,410.5484619140625
2021-09-23,439.8500061035156,443.17999267578125,415.5365905761719
2021-09-24,441.44000244140625,443.9100036621094,416.2210998535156
2021-09-27,442.80999755859375,442.6400146484375,415.0302734375
2021-09-28,439.69000244140625,433.7200012207031,406.66668701171875
2021-09-29,435.19000244140625,434.45001220703125,407.3512268066406
2021-09-30,436.0199890136719,429.1400146484375,402.3723449707031
2021-10-01,430.9800109863281,434.239990234375,407.1542663574219
2021-10-04,433.0,428.6400146484375,401.90362548828125
2021-10-05,430.239990234375,433.1000061035156,406.0854187011719
2021-10-06,429.2699890136719,434.8999938964844,407.7731018066406
2021-10-07,438.3900146484375,438.6600036621094,411.2986145019531
2021-10-08,439.4800109863281,437.8599853515625,410.5484619140625
2021-10-11,437.1600036621094,434.69000244140625,407.5762023925781
2021-10-12,435.6700134277344,433.6199951171875,406.5729675292969
2021-10-13,434.7099914550781,435.17999267578125,408.0356140136719
2021-10-14,439.0799865722656,442.5,414.8990478515625
2021-10-15,444.75,445.8699951171875,418.058837890625
2021-10-18,443.9700012207031,447.19000244140625,419.2965087890625
2021-10-19,448.9200134277344,450.6400146484375,422.53131103515625
2021-10-20,451.1300048828125,452.4100036621094,424.19091796875
2021-10-21,451.7699890136719,453.5899963378906,425.2973937988281
2021-10-22,453.1300048828125,453.1199951171875,424.8565979003906
2021-10-25,454.2799987792969,455.54998779296875,427.13507080078125
2021-10-26,457.20001220703125,455.9599914550781,427.51953125
2021-10-27,456.45001220703125,453.94000244140625,425.6253967285156
2021-10-28,455.4599914550781,458.32000732421875,429.7322692871094
2021-10-29,455.8699951171875,459.25,430.6042785644531
2021-11-01,460.29998779296875,460.0400085449219,431.344970703125
2021-11-02,460.2200012207031,461.8999938964844,433.0889587402344
2021-11-03,461.29998779296875,464.7200012207031,435.73309326171875
2021-11-04,465.3599853515625,466.9100036621094,437.78643798828125
2021-11-05,469.2799987792969,468.5299987792969,439.305419921875
2021-11-08,469.70001220703125,468.92999267578125,439.68048095703125
2021-11-09,469.32000732421875,467.3800048828125,438.2272033691406
2021-11-10,465.5799865722656,463.6199951171875,434.70172119140625
2021-11-11,465.2099914550781,463.7699890136719,434.84234619140625
2021-11-12,465.1199951171875,467.2699890136719,438.1240234375
2021-11-15,468.6400146484375,467.42999267578125,438.2740478515625
2021-11-16,467.1499938964844,469.2799987792969,440.0086364746094
2021-11-17,469.0,468.1400146484375,438.93975830078125
2021-11-18,469.239990234375,469.7300109863281,440.4306335449219
2021-11-19,469.6099853515625,468.8900146484375,439.6430358886719
2021-11-22,470.8900146484375,467.57000732421875,438.4053649902344
2021-11-23,467.2200012207031,468.19000244140625,438.9866943359375
2021-11-24,466.05999755859375,469.44000244140625,440.1586608886719
2021-11-26,462.3399963378906,458.9700012207031,430.34173583984375
2021-11-29,464.07000732421875,464.6000061035156,435.6205749511719
2021-11-30,462.0,455.55999755859375,427.14447021484375
2021-12-01,461.6400146484375,450.5,422.40008544921875
2021-12-02,450.7300109863281,457.3999938964844,428.8697204589844
2021-12-03,459.1700134277344,453.4200134277344,425.137939453125
2021-12-06,456.1300048828125,458.7900085449219,430.1729431152344
2021-12-07,464.4100036621094,468.2799987792969,439.071044921875
2021-12-08,468.70001220703125,469.5199890136719,440.23370361328125
2021-12-09,468.1499938964844,466.3500061035156,437.2613830566406
2021-12-10,469.2300109863281,470.739990234375,441.3775939941406
2021-12-13,470.19000244140625,466.57000732421875,437.46771240234375
2021-12-14,463.0899963378906,463.3599853515625,434.4579162597656
2021-12-15,463.4200134277344,470.6000061035156,441.246337890625
2021-12-16,472.57000732421875,466.45001220703125,437.3551940917969
2021-12-17,461.54998779296875,459.8699951171875,432.7004699707031
2021-12-20,454.4800109863281,454.9800109863281,428.099365234375
2021-12-21,458.6099853515625,463.05999755859375,435.70196533203125
2021-12-22,462.7900085449219,467.69000244140625,440.05841064453125
2021-12-23,468.75,470.6000061035156,442.7965393066406
2021-12-27,472.05999755859375,477.260009765625,449.06298828125
2021-12-28,477.7200012207031,476.8699951171875,448.6961364746094
2021-12-29,476.9800109863281,477.4800109863281,449.2699890136719
2021-12-30,477.92999267578125,476.1600036621094,448.0280456542969
2021-12-31,475.6400146484375,474.9599914550781,446.89886474609375
2022-01-03,476.29998779296875,477.7099914550781,449.48638916015625
2022-01-04,479.2200012207031,477.54998779296875,449.3359069824219
2022-01-05,477.1600036621094,468.3800048828125,440.7076416015625
2022-01-06,467.8900146484375,467.94000244140625,440.2936706542969
2022-01-07,467.95001220703125,466.0899963378906,438.55291748046875
2022-01-10,462.70001220703125,465.510009765625,438.0072021484375
2022-01-11,465.2300109863281,469.75,441.9967346191406
2022-01-12,471.5899963378906,471.0199890136719,443.19171142578125
2022-01-13,472.19000244140625,464.5299987792969,437.08514404296875
2022-01-14,461.19000244140625,464.7200012207031,437.2639465332031
2022-01-18,459.739990234375,456.489990234375,429.5201721191406
2022-01-19,458.1300048828125,451.75,425.0601501464844
2022-01-20,453.75,446.75,420.35552978515625
2022-01-21,445.55999755859375,437.9800109863281,412.1037902832031
2022-01-24,432.0299987792969,439.8399963378906,413.8538818359375
2022-01-25,433.05999755859375,434.4700012207031,408.8011169433594
2022-01-26,440.7200012207031,433.3800048828125,407.7754821777344
2022-01-27,438.260009765625,431.239990234375,405.7619934082031
2022-01-28,432.67999267578125,441.95001220703125,415.8392333984375
2022-01-31,441.239990234375,449.9100036621094,423.328857421875
2022-02-01,450.67999267578125,452.95001220703125,426.1893310546875
2022-02-02,455.5,457.3500061035156,430.3293762207031
2022-02-03,450.95001220703125,446.6000061035156,420.2144470214844
2022-02-04,446.3500061035156,448.70001220703125,422.19036865234375
2022-02-07,449.510009765625,447.260009765625,420.83551025390625
2022-02-08,446.7300109863281,450.94000244140625,424.2980651855469
2022-02-09,455.2200012207031,457.5400085449219,430.5081481933594
2022-02-10,451.3399963378906,449.32000732421875,422.77374267578125
2022-02-11,449.4100036621094,440.4599914550781,414.43719482421875
2022-02-14,439.9200134277344,439.0199890136719,413.082275390625
2022-02-15,443.7300109863281,446.1000061035156,419.7440490722656
2022-02-16,443.92999267578125,446.6000061035156,420.2144470214844
2022-02-17,443.2200012207031,437.05999755859375,411.23809814453125
2022-02-18,437.3299865722656,434.2300109863281,408.5753173828125
2022-02-22,431.8900146484375,429.57000732421875,404.190673828125
2022-02-23,432.6600036621094,421.95001220703125,397.0208740234375
2022-02-24,411.0199890136719,428.29998779296875,402.99560546875
2022-02-25,429.6099853515625,437.75,411.88739013671875
2022-02-28,432.0299987792969,436.6300048828125,410.8334655761719
2022-03-01,435.0400085449219,429.9800109863281,404.5763244628906
2022-03-02,432.3699951171875,437.8900146484375,412.01910400390625
2022-03-03,440.4700012207031,435.7099914550781,409.96783447265625
2022-03-04,431.75,432.1700134277344,406.6369934082031
2022-03-07,431.54998779296875,419.42999267578125,394.6496887207031
2022-03-08,419.6199951171875,416.25,391.6575927734375
2022-03-09,425.1400146484375,427.4100036621094,402.15826416015625
2022-03-10,422.5199890136719,425.4800109863281,400.34234619140625
2022-03-11,428.1199951171875,420.07000732421875,395.2519226074219
2022-03-14,420.8900146484375,417.0,392.36322021484375
2022-03-15,419.7699890136719,426.1700134277344,400.9914855957031
2022-03-16,429.8900146484375,435.6199951171875,409.8831481933594
2022-03-17,433.5899963378906,441.07000732421875,415.01123046875
2022-03-18,438.0,444.5199890136719,419.55670166015625
2022-03-21,444.3399963378906,444.3900146484375,419.43402099609375
2022-03-22,445.8599853515625,449.5899963378906,424.34197998046875
2022-03-23,446.9100036621094,443.79998779296875,418.8771667480469
2022-03-24,445.94000244140625,450.489990234375,425.19140625
2022-03-25,451.1600036621094,452.69000244140625,427.26788330078125
2022-03-28,452.05999755859375,455.9100036621094,430.3070373535156
2022-03-29,460.0199890136719,461.54998779296875,435.6303405761719
2022-03-30,460.3399963378906,458.70001220703125,432.9404296875
2022-03-31,457.8900146484375,451.6400146484375,426.2768859863281
2022-04-01,453.30999755859375,452.9200134277344,427.4850158691406
2022-04-04,453.1300048828125,456.79998779296875,431.1470642089844
2022-04-05,455.2200012207031,451.0299987792969,425.7012023925781
2022-04-06,446.8900146484375,446.5199890136719,421.44439697265625
2022-04-07,445.5899963378906,448.7699890136719,423.5679931640625
2022-04-08,447.9700012207031,447.57000732421875,422.4354553222656
2022-04-11,444.1099853515625,439.9200134277344,415.215087890625
2022-04-12,443.0799865722656,438.2900085449219,413.6766052246094
2022-04-13,438.0299987792969,443.30999755859375,418.4146423339844
2022-04-14,443.54998779296875,437.7900085449219,413.20458984375
2022-04-18,436.80999755859375,437.9700012207031,413.3745422363281
2022-04-19,437.8599853515625,445.0400085449219,420.04754638671875
2022-04-20,446.9200134277344,444.7099914550781,419.736083984375
2022-04-21,448.5400085449219,438.05999755859375,413.4595031738281
2022-04-22,436.9100036621094,426.0400085449219,402.1145935058594
2022-04-25,423.6700134277344,428.510009765625,404.44580078125
2022-04-26,425.8299865722656,416.1000061035156,392.73272705078125
2022-04-27,417.239990234375,417.2699890136719,393.8370056152344
2022-04-28,422.2900085449219,427.80999755859375,403.78509521484375
2022-04-29,423.5899963378906,412.0,388.86297607421875
2022-05-02,412.07000732421875,414.4800109863281,391.2037048339844
2022-05-03,415.010009765625,416.3800048828125,392.9969177246094
2022-05-04,417.0799865722656,429.05999755859375,404.9649963378906
2022-05-05,424.54998779296875,413.80999755859375,390.5712585449219
2022-05-06,411.1000061035156,411.3399963378906,388.24005126953125
2022-05-09,405.1000061035156,398.1700134277344,375.80963134765625
2022-05-10,404.489990234375,399.0899963378906,376.6779479980469
2022-05-11,398.07000732421875,392.75,370.694091796875
2022-05-12,389.3699951171875,392.3399963378906,370.3070068359375
2022-05-13,396.7099914550781,401.7200012207031,379.16033935546875
2022-05-16,399.9800109863281,400.0899963378906,377.6217956542969
2022-05-17,406.5299987792969,408.32000732421875,385.3896179199219
2022-05-18,403.5,391.8599853515625,369.8539733886719
2022-05-19,388.6199951171875,389.4599914550781,367.5887451171875
2022-05-20,393.25,389.6300048828125,367.7492370605469
2022-05-23,392.8299865722656,396.9200134277344,374.6298522949219
2022-05-24,392.55999755859375,393.8900146484375,371.77001953125
2022-05-25,392.30999755859375,397.3699951171875,375.0545654296875
2022-05-26,398.6700134277344,405.30999755859375,382.5487365722656
2022-05-27,407.9100036621094,415.260009765625,391.93988037109375
2022-05-31,413.54998779296875,412.92999267578125,389.7407531738281
2022-06-01,415.1700134277344,409.5899963378906,386.58831787109375
2022-06-02,409.4200134277344,417.3900146484375,393.9502868652344
2022-06-03,412.3999938964844,410.5400085449219,387.4849548339844
2022-06-06,414.7799987792969,411.7900085449219,388.6647644042969
2022-06-07,408.1000061035156,415.739990234375,392.3928527832031
2022-06-08,413.92999267578125,411.2200012207031,388.1268005371094
2022-06-09,409.3399963378906,401.44000244140625,378.89605712890625
2022-06-10,394.8800048828125,389.79998779296875,367.9096984863281
2022-06-13,379.8500061035156,375.0,353.94085693359375
2022-06-14,376.8500061035156,373.8699951171875,352.8742370605469
2022-06-15,377.3599853515625,379.20001220703125,357.9049987792969
2022-06-16,370.510009765625,366.6499938964844,346.0596923828125
2022-06-17,365.510009765625,365.8599853515625,346.8057861328125
2022-06-21,371.8900146484375,375.07000732421875,355.5361022949219
2022-06-22,370.6199951171875,374.3900146484375,354.8915100097656
2022-06-23,376.6400146484375,378.05999755859375,358.3703308105469
2022-06-24,381.3999938964844,390.0799865722656,369.76434326171875
2022-06-27,391.04998779296875,388.5899963378906,368.3518981933594
2022-06-28,390.2300109863281,380.6499938964844,360.8254699707031
2022-06-29,381.2300109863281,380.3399963378906,360.5316162109375
2022-06-30,376.239990234375,377.25,357.6025695800781
2022-07-01,376.55999755859375,381.239990234375,361.38470458984375
2022-07-05,375.8800048828125,381.9599914550781,362.0672607421875
2022-07-06,382.1099853515625,383.25,363.2900390625
2022-07-07,385.1199951171875,388.989990234375,368.73114013671875
2022-07-08,387.2699890136719,388.6700134277344,368.4277648925781
2022-07-11,385.8500061035156,384.2300109863281,364.21905517578125
2022-07-12,383.6499938964844,380.8299865722656,360.99603271484375
2022-07-13,375.1000061035156,378.8299865722656,359.1001892089844
2022-07-14,373.6099853515625,377.9100036621094,358.2281188964844
2022-07-15,382.54998779296875,385.1300048828125,365.0721130371094
2022-07-18,388.3800048828125,381.95001220703125,362.0577697753906
2022-07-19,386.0799865722656,392.2699890136719,371.84033203125
2022-07-20,392.4700012207031,394.7699890136719,374.2101135253906
2022-07-21,394.1600036621094,398.7900085449219,378.02069091796875
2022-07-22,398.9200134277344,395.0899963378906,374.5134582519531
2022-07-25,395.75,395.57000732421875,374.9683837890625
2022-07-26,393.8399963378906,390.8900146484375,370.5321350097656
2022-07-27,394.3599853515625,401.0400085449219,380.153564453125
2022-07-28,401.8900146484375,406.07000732421875,384.9216003417969
2022-07-29,407.5799865722656,411.989990234375,390.53326416015625
2022-08-01,409.1499938964844,410.7699890136719,389.37677001953125
2022-08-02,409.1199951171875,408.05999755859375,386.8078918457031
2022-08-03,410.29998779296875,414.45001220703125,392.8651428222656
2022-08-04,414.3699951171875,414.1700134277344,392.5997314453125
2022-08-05,409.6600036621094,413.4700012207031,391.9361572265625
2022-08-08,415.25,412.989990234375,391.4812316894531
2022-08-09,412.2200012207031,411.3500061035156,389.9265441894531
2022-08-10,418.7799987792969,419.989990234375,398.1166076660156
2022-08-11,422.989990234375,419.989990234375,398.1166076660156
2022-08-12,422.0299987792969,427.1000061035156,404.8563232421875
2022-08-15,424.7699890136719,428.8599853515625,406.52459716796875
2022-08-16,427.7300109863281,429.70001220703125,407.32086181640625
2022-08-17,425.9100036621094,426.6499938964844,404.4297790527344
2022-08-18,426.8599853515625,427.8900146484375,405.6051940917969
2022-08-19,424.9800109863281,422.1400146484375,400.1546936035156
2022-08-22,417.04998779296875,413.3500061035156,391.8224792480469
2022-08-23,412.8999938964844,412.3500061035156,390.87451171875
2022-08-24,412.1099853515625,413.6700134277344,392.125732421875
2022-08-25,415.239990234375,419.510009765625,397.6616516113281
2022-08-26,419.3900146484375,405.30999755859375,384.201171875
2022-08-29,402.20001220703125,402.6300048828125,381.6607666015625
2022-08-30,403.8500061035156,398.2099914550781,377.470947265625
2022-08-31,399.92999267578125,395.17999267578125,374.59881591796875
2022-09-01,392.8900146484375,396.4200134277344,375.7741394042969
2022-09-02,400.2799987792969,392.239990234375,371.8118591308594
2022-09-06,393.1300048828125,390.760009765625,370.4090270996094
2022-09-07,390.42999267578125,397.7799987792969,377.06329345703125
2022-09-08,395.3900146484375,400.3800048828125,379.5279235839844
2022-09-09,402.739990234375,406.6000061035156,385.4239807128906
2022-09-12,408.7799987792969,410.9700012207031,389.5664978027344
2022-09-13,401.8299865722656,393.1000061035156,372.6270751953125
2022-09-14,394.4700012207031,394.6000061035156,374.0489501953125
2022-09-15,392.9599914550781,390.1199951171875,369.8022766113281
2022-09-16,384.1400146484375,385.55999755859375,366.9810791015625
2022-09-19,382.260009765625,388.54998779296875,369.8269958496094
2022-09-20,385.05999755859375,384.0899963378906,365.5819396972656
2022-09-21,386.1099853515625,377.3900146484375,359.2048034667969
2022-09-22,376.5799865722656,374.2200012207031,356.1875305175781
2022-09-23,370.5799865722656,367.95001220703125,350.2196960449219
2022-09-26,366.4100036621094,364.30999755859375,346.75506591796875
2022-09-27,368.0199890136719,363.3800048828125,345.8698425292969
2022-09-28,364.3800048828125,370.5299987792969,352.67535400390625
2022-09-29,366.80999755859375,362.7900085449219,345.30828857421875
2022-09-30,361.79998779296875,357.17999267578125,339.9686279296875
2022-10-03,361.0799865722656,366.6099853515625,348.9442443847656
2022-10-04,372.3999938964844,377.9700012207031,359.7568359375
2022-10-05,373.3900146484375,377.0899963378906,358.919189453125
2022-10-06,375.6199951171875,373.20001220703125,355.2166442871094
2022-10-07,368.9700012207031,362.7900085449219,345.30828857421875
2022-10-10,363.9599914550781,360.0199890136719,342.6717834472656
2022-10-11,358.239990234375,357.739990234375,340.50164794921875
2022-10-12,358.1700134277344,356.55999755859375,339.3785095214844
2022-10-13,349.2099914550781,365.9700012207031,348.3350830078125
2022-10-14,368.54998779296875,357.6300048828125,340.3969421386719
2022-10-17,364.010009765625,366.82000732421875,349.14410400390625
2022-10-18,375.1300048828125,371.1300048828125,353.2464599609375
2022-10-19,368.989990234375,368.5,350.7431335449219
2022-10-20,368.0299987792969,365.4100036621094,347.80206298828125
2022-10-21,365.1199951171875,374.2900085449219,356.2541809082031
2022-10-24,375.8900146484375,378.8699951171875,360.6134338378906
2022-10-25,378.7900085449219,384.9200134277344,366.3719787597656
2022-10-26,381.6199951171875,382.0199890136719,363.6116638183594
2022-10-27,383.07000732421875,379.9800109863281,361.66998291015625
2022-10-28,379.8699951171875,389.0199890136719,370.2743835449219
2022-10-31,386.44000244140625,386.2099914550781,367.5997619628906
2022-11-01,390.1400146484375,384.5199890136719,365.9912109375
2022-11-02,383.8999938964844,374.8699951171875,356.80621337890625
2022-11-03,371.4700012207031,371.010009765625,353.1321716308594
2022-11-04,377.0,376.3500061035156,358.21490478515625
2022-11-07,377.7099914550781,379.95001220703125,361.64141845703125
2022-11-08,381.1099853515625,382.0,363.59259033203125
2022-11-09,379.92999267578125,374.1300048828125,356.1018371582031
2022-11-10,388.04998779296875,394.69000244140625,375.6711730957031
2022-11-11,395.5899963378906,398.510009765625,379.3070373535156
2022-11-14,396.6600036621094,395.1199951171875,376.0804138183594
2022-11-15,401.1499938964844,398.489990234375,379.2879943847656
2022-11-16,396.7799987792969,395.45001220703125,376.39453125
2022-11-17,390.4599914550781,394.239990234375,375.2428283691406
2022-11-18,397.739990234375,396.0299987792969,376.946533203125
2022-11-21,394.6400146484375,394.5899963378906,375.57598876953125
2022-11-22,396.6300048828125,399.8999938964844,380.6300964355469
2022-11-23,399.54998779296875,402.4200134277344,383.0286865234375
2022-11-25,401.8299865722656,402.3299865722656,382.9430236816406
2022-11-28,399.0899963378906,395.9100036621094,376.8323974609375
2022-11-29,396.04998779296875,395.2300109863281,376.18511962890625
2022-11-30,395.489990234375,407.67999267578125,388.03515625
2022-12-01,408.7699890136719,407.3800048828125,387.7496643066406
2022-12-02,402.25,406.9100036621094,387.30230712890625
2022-12-05,403.95001220703125,399.5899963378906,380.33502197265625
2022-12-06,399.4200134277344,393.8299865722656,374.8526306152344
2022-12-07,392.94000244140625,393.1600036621094,374.21484375
2022-12-08,395.1400146484375,396.239990234375,377.146484375
2022-12-09,394.94000244140625,393.2799987792969,374.3290710449219
2022-12-12,394.1099853515625,398.95001220703125,379.7259216308594
2022-12-13,410.2200012207031,401.9700012207031,382.6003723144531
2022-12-14,401.6099853515625,399.3999938964844,380.1541748046875
2022-12-15,394.29998779296875,389.6300048828125,370.8550109863281
2022-12-16,385.17999267578125,383.2699890136719,366.4765930175781
2022-12-19,383.4700012207031,380.0199890136719,363.3690185546875
2022-12-20,379.2300109863281,380.5400085449219,363.8662109375
2022-12-21,383.25,386.2300109863281,369.30694580078125
2022-12-22,383.04998779296875,380.7200012207031,364.0383605957031
2022-12-23,379.6499938964844,382.9100036621094,366.1323547363281
2022-12-27,382.7900085449219,381.3999938964844,364.6885681152344
2022-12-28,381.3299865722656,376.6600036621094,360.1562805175781
2022-12-29,379.6300048828125,383.44000244140625,366.6391906738281
2022-12-30,380.6400146484375,382.42999267578125,365.67340087890625
2023-01-03,384.3699951171875,380.82000732421875,364.1339416503906
2023-01-04,383.17999267578125,383.760009765625,366.9451599121094
2023-01-05,381.7200012207031,379.3800048828125,362.757080078125
2023-01-06,382.6099853515625,388.0799865722656,371.0758056640625
2023-01-09,390.3699951171875,387.8599853515625,370.865478515625
2023-01-10,387.25,390.5799865722656,373.4662780761719
2023-01-11,392.2300109863281,395.5199890136719,378.1898193359375
2023-01-12,396.6700134277344,396.9599914550781,379.5667724609375
2023-01-13,393.6199951171875,398.5,381.03924560546875
2023-01-17,398.4800109863281,397.7699890136719,380.34124755859375
2023-01-18,399.010009765625,391.489990234375,374.3363952636719
2023-01-19,389.3599853515625,388.6400146484375,371.611328125
2023-01-20,390.1000061035156,395.8800048828125,378.5340881347656
2023-01-23,396.7200012207031,400.6300048828125,383.07598876953125
2023-01-24,398.8800048828125,400.20001220703125,382.6647644042969
2023-01-25,395.95001220703125,400.3500061035156,382.8082580566406
2023-01-26,403.1300048828125,404.75,387.0154724121094
2023-01-27,403.6600036621094,405.67999267578125,387.9046630859375
2023-01-30,402.79998779296875,400.5899963378906,383.0377197265625
2023-01-31,401.1300048828125,406.4800109863281,388.66961669921875
2023-02-01,405.2099914550781,410.79998779296875,392.80035400390625
2023-02-02,414.8599853515625,416.7799987792969,398.51837158203125
2023-02-03,411.5899963378906,412.3500061035156,394.28240966796875
2023-02-06,409.7900085449219,409.8299865722656,391.8728942871094
2023-02-07,408.8699951171875,415.19000244140625,396.99798583984375
2023-02-08,413.1300048828125,410.6499938964844,392.6568908691406
2023-02-09,414.4100036621094,407.0899963378906,389.2529296875
2023-02-10,405.8599853515625,408.0400085449219,390.1612854003906
2023-02-13,408.7200012207031,412.8299865722656,394.741455078125
2023-02-14,411.239990234375,412.6400146484375,394.5596923828125
2023-02-15,410.3500061035156,413.9800109863281,395.841064453125
2023-02-16,408.7900085449219,408.2799987792969,390.3907470703125
2023-02-17,406.05999755859375,407.260009765625,389.4154968261719
2023-02-21,403.05999755859375,399.0899963378906,381.6033935546875
2023-02-22,399.5199890136719,398.5400085449219,381.07757568359375
2023-02-23,401.55999755859375,400.6600036621094,383.10467529296875
2023-02-24,395.4200134277344,396.3800048828125,379.01220703125
2023-02-27,399.8699951171875,397.7300109863281,380.3031005859375
2023-02-28,397.2300109863281,396.260009765625,378.8974914550781
2023-03-01,395.4100036621094,394.739990234375,377.44403076171875
2023-03-02,392.67999267578125,397.80999755859375,380.3795471191406
2023-03-03,399.7099914550781,404.19000244140625,386.47998046875
2023-03-06,405.04998779296875,404.4700012207031,386.7477111816406
2023-03-07,404.4200134277344,398.2699890136719,380.8193664550781
2023-03-08,398.3900146484375,398.9200134277344,381.4408874511719
2023-03-09,399.739990234375,391.55999755859375,374.40338134765625
2023-03-10,390.989990234375,385.9100036621094,369.0009765625
2023-03-13,381.80999755859375,385.3599853515625,368.4749755859375
2023-03-14,390.5,391.7300109863281,374.56597900390625
2023-03-15,385.8900146484375,389.2799987792969,372.2232666015625
2023-03-16,386.82000732421875,396.1099853515625,378.75396728515625
2023-03-17,393.2200012207031,389.989990234375,374.3252868652344
2023-03-20,390.79998779296875,393.739990234375,377.9247741699219
2023-03-21,397.239990234375,398.9100036621094,382.8870849609375
2023-03-22,398.7300109863281,392.1099853515625,376.3601379394531
2023-03-23,395.0899963378906,393.1700134277344,377.37762451171875
2023-03-24,391.8399963378906,395.75,379.85394287109375
2023-03-27,398.1199951171875,396.489990234375,380.5642395019531
2023-03-28,395.7699890136719,395.6000061035156,379.71002197265625
2023-03-29,399.92999267578125,401.3500061035156,385.2290954589844
2023-03-30,404.0899963378906,403.70001220703125,387.4846496582031
2023-03-31,404.6600036621094,409.3900146484375,392.9460754394531
2023-04-03,408.8500061035156,410.95001220703125,394.4434509277344
2023-04-04,411.6199951171875,408.6700134277344,392.25506591796875
2023-04-05,407.9100036621094,407.6000061035156,391.2279968261719
2023-04-06,406.7699890136719,409.19000244140625,392.7541198730469
2023-04-10,406.6099853515625,409.6099853515625,393.1573181152344
2023-04-11,410.260009765625,409.7200012207031,393.2629089355469
2023-04-12,411.8699951171875,408.04998779296875,391.6599426269531
2023-04-13,409.17999267578125,413.4700012207031,396.8622131347656
2023-04-14,412.80999755859375,412.4599914550781,395.8927917480469
2023-04-17,412.3699951171875,413.94000244140625,397.3133850097656
2023-04-18,415.5799865722656,414.2099914550781,397.5724792480469
2023-04-19,412.2200012207031,414.1400146484375,397.5053405761719
2023-04-20,411.2099914550781,411.8800048828125,395.3360595703125
2023-04-21,412.19000244140625,412.20001220703125,395.64324951171875
2023-04-24,411.989990234375,412.6300048828125,396.0559997558594
2023-04-25,410.5799865722656,406.0799865722656,389.76910400390625
2023-04-26,406.7200012207031,404.3599853515625,388.1181945800781
2023-04-27,407.0,412.4100036621094,395.8448181152344
2023-04-28,411.489990234375,415.92999267578125,399.2234191894531
2023-05-01,415.4700012207031,415.510009765625,398.8203125
2023-05-02,414.7699890136719,410.8399963378906,394.33782958984375
2023-05-03,411.3599853515625,408.0199890136719,391.6311340332031
2023-05-04,406.92999267578125,405.1300048828125,388.857177734375
2023-05-05,408.9100036621094,412.6300048828125,396.0559997558594
2023-05-08,412.9700012207031,412.739990234375,396.1615905761719
2023-05-09,411.1300048828125,410.92999267578125,394.4242858886719
2023-05-10,413.8800048828125,412.8500061035156,396.2671203613281
2023-05-11,411.95001220703125,412.1300048828125,395.5760498046875
2023-05-12,413.4200134277344,411.5899963378906,395.0577392578125
2023-05-15,412.2200012207031,413.010009765625,396.4207458496094
2023-05-16,411.8599853515625,410.25,393.7716369628906
2023-05-17,412.3500061035156,415.2300109863281,398.55157470703125
2023-05-18,414.8999938964844,419.2300109863281,402.390869140625
2023-05-19,420.1700134277344,418.6199951171875,401.80535888671875
2023-05-22,418.6400146484375,418.7900085449219,401.9686584472656
2023-05-23,417.0799865722656,414.0899963378906,397.4573059082031
2023-05-24,412.4200134277344,411.0899963378906,394.57781982421875
2023-05-25,414.739990234375,414.6499938964844,397.9947814941406
2023-05-26,415.3299865722656,420.0199890136719,403.1491394042969
2023-05-30,422.0299987792969,420.17999267578125,403.302734375
2023-05-31,418.2799987792969,417.8500061035156,401.0662536621094
2023-06-01,418.0899963378906,421.82000732421875,404.8768615722656
2023-06-02,424.5,427.9200134277344,410.7317810058594
2023-06-05,428.2799987792969,427.1000061035156,409.9447326660156
2023-06-06,426.6700134277344,428.0299987792969,410.83746337890625
2023-06-07,428.44000244140625,426.54998779296875,409.4168395996094
2023-06-08,426.6199951171875,429.1300048828125,411.89324951171875
2023-06-09,429.9599914550781,429.8999938964844,412.6322937011719
2023-06-12,430.9200134277344,433.79998779296875,416.3756408691406
2023-06-13,435.32000732421875,436.6600036621094,419.1207580566406
2023-06-14,437.010009765625,437.17999267578125,419.619873046875
2023-06-15,436.3299865722656,442.6000061035156,424.8222351074219
2023-06-16,443.0199890136719,439.4599914550781,423.3751525878906
2023-06-20,437.45001220703125,437.17999267578125,421.1785888671875
2023-06-21,436.1600036621094,434.94000244140625,419.02056884765625
2023-06-22,433.95001220703125,436.510009765625,420.5331115722656
2023-06-23,432.92999267578125,433.2099914550781,417.3538513183594
2023-06-26,432.6199951171875,431.44000244140625,415.648681640625
2023-06-27,432.3500061035156,436.1700134277344,420.20556640625
2023-06-28,435.04998779296875,436.3900146484375,420.41754150390625
2023-06-29,435.9599914550781,438.1099853515625,422.07452392578125
2023-06-30,441.44000244140625,443.2799987792969,427.0553283691406
2023-07-03,442.9200134277344,443.7900085449219,427.5466613769531
2023-07-05,441.9100036621094,443.1300048828125,426.9107971191406
2023-07-06,439.4200134277344,439.6600036621094,423.56787109375
2023-07-07,438.6300048828125,438.54998779296875,422.4983825683594
2023-07-10,438.17999267578125,439.6600036621094,423.56787109375
2023-07-11,440.45001220703125,442.4599914550781,426.26531982421875
2023-07-12,446.3900146484375,446.0199890136719,429.6950378417969
2023-07-13,447.8999938964844,449.55999755859375,433.1054382324219
2023-07-14,450.4800109863281,449.2799987792969,432.8357238769531
2023-07-17,449.1300048828125,450.8399963378906,434.338623046875
2023-07-18,450.5,454.19000244140625,437.5660400390625
2023-07-19,455.010009765625,455.20001220703125,438.5390625
2023-07-20,454.1700134277344,452.17999267578125,435.6296081542969
2023-07-21,453.9599914550781,452.17999267578125,435.6296081542969
2023-07-24,453.3699951171875,454.20001220703125,437.5756530761719
2023-07-25,453.9200134277344,455.44000244140625,438.770263671875
2023-07-26,454.4700012207031,455.510009765625,438.8376770019531
2023-07-27,459.0199890136719,452.489990234375,435.92822265625
2023-07-28,455.8800048828125,456.9200134277344,440.1960754394531
2023-07-31,457.4100036621094,457.7900085449219,441.0342102050781
2023-08-01,456.2699890136719,456.4800109863281,439.7721862792969
2023-08-02,453.25,450.1300048828125,433.6546630859375
2023-08-03,448.0400085449219,448.8399963378906,432.4118347167969
2023-08-04,450.7200012207031,446.80999755859375,430.4561462402344
2023-08-07,448.7099914550781,450.7099914550781,434.2133483886719
2023-08-08,448.0799865722656,448.75,432.3251953125
2023-08-09,449.0299987792969,445.75,429.4349670410156
2023-08-10,448.19000244140625,445.9100036621094,429.589111328125
2023-08-11,443.9700012207031,445.6499938964844,429.338623046875
2023-08-14,444.70001220703125,448.1099853515625,431.7085266113281
2023-08-15,446.2699890136719,442.8900146484375,426.6796569824219
2023-08-16,442.4599914550781,439.6400146484375,423.548583984375
2023-08-17,441.1600036621094,436.2900085449219,420.3211669921875
2023-08-18,433.3699951171875,436.5,420.52349853515625
2023-08-21,437.54998779296875,439.3399963378906,423.259521484375
2023-08-22,441.17999267578125,438.1499938964844,422.1131286621094
2023-08-23,439.25,443.0299987792969,426.8144836425781
2023-08-24,444.69000244140625,436.8900146484375,420.8992004394531
2023-08-25,438.67999267578125,439.9700012207031,423.866455078125
2023-08-28,442.239990234375,442.760009765625,426.55438232421875
2023-08-29,442.6499938964844,449.1600036621094,432.72015380859375
2023-08-30,449.510009765625,451.010009765625,434.5024108886719
2023-08-31,451.6499938964844,450.3500061035156,433.8665466308594
2023-09-01,453.1700134277344,451.19000244140625,434.6758117675781
2023-09-05,450.7300109863281,449.239990234375,432.79718017578125
2023-09-06,448.3999938964844,446.2200012207031,429.8876953125
2023-09-07,443.1099853515625,444.8500061035156,428.56781005859375
2023-09-08,444.8999938964844,445.5199890136719,429.2133483886719
2023-09-11,448.239990234375,448.45001220703125,432.0361328125
2023-09-12,446.95001220703125,445.989990234375,429.6661376953125
2023-09-13,446.2200012207031,446.510009765625,430.1670837402344
2023-09-14,449.07000732421875,450.3599853515625,433.8761901855469
2023-09-15,447.1400146484375,443.3699951171875,428.6487121582031
2023-09-18,443.04998779296875,443.6300048828125,428.90008544921875
2023-09-19,442.67999267578125,442.7099914550781,428.0105895996094
2023-09-20,444.010009765625,438.6400146484375,424.0757141113281
2023-09-21,435.70001220703125,431.3900146484375,417.0664978027344
2023-09-22,432.45001220703125,430.4200134277344,416.12872314453125
2023-09-25,429.1700134277344,432.2300109863281,417.87860107421875
2023-09-26,429.0899963378906,425.8800048828125,411.7394104003906
2023-09-27,427.0899963378906,426.04998779296875,411.9038391113281
2023-09-28,425.4800109863281,428.5199890136719,414.2917785644531
2023-09-29,431.6700134277344,427.4800109863281,413.2862854003906
2023-10-02,426.6199951171875,427.30999755859375,413.1219787597656
2023-10-03,425.05999755859375,421.5899963378906,407.5918884277344
2023-10-04,422.07000732421875,424.6600036621094,410.5599365234375
2023-10-05,424.3599853515625,424.5,410.4052429199219
2023-10-06,421.9700012207031,429.5400085449219,415.2779235839844
2023-10-09,427.5799865722656,432.2900085449219,417.9366149902344
2023-10-10,432.94000244140625,434.5400085449219,420.1119384765625
2023-10-11,435.6400146484375,436.32000732421875,421.8327941894531
2023-10-12,436.95001220703125,433.6600036621094,419.2611389160156
2023-10-13,435.2099914550781,431.5,417.1728515625
2023-10-16,433.82000732421875,436.0400085449219,421.5621032714844
2023-10-17,432.80999755859375,436.0199890136719,421.5427551269531
2023-10-18,434.19000244140625,430.2099914550781,415.9256896972656
2023-10-19,430.95001220703125,426.42999267578125,412.2712097167969
2023-10-20,425.9800109863281,421.19000244140625,407.20513916015625
2023-10-23,419.6099853515625,420.4599914550781,406.49932861328125
2023-10-24,422.6499938964844,423.6300048828125,409.5641174316406
2023-10-25,421.8900146484375,417.54998779296875,403.68603515625
2023-10-26,416.45001220703125,412.54998779296875,398.8520202636719
2023-10-27,414.19000244140625,410.67999267578125,397.0440979003906
2023-10-30,413.55999755859375,415.5899963378906,401.7911071777344
2023-10-31,416.17999267578125,418.20001220703125,404.314453125
2023-11-01,419.20001220703125,422.6600036621094,408.6263122558594
2023-11-02,426.5799865722656,430.760009765625,416.4574279785156
2023-11-03,433.1400146484375,434.69000244140625,420.2569274902344
2023-11-06,435.4700012207031,435.69000244140625,421.22369384765625
2023-11-07,435.69000244140625,436.92999267578125,422.4225769042969
2023-11-08,437.54998779296875,437.25,422.73187255859375
2023-11-09,438.42999267578125,433.8399963378906,419.4351806640625
2023-11-10,435.9800109863281,440.6099853515625,425.9803466796875
2023-11-13,439.2300109863281,440.19000244140625,425.5743713378906
2023-11-14,446.32000732421875,448.7300109863281,433.8307800292969
2023-11-15,450.1099853515625,449.67999267578125,434.7491760253906
2023-11-16,449.2200012207031,450.2300109863281,435.2809143066406
2023-11-17,450.239990234375,450.7900085449219,435.8223571777344
2023-11-20,450.5299987792969,454.260009765625,439.1771240234375
2023-11-21,453.17999267578125,453.2699890136719,438.22003173828125
2023-11-22,454.9800109863281,455.0199890136719,439.911865234375
2023-11-24,455.07000732421875,455.29998779296875,440.1825866699219
2023-11-27,454.6499938964844,454.4800109863281,439.3898620605469
2023-11-28,454.0799865722656,454.92999267578125,439.8249206542969
2023-11-29,457.1499938964844,454.6099853515625,439.5154724121094
2023-11-30,455.4800109863281,456.3999938964844,441.2461242675781
2023-12-01,455.7699890136719,459.1000061035156,443.8564147949219
2023-12-04,455.6000061035156,456.69000244140625,441.52642822265625
2023-12-05,455.260009765625,456.6000061035156,441.439453125
2023-12-06,458.80999755859375,454.760009765625,439.6605529785156
2023-12-07,456.9100036621094,458.2300109863281,443.01531982421875
2023-12-08,457.4599914550781,460.20001220703125,444.9199523925781
2023-12-11,459.69000244140625,461.989990234375,446.6504821777344
2023-12-12,461.6300048828125,464.1000061035156,448.6903991699219
2023-12-13,464.489990234375,470.5,454.8779296875
2023-12-14,472.5,472.010009765625,456.33782958984375
2023-12-15,469.489990234375,469.3299865722656,455.58642578125
2023-12-18,470.9800109863281,471.9700012207031,458.1491394042969
2023-12-19,472.5299987792969,474.8399963378906,460.9350891113281
2023-12-20,473.9599914550781,468.260009765625,454.54779052734375
2023-12-21,471.3299865722656,472.70001220703125,458.8577575683594
2023-12-22,473.8599853515625,473.6499938964844,459.7799072265625
2023-12-26,474.07000732421875,475.6499938964844,461.7213439941406
2023-12-27,475.44000244140625,476.510009765625,462.55621337890625
2023-12-28,476.8800048828125,476.69000244140625,462.7309265136719
2023-12-29,476.489990234375,475.30999755859375,461.39129638671875
2024-01-02,472.1600036621094,472.6499938964844,458.8091735839844
2024-01-03,470.42999267578125,468.7900085449219,455.0622863769531
2024-01-04,468.29998779296875,467.2799987792969,453.5964660644531
2024-01-05,467.489990234375,467.9200134277344,454.2177429199219
2024-01-08,468.42999267578125,474.6000061035156,460.7021179199219
2024-01-09,471.8699951171875,473.8800048828125,460.003173828125
2024-01-10,474.1600036621094,476.55999755859375,462.604736328125
2024-01-11,477.5899963378906,476.3500061035156,462.4008483886719
2024-01-12,477.8399963378906,476.67999267578125,462.7212219238281
2024-01-16,475.260009765625,474.92999267578125,461.0224304199219
2024-01-17,471.82000732421875,472.2900085449219,458.4597473144531
2024-01-18,474.010009765625,476.489990234375,462.5367736816406
2024-01-19,477.6499938964844,482.42999267578125,468.3028259277344
2024-01-22,484.010009765625,483.45001220703125,469.29296875
2024-01-23,484.010009765625,484.8599853515625,470.6616516113281
2024-01-24,487.80999755859375,485.3900146484375,471.1761474609375
2024-01-25,487.5799865722656,488.0299987792969,473.73883056640625
2024-01-26,487.5899963378906,487.4100036621094,473.1369934082031
2024-01-29,487.7300109863281,491.2699890136719,476.8839111328125
2024-01-30,490.55999755859375,490.8900146484375,476.51507568359375
2024-01-31,488.6199951171875,482.8800048828125,468.7397155761719
2024-02-01,484.6300048828125,489.20001220703125,474.8746032714844
2024-02-02,489.6499938964844,494.3500061035156,479.8737487792969
2024-02-05,493.70001220703125,492.54998779296875,478.1264343261719
2024-02-06,493.5199890136719,493.9800109863281,479.5146179199219
2024-02-07,496.2900085449219,498.1000061035156,483.51397705078125
2024-02-08,498.1000061035156,498.32000732421875,483.7275390625
2024-02-09,498.8399963378906,501.20001220703125,486.5232238769531
2024-02-12,501.1700134277344,500.9800109863281,486.3095703125
2024-02-13,494.5299987792969,494.0799865722656,479.61163330078125
2024-02-14,496.7900085449219,498.57000732421875,483.9702453613281
2024-02-15,499.2900085449219,502.010009765625,487.3094482421875
2024-02-16,501.70001220703125,499.510009765625,484.8826599121094
2024-02-20,497.7200012207031,496.760009765625,482.2132263183594
2024-02-21,495.4200134277344,497.2099914550781,482.6499938964844
2024-02-22,504.010009765625,507.5,492.638671875
2024-02-23,509.2699890136719,507.8500061035156,492.978515625
2024-02-26,508.29998779296875,505.989990234375,491.17291259765625
2024-02-27,506.70001220703125,506.92999267578125,492.0853576660156
2024-02-28,505.3299865722656,506.260009765625,491.4350280761719
2024-02-29,508.07000732421875,508.0799865722656,493.20166015625
2024-03-01,508.9800109863281,512.8499755859375,497.83203125
2024-03-04,512.030029296875,512.2999877929688,497.2981262207031
2024-03-05,510.239990234375,507.17999267578125,492.32806396484375
2024-03-06,510.54998779296875,509.75,494.82281494140625
2024-03-07,513.1400146484375,514.8099975585938,499.73468017578125
2024-03-08,515.4600219726562,511.7200012207031,496.7351379394531
2024-03-11,510.4800109863281,511.2799987792969,496.3080749511719
2024-03-12,513.4500122070312,516.780029296875,501.6470031738281
2024-03-13,517.1099853515625,515.969970703125,500.8606872558594
2024-03-14,516.969970703125,514.9500122070312,499.8705139160156
2024-03-15,510.2099914550781,509.8299865722656,496.4381408691406
2024-03-18,514.0,512.8599853515625,499.3885192871094
2024-03-19,512.1500244140625,515.7100219726562,502.16363525390625
2024-03-20,515.77001953125,520.47998046875,506.8083190917969
2024-03-21,523.3900146484375,522.2000122070312,508.4831848144531
2024-03-22,522.1099853515625,521.2100219726562,507.5193176269531
2024-03-25,519.7999877929688,519.77001953125,506.1170654296875
2024-03-26,521.22998046875,518.8099975585938,505.1822204589844
2024-03-27,521.7100219726562,523.1699829101562,509.42767333984375
2024-03-28,523.2100219726562,523.0700073242188,509.3303527832031
2024-04-01,523.8300170898438,522.1599731445312,508.4441833496094
2024-04-02,518.239990234375,518.8400268554688,505.2115173339844
2024-04-03,517.719970703125,519.4099731445312,505.7664794921875
2024-04-04,523.52001953125,513.0700073242188,499.5930480957031
2024-04-05,514.4600219726562,518.4299926757812,504.81219482421875
2024-04-08,519.1500244140625,518.719970703125,505.0945739746094
2024-04-09,520.5,519.3200073242188,505.67889404296875
2024-04-10,513.47998046875,514.1199951171875,500.61541748046875
2024-04-11,515.6799926757812,518.0,504.39349365234375
2024-04-12,514.3699951171875,510.8500061035156,497.43133544921875
2024-04-15,515.1300048828125,504.45001220703125,491.199462890625
2024-04-16,504.94000244140625,503.5299987792969,490.30364990234375
2024-04-17,506.04998779296875,500.54998779296875,487.40185546875
2024-04-18,501.9800109863281,499.5199890136719,486.39892578125
2024-04-19,499.44000244140625,495.1600036621094,482.1534729003906
2024-04-22,497.8299865722656,499.7200012207031,486.5937194824219
2024-04-23,501.7799987792969,505.6499938964844,492.3679504394531
2024-04-24,506.55999755859375,505.4100036621094,492.13421630859375
2024-04-25,499.17999267578125,503.489990234375,490.2646484375
2024-04-26,506.3500061035156,508.260009765625,494.90936279296875
2024-04-29,510.0899963378906,510.05999755859375,496.6620788574219
2024-04-30,508.55999755859375,501.9800109863281,488.7943420410156
2024-05-01,501.3800048828125,500.3500061035156,487.2071533203125
2024-05-02,504.1499938964844,505.0299987792969,491.7641906738281
2024-05-03,511.1600036621094,511.2900085449219,497.8598327636719
2024-05-06,513.75,516.5700073242188,503.0010986328125
2024-05-07,517.5599975585938,517.1400146484375,503.5561218261719
2024-05-08,515.260009765625,517.1900024414062,503.60479736328125
2024-05-09,517.3800048828125,520.1699829101562,506.50653076171875
2024-05-10,521.8099975585938,520.8400268554688,507.15899658203125
2024-05-13,522.5599975585938,520.9099731445312,507.2270202636719
2024-05-14,521.1099853515625,523.2999877929688,509.5542907714844
2024-05-15,525.8300170898438,529.780029296875,515.8640747070312
2024-05-16,529.8800048828125,528.6900024414062,514.8027954101562
2024-05-17,528.8099975585938,529.4500122070312,515.542724609375
2024-05-20,529.5700073242188,530.0599975585938,516.1367797851562
2024-05-21,529.280029296875,531.3599853515625,517.4025268554688
2024-05-22,530.6500244140625,529.8300170898438,515.912841796875
2024-05-23,532.9600219726562,525.9600219726562,512.14453125
2024-05-24,527.8499755859375,529.4400024414062,515.5330810546875
2024-05-28,530.27001953125,529.8099975585938,515.8933715820312
2024-05-29,525.6799926757812,526.0999755859375,512.28076171875
2024-05-30,524.52001953125,522.6099853515625,508.8824462890625
2024-05-31,523.5900268554688,527.3699951171875,513.5173950195312
2024-06-03,529.02001953125,527.7999877929688,513.93603515625
2024-06-04,526.4600219726562,528.3900146484375,514.5106201171875
2024-06-05,530.77001953125,534.6699829101562,520.6255493164062
2024-06-06,534.97998046875,534.6599731445312,520.6159057617188
2024-06-07,533.6599731445312,534.010009765625,519.9829711914062
2024-06-10,533.1799926757812,535.6599731445312,521.5896606445312
2024-06-11,534.0700073242188,536.9500122070312,522.8457641601562
2024-06-12,541.6300048828125,541.3599853515625,527.139892578125
2024-06-13,543.1500244140625,542.4500122070312,528.2013549804688
2024-06-14,540.8800048828125,542.780029296875,528.5227661132812
2024-06-17,542.0800170898438,547.0999755859375,532.7291259765625
2024-06-18,547.1599731445312,548.489990234375,534.0827026367188
2024-06-20,549.4400024414062,547.0,532.6317749023438
2024-06-21,544.4000244140625,544.510009765625,531.9176635742188
2024-06-24,544.3300170898438,542.739990234375,530.1886596679688
2024-06-25,543.989990234375,544.8300170898438,532.2304077148438
2024-06-26,543.6900024414062,545.510009765625,532.8945922851562
2024-06-27,545.3699951171875,546.3699951171875,533.7346801757812
2024-06-28,547.1599731445312,544.219970703125,531.6343994140625
2024-07-01,545.6300048828125,545.3400268554688,532.728515625
2024-07-02,543.7000122070312,549.010009765625,536.3136596679688
2024-07-03,548.6900024414062,551.4600219726562,538.70703125
2024-07-05,551.77001953125,554.6400146484375,541.8134765625
2024-07-08,555.4400024414062,555.280029296875,542.4386596679688
2024-07-09,556.260009765625,555.8200073242188,542.9661254882812
2024-07-10,557.0700073242188,561.3200073242188,548.3389282226562
2024-07-11,561.4400024414062,556.47998046875,543.61083984375
2024-07-12,557.6300048828125,559.989990234375,547.0397338867188
2024-07-15,562.030029296875,561.530029296875,548.5441284179688
2024-07-16,562.8699951171875,564.8599853515625,551.7969970703125
2024-07-17,558.7999877929688,556.9400024414062,544.0602416992188
2024-07-18,558.510009765625,552.6599731445312,539.879150390625
2024-07-19,552.4199829101562,548.989990234375,536.294189453125
2024-07-22,553.0,554.6500244140625,541.8231811523438
2024-07-23,554.5399780273438,553.780029296875,540.9733276367188
2024-07-24,548.8599853515625,541.22998046875,528.7135620117188
2024-07-25,541.3499755859375,538.4099731445312,525.9588012695312
2024-07-26,542.280029296875,544.4400024414062,531.8493041992188
2024-07-29,546.02001953125,544.760009765625,532.161865234375
2024-07-30,546.260009765625,542.0,529.4657592773438
2024-07-31,548.97998046875,550.8099975585938,538.0719604492188
2024-08-01,552.5700073242188,543.010009765625,530.452392578125
2024-08-02,535.75,532.9000244140625,520.5762329101562
2024-08-05,511.6400146484375,517.3800048828125,505.41510009765625
2024-08-06,519.219970703125,522.1500244140625,510.07489013671875
2024-08-07,528.469970703125,518.6599731445312,506.6654357910156
2024-08-08,523.9099731445312,530.6500244140625,518.3782958984375
2024-08-09,529.8099975585938,532.989990234375,520.6640625
2024-08-12,534.2100219726562,533.27001953125,520.9376831054688
2024-08-13,536.530029296875,542.0399780273438,529.5047607421875
2024-08-14,542.8499755859375,543.75,531.1752319335938
2024-08-15,549.5,553.0700073242188,540.2796630859375
2024-08-16,551.4199829101562,554.3099975585938,541.4910278320312
2024-08-19,554.72998046875,559.6099853515625,546.66845703125
2024-08-20,559.1500244140625,558.7000122070312,545.7794799804688
2024-08-21,559.77001953125,560.6199951171875,547.6552124023438
2024-08-22,562.5599975585938,556.219970703125,543.3568725585938
2024-08-23,559.530029296875,562.1300048828125,549.1302490234375
2024-08-26,563.1799926757812,560.7899780273438,547.8211669921875
2024-08-27,559.489990234375,561.5599975585938,548.5733642578125
2024-08-28,561.2100219726562,558.2999877929688,545.3888549804688
2024-08-29,560.3099975585938,558.3499755859375,545.4376220703125
2024-08-30,560.77001953125,563.6799926757812,550.6444091796875
2024-09-03,560.469970703125,552.0800170898438,539.3126220703125
2024-09-04,550.2000122070312,550.9500122070312,538.2088012695312
2024-09-05,550.8900146484375,549.6099853515625,536.8997192382812
2024-09-06,549.9400024414062,540.3599853515625,527.8637084960938
2024-09-09,544.6500244140625,546.4099731445312,533.7738037109375
2024-09-10,548.3599853515625,548.7899780273438,536.0986328125
2024-09-11,548.7000122070312,554.4199829101562,541.5985717773438
2024-09-12,555.010009765625,559.0900268554688,546.1605224609375
2024-09-13,559.7100219726562,562.010009765625,549.0130004882812
2024-09-16,561.739990234375,562.8400268554688,549.82373046875
2024-09-17,565.0999755859375,563.0700073242188,550.0485229492188
2024-09-18,563.739990234375,561.4000244140625,548.4171142578125
2024-09-19,571.010009765625,570.97998046875,557.7755737304688
2024-09-20,567.8400268554688,568.25,556.8114013671875
2024-09-23,569.3400268554688,569.6699829101562,558.2027587890625
2024-09-24,570.47998046875,571.2999877929688,559.7998657226562
2024-09-25,571.1400146484375,570.0399780273438,558.5653076171875
2024-09-26,574.3800048828125,572.2999877929688,560.77978515625
2024-09-27,573.3900146484375,571.469970703125,559.9664306640625
2024-09-30,570.4199829101562,573.760009765625,562.21044921875
2024-10-01,573.4000244140625,568.6199951171875,557.173828125
2024-10-02,567.7100219726562,568.8599853515625,557.4090576171875
2024-10-03,567.3599853515625,567.8200073242188,556.3900756835938
2024-10-04,572.3499755859375,572.97998046875,561.446044921875
2024-10-07,571.2999877929688,567.7999877929688,556.3704833984375
2024-10-08,570.4199829101562,573.1699829101562,561.63232421875
2024-10-09,573.1599731445312,577.1400146484375,565.5223999023438
2024-10-10,575.77001953125,576.1300048828125,564.53271484375
2024-10-11,576.0499877929688,579.5800170898438,567.913330078125
2024-10-14,581.219970703125,584.3200073242188,572.557861328125
2024-10-15,584.5900268554688,579.780029296875,568.1093139648438
2024-10-16,579.780029296875,582.2999877929688,570.5784912109375
2024-10-17,585.9099731445312,582.3499755859375,570.62744140625
2024-10-18,584.0700073242188,584.5900268554688,572.822509765625
2024-10-21,583.8499755859375,583.6300048828125,571.8817138671875
2024-10-22,581.0499877929688,583.3200073242188,571.5780029296875
2024-10-23,581.260009765625,577.989990234375,566.355224609375
2024-10-24,579.97998046875,579.239990234375,567.580078125
2024-10-25,581.510009765625,579.0399780273438,567.3840942382812
2024-10-28,582.5800170898438,580.8300170898438,569.1381225585938
2024-10-29,579.8499755859375,581.77001953125,570.0592041015625
2024-10-30,581.2899780273438,580.010009765625,568.3345947265625
2024-10-31,575.5599975585938,568.6400146484375,557.1934204101562
2024-11-01,571.3200073242188,571.0399780273438,559.5452270507812
2024-11-04,571.1799926757812,569.8099975585938,558.3399658203125
2024-11-05,570.739990234375,576.7000122070312,565.0911865234375
2024-11-06,589.2000122070312,591.0399780273438,579.1426391601562
2024-11-07,593.0800170898438,595.6099853515625,583.62060546875
2024-11-08,596.1699829101562,598.1900024414062,586.148681640625
2024-11-11,599.8099975585938,598.760009765625,586.707275390625
2024-11-12,598.6799926757812,596.9000244140625,584.8846435546875
2024-11-13,597.3699951171875,597.1900024414062,585.1687622070312
2024-11-14,597.3200073242188,593.3499755859375,581.4060668945312
2024-11-15,589.719970703125,585.75,573.9591674804688
2024-11-18,586.219970703125,588.1500244140625,576.3107299804688
2024-11-19,584.7100219726562,590.2999877929688,578.4176025390625
2024-11-20,590.3800048828125,590.5,578.6134643554688
2024-11-21,593.4000244140625,593.6699829101562,581.7196044921875
2024-11-22,593.6599731445312,595.510009765625,583.5225830078125
2024-11-25,599.52001953125,597.530029296875,585.5020141601562
2024-11-26,598.7999877929688,600.6500244140625,588.55908203125
2024-11-27,600.4600219726562,598.8300170898438,586.7757568359375
2024-11-29,599.6599731445312,602.5499877929688,590.4209594726562
2024-12-02,602.969970703125,603.6300048828125,591.4791259765625
2024-12-03,603.3900146484375,603.9099731445312,591.7535400390625
2024-12-04,605.6300048828125,607.6599731445312,595.427978515625
2024-12-05,607.6599731445312,606.6599731445312,594.4481811523438
2024-12-06,607.4400024414062,607.8099975585938,595.5750122070312
2024-12-09,607.6900024414062,604.6799926757812,592.508056640625
2024-12-10,605.3699951171875,602.7999877929688,590.6658935546875
2024-12-11,605.780029296875,607.4600219726562,595.2321166992188
2024-12-12,606.5800170898438,604.3300170898438,592.1650390625
2024-12-13,606.4000244140625,604.2100219726562,592.0474853515625
2024-12-16,606.0,606.7899780273438,594.5755615234375
2024-12-17,604.1900024414062,604.2899780273438,592.1258544921875
2024-12-18,603.97998046875,586.280029296875,574.4784545898438
2024-12-19,591.3599853515625,586.0999755859375,574.302001953125
2024-12-20,581.77001953125,591.1500244140625,581.199951171875
2024-12-23,590.8900146484375,594.6900024414062,584.6802978515625
2024-12-24,596.0599975585938,601.2999877929688,591.1790771484375
2024-12-26,599.5,601.3400268554688,591.2184448242188
2024-12-27,597.5399780273438,595.010009765625,584.9949951171875
2024-12-30,587.8900146484375,588.219970703125,578.3192138671875
2024-12-31,589.9099731445312,586.0800170898438,576.21533203125
2025-01-02,589.3900146484375,584.6400146484375,574.7994384765625
2025-01-03,587.530029296875,591.9500122070312,581.9864501953125
2025-01-06,596.27001953125,595.3599853515625,585.3389892578125
2025-01-07,597.4199829101562,588.6300048828125,578.722412109375
2025-01-08,588.7000122070312,589.489990234375,579.56787109375
2025-01-10,585.8800048828125,580.489990234375,570.7192993164062
2025-01-13,575.77001953125,581.3900146484375,571.604248046875
2025-01-14,584.3599853515625,582.1900024414062,572.3907470703125
2025-01-15,590.3300170898438,592.780029296875,582.802490234375
2025-01-16,594.1699829101562,591.6400146484375,581.6817016601562
2025-01-17,596.9600219726562,597.5800170898438,587.521728515625
2025-01-21,600.6699829101562,603.0499877929688,592.8995971679688
2025-01-22,605.9199829101562,606.4400024414062,596.2326049804688
2025-01-23,605.7999877929688,609.75,599.48681640625
2025-01-24,609.8099975585938,607.969970703125,597.73681640625
2025-01-27,594.8099975585938,599.3699951171875,589.2816162109375
2025-01-28,600.6199951171875,604.52001953125,594.3449096679688
2025-01-29,603.719970703125,601.8099975585938,591.6805419921875
2025-01-30,603.9600219726562,605.0399780273438,594.8561401367188
2025-01-31,607.5,601.8200073242188,591.6903076171875
2025-02-03,592.6699829101562,597.77001953125,587.7084350585938
2025-02-04,597.8300170898438,601.780029296875,591.6510620117188
2025-02-05,600.6400146484375,604.219970703125,594.0499877929688
2025-02-06,605.989990234375,606.3200073242188,596.1146850585938
2025-02-07,606.8900146484375,600.77001953125,590.6580810546875
2025-02-10,604.030029296875,604.8499755859375,594.6693115234375
2025-02-11,602.5499877929688,605.3099975585938,595.1215209960938
2025-02-12,599.2000122070312,603.3599853515625,593.2044067382812
2025-02-13,604.47998046875,609.72998046875,599.4671630859375
2025-02-14,609.9400024414062,609.7000122070312,599.4376220703125
2025-02-18,610.8800048828125,611.489990234375,601.1975708007812
2025-02-19,610.0800170898438,612.9299926757812,602.6133422851562
2025-02-20,611.5399780273438,610.3800048828125,600.1062622070312
2025-02-21,610.1599731445312,599.9400024414062,589.8419799804688
2025-02-24,602.02001953125,597.2100219726562,587.157958984375
2025-02-25,597.1500244140625,594.239990234375,584.2379760742188
2025-02-26,595.9299926757812,594.5399780273438,584.5327758789062
2025-02-27,596.8499755859375,585.0499877929688,575.2025146484375
2025-02-28,585.5599975585938,594.1799926757812,584.178955078125
2025-03-03,596.1799926757812,583.77001953125,573.9441528320312
2025-03-04,579.7100219726562,576.8599853515625,567.1504516601562
2025-03-05,576.6900024414062,583.0599975585938,573.24609375
2025-03-06,575.47998046875,572.7100219726562,563.0703735351562
2025-03-07,570.9000244140625,575.9199829101562,566.2262573242188
2025-03-10,567.5900268554688,560.5800170898438,551.1445922851562
2025-03-11,559.4000244140625,555.9199829101562,546.5628662109375
2025-03-12,562.1699829101562,558.8699951171875,549.4632568359375
2025-03-13,558.489990234375,551.4199829101562,542.138671875
2025-03-14,556.1099853515625,562.8099975585938,553.3369750976562
2025-03-17,562.7899780273438,567.1500244140625,557.6038818359375
2025-03-18,564.7999877929688,561.02001953125,551.5770263671875
2025-03-19,562.8300170898438,567.1300048828125,557.5841674804688
2025-03-20,563.3300170898438,565.489990234375,555.9718017578125
2025-03-21,559.280029296875,563.97998046875,556.1552124023438
2025-03-24,570.7999877929688,574.0800170898438,566.1151733398438
2025-03-25,575.2999877929688,575.4600219726562,567.4760131835938
2025-03-26,575.1900024414062,568.5900268554688,560.7013549804688
2025-03-27,567.1799926757812,567.0800170898438,559.2122802734375
2025-03-28,565.530029296875,555.6599731445312,547.95068359375
2025-03-31,549.8300170898438,559.3900146484375,551.6289672851562
2025-04-01,557.4500122070312,560.969970703125,553.1870727539062
2025-04-02,555.0499877929688,564.52001953125,556.6878051757812
2025-04-03,545.1099853515625,536.7000122070312,529.2537841796875
2025-04-04,523.6699829101562,505.2799987792969,498.2696838378906
2025-04-07,489.19000244140625,504.3800048828125,497.3822021484375
2025-04-08,521.8599853515625,496.4800109863281,489.5918273925781
2025-04-09,493.44000244140625,548.6199951171875,541.0084228515625
2025-04-10,532.1699829101562,524.5800170898438,517.3019409179688
2025-04-11,523.010009765625,533.9400024414062,526.531982421875
2025-04-14,544.0499877929688,539.1199951171875,531.6401977539062
2025-04-15,539.6699829101562,537.6099853515625,530.151123046875
2025-04-16,531.6799926757812,525.6599731445312,518.3668823242188
2025-04-17,527.6400146484375,526.4099731445312,519.1065063476562
2025-04-21,521.1599731445312,513.8800048828125,506.7503662109375
2025-04-22,520.1400146484375,527.25,519.9348754882812
2025-04-23,540.4299926757812,535.4199829101562,527.991455078125
2025-04-24,536.719970703125,546.6900024414062,539.1051635742188
2025-04-25,546.6500244140625,550.6400146484375,543.0003662109375
2025-04-28,551.3900146484375,550.8499755859375,543.2073974609375
2025-04-29,548.9099731445312,554.3200073242188,546.6292724609375
2025-04-30,547.5700073242188,554.5399780273438,546.84619140625
2025-05-01,560.3699951171875,558.469970703125,550.7217407226562
2025-05-02,564.72998046875,566.760009765625,558.896728515625
2025-05-05,562.5700073242188,563.510009765625,555.69189453125
2025-05-06,557.9299926757812,558.7999877929688,551.047119140625
2025-05-07,560.1500244140625,561.1500244140625,553.3646240234375
2025-05-08,565.239990234375,565.0599975585938,557.2202758789062
2025-05-09,566.47998046875,564.3400268554688,556.5103149414062
2025-05-12,581.469970703125,582.989990234375,574.9015502929688
2025-05-13,583.4099731445312,586.8400268554688,578.6981811523438
2025-05-14,587.8099975585938,587.5900268554688,579.4376831054688
2025-05-15,585.5599975585938,590.4600219726562,582.2678833007812
2025-05-16,591.25,594.2000122070312,585.9559936523438
2025-05-19,588.0999755859375,594.8499755859375,586.596923828125
2025-05-20,593.0900268554688,592.8499755859375,584.624755859375
2025-05-21,588.4400024414062,582.8599853515625,574.7733154296875
2025-05-22,582.6599731445312,583.0900268554688,575.0001220703125
2025-05-23,575.97998046875,579.1099853515625,571.0752563476562
2025-05-27,586.0700073242188,591.1500244140625,582.9483032226562
2025-05-28,591.5599975585938,587.72998046875,579.5757446289062
2025-05-29,593.0599975585938,590.0499877929688,581.8635864257812
2025-05-30,588.9299926757812,589.3900146484375,581.2127685546875
2025-06-02,587.760009765625,592.7100219726562,584.4866333007812
2025-06-03,592.3400268554688,596.0900268554688,587.8197631835938
2025-06-04,596.9600219726562,595.9299926757812,587.6619873046875
2025-06-05,597.6300048828125,593.0499877929688,584.8218994140625
2025-06-06,598.6599731445312,599.1400146484375,590.8274536132812
2025-06-09,599.719970703125,599.6799926757812,591.3599243164062
2025-06-10,600.219970703125,603.0800170898438,594.7128295898438
2025-06-11,604.1900024414062,601.3599853515625,593.0166625976562
2025-06-12,600.010009765625,603.75,595.3734741210938
2025-06-13,598.5,597.0,588.7172241210938
2025-06-16,600.4000244140625,602.6799926757812,594.3182983398438
2025-06-17,600.2100219726562,597.530029296875,589.2398681640625
2025-06-18,598.4400024414062,597.4400024414062,589.1510009765625
2025-06-20,598.3800048828125,594.280029296875,587.7674560546875
2025-06-23,595.0399780273438,600.1500244140625,593.572998046875
2025-06-24,604.3300170898438,606.780029296875,600.13037109375
2025-06-25,607.9099731445312,607.1199951171875,600.4666137695312
2025-06-26,608.989990234375,611.8699951171875,605.1646728515625
2025-06-27,612.8800048828125,614.9099731445312,608.1713256835938
2025-06-30,617.3800048828125,617.8499755859375,611.0790405273438
2025-07-01,616.3599853515625,617.6500244140625,610.8812866210938
2025-07-02,617.239990234375,620.4500122070312,613.6505737304688
2025-07-03,622.4500122070312,625.3400268554688,618.487060546875
2025-07-07,623.3599853515625,620.6799926757812,613.8780517578125
2025-07-08,621.3499755859375,620.3400268554688,613.5418090820312
2025-07-09,622.77001953125,624.0599975585938,617.2210083007812
2025-07-10,624.2000122070312,625.8200073242188,618.961669921875
2025-07-11,622.739990234375,623.6199951171875,616.7858276367188
2025-07-14,623.1599731445312,624.8099975585938,617.9627685546875
2025-07-15,627.52001953125,622.1400146484375,615.3220825195312
2025-07-16,623.739990234375,624.219970703125,617.3792114257812
2025-07-17,624.4000244140625,628.0399780273438,621.1574096679688
2025-07-18,629.2999877929688,627.5800170898438,620.7024536132812
2025-07-21,628.77001953125,628.77001953125,621.87939453125
2025-07-22,629.0999755859375,628.8599853515625,621.9683837890625
2025-07-23,631.5499877929688,634.2100219726562,627.259765625
2025-07-24,634.5999755859375,634.4199829101562,627.4674682617188
2025-07-25,635.0900268554688,637.0999755859375,630.1180419921875
2025-07-28,637.47998046875,636.9400024414062,629.9598999023438
2025-07-29,638.3499755859375,635.260009765625,628.2982788085938
2025-07-30,635.9199829101562,634.4600219726562,627.507080078125
2025-07-31,639.4600219726562,632.0800170898438,625.1531372070312
2025-08-01,626.2999877929688,621.719970703125,614.9066162109375
2025-08-04,625.6699829101562,631.1699829101562,624.2530517578125
2025-08-05,631.7899780273438,627.969970703125,621.088134765625
2025-08-06,629.0499877929688,632.780029296875,625.8455200195312
2025-08-07,636.239990234375,632.25,625.3212890625
2025-08-08,634.0599975585938,637.1799926757812,630.197265625
2025-08-11,637.4600219726562,635.9199829101562,628.9510498046875
2025-08-12,638.2899780273438,642.6900024414062,635.6468505859375
2025-08-13,644.9099731445312,644.8900146484375,637.82275390625
2025-08-14,642.7899780273438,644.9500122070312,637.8821411132812
2025-08-15,645.989990234375,643.4400024414062,636.388671875
2025-08-18,642.8599853515625,643.2999877929688,636.2501831054688
2025-08-19,643.1199951171875,639.8099975585938,632.7984008789062
2025-08-20,639.4000244140625,638.1099853515625,631.1170043945312
2025-08-21,636.280029296875,635.5499877929688,628.5850830078125
2025-08-22,637.760009765625,645.3099975585938,638.2381591796875
2025-08-25,644.0399780273438,642.469970703125,635.42919921875
2025-08-26,642.2000122070312,645.1599731445312,638.0897827148438
2025-08-27,644.5700073242188,646.6300048828125,639.5436401367188
2025-08-28,647.239990234375,648.9199829101562,641.80859375
2025-08-29,647.469970703125,645.0499877929688,637.98095703125
2025-09-02,637.5,640.27001953125,633.2533569335938
2025-09-03,642.6699829101562,643.739990234375,636.685302734375
2025-09-04,644.4199829101562,649.1199951171875,642.0064697265625
2025-09-05,651.47998046875,647.239990234375,640.1469116210938
2025-09-08,648.6199951171875,648.8300170898438,641.7196655273438
2025-09-09,648.969970703125,650.3300170898438,643.203125
2025-09-10,653.6199951171875,652.2100219726562,645.0625610351562
2025-09-11,654.1799926757812,657.6300048828125,650.423095703125
2025-09-12,657.5999755859375,657.4099731445312,650.2054443359375
2025-09-15,659.6400146484375,660.9099731445312,653.6671752929688
2025-09-16,661.469970703125,660.0,652.7671508789062
2025-09-17,660.010009765625,659.1799926757812,651.9561767578125
2025-09-18,661.8900146484375,662.260009765625,655.0023803710938
2025-09-19,662.3300170898438,663.7000122070312,658.2465209960938
2025-09-22,662.2000122070312,666.8400268554688,661.3607177734375
2025-09-23,666.719970703125,663.2100219726562,657.7606201171875
2025-09-24,664.510009765625,661.0999755859375,655.6678466796875
2025-09-25,657.9400024414062,658.0499877929688,652.6429443359375
2025-09-26,659.510009765625,661.8200073242188,656.3820190429688
2025-09-29,664.3599853515625,663.6799926757812,658.2266845703125
2025-09-30,662.9299926757812,666.1799926757812,660.7061157226562
2025-10-01,663.1699829101562,668.4500122070312,662.95751953125
2025-10-02,670.4500122070312,669.219970703125,663.7210693359375
2025-10-03,669.989990234375,669.2100219726562,663.7112426757812
2025-10-06,671.6199951171875,671.6099853515625,666.0914916992188
2025-10-07,672.5399780273438,669.1199951171875,663.6219482421875
2025-10-08,670.25,673.1099853515625,667.5791625976562
2025-10-09,673.530029296875,671.1599731445312,665.6452026367188
2025-10-10,672.1300048828125,653.02001953125,647.6542358398438
2025-10-13,660.6500244140625,663.0399780273438,657.5919189453125
2025-10-14,657.1699829101562,662.22998046875,656.78857421875
2025-10-15,666.8200073242188,665.1699829101562,659.7044677734375
2025-10-16,666.8200073242188,660.6400146484375,655.211669921875
2025-10-17,659.5,664.3900146484375,658.9308471679688
2025-10-20,667.3200073242188,671.2999877929688,665.7840576171875
2025-10-21,671.4400024414062,671.2899780273438,665.7740478515625
2025-10-22,672.0,667.7999877929688,662.3128051757812
2025-10-23,668.1199951171875,671.760009765625,666.2402954101562
2025-10-24,676.4600219726562,677.25,671.6851806640625
2025-10-27,682.72998046875,685.239990234375,679.6094970703125
2025-10-28,687.0499877929688,687.0599975585938,681.41455078125
2025-10-29,688.719970703125,687.3900146484375,681.7418212890625
2025-10-30,683.9000244140625,679.8300170898438,674.2439575195312
2025-10-31,685.0399780273438,682.0599975585938,676.4556274414062
2025-11-03,685.6699829101562,683.3400268554688,677.7251586914062
2025-11-04,676.1099853515625,675.239990234375,669.6917114257812
2025-11-05,674.97998046875,677.5800170898438,672.012451171875
2025-11-06,676.469970703125,670.3099975585938,664.8021850585938
2025-11-07,667.9099731445312,670.969970703125,665.4567260742188
2025-11-10,677.239990234375,681.4400024414062,675.8407592773438
2025-11-11,679.9500122070312,683.0,677.3878784179688
2025-11-12,684.7899780273438,683.3800048828125,677.7647705078125
2025-11-13,680.5,672.0399780273438,666.5179443359375
2025-11-14,665.3800048828125,671.9299926757812,666.408935546875
2025-11-17,669.7000122070312,665.6699829101562,660.2003173828125
2025-11-18,662.0999755859375,660.0800170898438,654.6563110351562
2025-11-19,660.780029296875,662.6300048828125,657.1853637695312
2025-11-20,672.9099731445312,652.530029296875,647.1683349609375
2025-11-21,655.0499877929688,659.030029296875,653.6149291992188
2025-11-24,662.6900024414062,668.72998046875,663.235107421875
2025-11-25,668.6300048828125,675.02001953125,669.4734497070312
2025-11-26,677.6300048828125,679.6799926757812,674.09521484375
2025-11-28,680.8599853515625,683.3900146484375,677.7747192382812
2025-12-01,678.8099975585938,680.27001953125,674.6803588867188
2025-12-02,681.9199829101562,681.530029296875,675.9300537109375
2025-12-03,680.5700073242188,683.8900146484375,678.2706298828125
2025-12-04,685.2999877929688,684.3900146484375,678.7664794921875
2025-12-05,685.469970703125,685.6900024414062,680.0557861328125
2025-12-08,686.5900268554688,683.6300048828125,678.0127563476562
2025-12-09,683.1500244140625,683.0399780273438,677.427490234375
2025-12-10,682.5599975585938,687.5700073242188,681.92041015625
2025-12-11,685.1400146484375,689.1699829101562,683.5072021484375
2025-12-12,688.1699829101562,681.760009765625,676.1580810546875
2025-12-15,685.739990234375,680.72998046875,675.1365356445312
2025-12-16,679.22998046875,678.8699951171875,673.2918701171875
2025-12-17,679.8900146484375,671.4000244140625,665.8832397460938
2025-12-18,677.5999755859375,676.469970703125,670.9114990234375
2025-12-19,676.5900268554688,680.5900268554688,676.9923095703125
2025-12-22,683.9400024414062,684.8300170898438,681.2098999023438
2025-12-23,683.9199829101562,687.9600219726562,684.3233032226562
2025-12-24,687.9500122070312,690.3800048828125,686.7305297851562
2025-12-26,690.6400146484375,690.3099975585938,686.660888671875
2025-12-29,687.5399780273438,687.8499755859375,684.2138671875
2025-12-30,687.4500122070312,687.010009765625,683.3783569335938
2025-12-31,687.1400146484375,681.9199829101562,678.3152465820312
2026-01-02,685.7100219726562,683.1699829101562,679.55859375
2026-01-05,686.5399780273438,687.719970703125,684.0845336914062
2026-01-06,687.9299926757812,691.8099975585938,688.1529541015625
2026-01-07,692.1900024414062,689.5800170898438,685.9347534179688
2026-01-08,688.8200073242188,689.510009765625,685.8651123046875
2026-01-09,690.6300048828125,694.0700073242188,690.4010009765625
2026-01-12,690.6799926757812,695.1599731445312,691.4852294921875
2026-01-13,695.489990234375,693.77001953125,690.1026000976562
2026-01-14,691.0,690.3599853515625,686.7106323242188
2026-01-15,694.5700073242188,692.239990234375,688.5806884765625
2026-01-16,693.6599731445312,691.6599731445312,688.0037231445312
2026-01-20,681.489990234375,677.5800170898438,673.9981689453125
2026-01-21,679.6500244140625,685.4000244140625,681.77685546875
2026-01-22,689.8499755859375,688.97998046875,685.3379516601562
2026-01-23,688.1500244140625,689.22998046875,685.5865478515625
2026-01-26,690.489990234375,692.72998046875,689.0680541992188
2026-01-27,694.1799926757812,695.489990234375,691.8134765625
2026-01-28,697.0499877929688,695.4199829101562,691.7438354492188
2026-01-29,696.3900146484375,694.0399780273438,690.3711547851562
2026-01-30,691.7899780273438,691.969970703125,688.3120727539062
2026-02-02,689.5800170898438,695.4099731445312,691.7339477539062
2026-02-03,696.2100219726562,689.530029296875,685.885009765625
2026-02-04,690.3499755859375,686.1900024414062,682.5626831054688
2026-02-05,680.9400024414062,677.6199951171875,674.0379638671875
2026-02-06,681.4600219726562,690.6199951171875,686.96923828125
2026-02-09,689.4199829101562,693.9500122070312,690.2816772460938
2026-02-10,694.9500122070312,692.1199951171875,688.4613037109375
2026-02-11,696.3900146484375,691.9600219726562,688.3021850585938
2026-02-12,694.239990234375,681.27001953125,677.668701171875
2026-02-13,681.6900024414062,681.75,678.1461181640625
2026-02-17,680.1400146484375,682.8499755859375,679.2402954101562
2026-02-18,684.02001953125,686.2899780273438,682.662109375
2026-02-19,683.8400268554688,684.47998046875,680.8616333007812
2026-02-20,682.3200073242188,689.4299926757812,685.7855834960938
2026-02-23,687.8300170898438,682.3900146484375,678.7827758789062
2026-02-24,681.9000244140625,687.3499755859375,683.7164916992188
2026-02-25,690.1799926757812,693.1500244140625,689.4859008789062
2026-02-26,693.280029296875,689.2999877929688,685.6561889648438
2026-02-27,683.0900268554688,685.989990234375,682.3637084960938
2026-03-02,678.7000122070312,686.3800048828125,682.751708984375
2026-03-03,675.0599975585938,680.3300170898438,676.7337036132812
2026-03-04,681.6300048828125,685.1300048828125,681.5082397460938
2026-03-05,682.0800170898438,681.3099975585938,677.70849609375
2026-03-06,673.4099731445312,672.3800048828125,668.82568359375
2026-03-09,666.3900146484375,678.27001953125,674.6845703125
2026-03-10,677.719970703125,677.1799926757812,673.6002807617188
2026-03-11,677.5800170898438,676.3300170898438,672.7548217773438
2026-03-12,671.1599731445312,666.0599975585938,662.5390625
2026-03-13,669.27001953125,662.2899780273438,658.7890014648438
2026-03-16,668.3800048828125,669.030029296875,665.493408203125
2026-03-17,672.3900146484375,670.7899780273438,667.2440185546875
2026-03-18,668.3599853515625,661.4299926757812,657.9335327148438
2026-03-19,656.969970703125,659.7999877929688,656.3121948242188
2026-03-20,656.510009765625,648.5700073242188,646.9034423828125
2026-03-23,658.0700073242188,655.3800048828125,653.6959228515625
2026-03-24,651.3200073242188,653.1799926757812,651.5015869140625
2026-03-25,658.6699829101562,656.8200073242188,655.1322021484375
2026-03-26,652.0599975585938,645.0900268554688,643.432373046875
2026-03-27,642.5,634.0900268554688,632.4606323242188
2026-03-30,640.1099853515625,631.969970703125,630.3460693359375
2026-03-31,638.9400024414062,650.3400268554688,648.6688842773438
2026-04-01,653.9000244140625,655.239990234375,653.5562744140625
2026-04-02,646.4199829101562,655.8300170898438,654.144775390625
2026-04-06,655.8599853515625,658.9299926757812,657.23681640625
2026-04-07,656.6500244140625,659.219970703125,657.5260009765625
2026-04-08,676.3900146484375,676.010009765625,674.27294921875
2026-04-09,674.8400268554688,679.9099731445312,678.162841796875
2026-04-10,681.3200073242188,679.4600219726562,677.7140502929688
2026-04-13,677.4099731445312,686.0999755859375,684.3369750976562
2026-04-14,687.6900024414062,694.4600219726562,692.675537109375
2026-04-15,695.260009765625,699.9400024414062,698.1414184570312
2026-04-16,701.0599975585938,701.6599731445312,699.8569946289062
2026-04-17,706.1400146484375,710.1400146484375,708.3152465820312
2026-04-20,708.780029296875,708.719970703125,706.8988037109375
2026-04-21,710.280029296875,704.0800170898438,702.2708129882812
2026-04-22,709.1500244140625,711.2100219726562,709.3825073242188
2026-04-23,709.5,708.4500122070312,706.6295776367188
2026-04-24,710.75,713.9400024414062,712.10546875
2026-04-27,713.1699829101562,715.1699829101562,713.332275390625
2026-04-28,711.8200073242188,711.6900024414062,709.8612060546875
2026-04-29,711.0,711.5800170898438,709.7515258789062
2026-04-30,714.6300048828125,718.6599731445312,716.8132934570312
2026-05-01,721.25,720.6500244140625,718.7982177734375
2026-05-04,720.0700073242188,718.010009765625,716.1649780273438
2026-05-05,721.77001953125,723.77001953125,721.9102172851562
2026-05-06,728.1599731445312,733.8300170898438,731.9443359375
2026-05-07,735.0499877929688,731.5800170898438,729.7001342773438
2026-05-08,734.9299926757812,737.6199951171875,735.724609375
2026-05-11,736.4500122070312,739.2999877929688,737.4002685546875
2026-05-12,736.8900146484375,738.1799926757812,736.2831420898438
2026-05-13,738.469970703125,742.3099975585938,740.4025268554688
2026-05-14,743.6500244140625,748.1699829101562,746.2474975585938
2026-05-15,741.7899780273438,739.1699829101562,737.2706298828125
2026-05-18,739.8300170898438,738.6500244140625,736.751953125
2026-05-19,734.780029296875,733.72998046875,731.8446044921875
2026-05-20,735.7100219726562,741.25,739.3452758789062
2026-05-21,738.6400146484375,742.719970703125,740.8114624023438
2026-05-22,746.239990234375,745.6400146484375,743.7239990234375
2026-05-26,750.010009765625,750.5900268554688,748.6613159179688
2026-05-27,750.8800048828125,750.4600219726562,748.5316162109375
2026-05-28,750.25,754.5999755859375,752.6609497070312
2026-05-29,755.9000244140625,756.47998046875,754.5361328125
2026-06-01,755.3599853515625,758.5399780273438,756.5908203125
2026-06-02,757.030029296875,759.5700073242188,757.6182250976562
2026-06-03,758.1500244140625,754.239990234375,752.3018798828125
2026-06-04,752.0999755859375,757.0900268554688,755.1445922851562
2026-06-05,752.3099975585938,737.5499877929688,735.65478515625
2026-06-08,743.3599853515625,739.219970703125,737.3204345703125
2026-06-09,743.6300048828125,737.0499877929688,735.1560668945312
2026-06-10,733.3900146484375,725.4299926757812,723.56591796875
2026-06-11,728.760009765625,737.760009765625,735.8642578125
2026-06-12,740.7100219726562,741.75,739.843994140625
2026-06-15,751.8499755859375,754.8300170898438,752.890380859375
2026-06-16,754.5499877929688,750.3300170898438,748.4019775390625
2026-06-17,751.2899780273438,740.9600219726562,739.0560302734375
2026-06-18,747.760009765625,746.739990234375,746.739990234375
2026-06-22,747.7000122070312,744.3900146484375,744.3900146484375
2026-06-23,733.8099975585938,733.5800170898438,733.5800170898438
2026-06-24,735.1699829101562,733.239990234375,733.239990234375
2026-06-25,738.9099731445312,734.2999877929688,734.2999877929688
2026-06-26,728.9500122070312,728.989990234375,728.989990234375
2026-06-29,736.530029296875,741.0,741.0
2026-06-30,741.2899780273438,746.77001953125,746.77001953125
2026-07-01,745.0,745.760009765625,745.760009765625
2026-07-02,747.4000244140625,744.780029296875,744.780029296875
2026-07-06,748.739990234375,751.280029296875,751.280029296875
2026-07-07,750.219970703125,747.7100219726562,747.7100219726562
2026-07-08,743.1599731445312,745.4000244140625,745.4000244140625
2026-07-09,747.3499755859375,751.7100219726562,751.7100219726562
2026-07-10,752.0499877929688,754.9500122070312,754.9500122070312
2026-07-13,752.469970703125,749.1699829101562,749.1699829101562
2026-07-14,750.9099731445312,751.8300170898438,751.8300170898438
2026-07-15,754.239990234375,754.8099975585938,754.8099975585938
2026-07-16,752.760009765625,750.719970703125,750.719970703125
2026-07-17,742.0800170898438,743.2899780273438,743.2899780273438
2026-07-20,747.0599975585938,742.0900268554688,742.0900268554688
2026-07-21,746.2899780273438,748.280029296875,748.280029296875
2026-07-22,746.6199951171875,747.4099731445312,747.4099731445312
2026-07-23,739.3699951171875,738.1799926757812,738.1799926757812
2026-07-24,738.510009765625,738.9299926757812,738.9299926757812
2026-07-27,744.9099731445312,739.0900268554688,739.0900268554688
2026-07-28,739.1900024414062,740.8599853515625,740.8599853515625
2026-07-29,739.969970703125,729.4600219726562,729.4600219726562
2026-07-30,736.0499877929688,741.6900024414062,741.6900024414062
2026-07-31,744.6799926757812,747.030029296875,747.030029296875
2026-08-03,749.4400024414062,757.6699829101562,757.6699829101562
2026-08-04,760.6300048828125,771.3300170898438,771.3300170898438
2026-08-05,775.8499755859375,769.7899780273438,769.7899780273438
2026-08-06,770.2100219726562,768.5599975585938,768.5599975585938
2026-08-07,771.02001953125,773.260009765625,773.260009765625
2026-08-10,772.5999755859375,773.030029296875,773.030029296875
2026-08-11,774.530029296875,770.5599975585938,770.5599975585938
2026-08-12,774.7100219726562,772.489990234375,772.489990234375
2026-08-13,774.8699951171875,777.8800048828125,777.8800048828125
2026-08-14,778.5399780273438,776.3400268554688,776.3400268554688
2026-08-17,776.1799926757812,772.6699829101562,772.6699829101562
2026-08-18,768.7000122070312,767.4500122070312,767.4500122070312
2026-08-19,770.3599853515625,769.0599975585938,769.0599975585938
2026-08-20,765.9600219726562,762.5999755859375,762.5999755859375
2026-08-21,766.0499877929688,765.719970703125,765.719970703125
2026-08-24,764.780029296875,763.469970703125,763.469970703125
2026-08-25,766.1599731445312,765.9099731445312,765.9099731445312
2026-08-26,764.72998046875,766.0800170898438,766.0800170898438
2026-08-27,768.5,771.0999755859375,771.0999755859375
2026-08-28,771.760009765625,769.3499755859375,769.3499755859375
2026-08-31,767.3300170898438,767.0499877929688,767.0499877929688
2026-09-01,762.010009765625,761.780029296875,761.780029296875
2026-09-02,762.4500122070312,765.1599731445312,765.1599731445312
2026-09-03,767.9000244140625,773.1699829101562,773.1699829101562
2026-09-04,772.010009765625,770.1900024414062,770.1900024414062
