Date,Open,Close,AdjClose
2002-07-30,81.75,81.5199966430664,35.55565643310547
2002-07-31,81.94999694824219,82.52999877929688,35.996185302734375
2002-08-01,82.54000091552734,83.0,36.20112991333008
2002-08-02,83.16000366210938,83.8499984741211,36.571922302246094
2002-08-05,84.04000091552734,84.22000122070312,36.7332763671875
2002-08-06,83.87000274658203,83.5,36.41923904418945
2002-08-07,83.5999984741211,83.69999694824219,36.50648498535156
2002-08-08,83.58000183105469,83.69999694824219,36.50648498535156
2002-08-09,84.0,84.87999725341797,37.02112579345703
2002-08-12,85.30000305175781,85.4000015258789,37.247920989990234
2002-08-13,85.77999877929688,86.44999694824219,37.70587921142578
2002-08-14,87.45999908447266,86.77999877929688,37.84986114501953
2002-08-15,86.37999725341797,86.0199966430664,37.51836013793945
2002-08-16,86.44000244140625,85.05999755859375,37.099674224853516
2002-08-19,85.05000305175781,85.31999969482422,37.21305847167969
2002-08-20,85.62000274658203,86.2699966430664,37.62739562988281
2002-08-21,85.68000030517578,85.80999755859375,37.426780700683594
2002-08-22,85.55000305175781,85.05999755859375,37.099674224853516
2002-08-23,85.19999694824219,85.9000015258789,37.46601104736328
2002-08-26,85.69999694824219,85.9800033569336,37.500919342041016
2002-08-27,85.4000015258789,85.44000244140625,37.26539611816406
2002-08-28,86.04000091552734,85.87000274658203,37.452911376953125
2002-08-29,86.76000213623047,86.55999755859375,37.7538948059082
2002-08-30,86.75,87.08000183105469,37.98067092895508
2002-09-03,87.08000183105469,88.04000091552734,38.56459045410156
2002-09-04,88.02999877929688,88.0199966430664,38.55584716796875
2002-09-05,88.56999969482422,88.5,38.76607894897461
2002-09-06,87.97000122070312,87.45999908447266,38.310523986816406
2002-09-09,87.5,87.33000183105469,38.25360107421875
2002-09-10,87.16999816894531,87.75,38.437557220458984
2002-09-11,87.0,87.29000091552734,38.236061096191406
2002-09-12,87.4800033569336,87.97000122070312,38.533966064453125
2002-09-13,88.33000183105469,88.77999877929688,38.88872146606445
2002-09-16,89.19999694824219,88.93000030517578,38.95446014404297
2002-09-17,88.63999938964844,89.0999984741211,39.028900146484375
2002-09-18,89.16000366210938,89.12000274658203,39.037681579589844
2002-09-19,89.69999694824219,89.72000122070312,39.30046081542969
2002-09-20,89.44999694824219,89.30000305175781,39.11654281616211
2002-09-23,90.0,90.0999984741211,39.466941833496094
2002-09-24,90.30000305175781,90.68000030517578,39.72099685668945
2002-09-25,90.0999984741211,89.58000183105469,39.239192962646484
2002-09-26,89.05000305175781,89.37000274658203,39.14718246459961
2002-09-27,89.52999877929688,90.04000091552734,39.440670013427734
2002-09-30,90.66000366210938,90.4000015258789,39.59835433959961
2002-10-01,89.16000366210938,88.94000244140625,39.10722351074219
2002-10-02,89.23999786376953,89.44999694824219,39.331459045410156
2002-10-03,89.30000305175781,89.2300033569336,39.23473358154297
2002-10-04,88.4000015258789,89.51000213623047,39.35784912109375
2002-10-07,89.9000015258789,89.66000366210938,39.42375946044922
2002-10-08,89.5,89.69000244140625,39.43700408935547
2002-10-09,90.30000305175781,90.1500015258789,39.639259338378906
2002-10-10,90.16999816894531,89.44000244140625,39.327064514160156
2002-10-11,89.0999984741211,88.37999725341797,38.86097717285156
2002-10-14,88.5,88.25,38.8038215637207
2002-10-15,87.0,86.16000366210938,37.88480758666992
2002-10-16,86.5999984741211,86.19999694824219,37.902442932128906
2002-10-17,85.13999938964844,85.1500015258789,37.44070053100586
2002-10-18,85.0199966430664,85.37000274658203,37.53746795654297
2002-10-21,85.5,84.54000091552734,37.172515869140625
2002-10-22,84.8499984741211,84.30000305175781,37.06697082519531
2002-10-23,84.75,84.33000183105469,37.0801887512207
2002-10-24,84.16000366210938,85.06999969482422,37.40553665161133
2002-10-25,85.3499984741211,85.37999725341797,37.5418586730957
2002-10-28,85.55999755859375,85.26000213623047,37.48910140991211
2002-10-29,85.81999969482422,86.37000274658203,37.97719192504883
2002-10-30,86.37000274658203,86.33999633789062,37.9639778137207
2002-10-31,86.05000305175781,86.7300033569336,38.13544845581055
2002-11-01,86.30000305175781,85.9800033569336,37.976016998291016
2002-11-04,85.4800033569336,85.5999984741211,37.80818176269531
2002-11-05,85.5999984741211,85.2699966430664,37.66241455078125
2002-11-06,85.05000305175781,85.61000061035156,37.812583923339844
2002-11-07,87.05000305175781,87.7300033569336,38.74896240234375
2002-11-08,88.4000015258789,88.44000244140625,39.062538146972656
2002-11-11,88.55000305175781,88.91999816894531,39.27458572387695
2002-11-12,89.1500015258789,88.41000366210938,39.04929733276367
2002-11-13,88.44999694824219,88.5999984741211,39.13319778442383
2002-11-14,87.6500015258789,86.76000213623047,38.32052993774414
2002-11-15,86.54000091552734,87.11000061035156,38.475093841552734
2002-11-18,87.0199966430664,87.5,38.64735412597656
2002-11-19,87.94999694824219,87.81999969482422,38.78871536254883
2002-11-20,88.19999694824219,86.95999908447266,38.408870697021484
2002-11-21,86.5,86.12000274658203,38.0378303527832
2002-11-22,86.33000183105469,86.04000091552734,38.00252151489258
2002-11-25,86.0,85.87999725341797,37.93185043334961
2002-11-26,86.19999694824219,86.95999908447266,38.408870697021484
2002-11-27,86.25,85.0,37.54317092895508
2002-11-29,85.16000366210938,85.55000305175781,37.786102294921875
2002-12-02,84.36000061035156,85.23999786376953,37.82112121582031
2002-12-03,85.69999694824219,85.36000061035156,37.87437057495117
2002-12-04,85.9000015258789,85.80000305175781,38.06962966918945
2002-12-05,85.27999877929688,86.0199966430664,38.1672248840332
2002-12-06,87.0,86.16999816894531,38.23378372192383
2002-12-09,86.19999694824219,86.6500015258789,38.44675064086914
2002-12-10,86.61000061035156,86.87999725341797,38.54880905151367
2002-12-11,87.1500015258789,87.45999908447266,38.80615997314453
2002-12-12,87.05999755859375,87.37999725341797,38.77067565917969
2002-12-13,87.13999938964844,86.52999877929688,38.39352798461914
2002-12-16,86.9000015258789,85.87999725341797,38.105125427246094
2002-12-17,86.30000305175781,85.87999725341797,38.105125427246094
2002-12-18,86.4800033569336,86.55000305175781,38.402427673339844
2002-12-19,86.80000305175781,87.31999969482422,38.744083404541016
2002-12-20,87.2300033569336,87.37999725341797,38.77067565917969
2002-12-23,87.36000061035156,87.4000015258789,38.779544830322266
2002-12-24,88.0,87.88999938964844,38.9969367980957
2002-12-26,87.9000015258789,88.05999755859375,39.07236862182617
2002-12-27,88.55000305175781,89.02999877929688,39.50277328491211
2002-12-30,88.9000015258789,89.23999786376953,39.5959587097168
2002-12-31,88.94999694824219,88.56999969482422,39.49607467651367
2003-01-02,87.69999694824219,86.27999877929688,38.47488021850586
2003-01-03,86.1500015258789,86.4800033569336,38.5640754699707
2003-01-06,86.16999816894531,86.25,38.461509704589844
2003-01-07,86.19000244140625,86.55999755859375,38.599735260009766
2003-01-08,86.87999725341797,86.98999786376953,38.791481018066406
2003-01-09,86.16999816894531,85.31999969482422,38.04677963256836
2003-01-10,85.91999816894531,85.54000091552734,38.14493179321289
2003-01-13,85.54000091552734,85.68000030517578,38.20732116699219
2003-01-14,86.0,85.9800033569336,38.341121673583984
2003-01-15,86.27999877929688,86.4000015258789,38.52842712402344
2003-01-16,86.37999725341797,86.5199966430664,38.581912994384766
2003-01-17,87.0999984741211,86.94999694824219,38.77363967895508
2003-01-21,86.87999725341797,87.44999694824219,38.996620178222656
2003-01-22,87.68000030517578,87.87999725341797,39.188323974609375
2003-01-23,87.31999969482422,87.44999694824219,38.996620178222656
2003-01-24,87.73999786376953,87.97000122070312,39.22853469848633
2003-01-27,87.9000015258789,87.6500015258789,39.08580017089844
2003-01-28,87.6500015258789,87.6500015258789,39.08580017089844
2003-01-29,87.83000183105469,87.16999816894531,38.87178421020508
2003-01-30,87.19999694824219,87.81999969482422,39.161617279052734
2003-01-31,87.9000015258789,88.05999755859375,39.268619537353516
2003-02-03,87.66999816894531,87.87999725341797,39.325904846191406
2003-02-04,88.37000274658203,88.2699966430664,39.50043487548828
2003-02-05,88.2300033569336,87.51000213623047,39.160343170166016
2003-02-06,87.83999633789062,88.22000122070312,39.47810745239258
2003-02-07,87.7699966430664,88.41999816894531,39.56755065917969
2003-02-10,88.12000274658203,87.80000305175781,39.29011917114258
2003-02-11,87.5999984741211,87.77999877929688,39.28115463256836
2003-02-12,87.80000305175781,88.08999633789062,39.41987991333008
2003-02-13,88.2699966430664,88.56999969482422,39.63469696044922
2003-02-14,88.30000305175781,87.80999755859375,39.29458999633789
2003-02-18,87.55999755859375,87.91999816894531,39.343788146972656
2003-02-19,88.38999938964844,88.5199966430664,39.61228942871094
2003-02-20,88.33999633789062,88.81999969482422,39.74656677246094
2003-02-21,88.55999755859375,88.30000305175781,39.51387405395508
2003-02-24,88.87999725341797,88.72000122070312,39.70182800292969
2003-02-25,89.4000015258789,89.12999725341797,39.885311126708984
2003-02-26,89.37999725341797,89.75,40.162750244140625
2003-02-27,89.45999908447266,89.9000015258789,40.2298698425293
2003-02-28,89.68000030517578,90.47000122070312,40.48490524291992
2003-03-03,90.0,90.23999786376953,40.53431701660156
2003-03-04,90.12999725341797,90.30000305175781,40.561279296875
2003-03-05,90.62000274658203,90.5999984741211,40.69601821899414
2003-03-06,90.55000305175781,90.25,40.53886032104492
2003-03-07,90.72000122070312,90.55999755859375,40.67808151245117
2003-03-10,90.80999755859375,91.02999877929688,40.88916778564453
2003-03-11,90.98999786376953,90.87000274658203,40.81730651855469
2003-03-12,90.91999816894531,91.19999694824219,40.965572357177734
2003-03-13,90.1500015258789,89.5199966430664,40.210960388183594
2003-03-14,89.9000015258789,89.95999908447266,40.408573150634766
2003-03-17,90.5199966430664,88.87999725341797,39.92342758178711
2003-03-18,88.95999908447266,88.04000091552734,39.5461311340332
2003-03-19,88.04000091552734,87.38999938964844,39.25415802001953
2003-03-20,87.81999969482422,87.25,39.191287994384766
2003-03-21,86.91999816894531,86.05000305175781,38.65226745605469
2003-03-24,87.0999984741211,87.41000366210938,39.26313781738281
2003-03-25,87.6500015258789,87.30999755859375,39.21826171875
2003-03-26,87.25,87.48999786376953,39.2990608215332
2003-03-27,87.75,87.55000305175781,39.32604217529297
2003-03-28,87.91999816894531,87.75,39.41585159301758
2003-03-31,88.30000305175781,88.9000015258789,39.93241882324219
2003-04-01,88.4000015258789,88.2699966430664,39.818756103515625
2003-04-02,87.6500015258789,87.3499984741211,39.403709411621094
2003-04-03,87.25,87.30000305175781,39.38115310668945
2003-04-04,87.05999755859375,87.05000305175781,39.2684211730957
2003-04-07,86.22000122070312,86.8499984741211,39.178192138671875
2003-04-08,87.05000305175781,87.55000305175781,39.49395751953125
2003-04-09,87.4000015258789,87.80999755859375,39.61124801635742
2003-04-10,87.75,87.4000015258789,39.426300048828125
2003-04-11,86.81999969482422,87.26000213623047,39.363155364990234
2003-04-14,87.0999984741211,87.0199966430664,39.254859924316406
2003-04-15,87.33000183105469,87.48999786376953,39.466888427734375
2003-04-16,87.52999877929688,87.8499984741211,39.62932586669922
2003-04-17,88.23999786376953,87.98999786376953,39.69243621826172
2003-04-21,87.4800033569336,87.80000305175781,39.606712341308594
2003-04-22,88.1500015258789,87.75,39.58417892456055
2003-04-23,87.77999877929688,87.93000030517578,39.665374755859375
2003-04-24,88.4000015258789,88.72000122070312,40.021785736083984
2003-04-25,88.75,88.91999816894531,40.11201095581055
2003-04-28,89.08999633789062,88.77999877929688,40.0488166809082
2003-04-29,88.52999877929688,88.62999725341797,39.98116683959961
2003-04-30,88.79000091552734,89.44999694824219,40.35104751586914
2003-05-01,89.19999694824219,89.0199966430664,40.37054443359375
2003-05-02,89.05999755859375,88.31999969482422,40.05312728881836
2003-05-05,88.30999755859375,88.79000091552734,40.26626968383789
2003-05-06,88.83999633789062,89.2300033569336,40.465782165527344
2003-05-07,90.0,90.2699966430664,40.93745422363281
2003-05-08,90.5999984741211,90.48999786376953,41.03718185424805
2003-05-09,90.30000305175781,90.58000183105469,41.07801818847656
2003-05-12,91.13999938964844,91.1500015258789,41.3365364074707
2003-05-13,90.9000015258789,91.3499984741211,41.427223205566406
2003-05-14,91.83000183105469,92.75,42.062095642089844
2003-05-15,92.5999984741211,93.04000091552734,42.193634033203125
2003-05-16,93.4800033569336,93.72000122070312,42.5019645690918
2003-05-19,94.11000061035156,93.4000015258789,42.35690689086914
2003-05-20,93.1500015258789,94.77999877929688,42.98274230957031
2003-05-21,94.25,94.7699966430664,42.97819900512695
2003-05-22,95.0999984741211,95.61000061035156,43.35911178588867
2003-05-23,95.7699966430664,95.8499984741211,43.46793746948242
2003-05-27,95.62000274658203,94.12000274658203,42.68341064453125
2003-05-28,93.9000015258789,93.95999908447266,42.610877990722656
2003-05-29,94.30000305175781,94.77999877929688,42.98274230957031
2003-05-30,94.44999694824219,94.5999984741211,42.901084899902344
2003-06-02,93.87999725341797,93.51000213623047,42.585968017578125
2003-06-03,93.76000213623047,94.26000213623047,42.92750549316406
2003-06-04,94.45999908447266,94.54000091552734,43.05503463745117
2003-06-05,95.19999694824219,93.80000305175781,42.71802520751953
2003-06-06,93.69999694824219,94.13999938964844,42.872840881347656
2003-06-09,94.69999694824219,94.7699966430664,43.15977096557617
2003-06-10,95.08000183105469,95.9000015258789,43.674354553222656
2003-06-11,96.25,95.77999877929688,43.619728088378906
2003-06-12,96.11000061035156,96.52999877929688,43.96129608154297
2003-06-13,96.93000030517578,97.18000030517578,44.25727462768555
2003-06-16,97.5,96.26000213623047,43.838348388671875
2003-06-17,95.97000122070312,95.5,43.4921989440918
2003-06-18,95.05999755859375,94.27999877929688,42.93660354614258
2003-06-19,93.95999908447266,94.0999984741211,42.85464859008789
2003-06-20,93.9000015258789,93.75,42.69523620605469
2003-06-23,93.81999969482422,94.30999755859375,42.950233459472656
2003-06-24,94.1500015258789,95.18000030517578,43.34648895263672
2003-06-25,95.41999816894531,93.66000366210938,42.65425491333008
2003-06-26,93.25,92.4000015258789,42.08039855957031
2003-06-27,92.55000305175781,92.06999969482422,41.930137634277344
2003-06-30,91.91999816894531,92.5,42.12598419189453
2003-07-01,92.1500015258789,91.69000244140625,41.917015075683594
2003-07-02,91.19999694824219,91.91999816894531,42.02218246459961
2003-07-03,91.69999694824219,90.5999984741211,41.41874694824219
2003-07-07,90.27999877929688,90.0199966430664,41.1535758972168
2003-07-08,90.43000030517578,90.0999984741211,41.19017791748047
2003-07-09,90.52999877929688,90.38999938964844,41.322731018066406
2003-07-10,90.69000244140625,90.36000061035156,41.30904006958008
2003-07-11,90.30000305175781,90.79000091552734,41.5056037902832
2003-07-14,90.68000030517578,89.75,41.03015899658203
2003-07-15,89.54000091552734,87.6500015258789,40.07012939453125
2003-07-16,87.41000366210938,88.1500015258789,40.2987174987793
2003-07-17,87.33000183105469,87.87999725341797,40.17525100708008
2003-07-18,87.6500015258789,87.69999694824219,40.09298324584961
2003-07-21,87.5,85.83999633789062,39.24269104003906
2003-07-22,85.97000122070312,86.26000213623047,39.43465042114258
2003-07-23,86.80000305175781,86.55000305175781,39.567264556884766
2003-07-24,85.9000015258789,85.79000091552734,39.21980285644531
2003-07-25,85.9800033569336,85.55999755859375,39.114688873291016
2003-07-28,85.23999786376953,84.41000366210938,38.58892822265625
2003-07-29,84.18000030517578,83.26000213623047,38.06317901611328
2003-07-30,83.73999786376953,84.19999694824219,38.49289321899414
2003-07-31,83.69000244140625,82.94999694824219,37.92145538330078
2003-08-01,82.0999984741211,82.51000213623047,37.89301681518555
2003-08-04,82.4800033569336,83.22000122070312,38.21908187866211
2003-08-05,83.20999908447266,82.02999877929688,37.67256164550781
2003-08-06,82.5,83.6500015258789,38.41653060913086
2003-08-07,83.80000305175781,84.0,38.5772819519043
2003-08-08,84.33999633789062,83.66000366210938,38.42108917236328
2003-08-11,83.55000305175781,83.23999786376953,38.228248596191406
2003-08-12,83.41999816894531,82.8499984741211,38.04914474487305
2003-08-13,82.19999694824219,81.25,37.314327239990234
2003-08-14,81.44000244140625,82.05000305175781,37.68171310424805
2003-08-15,82.19999694824219,82.0,37.658775329589844
2003-08-18,82.30000305175781,82.37999725341797,37.83328628540039
2003-08-19,82.55000305175781,83.6500015258789,38.41653060913086
2003-08-20,83.83000183105469,83.19999694824219,38.209877014160156
2003-08-21,83.05999755859375,83.0,38.118003845214844
2003-08-22,82.94999694824219,83.37000274658203,38.28793716430664
2003-08-25,83.31999969482422,82.72000122070312,37.98942184448242
2003-08-26,82.44999694824219,83.37000274658203,38.28793716430664
2003-08-27,83.2699966430664,82.98999786376953,38.1134147644043
2003-08-28,83.2300033569336,83.8499984741211,38.508358001708984
2003-08-29,83.94000244140625,83.6500015258789,38.41653060913086
2003-09-02,83.62999725341797,82.05999755859375,37.85466003417969
2003-09-03,82.4800033569336,82.19000244140625,37.91461944580078
2003-09-04,82.48999786376953,82.6500015258789,38.12685775756836
2003-09-05,83.4000015258789,84.06999969482422,38.78187561035156
2003-09-08,83.62999725341797,83.19999694824219,38.38055419921875
2003-09-09,83.5199966430664,83.80000305175781,38.657325744628906
2003-09-10,83.9000015258789,84.6500015258789,39.04944610595703
2003-09-11,84.26000213623047,84.0999984741211,38.795738220214844
2003-09-12,85.0199966430664,84.68000030517578,39.063297271728516
2003-09-15,84.5,84.55000305175781,39.00331115722656
2003-09-16,84.37000274658203,84.41999816894531,38.9433479309082
2003-09-17,84.72000122070312,85.47000122070312,39.42771911621094
2003-09-18,85.6500015258789,85.52999877929688,39.455406188964844
2003-09-19,85.6500015258789,85.62999725341797,39.50151824951172
2003-09-22,85.0,84.94999694824219,39.18782043457031
2003-09-23,84.87999725341797,85.52999877929688,39.455406188964844
2003-09-24,85.54000091552734,86.2699966430664,39.7967529296875
2003-09-25,86.30000305175781,86.69999694824219,39.99509811401367
2003-09-26,86.94000244140625,87.4800033569336,40.35492706298828
2003-09-29,87.0199966430664,86.77999877929688,40.03202438354492
2003-09-30,87.0,88.22000122070312,40.696327209472656
2003-10-01,87.5,87.5199966430664,40.54202651977539
2003-10-02,86.83999633789062,87.12000274658203,40.35675811767578
2003-10-03,86.05000305175781,85.29000091552734,39.509056091308594
2003-10-06,85.12000274658203,85.66000366210938,39.68044662475586
2003-10-07,85.44999694824219,84.66999816894531,39.2218132019043
2003-10-08,84.44999694824219,84.6500015258789,39.21253967285156
2003-10-09,83.91999816894531,84.05000305175781,38.93463134765625
2003-10-10,84.5,84.55000305175781,39.16625213623047
2003-10-13,84.3499984741211,84.22000122070312,39.013397216796875
2003-10-14,83.75,83.63999938964844,38.74470520019531
2003-10-15,83.16000366210938,83.2300033569336,38.554771423339844
2003-10-16,83.4800033569336,82.9000015258789,38.401912689208984
2003-10-17,83.08000183105469,83.54000091552734,38.69839096069336
2003-10-20,83.44999694824219,83.81999969482422,38.82810592651367
2003-10-21,84.02999877929688,84.12999725341797,38.971702575683594
2003-10-22,84.5999984741211,84.94999694824219,39.35155487060547
2003-10-23,85.0,84.33000183105469,39.06435775756836
2003-10-24,85.0,85.2699966430664,39.499786376953125
2003-10-27,85.1500015258789,85.0999984741211,39.42100524902344
2003-10-28,84.8499984741211,85.55000305175781,39.629493713378906
2003-10-29,85.27999877929688,84.77999877929688,39.27279281616211
2003-10-30,84.0,84.4000015258789,39.096763610839844
2003-10-31,84.7300033569336,85.19000244140625,39.46271896362305
2003-11-03,84.55999755859375,84.44000244140625,39.27573013305664
2003-11-04,84.6500015258789,84.91999816894531,39.49898910522461
2003-11-05,84.81999969482422,84.33999633789062,39.22923278808594
2003-11-06,83.7699966430664,83.55000305175781,38.86176681518555
2003-11-07,83.12000274658203,83.5,38.83851623535156
2003-11-10,83.5999984741211,83.43000030517578,38.805946350097656
2003-11-11,83.44999694824219,83.44000244140625,38.81060791015625
2003-11-12,83.86000061035156,84.05000305175781,39.09435272216797
2003-11-13,84.5999984741211,85.3499984741211,39.698997497558594
2003-11-14,85.30000305175781,85.91999816894531,39.964134216308594
2003-11-17,86.13999938964844,86.05000305175781,40.02462387084961
2003-11-18,85.97000122070312,86.58000183105469,40.2711067199707
2003-11-19,86.41999816894531,85.62000274658203,39.8245849609375
2003-11-20,86.25,86.44999694824219,40.21065902709961
2003-11-21,86.58000183105469,86.5,40.2338752746582
2003-11-24,86.18000030517578,85.79000091552734,39.9036979675293
2003-11-25,85.94999694824219,86.26000213623047,40.12229537963867
2003-11-26,86.0999984741211,85.91000366210938,39.95949935913086
2003-11-28,85.3499984741211,85.12999725341797,39.59666061401367
2003-12-01,84.4000015258789,84.23999786376953,39.37603759765625
2003-12-02,84.4000015258789,84.5999984741211,39.54433822631836
2003-12-03,84.51000213623047,84.26000213623047,39.38541793823242
2003-12-04,84.26000213623047,84.44999694824219,39.47422790527344
2003-12-05,85.30000305175781,85.80000305175781,40.10525131225586
2003-12-08,85.77999877929688,85.19999694824219,39.82481384277344
2003-12-09,85.44999694824219,84.5999984741211,39.54433822631836
2003-12-10,85.06999969482422,84.73999786376953,39.6097412109375
2003-12-11,84.51000213623047,85.3499984741211,39.8948974609375
2003-12-12,85.41999816894531,85.51000213623047,39.96965408325195
2003-12-15,85.5,85.45999908447266,39.9462890625
2003-12-16,85.4000015258789,85.73999786376953,40.077171325683594
2003-12-17,86.2300033569336,86.31999969482422,40.348304748535156
2003-12-18,86.30000305175781,87.0999984741211,40.7128791809082
2003-12-19,86.97000122070312,87.06999969482422,40.69887924194336
2003-12-22,87.12000274658203,86.83000183105469,40.5866813659668
2003-12-23,86.52999877929688,85.8499984741211,40.128570556640625
2003-12-24,86.37000274658203,86.66000366210938,40.507240295410156
2003-12-26,86.9000015258789,86.9800033569336,40.65682601928711
2003-12-29,86.69999694824219,86.19999694824219,40.292205810546875
2003-12-30,85.80000305175781,85.8499984741211,40.128570556640625
2003-12-31,85.37000274658203,85.44999694824219,40.12858581542969
2004-01-02,85.08999633789062,84.44000244140625,39.65427780151367
2004-01-05,84.01000213623047,84.22000122070312,39.550994873046875
2004-01-06,84.54000091552734,85.1500015258789,39.98774719238281
2004-01-07,85.0999984741211,85.48999786376953,40.14741134643555
2004-01-08,85.30000305175781,85.45999908447266,40.13328552246094
2004-01-09,86.87999725341797,86.94999694824219,40.83305740356445
2004-01-12,86.5999984741211,86.87999725341797,40.8001708984375
2004-01-13,86.68000030517578,87.47000122070312,41.077239990234375
2004-01-14,87.48999786376953,87.9000015258789,41.27915954589844
2004-01-15,87.94999694824219,88.2300033569336,41.434173583984375
2004-01-16,88.68000030517578,87.61000061035156,41.142974853515625
2004-01-20,87.5,87.58999633789062,41.13357162475586
2004-01-21,87.75,87.80000305175781,41.23220443725586
2004-01-22,87.94999694824219,88.44000244140625,41.532752990722656
2004-01-23,88.55999755859375,87.37999725341797,41.03496551513672
2004-01-26,87.30000305175781,86.8499984741211,40.786075592041016
2004-01-27,86.7300033569336,87.38999938964844,41.03965759277344
2004-01-28,87.25,86.62000274658203,40.67806625366211
2004-01-29,86.22000122070312,86.44000244140625,40.59355163574219
2004-01-30,86.9000015258789,87.04000091552734,40.87528610229492
2004-02-02,86.44999694824219,86.5,40.78947067260742
2004-02-03,86.91999816894531,86.94000244140625,40.99695587158203
2004-02-04,86.79000091552734,86.7699966430664,40.91679763793945
2004-02-05,86.83999633789062,86.43000030517578,40.75647735595703
2004-02-06,87.13999938964844,87.37999725341797,41.20442581176758
2004-02-09,87.55999755859375,87.63999938964844,41.3270263671875
2004-02-10,87.4800033569336,87.1500015258789,41.096031188964844
2004-02-11,87.0199966430664,87.80000305175781,41.40249252319336
2004-02-12,87.8499984741211,87.43000030517578,41.22805404663086
2004-02-13,87.80000305175781,87.80000305175781,41.40249252319336
2004-02-17,87.86000061035156,87.73999786376953,41.37419891357422
2004-02-18,88.0999984741211,87.86000061035156,41.43077087402344
2004-02-19,87.52999877929688,87.94999694824219,41.473201751708984
2004-02-20,87.75,87.33999633789062,41.18557357788086
2004-02-23,87.38999938964844,87.87999725341797,41.44023895263672
2004-02-24,88.05000305175781,88.04000091552734,41.51567459106445
2004-02-25,88.22000122070312,88.18000030517578,41.58171081542969
2004-02-26,87.8499984741211,87.9000015258789,41.44963836669922
2004-02-27,88.22000122070312,88.66000366210938,41.808040618896484
2004-03-01,88.45999908447266,88.2699966430664,41.79191970825195
2004-03-02,88.12000274658203,87.70999908447266,41.52680587768555
2004-03-03,87.38999938964844,87.55000305175781,41.451072692871094
2004-03-04,87.4000015258789,87.94000244140625,41.63569259643555
2004-03-05,89.7699966430664,89.63999938964844,42.44059753417969
2004-03-08,90.05999755859375,90.16999816894531,42.691497802734375
2004-03-09,90.25,90.7699966430664,42.975582122802734
2004-03-10,90.5199966430664,90.70999908447266,42.94718551635742
2004-03-11,91.05000305175781,90.83999633789062,43.00873947143555
2004-03-12,90.61000061035156,90.27999877929688,42.74355697631836
2004-03-15,90.41999816894531,90.43000030517578,42.81459426879883
2004-03-16,90.29000091552734,91.18000030517578,43.16970443725586
2004-03-17,91.47000122070312,91.02999877929688,43.09867858886719
2004-03-18,90.70999908447266,90.55000305175781,42.87141418457031
2004-03-19,90.47000122070312,90.43000030517578,42.81459426879883
2004-03-22,90.58999633789062,90.9800033569336,43.07500457763672
2004-03-23,90.88999938964844,91.13999938964844,43.15077209472656
2004-03-24,91.16000366210938,91.08999633789062,43.1270866394043
2004-03-25,90.72000122070312,90.73999786376953,42.96136474609375
2004-03-26,90.4800033569336,89.77999877929688,42.50685119628906
2004-03-29,89.05000305175781,89.18000030517578,42.222755432128906
2004-03-30,89.30000305175781,89.12000274658203,42.194374084472656
2004-03-31,89.25,89.55000305175781,42.39795684814453
2004-04-01,88.9800033569336,88.91000366210938,42.259151458740234
2004-04-02,87.12999725341797,86.70999908447266,41.21348571777344
2004-04-05,86.31999969482422,86.02999877929688,40.89030075073242
2004-04-06,86.4000015258789,86.5,41.11368179321289
2004-04-07,86.30000305175781,86.30000305175781,41.018638610839844
2004-04-08,86.16999816894531,86.05000305175781,40.89981460571289
2004-04-12,85.80999755859375,85.73999786376953,40.7524528503418
2004-04-13,84.93000030517578,84.80999755859375,40.31040954589844
2004-04-14,83.9800033569336,84.73999786376953,40.27714920043945
2004-04-15,84.66999816894531,84.23999786376953,40.03947067260742
2004-04-16,84.68000030517578,84.55999755859375,40.19160079956055
2004-04-19,84.8499984741211,84.37999725341797,40.10609436035156
2004-04-20,84.2699966430664,83.61000061035156,39.74009323120117
2004-04-21,83.72000122070312,84.0199966430664,39.93492126464844
2004-04-22,84.25,84.5199966430664,40.17259979248047
2004-04-23,84.11000061035156,84.04000091552734,39.94441223144531
2004-04-26,84.08999633789062,84.18000030517578,40.01100540161133
2004-04-27,84.4000015258789,84.5,40.163082122802734
2004-04-28,84.30000305175781,83.70999908447266,39.7876091003418
2004-04-29,83.75,83.30000305175781,39.59275817871094
2004-04-30,83.43000030517578,83.63999938964844,39.75435256958008
2004-05-03,83.0999984741211,83.41999816894531,39.80440139770508
2004-05-04,83.62999725341797,82.8499984741211,39.532440185546875
2004-05-05,83.26000213623047,82.62000274658203,39.42267990112305
2004-05-06,82.55999755859375,82.4000015258789,39.31772994995117
2004-05-07,81.44999694824219,81.31999969482422,38.80240249633789
2004-05-10,81.4800033569336,81.12999725341797,38.71171951293945
2004-05-11,81.11000061035156,81.5,38.88828659057617
2004-05-12,81.4000015258789,80.95999908447266,38.63064193725586
2004-05-13,80.88999938964844,80.6500015258789,38.482666015625
2004-05-14,81.04000091552734,81.30999755859375,38.79762268066406
2004-05-17,81.87000274658203,82.02999877929688,39.14117431640625
2004-05-18,81.69999694824219,81.70999908447266,38.988487243652344
2004-05-19,81.4000015258789,81.44000244140625,38.85968017578125
2004-05-20,81.73999786376953,82.06999969482422,39.1602783203125
2004-05-21,82.37000274658203,81.73999786376953,39.00278854370117
2004-05-24,81.93000030517578,82.0,39.1268424987793
2004-05-25,82.02999877929688,82.23999786376953,39.241363525390625
2004-05-26,82.4000015258789,82.68000030517578,39.45132064819336
2004-05-27,83.02999877929688,83.33000183105469,39.7614860534668
2004-05-28,83.0199966430664,83.0999984741211,39.651729583740234
2004-06-01,82.37000274658203,82.0199966430664,39.28861618041992
2004-06-02,82.0199966430664,81.80999755859375,39.18803787231445
2004-06-03,81.80000305175781,81.9800033569336,39.269493103027344
2004-06-04,82.04000091552734,81.5,39.039573669433594
2004-06-07,81.41999816894531,81.5199966430664,39.049129486083984
2004-06-08,81.19999694824219,81.66999816894531,39.12095260620117
2004-06-09,81.44999694824219,81.31999969482422,38.95332717895508
2004-06-10,81.36000061035156,81.4800033569336,39.02995300292969
2004-06-14,81.19999694824219,80.83000183105469,38.718624114990234
2004-06-15,81.80999755859375,82.54000091552734,39.537715911865234
2004-06-16,82.05000305175781,82.22000122070312,39.384464263916016
2004-06-17,82.08999633789062,82.76000213623047,39.64310073852539
2004-06-18,82.76000213623047,82.58000183105469,39.55689239501953
2004-06-21,82.62999725341797,82.63999938964844,39.585662841796875
2004-06-22,82.43000030517578,82.38999938964844,39.46588897705078
2004-06-23,82.29000091552734,82.55000305175781,39.54251480102539
2004-06-24,83.26000213623047,83.05000305175781,39.78203582763672
2004-06-25,82.91999816894531,83.12999725341797,39.82034683227539
2004-06-28,82.77999877929688,82.27999877929688,39.41319274902344
2004-06-29,82.4000015258789,82.80000305175781,39.662261962890625
2004-06-30,83.02999877929688,83.6500015258789,40.069419860839844
2004-07-01,83.3499984741211,83.47000122070312,40.14445114135742
2004-07-02,84.66000366210938,84.3499984741211,40.567718505859375
2004-07-06,84.56999969482422,84.20999908447266,40.5003662109375
2004-07-07,84.19999694824219,84.23999786376953,40.51478576660156
2004-07-08,84.30000305175781,84.29000091552734,40.53883743286133
2004-07-09,84.25,84.37999725341797,40.582149505615234
2004-07-12,84.61000061035156,84.5,40.63981628417969
2004-07-13,84.19999694824219,84.25,40.51958465576172
2004-07-14,84.31999969482422,84.27999877929688,40.534019470214844
2004-07-15,84.29000091552734,84.37000274658203,40.577301025390625
2004-07-16,84.8499984741211,85.48999786376953,41.11598587036133
2004-07-19,85.41000366210938,85.55000305175781,41.144832611083984
2004-07-20,85.30999755859375,84.77999877929688,40.774513244628906
2004-07-21,84.41000366210938,84.55000305175781,40.66388702392578
2004-07-22,84.58000183105469,84.66999816894531,40.721580505371094
2004-07-23,84.77999877929688,84.94999694824219,40.85627365112305
2004-07-26,84.83999633789062,84.55000305175781,40.66388702392578
2004-07-27,84.4000015258789,83.41000366210938,40.11562728881836
2004-07-28,83.22000122070312,83.41999816894531,40.12039566040039
2004-07-29,83.2699966430664,83.61000061035156,40.211788177490234
2004-07-30,84.06999969482422,84.58999633789062,40.6831169128418
2004-08-02,84.5,84.37000274658203,40.73622131347656
2004-08-03,84.48999786376953,84.70999908447266,40.900394439697266
2004-08-04,84.68000030517578,84.75,40.919654846191406
2004-08-05,84.87999725341797,84.98999786376953,41.035587310791016
2004-08-06,86.41000366210938,86.41999816894531,41.726051330566406
2004-08-09,86.1500015258789,86.12000274658203,41.581153869628906
2004-08-10,86.26000213623047,85.80999755859375,41.431514739990234
2004-08-11,85.81999969482422,86.18000030517578,41.61015701293945
2004-08-12,86.0,86.36000061035156,41.6970329284668
2004-08-13,86.66999816894531,86.63999938964844,41.83226013183594
2004-08-16,86.47000122070312,86.33999633789062,41.6873893737793
2004-08-17,86.4000015258789,86.83000183105469,41.92401123046875
2004-08-18,87.02999877929688,86.41000366210938,41.7212028503418
2004-08-19,86.5,86.62000274658203,41.82258224487305
2004-08-20,86.58000183105469,86.54000091552734,41.78401184082031
2004-08-23,86.11000061035156,86.04000091552734,41.54254150390625
2004-08-24,85.94999694824219,86.08999633789062,41.56671142578125
2004-08-25,86.31999969482422,86.38999938964844,41.711551666259766
2004-08-26,86.55999755859375,86.87999725341797,41.94812774658203
2004-08-27,86.83000183105469,86.81999969482422,41.91916275024414
2004-08-30,87.0,87.2300033569336,42.11712646484375
2004-08-31,87.30000305175781,87.7699966430664,42.37785339355469
2004-09-01,87.69999694824219,87.51000213623047,42.42147445678711
2004-09-02,87.37000274658203,86.6500015258789,42.00453567504883
2004-09-03,86.47000122070312,86.66000366210938,42.009456634521484
2004-09-07,86.23999786376953,86.56999969482422,41.965816497802734
2004-09-08,86.26000213623047,87.30000305175781,42.31968307495117
2004-09-09,87.22000122070312,86.97000122070312,42.15971755981445
2004-09-10,87.37999725341797,87.0999984741211,42.22269821166992
2004-09-13,87.19999694824219,87.4800033569336,42.406925201416016
2004-09-14,87.36000061035156,87.56999969482422,42.450592041015625
2004-09-15,87.5,87.37000274658203,42.35363006591797
2004-09-16,87.55999755859375,88.36000061035156,42.83351516723633
2004-09-17,88.12999725341797,87.91999816894531,42.6202507019043
2004-09-20,88.26000213623047,88.5,42.90137481689453
2004-09-21,88.36000061035156,88.76000213623047,43.02740478515625
2004-09-22,88.80000305175781,89.68000030517578,43.4734001159668
2004-09-23,89.66999816894531,89.31999969482422,43.29888916015625
2004-09-24,89.3499984741211,89.43000030517578,43.352210998535156
2004-09-27,89.5999984741211,89.81999969482422,43.54127502441406
2004-09-28,89.68000030517578,89.45999908447266,43.36677932739258
2004-09-29,88.69999694824219,88.58999633789062,42.94503402709961
2004-09-30,88.13999938964844,88.25,42.78019714355469
2004-10-01,87.5,87.44999694824219,42.566497802734375
2004-10-04,87.0,87.58000183105469,42.62981414794922
2004-10-05,87.52999877929688,87.58000183105469,42.62981414794922
2004-10-06,87.44999694824219,87.18000030517578,42.43510437011719
2004-10-07,87.0,86.80000305175781,42.25015640258789
2004-10-08,87.97000122070312,87.94999694824219,42.809871673583984
2004-10-11,87.94999694824219,88.04000091552734,42.853660583496094
2004-10-12,88.33999633789062,88.23999786376953,42.9510498046875
2004-10-13,88.0,88.55999755859375,43.106788635253906
2004-10-14,88.5,88.9800033569336,43.31121826171875
2004-10-15,88.80999755859375,88.66999816894531,43.160343170166016
2004-10-18,88.6500015258789,88.70999908447266,43.1798210144043
2004-10-19,88.33000183105469,88.94000244140625,43.291786193847656
2004-10-20,89.26000213623047,89.55000305175781,43.58869171142578
2004-10-21,89.44000244140625,89.61000061035156,43.617916107177734
2004-10-22,89.5,89.81999969482422,43.72013473510742
2004-10-25,90.06999969482422,89.88999938964844,43.754173278808594
2004-10-26,89.94999694824219,89.62000274658203,43.62278747558594
2004-10-27,89.87000274658203,88.73999786376953,43.19440460205078
2004-10-28,88.73999786376953,89.02999877929688,43.33558654785156
2004-10-29,89.11000061035156,89.44000244140625,43.53517532348633
2004-11-01,88.75,88.5199966430664,43.2644157409668
2004-11-02,88.4800033569336,88.6500015258789,43.327938079833984
2004-11-03,88.02999877929688,88.69000244140625,43.34747314453125
2004-11-04,88.86000061035156,88.77999877929688,43.39146423339844
2004-11-05,87.73999786376953,87.80999755859375,42.9173583984375
2004-11-08,87.5,87.5,42.7658576965332
2004-11-09,87.4000015258789,87.44999694824219,42.74142074584961
2004-11-10,87.30999755859375,87.12000274658203,42.58015441894531
2004-11-11,87.44999694824219,86.93000030517578,42.48725891113281
2004-11-12,87.33999633789062,87.87000274658203,42.94667434692383
2004-11-15,87.94999694824219,87.94999694824219,42.985801696777344
2004-11-16,87.80999755859375,87.94999694824219,42.985801696777344
2004-11-17,87.88999938964844,88.69999694824219,43.352352142333984
2004-11-18,88.55000305175781,88.97000122070312,43.484344482421875
2004-11-19,88.9000015258789,88.26000213623047,43.1373291015625
2004-11-22,88.3499984741211,88.72000122070312,43.36213684082031
2004-11-23,88.5,88.83000183105469,43.41590118408203
2004-11-24,88.91000366210938,88.83000183105469,43.41590118408203
2004-11-26,88.29000091552734,88.25,43.132415771484375
2004-11-29,87.47000122070312,87.30999755859375,42.67300033569336
2004-11-30,86.94000244140625,86.94000244140625,42.49216079711914
2004-12-01,86.69999694824219,86.44999694824219,42.4259033203125
2004-12-02,86.16999816894531,86.0999984741211,42.25414276123047
2004-12-03,87.1500015258789,87.44000244140625,42.91175079345703
2004-12-06,87.48999786376953,87.73999786376953,43.058990478515625
2004-12-07,87.73999786376953,87.8499984741211,43.11294174194336
2004-12-08,88.41000366210938,89.22000122070312,43.78533935546875
2004-12-09,88.98999786376953,88.62999725341797,43.495758056640625
2004-12-10,88.94999694824219,88.8499984741211,43.60370635986328
2004-12-13,88.81999969482422,89.04000091552734,43.69696807861328
2004-12-14,88.73999786376953,89.38999938964844,43.868717193603516
2004-12-15,89.94999694824219,90.19999694824219,44.26626968383789
2004-12-16,89.88999938964844,88.87000274658203,43.613521575927734
2004-12-17,88.4800033569336,88.75,43.554656982421875
2004-12-20,88.87000274658203,88.91000366210938,43.6331787109375
2004-12-21,89.05999755859375,89.18000030517578,43.76566696166992
2004-12-22,89.20999908447266,88.87999725341797,43.61842727661133
2004-12-23,88.73999786376953,88.58999633789062,43.476131439208984
2004-12-27,88.33000183105469,87.9000015258789,43.13749313354492
2004-12-28,87.86000061035156,87.83000183105469,43.10315704345703
2004-12-29,87.87000274658203,87.73999786376953,43.058990478515625
2004-12-30,87.80000305175781,88.33000183105469,43.34852600097656
2004-12-31,88.37000274658203,88.55000305175781,43.62190628051758
2005-01-03,88.18000030517578,88.73999786376953,43.71554183959961
2005-01-04,88.72000122070312,87.80999755859375,43.25738525390625
2005-01-05,87.98999786376953,88.27999877929688,43.48893737792969
2005-01-06,88.29000091552734,88.33999633789062,43.518470764160156
2005-01-07,88.76000213623047,88.54000091552734,43.61702346801758
2005-01-10,88.63999938964844,88.68000030517578,43.686004638671875
2005-01-11,88.9000015258789,89.19999694824219,43.942134857177734
2005-01-12,88.87000274658203,89.31999969482422,44.001224517822266
2005-01-13,89.75,90.18000030517578,44.4249153137207
2005-01-14,89.9000015258789,90.16999816894531,44.420005798339844
2005-01-18,89.80000305175781,90.47000122070312,44.56777572631836
2005-01-19,90.80000305175781,90.7300033569336,44.69585037231445
2005-01-20,90.41999816894531,90.91000366210938,44.78453063964844
2005-01-21,90.5999984741211,91.01000213623047,44.833805084228516
2005-01-24,91.08999633789062,91.4000015258789,45.02593231201172
2005-01-25,91.36000061035156,90.54000091552734,44.60226821899414
2005-01-26,90.8499984741211,90.70999908447266,44.68596649169922
2005-01-27,90.5199966430664,90.54000091552734,44.60226821899414
2005-01-28,91.22000122070312,91.44999694824219,45.050559997558594
2005-01-31,91.33000183105469,91.70999908447266,45.17862319946289
2005-02-01,91.44000244140625,91.22000122070312,45.10693359375
2005-02-02,91.19999694824219,91.43000030517578,45.21078109741211
2005-02-03,91.05999755859375,91.37999725341797,45.18605422973633
2005-02-04,92.47000122070312,92.6500015258789,45.81404113769531
2005-02-07,92.73999786376953,93.33999633789062,46.155242919921875
2005-02-08,93.37000274658203,93.87000274658203,46.417301177978516
2005-02-09,93.44000244140625,94.12000274658203,46.540916442871094
2005-02-10,93.48999786376953,92.8499984741211,45.9129524230957
2005-02-11,92.45999908447266,92.79000091552734,45.883262634277344
2005-02-14,92.9000015258789,93.08000183105469,46.02665328979492
2005-02-15,92.5999984741211,92.61000061035156,45.79429244995117
2005-02-16,92.51000213623047,92.26000213623047,45.621150970458984
2005-02-17,91.76000213623047,91.68000030517578,45.33441162109375
2005-02-18,90.55000305175781,90.86000061035156,44.928871154785156
2005-02-22,90.62999725341797,90.45999908447266,44.73115158081055
2005-02-23,91.13999938964844,90.76000213623047,44.87948226928711
2005-02-24,91.16000366210938,90.55999755859375,44.780555725097656
2005-02-25,90.88999938964844,91.0,44.99811935424805
2005-02-28,91.0999984741211,90.0199966430664,44.51355743408203
2005-03-01,89.54000091552734,89.70999908447266,44.49967956542969
2005-03-02,89.44999694824219,89.58999633789062,44.440162658691406
2005-03-03,89.62000274658203,89.54000091552734,44.415348052978516
2005-03-04,89.98999786376953,90.51000213623047,44.89649200439453
2005-03-07,90.8499984741211,90.87000274658203,45.07503128051758
2005-03-08,90.12999725341797,90.01000213623047,44.64845657348633
2005-03-09,89.18000030517578,88.54000091552734,43.91931915283203
2005-03-10,88.73999786376953,89.08000183105469,44.18716049194336
2005-03-11,88.6500015258789,88.43000030517578,43.86473846435547
2005-03-14,88.37000274658203,88.95999908447266,44.127628326416016
2005-03-15,89.29000091552734,88.4000015258789,43.8498420715332
2005-03-16,88.54000091552734,88.94000244140625,44.11772155761719
2005-03-17,89.3499984741211,89.2300033569336,44.26154327392578
2005-03-18,88.9000015258789,88.66999816894531,43.98379135131836
2005-03-21,88.66999816894531,88.41999816894531,43.859745025634766
2005-03-22,88.94000244140625,87.66999816894531,43.487709045410156
2005-03-23,87.52999877929688,88.08999633789062,43.6960563659668
2005-03-24,88.31999969482422,88.2699966430664,43.78537368774414
2005-03-28,87.98999786376953,87.7300033569336,43.51750564575195
2005-03-29,88.08000183105469,88.25,43.77545166015625
2005-03-30,88.19999694824219,88.69000244140625,43.993717193603516
2005-03-31,89.19999694824219,89.33000183105469,44.311195373535156
2005-04-01,89.52999877929688,89.30000305175781,44.460540771484375
2005-04-04,89.27999877929688,89.27999877929688,44.45057678222656
2005-04-05,89.23999786376953,89.05000305175781,44.33606719970703
2005-04-06,89.41000366210938,89.36000061035156,44.49037170410156
2005-04-07,89.30000305175781,88.63999938964844,44.13191223144531
2005-04-08,88.55999755859375,88.94999694824219,44.28622055053711
2005-04-11,88.97000122070312,89.43000030517578,44.525264739990234
2005-04-12,89.2300033569336,90.26000213623047,44.938438415527344
2005-04-13,90.3499984741211,90.04000091552734,44.82896423339844
2005-04-14,90.08000183105469,89.9000015258789,44.75928497314453
2005-04-15,90.54000091552734,91.08999633789062,45.351722717285156
2005-04-18,91.37000274658203,91.0199966430664,45.316864013671875
2005-04-19,91.33999633789062,91.9000015258789,45.75498962402344
2005-04-20,91.22000122070312,91.66999816894531,45.6405143737793
2005-04-21,91.30000305175781,90.70999908447266,45.16252136230469
2005-04-22,91.2699966430664,91.47000122070312,45.54093933105469
2005-04-25,91.66000366210938,91.73999786376953,45.67535400390625
2005-04-26,91.98999786376953,91.5999984741211,45.60564422607422
2005-04-27,92.05000305175781,91.91999816894531,45.764976501464844
2005-04-28,92.05000305175781,92.5999984741211,46.10353469848633
2005-04-29,92.56999969482422,92.44000244140625,46.02388000488281
2005-05-02,92.1500015258789,92.08999633789062,46.01385498046875
2005-05-03,92.06999969482422,92.33999633789062,46.1387825012207
2005-05-04,91.44999694824219,91.52999877929688,45.73405456542969
2005-05-05,91.30000305175781,91.73999786376953,45.8390007019043
2005-05-06,90.93000030517578,91.05999755859375,45.49921417236328
2005-05-09,91.01000213623047,91.1500015258789,45.544185638427734
2005-05-10,91.36000061035156,91.80000305175781,45.86896514892578
2005-05-11,92.13999938964844,92.08000183105469,46.008872985839844
2005-05-12,92.0,92.44000244140625,46.188751220703125
2005-05-13,92.70999908447266,92.80000305175781,46.36864471435547
2005-05-16,93.04000091552734,92.69000244140625,46.31367874145508
2005-05-17,92.95999908447266,92.94999694824219,46.443546295166016
2005-05-18,93.69999694824219,93.56999969482422,46.753395080566406
2005-05-19,93.69999694824219,93.33000183105469,46.63346862792969
2005-05-20,93.25,93.44000244140625,46.68841552734375
2005-05-23,93.5999984741211,94.16999816894531,47.05314254760742
2005-05-24,94.52999877929688,94.43000030517578,47.18305969238281
2005-05-25,94.58999633789062,93.7699966430664,46.8532600402832
2005-05-26,93.58999633789062,93.73999786376953,46.838279724121094
2005-05-27,93.73999786376953,93.83999633789062,46.88824462890625
2005-05-31,94.22000122070312,95.0,47.46788787841797
2005-06-01,95.19999694824219,95.80999755859375,48.04914855957031
2005-06-02,95.7300033569336,96.04000091552734,48.164520263671875
2005-06-03,96.9000015258789,95.25,47.76827621459961
2005-06-06,95.5,95.75,48.0190315246582
2005-06-07,96.47000122070312,96.51000213623047,48.400169372558594
2005-06-08,96.30999755859375,96.05000305175781,48.16947555541992
2005-06-09,95.66999816894531,95.97000122070312,48.12938690185547
2005-06-10,95.55000305175781,94.88999938964844,47.5877685546875
2005-06-13,94.4800033569336,94.31999969482422,47.3018798828125
2005-06-14,94.05000305175781,93.69999694824219,46.99098205566406
2005-06-15,93.38999938964844,93.87000274658203,47.076202392578125
2005-06-16,93.80000305175781,94.33999633789062,47.31193542480469
2005-06-17,94.11000061035156,94.33000183105469,47.30690002441406
2005-06-20,93.81999969482422,94.16999816894531,47.2266731262207
2005-06-21,94.37999725341797,94.86000061035156,47.572689056396484
2005-06-22,95.48999786376953,96.01000213623047,48.14940643310547
2005-06-23,95.80000305175781,95.91000366210938,48.09926986694336
2005-06-24,96.23999786376953,96.38999938964844,48.339988708496094
2005-06-27,96.48999786376953,96.6500015258789,48.47038650512695
2005-06-28,96.31999969482422,95.98999786376953,48.13941955566406
2005-06-29,96.47000122070312,95.83999633789062,48.06417465209961
2005-06-30,95.86000061035156,96.69999694824219,48.49543762207031
2005-07-01,96.04000091552734,95.19999694824219,47.9077033996582
2005-07-05,94.3499984741211,94.30000305175781,47.45475387573242
2005-07-06,94.62999725341797,94.81999969482422,47.71645736694336
2005-07-07,95.43000030517578,95.0199966430664,47.817115783691406
2005-07-08,95.25,94.62999725341797,47.62086868286133
2005-07-11,94.11000061035156,94.62999725341797,47.62086868286133
2005-07-12,94.3499984741211,94.0999984741211,47.35414505004883
2005-07-13,94.05000305175781,93.95999908447266,47.28369140625
2005-07-14,94.0999984741211,93.72000122070312,47.16291046142578
2005-07-15,93.5,93.97000122070312,47.288753509521484
2005-07-18,93.8499984741211,93.2699966430664,46.936431884765625
2005-07-19,93.2300033569336,93.5999984741211,47.10250473022461
2005-07-20,93.51000213623047,94.11000061035156,47.359153747558594
2005-07-21,93.4800033569336,92.83000183105469,46.71501541137695
2005-07-22,93.0999984741211,93.55000305175781,47.07736587524414
2005-07-25,93.4000015258789,93.20999908447266,46.906307220458984
2005-07-26,93.2699966430664,93.36000061035156,46.981746673583984
2005-07-27,93.06999969482422,93.20999908447266,46.906307220458984
2005-07-28,93.37999725341797,94.04000091552734,47.32396697998047
2005-07-29,93.80000305175781,93.11000061035156,46.85588455200195
2005-08-01,92.5,92.41999816894531,46.6816520690918
2005-08-02,92.2699966430664,92.12000274658203,46.5301628112793
2005-08-03,92.25,92.56999969482422,46.75748062133789
2005-08-04,92.58999633789062,92.37999725341797,46.66144561767578
2005-08-05,91.69999694824219,91.66000366210938,46.297813415527344
2005-08-08,91.68000030517578,91.48999786376953,46.2119140625
2005-08-09,91.69999694824219,91.83000183105469,46.38371276855469
2005-08-10,92.01000213623047,91.7300033569336,46.33318328857422
2005-08-11,92.02999877929688,92.37000274658203,46.65641403198242
2005-08-12,92.62000274658203,93.30999755859375,47.131229400634766
2005-08-15,93.26000213623047,93.06999969482422,47.00999450683594
2005-08-16,93.68000030517578,93.72000122070312,47.33830261230469
2005-08-17,93.51000213623047,93.0999984741211,47.02513885498047
2005-08-18,93.44999694824219,93.79000091552734,47.37369918823242
2005-08-19,93.36000061035156,93.77999877929688,47.36861801147461
2005-08-22,93.54000091552734,93.68000030517578,47.31809997558594
2005-08-23,93.7300033569336,94.11000061035156,47.5352897644043
2005-08-24,94.2699966430664,94.19999694824219,47.58076095581055
2005-08-25,94.27999877929688,94.5,47.73228073120117
2005-08-26,94.6500015258789,94.47000122070312,47.71713638305664
2005-08-29,94.83000183105469,94.58999633789062,47.77775192260742
2005-08-30,94.83000183105469,95.19000244140625,48.08082580566406
2005-08-31,95.30999755859375,95.98999786376953,48.48488235473633
2005-09-01,95.30999755859375,95.08000183105469,48.19297409057617
2005-09-02,94.87999725341797,95.16000366210938,48.233524322509766
2005-09-06,95.01000213623047,94.48999786376953,47.893890380859375
2005-09-07,94.18000030517578,93.5999984741211,47.4427375793457
2005-09-08,93.88999938964844,93.69999694824219,47.493499755859375
2005-09-09,93.95999908447266,94.0,47.64552688598633
2005-09-12,93.66000366210938,93.3499984741211,47.31608963012695
2005-09-13,93.76000213623047,93.83999633789062,47.5644416809082
2005-09-14,93.81999969482422,93.4800033569336,47.38197326660156
2005-09-15,93.3499984741211,92.70999908447266,46.99166488647461
2005-09-16,92.30000305175781,92.0999984741211,46.682498931884766
2005-09-19,92.18000030517578,92.30000305175781,46.78386688232422
2005-09-20,92.29000091552734,92.54000091552734,46.90550994873047
2005-09-21,93.27999877929688,93.4000015258789,47.34139633178711
2005-09-22,93.37000274658203,93.30999755859375,47.29576110839844
2005-09-23,93.05000305175781,92.61000061035156,46.94095993041992
2005-09-26,92.11000061035156,92.19000244140625,46.72810363769531
2005-09-27,92.2699966430664,92.31999969482422,46.79399871826172
2005-09-28,92.38999938964844,92.94000244140625,47.10823059082031
2005-09-29,92.5999984741211,92.5199966430664,46.89537048339844
2005-09-30,92.58000183105469,92.19999694824219,46.73316955566406
2005-10-03,91.79000091552734,91.12000274658203,46.36783218383789
2005-10-04,91.37000274658203,91.41999816894531,46.52044677734375
2005-10-05,91.68000030517578,91.81999969482422,46.72397232055664
2005-10-06,91.69999694824219,91.47000122070312,46.545921325683594
2005-10-07,91.08999633789062,91.83999633789062,46.73415756225586
2005-10-10,91.8499984741211,91.77999877929688,46.70363235473633
2005-10-11,91.83999633789062,91.58999633789062,46.60697937011719
2005-10-12,91.44000244140625,90.69999694824219,46.154075622558594
2005-10-13,90.25,90.37000274658203,45.98616027832031
2005-10-14,90.5999984741211,90.2300033569336,45.91490173339844
2005-10-17,90.41999816894531,90.20999908447266,45.904727935791016
2005-10-18,90.45999908447266,90.30999755859375,45.955657958984375
2005-10-19,90.66000366210938,90.3499984741211,45.975990295410156
2005-10-20,90.27999877929688,90.58999633789062,46.09808349609375
2005-10-21,90.83000183105469,91.43000030517578,46.52555847167969
2005-10-24,91.31999969482422,90.72000122070312,46.164268493652344
2005-10-25,90.81999969482422,89.94000244140625,45.767337799072266
2005-10-26,89.44999694824219,89.27999877929688,45.43149185180664
2005-10-27,89.5999984741211,89.5999984741211,45.59431457519531
2005-10-28,89.72000122070312,89.61000061035156,45.599422454833984
2005-10-31,89.7699966430664,89.77999877929688,45.68593978881836
2005-11-01,89.43000030517578,89.27999877929688,45.633270263671875
2005-11-02,89.08000183105469,88.86000061035156,45.41862869262695
2005-11-03,88.88999938964844,88.26000213623047,45.11191177368164
2005-11-04,88.41999816894531,88.12000274658203,45.040367126464844
2005-11-07,88.5,88.41999816894531,45.193729400634766
2005-11-08,88.88999938964844,89.27999877929688,45.633270263671875
2005-11-09,88.77999877929688,88.36000061035156,45.163055419921875
2005-11-10,88.72000122070312,89.44000244140625,45.71503448486328
2005-11-11,89.5999984741211,89.48999786376953,45.74058532714844
2005-11-14,89.37999725341797,88.81999969482422,45.39816665649414
2005-11-15,88.75,89.4000015258789,45.694644927978516
2005-11-16,89.80000305175781,90.33999633789062,46.17506790161133
2005-11-17,90.16999816894531,90.55999755859375,46.2874755859375
2005-11-18,90.37000274658203,90.13999938964844,46.07285690307617
2005-11-21,90.33999633789062,90.41000366210938,46.21084213256836
2005-11-22,90.37000274658203,90.52999877929688,46.27218246459961
2005-11-23,90.58999633789062,90.18000030517578,46.09330749511719
2005-11-25,90.41000366210938,90.51000213623047,46.2619514465332
2005-11-28,90.5199966430664,90.95999908447266,46.4919548034668
2005-11-29,91.08000183105469,90.0999984741211,46.052371978759766
2005-11-30,90.30000305175781,90.0,46.00130081176758
2005-12-01,90.0,89.47000122070312,45.929447174072266
2005-12-02,89.2699966430664,89.5,45.9448356628418
2005-12-05,89.3499984741211,89.0999984741211,45.739471435546875
2005-12-06,89.41000366210938,90.01000213623047,46.206626892089844
2005-12-07,89.80000305175781,89.66999816894531,46.03205871582031
2005-12-08,89.9800033569336,90.25,46.32986068725586
2005-12-09,89.9800033569336,89.54000091552734,45.96535110473633
2005-12-12,89.75,89.37000274658203,45.87807846069336
2005-12-13,89.72000122070312,89.69999694824219,46.047489166259766
2005-12-14,90.19999694824219,90.62000274658203,46.51981735229492
2005-12-15,90.44000244140625,90.4000015258789,46.4068603515625
2005-12-16,90.83000183105469,90.69999694824219,46.5608024597168
2005-12-19,90.5999984741211,90.79000091552734,46.607078552246094
2005-12-20,90.58000183105469,90.68000030517578,46.55058670043945
2005-12-21,90.52999877929688,90.5199966430664,46.468414306640625
2005-12-22,90.91999816894531,91.23999786376953,46.8380241394043
2005-12-23,91.19000244140625,91.80000305175781,47.12551498413086
2005-12-27,91.97000122070312,92.55000305175781,47.51054382324219
2005-12-28,92.02999877929688,91.91000366210938,47.37806701660156
2005-12-29,92.02999877929688,92.11000061035156,47.48112869262695
2005-12-30,92.54000091552734,91.9000015258789,47.372894287109375
2006-01-03,91.58999633789062,91.77999877929688,47.31105422973633
2006-01-04,91.54000091552734,92.0,47.42448043823242
2006-01-05,91.87999725341797,91.88999938964844,47.36774826049805
2006-01-06,91.7699966430664,91.72000122070312,47.28013610839844
2006-01-09,91.69999694824219,91.77999877929688,47.31105422973633
2006-01-10,91.62999725341797,91.04000091552734,46.92958450317383
2006-01-11,91.25,90.88999938964844,46.85226058959961
2006-01-12,91.12999725341797,91.5,47.16669845581055
2006-01-13,91.58999633789062,92.02999877929688,47.439910888671875
2006-01-17,92.0,92.44000244140625,47.6512565612793
2006-01-18,92.76000213623047,92.41000366210938,47.63581085205078
2006-01-19,92.06999969482422,92.13999938964844,47.49662780761719
2006-01-20,92.31999969482422,92.37999725341797,47.620323181152344
2006-01-23,91.80000305175781,92.3499984741211,47.60484313964844
2006-01-24,92.0,91.9000015258789,47.372894287109375
2006-01-25,91.51000213623047,90.9000015258789,46.85740280151367
2006-01-26,90.55000305175781,90.51000213623047,46.6563720703125
2006-01-27,90.80000305175781,90.51000213623047,46.6563720703125
2006-01-30,90.30000305175781,90.41999816894531,46.6099739074707
2006-01-31,90.3499984741211,90.66999816894531,46.73887252807617
2006-02-01,90.1500015258789,90.04000091552734,46.57898712158203
2006-02-02,90.04000091552734,90.20999908447266,46.66697692871094
2006-02-03,90.0,90.8499984741211,46.99803924560547
2006-02-06,90.9800033569336,91.02999877929688,47.09115219116211
2006-02-07,91.12000274658203,90.5999984741211,46.86870574951172
2006-02-08,90.87999725341797,90.38999938964844,46.76005935668945
2006-02-09,90.13999938964844,90.80000305175781,46.9721794128418
2006-02-10,91.19999694824219,90.30000305175781,46.713497161865234
2006-02-13,90.23999786376953,90.30999755859375,46.71867370605469
2006-02-14,89.9000015258789,89.98999786376953,46.55314636230469
2006-02-15,90.13999938964844,90.20999908447266,46.66697692871094
2006-02-16,90.19999694824219,90.2300033569336,46.67728805541992
2006-02-17,90.80000305175781,90.94999694824219,47.04970932006836
2006-02-21,90.9000015258789,90.80000305175781,46.9721794128418
2006-02-22,91.12000274658203,91.41999816894531,47.29289245605469
2006-02-23,91.30999755859375,91.19000244140625,47.173954010009766
2006-02-24,91.44000244140625,91.05000305175781,47.10153579711914
2006-02-27,91.3499984741211,90.9000015258789,47.02386474609375
2006-02-28,91.0,91.3499984741211,47.256675720214844
2006-03-01,90.7699966430664,90.4800033569336,46.97117614746094
2006-03-02,90.05999755859375,89.8499984741211,46.644107818603516
2006-03-03,89.4800033569336,89.33000183105469,46.374168395996094
2006-03-06,88.9800033569336,88.55000305175781,45.96924591064453
2006-03-07,88.4000015258789,88.61000061035156,46.00040054321289
2006-03-08,88.56999969482422,88.58000183105469,45.98480987548828
2006-03-09,88.55999755859375,88.61000061035156,46.00040054321289
2006-03-10,88.31999969482422,88.27999877929688,45.82907485961914
2006-03-13,88.13999938964844,88.20999908447266,45.792724609375
2006-03-14,88.44999694824219,88.80000305175781,46.0990104675293
2006-03-15,88.44000244140625,88.31999969482422,45.849830627441406
2006-03-16,88.51000213623047,89.12000274658203,46.26513671875
2006-03-17,88.8499984741211,88.8499984741211,46.12495040893555
2006-03-20,89.2300033569336,88.98999786376953,46.197669982910156
2006-03-21,89.1500015258789,88.52999877929688,45.95889663696289
2006-03-22,88.75,88.72000122070312,46.05751037597656
2006-03-23,88.81999969482422,88.44000244140625,45.912139892578125
2006-03-24,88.52999877929688,89.08999633789062,46.24958801269531
2006-03-27,89.05000305175781,88.76000213623047,46.07827377319336
2006-03-28,88.4000015258789,87.93000030517578,45.64738082885742
2006-03-29,87.83000183105469,87.51000213623047,45.429344177246094
2006-03-30,87.13999938964844,86.9000015258789,45.11269760131836
2006-03-31,86.9800033569336,86.87000274658203,45.09709167480469
2006-04-03,86.18000030517578,86.56999969482422,45.11170959472656
2006-04-04,86.69999694824219,86.4800033569336,45.064796447753906
2006-04-05,86.69999694824219,86.5999984741211,45.12733459472656
2006-04-06,86.29000091552734,85.94000244140625,44.783409118652344
2006-04-07,85.43000030517578,85.0999984741211,44.34566879272461
2006-04-10,85.1500015258789,85.26000213623047,44.42904281616211
2006-04-11,85.58000183105469,85.55999755859375,44.585365295410156
2006-04-12,85.5999984741211,85.04000091552734,44.31438446044922
2006-04-13,84.5,84.44000244140625,44.00175476074219
2006-04-17,84.54000091552734,84.75,44.16327667236328
2006-04-18,84.94999694824219,84.9000015258789,44.24142837524414
2006-04-19,84.44999694824219,84.37999725341797,43.970489501953125
2006-04-20,84.41999816894531,84.30999755859375,43.934017181396484
2006-04-21,84.52999877929688,84.80000305175781,44.18935775756836
2006-04-24,84.94000244140625,85.13999938964844,44.36650085449219
2006-04-25,85.04000091552734,84.12999725341797,43.840206146240234
2006-04-26,83.8499984741211,83.98999786376953,43.767242431640625
2006-04-27,83.75,84.0999984741211,43.82454299926758
2006-04-28,83.97000122070312,84.16000366210938,43.855838775634766
2006-05-01,83.66999816894531,83.19999694824219,43.52627182006836
2006-05-02,83.26000213623047,83.41999816894531,43.641334533691406
2006-05-03,83.41999816894531,83.23999786376953,43.54718017578125
2006-05-04,83.37999725341797,83.0999984741211,43.47395706176758
2006-05-05,84.0,83.5999984741211,43.73553466796875
2006-05-08,83.73999786376953,83.6500015258789,43.76167297363281
2006-05-09,83.55000305175781,83.5999984741211,43.73553466796875
2006-05-10,83.80000305175781,83.75,43.814022064208984
2006-05-11,83.45999908447266,83.33999633789062,43.599491119384766
2006-05-12,82.80999755859375,82.6500015258789,43.23850631713867
2006-05-15,82.6500015258789,82.9800033569336,43.411155700683594
2006-05-16,83.08000183105469,83.5999984741211,43.73553466796875
2006-05-17,82.91000366210938,83.08000183105469,43.46350860595703
2006-05-18,83.55000305175781,84.20999908447266,44.05462646484375
2006-05-19,84.12000274658203,84.43000030517578,44.169734954833984
2006-05-22,84.83999633789062,84.61000061035156,44.26390838623047
2006-05-23,84.05000305175781,84.55999755859375,44.23774719238281
2006-05-24,84.80999755859375,84.5999984741211,44.2586555480957
2006-05-25,84.72000122070312,84.2699966430664,44.08600997924805
2006-05-26,84.23999786376953,84.20999908447266,44.05462646484375
2006-05-30,84.19000244140625,84.16999816894531,44.033721923828125
2006-05-31,84.33999633789062,83.66999816894531,43.77216339111328
2006-06-01,83.4000015258789,83.70999908447266,43.967529296875
2006-06-02,84.72000122070312,84.79000091552734,44.534793853759766
2006-06-05,84.80999755859375,84.68000030517578,44.47697830200195
2006-06-06,84.66000366210938,85.08000183105469,44.68711471557617
2006-06-07,84.7300033569336,85.0999984741211,44.697608947753906
2006-06-08,85.23999786376953,85.2699966430664,44.78688049316406
2006-06-09,85.3499984741211,85.72000122070312,45.02323532104492
2006-06-12,85.68000030517578,85.79000091552734,45.060001373291016
2006-06-13,85.8499984741211,85.8499984741211,45.091552734375
2006-06-14,85.5,84.98999786376953,44.63982009887695
2006-06-15,84.69000244140625,84.5,44.382450103759766
2006-06-16,84.69999694824219,84.30999755859375,44.28266143798828
2006-06-19,84.20999908447266,84.19000244140625,44.21963882446289
2006-06-20,84.12999725341797,84.05000305175781,44.14607620239258
2006-06-21,84.25,84.06999969482422,44.156585693359375
2006-06-22,83.83999633789062,83.58999633789062,43.90449523925781
2006-06-23,83.62000274658203,83.41999816894531,43.8151969909668
2006-06-26,83.41999816894531,83.26000213623047,43.73114776611328
2006-06-27,83.37999725341797,83.66999816894531,43.946537017822266
2006-06-28,83.62999725341797,83.2300033569336,43.71540832519531
2006-06-29,83.58000183105469,83.51000213623047,43.86247253417969
2006-06-30,83.5,84.31999969482422,44.28791809082031
2006-07-03,83.9000015258789,83.91000366210938,44.24410629272461
2006-07-05,83.4000015258789,83.23999786376953,43.89088439941406
2006-07-06,83.33000183105469,83.75,44.1597900390625
2006-07-07,84.19999694824219,84.29000091552734,44.44454574584961
2006-07-10,84.18000030517578,84.37000274658203,44.48667907714844
2006-07-11,84.58999633789062,84.63999938964844,44.629085540771484
2006-07-12,84.33000183105469,84.66000366210938,44.639610290527344
2006-07-13,84.69999694824219,84.98999786376953,44.8136100769043
2006-07-14,84.81999969482422,85.04000091552734,44.839935302734375
2006-07-17,84.97000122070312,85.16999816894531,44.908512115478516
2006-07-18,84.69999694824219,84.44000244140625,44.523616790771484
2006-07-19,84.33000183105469,85.23999786376953,44.945404052734375
2006-07-20,84.97000122070312,85.48999786376953,45.0772705078125
2006-07-21,85.5999984741211,85.33000183105469,44.99287414550781
2006-07-24,85.41000366210938,85.27999877929688,44.96652603149414
2006-07-25,85.2300033569336,85.02999877929688,44.83466339111328
2006-07-26,84.91000366210938,85.33999633789062,44.9981575012207
2006-07-27,85.4800033569336,85.20999908447266,44.92964553833008
2006-07-28,85.6500015258789,85.69999694824219,45.187957763671875
2006-07-31,85.62000274658203,85.80999755859375,45.24598693847656
2006-08-01,85.31999969482422,85.45999908447266,45.241729736328125
2006-08-02,85.37000274658203,85.77999877929688,45.41117477416992
2006-08-03,85.62999725341797,85.80000305175781,45.42172622680664
2006-08-04,86.4000015258789,86.31999969482422,45.69704818725586
2006-08-07,86.33000183105469,86.37000274658203,45.72349548339844
2006-08-08,86.37999725341797,86.18000030517578,45.62290573120117
2006-08-09,85.75,85.9000015258789,45.47467803955078
2006-08-10,85.8499984741211,85.7699966430664,45.405853271484375
2006-08-11,85.47000122070312,85.4000015258789,45.20998001098633
2006-08-14,85.3499984741211,85.25,45.13056182861328
2006-08-15,85.77999877929688,85.97000122070312,45.51171875
2006-08-16,86.56999969482422,86.55000305175781,45.81876754760742
2006-08-17,86.7699966430664,86.5199966430664,45.80288314819336
2006-08-18,86.72000122070312,86.7699966430664,45.93525695800781
2006-08-21,86.88999938964844,87.08000183105469,46.09934997558594
2006-08-22,87.0,87.11000061035156,46.115238189697266
2006-08-23,87.05999755859375,87.1500015258789,46.13640594482422
2006-08-24,87.41000366210938,87.30999755859375,46.22108459472656
2006-08-25,87.23999786376953,87.44000244140625,46.289939880371094
2006-08-28,87.41000366210938,87.5199966430664,46.33229446411133
2006-08-29,87.25,87.63999938964844,46.39582443237305
2006-08-30,87.83000183105469,87.87000274658203,46.51762771606445
2006-08-31,87.73999786376953,88.08000183105469,46.62874984741211
2006-09-01,87.62000274658203,87.76000213623047,46.64470291137695
2006-09-05,87.51000213623047,87.20999908447266,46.35234451293945
2006-09-06,86.88999938964844,87.08999633789062,46.28859329223633
2006-09-07,86.93000030517578,87.26000213623047,46.378944396972656
2006-09-08,87.48999786376953,87.33000183105469,46.416160583496094
2006-09-11,87.48999786376953,87.25,46.373626708984375
2006-09-12,87.1500015258789,87.69000244140625,46.60749435424805
2006-09-13,88.02999877929688,87.7300033569336,46.628746032714844
2006-09-14,87.6500015258789,87.52999877929688,46.52246856689453
2006-09-15,87.76000213623047,87.45999908447266,46.4852409362793
2006-09-18,86.97000122070312,87.31999969482422,46.41083908081055
2006-09-19,87.86000061035156,88.30000305175781,46.931724548339844
2006-09-20,88.37999725341797,88.43000030517578,47.00079345703125
2006-09-21,88.3499984741211,89.23999786376953,47.43134307861328
2006-09-22,89.31999969482422,89.68000030517578,47.66516876220703
2006-09-25,89.83999633789062,90.30999755859375,48.00004577636719
2006-09-26,90.0,89.93000030517578,47.79803466796875
2006-09-27,90.25,89.66999816894531,47.659828186035156
2006-09-28,89.43000030517578,89.5199966430664,47.58015441894531
2006-09-29,89.69000244140625,89.41000366210938,47.52168655395508
2006-10-02,89.0999984741211,89.30000305175781,47.65187072753906
2006-10-03,89.4000015258789,89.18000030517578,47.587825775146484
2006-10-04,89.33000183105469,89.83000183105469,47.934715270996094
2006-10-05,89.54000091552734,89.19999694824219,47.598533630371094
2006-10-06,89.08999633789062,88.2699966430664,47.10224914550781
2006-10-09,88.0999984741211,88.51000213623047,47.23032760620117
2006-10-10,87.94999694824219,87.80999755859375,46.85676956176758
2006-10-11,87.94999694824219,87.55000305175781,46.71804428100586
2006-10-12,87.62999725341797,87.5999984741211,46.74472427368164
2006-10-13,87.29000091552734,87.16000366210938,46.50992965698242
2006-10-16,87.4000015258789,87.55000305175781,46.71804428100586
2006-10-17,87.87999725341797,87.62000274658203,46.75540542602539
2006-10-18,87.69000244140625,87.80000305175781,46.85145950317383
2006-10-19,87.58999633789062,87.63999938964844,46.76607894897461
2006-10-20,87.61000061035156,87.55000305175781,46.71804428100586
2006-10-23,87.1500015258789,87.19999694824219,46.53128433227539
2006-10-24,87.16999816894531,87.19999694824219,46.53128433227539
2006-10-25,87.2699966430664,87.88999938964844,46.899478912353516
2006-10-26,88.1500015258789,88.45999908447266,47.203651428222656
2006-10-27,89.0199966430664,88.87000274658203,47.42241287231445
2006-10-30,88.88999938964844,89.12000274658203,47.55582046508789
2006-10-31,89.25,89.80999755859375,47.924041748046875
2006-11-01,89.61000061035156,89.95999908447266,48.18918228149414
2006-11-02,89.62999725341797,89.58999633789062,47.99097442626953
2006-11-03,88.66999816894531,88.52999877929688,47.42318344116211
2006-11-06,88.3499984741211,88.79000091552734,47.56241226196289
2006-11-07,89.27999877929688,89.19999694824219,47.782066345214844
2006-11-08,89.23999786376953,89.5199966430664,47.953468322753906
2006-11-09,89.47000122070312,89.47000122070312,47.926673889160156
2006-11-10,89.6500015258789,89.86000061035156,48.1356201171875
2006-11-13,89.83999633789062,89.83999633789062,48.12489318847656
2006-11-14,90.33999633789062,90.19000244140625,48.312381744384766
2006-11-15,90.05000305175781,89.8499984741211,48.130252838134766
2006-11-16,90.0,89.44000244140625,47.910614013671875
2006-11-17,89.55999755859375,89.94999694824219,48.18381118774414
2006-11-20,90.0,90.08999633789062,48.25883483886719
2006-11-21,90.13999938964844,90.30999755859375,48.376678466796875
2006-11-22,90.36000061035156,90.45999908447266,48.45700454711914
2006-11-24,90.75,90.62000274658203,48.542762756347656
2006-11-27,90.2300033569336,90.94999694824219,48.7194938659668
2006-11-28,91.23999786376953,91.13999938964844,48.82126235961914
2006-11-29,91.30000305175781,90.93000030517578,48.708778381347656
2006-11-30,91.2699966430664,91.52999877929688,49.03020095825195
2006-12-01,91.27999877929688,91.41999816894531,49.15494918823242
2006-12-04,91.30000305175781,91.58000183105469,49.240970611572266
2006-12-05,91.36000061035156,91.1500015258789,49.00977325439453
2006-12-06,91.02999877929688,90.97000122070312,48.91293716430664
2006-12-07,90.98999786376953,90.9000015258789,48.875328063964844
2006-12-08,90.8499984741211,90.23999786376953,48.52045822143555
2006-12-11,90.62999725341797,90.62999725341797,48.730140686035156
2006-12-12,90.7300033569336,90.81999969482422,48.83232879638672
2006-12-13,90.30999755859375,90.01000213623047,48.396827697753906
2006-12-14,89.81999969482422,89.68000030517578,48.2193489074707
2006-12-15,90.58000183105469,89.7300033569336,48.24624252319336
2006-12-18,89.72000122070312,89.76000213623047,48.262367248535156
2006-12-19,89.51000213623047,89.63999938964844,48.19786071777344
2006-12-20,89.6500015258789,89.62999725341797,48.192474365234375
2006-12-21,89.70999908447266,90.08000183105469,48.43444061279297
2006-12-22,89.83000183105469,89.38999938964844,48.06342315673828
2006-12-26,89.44999694824219,89.66000366210938,48.2086067199707
2006-12-27,89.27999877929688,88.69999694824219,47.85417938232422
2006-12-28,88.9000015258789,88.5,47.74625015258789
2006-12-29,88.3499984741211,88.43000030517578,47.70851135253906
2007-01-03,89.22000122070312,89.05999755859375,48.048370361328125
2007-01-04,89.22000122070312,89.5999984741211,48.339698791503906
2007-01-05,88.80000305175781,89.20999908447266,48.129302978515625
2007-01-08,89.12000274658203,89.37000274658203,48.21564483642578
2007-01-09,89.4800033569336,89.37000274658203,48.21564483642578
2007-01-10,89.06999969482422,88.97000122070312,47.999813079833984
2007-01-11,88.79000091552734,88.44999694824219,47.719261169433594
2007-01-12,88.1500015258789,88.04000091552734,47.49803161621094
2007-01-16,88.2300033569336,88.2300033569336,47.60059356689453
2007-01-17,88.20999908447266,87.95999908447266,47.454925537109375
2007-01-18,87.94000244140625,88.2300033569336,47.60059356689453
2007-01-19,88.1500015258789,87.98999786376953,47.47111511230469
2007-01-22,88.1500015258789,88.19999694824219,47.58440017700195
2007-01-23,88.0199966430664,87.62000274658203,47.2714958190918
2007-01-24,87.66000366210938,87.61000061035156,47.26611328125
2007-01-25,87.44999694824219,86.9800033569336,46.92624282836914
2007-01-26,86.77999877929688,86.91000366210938,46.88840103149414
2007-01-29,87.05999755859375,86.72000122070312,46.78594207763672
2007-01-30,86.88999938964844,86.81999969482422,46.83988952636719
2007-01-31,86.69999694824219,87.55000305175781,47.23372268676758
2007-02-01,87.6500015258789,87.08999633789062,47.17685317993164
2007-02-02,87.08000183105469,87.19999694824219,47.236446380615234
2007-02-05,87.4000015258789,87.31999969482422,47.30146789550781
2007-02-06,87.19999694824219,87.80000305175781,47.56147384643555
2007-02-07,87.9000015258789,88.05999755859375,47.70229721069336
2007-02-08,87.98999786376953,88.12999725341797,47.74021911621094
2007-02-09,87.88999938964844,87.62999725341797,47.46934509277344
2007-02-12,87.48999786376953,87.43000030517578,47.361019134521484
2007-02-13,87.48999786376953,87.23999786376953,47.25812530517578
2007-02-14,87.5199966430664,88.06999969482422,47.707698822021484
2007-02-15,88.52999877929688,88.33000183105469,47.848541259765625
2007-02-16,88.58999633789062,88.63999938964844,48.01650619506836
2007-02-20,88.5,88.83999633789062,48.124813079833984
2007-02-21,88.52999877929688,88.69000244140625,48.043575286865234
2007-02-22,88.41000366210938,88.20999908447266,47.7835578918457
2007-02-23,88.52999877929688,88.83999633789062,48.124813079833984
2007-02-26,89.1500015258789,89.43000030517578,48.44443130493164
2007-02-27,89.73999786376953,90.55999755859375,49.056541442871094
2007-02-28,90.16000366210938,90.1500015258789,48.83444595336914
2007-03-01,90.27999877929688,89.75,48.803470611572266
2007-03-02,89.95999908447266,90.19999694824219,49.04814529418945
2007-03-05,90.4800033569336,90.3499984741211,49.12971878051758
2007-03-06,90.05999755859375,90.08000183105469,48.9828987121582
2007-03-07,90.08000183105469,90.43000030517578,49.17319869995117
2007-03-08,90.29000091552734,90.3499984741211,49.12971878051758
2007-03-09,89.37999725341797,89.4000015258789,48.61314392089844
2007-03-12,89.7300033569336,89.75,48.803470611572266
2007-03-13,90.2300033569336,90.29000091552734,49.09708023071289
2007-03-14,90.1500015258789,89.87999725341797,48.874149322509766
2007-03-15,89.76000213623047,89.87000274658203,48.86870574951172
2007-03-16,89.66999816894531,89.8499984741211,48.85782241821289
2007-03-19,89.58000183105469,89.66000366210938,48.7545280456543
2007-03-20,89.91000366210938,89.70999908447266,48.78172302246094
2007-03-21,89.37999725341797,89.75,48.803470611572266
2007-03-22,89.4800033569336,89.04000091552734,48.417396545410156
2007-03-23,89.19000244140625,88.79000091552734,48.28142547607422
2007-03-26,88.62000274658203,88.9000015258789,48.341270446777344
2007-03-27,88.63999938964844,88.75,48.25967788696289
2007-03-28,88.91000366210938,88.56999969482422,48.16177749633789
2007-03-29,88.54000091552734,88.44999694824219,48.0965461730957
2007-03-30,88.6500015258789,88.27999877929688,48.00410079956055
2007-04-02,88.11000061035156,88.0999984741211,48.083744049072266
2007-04-03,88.0199966430664,87.98999786376953,48.02377700805664
2007-04-04,88.16999816894531,88.08000183105469,48.0728759765625
2007-04-05,88.0999984741211,87.75,47.89276885986328
2007-04-09,87.27999877929688,87.16999816894531,47.576236724853516
2007-04-10,87.38999938964844,87.43000030517578,47.7181282043457
2007-04-11,87.47000122070312,87.37000274658203,47.68538284301758
2007-04-12,87.5,87.38999938964844,47.69625473022461
2007-04-13,87.41000366210938,87.12000274658203,47.548954010009766
2007-04-16,87.4000015258789,87.5999984741211,47.810882568359375
2007-04-17,87.88999938964844,88.08999633789062,48.078369140625
2007-04-18,88.37000274658203,88.52999877929688,48.31846618652344
2007-04-19,88.66000366210938,88.37999725341797,48.23661804199219
2007-04-20,88.44999694824219,88.1500015258789,48.111087799072266
2007-04-23,88.13999938964844,88.47000122070312,48.285728454589844
2007-04-24,88.44999694824219,88.80000305175781,48.465797424316406
2007-04-25,88.56999969482422,88.48999786376953,48.29662322998047
2007-04-26,88.43000030517578,87.8499984741211,47.94735336303711
2007-04-27,88.01000213623047,87.83000183105469,47.93645477294922
2007-04-30,88.33000183105469,88.75,48.438541412353516
2007-05-01,88.58000183105469,88.48999786376953,48.473594665527344
2007-05-02,88.44000244140625,88.44000244140625,48.44621658325195
2007-05-03,88.37000274658203,88.23999786376953,48.33666229248047
2007-05-04,88.5199966430664,88.5999984741211,48.53387451171875
2007-05-07,88.69999694824219,88.83999633789062,48.66532897949219
2007-05-08,89.01000213623047,88.63999938964844,48.55577087402344
2007-05-09,88.6500015258789,88.29000091552734,48.36410140991211
2007-05-10,88.4000015258789,88.5,48.47907638549805
2007-05-11,88.63999938964844,88.19000244140625,48.30927658081055
2007-05-14,88.2300033569336,87.95999908447266,48.183292388916016
2007-05-15,88.19000244140625,87.93000030517578,48.16684341430664
2007-05-16,87.86000061035156,87.87000274658203,48.1340217590332
2007-05-17,87.5999984741211,87.51000213623047,47.93677520751953
2007-05-18,87.3499984741211,86.93000030517578,47.61907196044922
2007-05-21,86.93000030517578,87.19000244140625,47.76152420043945
2007-05-22,87.18000030517578,86.73999786376953,47.515018463134766
2007-05-23,86.83999633789062,86.48999786376953,47.37803649902344
2007-05-24,86.45999908447266,86.56999969482422,47.4218864440918
2007-05-25,86.4000015258789,86.37000274658203,47.31230926513672
2007-05-29,86.51000213623047,86.36000061035156,47.306854248046875
2007-05-30,86.79000091552734,86.54000091552734,47.40543746948242
2007-05-31,86.55999755859375,86.37999725341797,47.317806243896484
2007-06-01,85.9000015258789,85.58999633789062,47.069190979003906
2007-06-04,85.83000183105469,85.9800033569336,47.28370666503906
2007-06-05,85.88999938964844,85.44000244140625,46.98670959472656
2007-06-06,85.36000061035156,85.4000015258789,46.9647331237793
2007-06-07,84.62999725341797,83.87000274658203,46.123313903808594
2007-06-08,83.61000061035156,83.80000305175781,46.08480453491211
2007-06-11,83.48999786376953,83.55999755859375,45.95284652709961
2007-06-12,82.91000366210938,82.3499984741211,45.287418365478516
2007-06-13,82.69999694824219,83.33000183105469,45.82634735107422
2007-06-14,83.13999938964844,83.12000274658203,45.710853576660156
2007-06-15,83.41999816894531,83.69000244140625,46.02432632446289
2007-06-18,83.62999725341797,83.5199966430664,45.930843353271484
2007-06-19,83.81999969482422,84.30000305175781,46.35983657836914
2007-06-20,84.0199966430664,83.62000274658203,45.9858512878418
2007-06-21,83.54000091552734,83.22000122070312,45.76588439941406
2007-06-22,83.05000305175781,83.76000213623047,46.06281661987305
2007-06-25,84.1500015258789,84.22000122070312,46.315792083740234
2007-06-26,84.29000091552734,84.23999786376953,46.3267936706543
2007-06-27,84.61000061035156,84.31999969482422,46.37080764770508
2007-06-28,84.31999969482422,84.30000305175781,46.35983657836914
2007-06-29,84.8499984741211,85.16999816894531,46.83823776245117
2007-07-02,84.80999755859375,85.29000091552734,47.08443832397461
2007-07-03,85.25,84.7699966430664,46.797401428222656
2007-07-05,84.30999755859375,83.81999969482422,46.27295684814453
2007-07-06,83.54000091552734,83.4800033569336,46.085262298583984
2007-07-09,83.87000274658203,83.77999877929688,46.250831604003906
2007-07-10,84.4800033569336,85.19999694824219,47.034767150878906
2007-07-11,84.94999694824219,84.31999969482422,46.54898452758789
2007-07-12,84.55000305175781,84.02999877929688,46.388851165771484
2007-07-13,84.44999694824219,84.26000213623047,46.51585388183594
2007-07-16,84.5199966430664,85.06999969482422,46.963016510009766
2007-07-17,84.86000061035156,84.88999938964844,46.8636360168457
2007-07-18,84.93000030517578,85.20999908447266,47.040279388427734
2007-07-19,84.9000015258789,85.19000244140625,47.029239654541016
2007-07-20,85.37999725341797,85.95999908447266,47.454322814941406
2007-07-23,85.69000244140625,85.81999969482422,47.37704086303711
2007-07-24,86.01000213623047,86.13999938964844,47.553707122802734
2007-07-25,86.06999969482422,86.30999755859375,47.64755630493164
2007-07-26,86.73999786376953,87.02999877929688,48.045021057128906
2007-07-27,87.05000305175781,87.27999877929688,48.18302536010742
2007-07-30,87.19000244140625,87.02999877929688,48.045021057128906
2007-07-31,87.12999725341797,87.66000366210938,48.3928108215332
2007-08-01,87.26000213623047,87.12999725341797,48.28810501098633
2007-08-02,87.20999908447266,87.3499984741211,48.409996032714844
2007-08-03,87.27999877929688,87.93000030517578,48.73140335083008
2007-08-06,87.69999694824219,87.29000091552734,48.37673568725586
2007-08-07,87.43000030517578,87.22000122070312,48.337982177734375
2007-08-08,86.88999938964844,86.16000366210938,47.75052261352539
2007-08-09,86.75,86.27999877929688,47.81700134277344
2007-08-10,86.48999786376953,86.08000183105469,47.70616912841797
2007-08-13,85.91999816894531,86.33000183105469,47.8447380065918
2007-08-14,86.0199966430664,86.55999755859375,47.97220230102539
2007-08-15,86.6500015258789,86.25,47.800384521484375
2007-08-16,86.87000274658203,87.13999938964844,48.29362487792969
2007-08-17,86.4000015258789,86.79000091552734,48.09966278076172
2007-08-20,86.95999908447266,86.83999633789062,48.12736892700195
2007-08-21,87.0999984741211,87.26000213623047,48.3601188659668
2007-08-22,87.05000305175781,87.12000274658203,48.282554626464844
2007-08-23,87.08999633789062,87.41999816894531,48.44879913330078
2007-08-24,87.7699966430664,87.8499984741211,48.68709182739258
2007-08-27,88.27999877929688,88.30999755859375,48.94204330444336
2007-08-28,88.43000030517578,88.45999908447266,49.02518844604492
2007-08-29,88.48999786376953,88.22000122070312,48.89215850830078
2007-08-30,88.61000061035156,88.80999755859375,49.21915817260742
2007-08-31,88.58999633789062,88.87999725341797,49.257930755615234
2007-09-04,88.83000183105469,88.55999755859375,49.281288146972656
2007-09-05,88.76000213623047,89.2699966430664,49.676429748535156
2007-09-06,89.30999755859375,89.04000091552734,49.548404693603516
2007-09-07,89.75,90.30000305175781,50.249610900878906
2007-09-10,90.5,91.0,50.63909149169922
2007-09-11,90.87999725341797,90.93000030517578,50.60013198852539
2007-09-12,90.9000015258789,90.58999633789062,50.41096115112305
2007-09-13,90.30000305175781,89.77999877929688,49.960201263427734
2007-09-14,90.58000183105469,89.91000366210938,50.032554626464844
2007-09-17,89.81999969482422,90.33999633789062,50.2718505859375
2007-09-18,89.80000305175781,89.66000366210938,49.89340591430664
2007-09-19,88.70999908447266,88.83000183105469,49.43157958984375
2007-09-20,88.18000030517578,87.1500015258789,48.49666213989258
2007-09-21,87.58000183105469,87.88999938964844,48.908443450927734
2007-09-24,88.02999877929688,88.13999938964844,49.0476188659668
2007-09-25,88.5,87.83000183105469,48.875064849853516
2007-09-26,87.62000274658203,87.91000366210938,48.919578552246094
2007-09-27,88.23999786376953,88.5199966430664,49.259071350097656
2007-09-28,89.16000366210938,88.72000122070312,49.370365142822266
2007-10-01,88.69000244140625,88.87999725341797,49.65245056152344
2007-10-02,88.75,89.16000366210938,49.80890655517578
2007-10-03,89.33000183105469,88.9000015258789,49.663673400878906
2007-10-04,89.01000213623047,89.23999786376953,49.853580474853516
2007-10-05,88.30999755859375,88.27999877929688,49.31725311279297
2007-10-08,87.7699966430664,88.20999908447266,49.278194427490234
2007-10-09,88.16000366210938,88.0999984741211,49.216697692871094
2007-10-10,87.9800033569336,88.1500015258789,49.244651794433594
2007-10-11,87.5199966430664,88.05999755859375,49.19438934326172
2007-10-12,87.5199966430664,87.62999725341797,48.95414352416992
2007-10-15,87.4800033569336,87.6500015258789,48.96531677246094
2007-10-16,87.6500015258789,87.68000030517578,48.98207092285156
2007-10-17,87.7699966430664,88.63999938964844,49.51840591430664
2007-10-18,89.11000061035156,89.12999725341797,49.79212188720703
2007-10-19,89.62999725341797,90.45999908447266,50.53510284423828
2007-10-22,90.58000183105469,90.47000122070312,50.54069519042969
2007-10-23,90.26000213623047,90.3499984741211,50.47365951538086
2007-10-24,90.70999908447266,91.0199966430664,50.84794998168945
2007-10-25,91.05999755859375,90.70999908447266,50.67475891113281
2007-10-26,90.37000274658203,90.5,50.55745315551758
2007-10-29,90.5,90.8499984741211,50.75297164916992
2007-10-30,90.7300033569336,90.80000305175781,50.72507858276367
2007-10-31,90.5,89.9800033569336,50.266963958740234
2007-11-01,89.95999908447266,90.75,50.92008590698242
2007-11-02,90.44999694824219,91.04000091552734,51.082801818847656
2007-11-05,91.16000366210938,91.0,51.060359954833984
2007-11-06,90.5999984741211,90.55999755859375,50.8134880065918
2007-11-07,90.54000091552734,90.72000122070312,50.90324401855469
2007-11-08,90.6500015258789,90.55999755859375,50.8134880065918
2007-11-09,91.04000091552734,91.33000183105469,51.24555587768555
2007-11-12,91.98999786376953,91.66000366210938,51.43069839477539
2007-11-13,91.41999816894531,91.31999969482422,51.2399787902832
2007-11-14,90.94999694824219,91.41999816894531,51.29603576660156
2007-11-15,91.61000061035156,92.27999877929688,51.77857971191406
2007-11-16,92.2699966430664,92.41000366210938,51.851539611816406
2007-11-19,92.54000091552734,93.01000213623047,52.18819808959961
2007-11-20,93.08999633789062,92.91000366210938,52.13206100463867
2007-11-21,93.4000015258789,93.44999694824219,52.435081481933594
2007-11-23,93.44000244140625,93.7300033569336,52.59220886230469
2007-11-26,94.22000122070312,95.58000183105469,53.63018798828125
2007-11-27,94.95999908447266,94.66999816894531,53.119632720947266
2007-11-28,94.55999755859375,94.02999877929688,52.76054763793945
2007-11-29,94.81999969482422,94.83999633789062,53.21499252319336
2007-11-30,93.87999725341797,94.37999725341797,52.95689392089844
2007-12-03,94.76000213623047,94.75,53.37711715698242
2007-12-04,94.9000015258789,94.73999786376953,53.37149429321289
2007-12-05,94.22000122070312,93.61000061035156,52.73494338989258
2007-12-06,93.31999969482422,92.79000091552734,52.272979736328125
2007-12-07,92.18000030517578,91.75,51.68711471557617
2007-12-10,91.63999938964844,91.19999694824219,51.37730026245117
2007-12-11,91.7300033569336,92.98999786376953,52.38563537597656
2007-12-12,91.44999694824219,92.02999877929688,51.844879150390625
2007-12-13,91.61000061035156,91.02999877929688,51.28150177001953
2007-12-14,90.79000091552734,90.61000061035156,51.044921875
2007-12-17,91.06999969482422,91.41999816894531,51.50121307373047
2007-12-18,91.58999633789062,92.01000213623047,51.83360290527344
2007-12-19,92.4000015258789,93.2300033569336,52.52082061767578
2007-12-20,93.26000213623047,93.02999877929688,52.408203125
2007-12-21,92.9000015258789,91.66999816894531,51.64204025268555
2007-12-24,91.22000122070312,91.23999786376953,51.399784088134766
2007-12-26,91.0199966430664,90.44000244140625,50.94913101196289
2007-12-27,90.87999725341797,91.05999755859375,51.50453567504883
2007-12-28,91.6500015258789,92.4800033569336,52.307716369628906
2007-12-31,92.77999877929688,93.04000091552734,52.62450408935547
2008-01-02,93.25,94.37999725341797,53.382381439208984
2008-01-03,94.0,94.25,53.308876037597656
2008-01-04,94.5,94.2699966430664,53.320186614990234
2008-01-07,94.18000030517578,94.68000030517578,53.55208206176758
2008-01-08,94.44000244140625,94.56999969482422,53.48988723754883
2008-01-09,94.79000091552734,94.75,53.59162902832031
2008-01-10,94.87000274658203,93.47000122070312,52.86769485473633
2008-01-11,93.5199966430664,94.19999694824219,53.28057861328125
2008-01-14,94.19999694824219,94.55000305175781,53.478572845458984
2008-01-15,95.16000366210938,95.61000061035156,54.078121185302734
2008-01-16,95.68000030517578,94.91999816894531,53.68781280517578
2008-01-17,94.95999908447266,96.1500015258789,54.3835334777832
2008-01-18,95.55000305175781,95.48999786376953,54.010276794433594
2008-01-22,96.41000366210938,96.51000213623047,54.587158203125
2008-01-23,97.9800033569336,96.29000091552734,54.462711334228516
2008-01-24,95.55000305175781,94.36000061035156,53.371055603027344
2008-01-25,94.19000244140625,95.94999694824219,54.27037048339844
2008-01-28,95.68000030517578,95.58999633789062,54.066810607910156
2008-01-29,95.27999877929688,94.94000244140625,53.69915008544922
2008-01-30,94.69000244140625,94.31999969482422,53.348472595214844
2008-01-31,95.30000305175781,94.98999786376953,53.727394104003906
2008-02-01,95.0,95.2300033569336,54.05038070678711
2008-02-04,94.38999938964844,94.25,53.494178771972656
2008-02-05,95.41000366210938,94.97000122070312,53.902793884277344
2008-02-06,94.62999725341797,94.68000030517578,53.73821258544922
2008-02-07,94.52999877929688,92.63999938964844,52.580360412597656
2008-02-08,93.25,93.69999694824219,53.181983947753906
2008-02-11,94.27999877929688,94.08999633789062,53.403316497802734
2008-02-12,93.31999969482422,93.52999877929688,53.08543395996094
2008-02-13,92.93000030517578,92.54000091552734,52.52357864379883
2008-02-14,91.80000305175781,91.18000030517578,51.75166320800781
2008-02-15,91.61000061035156,91.87999725341797,52.14898681640625
2008-02-19,91.13999938964844,90.94999694824219,51.62112808227539
2008-02-20,90.62000274658203,91.58000183105469,51.97872543334961
2008-02-21,92.08000183105469,92.55000305175781,52.52926254272461
2008-02-22,92.48999786376953,92.0199966430664,52.22843933105469
2008-02-25,91.94999694824219,91.08000183105469,51.69491195678711
2008-02-26,90.95999908447266,91.11000061035156,51.71194839477539
2008-02-27,91.43000030517578,91.19000244140625,51.75736618041992
2008-02-28,92.33999633789062,92.80999755859375,52.67680740356445
2008-02-29,93.6500015258789,94.2300033569336,53.48279571533203
2008-03-03,93.66999816894531,93.63999938964844,53.344905853271484
2008-03-04,93.94000244140625,92.7300033569336,52.82654571533203
2008-03-05,93.05999755859375,91.62000274658203,52.19417190551758
2008-03-06,91.81999969482422,92.11000061035156,52.473289489746094
2008-03-07,93.29000091552734,92.2300033569336,52.54169464111328
2008-03-10,92.70999908447266,93.58999633789062,53.31646728515625
2008-03-11,93.0,92.79000091552734,52.860660552978516
2008-03-12,93.12999725341797,94.58000183105469,53.88044357299805
2008-03-13,95.02999877929688,93.83999633789062,53.45882034301758
2008-03-14,94.62000274658203,95.0,54.11969757080078
2008-03-17,95.58999633789062,95.7300033569336,54.535560607910156
2008-03-18,95.30000305175781,95.36000061035156,54.32477569580078
2008-03-19,95.12000274658203,96.94000244140625,55.22488784790039
2008-03-20,97.0,97.18000030517578,55.36157989501953
2008-03-24,96.4800033569336,95.30000305175781,54.290592193603516
2008-03-25,95.37999725341797,95.69999694824219,54.518470764160156
2008-03-26,95.77999877929688,95.30000305175781,54.290592193603516
2008-03-27,94.63999938964844,94.62999725341797,53.908912658691406
2008-03-28,95.08999633789062,95.55000305175781,54.43302917480469
2008-03-31,96.11000061035156,95.88999938964844,54.626705169677734
2008-04-01,94.80999755859375,93.93000030517578,53.737667083740234
2008-04-02,93.98999786376953,94.12999725341797,53.85206604003906
2008-04-03,94.5,94.33999633789062,53.97221755981445
2008-04-04,95.16999816894531,95.19999694824219,54.46424865722656
2008-04-07,94.62000274658203,94.69999694824219,54.178165435791016
2008-04-08,95.18000030517578,94.37000274658203,53.989356994628906
2008-04-09,94.55999755859375,95.3499984741211,54.55004119873047
2008-04-10,95.30999755859375,95.02999877929688,54.36698532104492
2008-04-11,95.5999984741211,95.66999816894531,54.73311996459961
2008-04-14,95.33999633789062,95.11000061035156,54.41270446777344
2008-04-15,94.41999816894531,93.93000030517578,53.737667083740234
2008-04-16,93.80000305175781,93.01000213623047,53.21133804321289
2008-04-17,92.9800033569336,92.8499984741211,53.119789123535156
2008-04-18,92.0,92.7699966430664,53.0739860534668
2008-04-21,92.41000366210938,93.13999938964844,53.28567123413086
2008-04-22,92.91000366210938,93.45999908447266,53.46877670288086
2008-04-23,93.08999633789062,93.1500015258789,53.29142379760742
2008-04-24,92.26000213623047,92.36000061035156,52.839447021484375
2008-04-25,92.13999938964844,91.81999969482422,52.53054428100586
2008-04-28,91.52999877929688,92.0999984741211,52.69072341918945
2008-04-29,92.37999725341797,92.44999694824219,52.89094161987305
2008-04-30,92.41999816894531,93.11000061035156,53.26849365234375
2008-05-01,93.44000244140625,92.77999877929688,53.27199172973633
2008-05-02,91.77999877929688,91.61000061035156,52.60021209716797
2008-05-05,91.86000061035156,91.61000061035156,52.60021209716797
2008-05-06,92.01000213623047,90.94999694824219,52.22121810913086
2008-05-07,90.7300033569336,91.33999633789062,52.44517135620117
2008-05-08,91.44000244140625,92.16000366210938,52.915992736816406
2008-05-09,92.7300033569336,92.5,53.111183166503906
2008-05-12,92.76000213623047,92.36000061035156,53.03083038330078
2008-05-13,91.83000183105469,91.3499984741211,52.45089340209961
2008-05-14,92.0,91.38999938964844,52.473880767822266
2008-05-15,91.16999816894531,92.22000122070312,52.950416564941406
2008-05-16,91.87999725341797,91.83999633789062,52.73223114013672
2008-05-19,92.26000213623047,91.95999908447266,52.80113220214844
2008-05-20,92.44000244140625,92.44000244140625,53.07677459716797
2008-05-21,92.05000305175781,92.45999908447266,53.08822250366211
2008-05-22,91.93000030517578,91.37000274658203,52.46239471435547
2008-05-23,91.83000183105469,91.7699966430664,52.692020416259766
2008-05-27,91.37999725341797,91.1500015258789,52.336090087890625
2008-05-28,90.54000091552734,90.33999633789062,51.871002197265625
2008-05-29,90.01000213623047,89.69000244140625,51.49779510498047
2008-05-30,90.12999725341797,90.27999877929688,51.8365592956543
2008-06-02,89.9800033569336,90.30000305175781,52.036502838134766
2008-06-03,90.05999755859375,90.94999694824219,52.411048889160156
2008-06-04,91.38999938964844,90.13999938964844,51.9443244934082
2008-06-05,89.81999969482422,89.5999984741211,51.633155822753906
2008-06-06,90.44000244140625,90.76000213623047,52.301605224609375
2008-06-09,90.4800033569336,90.76000213623047,52.301605224609375
2008-06-10,90.6500015258789,90.16999816894531,51.961605072021484
2008-06-11,90.05000305175781,89.95999908447266,51.84056854248047
2008-06-12,89.55999755859375,89.05999755859375,51.32194137573242
2008-06-13,88.97000122070312,88.87000274658203,51.21245193481445
2008-06-16,89.11000061035156,88.88999938964844,51.22397994995117
2008-06-17,89.1500015258789,89.06999969482422,51.32768630981445
2008-06-18,89.29000091552734,89.81999969482422,51.7598876953125
2008-06-19,89.5199966430664,89.29000091552734,51.45447540283203
2008-06-20,89.94000244140625,89.80999755859375,51.75414276123047
2008-06-23,90.08000183105469,90.0,51.863643646240234
2008-06-24,90.37999725341797,90.5999984741211,52.20937728881836
2008-06-25,90.6500015258789,90.63999938964844,52.232444763183594
2008-06-26,91.0,91.25,52.583953857421875
2008-06-27,91.7300033569336,92.31999969482422,53.20055389404297
2008-06-30,92.41000366210938,92.33999633789062,53.21204376220703
2008-07-01,92.69000244140625,91.79000091552734,53.08599090576172
2008-07-02,91.95999908447266,92.2699966430664,53.363582611083984
2008-07-03,91.70999908447266,92.06999969482422,53.24794006347656
2008-07-07,92.06999969482422,92.48999786376953,53.49083709716797
2008-07-08,92.5,93.08999633789062,53.83782958984375
2008-07-09,92.94000244140625,93.5,54.07497787475586
2008-07-10,93.33000183105469,93.48999786376953,54.069190979003906
2008-07-11,93.5199966430664,92.16000366210938,53.30002975463867
2008-07-14,92.37999725341797,92.97000122070312,53.76844787597656
2008-07-15,93.06999969482422,92.94000244140625,53.75103759765625
2008-07-16,92.08000183105469,91.26000213623047,52.779476165771484
2008-07-17,91.26000213623047,90.79000091552734,52.50767135620117
2008-07-18,90.76000213623047,90.44999694824219,52.311038970947266
2008-07-21,90.44999694824219,90.80000305175781,52.51345443725586
2008-07-22,90.63999938964844,90.3499984741211,52.253170013427734
2008-07-23,90.22000122070312,90.16999816894531,52.14909362792969
2008-07-24,90.3499984741211,91.05000305175781,52.658023834228516
2008-07-25,90.55000305175781,90.13999938964844,52.131744384765625
2008-07-28,90.94999694824219,91.05000305175781,52.658023834228516
2008-07-29,90.66000366210938,90.68000030517578,52.44401550292969
2008-07-30,90.08999633789062,90.7699966430664,52.49610137939453
2008-07-31,91.72000122070312,91.66999816894531,53.01655197143555
2008-08-01,90.97000122070312,91.54000091552734,53.13386917114258
2008-08-04,91.08999633789062,91.33000183105469,53.01192855834961
2008-08-05,91.3499984741211,90.6500015258789,52.617218017578125
2008-08-06,90.41000366210938,90.27999877929688,52.40251159667969
2008-08-07,90.62999725341797,91.75,53.255741119384766
2008-08-08,91.88999938964844,92.0,53.40083312988281
2008-08-11,91.77999877929688,91.12000274658203,52.89006423950195
2008-08-12,91.80999755859375,91.97000122070312,53.3834228515625
2008-08-13,92.30000305175781,91.6500015258789,53.19770812988281
2008-08-14,92.26000213623047,92.23999786376953,53.54015350341797
2008-08-15,92.66999816894531,93.04000091552734,54.00450897216797
2008-08-18,93.08000183105469,93.41000366210938,54.21928405761719
2008-08-19,93.44000244140625,93.05000305175781,54.01033401489258
2008-08-20,93.37999725341797,93.30999755859375,54.16118240356445
2008-08-21,93.62999725341797,93.13999938964844,54.06254959106445
2008-08-22,93.11000061035156,93.08000183105469,54.027748107910156
2008-08-25,94.12000274658203,94.01000213623047,54.567508697509766
2008-08-26,93.95999908447266,94.08999633789062,54.61396408081055
2008-08-27,93.48999786376953,94.25,54.70688247680664
2008-08-28,93.91000366210938,94.26000213623047,54.71267318725586
2008-08-29,94.0199966430664,93.83999633789062,54.46887969970703
2008-09-02,92.9800033569336,94.37000274658203,54.975711822509766
2008-09-03,94.2699966430664,94.7699966430664,55.208683013916016
2008-09-04,95.0,95.52999877929688,55.651451110839844
2008-09-05,96.0199966430664,95.4800033569336,55.62232971191406
2008-09-08,94.9000015258789,95.87999725341797,55.855342864990234
2008-09-09,95.83000183105469,96.83000183105469,56.40876388549805
2008-09-10,95.9800033569336,96.2300033569336,56.059226989746094
2008-09-11,96.79000091552734,96.18000030517578,56.030086517333984
2008-09-12,96.20999908447266,94.94000244140625,55.30771255493164
2008-09-15,96.27999877929688,98.0199966430664,57.10203170776367
2008-09-16,100.70999908447266,98.0,57.09036636352539
2008-09-17,98.91999816894531,98.48999786376953,57.375823974609375
2008-09-18,97.94999694824219,97.05000305175781,56.53696060180664
2008-09-19,93.86000061035156,93.97000122070312,54.742645263671875
2008-09-22,92.93000030517578,93.95999908447266,54.736854553222656
2008-09-23,93.61000061035156,93.5999984741211,54.52712631225586
2008-09-24,93.97000122070312,94.01000213623047,54.765953063964844
2008-09-25,94.58999633789062,93.81999969482422,54.655296325683594
2008-09-26,94.06999969482422,94.5,55.05143737792969
2008-09-29,95.16999816894531,97.25,56.65347671508789
2008-09-30,97.04000091552734,94.87999725341797,55.27280044555664
2008-10-01,96.04000091552734,95.77999877929688,55.96813201904297
2008-10-02,96.56999969482422,96.55000305175781,56.418121337890625
2008-10-03,97.37999725341797,97.4000015258789,56.914825439453125
2008-10-06,98.73999786376953,99.16999816894531,57.949066162109375
2008-10-07,98.31999969482422,98.87000274658203,57.77382278442383
2008-10-08,99.68000030517578,97.44999694824219,56.943992614746094
2008-10-09,97.37000274658203,96.62999725341797,56.46486282348633
2008-10-10,96.61000061035156,95.94999694824219,56.0675048828125
2008-10-13,95.11000061035156,94.72000122070312,55.3487663269043
2008-10-14,94.25,94.11000061035156,54.992313385009766
2008-10-15,94.12000274658203,95.01000213623047,55.51826477050781
2008-10-16,94.98999786376953,94.5199966430664,55.23186492919922
2008-10-17,94.69000244140625,93.87000274658203,54.85206985473633
2008-10-20,93.44000244140625,94.62000274658203,55.290283203125
2008-10-21,95.08999633789062,95.12000274658203,55.58254623413086
2008-10-22,96.12000274658203,97.05000305175781,56.71027755737305
2008-10-23,97.94999694824219,97.7699966430664,57.131011962890625
2008-10-24,98.81999969482422,96.7300033569336,56.52325439453125
2008-10-27,97.7699966430664,96.80000305175781,56.564186096191406
2008-10-28,96.18000030517578,95.38999938964844,55.74029541015625
2008-10-29,95.7699966430664,94.91000366210938,55.45979690551758
2008-10-30,94.5,94.05000305175781,54.95718765258789
2008-10-31,94.63999938964844,92.83000183105469,54.24432373046875
2008-11-03,92.72000122070312,92.70999908447266,54.39100646972656
2008-11-04,92.95999908447266,94.44999694824219,55.41179656982422
2008-11-05,94.88999938964844,95.56999969482422,56.06893539428711
2008-11-06,94.5999984741211,94.87999725341797,55.66410827636719
2008-11-07,94.5199966430664,94.26000213623047,55.30039596557617
2008-11-10,93.80000305175781,94.72000122070312,55.57026290893555
2008-11-11,95.20999908447266,95.0,55.734493255615234
2008-11-12,95.58000183105469,95.61000061035156,56.0923957824707
2008-11-13,94.91000366210938,93.31999969482422,54.74888610839844
2008-11-14,95.11000061035156,95.16999816894531,55.834259033203125
2008-11-17,95.68000030517578,95.58999633789062,56.080657958984375
2008-11-18,96.37999725341797,96.81999969482422,56.80226516723633
2008-11-19,97.47000122070312,99.30000305175781,58.257259368896484
2008-11-20,101.81999969482422,104.43000030517578,61.26692199707031
2008-11-21,103.25,102.91999816894531,60.380977630615234
2008-11-24,102.1500015258789,101.30999755859375,59.436485290527344
2008-11-25,103.94999694824219,104.29000091552734,61.184783935546875
2008-11-26,104.72000122070312,104.43000030517578,61.26692199707031
2008-11-28,105.25,105.72000122070312,62.02376937866211
2008-12-01,107.75,109.4000015258789,64.39892578125
2008-12-02,108.55999755859375,109.81999969482422,64.64613342285156
2008-12-03,110.2699966430664,110.12999725341797,64.82867431640625
2008-12-04,111.12999725341797,112.30000305175781,66.10598754882812
2008-12-05,111.94999694824219,110.4800033569336,65.03471374511719
2008-12-08,110.4800033569336,110.23999786376953,64.89337921142578
2008-12-09,110.58000183105469,112.41999816894531,66.17667388916016
2008-12-10,111.37000274658203,112.1500015258789,66.01776123046875
2008-12-11,112.18000030517578,112.37000274658203,66.14725494384766
2008-12-12,112.54000091552734,112.37000274658203,66.14725494384766
2008-12-15,112.3499984741211,113.6500015258789,66.90066528320312
2008-12-16,116.45999908447266,116.45999908447266,68.55484771728516
2008-12-17,120.7699966430664,119.62000274658203,70.41502380371094
2008-12-18,120.73999786376953,122.12999725341797,71.89249420166016
2008-12-19,121.44000244140625,122.26000213623047,71.96906280517578
2008-12-22,122.38999938964844,121.31999969482422,71.41571044921875
2008-12-23,120.13999938964844,121.16000366210938,71.321533203125
2008-12-24,120.7300033569336,120.9000015258789,71.16851043701172
2008-12-26,121.58999633789062,121.30000305175781,71.4039306640625
2008-12-29,121.43000030517578,120.75,71.31831359863281
2008-12-30,120.48999786376953,121.9000015258789,71.99756622314453
2008-12-31,121.41000366210938,119.3499984741211,70.49140930175781
2009-01-02,120.05000305175781,116.3499984741211,68.71955108642578
2009-01-05,115.5999984741211,113.3499984741211,66.94767761230469
2009-01-06,111.62000274658203,112.20999908447266,66.27436065673828
2009-01-07,111.95999908447266,112.6500015258789,66.53421783447266
2009-01-08,112.63999938964844,112.55999755859375,66.48107147216797
2009-01-09,111.45999908447266,112.7300033569336,66.58146667480469
2009-01-12,111.56999969482422,113.9000015258789,67.27252197265625
2009-01-13,113.5,114.0199966430664,67.34342193603516
2009-01-14,114.6500015258789,115.9000015258789,68.45376586914062
2009-01-15,116.19999694824219,116.08999633789062,68.5660171508789
2009-01-16,113.41999816894531,114.30000305175781,67.50873565673828
2009-01-20,112.29000091552734,114.27999877929688,67.49695587158203
2009-01-21,111.93000030517578,110.66999816894531,65.36476135253906
2009-01-22,110.5999984741211,108.54000091552734,64.10675811767578
2009-01-23,107.91999816894531,107.69000244140625,63.6047248840332
2009-01-26,107.43000030517578,106.75,63.049522399902344
2009-01-27,107.80000305175781,109.26000213623047,64.53197479248047
2009-01-28,109.30999755859375,106.52999877929688,62.91960144042969
2009-01-29,105.55999755859375,104.08000183105469,61.47257614135742
2009-01-30,104.55000305175781,103.75,61.27764129638672
2009-02-02,104.0199966430664,105.38999938964844,62.417755126953125
2009-02-03,104.30000305175781,102.87999725341797,60.9311637878418
2009-02-04,102.75,102.5199966430664,60.717994689941406
2009-02-05,103.23999786376953,102.61000061035156,60.77125930786133
2009-02-06,102.25,102.29000091552734,60.581764221191406
2009-02-09,101.69000244140625,102.62000274658203,60.777191162109375
2009-02-10,104.11000061035156,104.8499984741211,62.0978889465332
2009-02-11,105.70999908447266,106.20999908447266,62.90342712402344
2009-02-12,105.9800033569336,105.20999908447266,62.31111145019531
2009-02-13,103.94999694824219,102.41000366210938,60.652801513671875
2009-02-17,104.55000305175781,105.5999984741211,62.542083740234375
2009-02-18,106.05999755859375,104.69999694824219,62.00908279418945
2009-02-19,102.69000244140625,102.91999816894531,60.954872131347656
2009-02-20,104.2699966430664,103.91999816894531,61.547157287597656
2009-02-23,103.5999984741211,104.87999725341797,62.11568832397461
2009-02-24,105.69999694824219,104.7699966430664,62.05052185058594
2009-02-25,105.23999786376953,103.55999755859375,61.33388900756836
2009-02-26,102.87000274658203,102.47000122070312,60.68833541870117
2009-02-27,102.56999969482422,101.87999725341797,60.338890075683594
2009-03-02,102.22000122070312,103.27999877929688,61.33786392211914
2009-03-03,102.2300033569336,102.58999633789062,60.92808532714844
2009-03-04,101.48999786376953,102.12000274658203,60.64895248413086
2009-03-05,104.0199966430664,104.95999908447266,62.335601806640625
2009-03-06,104.26000213623047,104.26000213623047,61.91984176635742
2009-03-09,104.51000213623047,103.6500015258789,61.557594299316406
2009-03-10,102.43000030517578,101.66000366210938,60.375728607177734
2009-03-11,101.29000091552734,102.76000213623047,61.029014587402344
2009-03-12,102.66000366210938,103.25,61.32005310058594
2009-03-13,102.75,102.7300033569336,61.011234283447266
2009-03-16,100.81999969482422,101.11000061035156,60.04911422729492
2009-03-17,101.72000122070312,100.55999755859375,59.72240447998047
2009-03-18,101.12000274658203,104.37000274658203,61.985206604003906
2009-03-19,105.62000274658203,104.5,62.06239700317383
2009-03-20,104.62000274658203,103.91999816894531,61.71794891357422
2009-03-23,104.29000091552734,103.0199966430664,61.18343734741211
2009-03-24,102.19000244140625,104.0,61.76545715332031
2009-03-25,103.29000091552734,102.5999984741211,60.934017181396484
2009-03-26,102.44000244140625,103.79000091552734,61.640777587890625
2009-03-27,104.1500015258789,104.55999755859375,62.09804153442383
2009-03-30,105.44000244140625,104.95999908447266,62.335601806640625
2009-03-31,105.04000091552734,105.70999908447266,62.7810173034668
2009-04-01,106.12000274658203,106.37000274658203,63.35401153564453
2009-04-02,105.88999938964844,105.06999969482422,62.579715728759766
2009-04-03,104.91000366210938,102.91999816894531,61.29917526245117
2009-04-06,103.54000091552734,102.4800033569336,61.03710174560547
2009-04-07,102.54000091552734,102.73999786376953,61.19198226928711
2009-04-08,103.06999969482422,103.6500015258789,61.73394775390625
2009-04-09,102.47000122070312,102.3499984741211,60.959678649902344
2009-04-13,102.95999908447266,103.29000091552734,61.51950454711914
2009-04-14,103.25,103.83000183105469,61.841163635253906
2009-04-15,104.12999725341797,103.6500015258789,61.73394775390625
2009-04-16,102.8499984741211,102.83000183105469,61.24555587768555
2009-04-17,102.47000122070312,101.69999694824219,60.572547912597656
2009-04-20,102.62999725341797,103.23999786376953,61.48973083496094
2009-04-21,104.04000091552734,102.22000122070312,60.88224792480469
2009-04-22,102.44999694824219,101.5999984741211,60.51298904418945
2009-04-23,101.3499984741211,101.58999633789062,60.507015228271484
2009-04-24,100.79000091552734,100.56999969482422,59.89950180053711
2009-04-27,101.06999969482422,101.0,60.15557861328125
2009-04-28,101.5,99.3499984741211,59.17287826538086
2009-04-29,99.66999816894531,98.47000122070312,58.64877700805664
2009-04-30,97.9800033569336,98.08000183105469,58.416465759277344
2009-05-01,97.12000274658203,97.11000061035156,58.01441955566406
2009-05-04,97.36000061035156,97.43000030517578,58.20557403564453
2009-05-05,97.45999908447266,97.30999755859375,58.13389587402344
2009-05-06,97.12000274658203,97.08000183105469,57.99647521972656
2009-05-07,95.94000244140625,94.70999908447266,56.58061981201172
2009-05-08,95.0199966430664,94.94000244140625,56.71804428100586
2009-05-11,96.05000305175781,96.29000091552734,57.52454376220703
2009-05-12,96.18000030517578,96.63999938964844,57.73360061645508
2009-05-13,97.36000061035156,97.69000244140625,58.360923767089844
2009-05-14,97.5999984741211,98.06999969482422,58.58793258666992
2009-05-15,98.0,98.04000091552734,58.56998062133789
2009-05-18,98.01000213623047,96.5199966430664,57.661964416503906
2009-05-19,96.19000244140625,96.01000213623047,57.357181549072266
2009-05-20,95.93000030517578,97.0199966430664,57.960628509521484
2009-05-21,97.55000305175781,94.58000183105469,56.50297164916992
2009-05-22,93.81999969482422,93.52999877929688,55.87567901611328
2009-05-26,94.05000305175781,92.12000274658203,55.03333282470703
2009-05-27,92.23999786376953,90.48999786376953,54.059539794921875
2009-05-28,91.7699966430664,91.80000305175781,54.842193603515625
2009-05-29,91.69999694824219,94.16999816894531,56.25803756713867
2009-06-01,92.33999633789062,91.08999633789062,54.59480285644531
2009-06-02,91.61000061035156,91.58000183105469,54.88848114013672
2009-06-03,91.95999908447266,92.44000244140625,55.403900146484375
2009-06-04,91.43000030517578,90.52999877929688,54.259178161621094
2009-06-05,89.91000366210938,89.83999633789062,53.84563064575195
2009-06-08,90.41000366210938,89.61000061035156,53.707786560058594
2009-06-09,90.19000244140625,89.5999984741211,53.70182418823242
2009-06-10,88.87000274658203,88.19000244140625,52.85669708251953
2009-06-11,87.76000213623047,89.16999816894531,53.44404220581055
2009-06-12,89.41999816894531,89.97000122070312,53.92354965209961
2009-06-15,90.54000091552734,90.77999877929688,54.40903854370117
2009-06-16,90.95999908447266,92.36000061035156,55.35596466064453
2009-06-17,92.44999694824219,91.83999633789062,55.04435348510742
2009-06-18,91.25,90.44999694824219,54.21120834350586
2009-06-19,90.33000183105469,91.69000244140625,54.95442581176758
2009-06-22,92.44000244140625,92.58000183105469,55.48786163330078
2009-06-23,92.7699966430664,93.66999816894531,56.14113998413086
2009-06-24,93.6500015258789,92.7300033569336,55.57777404785156
2009-06-25,93.22000122070312,94.43000030517578,56.5966682434082
2009-06-26,94.62000274658203,94.58999633789062,56.692543029785156
2009-06-29,95.06999969482422,94.7300033569336,56.77645492553711
2009-06-30,94.19000244140625,94.56999969482422,56.6805419921875
2009-07-01,93.41999816894531,94.08000183105469,56.568138122558594
2009-07-02,94.33000183105469,94.30000305175781,56.70045471191406
2009-07-06,94.05000305175781,94.12000274658203,56.59220504760742
2009-07-07,93.62000274658203,94.75,56.97100067138672
2009-07-08,95.12000274658203,96.5,58.023231506347656
2009-07-09,95.3499984741211,95.3499984741211,57.33171844482422
2009-07-10,95.62000274658203,96.2300033569336,57.860877990722656
2009-07-13,96.31999969482422,95.69000244140625,57.53615951538086
2009-07-14,94.76000213623047,94.0999984741211,56.58020782470703
2009-07-15,92.66000366210938,91.68000030517578,55.12507247924805
2009-07-16,92.80999755859375,92.66999816894531,55.72035217285156
2009-07-17,91.9000015258789,91.23999786376953,54.86054229736328
2009-07-20,90.8499984741211,91.72000122070312,55.149078369140625
2009-07-21,91.44999694824219,93.55000305175781,56.24948501586914
2009-07-22,93.4000015258789,92.70999908447266,55.74440002441406
2009-07-23,92.76000213623047,91.01000213623047,54.722206115722656
2009-07-24,91.0,91.44999694824219,54.98674392700195
2009-07-27,90.2300033569336,90.4000015258789,54.35540771484375
2009-07-28,90.72000122070312,91.19999694824219,54.83648681640625
2009-07-29,92.16999816894531,91.69999694824219,55.1370849609375
2009-07-30,91.54000091552734,93.0,55.91877746582031
2009-07-31,93.8499984741211,94.80999755859375,57.00706100463867
2009-08-03,93.80999755859375,93.05999755859375,56.14311218261719
2009-08-04,93.62999725341797,92.31999969482422,55.69667053222656
2009-08-05,91.30999755859375,90.94000244140625,54.8641242980957
2009-08-06,90.9000015258789,91.25,55.05113220214844
2009-08-07,90.41999816894531,90.48999786376953,54.592620849609375
2009-08-10,90.51000213623047,91.62000274658203,55.27436447143555
2009-08-11,92.38999938964844,92.68000030517578,55.913883209228516
2009-08-12,92.94999694824219,91.69000244140625,55.316585540771484
2009-08-13,91.80000305175781,92.98999786376953,56.10089111328125
2009-08-14,93.30000305175781,93.3499984741211,56.31806182861328
2009-08-17,93.94999694824219,94.7300033569336,57.150638580322266
2009-08-18,94.66000366210938,94.18000030517578,56.8188362121582
2009-08-19,95.16999816894531,94.95999908447266,57.28942108154297
2009-08-20,95.37999725341797,95.73999786376953,57.75998306274414
2009-08-21,95.63999938964844,93.7699966430664,56.571475982666016
2009-08-24,93.48999786376953,95.47000122070312,57.59707260131836
2009-08-25,95.37000274658203,96.01000213623047,57.922847747802734
2009-08-26,96.18000030517578,96.44999694824219,58.18829345703125
2009-08-27,96.18000030517578,96.06999969482422,57.95905685424805
2009-08-28,95.44000244140625,96.51000213623047,58.22453689575195
2009-08-31,96.36000061035156,96.5999984741211,58.27880096435547
2009-09-01,95.81999969482422,96.05999755859375,58.13779830932617
2009-09-02,96.4800033569336,97.45999908447266,58.985111236572266
2009-09-03,96.83999633789062,96.86000061035156,58.62196731567383
2009-09-04,96.44000244140625,95.20999908447266,57.62337112426758
2009-09-08,94.4800033569336,94.54000091552734,57.21787643432617
2009-09-09,93.88999938964844,94.43000030517578,57.15131759643555
2009-09-10,94.93000030517578,96.16999816894531,58.204376220703125
2009-09-11,96.81999969482422,96.69999694824219,58.525142669677734
2009-09-14,96.0199966430664,95.73999786376953,57.944122314453125
2009-09-15,95.19000244140625,95.25,57.64756774902344
2009-09-16,95.33999633789062,95.41999816894531,57.75044250488281
2009-09-17,95.69000244140625,96.62000274658203,58.47673797607422
2009-09-18,96.19999694824219,95.76000213623047,57.95624923706055
2009-09-21,96.0999984741211,95.9800033569336,58.089378356933594
2009-09-22,95.6500015258789,96.18000030517578,58.21044921875
2009-09-23,95.94000244140625,96.47000122070312,58.38597869873047
2009-09-24,96.5,96.75,58.5554313659668
2009-09-25,97.36000061035156,97.9800033569336,59.29979705810547
2009-09-28,98.31999969482422,98.83999633789062,59.820316314697266
2009-09-29,98.31999969482422,98.75,59.765865325927734
2009-09-30,98.55999755859375,98.66000366210938,59.71141815185547
2009-10-01,98.95999908447266,99.69999694824219,60.5291748046875
2009-10-02,100.27999877929688,99.01000213623047,60.11026382446289
2009-10-05,99.47000122070312,99.0199966430664,60.11628341674805
2009-10-06,98.76000213623047,98.04000091552734,59.52140426635742
2009-10-07,98.66999816894531,99.19000244140625,60.21954345703125
2009-10-08,99.70999908447266,98.1500015258789,59.58815383911133
2009-10-09,97.62000274658203,95.9000015258789,58.222137451171875
2009-10-12,96.02999877929688,96.05000305175781,58.31320571899414
2009-10-13,96.62000274658203,96.55000305175781,58.61675262451172
2009-10-14,95.51000213623047,95.12000274658203,57.74860763549805
2009-10-15,94.56999969482422,94.68000030517578,57.4814567565918
2009-10-16,95.19000244140625,95.44999694824219,57.94893264770508
2009-10-19,95.58999633789062,96.19999694824219,58.40427780151367
2009-10-20,97.0199966430664,96.72000122070312,58.71997833251953
2009-10-21,96.16000366210938,96.13999938964844,58.36783218383789
2009-10-22,95.37999725341797,95.66999816894531,58.08247756958008
2009-10-23,94.87999725341797,94.94999694824219,57.6453857421875
2009-10-26,94.44000244140625,93.72000122070312,56.89864730834961
2009-10-27,93.97000122070312,95.0,57.67570877075195
2009-10-28,95.13999938964844,95.44999694824219,57.94893264770508
2009-10-29,94.81999969482422,94.41000366210938,57.317535400390625
2009-10-30,95.0999984741211,95.77999877929688,58.14926528930664
2009-11-02,95.51000213623047,95.05000305175781,57.89222717285156
2009-11-03,95.27999877929688,94.0999984741211,57.313636779785156
2009-11-04,93.61000061035156,93.23999786376953,56.789817810058594
2009-11-05,92.87000274658203,93.23999786376953,56.789817810058594
2009-11-06,93.37999725341797,93.33000183105469,56.844642639160156
2009-11-09,93.27999877929688,93.44000244140625,56.911643981933594
2009-11-10,94.05000305175781,93.2699966430664,56.80809783935547
2009-11-11,93.62999725341797,93.66000366210938,57.045658111572266
2009-11-12,93.23999786376953,93.48999786376953,56.94211196899414
2009-11-13,93.83000183105469,93.91999816894531,57.2039794921875
2009-11-16,94.6500015258789,95.0199966430664,57.87390899658203
2009-11-17,94.98999786376953,95.52999877929688,58.18461227416992
2009-11-18,95.44000244140625,94.97000122070312,57.84352111816406
2009-11-19,95.23999786376953,95.13999938964844,57.947044372558594
2009-11-20,95.0,95.12000274658203,57.93491744995117
2009-11-23,94.54000091552734,95.0,57.86176300048828
2009-11-24,95.11000061035156,95.5999984741211,58.227264404296875
2009-11-25,95.48999786376953,96.04000091552734,58.49525451660156
2009-11-27,96.4000015258789,96.4000015258789,58.71451187133789
2009-11-30,96.19999694824219,96.62999725341797,58.854549407958984
2009-12-01,95.76000213623047,95.25,58.198936462402344
2009-12-02,95.29000091552734,95.33000183105469,58.24788284301758
2009-12-03,94.43000030517578,94.33999633789062,57.6429443359375
2009-12-04,93.29000091552734,93.33999633789062,57.03194808959961
2009-12-07,93.2699966430664,93.45999908447266,57.10530471801758
2009-12-08,94.05000305175781,93.5999984741211,57.190792083740234
2009-12-09,93.69000244140625,93.16999816894531,56.92806625366211
2009-12-10,92.69000244140625,92.0999984741211,56.27425765991211
2009-12-11,91.83999633789062,92.08999633789062,56.268157958984375
2009-12-14,92.3499984741211,92.19999694824219,56.33536148071289
2009-12-15,91.56999969482422,91.79000091552734,56.08488464355469
2009-12-16,91.93000030517578,91.68000030517578,56.01765823364258
2009-12-17,92.5,93.19000244140625,56.94028854370117
2009-12-18,93.19999694824219,92.79000091552734,56.69589614868164
2009-12-21,92.05999755859375,91.13999938964844,55.68770217895508
2009-12-22,90.80000305175781,90.62999725341797,55.37611389160156
2009-12-23,90.95999908447266,90.6500015258789,55.38833236694336
2009-12-24,90.33000183105469,89.70999908447266,54.81398010253906
2009-12-28,89.45999908447266,89.45999908447266,54.66119384765625
2009-12-29,89.26000213623047,89.7300033569336,55.0217399597168
2009-12-30,89.91999816894531,90.31999969482422,55.383522033691406
2009-12-31,89.76000213623047,89.88999938964844,55.119895935058594
2010-01-04,89.83999633789062,89.80999755859375,55.07079315185547
2010-01-05,90.05000305175781,90.38999938964844,55.42646408081055
2010-01-06,90.16999816894531,89.18000030517578,54.68450927734375
2010-01-07,89.22000122070312,89.33000183105469,54.77647018432617
2010-01-08,89.51000213623047,89.29000091552734,54.75196838378906
2010-01-11,88.98999786376953,88.80000305175781,54.451515197753906
2010-01-12,90.16000366210938,90.31999969482422,55.383522033691406
2010-01-13,89.93000030517578,89.2699966430664,54.73970413208008
2010-01-14,89.69000244140625,90.5199966430664,55.5062141418457
2010-01-15,91.02999877929688,91.08000183105469,55.84953689575195
2010-01-19,90.72000122070312,90.81999969482422,55.69013595581055
2010-01-20,91.31999969482422,91.73999786376953,56.25423049926758
2010-01-21,91.55000305175781,92.16000366210938,56.51183319091797
2010-01-22,92.08999633789062,92.0,56.413700103759766
2010-01-25,91.54000091552734,91.58000183105469,56.15617370605469
2010-01-26,92.0199966430664,91.61000061035156,56.174583435058594
2010-01-27,91.75,91.55999755859375,56.143882751464844
2010-01-28,91.12999725341797,91.51000213623047,56.11324691772461
2010-01-29,91.41000366210938,92.30999755859375,56.6037712097168
2010-02-01,91.70999908447266,91.1500015258789,56.089969635009766
2010-02-02,91.18000030517578,91.41000366210938,56.24998092651367
2010-02-03,90.80999755859375,90.3499984741211,55.59768295288086
2010-02-04,90.98999786376953,91.77999877929688,56.477664947509766
2010-02-05,91.37000274658203,91.9800033569336,56.60072708129883
2010-02-08,91.87000274658203,92.0999984741211,56.67453384399414
2010-02-09,91.73999786376953,91.18000030517578,56.108421325683594
2010-02-10,91.31999969482422,90.30999755859375,55.573062896728516
2010-02-11,90.19999694824219,89.81999969482422,55.27154541015625
2010-02-12,90.30999755859375,90.19000244140625,55.49921798706055
2010-02-16,89.7300033569336,90.36000061035156,55.603816986083984
2010-02-17,89.91999816894531,89.33000183105469,54.97002029418945
2010-02-18,89.45999908447266,88.97000122070312,54.748470306396484
2010-02-19,89.23999786376953,89.44999694824219,55.04386520385742
2010-02-22,89.12000274658203,89.08000183105469,54.81616973876953
2010-02-23,89.33999633789062,90.47000122070312,55.67153549194336
2010-02-24,90.55000305175781,90.69000244140625,55.806922912597656
2010-02-25,91.18000030517578,91.19999694824219,56.12073516845703
2010-02-26,91.45999908447266,91.66999816894531,56.40997314453125
2010-03-01,91.33000183105469,91.33999633789062,56.38529968261719
2010-03-02,90.87999725341797,91.22000122070312,56.311187744140625
2010-03-03,91.01000213623047,90.98999786376953,56.16920471191406
2010-03-04,90.95999908447266,91.47000122070312,56.46549606323242
2010-03-05,90.83000183105469,90.2699966430664,55.72472381591797
2010-03-08,89.9000015258789,89.80000305175781,55.43458557128906
2010-03-09,89.9800033569336,89.81999969482422,55.44694900512695
2010-03-10,89.48999786376953,89.58999633789062,55.304931640625
2010-03-11,89.38999938964844,89.91999816894531,55.5086669921875
2010-03-12,89.7699966430664,90.4800033569336,55.854400634765625
2010-03-15,90.3499984741211,90.36000061035156,55.78025436401367
2010-03-16,90.55999755859375,91.08000183105469,56.22475814819336
2010-03-17,91.30999755859375,91.47000122070312,56.46549606323242
2010-03-18,91.41999816894531,91.16999816894531,56.280338287353516
2010-03-19,91.26000213623047,91.26000213623047,56.335880279541016
2010-03-22,91.3499984741211,91.36000061035156,56.39762496948242
2010-03-23,91.06999969482422,90.93000030517578,56.13216018676758
2010-03-24,89.83999633789062,89.2699966430664,55.1074333190918
2010-03-25,89.12999725341797,88.69999694824219,54.75555419921875
2010-03-26,88.54000091552734,88.94999694824219,54.909908294677734
2010-03-29,88.77999877929688,88.61000061035156,54.70003128051758
2010-03-30,88.5199966430664,88.88999938964844,54.87283706665039
2010-03-31,89.22000122070312,89.5,55.24943923950195
2010-04-01,88.7699966430664,88.94999694824219,55.11435317993164
2010-04-05,87.9800033569336,87.47000122070312,54.19731903076172
2010-04-06,87.80000305175781,87.61000061035156,54.28402328491211
2010-04-07,87.44999694824219,88.7300033569336,54.978065490722656
2010-04-08,88.88999938964844,88.7699966430664,55.002830505371094
2010-04-09,88.61000061035156,88.9800033569336,55.13295364379883
2010-04-12,89.16999816894531,89.44999694824219,55.42413330078125
2010-04-13,89.88999938964844,89.73999786376953,55.603824615478516
2010-04-14,89.76000213623047,89.11000061035156,55.21349334716797
2010-04-15,88.8499984741211,89.20999908447266,55.275455474853516
2010-04-16,89.4000015258789,89.86000061035156,55.678199768066406
2010-04-19,89.87000274658203,89.63999938964844,55.5418586730957
2010-04-20,89.8499984741211,89.95999908447266,55.74014663696289
2010-04-21,90.2699966430664,90.69999694824219,56.19868087768555
2010-04-22,90.9000015258789,90.43000030517578,56.03139114379883
2010-04-23,90.20999908447266,90.11000061035156,55.83308792114258
2010-04-26,90.51000213623047,90.20999908447266,55.895015716552734
2010-04-27,90.8499984741211,91.4800033569336,56.68193054199219
2010-04-28,91.12999725341797,90.69999694824219,56.19868087768555
2010-04-29,90.86000061035156,91.08000183105469,56.4340934753418
2010-04-30,91.27999877929688,92.12999725341797,57.084686279296875
2010-05-03,91.41999816894531,91.69000244140625,57.01008605957031
2010-05-04,92.80999755859375,93.33999633789062,58.03599548339844
2010-05-05,94.05999755859375,93.88999938964844,58.37796401977539
2010-05-06,94.16000366210938,96.79000091552734,60.18110656738281
2010-05-07,95.87999725341797,95.58000183105469,59.42876052856445
2010-05-10,93.16000366210938,93.5999984741211,58.197654724121094
2010-05-11,93.9800033569336,93.36000061035156,58.048404693603516
2010-05-12,93.13999938964844,92.6500015258789,57.60702133178711
2010-05-13,93.26000213623047,93.26000213623047,57.98627853393555
2010-05-14,94.12000274658203,94.87999725341797,58.993526458740234
2010-05-17,94.72000122070312,94.52999877929688,58.77589797973633
2010-05-18,94.9000015258789,95.9800033569336,59.677452087402344
2010-05-19,95.94000244140625,96.30000305175781,59.876487731933594
2010-05-20,97.91000366210938,98.33000183105469,61.13861846923828
2010-05-21,99.61000061035156,98.43000030517578,61.20079040527344
2010-05-24,98.73999786376953,98.08999633789062,60.98942947387695
2010-05-25,99.6500015258789,98.56999969482422,61.28789138793945
2010-05-26,98.22000122070312,98.29000091552734,61.11374282836914
2010-05-27,96.83000183105469,96.05999755859375,59.72719955444336
2010-05-28,96.48999786376953,96.5,60.00077438354492
2010-06-01,97.2300033569336,96.8499984741211,60.42250061035156
2010-06-02,96.98999786376953,95.93000030517578,59.84855270385742
2010-06-03,95.20999908447266,95.2300033569336,59.411861419677734
2010-06-04,96.94000244140625,97.79000091552734,61.00898742675781
2010-06-07,97.5199966430664,98.54000091552734,61.47685623168945
2010-06-08,97.93000030517578,98.05000305175781,61.17115020751953
2010-06-09,97.5999984741211,97.94000244140625,61.102569580078125
2010-06-10,97.19999694824219,96.19000244140625,60.010746002197266
2010-06-11,97.08999633789062,97.41000366210938,60.77191925048828
2010-06-14,96.31999969482422,96.91000366210938,60.45998764038086
2010-06-15,97.11000061035156,96.51000213623047,60.210453033447266
2010-06-16,97.19000244140625,97.05999755859375,60.55351638793945
2010-06-17,97.1500015258789,97.8499984741211,61.046417236328125
2010-06-18,97.88999938964844,97.69000244140625,60.946590423583984
2010-06-21,96.45999908447266,97.41000366210938,60.77191925048828
2010-06-22,97.68000030517578,98.56999969482422,61.49563980102539
2010-06-23,98.61000061035156,99.23999786376953,61.91361618041992
2010-06-24,99.3499984741211,98.6500015258789,61.54548263549805
2010-06-25,98.31999969482422,99.05000305175781,61.795040130615234
2010-06-28,99.5999984741211,99.9800033569336,62.37527084350586
2010-06-29,100.31999969482422,101.06999969482422,63.05531311035156
2010-06-30,101.41000366210938,101.75,63.47954559326172
2010-07-01,101.56999969482422,101.5999984741211,63.57965850830078
2010-07-02,101.11000061035156,100.79000091552734,63.07275390625
2010-07-06,100.83000183105469,101.62000274658203,63.592159271240234
2010-07-07,101.45999908447266,100.43000030517578,62.84752655029297
2010-07-08,99.81999969482422,99.79000091552734,62.44694519042969
2010-07-09,99.4000015258789,99.22000122070312,62.09033966064453
2010-07-12,99.33000183105469,99.18000030517578,62.065269470214844
2010-07-13,98.8499984741211,98.33000183105469,61.53334045410156
2010-07-14,98.72000122070312,99.31999969482422,62.15290069580078
2010-07-15,99.73999786376953,100.30999755859375,62.772377014160156
2010-07-16,100.30999755859375,100.80000305175781,63.07902145385742
2010-07-19,100.55999755859375,100.18000030517578,62.69107437133789
2010-07-20,100.66999816894531,100.33000183105469,62.78492736816406
2010-07-21,100.44999694824219,102.02999877929688,63.848751068115234
2010-07-22,101.51000213623047,100.8499984741211,63.11033248901367
2010-07-23,100.80000305175781,99.77999877929688,62.440757751464844
2010-07-26,99.62999725341797,99.61000061035156,62.33436584472656
2010-07-27,98.77999877929688,98.6500015258789,61.73359680175781
2010-07-28,98.48999786376953,98.97000122070312,61.93379211425781
2010-07-29,98.0999984741211,98.94000244140625,61.91505813598633
2010-07-30,100.19999694824219,100.4800033569336,62.87877655029297
2010-08-02,99.23999786376953,98.75,61.9960823059082
2010-08-03,99.19999694824219,99.31999969482422,62.353965759277344
2010-08-04,99.5,98.55999755859375,61.87680435180664
2010-08-05,99.33999633789062,99.0199966430664,62.165584564208984
2010-08-06,99.79000091552734,100.0999984741211,62.84371566772461
2010-08-09,99.73999786376953,99.7300033569336,62.6113395690918
2010-08-10,100.05999755859375,99.94000244140625,62.74317169189453
2010-08-11,100.30999755859375,101.27999877929688,63.58446502685547
2010-08-12,101.58000183105469,101.02999877929688,63.42744827270508
2010-08-13,101.62000274658203,102.29000091552734,64.21858978271484
2010-08-16,104.20999908447266,104.8499984741211,65.82569885253906
2010-08-17,104.8499984741211,104.25,65.44904327392578
2010-08-18,105.0,104.52999877929688,65.62487030029297
2010-08-19,104.79000091552734,106.16000366210938,66.64815521240234
2010-08-20,106.41000366210938,106.04000091552734,66.5727767944336
2010-08-23,105.6500015258789,106.05999755859375,66.5853500366211
2010-08-24,107.04000091552734,107.76000213623047,67.65262603759766
2010-08-25,108.80000305175781,107.41000366210938,67.43291473388672
2010-08-26,107.55999755859375,108.41999816894531,68.06696319580078
2010-08-27,107.7699966430664,105.3499984741211,66.13968658447266
2010-08-30,106.20999908447266,107.37000274658203,67.40779876708984
2010-08-31,108.22000122070312,108.55999755859375,68.1549301147461
2010-09-01,107.0199966430664,106.0,66.74568939208984
2010-09-02,105.19999694824219,104.87999725341797,66.04042053222656
2010-09-03,102.72000122070312,103.58000183105469,65.22185516357422
2010-09-07,105.08999633789062,105.69999694824219,66.5567626953125
2010-09-08,105.08999633789062,104.86000061035156,66.02784729003906
2010-09-09,103.69999694824219,102.79000091552734,64.72441864013672
2010-09-10,102.25,102.31999969482422,64.42849731445312
2010-09-13,101.80000305175781,102.81999969482422,64.74330139160156
2010-09-14,103.02999877929688,103.80999755859375,65.36668395996094
2010-09-15,102.75,102.2699966430664,64.39696502685547
2010-09-16,101.52999877929688,101.26000213623047,63.76096725463867
2010-09-17,101.83000183105469,101.66999816894531,64.01915740966797
2010-09-20,102.1500015258789,102.26000213623047,64.39068603515625
2010-09-21,102.66999816894531,103.68000030517578,65.28485107421875
2010-09-22,104.55000305175781,104.61000061035156,65.87042999267578
2010-09-23,105.41000366210938,104.91000366210938,66.05935668945312
2010-09-24,103.95999908447266,103.5,65.17147064208984
2010-09-27,104.52999877929688,105.30000305175781,66.30488586425781
2010-09-28,105.37999725341797,106.0199966430664,66.75826263427734
2010-09-29,106.16999816894531,105.58000183105469,66.481201171875
2010-09-30,105.4000015258789,105.51000213623047,66.43711853027344
2010-10-01,104.2300033569336,104.61000061035156,66.1160888671875
2010-10-04,104.62000274658203,104.87999725341797,66.28671264648438
2010-10-05,104.7300033569336,104.25,65.8885498046875
2010-10-06,104.9000015258789,105.55999755859375,66.71648406982422
2010-10-07,105.16999816894531,104.68000030517578,66.16029357910156
2010-10-08,104.87000274658203,104.22000122070312,65.86954498291016
2010-10-11,104.11000061035156,104.23999786376953,65.88220977783203
2010-10-12,104.41000366210938,103.20999908447266,65.23126220703125
2010-10-13,102.3499984741211,103.05000305175781,65.130126953125
2010-10-14,103.29000091552734,101.51000213623047,64.15679931640625
2010-10-15,100.5999984741211,100.2699966430664,63.373104095458984
2010-10-18,101.19999694824219,101.08000183105469,63.88504409790039
2010-10-19,100.58000183105469,101.69000244140625,64.27056121826172
2010-10-20,101.37000274658203,101.91000366210938,64.40958404541016
2010-10-21,101.69000244140625,100.69999694824219,63.644805908203125
2010-10-22,100.44000244140625,101.37999725341797,64.07464599609375
2010-10-25,102.12000274658203,101.66999816894531,64.2579116821289
2010-10-26,100.86000061035156,100.0999984741211,63.26563262939453
2010-10-27,99.68000030517578,99.22000122070312,62.70949935913086
2010-10-28,99.58000183105469,99.48999786376953,62.88011932373047
2010-10-29,99.81999969482422,100.41999816894531,63.46784591674805
2010-11-01,100.80000305175781,99.66999816894531,63.19459533691406
2010-11-02,100.45999908447266,100.9800033569336,64.02520751953125
2010-11-03,101.7300033569336,98.91999816894531,62.719085693359375
2010-11-04,99.16999816894531,99.69000244140625,63.207279205322266
2010-11-05,98.3499984741211,97.9800033569336,62.123085021972656
2010-11-08,98.58999633789062,98.41999816894531,62.402042388916016
2010-11-09,98.48999786376953,96.25,61.02622985839844
2010-11-10,96.3499984741211,96.37999725341797,61.108619689941406
2010-11-11,96.44999694824219,96.33000183105469,61.07692337036133
2010-11-12,96.20999908447266,95.80999755859375,60.74718475341797
2010-11-15,95.33000183105469,93.80999755859375,59.479156494140625
2010-11-16,94.91000366210938,96.13999938964844,60.956451416015625
2010-11-17,95.80000305175781,95.61000061035156,60.62043380737305
2010-11-18,95.68000030517578,96.0,60.86772155761719
2010-11-19,96.08999633789062,96.58999633789062,61.24177932739258
2010-11-22,97.37000274658203,97.0,61.501731872558594
2010-11-23,97.66999816894531,97.4800033569336,61.806060791015625
2010-11-24,96.80999755859375,95.73999786376953,60.702823638916016
2010-11-26,96.72000122070312,97.06999969482422,61.546104431152344
2010-11-29,97.55999755859375,97.9000015258789,62.072410583496094
2010-11-30,99.20999908447266,98.41000366210938,62.3957405090332
2010-12-01,96.6500015258789,95.88999938964844,61.00875473022461
2010-12-02,95.95999908447266,95.63999938964844,60.84967041015625
2010-12-03,96.27999877929688,94.88999938964844,60.372474670410156
2010-12-06,95.5199966430664,96.2300033569336,61.225093841552734
2010-12-07,94.72000122070312,94.16999816894531,59.91437911987305
2010-12-08,93.72000122070312,93.26000213623047,59.335426330566406
2010-12-09,93.5999984741211,93.72000122070312,59.62810516357422
2010-12-10,93.29000091552734,93.1500015258789,59.26542282104492
2010-12-13,93.05000305175781,93.5,59.48813247680664
2010-12-14,92.4000015258789,92.13999938964844,58.622798919677734
2010-12-15,92.08000183105469,90.94000244140625,57.8593635559082
2010-12-16,91.02999877929688,91.56999969482422,58.26021194458008
2010-12-17,91.87999725341797,93.23999786376953,59.32268142700195
2010-12-20,93.75,93.13999938964844,59.259056091308594
2010-12-21,93.12999725341797,93.79000091552734,59.67261505126953
2010-12-22,93.47000122070312,93.12000274658203,59.24636459350586
2010-12-23,93.18000030517578,92.93000030517578,59.1254768371582
2010-12-27,92.76000213623047,93.76000213623047,59.65354919433594
2010-12-28,92.93000030517578,91.61000061035156,58.48524475097656
2010-12-29,91.76000213623047,93.16000366210938,59.47478485107422
2010-12-30,92.87999725341797,93.08999633789062,59.430084228515625
2010-12-31,93.51000213623047,94.12000274658203,60.087646484375
2011-01-03,93.19999694824219,93.41000366210938,59.63436508178711
2011-01-04,93.41000366210938,93.5199966430664,59.704586029052734
2011-01-05,92.48999786376953,91.45999908447266,58.38947677612305
2011-01-06,91.54000091552734,91.86000061035156,58.64484405517578
2011-01-07,91.51000213623047,92.3499984741211,58.957645416259766
2011-01-10,92.58000183105469,92.8499984741211,59.27687072753906
2011-01-11,92.48999786376953,92.33000183105469,58.944915771484375
2011-01-12,91.73999786376953,91.61000061035156,58.48524475097656
2011-01-13,91.62000274658203,92.43000030517578,59.00872039794922
2011-01-14,92.77999877929688,91.83999633789062,58.632049560546875
2011-01-18,91.29000091552734,91.41000366210938,58.357540130615234
2011-01-19,91.41000366210938,92.06999969482422,58.7789421081543
2011-01-20,91.5,90.80000305175781,57.9681396484375
2011-01-21,90.69000244140625,91.5199966430664,58.42778778076172
2011-01-24,91.87000274658203,91.55999755859375,58.45332717895508
2011-01-25,91.94000244140625,92.43000030517578,59.00872039794922
2011-01-26,92.22000122070312,91.02999877929688,58.114933013916016
2011-01-27,91.06999969482422,91.44000244140625,58.37671661376953
2011-01-28,90.80999755859375,91.91999816894531,58.68315505981445
2011-01-31,91.66000366210938,91.22000122070312,58.236244201660156
2011-02-01,90.55000305175781,90.44999694824219,57.94794845581055
2011-02-02,90.9000015258789,90.47000122070312,57.96079635620117
2011-02-03,89.95999908447266,89.72000122070312,57.48032760620117
2011-02-04,89.5,88.80999755859375,56.8972282409668
2011-02-07,88.69999694824219,89.2699966430664,57.19194030761719
2011-02-08,89.30999755859375,88.44999694824219,56.666656494140625
2011-02-09,88.69000244140625,89.22000122070312,57.15993881225586
2011-02-10,88.9000015258789,88.19000244140625,56.500057220458984
2011-02-11,89.02999877929688,89.45999908447266,57.3137321472168
2011-02-14,89.30999755859375,89.5199966430664,57.35216522216797
2011-02-15,89.55999755859375,89.91999816894531,57.60840606689453
2011-02-16,89.87000274658203,89.62999725341797,57.42261505126953
2011-02-17,90.0199966430664,89.7699966430664,57.512271881103516
2011-02-18,89.41999816894531,89.48999786376953,57.33293914794922
2011-02-22,89.91000366210938,90.83000183105469,58.19142150878906
2011-02-23,91.0999984741211,91.16000366210938,58.40280532836914
2011-02-24,91.62999725341797,91.73999786376953,58.7744140625
2011-02-25,91.73999786376953,92.27999877929688,59.12034225463867
2011-02-28,92.30000305175781,92.4000015258789,59.19724655151367
2011-03-01,91.5199966430664,92.37000274658203,59.36887741088867
2011-03-02,91.83999633789062,90.94999694824219,58.4561653137207
2011-03-03,90.52999877929688,90.05999755859375,57.88416290283203
2011-03-04,90.0999984741211,90.80999755859375,58.366214752197266
2011-03-07,90.0199966430664,90.2300033569336,57.99345397949219
2011-03-08,90.11000061035156,89.68000030517578,57.63992691040039
2011-03-09,90.08999633789062,90.55000305175781,58.1990852355957
2011-03-10,90.87000274658203,92.06999969482422,59.1760368347168
2011-03-11,92.04000091552734,91.55000305175781,58.84183883666992
2011-03-14,91.4800033569336,91.51000213623047,58.816139221191406
2011-03-15,92.80000305175781,92.87999725341797,59.69664764404297
2011-03-16,93.37000274658203,93.93000030517578,60.371517181396484
2011-03-17,93.23999786376953,93.20999908447266,59.90873336791992
2011-03-18,92.75,93.45999908447266,60.06939697265625
2011-03-21,93.12999725341797,92.91000366210938,59.71591567993164
2011-03-22,92.80999755859375,93.22000122070312,59.915164947509766
2011-03-23,93.8499984741211,93.0999984741211,59.83805847167969
2011-03-24,92.76000213623047,92.4000015258789,59.38814926147461
2011-03-25,92.86000061035156,92.16999816894531,59.24031448364258
2011-03-28,92.12000274658203,92.30000305175781,59.323875427246094
2011-03-29,91.9800033569336,91.58999633789062,58.8675537109375
2011-03-30,91.72000122070312,92.31999969482422,59.33674240112305
2011-03-31,92.66999816894531,92.12999725341797,59.21464538574219
2011-04-01,91.5,92.19000244140625,59.50246047973633
2011-04-04,92.19999694824219,92.29000091552734,59.5670051574707
2011-04-05,92.16000366210938,91.91999816894531,59.32820510864258
2011-04-06,91.7699966430664,90.54000091552734,58.437522888183594
2011-04-07,90.52999877929688,90.36000061035156,58.32131576538086
2011-04-08,89.93000030517578,89.87999725341797,58.011531829833984
2011-04-11,89.83000183105469,89.95999908447266,58.063148498535156
2011-04-12,90.61000061035156,90.93000030517578,58.68922805786133
2011-04-13,90.54000091552734,91.5,59.057151794433594
2011-04-14,91.54000091552734,91.43000030517578,59.01193618774414
2011-04-15,92.26000213623047,92.66999816894531,59.81227111816406
2011-04-18,91.98999786376953,92.87999725341797,59.947818756103516
2011-04-19,92.86000061035156,93.27999877929688,60.20600128173828
2011-04-20,93.06999969482422,92.68000030517578,59.81866455078125
2011-04-21,92.88999938964844,92.5999984741211,59.767120361328125
2011-04-25,92.62999725341797,92.94999694824219,59.993003845214844
2011-04-26,93.2699966430664,93.8499984741211,60.57388687133789
2011-04-27,93.44000244140625,92.88999938964844,59.95425796508789
2011-04-28,93.22000122070312,93.5999984741211,60.41251754760742
2011-04-29,93.47000122070312,93.88999938964844,60.59968566894531
2011-05-02,93.31999969482422,93.63999938964844,60.6969108581543
2011-05-03,93.95999908447266,94.16999816894531,61.04048538208008
2011-05-04,94.30999755859375,94.58999633789062,61.31270980834961
2011-05-05,94.91999816894531,95.48999786376953,61.89609146118164
2011-05-06,94.51000213623047,95.06999969482422,61.62384796142578
2011-05-09,94.9000015258789,94.97000122070312,61.55903244018555
2011-05-10,94.69999694824219,94.29000091552734,61.11825942993164
2011-05-11,94.31999969482422,94.83000183105469,61.46830749511719
2011-05-12,94.94999694824219,94.2300033569336,61.07935333251953
2011-05-13,94.6500015258789,95.08000183105469,61.630340576171875
2011-05-16,95.02999877929688,95.61000061035156,61.973907470703125
2011-05-17,96.02999877929688,96.58999633789062,62.60912322998047
2011-05-18,96.2699966430664,95.30999755859375,61.77945327758789
2011-05-19,94.45999908447266,95.2699966430664,61.753501892089844
2011-05-20,95.0199966430664,95.31999969482422,61.78590393066406
2011-05-23,95.7300033569336,95.77999877929688,62.08412551879883
2011-05-24,95.63999938964844,96.13999938964844,62.31745147705078
2011-05-25,96.1500015258789,95.69000244140625,62.02578353881836
2011-05-26,95.97000122070312,96.51000213623047,62.557193756103516
2011-05-27,96.12999725341797,96.47000122070312,62.531349182128906
2011-05-31,96.18000030517578,96.69000244140625,62.673973083496094
2011-06-01,96.91999816894531,97.63999938964844,63.52097702026367
2011-06-02,96.48999786376953,95.77999877929688,62.310951232910156
2011-06-03,96.58000183105469,96.33000183105469,62.66871643066406
2011-06-06,95.47000122070312,95.5999984741211,62.193809509277344
2011-06-07,95.2300033569336,96.04000091552734,62.48007583618164
2011-06-08,96.26000213623047,96.79000091552734,62.96798324584961
2011-06-09,97.0999984741211,96.4000015258789,62.71424102783203
2011-06-10,96.91000366210938,97.13999938964844,63.19564437866211
2011-06-13,96.73999786376953,96.6500015258789,62.87691116333008
2011-06-14,95.73999786376953,95.19000244140625,61.92705154418945
2011-06-15,95.37999725341797,96.91999816894531,63.052528381347656
2011-06-16,97.0999984741211,97.36000061035156,63.338871002197266
2011-06-17,96.86000061035156,96.9000015258789,63.03956604003906
2011-06-20,97.33000183105469,97.0199966430664,63.11764907836914
2011-06-21,96.69999694824219,96.58999633789062,62.837867736816406
2011-06-22,96.95999908447266,96.6500015258789,62.87691116333008
2011-06-23,97.23999786376953,97.38999938964844,63.35835647583008
2011-06-24,97.36000061035156,96.9800033569336,63.091556549072266
2011-06-27,96.8499984741211,95.6500015258789,62.22634506225586
2011-06-28,95.4800033569336,94.87999725341797,61.72541809082031
2011-06-29,94.94999694824219,94.25,61.31554412841797
2011-06-30,94.2300033569336,94.0999984741211,61.21796798706055
2011-07-01,94.12999725341797,93.62999725341797,61.12004852294922
2011-07-05,94.04000091552734,93.83999633789062,61.257144927978516
2011-07-06,94.19000244140625,94.31999969482422,61.57048034667969
2011-07-07,93.83000183105469,94.04000091552734,61.38768768310547
2011-07-08,94.83999633789062,95.37000274658203,62.25594711303711
2011-07-11,96.04000091552734,96.80000305175781,63.18937301635742
2011-07-12,97.30000305175781,97.12999725341797,63.404781341552734
2011-07-13,96.70999908447266,97.4000015258789,63.58103942871094
2011-07-14,96.62000274658203,96.01000213623047,62.67366409301758
2011-07-15,95.29000091552734,96.16999816894531,62.778141021728516
2011-07-18,96.05999755859375,95.23999786376953,62.17100524902344
2011-07-19,95.31999969482422,97.22000122070312,63.46356201171875
2011-07-20,96.72000122070312,96.06999969482422,62.71284103393555
2011-07-21,95.23999786376953,95.33000183105469,62.22978973388672
2011-07-22,95.69000244140625,96.05000305175781,62.69979476928711
2011-07-25,94.97000122070312,95.0,62.01437759399414
2011-07-26,95.30000305175781,95.6500015258789,62.438655853271484
2011-07-27,95.33999633789062,95.66000366210938,62.44524383544922
2011-07-28,96.11000061035156,96.0199966430664,62.68018341064453
2011-07-29,96.88999938964844,97.91999816894531,63.92051315307617
2011-08-01,97.38999938964844,98.58000183105469,64.56564331054688
2011-08-02,99.22000122070312,101.54000091552734,66.5042724609375
2011-08-03,101.56999969482422,101.73999786376953,66.6352767944336
2011-08-04,102.37999725341797,105.36000061035156,69.00619506835938
2011-08-05,103.44000244140625,102.31999969482422,67.01519012451172
2011-08-08,103.18000030517578,105.55000305175781,69.13066101074219
2011-08-09,105.01000213623047,105.87000274658203,69.34029388427734
2011-08-10,107.62999725341797,109.0199966430664,71.40335083007812
2011-08-11,107.33999633789062,103.5199966430664,67.80113220214844
2011-08-12,104.44000244140625,105.56999969482422,69.14374542236328
2011-08-15,104.94000244140625,104.5,68.44295501708984
2011-08-16,104.66000366210938,106.2300033569336,69.57606506347656
2011-08-17,106.31999969482422,108.08999633789062,70.7943115234375
2011-08-18,110.08999633789062,110.30999755859375,72.248291015625
2011-08-19,110.6500015258789,111.19999694824219,72.83119201660156
2011-08-22,110.45999908447266,110.91999816894531,72.6478042602539
2011-08-23,109.76000213623047,109.38999938964844,71.64566802978516
2011-08-24,109.29000091552734,106.27999877929688,69.60883331298828
2011-08-25,106.69000244140625,107.43000030517578,70.3619613647461
2011-08-26,108.69000244140625,108.48999786376953,71.05622863769531
2011-08-29,106.69999694824219,106.98999786376953,70.07378387451172
2011-08-30,108.43000030517578,108.70999908447266,71.2003173828125
2011-08-31,108.80999755859375,107.02999877929688,70.10000610351562
2011-09-01,107.47000122070312,108.97000122070312,71.58598327636719
2011-09-02,111.38999938964844,112.51000213623047,73.9115219116211
2011-09-06,114.41999816894531,113.68000030517578,74.68010711669922
2011-09-07,112.27999877929688,111.51000213623047,73.2546157836914
2011-09-08,112.30000305175781,112.51000213623047,73.9115219116211
2011-09-09,112.54000091552734,113.70999908447266,74.69987487792969
2011-09-12,113.56999969482422,113.83000183105469,74.77871704101562
2011-09-13,113.4000015258789,112.20999908447266,73.71446228027344
2011-09-14,111.97000122070312,113.16000366210938,74.33853149414062
2011-09-15,111.9800033569336,111.43000030517578,73.2020492553711
2011-09-16,111.30999755859375,112.23999786376953,73.73418426513672
2011-09-19,114.19999694824219,114.37999725341797,75.13999938964844
2011-09-20,114.37000274658203,114.86000061035156,75.455322265625
2011-09-21,114.62999725341797,118.66000366210938,77.95169830322266
2011-09-22,121.41000366210938,123.12000274658203,80.88159942626953
2011-09-23,123.12000274658203,120.83000183105469,79.377197265625
2011-09-26,120.12000274658203,118.88999938964844,78.10277557373047
2011-09-27,116.75,117.06999969482422,76.90714263916016
2011-09-28,116.9000015258789,117.02999877929688,76.88082885742188
2011-09-29,117.61000061035156,117.83999633789062,77.41294860839844
2011-09-30,120.0199966430664,120.80000305175781,79.35752868652344
2011-10-03,121.87999725341797,123.80999755859375,81.54143524169922
2011-10-04,124.37000274658203,122.23999786376953,80.50745391845703
2011-10-05,121.66000366210938,121.36000061035156,79.92781066894531
2011-10-06,120.63999938964844,119.12000274658203,78.45259094238281
2011-10-07,117.75,118.23999786376953,77.87301635742188
2011-10-10,116.81999969482422,116.56999969482422,76.77317810058594
2011-10-11,117.29000091552734,116.18000030517578,76.51627349853516
2011-10-12,114.69999694824219,114.48999786376953,75.40326690673828
2011-10-13,115.02999877929688,115.62999725341797,76.154052734375
2011-10-14,113.87999725341797,113.94999694824219,75.0476303100586
2011-10-17,114.30000305175781,115.91999816894531,76.3450698852539
2011-10-18,116.13999938964844,115.19999694824219,75.87085723876953
2011-10-19,114.54000091552734,115.16000366210938,75.84449005126953
2011-10-20,114.45999908447266,114.33999633789062,75.30449676513672
2011-10-21,113.86000061035156,113.12999725341797,74.5075454711914
2011-10-24,113.93000030517578,113.31999969482422,74.6327133178711
2011-10-25,113.37999725341797,116.19999694824219,76.52947998046875
2011-10-26,115.38999938964844,114.16999816894531,75.19245147705078
2011-10-27,112.5199966430664,110.30000305175781,72.64368438720703
2011-10-28,110.9000015258789,111.45999908447266,73.40772247314453
2011-10-31,113.61000061035156,115.87999725341797,76.31871032714844
2011-11-01,118.70999908447266,119.44999694824219,78.87345886230469
2011-11-02,116.62999725341797,117.95999908447266,77.88959503173828
2011-11-03,116.33999633789062,116.33999633789062,76.81987762451172
2011-11-04,115.72000122070312,116.4800033569336,76.9123306274414
2011-11-07,116.63999938964844,117.22000122070312,77.40099334716797
2011-11-08,116.75,115.72000122070312,76.4104995727539
2011-11-09,118.26000213623047,118.12000274658203,77.9952163696289
2011-11-10,116.77999877929688,116.36000061035156,76.8331069946289
2011-11-11,115.83000183105469,115.6500015258789,76.36421203613281
2011-11-14,116.38999938964844,117.51000213623047,77.59241485595703
2011-11-15,117.69999694824219,117.3499984741211,77.4867935180664
2011-11-16,117.95999908447266,118.41999816894531,78.19331359863281
2011-11-17,118.04000091552734,119.37000274658203,78.82063293457031
2011-11-18,119.18000030517578,119.33999633789062,78.80079650878906
2011-11-21,120.37999725341797,120.05000305175781,79.26961517333984
2011-11-22,120.3499984741211,121.38999938964844,80.15453338623047
2011-11-23,121.16000366210938,122.58000183105469,80.94020080566406
2011-11-25,121.80000305175781,120.80000305175781,79.76490783691406
2011-11-28,118.62999725341797,120.73999786376953,79.7252426147461
2011-11-29,120.02999877929688,119.75,79.07149505615234
2011-11-30,118.33999633789062,117.87999725341797,77.83675384521484
2011-12-01,116.29000091552734,117.0,77.44622802734375
2011-12-02,116.62000274658203,118.63999938964844,78.5317611694336
2011-12-05,117.0,118.4000015258789,78.37291717529297
2011-12-06,117.80999755859375,117.2699966430664,77.62493133544922
2011-12-07,117.33000183105469,117.69000244140625,77.90296936035156
2011-12-08,117.72000122070312,119.16000366210938,78.87598419189453
2011-12-09,119.06999969482422,116.70999908447266,77.25424194335938
2011-12-12,117.91000366210938,118.01000213623047,78.11479187011719
2011-12-13,117.27999877929688,119.11000061035156,78.84288787841797
2011-12-14,119.79000091552734,121.36000061035156,80.33224487304688
2011-12-15,120.66000366210938,120.91000366210938,80.03436279296875
2011-12-16,121.37999725341797,122.31999969482422,80.96772003173828
2011-12-19,122.31999969482422,123.87000274658203,81.99369812011719
2011-12-20,122.66000366210938,120.77999877929688,79.94830322265625
2011-12-21,120.62999725341797,119.0999984741211,78.83629608154297
2011-12-22,120.0,119.5999984741211,79.16724395751953
2011-12-23,118.55999755859375,118.2699966430664,78.28688049316406
2011-12-27,117.94000244140625,118.44999694824219,78.65872955322266
2011-12-28,118.73999786376953,120.63999938964844,80.1130599975586
2011-12-29,120.4800033569336,120.86000061035156,80.25918579101562
2011-12-30,121.11000061035156,121.25,80.51813507080078
2012-01-03,119.41999816894531,119.43000030517578,79.30955505371094
2012-01-04,119.26000213623047,118.01000213623047,78.3665771484375
2012-01-05,118.16999816894531,117.80000305175781,78.22711181640625
2012-01-06,117.75,118.7300033569336,78.84465026855469
2012-01-09,118.47000122070312,118.5199966430664,78.70521545410156
2012-01-10,117.7300033569336,118.31999969482422,78.57242584228516
2012-01-11,119.04000091552734,119.86000061035156,79.5950927734375
2012-01-12,119.94999694824219,119.69000244140625,79.48220825195312
2012-01-13,121.0999984741211,120.87999725341797,80.27244567871094
2012-01-17,120.94999694824219,121.44000244140625,80.64427185058594
2012-01-18,121.52999877929688,119.97000122070312,79.66815185546875
2012-01-19,119.33000183105469,118.31999969482422,78.57242584228516
2012-01-20,117.70999908447266,116.9800033569336,77.68257141113281
2012-01-23,116.12999725341797,116.23999786376953,77.1911392211914
2012-01-24,116.70999908447266,116.44999694824219,77.33062744140625
2012-01-25,116.05999755859375,116.16999816894531,77.14471435546875
2012-01-26,116.6500015258789,117.70999908447266,78.16732025146484
2012-01-27,117.83000183105469,118.08000183105469,78.41300964355469
2012-01-30,119.83999633789062,119.47000122070312,79.3360824584961
2012-01-31,119.26000213623047,120.8499984741211,80.25255584716797
2012-02-01,119.75,119.18000030517578,79.33328247070312
2012-02-02,118.95999908447266,119.12999725341797,79.30000305175781
2012-02-03,116.45999908447266,116.56999969482422,77.5958480834961
2012-02-06,116.69000244140625,117.7300033569336,78.36802673339844
2012-02-07,116.62000274658203,116.2699966430664,77.39620971679688
2012-02-08,116.19999694824219,116.36000061035156,77.45606994628906
2012-02-09,115.86000061035156,115.48999786376953,76.87694549560547
2012-02-10,116.80000305175781,116.98999786376953,77.87544250488281
2012-02-13,116.5999984741211,117.13999938964844,77.97528076171875
2012-02-14,117.44000244140625,117.76000213623047,78.38802337646484
2012-02-15,117.66000366210938,117.55000305175781,78.24822998046875
2012-02-16,117.2699966430664,116.61000061035156,77.62249755859375
2012-02-17,115.86000061035156,116.58000183105469,77.6025390625
2012-02-21,115.7699966430664,115.29000091552734,76.74381256103516
2012-02-22,115.88999938964844,116.73999786376953,77.70905303955078
2012-02-23,116.13999938964844,116.73999786376953,77.70905303955078
2012-02-24,117.2300033569336,117.5,78.21491241455078
2012-02-27,118.5,118.54000091552734,78.90723419189453
2012-02-28,118.87000274658203,118.1500015258789,78.64762878417969
2012-02-29,118.37000274658203,117.43000030517578,78.1683120727539
2012-03-01,116.16999816894531,116.05999755859375,77.43241882324219
2012-03-02,116.5999984741211,117.1500015258789,78.15972137451172
2012-03-05,116.95999908447266,116.22000122070312,77.53916931152344
2012-03-06,117.44999694824219,117.62999725341797,78.47993469238281
2012-03-07,117.45999908447266,116.91000366210938,77.9995346069336
2012-03-08,116.31999969482422,115.73999786376953,77.21896362304688
2012-03-09,115.48999786376953,115.97000122070312,77.37242126464844
2012-03-12,116.31999969482422,115.94999694824219,77.35909271240234
2012-03-13,115.2699966430664,113.91000366210938,75.99800872802734
2012-03-14,112.69999694824219,111.04000091552734,74.08318328857422
2012-03-15,110.9000015258789,111.20999908447266,74.19662475585938
2012-03-16,110.5,111.43000030517578,74.34342956542969
2012-03-19,111.36000061035156,110.0999984741211,73.45604705810547
2012-03-20,110.43000030517578,110.54000091552734,73.74960327148438
2012-03-21,110.86000061035156,111.79000091552734,74.58358764648438
2012-03-22,112.29000091552734,112.1500015258789,74.82378387451172
2012-03-23,112.69000244140625,113.20999908447266,75.53102111816406
2012-03-26,112.83000183105469,112.62999725341797,75.1440200805664
2012-03-27,112.77999877929688,113.44000244140625,75.68445587158203
2012-03-28,112.91999816894531,113.27999877929688,75.57770538330078
2012-03-29,114.0199966430664,114.12999725341797,76.14476013183594
2012-03-30,114.20999908447266,112.19999694824219,74.857177734375
2012-04-02,113.0,112.52999877929688,75.27188110351562
2012-04-03,113.01000213623047,110.58000183105469,73.96752166748047
2012-04-04,111.7699966430664,112.0999984741211,74.98423767089844
2012-04-05,113.0,112.91000366210938,75.52610778808594
2012-04-09,115.54000091552734,115.55000305175781,77.29198455810547
2012-04-10,115.94999694824219,116.86000061035156,78.1681900024414
2012-04-11,115.70999908447266,115.45999908447266,77.23172760009766
2012-04-12,115.66999816894531,114.9800033569336,76.91069793701172
2012-04-13,116.1500015258789,116.83999633789062,78.15485382080078
2012-04-16,116.69999694824219,116.66999816894531,78.04108428955078
2012-04-17,116.52999877929688,116.5999984741211,77.9942626953125
2012-04-18,117.05000305175781,116.94000244140625,78.2217788696289
2012-04-19,117.25,117.05000305175781,78.29533386230469
2012-04-20,116.55999755859375,117.06999969482422,78.30863952636719
2012-04-23,118.11000061035156,117.91999816894531,78.87726593017578
2012-04-24,117.61000061035156,117.08999633789062,78.32205963134766
2012-04-25,116.41000366210938,116.48999786376953,77.92070770263672
2012-04-26,117.41999816894531,117.19000244140625,78.38897705078125
2012-04-27,117.0199966430664,117.29000091552734,78.45587921142578
2012-04-30,117.56999969482422,117.31999969482422,78.4758529663086
2012-05-01,117.43000030517578,116.43000030517578,78.06890106201172
2012-05-02,117.22000122070312,117.25,78.61873626708984
2012-05-03,116.63999938964844,117.22000122070312,78.5986328125
2012-05-04,117.4800033569336,118.13999938964844,79.2155532836914
2012-05-07,118.31999969482422,118.16000366210938,79.22887420654297
2012-05-08,118.69000244140625,118.79000091552734,79.6513442993164
2012-05-09,119.44999694824219,118.87000274658203,79.70500946044922
2012-05-10,118.0199966430664,118.5199966430664,79.47030639648438
2012-05-11,119.48999786376953,119.5,80.12738037109375
2012-05-14,120.87000274658203,121.16999816894531,81.2471923828125
2012-05-15,121.08999633789062,121.66000366210938,81.57575225830078
2012-05-16,120.9800033569336,122.01000213623047,81.8104476928711
2012-05-17,122.02999877929688,124.16999816894531,83.25879669189453
2012-05-18,123.2699966430664,124.19999694824219,83.27882385253906
2012-05-21,123.9000015258789,123.94000244140625,83.10447692871094
2012-05-22,122.75,122.55999755859375,82.17921447753906
2012-05-23,123.55000305175781,123.41000366210938,82.74915313720703
2012-05-24,123.2300033569336,122.94000244140625,82.43407440185547
2012-05-25,123.43000030517578,123.4000015258789,82.74242401123047
2012-05-29,123.38999938964844,123.0199966430664,82.4876480102539
2012-05-30,125.31999969482422,126.13999938964844,84.57968139648438
2012-05-31,127.02999877929688,127.5999984741211,85.55865478515625
2012-06-01,128.8699951171875,130.36000061035156,87.58982849121094
2012-06-04,129.30999755859375,129.3300018310547,86.89774322509766
2012-06-05,128.52999877929688,127.5999984741211,85.73535919189453
2012-06-06,127.55999755859375,125.05000305175781,84.02200317382812
2012-06-07,124.6500015258789,125.23999786376953,84.1496810913086
2012-06-08,126.75,125.20999908447266,84.12948608398438
2012-06-11,124.79000091552734,125.77999877929688,84.51246643066406
2012-06-12,124.97000122070312,124.62999725341797,83.73978424072266
2012-06-13,124.8499984741211,125.86000061035156,84.56623840332031
2012-06-14,125.94999694824219,125.69999694824219,84.45875549316406
2012-06-15,126.58000183105469,126.4000015258789,84.9291000366211
2012-06-18,127.1500015258789,127.08000183105469,85.3859634399414
2012-06-19,126.27999877929688,125.41999816894531,84.27059936523438
2012-06-20,124.56999969482422,126.04000091552734,84.68718719482422
2012-06-21,125.94999694824219,126.70999908447266,85.13735961914062
2012-06-22,125.9000015258789,125.0199966430664,84.0018310546875
2012-06-25,126.36000061035156,126.83999633789062,85.22470092773438
2012-06-26,126.11000061035156,126.33999633789062,84.88874053955078
2012-06-27,126.55999755859375,126.54000091552734,85.02314758300781
2012-06-28,127.30000305175781,126.8499984741211,85.2314224243164
2012-06-29,125.02999877929688,125.19999694824219,84.12281036376953
2012-07-02,125.44999694824219,126.22000122070312,84.9907455444336
2012-07-03,125.94999694824219,125.25,84.33757781982422
2012-07-05,125.3499984741211,125.88999938964844,84.76851654052734
2012-07-06,126.66999816894531,127.05999755859375,85.55632019042969
2012-07-09,127.37999725341797,128.17999267578125,86.31053161621094
2012-07-10,127.86000061035156,128.44000244140625,86.48558807373047
2012-07-11,128.58999633789062,128.60000610351562,86.59334564208984
2012-07-12,129.0500030517578,129.50999450683594,87.20603942871094
2012-07-13,129.22999572753906,129.1699981689453,86.97711944580078
2012-07-16,130.3000030517578,129.77000427246094,87.38111877441406
2012-07-17,129.25999450683594,128.75,86.69432067871094
2012-07-18,129.25999450683594,128.82000732421875,86.74140930175781
2012-07-19,128.4600067138672,128.49000549316406,86.51921844482422
2012-07-20,129.60000610351562,130.05999755859375,87.57640838623047
2012-07-23,131.30999755859375,130.7899932861328,88.06793975830078
2012-07-24,130.35000610351562,131.82000732421875,88.7615966796875
2012-07-25,131.6300048828125,132.16000366210938,88.99047088623047
2012-07-26,131.52999877929688,130.9499969482422,88.17570495605469
2012-07-27,129.88999938964844,128.47999572753906,86.51249694824219
2012-07-30,128.38999938964844,129.44000244140625,87.1589126586914
2012-07-31,129.80999755859375,129.6999969482422,87.3339614868164
2012-08-01,128.52999877929688,128.77999877929688,86.89739990234375
2012-08-02,129.58999633789062,129.50999450683594,87.38999938964844
2012-08-03,127.83999633789062,127.41999816894531,85.979736328125
2012-08-06,127.66999816894531,127.47000122070312,86.01346588134766
2012-08-07,125.95999908447266,125.83000183105469,84.90682220458984
2012-08-08,126.16000366210938,125.16000366210938,84.45468139648438
2012-08-09,124.7699966430664,125.06999969482422,84.39398956298828
2012-08-10,126.19999694824219,125.69999694824219,84.81913757324219
2012-08-13,126.11000061035156,125.48999786376953,84.67740631103516
2012-08-14,123.95999908447266,123.79000091552734,83.5302963256836
2012-08-15,123.0199966430664,122.05000305175781,82.35624694824219
2012-08-16,122.20999908447266,121.01000213623047,81.65444946289062
2012-08-17,121.4000015258789,121.5999984741211,82.05255889892578
2012-08-20,121.55000305175781,121.8499984741211,82.22124481201172
2012-08-21,121.47000122070312,122.38999938964844,82.5855941772461
2012-08-22,123.5199966430664,124.41000366210938,83.94866180419922
2012-08-23,124.73999786376953,124.93000030517578,84.2995376586914
2012-08-24,125.47000122070312,124.80999755859375,84.21856689453125
2012-08-27,125.33999633789062,125.54000091552734,84.71116638183594
2012-08-28,125.75,125.83999633789062,84.91354370117188
2012-08-29,125.61000061035156,125.29000091552734,84.54247283935547
2012-08-30,126.2699966430664,125.94000244140625,84.98107147216797
2012-08-31,125.77999877929688,127.72000122070312,86.18220520019531
2012-09-04,126.91999816894531,127.31999969482422,86.09562683105469
2012-09-05,126.81999969482422,126.72000122070312,85.68985748291016
2012-09-06,125.52999877929688,124.61000061035156,84.26309967041016
2012-09-07,126.13999938964844,124.02999877929688,83.87080383300781
2012-09-10,123.69000244140625,124.33000183105469,84.0737533569336
2012-09-11,124.0199966430664,123.55000305175781,83.54627990722656
2012-09-12,122.22000122070312,122.01000213623047,82.50493621826172
2012-09-13,122.38999938964844,121.52999877929688,82.18032836914062
2012-09-14,119.76000213623047,118.30000305175781,79.99616241455078
2012-09-17,118.87000274658203,119.72000122070312,80.9563980102539
2012-09-18,120.70999908447266,120.31999969482422,81.36213684082031
2012-09-19,121.33999633789062,121.11000061035156,81.89630889892578
2012-09-20,122.13999938964844,121.41000366210938,82.09921264648438
2012-09-21,120.75,121.55000305175781,82.19389343261719
2012-09-24,122.25,122.5,82.83631134033203
2012-09-25,122.80000305175781,123.70999908447266,83.65449523925781
2012-09-26,124.55999755859375,125.04000091552734,84.55384063720703
2012-09-27,124.55000305175781,124.1500015258789,83.95201110839844
2012-09-28,124.75,124.22000122070312,83.99932861328125
2012-10-01,123.97000122070312,124.41999816894531,84.31103515625
2012-10-02,123.91000366210938,124.25,84.19586944580078
2012-10-03,123.86000061035156,124.29000091552734,84.22293090820312
2012-10-04,123.45999908447266,122.73999786376953,83.17267608642578
2012-10-05,121.56999969482422,121.1500015258789,82.09521484375
2012-10-08,121.9800033569336,122.16999816894531,82.7863998413086
2012-10-09,121.47000122070312,121.94999694824219,82.63728332519531
2012-10-10,121.45999908447266,122.80999755859375,83.22006225585938
2012-10-11,121.95999908447266,123.66000366210938,83.79606628417969
2012-10-12,124.06999969482422,123.97000122070312,84.00614166259766
2012-10-15,123.77999877929688,123.69000244140625,83.8164291381836
2012-10-16,122.9000015258789,121.9800033569336,82.65763854980469
2012-10-17,121.16999816894531,120.8499984741211,81.89192199707031
2012-10-18,121.12000274658203,120.11000061035156,81.39043426513672
2012-10-19,120.33999633789062,121.73999786376953,82.49507904052734
2012-10-22,121.43000030517578,120.95999908447266,81.9664077758789
2012-10-23,122.0999984741211,122.69000244140625,83.13874816894531
2012-10-24,121.86000061035156,121.4800033569336,82.31884002685547
2012-10-25,120.55999755859375,120.86000061035156,81.89873504638672
2012-10-26,121.44000244140625,122.63999938964844,83.10488891601562
2012-10-31,122.68000030517578,123.36000061035156,83.59280395507812
2012-11-01,122.7699966430664,122.3499984741211,82.90833282470703
2012-11-02,121.27999877929688,122.26000213623047,82.84740447998047
2012-11-05,122.81999969482422,122.94999694824219,83.31495666503906
2012-11-06,122.55000305175781,121.79000091552734,82.52884674072266
2012-11-07,123.94999694824219,124.0,84.02645874023438
2012-11-08,123.79000091552734,125.83999633789062,85.27326965332031
2012-11-09,125.62999725341797,125.9800033569336,85.36819458007812
2012-11-12,125.83999633789062,126.19000244140625,85.51048278808594
2012-11-13,126.80000305175781,126.61000061035156,85.79507446289062
2012-11-14,125.72000122070312,126.7300033569336,85.87638854980469
2012-11-15,126.0999984741211,126.4800033569336,85.70698547363281
2012-11-16,126.36000061035156,126.37000274658203,85.6324462890625
2012-11-19,125.45999908447266,125.66000366210938,85.15132141113281
2012-11-20,125.4800033569336,124.4000015258789,84.2974853515625
2012-11-21,124.19000244140625,124.33000183105469,84.25007629394531
2012-11-23,124.30000305175781,124.20999908447266,84.16874694824219
2012-11-26,125.16000366210938,124.80000305175781,84.5685806274414
2012-11-27,124.94000244140625,125.29000091552734,84.90060424804688
2012-11-28,125.97000122070312,125.11000061035156,84.77861022949219
2012-11-29,124.86000061035156,125.12999725341797,84.79217529296875
2012-11-30,125.4800033569336,124.79000091552734,84.56177520751953
2012-12-03,123.72000122070312,124.66000366210938,84.63987731933594
2012-12-04,125.0199966430664,125.37999725341797,85.12872314453125
2012-12-05,125.4000015258789,125.31999969482422,85.0880126953125
2012-12-06,125.86000061035156,125.58999633789062,85.27128601074219
2012-12-07,124.5,124.43000030517578,84.48371887207031
2012-12-10,124.95999908447266,124.9800033569336,84.85714721679688
2012-12-11,124.26000213623047,124.02999877929688,84.21206665039062
2012-12-12,123.83000183105469,122.58999633789062,83.23444366455078
2012-12-13,122.29000091552734,122.68000030517578,83.29552459716797
2012-12-14,123.19000244140625,123.5999984741211,83.920166015625
2012-12-17,123.5,121.75,82.6640853881836
2012-12-18,121.4000015258789,120.51000213623047,81.82220458984375
2012-12-19,120.97000122070312,120.91000366210938,82.09378814697266
2012-12-20,121.29000091552734,120.93000030517578,82.10736846923828
2012-12-21,122.30999755859375,122.25,83.00357818603516
2012-12-24,122.0,122.02999877929688,82.85419464111328
2012-12-26,121.94999694824219,122.19999694824219,83.15220642089844
2012-12-27,121.87999725341797,122.61000061035156,83.43123626708984
2012-12-28,123.13999938964844,123.30999755859375,83.9075698852539
2012-12-31,122.87000274658203,121.18000030517578,82.45814514160156
2013-01-02,119.76000213623047,119.55999755859375,81.35578918457031
2013-01-03,119.37999725341797,117.94000244140625,80.25344848632812
2013-01-04,117.66000366210938,118.4000015258789,80.56646728515625
2013-01-07,118.37000274658203,118.44999694824219,80.60052490234375
2013-01-08,119.04000091552734,119.2300033569336,81.13128662109375
2013-01-09,119.25,119.12000274658203,81.05636596679688
2013-01-10,118.62999725341797,118.79000091552734,80.83187866210938
2013-01-11,118.5199966430664,119.8499984741211,81.55316925048828
2013-01-14,120.04000091552734,119.5199966430664,81.32861328125
2013-01-15,120.61000061035156,120.06999969482422,81.70283508300781
2013-01-16,120.62999725341797,120.31999969482422,81.87293243408203
2013-01-17,119.33000183105469,119.12000274658203,81.05636596679688
2013-01-18,119.56999969482422,120.04000091552734,81.68242645263672
2013-01-22,119.55000305175781,120.2699966430664,81.83892059326172
2013-01-23,120.33999633789062,120.08999633789062,81.71646881103516
2013-01-24,119.87000274658203,119.66999816894531,81.43063354492188
2013-01-25,118.41999816894531,118.02999877929688,80.3146743774414
2013-01-28,117.0199966430664,117.5999984741211,80.02214050292969
2013-01-29,117.62000274658203,116.94999694824219,79.5798110961914
2013-01-30,116.66999816894531,116.75,79.4437026977539
2013-01-31,117.02999877929688,117.31999969482422,79.83154296875
2013-02-01,117.7300033569336,115.54000091552734,78.79505157470703
2013-02-04,116.58999633789062,117.0199966430664,79.80428314208984
2013-02-05,116.2699966430664,115.9800033569336,79.09504699707031
2013-02-06,116.5199966430664,116.93000030517578,79.74288940429688
2013-02-07,116.7699966430664,116.66999816894531,79.56562805175781
2013-02-08,116.80000305175781,117.12000274658203,79.8725357055664
2013-02-11,117.05000305175781,117.02999877929688,79.8111572265625
2013-02-12,116.69000244140625,116.73999786376953,79.61332702636719
2013-02-13,115.80000305175781,115.79000091552734,78.96548461914062
2013-02-14,116.29000091552734,116.83999633789062,79.68156433105469
2013-02-15,116.66000366210938,116.5,79.44969940185547
2013-02-19,116.86000061035156,115.91999816894531,79.05413818359375
2013-02-20,115.69000244140625,116.2699966430664,79.29287719726562
2013-02-21,116.9000015258789,116.94999694824219,79.7565689086914
2013-02-22,116.9800033569336,117.02999877929688,79.8111572265625
2013-02-25,116.3499984741211,119.33000183105469,81.3796615600586
2013-02-26,118.7300033569336,118.63999938964844,80.90914154052734
2013-02-27,119.48999786376953,118.29000091552734,80.67041778564453
2013-02-28,118.43000030517578,118.51000213623047,80.82049560546875
2013-03-01,118.83999633789062,118.9000015258789,81.26061248779297
2013-03-04,118.79000091552734,118.2699966430664,80.83002471923828
2013-03-05,118.06999969482422,117.93000030517578,80.59765625
2013-03-06,117.11000061035156,116.86000061035156,79.86639404296875
2013-03-07,116.41000366210938,115.95999908447266,79.25127410888672
2013-03-08,114.87000274658203,114.75,78.42427062988281
2013-03-11,115.12000274658203,114.86000061035156,78.49944305419922
2013-03-12,115.25,115.69000244140625,79.06672668457031
2013-03-13,115.23999786376953,115.56999969482422,78.98473358154297
2013-03-14,115.08999633789062,115.22000122070312,78.74552917480469
2013-03-15,115.33000183105469,115.76000213623047,79.11458587646484
2013-03-18,116.83000183105469,116.63999938964844,79.71598052978516
2013-03-19,116.77999877929688,117.43000030517578,80.25592803955078
2013-03-20,116.70999908447266,116.12000274658203,79.36063385009766
2013-03-21,116.86000061035156,117.23999786376953,80.1260757446289
2013-03-22,117.30000305175781,117.33000183105469,80.18757629394531
2013-03-25,116.7699966430664,117.22000122070312,80.11238861083984
2013-03-26,116.87000274658203,117.36000061035156,80.20809173583984
2013-03-27,118.30000305175781,118.36000061035156,80.89153289794922
2013-03-28,118.12000274658203,117.76000213623047,80.48146057128906
2013-04-01,117.5199966430664,118.38999938964844,81.08763122558594
2013-04-02,118.06999969482422,117.91000366210938,80.75887298583984
2013-04-03,118.30999755859375,118.97000122070312,81.48487091064453
2013-04-04,119.58999633789062,120.38999938964844,82.45750427246094
2013-04-05,122.87999725341797,122.81999969482422,84.12177276611328
2013-04-08,122.66999816894531,121.87999725341797,83.4780044555664
2013-04-09,122.02999877929688,121.58000183105469,83.27249145507812
2013-04-10,120.58999633789062,119.91000366210938,82.1286849975586
2013-04-11,120.16999816894531,120.13999938964844,82.28620910644531
2013-04-12,121.33000183105469,121.93000030517578,83.51225280761719
2013-04-15,122.12999725341797,122.98999786376953,84.23823547363281
2013-04-16,121.91999816894531,121.9800033569336,83.54647064208984
2013-04-17,122.30000305175781,122.79000091552734,84.1012954711914
2013-04-18,122.80999755859375,123.08999633789062,84.30672454833984
2013-04-19,122.94000244140625,122.83000183105469,84.1286392211914
2013-04-22,122.83999633789062,122.91999816894531,84.19026947021484
2013-04-23,123.26000213623047,122.48999786376953,83.89579010009766
2013-04-24,122.47000122070312,122.80000305175781,84.10811614990234
2013-04-25,122.25,122.2699966430664,83.74512481689453
2013-04-26,123.19999694824219,123.38999938964844,84.51221466064453
2013-04-29,123.58000183105469,122.94000244140625,84.20397186279297
2013-04-30,123.26000213623047,123.01000213623047,84.25196075439453
2013-05-01,123.45999908447266,124.01000213623047,85.11746978759766
2013-05-02,123.58999633789062,123.8499984741211,85.00763702392578
2013-05-03,122.16000366210938,120.93000030517578,83.00340270996094
2013-05-06,121.1500015258789,120.62999725341797,82.79754638671875
2013-05-07,120.19000244140625,120.16000366210938,82.47491455078125
2013-05-08,120.2699966430664,120.3499984741211,82.60531616210938
2013-05-09,120.51000213623047,120.04000091552734,82.39252471923828
2013-05-10,119.76000213623047,118.75,81.50715637207031
2013-05-13,117.87999725341797,117.83999633789062,80.88249969482422
2013-05-14,118.3499984741211,116.55999755859375,80.00398254394531
2013-05-15,117.52999877929688,117.33999633789062,80.53934478759766
2013-05-16,117.97000122070312,118.55999755859375,81.3767318725586
2013-05-17,117.94999694824219,117.05999755859375,80.34712219238281
2013-05-20,117.62999725341797,116.91999816894531,80.2510757446289
2013-05-21,116.93000030517578,117.83999633789062,80.88249969482422
2013-05-22,118.0199966430664,116.08999633789062,79.68132781982422
2013-05-23,117.1500015258789,116.63999938964844,80.05886840820312
2013-05-24,116.9800033569336,116.80000305175781,80.168701171875
2013-05-28,116.08999633789062,113.83999633789062,78.1369857788086
2013-05-29,114.62000274658203,115.12000274658203,79.01558685302734
2013-05-30,115.25,114.83999633789062,78.82340240478516
2013-05-31,114.97000122070312,114.44999694824219,78.55571746826172
2013-06-03,113.77999877929688,114.77999877929688,78.97196960449219
2013-06-04,113.95999908447266,113.72000122070312,78.24266052246094
2013-06-05,114.29000091552734,115.29000091552734,79.3228530883789
2013-06-06,114.87999725341797,115.22000122070312,79.27473449707031
2013-06-07,114.22000122070312,113.16000366210938,77.85736083984375
2013-06-10,112.69999694824219,112.62000274658203,77.48583221435547
2013-06-11,112.2699966430664,113.95999908447266,78.40776062011719
2013-06-12,113.0,112.33000183105469,77.28626251220703
2013-06-13,113.06999969482422,114.08999633789062,78.49723815917969
2013-06-14,114.0999984741211,113.81999969482422,78.31144714355469
2013-06-17,114.0199966430664,113.22000122070312,77.89862060546875
2013-06-18,112.8499984741211,113.27999877929688,77.93993377685547
2013-06-19,113.73999786376953,112.11000061035156,77.13492584228516
2013-06-20,110.75,110.2699966430664,75.86898803710938
2013-06-21,110.1500015258789,108.4000015258789,74.5823974609375
2013-06-24,107.83000183105469,108.8499984741211,74.89196014404297
2013-06-25,108.9000015258789,107.87999725341797,74.22455596923828
2013-06-26,109.0,108.58000183105469,74.7061767578125
2013-06-27,109.54000091552734,109.69000244140625,75.4699478149414
2013-06-28,109.01000213623047,110.44000244140625,75.98590087890625
2013-07-01,109.7300033569336,110.41000366210938,76.13899993896484
2013-07-02,110.5,110.33999633789062,76.09075164794922
2013-07-03,110.30999755859375,110.01000213623047,75.86316680908203
2013-07-05,107.27999877929688,106.26000213623047,73.27714538574219
2013-07-08,107.06999969482422,107.29000091552734,73.98743438720703
2013-07-09,107.48999786376953,107.4000015258789,74.06334686279297
2013-07-10,107.38999938964844,106.55999755859375,73.48403930664062
2013-07-11,107.44999694824219,107.80999755859375,74.34603118896484
2013-07-12,108.33999633789062,107.72000122070312,74.28397369384766
2013-07-15,107.80000305175781,108.29000091552734,74.67704010009766
2013-07-16,108.43000030517578,108.66000366210938,74.93222045898438
2013-07-17,109.19000244140625,108.86000061035156,75.07012176513672
2013-07-18,108.61000061035156,107.5,74.13228607177734
2013-07-19,108.30999755859375,109.19999694824219,75.3045883178711
2013-07-22,109.36000061035156,109.36000061035156,75.4149169921875
2013-07-23,108.66999816894531,108.9000015258789,75.09773254394531
2013-07-24,107.6500015258789,107.5199966430664,74.14608764648438
2013-07-25,106.97000122070312,107.4800033569336,74.11848449707031
2013-07-26,108.04000091552734,108.13999938964844,74.57362365722656
2013-07-29,107.6500015258789,107.3499984741211,74.02879333496094
2013-07-30,107.70999908447266,107.30999755859375,74.0012435913086
2013-07-31,106.05999755859375,107.69999694824219,74.27019500732422
2013-08-01,106.48999786376953,105.36000061035156,72.83914947509766
2013-08-02,106.01000213623047,106.5199966430664,73.64112091064453
2013-08-05,106.19000244140625,105.69999694824219,73.07418823242188
2013-08-06,105.52999877929688,106.01000213623047,73.28849792480469
2013-08-07,106.16999816894531,106.80000305175781,73.83464813232422
2013-08-08,106.9800033569336,107.08999633789062,74.03509521484375
2013-08-09,106.5999984741211,107.26000213623047,74.15266418457031
2013-08-12,107.61000061035156,106.52999877929688,73.64800262451172
2013-08-13,105.33000183105469,104.98999786376953,72.58332061767578
2013-08-14,104.94000244140625,105.1500015258789,72.6939468383789
2013-08-15,104.0999984741211,103.7300033569336,71.7122573852539
2013-08-16,103.95999908447266,103.37000274658203,71.46340942382812
2013-08-19,102.93000030517578,102.47000122070312,70.84120178222656
2013-08-20,102.88999938964844,103.26000213623047,71.3873291015625
2013-08-21,102.7699966430664,102.12999725341797,70.6061019897461
2013-08-22,102.45999908447266,103.16999816894531,71.32510375976562
2013-08-23,103.01000213623047,104.29000091552734,72.09941864013672
2013-08-26,104.55999755859375,104.80999755859375,72.45885467529297
2013-08-27,105.29000091552734,106.12999725341797,73.37145233154297
2013-08-28,105.41000366210938,105.2699966430664,72.77691650390625
2013-08-29,104.87999725341797,106.11000061035156,73.35763549804688
2013-08-30,106.0199966430664,105.98999786376953,73.27466583251953
2013-09-03,104.58999633789062,104.22000122070312,72.24116516113281
2013-09-04,104.44999694824219,103.98999786376953,72.08174133300781
2013-09-05,103.47000122070312,102.54000091552734,71.07664489746094
2013-09-06,103.25,103.05000305175781,71.43016815185547
2013-09-09,103.80000305175781,103.0999984741211,71.46480560302734
2013-09-10,102.7300033569336,102.37999725341797,70.96575927734375
2013-09-11,102.91999816894531,103.29000091552734,71.5965347290039
2013-09-12,103.8499984741211,103.1500015258789,71.49947357177734
2013-09-13,103.51000213623047,103.55000305175781,71.7767333984375
2013-09-16,104.33000183105469,102.86000061035156,71.29846954345703
2013-09-17,103.37000274658203,103.70999908447266,71.88762664794922
2013-09-18,103.62999725341797,104.98999786376953,72.77489471435547
2013-09-19,105.05000305175781,104.37000274658203,72.34514617919922
2013-09-20,104.69000244140625,104.91999816894531,72.72638702392578
2013-09-23,105.20999908447266,105.69000244140625,73.26010131835938
2013-09-24,105.98999786376953,106.83000183105469,74.05029296875
2013-09-25,106.54000091552734,107.05000305175781,74.20283508300781
2013-09-26,106.4800033569336,106.30000305175781,73.68292236328125
2013-09-27,106.29000091552734,106.55999755859375,73.86315155029297
2013-09-30,106.66000366210938,106.4000015258789,73.75221252441406
2013-10-01,105.9000015258789,105.80000305175781,73.52848815917969
2013-10-02,105.93000030517578,105.95999908447266,73.6396713256836
2013-10-03,105.75,105.79000091552734,73.52152252197266
2013-10-04,105.66999816894531,105.70999908447266,73.46592712402344
2013-10-07,106.19999694824219,106.13999938964844,73.76475524902344
2013-10-08,105.9800033569336,106.16999816894531,73.78562927246094
2013-10-09,105.87000274658203,105.31999969482422,73.19488525390625
2013-10-10,104.80000305175781,105.48999786376953,73.31302642822266
2013-10-11,106.16000366210938,105.45999908447266,73.29214477539062
2013-10-14,105.38999938964844,104.61000061035156,72.70140075683594
2013-10-15,105.1500015258789,104.54000091552734,72.65280151367188
2013-10-16,104.47000122070312,105.8499984741211,73.563232421875
2013-10-17,106.5199966430664,106.80999755859375,74.23043060302734
2013-10-18,107.11000061035156,107.04000091552734,74.3902587890625
2013-10-21,106.91000366210938,106.69999694824219,74.15396881103516
2013-10-22,107.5999984741211,107.88999938964844,74.98094940185547
2013-10-23,108.06999969482422,108.30999755859375,75.27286529541016
2013-10-24,108.61000061035156,107.88999938964844,74.98094940185547
2013-10-25,108.12999725341797,108.29000091552734,75.25896453857422
2013-10-28,108.01000213623047,107.91999816894531,75.0018310546875
2013-10-29,107.62000274658203,108.05999755859375,75.09909057617188
2013-10-30,107.93000030517578,107.41000366210938,74.64736938476562
2013-10-31,107.91000366210938,107.63999938964844,74.8072280883789
2013-11-01,106.97000122070312,106.19000244140625,73.99750518798828
2013-11-04,106.47000122070312,106.29000091552734,74.0672378540039
2013-11-05,105.79000091552734,105.0199966430664,73.1822509765625
2013-11-06,104.94000244140625,105.06999969482422,73.21702575683594
2013-11-07,105.05000305175781,105.95999908447266,73.83722686767578
2013-11-08,103.97000122070312,103.41000366210938,72.06028747558594
2013-11-11,103.52999877929688,103.0199966430664,71.7884521484375
2013-11-12,103.20999908447266,103.5,72.12298583984375
2013-11-13,103.87000274658203,103.87999725341797,72.38777923583984
2013-11-14,104.30999755859375,104.5199966430664,72.83377075195312
2013-11-15,104.66000366210938,104.7300033569336,72.98014831542969
2013-11-18,104.6500015258789,105.36000061035156,73.41912078857422
2013-11-19,104.94999694824219,104.55999755859375,72.86160278320312
2013-11-20,104.41999816894531,102.77999877929688,71.62126159667969
2013-11-21,102.51000213623047,102.94999694824219,71.73973083496094
2013-11-22,103.48999786376953,103.91000366210938,72.4087142944336
2013-11-25,103.83999633789062,104.20999908447266,72.61772918701172
2013-11-26,104.48999786376953,104.5999984741211,72.88951873779297
2013-11-27,104.68000030517578,104.41999816894531,72.76407623291016
2013-11-29,104.08000183105469,104.44999694824219,72.7850112915039
2013-12-02,103.80000305175781,103.33000183105469,72.2188720703125
2013-12-03,103.69999694824219,103.70999908447266,72.48443603515625
2013-12-04,102.75,102.72000122070312,71.79257202148438
2013-12-05,102.4800033569336,102.43000030517578,71.58985900878906
2013-12-06,102.55999755859375,102.91999816894531,71.93228912353516
2013-12-09,102.9000015258789,103.16000366210938,72.10005950927734
2013-12-10,103.83999633789062,103.9000015258789,72.61726379394531
2013-12-11,103.55000305175781,103.0999984741211,72.05812072753906
2013-12-12,103.02999877929688,102.70999908447266,71.78556060791016
2013-12-13,103.13999938964844,103.20999908447266,72.13506317138672
2013-12-16,103.58000183105469,102.83000183105469,71.86940002441406
2013-12-17,102.61000061035156,103.29000091552734,72.19091796875
2013-12-18,102.83000183105469,102.7699966430664,71.82752227783203
2013-12-19,102.86000061035156,102.66999816894531,71.75759887695312
2013-12-20,103.72000122070312,104.25,72.86189270019531
2013-12-23,104.05000305175781,103.66000366210938,72.44950103759766
2013-12-24,103.2300033569336,102.83000183105469,71.86940002441406
2013-12-26,102.3499984741211,102.0999984741211,71.59244537353516
2013-12-27,102.06999969482422,101.80999755859375,71.38910675048828
2013-12-30,102.1500015258789,102.51000213623047,71.87993621826172
2013-12-31,102.29000091552734,101.86000061035156,71.42418670654297
2014-01-02,101.72000122070312,102.16999816894531,71.64159393310547
2014-01-03,101.80999755859375,102.16999816894531,71.64159393310547
2014-01-06,102.37999725341797,102.5999984741211,71.94305419921875
2014-01-07,102.81999969482422,102.86000061035156,72.1253890991211
2014-01-08,102.44999694824219,102.58000183105469,71.92898559570312
2014-01-09,102.97000122070312,103.18000030517578,72.34970092773438
2014-01-10,103.7699966430664,104.41000366210938,73.21221160888672
2014-01-13,104.51000213623047,104.93000030517578,73.57688903808594
2014-01-14,104.6500015258789,104.44999694824219,73.24029541015625
2014-01-15,104.04000091552734,104.33999633789062,73.16316223144531
2014-01-16,104.8499984741211,105.04000091552734,73.65397644042969
2014-01-17,104.86000061035156,105.4800033569336,73.96244812011719
2014-01-21,105.44999694824219,105.55999755859375,74.01856994628906
2014-01-22,105.37000274658203,105.30000305175781,73.83631896972656
2014-01-23,105.87999725341797,106.79000091552734,74.88105773925781
2014-01-24,107.19000244140625,107.4800033569336,75.3648910522461
2014-01-27,107.22000122070312,106.7300033569336,74.83898162841797
2014-01-28,106.91000366210938,106.98999786376953,75.02130889892578
2014-01-29,107.37000274658203,107.87000274658203,75.63835144042969
2014-01-30,107.47000122070312,107.55999755859375,75.42098999023438
2014-01-31,108.19999694824219,108.27999877929688,75.9258804321289
2014-02-03,107.79000091552734,109.31999969482422,76.85096740722656
2014-02-04,108.5199966430664,108.16000366210938,76.03553009033203
2014-02-05,107.69000244140625,107.16000366210938,75.33252716064453
2014-02-06,106.97000122070312,106.69999694824219,75.00912475585938
2014-02-07,106.45999908447266,106.79000091552734,75.07246398925781
2014-02-10,106.61000061035156,107.08999633789062,75.28329467773438
2014-02-11,106.61000061035156,106.47000122070312,74.84748840332031
2014-02-12,106.16999816894531,105.91999816894531,74.4608383178711
2014-02-13,106.58999633789062,106.5199966430664,74.88259887695312
2014-02-14,106.56999969482422,106.58000183105469,74.92479705810547
2014-02-18,106.66000366210938,106.81999969482422,75.09352111816406
2014-02-19,107.18000030517578,106.37000274658203,74.77716827392578
2014-02-20,106.31999969482422,106.11000061035156,74.59437561035156
2014-02-21,105.94999694824219,106.66999816894531,74.98807525634766
2014-02-24,106.69999694824219,106.4000015258789,74.79826354980469
2014-02-25,106.91000366210938,107.3499984741211,75.46610260009766
2014-02-26,107.30999755859375,107.91999816894531,75.86681365966797
2014-02-27,108.27999877929688,108.51000213623047,76.28155517578125
2014-02-28,108.27999877929688,108.56999969482422,76.32378387451172
2014-03-03,108.87999725341797,109.02999877929688,76.83322143554688
2014-03-04,108.3499984741211,107.38999938964844,75.67755889892578
2014-03-05,107.33999633789062,107.62000274658203,75.839599609375
2014-03-06,106.76000213623047,106.55999755859375,75.0926513671875
2014-03-07,105.63999938964844,105.88999938964844,74.6205062866211
2014-03-10,105.94000244140625,106.04000091552734,74.72618103027344
2014-03-11,105.9800033569336,106.31999969482422,74.92350769042969
2014-03-12,106.91999816894531,107.05999755859375,75.44497680664062
2014-03-13,106.69999694824219,108.5,76.45977020263672
2014-03-14,108.97000122070312,108.5199966430664,76.47380828857422
2014-03-17,108.18000030517578,107.70999908447266,75.90299987792969
2014-03-18,107.68000030517578,108.0999984741211,76.17790222167969
2014-03-19,107.91999816894531,107.26000213623047,75.58589935302734
2014-03-20,107.08999633789062,107.06999969482422,75.45204162597656
2014-03-21,107.41000366210938,108.2300033569336,76.26952362060547
2014-03-24,108.05000305175781,109.0,76.81212615966797
2014-03-25,108.41000366210938,108.58999633789062,76.523193359375
2014-03-26,108.55000305175781,109.44000244140625,77.12216186523438
2014-03-27,109.63999938964844,109.98999786376953,77.5097427368164
2014-03-28,109.86000061035156,109.37000274658203,77.07288360595703
2014-03-31,108.73999786376953,109.0999984741211,76.88253021240234
2014-04-01,108.26000213623047,107.88999938964844,76.22550964355469
2014-04-02,107.38999938964844,107.2699966430664,75.78752136230469
2014-04-03,107.5199966430664,107.73999786376953,76.11956024169922
2014-04-04,107.87000274658203,108.45999908447266,76.62821960449219
2014-04-07,108.62000274658203,109.11000061035156,77.08747100830078
2014-04-08,109.02999877929688,109.37000274658203,77.27118682861328
2014-04-09,108.87999725341797,108.83000183105469,76.8896713256836
2014-04-10,108.91999816894531,109.83999633789062,77.60320281982422
2014-04-11,110.54000091552734,110.7300033569336,78.23200225830078
2014-04-14,110.4800033569336,110.44000244140625,78.02713775634766
2014-04-15,110.61000061035156,111.12999725341797,78.51461791992188
2014-04-16,110.43000030517578,111.2699966430664,78.61351776123047
2014-04-17,111.37000274658203,110.05000305175781,77.75154876708984
2014-04-21,110.37000274658203,109.95999908447266,77.68797302246094
2014-04-22,109.66000366210938,110.33000183105469,77.94940948486328
2014-04-23,110.5999984741211,110.95999908447266,78.39453887939453
2014-04-24,110.44999694824219,111.16999816894531,78.54290771484375
2014-04-25,111.48999786376953,111.33000183105469,78.65592193603516
2014-04-28,111.11000061035156,110.79000091552734,78.2744140625
2014-04-29,110.16999816894531,110.63999938964844,78.16844940185547
2014-04-30,110.72000122070312,111.0999984741211,78.493408203125
2014-05-01,110.87999725341797,112.0199966430664,79.33547973632812
2014-05-02,111.54000091552734,112.70999908447266,79.8241958618164
2014-05-05,112.76000213623047,112.02999877929688,79.34255981445312
2014-05-06,112.11000061035156,112.4800033569336,79.66127014160156
2014-05-07,112.30999755859375,112.08000183105469,79.37799072265625
2014-05-08,112.33999633789062,111.5999984741211,79.03804016113281
2014-05-09,111.52999877929688,111.23999786376953,78.78306579589844
2014-05-12,111.01000213623047,110.79000091552734,78.46440887451172
2014-05-13,111.44000244140625,111.75,79.14427185058594
2014-05-14,112.62999725341797,112.95999908447266,80.00121307373047
2014-05-15,113.77999877929688,113.86000061035156,80.63861083984375
2014-05-16,113.61000061035156,113.54000091552734,80.41200256347656
2014-05-19,113.93000030517578,112.69999694824219,79.81707000732422
2014-05-20,112.5999984741211,112.94999694824219,79.99417114257812
2014-05-21,112.22000122070312,112.26000213623047,79.5054931640625
2014-05-22,112.26000213623047,112.0999984741211,79.39215087890625
2014-05-23,112.5199966430664,112.69999694824219,79.81707000732422
2014-05-27,112.8499984741211,113.36000061035156,80.28448486328125
2014-05-28,114.0999984741211,114.76000213623047,81.27607727050781
2014-05-29,114.87000274658203,114.1500015258789,80.84402465820312
2014-05-30,113.95999908447266,114.0999984741211,80.80860137939453
2014-06-02,113.04000091552734,112.95999908447266,80.2078857421875
2014-06-03,112.41000366210938,111.56999969482422,79.22100067138672
2014-06-04,111.76000213623047,111.54000091552734,79.19963836669922
2014-06-05,111.12999725341797,111.58999633789062,79.23512268066406
2014-06-06,112.12999725341797,111.58999633789062,79.23512268066406
2014-06-09,111.44999694824219,111.43000030517578,79.12152862548828
2014-06-10,111.04000091552734,111.0199966430664,78.83036041259766
2014-06-11,111.26000213623047,111.22000122070312,78.97247314453125
2014-06-12,111.30000305175781,112.20999908447266,79.67535400390625
2014-06-13,111.56999969482422,112.1500015258789,79.63277435302734
2014-06-16,112.20999908447266,112.43000030517578,79.83163452148438
2014-06-17,112.06999969482422,111.54000091552734,79.19963836669922
2014-06-18,111.80000305175781,112.4000015258789,79.8102798461914
2014-06-19,112.51000213623047,110.95999908447266,78.7878189086914
2014-06-20,110.97000122070312,111.80000305175781,79.38420104980469
2014-06-23,112.08000183105469,111.44999694824219,79.13578033447266
2014-06-24,112.1500015258789,112.58000183105469,79.93809509277344
2014-06-25,113.0999984741211,112.87000274658203,80.14402770996094
2014-06-26,113.20999908447266,113.41000366210938,80.52745819091797
2014-06-27,113.68000030517578,113.23999786376953,80.40673065185547
2014-06-30,113.55999755859375,113.5199966430664,80.60552978515625
2014-07-01,112.5,112.27999877929688,79.93065643310547
2014-07-02,111.62999725341797,111.08000183105469,79.07640838623047
2014-07-03,110.37999725341797,110.68000030517578,78.79164123535156
2014-07-07,111.2699966430664,111.48999786376953,79.36831665039062
2014-07-08,112.23999786376953,112.73999786376953,80.2581787109375
2014-07-09,112.66000366210938,112.83000183105469,80.32219696044922
2014-07-10,113.54000091552734,112.86000061035156,80.34355163574219
2014-07-11,113.3499984741211,113.58000183105469,80.85614013671875
2014-07-14,113.27999877929688,113.08999633789062,80.50728607177734
2014-07-15,112.83000183105469,112.86000061035156,80.34355163574219
2014-07-16,113.0,113.45999908447266,80.77067565917969
2014-07-17,114.2300033569336,114.88999938964844,81.78871154785156
2014-07-18,114.87999725341797,114.5199966430664,81.5252685546875
2014-07-21,115.01000213623047,115.08999633789062,81.93108367919922
2014-07-22,115.08999633789062,115.33000183105469,82.10193634033203
2014-07-23,115.51000213623047,115.18000030517578,81.99512481689453
2014-07-24,114.5199966430664,114.31999969482422,81.38290405273438
2014-07-25,115.33999633789062,115.66999816894531,82.34396362304688
2014-07-28,115.58999633789062,115.51000213623047,82.23009490966797
2014-07-29,115.87000274658203,115.93000030517578,82.5290756225586
2014-07-30,115.1500015258789,114.31999969482422,81.38290405273438
2014-07-31,113.52999877929688,113.9800033569336,81.14090728759766
2014-08-01,113.58000183105469,114.55999755859375,81.76898193359375
2014-08-04,114.52999877929688,114.26000213623047,81.55485534667969
2014-08-05,114.06999969482422,114.62999725341797,81.81890869140625
2014-08-06,115.47000122070312,114.69999694824219,81.86891174316406
2014-08-07,114.83999633789062,115.7699966430664,82.63261413574219
2014-08-08,115.93000030517578,115.5199966430664,82.45417022705078
2014-08-11,115.6500015258789,115.51000213623047,82.44708251953125
2014-08-12,115.41000366210938,114.76000213623047,81.91170501708984
2014-08-13,114.87000274658203,115.51000213623047,82.44708251953125
2014-08-14,115.93000030517578,116.44000244140625,83.1108627319336
2014-08-15,116.70999908447266,117.70999908447266,84.01738739013672
2014-08-18,117.20999908447266,116.54000091552734,83.18225860595703
2014-08-19,117.08000183105469,116.18000030517578,82.9252700805664
2014-08-20,116.04000091552734,115.98999786376953,82.78966522216797
2014-08-21,116.06999969482422,116.63999938964844,83.25360107421875
2014-08-22,116.73999786376953,117.29000091552734,83.71759796142578
2014-08-25,117.44999694824219,117.7300033569336,84.03163146972656
2014-08-26,117.94000244140625,117.3499984741211,83.76036071777344
2014-08-27,117.69999694824219,118.3499984741211,84.47413635253906
2014-08-28,119.12999725341797,118.97000122070312,84.91670227050781
2014-08-29,118.91999816894531,119.05000305175781,84.9737777709961
2014-09-02,117.27999877929688,116.7300033569336,83.50790405273438
2014-09-03,116.4000015258789,117.37999725341797,83.97294616699219
2014-09-04,116.62000274658203,115.94999694824219,82.94992065429688
2014-09-05,116.44000244140625,115.7300033569336,82.79251861572266
2014-09-08,116.41000366210938,115.77999877929688,82.82830810546875
2014-09-09,115.48999786376953,115.69000244140625,82.763916015625
2014-09-10,114.97000122070312,114.95999908447266,82.24173736572266
2014-09-11,115.26000213623047,114.58000183105469,81.96985626220703
2014-09-12,113.69000244140625,113.37999725341797,81.11136627197266
2014-09-15,113.8499984741211,113.55000305175781,81.23300170898438
2014-09-16,113.61000061035156,113.08999633789062,80.90393829345703
2014-09-17,113.52999877929688,112.80000305175781,80.6964111328125
2014-09-18,113.18000030517578,113.16000366210938,80.9539794921875
2014-09-19,113.58000183105469,114.5999984741211,81.98416137695312
2014-09-22,114.66000366210938,114.73999786376953,82.08428192138672
2014-09-23,114.91000366210938,115.44999694824219,82.5922622680664
2014-09-24,115.29000091552734,114.80999755859375,82.13441467285156
2014-09-25,115.30999755859375,116.16999816894531,83.10733795166016
2014-09-26,116.0199966430664,116.0,82.98570251464844
2014-09-29,117.0,116.93000030517578,83.65105438232422
2014-09-30,116.66000366210938,116.2699966430664,83.1788558959961
2014-10-01,116.88999938964844,118.2300033569336,84.79181671142578
2014-10-02,117.83000183105469,117.19999694824219,84.05310821533203
2014-10-03,117.0,117.69999694824219,84.41166687011719
2014-10-06,117.62000274658203,117.7699966430664,84.4618911743164
2014-10-07,118.30999755859375,119.36000061035156,85.60221099853516
2014-10-08,119.44999694824219,119.38999938964844,85.623779296875
2014-10-09,119.2699966430664,118.87000274658203,85.25080108642578
2014-10-10,119.5199966430664,120.05000305175781,86.09709167480469
2014-10-13,120.16000366210938,120.77999877929688,86.62059783935547
2014-10-14,121.30999755859375,121.56999969482422,87.18718719482422
2014-10-15,124.58000183105469,122.52999877929688,87.8756332397461
2014-10-16,124.12000274658203,121.75,87.31623840332031
2014-10-17,121.19000244140625,121.06999969482422,86.82854461669922
2014-10-20,121.77999877929688,121.51000213623047,87.1441650390625
2014-10-21,120.83999633789062,120.54000091552734,86.44852447509766
2014-10-22,120.47000122070312,120.66999816894531,86.5417251586914
2014-10-23,120.04000091552734,119.5999984741211,85.77433013916016
2014-10-24,119.93000030517578,119.72000122070312,85.86043548583984
2014-10-27,119.88999938964844,119.94000244140625,86.0181884765625
2014-10-28,119.4800033569336,119.19000244140625,85.48031616210938
2014-10-29,118.95999908447266,119.45999908447266,85.67391204833984
2014-10-30,120.31999969482422,119.55999755859375,85.74562072753906
2014-10-31,119.33999633789062,119.25,85.52336120605469
2014-11-03,118.9000015258789,118.95999908447266,85.52334594726562
2014-11-04,119.41999816894531,119.33000183105469,85.78931427001953
2014-11-05,118.91000366210938,119.16000366210938,85.6671142578125
2014-11-06,118.5999984741211,118.38999938964844,85.113525390625
2014-11-07,118.72000122070312,119.75,86.09130859375
2014-11-10,119.58000183105469,118.6500015258789,85.30046081542969
2014-11-11,118.4800033569336,118.7300033569336,85.35794830322266
2014-11-12,119.19999694824219,118.62999725341797,85.28607177734375
2014-11-13,118.69999694824219,118.91000366210938,85.48738098144531
2014-11-14,118.83999633789062,119.48999786376953,85.90434265136719
2014-11-17,119.77999877929688,119.19000244140625,85.68870544433594
2014-11-18,119.31999969482422,119.5199966430664,85.92596435546875
2014-11-19,118.87999725341797,118.76000213623047,85.37954711914062
2014-11-20,119.9000015258789,119.37999725341797,85.82533264160156
2014-11-21,119.56999969482422,120.0999984741211,86.3428726196289
2014-11-24,119.66999816894531,120.19999694824219,86.41483306884766
2014-11-25,120.37000274658203,121.19999694824219,87.13374328613281
2014-11-26,121.63999938964844,121.52999877929688,87.3709716796875
2014-11-28,122.12999725341797,122.48999786376953,88.06114196777344
2014-12-01,122.68000030517578,121.5,87.54733276367188
2014-12-02,120.83999633789062,120.31999969482422,86.69711303710938
2014-12-03,120.30000305175781,120.79000091552734,87.0357437133789
2014-12-04,120.75,121.80000305175781,87.7635269165039
2014-12-05,121.56999969482422,121.08999633789062,87.251953125
2014-12-08,121.41999816894531,122.56999969482422,88.31837463378906
2014-12-09,123.5999984741211,123.19999694824219,88.7723388671875
2014-12-10,123.18000030517578,124.0999984741211,89.42081451416016
2014-12-11,123.73999786376953,124.61000061035156,89.78829193115234
2014-12-12,125.44999694824219,126.30000305175781,91.00606536865234
2014-12-15,125.63999938964844,126.04000091552734,90.8187026977539
2014-12-16,127.36000061035156,127.5999984741211,91.9427261352539
2014-12-17,126.91000366210938,126.44999694824219,91.11409759521484
2014-12-18,124.93000030517578,124.19999694824219,89.49286651611328
2014-12-19,124.58000183105469,125.87000274658203,90.6961898803711
2014-12-22,125.44999694824219,126.04000091552734,90.8187026977539
2014-12-23,125.44999694824219,123.54000091552734,89.01727294921875
2014-12-24,123.05999755859375,123.94999694824219,89.50180053710938
2014-12-26,124.55000305175781,124.41000366210938,89.83397674560547
2014-12-29,124.91000366210938,125.33999633789062,90.50547790527344
2014-12-30,125.9800033569336,125.68000030517578,90.75104522705078
2014-12-31,125.69999694824219,125.91999816894531,90.92431640625
2015-01-02,126.29000091552734,127.31999969482422,91.93524932861328
2015-01-05,128.00999450683594,129.32000732421875,93.37936401367188
2015-01-06,130.6999969482422,131.64999389648438,95.06179809570312
2015-01-07,130.6999969482422,131.38999938964844,94.87409973144531
2015-01-08,130.36000061035156,129.64999389648438,93.61764526367188
2015-01-09,129.1999969482422,131.07000732421875,94.64300537109375
2015-01-12,131.0,131.82000732421875,95.18463134765625
2015-01-13,131.38999938964844,131.82000732421875,95.18463134765625
2015-01-14,133.72000122070312,132.82000732421875,95.90669250488281
2015-01-15,132.85000610351562,134.91000366210938,97.4157943725586
2015-01-16,134.3300018310547,133.19000244140625,96.17386627197266
2015-01-20,134.1300048828125,134.9600067138672,97.45196533203125
2015-01-21,135.1999969482422,133.39999389648438,96.32552337646484
2015-01-22,134.0,132.9199981689453,95.9789047241211
2015-01-23,134.3000030517578,134.77000427246094,97.31473541259766
2015-01-26,134.83999633789062,134.36000061035156,97.0186538696289
2015-01-27,135.72999572753906,134.57000732421875,97.17033386230469
2015-01-28,134.75,136.77000427246094,98.7588882446289
2015-01-29,136.1199951171875,135.8699951171875,98.1090087890625
2015-01-30,137.7100067138672,138.27999877929688,99.84920501708984
2015-02-02,136.6999969482422,137.47999572753906,99.47225952148438
2015-02-03,135.64999389648438,134.57000732421875,97.36676025390625
2015-02-04,133.49000549316406,134.8000030517578,97.53321075439453
2015-02-05,134.0,133.32000732421875,96.46228790283203
2015-02-06,132.0500030517578,130.9600067138672,94.75476837158203
2015-02-09,131.97000122070312,130.75,94.60289764404297
2015-02-10,130.13999938964844,129.7100067138672,93.85038757324219
2015-02-11,129.6999969482422,129.9499969482422,94.02398681640625
2015-02-12,129.66000366210938,129.52000427246094,93.71289825439453
2015-02-13,129.50999450683594,128.19000244140625,92.75057220458984
2015-02-17,127.80000305175781,126.26000213623047,91.35416412353516
2015-02-18,126.81999969482422,127.01000213623047,91.89681243896484
2015-02-19,126.77999877929688,126.16999816894531,91.28901672363281
2015-02-20,127.05000305175781,126.54000091552734,91.55671691894531
2015-02-23,127.19000244140625,127.98999786376953,92.60588836669922
2015-02-24,127.6500015258789,129.6699981689453,93.8214340209961
2015-02-25,129.4600067138672,130.22999572753906,94.2265853881836
2015-02-26,129.6999969482422,128.4499969482422,92.938720703125
2015-02-27,129.02000427246094,129.52999877929688,93.72012329101562
2015-03-02,129.0,126.87000274658203,91.97441864013672
2015-03-03,126.88999938964844,126.41000366210938,91.6409683227539
2015-03-04,126.94000244140625,126.44999694824219,91.66996765136719
2015-03-05,126.52999877929688,126.29000091552734,91.55392456054688
2015-03-06,124.66999816894531,123.5,89.53134155273438
2015-03-09,124.68000030517578,124.63999938964844,90.3578109741211
2015-03-10,125.97000122070312,126.27999877929688,91.5467300415039
2015-03-11,126.26000213623047,127.19999694824219,92.21366882324219
2015-03-12,128.1999969482422,127.11000061035156,92.14844512939453
2015-03-13,126.76000213623047,126.72000122070312,91.86572265625
2015-03-16,127.94000244140625,127.94000244140625,92.75016021728516
2015-03-17,128.5500030517578,129.0,93.51859283447266
2015-03-18,129.91000366210938,131.49000549316406,95.32373809814453
2015-03-19,131.1999969482422,130.82000732421875,94.83802032470703
2015-03-20,131.22000122070312,131.50999450683594,95.33815002441406
2015-03-23,131.6999969482422,131.35000610351562,95.2222671508789
2015-03-24,131.8300018310547,132.6199951171875,96.14290618896484
2015-03-25,132.72000122070312,131.5,95.33092498779297
2015-03-26,131.0500030517578,129.4499969482422,93.84481048583984
2015-03-27,130.02999877929688,131.05999755859375,95.01201629638672
2015-03-30,130.89999389648438,130.41000366210938,94.54075622558594
2015-03-31,130.24000549316406,130.69000244140625,94.74373626708984
2015-04-01,131.3300018310547,132.1300048828125,95.98821258544922
2015-04-02,131.92999267578125,130.72999572753906,94.97111511230469
2015-04-06,131.42999267578125,130.0,94.44081115722656
2015-04-07,130.22999572753906,131.08999633789062,95.23262023925781
2015-04-08,131.02000427246094,131.1300048828125,95.26171875
2015-04-09,130.8699951171875,129.42999267578125,94.02666473388672
2015-04-10,130.32000732421875,129.6199951171875,94.164794921875
2015-04-13,129.52999877929688,129.8000030517578,94.29551696777344
2015-04-14,131.30999755859375,130.72000122070312,94.96385192871094
2015-04-15,131.0500030517578,130.61000061035156,94.88399505615234
2015-04-16,130.8300018310547,129.9600067138672,94.4117660522461
2015-04-17,129.77000427246094,131.4499969482422,95.49417114257812
2015-04-20,130.94000244140625,130.2899932861328,94.65142822265625
2015-04-21,130.22999572753906,129.6999969482422,94.22281646728516
2015-04-22,129.5,127.72000122070312,92.78449249267578
2015-04-23,127.80000305175781,128.27000427246094,93.18400573730469
2015-04-24,128.63999938964844,129.07000732421875,93.76520538330078
2015-04-27,129.07000732421875,129.07000732421875,93.76520538330078
2015-04-28,128.1699981689453,127.29000091552734,92.47205352783203
2015-04-29,125.80999755859375,125.7300033569336,91.33879852294922
2015-04-30,125.04000091552734,125.94999694824219,91.49861907958984
2015-05-01,124.7300033569336,124.0,90.26693725585938
2015-05-04,124.30000305175781,122.83000183105469,89.41523742675781
2015-05-05,122.86000061035156,122.66000366210938,89.29144287109375
2015-05-06,121.98999786376953,120.55999755859375,87.7627182006836
2015-05-07,121.43000030517578,122.18000030517578,88.9420166015625
2015-05-08,123.37999725341797,122.51000213623047,89.18224334716797
2015-05-11,121.62000274658203,119.52999877929688,87.01296997070312
2015-05-12,119.13999938964844,119.83999633789062,87.23860931396484
2015-05-13,120.6500015258789,118.87999725341797,86.53977966308594
2015-05-14,118.91999816894531,119.19999694824219,86.7726821899414
2015-05-15,120.37999725341797,121.58999633789062,88.51252746582031
2015-05-18,120.31999969482422,119.55000305175781,87.02750396728516
2015-05-19,118.2699966430664,118.48999786376953,86.255859375
2015-05-20,118.7699966430664,118.69000244140625,86.4014663696289
2015-05-21,119.58000183105469,120.3499984741211,87.60984802246094
2015-05-22,120.6500015258789,120.4000015258789,87.64620971679688
2015-05-26,120.83999633789062,122.45999908447266,89.14584350585938
2015-05-27,122.18000030517578,122.73999786376953,89.34968566894531
2015-05-28,122.5,122.44000244140625,89.13130950927734
2015-05-29,123.2300033569336,122.70999908447266,89.32783508300781
2015-06-01,122.11000061035156,121.12999725341797,88.3677749633789
2015-06-02,120.16999816894531,119.44000244140625,87.1348876953125
2015-06-03,118.38999938964844,117.5199966430664,85.73419189453125
2015-06-04,118.26000213623047,119.05000305175781,86.85038757324219
2015-06-05,117.83999633789062,117.5999984741211,85.79255676269531
2015-06-08,117.95999908447266,117.47000122070312,85.69770812988281
2015-06-09,117.05999755859375,116.54000091552734,85.01923370361328
2015-06-10,115.91999816894531,115.5199966430664,84.275146484375
2015-06-11,116.55999755859375,117.94999694824219,86.04788208007812
2015-06-12,117.58999633789062,117.94999694824219,86.04788208007812
2015-06-15,118.88999938964844,118.13999938964844,86.18647766113281
2015-06-16,118.61000061035156,119.06999969482422,86.86492156982422
2015-06-17,118.5,118.1500015258789,86.19379425048828
2015-06-18,117.37000274658203,117.56999969482422,85.77064514160156
2015-06-19,118.51000213623047,119.08000183105469,86.87222290039062
2015-06-22,117.83999633789062,116.6500015258789,85.0995101928711
2015-06-23,115.7300033569336,115.94999694824219,84.58883666992188
2015-06-24,116.51000213623047,116.94999694824219,85.31831359863281
2015-06-25,116.58999633789062,116.54000091552734,85.01923370361328
2015-06-26,115.66999816894531,115.2300033569336,84.06360626220703
2015-06-29,116.95999908447266,118.27999877929688,86.28865051269531
2015-06-30,117.4000015258789,117.45999908447266,85.6904296875
2015-07-01,115.81999969482422,115.62000274658203,84.53373718261719
2015-07-02,116.31999969482422,116.0,84.81156921386719
2015-07-06,118.05000305175781,118.1500015258789,86.38352966308594
2015-07-07,119.66000366210938,119.26000213623047,87.19510650634766
2015-07-08,120.0199966430664,120.29000091552734,87.94820404052734
2015-07-09,118.69999694824219,117.91999816894531,86.21537017822266
2015-07-10,116.04000091552734,116.05000305175781,84.84815216064453
2015-07-13,115.38999938964844,115.69000244140625,84.5849838256836
2015-07-14,116.0199966430664,116.06999969482422,84.86275482177734
2015-07-15,116.11000061035156,117.30000305175781,85.76209259033203
2015-07-16,116.88999938964844,118.11000061035156,86.35428619384766
2015-07-17,118.37000274658203,118.72000122070312,86.80029296875
2015-07-20,118.29000091552734,118.22000122070312,86.4347152709961
2015-07-21,117.68000030517578,118.86000061035156,86.90265655517578
2015-07-22,119.01000213623047,119.5999984741211,87.44369506835938
2015-07-23,119.5999984741211,121.08999633789062,88.53309631347656
2015-07-24,121.5,121.38999938964844,88.75240325927734
2015-07-27,122.19000244140625,122.04000091552734,89.22764587402344
2015-07-28,121.16000366210938,121.1500015258789,88.57688903808594
2015-07-29,121.0199966430664,120.69999694824219,88.24793243408203
2015-07-30,121.20999908447266,121.62999725341797,88.92790222167969
2015-07-31,122.44000244140625,122.52999877929688,89.58592224121094
2015-08-03,122.31999969482422,123.55000305175781,90.5289077758789
2015-08-04,123.16000366210938,122.56999969482422,89.81082916259766
2015-08-05,121.7699966430664,121.6500015258789,89.13673400878906
2015-08-06,122.0,122.7300033569336,89.92810821533203
2015-08-07,123.30000305175781,124.33999633789062,91.10778045654297
2015-08-10,123.41000366210938,122.80000305175781,89.9793701171875
2015-08-11,124.30000305175781,124.75,91.40818786621094
2015-08-12,124.93000030517578,124.06999969482422,90.90992736816406
2015-08-13,123.83000183105469,123.66999816894531,90.61685943603516
2015-08-14,123.47000122070312,123.95999908447266,90.829345703125
2015-08-17,124.70999908447266,124.5199966430664,91.2396469116211
2015-08-18,123.80000305175781,123.54000091552734,90.52162170410156
2015-08-19,123.05999755859375,124.76000213623047,91.41557312011719
2015-08-20,125.37000274658203,126.0199966430664,92.33875274658203
2015-08-21,126.16000366210938,126.4000015258789,92.61721801757812
2015-08-24,128.30999755859375,126.36000061035156,92.58789825439453
2015-08-25,124.55000305175781,124.33000183105469,91.10047912597656
2015-08-26,123.0,121.93000030517578,89.34190368652344
2015-08-27,121.81999969482422,122.0,89.39319610595703
2015-08-28,123.1500015258789,122.36000061035156,89.65695190429688
2015-08-31,123.36000061035156,121.41999816894531,88.96820068359375
2015-09-01,121.63999938964844,122.02999877929688,89.60928344726562
2015-09-02,121.41999816894531,120.9800033569336,88.83820343017578
2015-09-03,121.37999725341797,121.56999969482422,89.27149963378906
2015-09-04,122.44999694824219,122.68000030517578,90.08657836914062
2015-09-08,121.37999725341797,120.87000274658203,88.75743103027344
2015-09-09,119.62999725341797,121.44999694824219,89.18339538574219
2015-09-10,121.0199966430664,120.62999725341797,88.58120727539062
2015-09-11,121.47000122070312,121.38999938964844,89.13931274414062
2015-09-14,121.94999694824219,121.58000183105469,89.27882385253906
2015-09-15,120.88999938964844,119.25,87.56787109375
2015-09-16,118.95999908447266,118.80000305175781,87.23741912841797
2015-09-17,118.87999725341797,120.25,88.30220031738281
2015-09-18,121.20999908447266,122.0999984741211,89.66067504882812
2015-09-21,121.01000213623047,120.11000061035156,88.19935607910156
2015-09-22,121.44000244140625,121.77999877929688,89.4256820678711
2015-09-23,121.62000274658203,121.7699966430664,89.41837310791016
2015-09-24,123.16999816894531,122.5999984741211,90.0278549194336
2015-09-25,121.6500015258789,121.54000091552734,89.24946594238281
2015-09-28,122.19999694824219,123.62000274658203,90.77686309814453
2015-09-29,123.54000091552734,123.97000122070312,91.03388214111328
2015-09-30,123.41000366210938,123.54000091552734,90.71810150146484
2015-10-01,124.08000183105469,123.80999755859375,91.10518646240234
2015-10-02,125.58999633789062,124.55999755859375,91.65699005126953
2015-10-05,123.72000122070312,122.87000274658203,90.41349029541016
2015-10-06,122.55000305175781,123.4000015258789,90.8034439086914
2015-10-07,122.80999755859375,122.98999786376953,90.50171661376953
2015-10-08,123.29000091552734,121.95999908447266,89.74382781982422
2015-10-09,121.97000122070312,122.27999877929688,89.97930145263672
2015-10-12,123.02999877929688,123.20999908447266,90.66363525390625
2015-10-13,123.52999877929688,123.41999816894531,90.81818389892578
2015-10-14,123.69999694824219,124.5,91.6129150390625
2015-10-15,124.30999755859375,123.88999938964844,91.16400909423828
2015-10-16,124.25,123.93000030517578,91.19347381591797
2015-10-19,123.79000091552734,123.58999633789062,90.94326782226562
2015-10-20,122.80000305175781,122.83000183105469,90.38406372070312
2015-10-21,123.61000061035156,124.05000305175781,91.28174591064453
2015-10-22,124.0999984741211,124.26000213623047,91.4363021850586
2015-10-23,123.0999984741211,123.19999694824219,90.65629577636719
2015-10-26,123.87000274658203,124.0199966430664,91.25968170166016
2015-10-27,124.51000213623047,124.33000183105469,91.48782348632812
2015-10-28,124.2699966430664,123.83000183105469,91.11990356445312
2015-10-29,123.18000030517578,121.86000061035156,89.6702651977539
2015-10-30,122.23999786376953,122.77999877929688,90.34724426269531
2015-11-02,121.77999877929688,121.94999694824219,89.93205261230469
2015-11-03,121.6500015258789,120.94999694824219,89.1946029663086
2015-11-04,121.0999984741211,121.08999633789062,89.29788208007812
2015-11-05,121.05000305175781,120.7699966430664,89.06187438964844
2015-11-06,119.48999786376953,119.0,87.75653076171875
2015-11-09,118.0999984741211,118.33000183105469,87.26248931884766
2015-11-10,118.5,118.68000030517578,87.52063751220703
2015-11-11,118.3499984741211,118.43000030517578,87.33619689941406
2015-11-12,118.75,119.0,87.75653076171875
2015-11-13,119.31999969482422,119.68000030517578,88.25807189941406
2015-11-16,119.79000091552734,119.56999969482422,88.17695617675781
2015-11-17,119.0,119.7699966430664,88.32440185546875
2015-11-18,119.58000183105469,120.0199966430664,88.50875091552734
2015-11-19,120.87999725341797,120.81999969482422,89.09871673583984
2015-11-20,120.93000030517578,120.44999694824219,88.82588195800781
2015-11-23,120.52999877929688,120.81999969482422,89.09871673583984
2015-11-24,120.9000015258789,120.80999755859375,89.09136199951172
2015-11-25,121.16999816894531,121.08999633789062,89.29788208007812
2015-11-27,121.25,120.97000122070312,89.20933532714844
2015-11-30,121.0999984741211,121.44999694824219,89.56330871582031
2015-12-01,121.26000213623047,122.83000183105469,90.77308654785156
2015-12-02,122.66000366210938,122.87000274658203,90.80267333984375
2015-12-03,121.36000061035156,119.52999877929688,88.33433532714844
2015-12-04,119.52999877929688,120.58000183105469,89.11029815673828
2015-12-07,120.80999755859375,121.75,89.97498321533203
2015-12-08,122.27999877929688,121.80999755859375,90.019287109375
2015-12-09,121.3499984741211,121.68000030517578,89.92323303222656
2015-12-10,121.79000091552734,121.83999633789062,90.04146575927734
2015-12-11,123.02999877929688,123.76000213623047,91.46036529541016
2015-12-14,123.08000183105469,122.16000366210938,90.2779541015625
2015-12-15,121.0199966430664,121.44000244140625,89.74588012695312
2015-12-16,121.06999969482422,121.18000030517578,89.5537109375
2015-12-17,121.77999877929688,122.55000305175781,90.56619262695312
2015-12-18,123.08000183105469,123.2300033569336,91.06867980957031
2015-12-21,123.43000030517578,123.19999694824219,91.04654693603516
2015-12-22,122.6500015258789,122.30999755859375,90.3888168334961
2015-12-23,121.2300033569336,121.38999938964844,89.70891571044922
2015-12-24,121.47000122070312,121.83000183105469,90.22289276123047
2015-12-28,121.98999786376953,122.19000244140625,90.48948669433594
2015-12-29,121.69000244140625,120.16000366210938,88.98609924316406
2015-12-30,119.91999816894531,120.04000091552734,88.89727020263672
2015-12-31,120.56999969482422,120.58000183105469,89.29714965820312
2016-01-04,121.93000030517578,121.44999694824219,89.94140625
2016-01-05,120.87999725341797,120.95999908447266,89.57858276367188
2016-01-06,122.30000305175781,122.58999633789062,90.78569030761719
2016-01-07,122.68000030517578,122.80999755859375,90.9486312866211
2016-01-08,122.43000030517578,123.36000061035156,91.35591888427734
2016-01-11,122.04000091552734,122.01000213623047,90.35617065429688
2016-01-12,122.33999633789062,123.7699966430664,91.6595458984375
2016-01-13,123.52999877929688,124.98999786376953,92.56301879882812
2016-01-14,124.47000122070312,123.81999969482422,91.69657897949219
2016-01-15,125.4000015258789,125.75,93.12590789794922
2016-01-19,125.12999725341797,125.36000061035156,92.83702850341797
2016-01-20,126.9800033569336,126.68000030517578,93.8145751953125
2016-01-21,126.94000244140625,125.81999969482422,93.17772674560547
2016-01-22,124.91000366210938,125.33999633789062,92.82220458984375
2016-01-25,125.94999694824219,126.0199966430664,93.32581329345703
2016-01-26,125.98999786376953,126.08000183105469,93.37026977539062
2016-01-27,125.75,126.05000305175781,93.34803771972656
2016-01-28,125.54000091552734,126.2300033569336,93.48138427734375
2016-01-29,127.41000366210938,127.30000305175781,94.27373504638672
2016-02-01,126.79000091552734,126.66999816894531,93.9850845336914
2016-02-02,128.10000610351562,129.02000427246094,95.728759765625
2016-02-03,128.27999877929688,127.94999694824219,94.93482971191406
2016-02-04,128.22000122070312,128.57000732421875,95.39491271972656
2016-02-05,127.88999938964844,128.72000122070312,95.50618743896484
2016-02-08,129.72000122070312,131.49000549316406,97.56138610839844
2016-02-09,132.0399932861328,131.6300048828125,97.66529083251953
2016-02-10,131.6999969482422,132.7899932861328,98.52593994140625
2016-02-11,134.44000244140625,133.72000122070312,99.21601867675781
2016-02-12,132.63999938964844,131.5,97.56880950927734
2016-02-16,130.72000122070312,130.11000061035156,96.53749084472656
2016-02-17,129.63999938964844,129.30999755859375,95.9439468383789
2016-02-18,129.41000366210938,130.89999389648438,97.12361907958984
2016-02-19,130.94000244140625,131.00999450683594,97.20526123046875
2016-02-22,131.10000610351562,130.94000244140625,97.15333557128906
2016-02-23,129.8800048828125,131.47000122070312,97.54653930664062
2016-02-24,132.39999389648438,131.2100067138672,97.35370635986328
2016-02-25,131.47999572753906,131.67999267578125,97.7023696899414
2016-02-26,130.30999755859375,130.41000366210938,96.76008605957031
2016-02-29,130.47000122070312,130.97999572753906,97.1829605102539
2016-03-01,130.82000732421875,128.42999267578125,95.47174072265625
2016-03-02,128.32000732421875,128.9600067138672,95.86573791503906
2016-03-03,129.07000732421875,129.42999267578125,96.2151107788086
2016-03-04,128.75,128.60000610351562,95.59812927246094
2016-03-07,128.4499969482422,128.55999755859375,95.56841278076172
2016-03-08,130.35000610351562,129.97999572753906,96.62399291992188
2016-03-09,129.0800018310547,129.19000244140625,96.03671264648438
2016-03-10,129.5,128.66000366210938,95.64276123046875
2016-03-11,128.82000732421875,127.36000061035156,94.67630004882812
2016-03-14,127.81999969482422,127.76000213623047,94.97368621826172
2016-03-15,128.5,127.87999725341797,95.06291961669922
2016-03-16,127.75,128.25999450683594,95.3453369140625
2016-03-17,128.50999450683594,128.7899932861328,95.7393569946289
2016-03-18,129.0399932861328,129.05999755859375,95.9400405883789
2016-03-21,128.25,128.07000732421875,95.20413970947266
2016-03-22,128.8300018310547,128.0399932861328,95.18184661865234
2016-03-23,128.41000366210938,129.49000549316406,96.25971984863281
2016-03-24,130.5800018310547,129.5399932861328,96.296875
2016-03-28,129.3800048828125,129.7100067138672,96.42327880859375
2016-03-29,130.3800048828125,131.07000732421875,97.43427276611328
2016-03-30,130.02999877929688,129.69000244140625,96.40840148925781
2016-03-31,129.97999572753906,130.61000061035156,97.09233093261719
2016-04-01,130.97999572753906,130.67999267578125,97.34557342529297
2016-04-04,130.7899932861328,130.75999450683594,97.40512084960938
2016-04-05,132.00999450683594,132.19000244140625,98.47042846679688
2016-04-06,131.52999877929688,131.22999572753906,97.75525665283203
2016-04-07,132.19000244140625,132.85000610351562,98.96204376220703
2016-04-08,132.1699981689453,132.00999450683594,98.33631896972656
2016-04-11,131.32000732421875,131.83999633789062,98.20967864990234
2016-04-12,131.0800018310547,130.92999267578125,97.53181457519531
2016-04-13,130.69000244140625,131.38999938964844,97.87445831298828
2016-04-14,130.91000366210938,130.75999450683594,97.40512084960938
2016-04-15,131.2899932861328,131.8800048828125,98.23943328857422
2016-04-18,131.3300018310547,131.30999755859375,97.81487274169922
2016-04-19,131.0800018310547,130.89999389648438,97.50943756103516
2016-04-20,131.16000366210938,129.4600067138672,96.43677520751953
2016-04-21,128.44000244140625,128.69000244140625,95.8631591796875
2016-04-22,128.85000610351562,128.36000061035156,95.61734008789062
2016-04-25,128.05999755859375,127.83000183105469,95.22256469726562
2016-04-26,127.76000213623047,127.25,94.79054260253906
2016-04-27,127.91999816894531,128.52000427246094,95.7365493774414
2016-04-28,128.2100067138672,129.0500030517578,96.1313705444336
2016-04-29,128.4499969482422,129.3800048828125,96.37718200683594
2016-05-02,128.66000366210938,127.81999969482422,95.40681457519531
2016-05-03,129.5500030517578,129.42999267578125,96.60855102539062
2016-05-04,129.67999267578125,130.13999938964844,97.13853454589844
2016-05-05,130.05999755859375,131.00999450683594,97.78791809082031
2016-05-06,130.85000610351562,130.4499969482422,97.36994934082031
2016-05-09,130.4600067138672,130.86000061035156,97.67599487304688
2016-05-10,130.85000610351562,130.8699951171875,97.68340301513672
2016-05-11,130.8300018310547,131.61000061035156,98.23572540283203
2016-05-12,130.66000366210938,131.00999450683594,97.78791809082031
2016-05-13,131.47999572753906,132.27999877929688,98.73590087890625
2016-05-16,131.63999938964844,131.13999938964844,97.88492584228516
2016-05-17,131.2100067138672,131.36000061035156,98.04920959472656
2016-05-18,130.80999755859375,129.49000549316406,96.65335083007812
2016-05-19,129.67999267578125,130.0500030517578,97.07135009765625
2016-05-20,129.64999389648438,130.14999389648438,97.14601135253906
2016-05-23,130.36000061035156,130.44000244140625,97.36243438720703
2016-05-24,129.97000122070312,129.86000061035156,96.9295425415039
2016-05-25,129.8300018310547,129.3699951171875,96.56379699707031
2016-05-26,129.80999755859375,130.0399932861328,97.06388854980469
2016-05-27,130.07000732421875,129.85000610351562,96.92205047607422
2016-05-31,129.02000427246094,130.16000366210938,97.15348052978516
2016-06-01,130.6300048828125,130.4199981689453,97.547607421875
2016-06-02,130.89999389648438,131.36000061035156,98.2507095336914
2016-06-03,132.86000061035156,133.22999572753906,99.64936065673828
2016-06-06,132.77999877929688,132.24000549316406,98.90888214111328
2016-06-07,132.63999938964844,132.55999755859375,99.1482162475586
2016-06-08,132.8699951171875,133.27000427246094,99.6792984008789
2016-06-09,134.32000732421875,134.1300048828125,100.3224868774414
2016-06-10,134.7899932861328,134.77999877929688,100.80870056152344
2016-06-13,135.08999633789062,135.3800048828125,101.25745391845703
2016-06-14,136.19000244140625,135.27999877929688,101.18267822265625
2016-06-15,135.52000427246094,135.8000030517578,101.57162475585938
2016-06-16,136.74000549316406,136.4600067138672,102.06526947021484
2016-06-17,136.1999969482422,135.61000061035156,101.42952728271484
2016-06-20,134.24000549316406,134.16000366210938,100.3449478149414
2016-06-21,134.2899932861328,133.5399932861328,99.88119506835938
2016-06-22,133.5,133.75999450683594,100.04580688476562
2016-06-23,132.61000061035156,132.22999572753906,98.90138244628906
2016-06-24,136.61000061035156,135.77999877929688,101.556640625
2016-06-27,138.44000244140625,139.1699981689453,104.09219360351562
2016-06-28,139.44000244140625,139.4600067138672,104.3091049194336
2016-06-29,139.67999267578125,138.38999938964844,103.50879669189453
2016-06-30,138.80999755859375,138.89999389648438,103.89026641845703
2016-07-01,140.80999755859375,140.57000732421875,105.33272552490234
2016-07-05,141.85000610351562,142.3300018310547,106.65149688720703
2016-07-06,142.7899932861328,142.55999755859375,106.82389831542969
2016-07-07,142.08999633789062,142.5500030517578,106.81635284423828
2016-07-08,142.9199981689453,143.60000610351562,107.6031723022461
2016-07-11,143.0500030517578,142.33999633789062,106.65901184082031
2016-07-12,140.4199981689453,140.0,104.90557098388672
2016-07-13,141.3699951171875,141.64999389648438,106.14195251464844
2016-07-14,139.27999877929688,139.58999633789062,104.59830474853516
2016-07-15,138.88999938964844,138.38999938964844,103.69918823242188
2016-07-18,139.07000732421875,138.25999450683594,103.60173034667969
2016-07-19,138.94000244140625,139.0399932861328,104.18622589111328
2016-07-20,138.22999572753906,138.27999877929688,103.61673736572266
2016-07-21,137.0399932861328,138.55999755859375,103.82653045654297
2016-07-22,137.92999267578125,138.8000030517578,104.0064468383789
2016-07-25,138.94000244140625,138.6999969482422,103.93145751953125
2016-07-26,139.52000427246094,138.9199981689453,104.0963363647461
2016-07-27,139.5500030517578,140.64999389648438,105.39263916015625
2016-07-28,139.8000030517578,140.38999938964844,105.19781494140625
2016-07-29,140.4499969482422,141.55999755859375,106.07450103759766
2016-08-01,139.77999877929688,139.77000427246094,104.92448425292969
2016-08-02,137.8300018310547,138.3300018310547,103.84349060058594
2016-08-03,138.60000610351562,138.41000366210938,103.90354919433594
2016-08-04,139.4600067138672,139.4499969482422,104.68423461914062
2016-08-05,139.0500030517578,138.0,103.59574890136719
2016-08-08,137.60000610351562,138.25999450683594,103.79090118408203
2016-08-09,138.7100067138672,139.6199951171875,104.81184387207031
2016-08-10,139.89999389648438,140.16000366210938,105.21721649169922
2016-08-11,140.05999755859375,138.91000366210938,104.27886962890625
2016-08-12,140.41000366210938,140.0800018310547,105.15717315673828
2016-08-15,139.33999633789062,138.75999450683594,104.166259765625
2016-08-16,138.97999572753906,138.38999938964844,103.88851165771484
2016-08-17,138.6300048828125,139.22000122070312,104.5115966796875
2016-08-18,139.1999969482422,139.44000244140625,104.67671966552734
2016-08-19,138.63999938964844,138.7100067138672,104.12873840332031
2016-08-22,139.64999389648438,139.8800048828125,105.0070571899414
2016-08-23,140.27000427246094,140.02999877929688,105.11961364746094
2016-08-24,140.10000610351562,139.6999969482422,104.87191772460938
2016-08-25,139.25999450683594,139.1699981689453,104.47406005859375
2016-08-26,139.72999572753906,138.36000061035156,103.86598205566406
2016-08-29,139.3800048828125,140.2100067138672,105.25475311279297
2016-08-30,140.1699981689453,139.6699981689453,104.84937286376953
2016-08-31,139.66000366210938,139.8699951171875,104.99959564208984
2016-09-01,138.6199951171875,139.77000427246094,105.11537170410156
2016-09-02,138.9600067138672,138.6300048828125,104.25801849365234
2016-09-06,138.7100067138672,139.63999938964844,105.017578125
2016-09-07,140.3699951171875,139.5399932861328,104.9423599243164
2016-09-08,138.86000061035156,137.7899932861328,103.62629699707031
2016-09-09,136.07000732421875,135.52000427246094,101.91908264160156
2016-09-12,135.32000732421875,135.58999633789062,101.97174072265625
2016-09-13,135.8699951171875,134.0500030517578,100.81356811523438
2016-09-14,134.0500030517578,134.25,100.96395874023438
2016-09-15,133.61000061035156,133.6699981689453,100.52777862548828
2016-09-16,134.5800018310547,134.75,101.34003448486328
2016-09-19,134.52000427246094,134.30999755859375,101.00908660888672
2016-09-20,135.14999389648438,134.77999877929688,101.362548828125
2016-09-21,134.60000610351562,135.8699951171875,102.18228912353516
2016-09-22,136.6699981689453,136.9499969482422,102.99452209472656
2016-09-23,137.02999877929688,136.82000732421875,102.89679718017578
2016-09-26,137.07000732421875,137.69000244140625,103.55106353759766
2016-09-27,138.58999633789062,138.6999969482422,104.31063842773438
2016-09-28,138.5,138.39999389648438,104.08499908447266
2016-09-29,137.55999755859375,138.75,104.34821319580078
2016-09-30,138.5500030517578,137.50999450683594,103.41572570800781
2016-10-03,137.67999267578125,136.80999755859375,103.07442474365234
2016-10-04,136.6199951171875,135.2100067138672,101.86896514892578
2016-10-05,135.02000427246094,134.5800018310547,101.3943099975586
2016-10-06,133.97000122070312,133.8300018310547,100.82925415039062
2016-10-07,133.92999267578125,133.9199981689453,100.89698791503906
2016-10-10,132.85000610351562,133.1300048828125,100.30183410644531
2016-10-11,132.86000061035156,132.8300018310547,100.0758056640625
2016-10-12,132.6699981689453,132.9600067138672,100.17377471923828
2016-10-13,133.63999938964844,133.4600067138672,100.55047607421875
2016-10-14,132.27000427246094,131.58999633789062,99.1415786743164
2016-10-17,132.10000610351562,132.42999267578125,99.77442932128906
2016-10-18,131.86000061035156,132.86000061035156,100.09842681884766
2016-10-19,132.3699951171875,132.97000122070312,100.18128967285156
2016-10-20,133.63999938964844,133.11000061035156,100.2867660522461
2016-10-21,133.52000427246094,133.30999755859375,100.43748474121094
2016-10-24,133.41000366210938,132.72999572753906,100.0004653930664
2016-10-25,132.52999877929688,133.0800018310547,100.26415252685547
2016-10-26,132.4600067138672,132.17999267578125,99.58610534667969
2016-10-27,131.07000732421875,130.74000549316406,98.50118255615234
2016-10-28,130.38999938964844,130.4499969482422,98.2827377319336
2016-10-31,130.88999938964844,131.25,98.88545989990234
2016-11-01,130.16000366210938,131.00999450683594,98.8929443359375
2016-11-02,131.3000030517578,131.5800018310547,99.32324981689453
2016-11-03,130.75,130.57000732421875,98.56085968017578
2016-11-04,131.27000427246094,131.74000549316406,99.44401550292969
2016-11-07,130.75,130.6199951171875,98.59857177734375
2016-11-08,131.02000427246094,130.08999633789062,98.1985092163086
2016-11-09,127.22000122070312,124.56999969482422,94.03173828125
2016-11-10,123.97000122070312,122.7300033569336,92.642822265625
2016-11-11,122.95999908447266,122.04000091552734,92.1219711303711
2016-11-14,121.27999877929688,121.30999755859375,91.57095336914062
2016-11-15,122.22000122070312,121.91000366210938,92.02383422851562
2016-11-16,122.30000305175781,123.01000213623047,92.85417175292969
2016-11-17,121.94999694824219,121.19999694824219,91.4878921508789
2016-11-18,121.62999725341797,120.8499984741211,91.2237319946289
2016-11-21,121.20999908447266,121.1500015258789,91.45015716552734
2016-11-22,121.66000366210938,121.11000061035156,91.41997528076172
2016-11-23,119.98999786376953,120.63999938964844,91.06514739990234
2016-11-25,121.19000244140625,120.81999969482422,91.20105743408203
2016-11-28,121.41000366210938,121.70999908447266,91.87287139892578
2016-11-29,121.44000244140625,122.22000122070312,92.25785064697266
2016-11-30,119.97000122070312,120.23999786376953,90.76322174072266
2016-12-01,118.51000213623047,118.7300033569336,89.80489349365234
2016-12-02,119.16999816894531,119.5999984741211,90.46292114257812
2016-12-05,118.93000030517578,119.47000122070312,90.3646011352539
2016-12-06,119.33999633789062,119.37999725341797,90.29654693603516
2016-12-07,119.81999969482422,120.4000015258789,91.06804656982422
2016-12-08,119.1500015258789,118.9800033569336,89.99398040771484
2016-12-09,118.63999938964844,117.5,88.87458801269531
2016-12-12,117.2699966430664,117.72000122070312,89.04095458984375
2016-12-13,118.4000015258789,118.13999938964844,89.35861206054688
2016-12-14,119.08000183105469,116.81999969482422,88.36021423339844
2016-12-15,117.55999755859375,117.41000366210938,88.80648040771484
2016-12-16,117.61000061035156,117.13999938964844,88.60224914550781
2016-12-19,117.9800033569336,118.4000015258789,89.55526733398438
2016-12-20,117.62999725341797,117.80999755859375,89.10902404785156
2016-12-21,117.91999816894531,118.33000183105469,89.50238800048828
2016-12-22,117.52999877929688,117.80999755859375,89.34235382080078
2016-12-23,118.23999786376953,118.05000305175781,89.52435302734375
2016-12-27,117.41999816894531,117.66999816894531,89.23616027832031
2016-12-28,117.86000061035156,118.52999877929688,89.88834381103516
2016-12-29,118.80000305175781,118.94999694824219,90.20686340332031
2016-12-30,118.77999877929688,119.12999725341797,90.3433837890625
2017-01-03,118.41000366210938,119.63999938964844,90.73016357421875
2017-01-04,119.76000213623047,120.0999984741211,91.07899475097656
2017-01-05,120.44999694824219,121.9800033569336,92.50468444824219
2017-01-06,121.12999725341797,120.86000061035156,91.65532684326172
2017-01-09,121.87999725341797,121.83000183105469,92.39093780517578
2017-01-10,121.55000305175781,121.75,92.33026123046875
2017-01-11,121.94000244140625,122.16000366210938,92.64119720458984
2017-01-12,122.80000305175781,121.88999938964844,92.43643188476562
2017-01-13,121.33000183105469,121.30999755859375,91.99658966064453
2017-01-17,122.80999755859375,122.58000183105469,92.95977020263672
2017-01-18,121.7699966430664,121.01000213623047,91.76909637451172
2017-01-19,120.48999786376953,120.18000030517578,91.13965606689453
2017-01-20,119.83999633789062,119.94000244140625,90.9576416015625
2017-01-23,120.33999633789062,121.13999938964844,91.8676986694336
2017-01-24,120.7699966430664,120.30999755859375,91.23822784423828
2017-01-25,119.27999877929688,118.80000305175781,90.09310913085938
2017-01-26,118.91000366210938,119.19999694824219,90.3964614868164
2017-01-27,119.4000015258789,119.62999725341797,90.72254943847656
2017-01-30,119.44000244140625,119.2699966430664,90.44954681396484
2017-01-31,119.33000183105469,120.0999984741211,91.07899475097656
2017-02-01,119.0999984741211,119.0999984741211,90.51583099365234
2017-02-02,119.93000030517578,119.05000305175781,90.47782135009766
2017-02-03,119.44000244140625,119.0,90.43986511230469
2017-02-06,119.76000213623047,119.72000122070312,90.98699951171875
2017-02-07,119.77999877929688,120.5999984741211,91.65584564208984
2017-02-08,121.41999816894531,122.23999786376953,92.90219116210938
2017-02-09,121.41000366210938,120.83000183105469,91.83061218261719
2017-02-10,120.11000061035156,120.76000213623047,91.7774429321289
2017-02-13,120.25,120.37999725341797,91.4886245727539
2017-02-14,120.23999786376953,119.51000213623047,90.82743072509766
2017-02-15,118.76000213623047,118.95999908447266,90.40943908691406
2017-02-16,119.22000122070312,119.61000061035156,90.9034194946289
2017-02-17,120.61000061035156,120.31999969482422,91.44300842285156
2017-02-21,119.68000030517578,120.11000061035156,91.28341674804688
2017-02-22,120.80000305175781,120.30999755859375,91.43541717529297
2017-02-23,120.56999969482422,120.66999816894531,91.70901489257812
2017-02-24,121.3499984741211,122.01000213623047,92.72740173339844
2017-02-27,121.80999755859375,121.29000091552734,92.18020629882812
2017-02-28,121.5,121.73999786376953,92.52222442626953
2017-03-01,119.44000244140625,119.47000122070312,90.97187805175781
2017-03-02,119.01000213623047,119.04000091552734,90.64441680908203
2017-03-03,119.2300033569336,119.3499984741211,90.8804931640625
2017-03-06,119.12000274658203,118.77999877929688,90.44649505615234
2017-03-07,118.4800033569336,118.41999816894531,90.17236328125
2017-03-08,117.30999755859375,117.77999877929688,89.68498992919922
2017-03-09,117.33999633789062,116.83999633789062,88.96923065185547
2017-03-10,117.13999938964844,117.25,89.28147888183594
2017-03-13,116.83000183105469,116.51000213623047,88.71797180175781
2017-03-14,116.7699966430664,117.06999969482422,89.14433288574219
2017-03-15,117.55999755859375,118.5,90.23324584960938
2017-03-16,117.98999786376953,117.9000015258789,89.77635192871094
2017-03-17,118.11000061035156,118.63999938964844,90.3398666381836
2017-03-20,118.55000305175781,119.1500015258789,90.72819519042969
2017-03-21,119.05000305175781,120.13999938964844,91.48202514648438
2017-03-22,120.72000122070312,120.62000274658203,91.84754943847656
2017-03-23,120.83000183105469,120.44999694824219,91.71810913085938
2017-03-24,120.52999877929688,120.87999725341797,92.0455093383789
2017-03-27,121.83000183105469,121.43000030517578,92.46434783935547
2017-03-28,121.79000091552734,120.62000274658203,91.84754943847656
2017-03-29,120.94000244140625,121.33999633789062,92.39582061767578
2017-03-30,121.06999969482422,120.36000061035156,91.64960479736328
2017-03-31,120.27999877929688,120.70999908447266,91.91609954833984
2017-04-03,120.44999694824219,121.66999816894531,92.84321594238281
2017-04-04,121.37000274658203,121.01000213623047,92.33963775634766
2017-04-05,120.55999755859375,121.37999725341797,92.62197875976562
2017-04-06,121.23999786376953,121.19999694824219,92.48457336425781
2017-04-07,121.83999633789062,120.70999908447266,92.11068725585938
2017-04-10,121.13999938964844,121.2699966430664,92.53797912597656
2017-04-11,121.80000305175781,122.41999816894531,93.41552734375
2017-04-12,122.51000213623047,123.08999633789062,93.9267578125
2017-04-13,123.44999694824219,123.47000122070312,94.21676635742188
2017-04-17,123.45999908447266,123.08999633789062,93.9267578125
2017-04-18,123.86000061035156,124.69999694824219,95.15531158447266
2017-04-19,124.0999984741211,124.0199966430664,94.6364517211914
2017-04-20,123.5199966430664,123.54000091552734,94.27018737792969
2017-04-21,123.81999969482422,123.54000091552734,94.27018737792969
2017-04-24,122.55000305175781,122.93000030517578,93.8047103881836
2017-04-25,122.20999908447266,121.44999694824219,92.67533111572266
2017-04-26,121.5199966430664,122.12000274658203,93.1866455078125
2017-04-27,121.75,122.08000183105469,93.1561050415039
2017-04-28,121.5999984741211,122.3499984741211,93.36212921142578
2017-05-01,121.69000244140625,121.08000183105469,92.58597564697266
2017-05-02,120.97000122070312,121.69999694824219,93.06008911132812
2017-05-03,122.22000122070312,121.77999877929688,93.12124633789062
2017-05-04,121.01000213623047,121.18000030517578,92.66246795654297
2017-05-05,121.37999725341797,121.29000091552734,92.74658203125
2017-05-08,121.11000061035156,120.62999725341797,92.24189758300781
2017-05-09,120.37999725341797,120.62000274658203,92.23424530029297
2017-05-10,120.91000366210938,120.4800033569336,92.12718963623047
2017-05-11,120.0,120.4800033569336,92.12718963623047
2017-05-12,121.01000213623047,121.38999938964844,92.82300567626953
2017-05-15,121.05999755859375,121.05999755859375,92.57071685791016
2017-05-16,121.11000061035156,121.51000213623047,92.91480255126953
2017-05-17,122.62999725341797,123.27999877929688,94.26825714111328
2017-05-18,123.75,123.41999816894531,94.37532043457031
2017-05-19,123.36000061035156,123.70999908447266,94.59705352783203
2017-05-22,123.41000366210938,123.37000274658203,94.33707427978516
2017-05-23,123.51000213623047,122.54000091552734,93.70240783691406
2017-05-24,122.80000305175781,123.2300033569336,94.23002624511719
2017-05-25,123.0199966430664,123.2699966430664,94.26061248779297
2017-05-26,123.55000305175781,123.4800033569336,94.4211654663086
2017-05-30,124.02999877929688,124.08999633789062,94.88765716552734
2017-05-31,124.05000305175781,124.4000015258789,95.12469482421875
2017-06-01,123.69999694824219,124.1500015258789,95.13465881347656
2017-06-02,125.22000122070312,125.62000274658203,96.26107025146484
2017-06-05,124.9000015258789,124.83999633789062,95.66336822509766
2017-06-06,125.69000244140625,125.5199966430664,96.18443298339844
2017-06-07,125.23999786376953,124.91999816894531,95.72469329833984
2017-06-08,124.87999725341797,124.58999633789062,95.47180938720703
2017-06-09,124.08000183105469,124.4000015258789,95.32624053955078
2017-06-12,124.20999908447266,124.36000061035156,95.29553985595703
2017-06-13,124.01000213623047,124.37999725341797,95.3108901977539
2017-06-14,125.91999816894531,126.30000305175781,96.78214263916016
2017-06-15,126.08999633789062,126.0999984741211,96.62887573242188
2017-06-16,126.08000183105469,126.3499984741211,96.82048797607422
2017-06-19,126.31999969482422,126.16999816894531,96.68254089355469
2017-06-20,126.79000091552734,127.30000305175781,97.54842376708984
2017-06-21,127.11000061035156,127.55999755859375,97.74767303466797
2017-06-22,127.70999908447266,127.83999633789062,97.96222686767578
2017-06-23,127.47000122070312,127.77999877929688,97.91629791259766
2017-06-26,128.27000427246094,128.25999450683594,98.2840576171875
2017-06-27,127.43000030517578,126.88999938964844,97.2342529296875
2017-06-28,126.66999816894531,126.47000122070312,96.91241455078125
2017-06-29,125.01000213623047,125.41000366210938,96.10017395019531
2017-06-30,125.19000244140625,125.12000274658203,95.87796020507812
2017-07-03,125.0,124.45999908447266,95.56925201416016
2017-07-05,124.19999694824219,124.48999786376953,95.59228515625
2017-07-06,123.5199966430664,123.45999908447266,94.8013916015625
2017-07-07,122.83999633789062,122.72000122070312,94.23318481445312
2017-07-10,122.87000274658203,122.9000015258789,94.37137603759766
2017-07-11,122.86000061035156,123.11000061035156,94.53262329101562
2017-07-12,123.88999938964844,123.95999908447266,95.18534088134766
2017-07-13,123.5999984741211,123.18000030517578,94.58641815185547
2017-07-14,124.0999984741211,123.33000183105469,94.70157623291016
2017-07-17,123.33000183105469,123.66999816894531,94.962646484375
2017-07-18,124.43000030517578,124.75,95.79196166992188
2017-07-19,124.77999877929688,124.80000305175781,95.83032989501953
2017-07-20,125.48999786376953,125.16000366210938,96.1067886352539
2017-07-21,125.7300033569336,125.69000244140625,96.51374816894531
2017-07-24,125.44999694824219,125.19999694824219,96.13750457763672
2017-07-25,124.13999938964844,123.56999969482422,94.88585662841797
2017-07-26,123.2699966430664,123.7699966430664,95.03938293457031
2017-07-27,123.11000061035156,123.16000366210938,94.57102966308594
2017-07-28,123.2699966430664,123.88999938964844,95.13151550292969
2017-07-31,123.45999908447266,124.04000091552734,95.24676513671875
2017-08-01,123.18000030517578,124.63999938964844,95.91548919677734
2017-08-02,124.7699966430664,124.70999908447266,95.96935272216797
2017-08-03,125.29000091552734,126.0,96.9620590209961
2017-08-04,125.1500015258789,124.93000030517578,96.13866424560547
2017-08-07,124.83999633789062,125.06999969482422,96.24639892578125
2017-08-08,124.87000274658203,124.62000274658203,95.90010833740234
2017-08-09,125.93000030517578,125.30000305175781,96.42339324951172
2017-08-10,125.62000274658203,126.37000274658203,97.24679565429688
2017-08-11,125.7699966430664,126.43000030517578,97.29296112060547
2017-08-14,125.98999786376953,125.77999877929688,96.79276275634766
2017-08-15,124.7300033569336,125.25,96.38491821289062
2017-08-16,124.83000183105469,125.70999908447266,96.73886108398438
2017-08-17,125.69999694824219,126.6500015258789,97.4622573852539
2017-08-18,126.9800033569336,126.62000274658203,97.4391860961914
2017-08-21,126.7699966430664,126.93000030517578,97.67774963378906
2017-08-22,126.79000091552734,126.44000244140625,97.30067443847656
2017-08-23,127.04000091552734,127.30000305175781,97.96243286132812
2017-08-24,126.87999725341797,126.83000183105469,97.60074615478516
2017-08-25,127.0199966430664,127.31999969482422,97.9778823852539
2017-08-28,126.91999816894531,127.23999786376953,97.91629028320312
2017-08-29,128.4600067138672,127.6500015258789,98.23179626464844
2017-08-30,127.45999908447266,127.61000061035156,98.2010498046875
2017-08-31,127.63999938964844,127.98999786376953,98.49344635009766
2017-09-01,127.30999755859375,126.75,97.74009704589844
2017-09-05,127.69000244140625,128.75999450683594,99.29000854492188
2017-09-06,128.72000122070312,127.97000122070312,98.68083190917969
2017-09-07,128.3300018310547,129.27999877929688,99.6910171508789
2017-09-08,129.11000061035156,129.0,99.47506713867188
2017-09-11,127.87000274658203,127.45999908447266,98.28754425048828
2017-09-12,127.05000305175781,126.79000091552734,97.77090454101562
2017-09-13,126.91000366210938,126.29000091552734,97.3853530883789
2017-09-14,126.37000274658203,126.80999755859375,97.78634643554688
2017-09-15,127.0,126.86000061035156,97.82489013671875
2017-09-18,126.5,126.12999725341797,97.26195526123047
2017-09-19,126.27999877929688,125.81999969482422,97.02289581298828
2017-09-20,125.97000122070312,125.91000366210938,97.09233093261719
2017-09-21,126.16000366210938,125.83999633789062,97.03832244873047
2017-09-22,126.5,126.19999694824219,97.31592559814453
2017-09-25,126.31999969482422,126.98999786376953,97.92514038085938
2017-09-26,126.7699966430664,126.76000213623047,97.74777221679688
2017-09-27,124.87000274658203,124.8499984741211,96.27494049072266
2017-09-28,124.20999908447266,124.4800033569336,95.98956298828125
2017-09-29,124.76000213623047,124.76000213623047,96.20552062988281
2017-10-02,124.80999755859375,124.27999877929688,96.02935791015625
2017-10-03,123.91999816894531,124.4000015258789,96.12207794189453
2017-10-04,124.52999877929688,124.41000366210938,96.12979888916016
2017-10-05,124.2699966430664,123.94000244140625,95.76661682128906
2017-10-06,123.29000091552734,123.58999633789062,95.49618530273438
2017-10-09,123.77999877929688,123.9800033569336,95.7975082397461
2017-10-10,124.13999938964844,124.18000030517578,95.95207977294922
2017-10-11,124.56999969482422,124.41999816894531,96.13752746582031
2017-10-12,124.55000305175781,124.94999694824219,96.54705810546875
2017-10-13,125.58000183105469,125.8499984741211,97.24246215820312
2017-10-16,125.52999877929688,125.76000213623047,97.17293548583984
2017-10-17,125.38999938964844,125.91999816894531,97.29657745361328
2017-10-18,125.05000305175781,125.08999633789062,96.65519714355469
2017-10-19,125.73999786376953,125.30999755859375,96.8251953125
2017-10-20,124.0,123.9800033569336,95.7975082397461
2017-10-23,124.16000366210938,124.19999694824219,95.96753692626953
2017-10-24,123.37000274658203,123.43000030517578,95.37257385253906
2017-10-25,122.52999877929688,122.83999633789062,94.91664123535156
2017-10-26,123.05999755859375,122.43000030517578,94.599853515625
2017-10-27,122.94000244140625,123.23999786376953,95.22573852539062
2017-10-30,123.86000061035156,124.41999816894531,96.13752746582031
2017-10-31,124.52999877929688,124.45999908447266,96.16844177246094
2017-11-01,124.3499984741211,124.75,96.59662628173828
2017-11-02,125.0,125.30000305175781,97.02252960205078
2017-11-03,125.47000122070312,125.63999938964844,97.28578186035156
2017-11-06,125.93000030517578,126.11000061035156,97.64969635009766
2017-11-07,126.2300033569336,126.63999938964844,98.06004333496094
2017-11-08,126.58999633789062,126.36000061035156,97.84326171875
2017-11-09,125.87000274658203,126.0,97.5645523071289
2017-11-10,124.70999908447266,124.0999984741211,96.09332275390625
2017-11-13,124.80000305175781,124.36000061035156,96.29462432861328
2017-11-14,124.7699966430664,125.19999694824219,96.94507598876953
2017-11-15,126.05999755859375,126.55999755859375,97.99815368652344
2017-11-16,126.01000213623047,125.45999908447266,97.14642333984375
2017-11-17,126.06999969482422,126.38999938964844,97.86653137207031
2017-11-20,125.91000366210938,126.33999633789062,97.82780456542969
2017-11-21,127.08999633789062,126.73999786376953,98.13752746582031
2017-11-22,126.62000274658203,127.1500015258789,98.45500946044922
2017-11-24,126.93000030517578,126.80000305175781,98.18392181396484
2017-11-27,126.86000061035156,126.62000274658203,98.04462432861328
2017-11-28,126.7699966430664,126.79000091552734,98.17626190185547
2017-11-29,125.55999755859375,125.54000091552734,97.2083511352539
2017-11-30,125.30999755859375,125.12000274658203,96.88314819335938
2017-12-01,125.87000274658203,126.55000305175781,98.1905517578125
2017-12-04,125.91999816894531,126.61000061035156,98.2370834350586
2017-12-05,126.47000122070312,127.23999786376953,98.72587585449219
2017-12-06,127.87000274658203,127.68000030517578,99.0672836303711
2017-12-07,127.93000030517578,126.68000030517578,98.29139709472656
2017-12-08,126.58999633789062,126.69000244140625,98.2991714477539
2017-12-11,126.86000061035156,126.43000030517578,98.097412109375
2017-12-12,126.16999816894531,126.37999725341797,98.05867004394531
2017-12-13,126.80999755859375,127.33000183105469,98.79572296142578
2017-12-14,127.05000305175781,127.87000274658203,99.21472930908203
2017-12-15,127.80999755859375,128.35000610351562,99.58712005615234
2017-12-18,127.97000122070312,127.18000030517578,98.67930603027344
2017-12-19,126.31999969482422,125.52999877929688,97.39911651611328
2017-12-20,124.30999755859375,124.13999938964844,96.32061004638672
2017-12-21,124.02999877929688,124.5999984741211,96.88197326660156
2017-12-22,124.69999694824219,124.7699966430664,97.0141830444336
2017-12-26,124.9800033569336,125.13999938964844,97.30184173583984
2017-12-27,125.70999908447266,126.7699966430664,98.56924438476562
2017-12-28,126.52999877929688,126.66000366210938,98.48371124267578
2017-12-29,126.5,126.86000061035156,98.63922119140625
2018-01-02,126.48999786376953,125.48999786376953,97.57402038574219
2018-01-03,126.0,126.08999633789062,98.04051971435547
2018-01-04,125.6500015258789,126.06999969482422,98.02498626708984
2018-01-05,125.87000274658203,125.70999908447266,97.74504089355469
2018-01-08,125.98999786376953,125.62999725341797,97.68284606933594
2018-01-09,124.80999755859375,123.94999694824219,96.37660217285156
2018-01-10,122.80999755859375,123.80000305175781,96.25995635986328
2018-01-11,123.51000213623047,124.30999755859375,96.65650177001953
2018-01-12,124.0999984741211,124.5199966430664,96.81979370117188
2018-01-16,125.16999816894531,125.04000091552734,97.22412872314453
2018-01-17,125.08000183105469,124.87000274658203,97.09195709228516
2018-01-18,123.93000030517578,123.70999908447266,96.18997192382812
2018-01-19,123.4000015258789,123.05999755859375,95.6845474243164
2018-01-22,123.44999694824219,123.18000030517578,95.77787780761719
2018-01-23,123.80999755859375,123.70999908447266,96.18997192382812
2018-01-24,122.8499984741211,123.04000091552734,95.66902160644531
2018-01-25,123.16000366210938,124.05000305175781,96.45431518554688
2018-01-26,123.87999725341797,123.58999633789062,96.09666442871094
2018-01-29,122.97000122070312,122.7300033569336,95.42797088623047
2018-01-30,122.27999877929688,122.01000213623047,94.86814880371094
2018-01-31,122.87000274658203,122.7300033569336,95.42797088623047
2018-02-01,122.4800033569336,120.69999694824219,94.0449447631836
2018-02-02,120.1500015258789,119.58000183105469,93.17230224609375
2018-02-05,119.16999816894531,120.70999908447266,94.05272674560547
2018-02-06,120.41999816894531,119.95999908447266,93.46839904785156
2018-02-07,120.12999725341797,118.81999969482422,92.58011627197266
2018-02-08,118.01000213623047,118.69000244140625,92.47881317138672
2018-02-09,118.11000061035156,117.94000244140625,91.89449310302734
2018-02-12,118.55999755859375,118.45999908447266,92.29963684082031
2018-02-13,118.61000061035156,118.98999786376953,92.71257781982422
2018-02-14,118.45999908447266,117.66999816894531,91.6841049194336
2018-02-15,118.19000244140625,118.06999969482422,91.99576568603516
2018-02-16,119.04000091552734,118.70999908447266,92.49444580078125
2018-02-20,118.27999877929688,118.19000244140625,92.08928680419922
2018-02-21,118.23999786376953,116.73999786376953,90.9594955444336
2018-02-22,117.23999786376953,117.08999633789062,91.23216247558594
2018-02-23,117.87999725341797,118.12999725341797,92.04251861572266
2018-02-26,118.68000030517578,118.16999816894531,92.07367706298828
2018-02-27,118.5199966430664,118.0,91.94123840332031
2018-02-28,118.47000122070312,118.75,92.52559661865234
2018-03-01,118.43000030517578,119.31999969482422,93.15717315673828
2018-03-02,118.8499984741211,118.3499984741211,92.39990234375
2018-03-05,118.75,118.02999877929688,92.15006256103516
2018-03-06,118.36000061035156,118.13999938964844,92.23595428466797
2018-03-07,118.56999969482422,118.01000213623047,92.13442993164062
2018-03-08,118.30999755859375,118.69000244140625,92.6653060913086
2018-03-09,117.98999786376953,117.91000366210938,92.05640411376953
2018-03-12,118.30999755859375,118.58999633789062,92.5872802734375
2018-03-13,118.30999755859375,119.19000244140625,93.05571746826172
2018-03-14,119.4000015258789,120.23999786376953,93.87545776367188
2018-03-15,120.16999816894531,120.23999786376953,93.87545776367188
2018-03-16,119.80000305175781,119.80999755859375,93.53977966308594
2018-03-19,119.20999908447266,119.43000030517578,93.24307250976562
2018-03-20,118.91000366210938,118.94999694824219,92.86835479736328
2018-03-21,118.66000366210938,119.08000183105469,92.96984100341797
2018-03-22,120.30999755859375,120.26000213623047,93.89109802246094
2018-03-23,119.68000030517578,120.16999816894531,93.82083129882812
2018-03-26,120.0,119.70999908447266,93.46172332763672
2018-03-27,119.83000183105469,120.98999786376953,94.46102905273438
2018-03-28,121.44999694824219,121.30999755859375,94.71089172363281
2018-03-29,121.54000091552734,121.9000015258789,95.17152404785156
2018-04-02,121.3499984741211,121.87999725341797,95.35926818847656
2018-04-03,121.36000061035156,120.94000244140625,94.62384796142578
2018-04-04,121.3499984741211,120.69000244140625,94.4282455444336
2018-04-05,120.0999984741211,119.79000091552734,93.72403717041016
2018-04-06,120.66000366210938,121.0999984741211,94.74898529052734
2018-04-09,120.63999938964844,121.30000305175781,94.90547180175781
2018-04-10,121.19999694824219,121.08000183105469,94.73339080810547
2018-04-11,121.8499984741211,121.51000213623047,95.06977844238281
2018-04-12,121.04000091552734,120.62000274658203,94.37345123291016
2018-04-13,120.5199966430664,120.9000015258789,94.59255981445312
2018-04-16,120.2300033569336,120.94000244140625,94.62384796142578
2018-04-17,120.91999816894531,121.2699966430664,94.88202667236328
2018-04-18,121.29000091552734,120.30000305175781,94.12309265136719
2018-04-19,119.41999816894531,119.31999969482422,93.35631561279297
2018-04-20,118.88999938964844,118.45999908447266,92.68345642089844
2018-04-23,118.33000183105469,118.48999786376953,92.70692443847656
2018-04-24,118.20999908447266,117.94999694824219,92.2844009399414
2018-04-25,117.41000366210938,117.16000366210938,91.66635131835938
2018-04-26,117.7300033569336,117.9800033569336,92.30791473388672
2018-04-27,118.47000122070312,118.88999938964844,93.01983642578125
2018-04-30,119.08000183105469,119.0999984741211,93.1842269897461
2018-05-01,118.7699966430664,118.41000366210938,92.84858703613281
2018-05-02,118.63999938964844,118.27999877929688,92.74664306640625
2018-05-03,118.83999633789062,118.80999755859375,93.1622314453125
2018-05-04,119.2300033569336,118.98999786376953,93.30337524414062
2018-05-07,118.97000122070312,118.80000305175781,93.1544418334961
2018-05-08,118.55000305175781,118.69000244140625,93.06810760498047
2018-05-09,118.12000274658203,117.9800033569336,92.51142883300781
2018-05-10,118.55000305175781,118.93000030517578,93.25631713867188
2018-05-11,119.31999969482422,119.2300033569336,93.4916000366211
2018-05-14,118.80000305175781,118.5999984741211,92.99756622314453
2018-05-15,117.55999755859375,117.25,91.93900299072266
2018-05-16,117.41999816894531,116.80000305175781,91.58617401123047
2018-05-17,116.62999725341797,116.20999908447266,91.12347412109375
2018-05-18,116.51000213623047,117.20999908447266,91.90765380859375
2018-05-21,117.12999725341797,117.2699966430664,91.95465850830078
2018-05-22,117.29000091552734,117.08999633789062,91.81352996826172
2018-05-23,117.75,117.94000244140625,92.48006439208984
2018-05-24,118.69000244140625,118.87999725341797,93.21710968017578
2018-05-25,119.55999755859375,119.62000274658203,93.79739379882812
2018-05-29,120.79000091552734,122.23999786376953,95.85179138183594
2018-05-30,121.0,121.41999816894531,95.20879364013672
2018-05-31,121.55999755859375,121.22000122070312,95.05204010009766
2018-06-01,120.16999816894531,120.30000305175781,94.54975128173828
2018-06-04,120.11000061035156,119.43000030517578,93.86597442626953
2018-06-05,119.95999908447266,119.70999908447266,94.0860366821289
2018-06-06,119.08000183105469,118.73999786376953,93.32366180419922
2018-06-07,118.69000244140625,119.88999938964844,94.2275390625
2018-06-08,119.55999755859375,119.52999877929688,93.94456481933594
2018-06-11,119.06999969482422,119.30999755859375,93.77166748046875
2018-06-12,118.93000030517578,119.33999633789062,93.79528045654297
2018-06-13,119.44999694824219,119.27999877929688,93.74811553955078
2018-06-14,119.77999877929688,120.2699966430664,94.52621459960938
2018-06-15,120.83000183105469,120.37999725341797,94.6126480102539
2018-06-18,120.4800033569336,120.2699966430664,94.52621459960938
2018-06-19,120.97000122070312,120.97000122070312,95.07636260986328
2018-06-20,120.7699966430664,119.91000366210938,94.2432632446289
2018-06-21,120.36000061035156,120.54000091552734,94.73839569091797
2018-06-22,120.08999633789062,120.52999877929688,94.73053741455078
2018-06-25,120.66000366210938,120.80000305175781,94.94276428222656
2018-06-26,120.7699966430664,120.97000122070312,95.07636260986328
2018-06-27,121.75,122.11000061035156,95.97234344482422
2018-06-28,122.12999725341797,122.13999938964844,95.99591827392578
2018-06-29,122.16999816894531,121.72000122070312,95.66580963134766
2018-07-02,121.73999786376953,121.3499984741211,95.59100341796875
2018-07-03,121.52999877929688,122.0,96.10301971435547
2018-07-05,122.05999755859375,122.3499984741211,96.37870025634766
2018-07-06,122.75,122.75,96.69383239746094
2018-07-09,122.06999969482422,121.95999908447266,96.07147979736328
2018-07-10,121.87000274658203,121.94999694824219,96.06360626220703
2018-07-11,122.44999694824219,122.41999816894531,96.43385314941406
2018-07-12,122.16999816894531,122.41000366210938,96.42596435546875
2018-07-13,122.61000061035156,122.72000122070312,96.67019653320312
2018-07-16,122.20999908447266,122.20999908447266,96.26842498779297
2018-07-17,122.29000091552734,121.9800033569336,96.0872573852539
2018-07-18,122.0199966430664,121.48999786376953,95.70126342773438
2018-07-19,121.80000305175781,122.26000213623047,96.30784606933594
2018-07-20,121.58000183105469,120.76000213623047,95.126220703125
2018-07-23,120.37999725341797,119.2699966430664,93.9524917602539
2018-07-24,119.27999877929688,119.68000030517578,94.27546691894531
2018-07-25,120.0199966430664,119.48999786376953,94.1258316040039
2018-07-26,119.70999908447266,119.26000213623047,93.94461822509766
2018-07-27,119.8499984741211,119.45999908447266,94.10220336914062
2018-07-30,118.98999786376953,119.05000305175781,93.77921295166016
2018-07-31,119.79000091552734,119.69999694824219,94.29121398925781
2018-08-01,118.29000091552734,118.45999908447266,93.52304077148438
2018-08-02,118.62000274658203,118.62999725341797,93.65728759765625
2018-08-03,118.83000183105469,119.22000122070312,94.12310791015625
2018-08-06,119.54000091552734,119.29000091552734,94.17832946777344
2018-08-07,119.02999877929688,118.66999816894531,93.68880462646484
2018-08-08,118.66000366210938,118.79000091552734,93.78357696533203
2018-08-09,119.2300033569336,119.79000091552734,94.57306671142578
2018-08-10,120.37000274658203,120.66000366210938,95.25995635986328
2018-08-13,120.25,120.41000366210938,95.06254577636719
2018-08-14,120.54000091552734,120.13999938964844,94.84942626953125
2018-08-15,120.66000366210938,120.83999633789062,95.40204620361328
2018-08-16,120.80999755859375,120.83000183105469,95.39411926269531
2018-08-17,121.08999633789062,120.9800033569336,95.51258850097656
2018-08-20,121.63999938964844,121.79000091552734,96.15202331542969
2018-08-21,121.37000274658203,121.37999725341797,95.82837677001953
2018-08-22,122.0,121.86000061035156,96.20733642578125
2018-08-23,122.0,122.05000305175781,96.35734558105469
2018-08-24,121.62000274658203,122.29000091552734,96.54676055908203
2018-08-27,121.77999877929688,121.58999633789062,95.99418640136719
2018-08-28,121.0,120.86000061035156,95.4178237915039
2018-08-29,120.94000244140625,121.0199966430664,95.54415893554688
2018-08-30,121.30999755859375,121.27999877929688,95.74946594238281
2018-08-31,121.88999938964844,121.0,95.52838134765625
2018-09-04,119.95999908447266,120.02999877929688,94.97604370117188
2018-09-05,119.76000213623047,119.70999908447266,94.72284698486328
2018-09-06,119.76000213623047,120.1500015258789,95.07096099853516
2018-09-07,119.33000183105469,119.12999725341797,94.26394653320312
2018-09-10,119.16999816894531,119.56999969482422,94.6120834350586
2018-09-11,119.08000183105469,118.66000366210938,93.89204406738281
2018-09-12,119.05000305175781,118.94000244140625,94.11358642578125
2018-09-13,119.33999633789062,119.12000274658203,94.2560043334961
2018-09-14,118.41000366210938,118.55000305175781,93.80498504638672
2018-09-17,118.18000030517578,118.55000305175781,93.80498504638672
2018-09-18,118.05999755859375,117.30999755859375,92.82379150390625
2018-09-19,117.11000061035156,116.61000061035156,92.2699203491211
2018-09-20,116.58000183105469,117.1500015258789,92.69719696044922
2018-09-21,116.87000274658203,117.0999984741211,92.65764617919922
2018-09-24,116.73999786376953,116.80000305175781,92.42027282714844
2018-09-25,116.4800033569336,116.68000030517578,92.32527923583984
2018-09-26,116.93000030517578,117.5,92.97416687011719
2018-09-27,117.23999786376953,117.58000183105469,93.03744506835938
2018-09-28,117.8499984741211,117.2699966430664,92.79215240478516
2018-10-01,116.66000366210938,116.1500015258789,92.1109619140625
2018-10-02,116.66999816894531,116.86000061035156,92.67398834228516
2018-10-03,116.2699966430664,114.83000183105469,91.06411743164062
2018-10-04,114.12999725341797,114.0199966430664,90.42176818847656
2018-10-05,113.38999938964844,113.04000091552734,89.64459991455078
2018-10-08,112.98999786376953,112.66000366210938,89.34321594238281
2018-10-09,113.13999938964844,113.80000305175781,90.24727630615234
2018-10-10,113.13999938964844,113.48999786376953,90.00146484375
2018-10-11,114.0,114.87000274658203,91.09584045410156
2018-10-12,114.38999938964844,114.47000122070312,90.77861785888672
2018-10-15,114.66000366210938,114.41999816894531,90.73900604248047
2018-10-16,114.38999938964844,114.68000030517578,90.94518280029297
2018-10-17,114.66000366210938,114.0,90.40587615966797
2018-10-18,113.62000274658203,113.95999908447266,90.3741683959961
2018-10-19,113.8499984741211,113.70999908447266,90.17591857910156
2018-10-22,113.94999694824219,113.55999755859375,90.05695343017578
2018-10-23,114.76000213623047,113.91999816894531,90.34246063232422
2018-10-24,114.36000061035156,114.77999877929688,91.02449035644531
2018-10-25,114.54000091552734,114.30000305175781,90.64385223388672
2018-10-26,114.93000030517578,114.98999786376953,91.1910171508789
2018-10-29,114.83999633789062,114.7300033569336,90.9848403930664
2018-10-30,114.26000213623047,114.16000366210938,90.5328140258789
2018-10-31,113.73999786376953,113.58000183105469,90.07283782958984
2018-11-01,112.8499984741211,113.41000366210938,90.15631866455078
2018-11-02,113.16999816894531,112.0,89.03540802001953
2018-11-05,112.4800033569336,112.44000244140625,89.3852310180664
2018-11-06,112.5999984741211,112.37000274658203,89.32954406738281
2018-11-07,113.19000244140625,112.5199966430664,89.44879150390625
2018-11-08,112.95999908447266,112.51000213623047,89.44087982177734
2018-11-09,112.75,113.3499984741211,90.10858917236328
2018-11-12,113.94999694824219,114.08999633789062,90.69686889648438
2018-11-13,113.70999908447266,114.0199966430664,90.64120483398438
2018-11-14,113.4800033569336,114.08999633789062,90.69686889648438
2018-11-15,114.44000244140625,114.04000091552734,90.65714263916016
2018-11-16,114.19999694824219,114.69999694824219,91.18184661865234
2018-11-19,114.41000366210938,115.0199966430664,91.43622589111328
2018-11-20,115.23999786376953,115.05999755859375,91.46798706054688
2018-11-21,114.88999938964844,115.0199966430664,91.43622589111328
2018-11-23,115.66999816894531,115.13999938964844,91.5315933227539
2018-11-26,114.86000061035156,114.87999725341797,91.32488250732422
2018-11-27,114.80999755859375,115.01000213623047,91.42823028564453
2018-11-28,114.8499984741211,114.44999694824219,90.98307037353516
2018-11-29,114.91999816894531,114.9000015258789,91.34080505371094
2018-11-30,115.30999755859375,115.33000183105469,91.68267822265625
2018-12-03,114.68000030517578,115.87999725341797,92.3336181640625
2018-12-04,116.80999755859375,117.81999969482422,93.87939453125
2018-12-06,118.54000091552734,118.19000244140625,94.17427062988281
2018-12-07,117.80999755859375,118.41000366210938,94.34954071044922
2018-12-10,118.87000274658203,118.9000015258789,94.7399673461914
2018-12-11,118.97000122070312,118.87999725341797,94.7240219116211
2018-12-12,118.58000183105469,118.3499984741211,94.30175018310547
2018-12-13,118.45999908447266,118.06999969482422,94.07861328125
2018-12-14,118.55000305175781,118.4800033569336,94.40533447265625
2018-12-17,118.58999633789062,119.16999816894531,94.9551010131836
2018-12-18,119.06999969482422,119.5999984741211,95.52375030517578
2018-12-19,120.11000061035156,121.18000030517578,96.78573608398438
2018-12-20,122.01000213623047,120.73999786376953,96.43431854248047
2018-12-21,121.13999938964844,120.72000122070312,96.4183120727539
2018-12-24,121.12999725341797,121.31999969482422,96.89753723144531
2018-12-26,120.98999786376953,120.0199966430664,95.8592300415039
2018-12-27,121.26000213623047,120.04000091552734,95.87516784667969
2018-12-28,120.4000015258789,121.05000305175781,96.6819076538086
2018-12-31,120.6500015258789,121.51000213623047,97.04927825927734
2019-01-02,121.66000366210938,122.1500015258789,97.56045532226562
2019-01-03,122.29000091552734,123.54000091552734,98.67063903808594
2019-01-04,122.33999633789062,122.11000061035156,97.52848815917969
2019-01-07,122.62000274658203,121.75,97.24093627929688
2019-01-08,121.69000244140625,121.43000030517578,96.98534393310547
2019-01-09,121.26000213623047,121.23999786376953,96.8336181640625
2019-01-10,121.27999877929688,120.45999908447266,96.21060943603516
2019-01-11,120.83000183105469,120.93000030517578,96.58602905273438
2019-01-14,120.9000015258789,120.4800033569336,96.22662353515625
2019-01-15,120.55999755859375,120.04000091552734,95.87516784667969
2019-01-16,119.58999633789062,120.16000366210938,95.97102355957031
2019-01-17,120.22000122070312,120.19000244140625,95.9950180053711
2019-01-18,119.83999633789062,119.55999755859375,95.4917984008789
2019-01-22,120.30999755859375,120.37000274658203,96.13875579833984
2019-01-23,119.87999725341797,120.31999969482422,96.09883117675781
2019-01-24,120.91000366210938,121.11000061035156,96.72984313964844
2019-01-25,120.58999633789062,120.52999877929688,96.26656341552734
2019-01-28,120.54000091552734,120.41000366210938,96.17070007324219
2019-01-29,120.52999877929688,121.0199966430664,96.65794372558594
2019-01-30,120.83999633789062,120.93000030517578,96.58602905273438
2019-01-31,121.55000305175781,121.97000122070312,97.41671752929688
2019-02-01,121.4800033569336,120.95999908447266,96.82830047607422
2019-02-04,120.44000244140625,120.41999816894531,96.39603424072266
2019-02-05,120.7300033569336,120.97000122070312,96.8363265991211
2019-02-06,121.36000061035156,121.02999877929688,96.88436126708984
2019-02-07,121.45999908447266,121.83000183105469,97.52470397949219
2019-02-08,122.26000213623047,122.3499984741211,97.94097900390625
2019-02-11,121.86000061035156,121.87000274658203,97.55677032470703
2019-02-12,121.66000366210938,121.55999755859375,97.30858612060547
2019-02-13,121.1500015258789,121.0999984741211,96.94037628173828
2019-02-14,122.13999938964844,121.79000091552734,97.49272918701172
2019-02-15,121.55999755859375,121.9800033569336,97.64485931396484
2019-02-19,122.41999816894531,122.29000091552734,97.89298248291016
2019-02-20,121.94999694824219,121.94000244140625,97.61278533935547
2019-02-21,121.06999969482422,120.8499984741211,96.74024963378906
2019-02-22,121.47000122070312,121.56999969482422,97.31658935546875
2019-02-25,121.16999816894531,121.20999908447266,97.02843475341797
2019-02-26,121.7300033569336,121.80999755859375,97.50872802734375
2019-02-27,121.12000274658203,120.43000030517578,96.40404510498047
2019-02-28,120.55999755859375,120.0199966430664,96.07582092285156
2019-03-01,119.33000183105469,118.66000366210938,95.1878662109375
2019-03-04,119.29000091552734,119.58999633789062,95.933837890625
2019-03-05,119.27999877929688,119.83999633789062,96.13441467285156
2019-03-06,119.91999816894531,120.27999877929688,96.48736572265625
2019-03-07,120.63999938964844,121.05999755859375,97.1130599975586
2019-03-08,121.12000274658203,121.56999969482422,97.52217864990234
2019-03-11,121.4000015258789,121.20999908447266,97.23339080810547
2019-03-12,121.30000305175781,122.05999755859375,97.91524505615234
2019-03-13,121.66000366210938,121.83000183105469,97.73072814941406
2019-03-14,121.69000244140625,120.94999694824219,97.02482604980469
2019-03-15,121.73999786376953,121.75,97.66658782958984
2019-03-18,121.56999969482422,121.68000030517578,97.61044311523438
2019-03-19,121.08999633789062,121.41000366210938,97.39386749267578
2019-03-20,121.73999786376953,122.68000030517578,98.4126205444336
2019-03-21,122.95999908447266,122.94999694824219,98.62922668457031
2019-03-22,124.20999908447266,124.86000061035156,100.1613998413086
2019-03-25,124.80999755859375,125.05999755859375,100.32183074951172
2019-03-26,124.69999694824219,124.97000122070312,100.2496337890625
2019-03-27,125.41999816894531,126.12000274658203,101.17218780517578
2019-03-28,126.25,126.55999755859375,101.5251235961914
2019-03-29,125.68000030517578,126.44000244140625,101.42884826660156
2019-04-01,125.29000091552734,124.37000274658203,99.98817443847656
2019-04-02,124.4800033569336,124.5999984741211,100.17303466796875
2019-04-03,123.61000061035156,123.5199966430664,99.30477905273438
2019-04-04,123.5999984741211,123.87000274658203,99.58618927001953
2019-04-05,123.62000274658203,124.02999877929688,99.71481323242188
2019-04-08,123.83000183105469,123.58999633789062,99.36109161376953
2019-04-09,124.22000122070312,123.9800033569336,99.67463684082031
2019-04-10,124.2699966430664,124.27999877929688,99.91580963134766
2019-04-11,123.93000030517578,123.55000305175781,99.32890319824219
2019-04-12,122.88999938964844,122.66999816894531,98.62145233154297
2019-04-15,122.77999877929688,122.9800033569336,98.87064361572266
2019-04-16,122.51000213623047,122.20999908447266,98.2516098022461
2019-04-17,122.12999725341797,122.26000213623047,98.29183959960938
2019-04-18,122.80999755859375,122.9000015258789,98.80632781982422
2019-04-22,122.47000122070312,122.30999755859375,98.3320083618164
2019-04-23,122.61000061035156,122.56999969482422,98.54106140136719
2019-04-24,123.11000061035156,123.56999969482422,99.34500122070312
2019-04-25,123.48999786376953,123.38999938964844,99.20028686523438
2019-04-26,123.9800033569336,123.80999755859375,99.5379409790039
2019-04-29,123.2300033569336,123.0199966430664,98.90280151367188
2019-04-30,122.94999694824219,123.6500015258789,99.40933990478516
2019-05-01,123.69000244140625,123.9000015258789,99.81940460205078
2019-05-02,123.68000030517578,123.30999755859375,99.34403991699219
2019-05-03,123.66000366210938,123.66000366210938,99.62602996826172
2019-05-06,124.30999755859375,124.0,99.89994049072266
2019-05-07,124.52999877929688,124.94999694824219,100.66531372070312
2019-05-08,125.1500015258789,124.41000366210938,100.23027801513672
2019-05-09,125.11000061035156,124.91999816894531,100.64116668701172
2019-05-10,124.88999938964844,124.75,100.50415802001953
2019-05-13,125.4000015258789,125.7300033569336,101.29376220703125
2019-05-14,125.51000213623047,125.36000061035156,100.9956283569336
2019-05-15,126.20999908447266,126.12999725341797,101.61595916748047
2019-05-16,125.80999755859375,125.70999908447266,101.2776107788086
2019-05-17,126.27999877929688,125.98999786376953,101.503173828125
2019-05-20,126.12000274658203,125.7300033569336,101.29376220703125
2019-05-21,125.5999984741211,125.52999877929688,101.13257598876953
2019-05-22,125.7699966430664,126.25,101.71267700195312
2019-05-23,126.88999938964844,127.66999816894531,102.85665130615234
2019-05-24,127.55999755859375,127.77999877929688,102.9452896118164
2019-05-28,128.27000427246094,128.6999969482422,103.68645477294922
2019-05-29,129.6699981689453,129.08999633789062,104.00065612792969
2019-05-30,129.3300018310547,130.1999969482422,104.89492797851562
2019-05-31,130.89999389648438,131.8300018310547,106.20818328857422
2019-06-03,131.91000366210938,132.44000244140625,106.91858673095703
2019-06-04,131.38999938964844,130.92999267578125,105.69950103759766
2019-06-05,130.52000427246094,130.19000244140625,105.10212707519531
2019-06-06,130.97000122070312,130.61000061035156,105.44121551513672
2019-06-07,131.7899932861328,131.74000549316406,106.35346984863281
2019-06-10,130.67999267578125,130.5,105.35238647460938
2019-06-11,130.4199981689453,130.5800018310547,105.4169692993164
2019-06-12,130.38999938964844,130.67999267578125,105.49775695800781
2019-06-13,130.8000030517578,131.1300048828125,105.86104583740234
2019-06-14,131.10000610351562,131.4600067138672,106.12743377685547
2019-06-17,131.38999938964844,131.69000244140625,106.31309509277344
2019-06-18,132.74000549316406,132.35000610351562,106.845947265625
2019-06-19,131.86000061035156,132.5399932861328,106.99928283691406
2019-06-20,132.91000366210938,132.88999938964844,107.28182983398438
2019-06-21,132.50999450683594,131.42999267578125,106.10316467285156
2019-06-24,132.16000366210938,132.41000366210938,106.89434814453125
2019-06-25,132.7899932861328,132.82000732421875,107.22537231445312
2019-06-26,132.67999267578125,131.97000122070312,106.53913879394531
2019-06-27,132.30999755859375,132.89999389648438,107.28992462158203
2019-06-28,132.5800018310547,132.80999755859375,107.2172622680664
2019-07-01,132.57000732421875,132.24000549316406,106.96654510498047
2019-07-02,132.57000732421875,133.25999450683594,107.79158020019531
2019-07-03,133.52000427246094,134.2100067138672,108.5600357055664
2019-07-05,132.5399932861328,132.42999267578125,107.12020111083984
2019-07-08,133.0500030517578,132.61000061035156,107.26578521728516
2019-07-09,132.67999267578125,132.55999755859375,107.2253646850586
2019-07-10,132.35000610351562,131.8300018310547,106.63489532470703
2019-07-11,131.30999755859375,130.07000732421875,105.21123504638672
2019-07-12,129.9199981689453,130.22000122070312,105.33259582519531
2019-07-15,130.4499969482422,130.97000122070312,105.93925476074219
2019-07-16,130.1699981689453,130.5800018310547,105.62374877929688
2019-07-17,131.05999755859375,131.99000549316406,106.76431274414062
2019-07-18,131.47000122070312,132.0,106.77236938476562
2019-07-19,131.58999633789062,131.69000244140625,106.52162170410156
2019-07-22,132.47000122070312,131.94000244140625,106.72384643554688
2019-07-23,131.60000610351562,131.22000122070312,106.14144897460938
2019-07-24,131.60000610351562,131.7899932861328,106.60252380371094
2019-07-25,131.25,131.16000366210938,106.09288024902344
2019-07-26,131.6999969482422,131.47000122070312,106.34368133544922
2019-07-29,131.82000732421875,131.50999450683594,106.37606048583984
2019-07-30,132.0,131.8300018310547,106.63489532470703
2019-07-31,131.6999969482422,132.88999938964844,107.49227142333984
2019-08-01,133.38999938964844,135.25999450683594,109.62715911865234
2019-08-02,135.66000366210938,136.50999450683594,110.6402587890625
2019-08-05,138.13999938964844,138.8699951171875,112.55300903320312
2019-08-06,138.1999969482422,139.97999572753906,113.45262908935547
2019-08-07,142.39999389648438,140.02999877929688,113.4931869506836
2019-08-08,139.13999938964844,140.3300018310547,113.73633575439453
2019-08-09,140.6699981689453,140.0500030517578,113.50940704345703
2019-08-12,141.72000122070312,142.97000122070312,115.87604522705078
2019-08-13,143.80999755859375,142.47999572753906,115.4789047241211
2019-08-14,145.16000366210938,145.69000244140625,118.08057403564453
2019-08-15,145.9499969482422,147.30999755859375,119.39356231689453
2019-08-16,146.05999755859375,146.1300048828125,118.43717956542969
2019-08-19,143.57000732421875,144.0399932861328,116.74324035644531
2019-08-20,145.27999877929688,145.52999877929688,117.95085144042969
2019-08-21,144.72000122070312,144.55999755859375,117.16471099853516
2019-08-22,144.0,143.60000610351562,116.38665771484375
2019-08-23,143.52000427246094,145.9600067138672,118.29942321777344
2019-08-26,145.8699951171875,145.3699951171875,117.82122802734375
2019-08-27,146.6300048828125,147.61000061035156,119.63673400878906
2019-08-28,148.77999877929688,147.8000030517578,119.79071044921875
2019-08-29,147.25,147.24000549316406,119.33683013916016
2019-08-30,146.61000061035156,147.27999877929688,119.36927032470703
2019-09-03,147.08999633789062,147.2100067138672,119.52352905273438
2019-09-04,146.52999877929688,147.42999267578125,119.7021484375
2019-09-05,145.66000366210938,144.75999450683594,117.53428649902344
2019-09-06,145.25999450683594,145.7899932861328,118.37059020996094
2019-09-09,143.8300018310547,143.1999969482422,116.26775360107422
2019-09-10,142.83999633789062,140.69000244140625,114.22978210449219
2019-09-11,140.39999389648438,140.44000244140625,114.02677154541016
2019-09-12,141.5,139.52000427246094,113.27978515625
2019-09-13,138.27999877929688,136.5399932861328,110.86027526855469
2019-09-16,137.8800048828125,138.27999877929688,112.27300262451172
2019-09-17,138.36000061035156,139.02999877929688,112.88194274902344
2019-09-18,139.92999267578125,139.6199951171875,113.36103820800781
2019-09-19,140.75999450683594,140.0399932861328,113.70201110839844
2019-09-20,140.77000427246094,141.88999938964844,115.20406341552734
2019-09-23,142.24000549316406,141.86000061035156,115.17976379394531
2019-09-24,142.4199981689453,143.57000732421875,116.56810760498047
2019-09-25,143.25999450683594,141.47000122070312,114.86308288574219
2019-09-26,142.27000427246094,142.3800048828125,115.60191345214844
2019-09-27,142.32000732421875,142.72999572753906,115.88609313964844
2019-09-30,141.8800048828125,143.0800018310547,116.17022705078125
2019-10-01,141.25999450683594,143.25999450683594,116.52001190185547
2019-10-02,143.4600067138672,143.61000061035156,116.80470275878906
2019-10-03,143.97999572753906,144.9199981689453,117.87016296386719
2019-10-04,145.35000610351562,145.99000549316406,118.74046325683594
2019-10-07,145.16000366210938,144.77999877929688,117.75627136230469
2019-10-08,145.82000732421875,145.1699981689453,118.07345581054688
2019-10-09,144.60000610351562,144.35000610351562,117.40654754638672
2019-10-10,143.1199951171875,142.1999969482422,115.65787506103516
2019-10-11,140.97999572753906,140.44000244140625,114.22632598876953
2019-10-14,141.47999572753906,141.4600067138672,115.05593872070312
2019-10-15,140.6699981689453,139.75,113.66510009765625
2019-10-16,139.63999938964844,139.9199981689453,113.80342102050781
2019-10-17,139.52000427246094,139.5800018310547,113.52690124511719
2019-10-18,139.80999755859375,139.5800018310547,113.52690124511719
2019-10-21,138.57000732421875,138.52999877929688,112.67289733886719
2019-10-22,139.3800048828125,139.33999633789062,113.33168029785156
2019-10-23,140.02999877929688,139.47999572753906,113.44551086425781
2019-10-24,139.67999267578125,139.1999969482422,113.21784210205078
2019-10-25,139.52999877929688,138.52000427246094,112.66473388671875
2019-10-28,137.5800018310547,137.25999450683594,111.63990020751953
2019-10-29,137.6199951171875,137.35000610351562,111.7131118774414
2019-10-30,137.77000427246094,139.36000061035156,113.3479232788086
2019-10-31,140.47999572753906,141.24000549316406,114.87703704833984
2019-11-01,140.72999572753906,140.55999755859375,114.52334594726562
2019-11-04,138.97000122070312,138.7100067138672,113.01611328125
2019-11-05,137.22000122070312,137.14999389648438,111.74503326416016
2019-11-06,138.02000427246094,137.97999572753906,112.42134857177734
2019-11-07,136.35000610351562,135.47999572753906,110.38442993164062
2019-11-08,135.14999389648438,134.91000366210938,109.91999816894531
2019-11-11,135.3800048828125,135.0,109.99331665039062
2019-11-12,135.27999877929688,135.6199951171875,110.49847412109375
2019-11-13,136.80999755859375,136.5,111.2154541015625
2019-11-14,137.8000030517578,137.91000366210938,112.36431121826172
2019-11-15,137.47999572753906,137.75999450683594,112.24205017089844
2019-11-18,138.2100067138672,138.00999450683594,112.4457778930664
2019-11-19,138.3699951171875,139.16000366210938,113.38278198242188
2019-11-20,139.91000366210938,140.60000610351562,114.55604553222656
2019-11-21,139.63999938964844,139.72000122070312,113.83903503417969
2019-11-22,140.10000610351562,139.89999389648438,113.98565673828125
2019-11-25,140.3000030517578,140.30999755859375,114.3197250366211
2019-11-26,141.0,141.1300048828125,114.98783111572266
2019-11-27,140.60000610351562,140.72000122070312,114.6537857055664
2019-11-29,140.6199951171875,140.4199981689453,114.40937042236328
2019-12-02,138.13999938964844,138.30999755859375,112.88394927978516
2019-12-03,140.0399932861328,141.2100067138672,115.2508544921875
2019-12-04,140.33999633789062,139.8000030517578,114.10001373291016
2019-12-05,138.66000366210938,139.1199951171875,113.54498291015625
2019-12-06,138.02999877929688,138.35000610351562,112.91661071777344
2019-12-09,138.99000549316406,138.64999389648438,113.16143798828125
2019-12-10,139.17999267578125,138.66000366210938,113.16959381103516
2019-12-11,139.3000030517578,139.75,114.05921173095703
2019-12-12,139.19000244140625,137.4499969482422,112.18199920654297
2019-12-13,138.1199951171875,139.0399932861328,113.47972869873047
2019-12-16,138.39999389648438,137.7899932861328,112.45956420898438
2019-12-17,138.2100067138672,137.60000610351562,112.30448913574219
2019-12-18,137.3000030517578,136.47000122070312,111.3822250366211
2019-12-19,136.0,136.47000122070312,111.5604019165039
2019-12-20,136.1300048828125,136.64999389648438,111.70753479003906
2019-12-23,136.80999755859375,136.4499969482422,111.54409790039062
2019-12-24,135.9199981689453,136.83999633789062,111.86285400390625
2019-12-26,136.91000366210938,137.1699981689453,112.13260650634766
2019-12-27,137.44000244140625,137.32000732421875,112.25524139404297
2019-12-30,135.88999938964844,136.82000732421875,111.84654235839844
2019-12-31,136.2100067138672,135.47999572753906,110.7510986328125
2020-01-02,136.7899932861328,137.00999450683594,112.00186920166016
2020-01-03,138.27000427246094,139.1199951171875,113.72662353515625
2020-01-06,139.69000244140625,138.3300018310547,113.08091735839844
2020-01-07,138.22000122070312,137.64999389648438,112.52500915527344
2020-01-08,137.92999267578125,136.74000549316406,111.78112030029297
2020-01-09,136.0,137.22000122070312,112.17350006103516
2020-01-10,137.6699981689453,138.44000244140625,113.17082214355469
2020-01-13,137.8800048828125,138.02000427246094,112.82748413085938
2020-01-14,138.17999267578125,138.72999572753906,113.40789031982422
2020-01-15,139.52000427246094,139.64999389648438,114.15999603271484
2020-01-16,139.25999450683594,139.2100067138672,113.80030059814453
2020-01-17,137.5800018310547,138.02000427246094,112.82748413085938
2020-01-21,138.80999755859375,139.47000122070312,114.01280975341797
2020-01-22,139.72000122070312,139.9600067138672,114.41341400146484
2020-01-23,140.85000610351562,140.94000244140625,115.21453094482422
2020-01-24,141.4199981689453,142.0800018310547,116.1465072631836
2020-01-27,143.9499969482422,144.2899932861328,117.95301818847656
2020-01-28,143.92999267578125,143.16000366210938,117.02934265136719
2020-01-29,143.44000244140625,144.55999755859375,118.17375183105469
2020-01-30,144.89999389648438,144.5800018310547,118.19014739990234
2020-01-31,145.1699981689453,145.89999389648438,119.2691650390625
2020-02-03,144.9499969482422,145.5399932861328,119.17253875732422
2020-02-04,143.99000549316406,143.5800018310547,117.56766510009766
2020-02-05,142.3000030517578,142.00999450683594,116.28202056884766
2020-02-06,142.17999267578125,142.64999389648438,116.80609893798828
2020-02-07,144.22000122070312,144.42999267578125,118.26358795166016
2020-02-10,145.10000610351562,144.8300018310547,118.59123229980469
2020-02-11,144.58999633789062,144.10000610351562,117.99344635009766
2020-02-12,143.3699951171875,143.3699951171875,117.39569854736328
2020-02-13,143.44000244140625,143.9199981689453,117.84605407714844
2020-02-14,144.75999450683594,144.5500030517578,118.36189270019531
2020-02-18,145.33999633789062,145.5399932861328,119.17253875732422
2020-02-19,145.1199951171875,145.52999877929688,119.16434478759766
2020-02-20,146.0800018310547,146.6699981689453,120.09784698486328
2020-02-21,147.8000030517578,148.0399932861328,121.21959686279297
2020-02-24,150.8300018310547,150.25,123.02924346923828
2020-02-25,150.2100067138672,151.0500030517578,123.68431091308594
2020-02-26,149.9499969482422,150.25,123.02924346923828
2020-02-27,152.6999969482422,151.8800048828125,124.36398315429688
2020-02-28,154.4499969482422,155.30999755859375,127.17249298095703
2020-03-02,155.3000030517578,153.94000244140625,126.2369155883789
2020-03-03,153.80999755859375,156.3300018310547,128.1967315673828
2020-03-04,156.41000366210938,154.6699981689453,126.83546447753906
2020-03-05,157.1300048828125,158.52000427246094,129.9926300048828
2020-03-06,167.3000030517578,166.77000427246094,136.75796508789062
2020-03-09,179.10000610351562,171.2899932861328,140.4645538330078
2020-03-10,169.63999938964844,162.50999450683594,133.26458740234375
2020-03-11,165.42999267578125,156.52999877929688,128.3607177734375
2020-03-12,163.50999450683594,157.5,129.15625
2020-03-13,155.0,153.94000244140625,126.2369155883789
2020-03-16,160.3800048828125,163.91000366210938,134.4127197265625
2020-03-17,163.5,152.97999572753906,125.4496078491211
2020-03-18,152.83999633789062,144.35000610351562,118.37271118164062
2020-03-19,146.9499969482422,148.27999877929688,121.59549713134766
2020-03-20,153.3000030517578,159.42999267578125,130.7388916015625
2020-03-23,157.5,166.0,136.1265411376953
2020-03-24,161.25,162.91000366210938,133.59259033203125
2020-03-25,163.58999633789062,162.5399932861328,133.28915405273438
2020-03-26,164.0,163.33999633789062,133.94522094726562
2020-03-27,165.52000427246094,167.6999969482422,137.5205535888672
2020-03-30,168.3000030517578,166.32000732421875,136.3888397216797
2020-03-31,165.6999969482422,164.97000122070312,135.28195190429688
2020-04-01,168.47999572753906,167.0399932861328,137.17727661132812
2020-04-02,168.8300018310547,168.10000610351562,138.04774475097656
2020-04-03,168.5500030517578,168.5,138.37628173828125
2020-04-06,167.0,168.05999755859375,138.01492309570312
2020-04-07,164.9600067138672,166.3000030517578,136.56956481933594
2020-04-08,165.11000061035156,165.08999633789062,135.5758514404297
2020-04-09,164.27999877929688,165.38999938964844,135.822265625
2020-04-13,164.75,163.8800048828125,134.5821990966797
2020-04-14,163.83999633789062,163.83999633789062,134.54937744140625
2020-04-15,166.8000030517578,168.17999267578125,138.1134490966797
2020-04-16,169.25999450683594,170.08999633789062,139.6820068359375
2020-04-17,169.82000732421875,167.80999755859375,137.8096466064453
2020-04-20,168.44000244140625,169.16000366210938,138.91827392578125
2020-04-21,171.92999267578125,171.2899932861328,140.66749572753906
2020-04-22,169.97000122070312,169.5399932861328,139.23028564453125
2020-04-23,169.8699951171875,170.44000244140625,139.96951293945312
2020-04-24,169.61000061035156,170.83999633789062,140.29795837402344
2020-04-27,169.66000366210938,167.66000366210938,137.6864471435547
2020-04-28,168.5500030517578,169.58999633789062,139.2713623046875
2020-04-29,169.52999877929688,168.7100067138672,138.54873657226562
2020-04-30,168.74000549316406,166.74000549316406,136.93093872070312
2020-05-01,167.5,167.9499969482422,138.103515625
2020-05-04,167.55999755859375,167.16000366210938,137.453857421875
2020-05-05,165.57000732421875,166.08999633789062,136.57408142089844
2020-05-06,163.22999572753906,163.41000366210938,134.37026977539062
2020-05-07,163.55999755859375,166.13999938964844,136.61512756347656
2020-05-08,164.49000549316406,163.97999572753906,134.83900451660156
2020-05-11,163.66000366210938,162.6999969482422,133.7864532470703
2020-05-12,163.16000366210938,164.3699951171875,135.1597137451172
2020-05-13,165.08999633789062,165.52000427246094,136.10531616210938
2020-05-14,167.32000732421875,167.13999938964844,137.4374542236328
2020-05-15,168.3000030517578,166.7100067138672,137.0838623046875
2020-05-18,164.92999267578125,163.0500030517578,134.07431030273438
2020-05-19,162.52000427246094,163.66000366210938,134.575927734375
2020-05-20,163.1699981689453,164.14999389648438,134.97877502441406
2020-05-21,164.86000061035156,164.55999755859375,135.3159942626953
2020-05-22,164.72000122070312,165.5500030517578,136.12997436523438
2020-05-26,163.7100067138672,163.3300018310547,134.30453491210938
2020-05-27,162.7899932861328,163.02999877929688,134.0578155517578
2020-05-28,161.9600067138672,162.42999267578125,133.5644989013672
2020-05-29,162.7100067138672,163.58999633789062,134.518310546875
2020-06-01,162.10000610351562,162.27999877929688,133.6126708984375
2020-06-02,161.6699981689453,161.69000244140625,133.1267852783203
2020-06-03,160.17999267578125,159.5399932861328,131.35665893554688
2020-06-04,158.9199981689453,157.22999572753906,129.4547576904297
2020-06-05,154.61000061035156,156.11000061035156,128.53257751464844
2020-06-08,155.07000732421875,156.7100067138672,129.026611328125
2020-06-09,159.0500030517578,158.49000549316406,130.4920654296875
2020-06-10,159.24000549316406,160.83999633789062,132.42710876464844
2020-06-11,163.25,163.8800048828125,134.92999267578125
2020-06-12,162.41000366210938,162.3000030517578,133.62913513183594
2020-06-15,163.88999938964844,162.38999938964844,133.70315551757812
2020-06-16,159.41000366210938,159.89999389648438,131.65304565429688
2020-06-17,160.27000427246094,160.55999755859375,132.1964111328125
2020-06-18,162.0399932861328,162.25999450683594,133.5961456298828
2020-06-19,161.0,162.38999938964844,133.70315551757812
2020-06-22,163.19000244140625,162.41000366210938,133.7196502685547
2020-06-23,161.47999572753906,161.3000030517578,132.80577087402344
2020-06-24,161.52999877929688,163.02999877929688,134.23007202148438
2020-06-25,164.2100067138672,163.5,134.61708068847656
2020-06-26,164.25,165.25,136.0579833984375
2020-06-29,164.85000610351562,164.72999572753906,135.62979125976562
2020-06-30,165.22999572753906,163.92999267578125,134.97116088867188
2020-07-01,162.80999755859375,163.4199981689453,134.70909118652344
2020-07-02,162.6999969482422,163.58999633789062,134.84918212890625
2020-07-06,162.3300018310547,162.9199981689453,134.29685974121094
2020-07-07,163.4199981689453,165.2100067138672,136.18450927734375
2020-07-08,164.32000732421875,164.5500030517578,135.6404571533203
2020-07-09,164.66000366210938,167.1699981689453,137.8002166748047
2020-07-10,167.9499969482422,166.3300018310547,137.10777282714844
2020-07-13,165.5,166.8800048828125,137.5611572265625
2020-07-14,167.92999267578125,167.1199951171875,137.7589569091797
2020-07-15,165.9199981689453,166.33999633789062,137.1160430908203
2020-07-16,167.39999389648438,167.1300048828125,137.76722717285156
2020-07-17,167.27000427246094,166.77999877929688,137.4787139892578
2020-07-20,167.50999450683594,167.19000244140625,137.8166961669922
2020-07-21,167.3000030517578,167.2899932861328,137.89910888671875
2020-07-22,168.25999450683594,167.7899932861328,138.31126403808594
2020-07-23,168.9199981689453,169.75,139.92694091796875
2020-07-24,169.00999450683594,169.74000549316406,139.91871643066406
2020-07-27,170.25,169.11000061035156,139.39935302734375
2020-07-28,169.5399932861328,170.27999877929688,140.36380004882812
2020-07-29,170.0500030517578,169.99000549316406,140.12474060058594
2020-07-30,171.0500030517578,171.11000061035156,141.0479278564453
2020-07-31,170.14999389648438,171.0,140.95721435546875
2020-08-03,169.24000549316406,169.9499969482422,140.24761962890625
2020-08-04,170.8300018310547,171.57000732421875,141.58450317382812
2020-08-05,170.05999755859375,170.07000732421875,140.3466339111328
2020-08-06,171.3800048828125,171.02000427246094,141.13063049316406
2020-08-07,171.27999877929688,169.8800048828125,140.18983459472656
2020-08-10,170.22000122070312,169.1199951171875,139.56263732910156
2020-08-11,167.1699981689453,167.11000061035156,137.9039764404297
2020-08-12,165.6999969482422,165.58999633789062,136.64962768554688
2020-08-13,165.30999755859375,163.82000732421875,135.18890380859375
2020-08-14,163.80999755859375,163.17999267578125,134.66082763671875
2020-08-17,163.97000122070312,163.58999633789062,134.9991455078125
2020-08-18,164.36000061035156,164.75999450683594,135.96470642089844
2020-08-19,165.3699951171875,163.72999572753906,135.1146697998047
2020-08-20,165.38999938964844,165.2100067138672,136.3359832763672
2020-08-21,165.77000427246094,166.1999969482422,137.15296936035156
2020-08-24,166.32000732421875,165.92999267578125,136.93017578125
2020-08-25,164.35000610351562,164.66000366210938,135.88218688964844
2020-08-26,164.0500030517578,164.02999877929688,135.3622283935547
2020-08-27,164.75999450683594,161.24000549316406,133.05987548828125
2020-08-28,161.77000427246094,161.1199951171875,132.9608612060547
2020-08-31,161.60000610351562,162.19000244140625,133.84378051757812
2020-09-01,161.75999450683594,163.86000061035156,135.37469482421875
2020-09-02,163.50999450683594,165.4199981689453,136.66354370117188
2020-09-03,165.75,165.88999938964844,137.05178833007812
2020-09-04,164.41000366210938,162.74000549316406,134.44940185546875
2020-09-08,164.3699951171875,163.74000549316406,135.27554321289062
2020-09-09,163.94000244140625,163.3000030517578,134.91201782226562
2020-09-10,162.4600067138672,164.1300048828125,135.59779357910156
2020-09-11,164.30999755859375,164.47999572753906,135.8869171142578
2020-09-14,164.7899932861328,164.47000122070312,135.8785858154297
2020-09-15,164.1699981689453,164.07000732421875,135.5482177734375
2020-09-16,164.77999877929688,163.5800018310547,135.1433868408203
2020-09-17,164.89999389648438,164.0800018310547,135.55648803710938
2020-09-18,164.1699981689453,163.57000732421875,135.13510131835938
2020-09-21,164.88999938964844,164.39999389648438,135.8208465576172
2020-09-22,164.44000244140625,164.27000427246094,135.71351623535156
2020-09-23,164.3000030517578,164.49000549316406,135.8952178955078
2020-09-24,164.9600067138672,165.1199951171875,136.41566467285156
2020-09-25,165.11000061035156,165.1199951171875,136.41566467285156
2020-09-28,164.8699951171875,164.64999389648438,136.02737426757812
2020-09-29,164.8000030517578,164.83999633789062,136.184326171875
2020-09-30,164.0,163.25999450683594,134.87905883789062
2020-10-01,162.50999450683594,163.36000061035156,135.10142517089844
2020-10-02,163.61000061035156,162.75,134.5970001220703
2020-10-05,160.9499969482422,159.57000732421875,131.96707153320312
2020-10-06,159.3300018310547,160.42999267578125,132.6782989501953
2020-10-07,159.55999755859375,159.25999450683594,131.71067810058594
2020-10-08,159.97000122070312,160.1199951171875,132.42189025878906
2020-10-09,159.52000427246094,160.08999633789062,132.39710998535156
2020-10-12,160.42999267578125,160.60000610351562,132.8188934326172
2020-10-13,161.2100067138672,161.75,133.76995849609375
2020-10-14,162.3300018310547,162.1199951171875,134.07598876953125
2020-10-15,163.0399932861328,161.83999633789062,133.8444061279297
2020-10-16,161.66000366210938,161.38999938964844,133.47219848632812
2020-10-19,160.5,160.77999877929688,132.96778869628906
2020-10-20,159.86000061035156,159.25,131.70245361328125
2020-10-21,158.7899932861328,158.6999969482422,131.24755859375
2020-10-22,158.2899932861328,157.0500030517578,129.8830108642578
2020-10-23,156.80999755859375,158.00999450683594,130.6769256591797
2020-10-26,159.2100067138672,159.47999572753906,131.892578125
2020-10-27,160.22999572753906,160.5500030517578,132.77755737304688
2020-10-28,161.3800048828125,160.6999969482422,132.90158081054688
2020-10-29,160.72999572753906,159.13999938964844,131.6114501953125
2020-10-30,159.02999877929688,157.57000732421875,130.3131103515625
2020-11-02,158.6999969482422,158.5800018310547,131.28915405273438
2020-11-03,157.85000610351562,157.66000366210938,130.52745056152344
2020-11-04,161.63999938964844,161.0800018310547,133.35888671875
2020-11-05,161.63999938964844,161.36000061035156,133.59072875976562
2020-11-06,159.6199951171875,159.41000366210938,131.97630310058594
2020-11-09,155.97000122070312,156.05999755859375,129.2028045654297
2020-11-10,154.9600067138672,155.16000366210938,128.4576873779297
2020-11-11,155.02000427246094,155.72000122070312,128.92132568359375
2020-11-12,156.94000244140625,158.3699951171875,131.1153106689453
2020-11-13,158.36000061035156,158.16000366210938,130.9414520263672
2020-11-16,157.72999572753906,157.77999877929688,130.62684631347656
2020-11-17,158.77000427246094,158.80999755859375,131.4795684814453
2020-11-18,159.44000244140625,159.27000427246094,131.8603973388672
2020-11-19,159.97000122070312,160.08999633789062,132.53929138183594
2020-11-20,160.52999877929688,161.50999450683594,133.71495056152344
2020-11-23,160.82000732421875,160.77000427246094,133.10226440429688
2020-11-24,159.99000549316406,159.1699981689453,131.777587890625
2020-11-25,159.25,158.67999267578125,131.37196350097656
2020-11-27,159.61000061035156,160.22000122070312,132.64688110351562
2020-11-30,160.02999877929688,160.02000427246094,132.48129272460938
2020-12-01,158.5500030517578,157.5,130.52796936035156
2020-12-02,156.8800048828125,156.25,129.49203491210938
2020-12-03,156.94000244140625,157.50999450683594,130.53623962402344
2020-12-04,155.69000244140625,155.1999969482422,128.6218719482422
2020-12-07,156.35000610351562,156.60000610351562,129.7821502685547
2020-12-08,157.57000732421875,157.33999633789062,130.39540100097656
2020-12-09,156.5500030517578,156.82000732421875,129.96438598632812
2020-12-10,157.24000549316406,158.2100067138672,131.1163787841797
2020-12-11,158.64999389648438,158.77000427246094,131.5805206298828
2020-12-14,157.49000549316406,158.3300018310547,131.21583557128906
2020-12-15,157.77999877929688,157.8000030517578,130.7766571044922
2020-12-16,156.5800018310547,157.3800048828125,130.42852783203125
2020-12-17,158.1300048828125,156.8000030517578,130.08338928222656
2020-12-18,157.1199951171875,156.3300018310547,129.69342041015625
2020-12-21,157.1999969482422,156.9499969482422,130.2078094482422
2020-12-22,157.55999755859375,157.75999450683594,130.87979125976562
2020-12-23,156.6199951171875,156.6699981689453,129.97552490234375
2020-12-24,156.89999389648438,157.2899932861328,130.48995971679688
2020-12-28,156.3800048828125,157.36000061035156,130.54798889160156
2020-12-29,156.38999938964844,157.16000366210938,130.38206481933594
2020-12-30,156.82000732421875,157.5,130.66415405273438
2020-12-31,157.4600067138672,157.72999572753906,130.85494995117188
2021-01-04,156.6699981689453,157.5399932861328,130.6973419189453
2021-01-05,156.9499969482422,156.3699951171875,129.7266387939453
2021-01-06,153.82000732421875,153.16000366210938,127.06362915039062
2021-01-07,151.7899932861328,151.80999755859375,125.94367218017578
2021-01-08,151.47999572753906,151.32000732421875,125.53716278076172
2021-01-11,151.0,151.07000732421875,125.3297119140625
2021-01-12,150.7899932861328,150.9499969482422,125.23019409179688
2021-01-13,151.66000366210938,152.64999389648438,126.64048767089844
2021-01-14,152.5800018310547,151.22000122070312,125.45416259765625
2021-01-15,152.19000244140625,151.82000732421875,125.95191955566406
2021-01-19,151.6199951171875,152.30999755859375,126.35840606689453
2021-01-20,151.99000549316406,152.4600067138672,126.48294830322266
2021-01-21,151.44000244140625,151.38999938964844,125.59521484375
2021-01-22,151.85000610351562,151.8800048828125,126.00169372558594
2021-01-25,152.75999450683594,153.6699981689453,127.48670959472656
2021-01-26,153.10000610351562,153.3800048828125,127.24617767333984
2021-01-27,154.07000732421875,153.77000427246094,127.56968688964844
2021-01-28,153.39999389648438,152.9199981689453,126.864501953125
2021-01-29,151.4199981689453,152.0,126.10127258300781
2021-02-01,151.66000366210938,152.0,126.24742889404297
2021-02-02,150.74000549316406,151.02000427246094,125.43340301513672
2021-02-03,150.42999267578125,149.67999267578125,124.32049560546875
2021-02-04,149.16000366210938,149.27999877929688,123.98832702636719
2021-02-05,149.10000610351562,148.02999877929688,122.95003509521484
2021-02-08,148.3000030517578,148.67999267578125,123.48991394042969
2021-02-09,149.22000122070312,148.7899932861328,123.58130645751953
2021-02-10,149.27999877929688,149.77999877929688,124.40357208251953
2021-02-11,149.67999267578125,148.9600067138672,123.7225112915039
2021-02-12,147.6999969482422,147.11000061035156,122.18590545654297
2021-02-16,145.22000122070312,144.8699951171875,120.32540130615234
2021-02-17,145.9499969482422,145.7899932861328,121.08958435058594
2021-02-18,144.61000061035156,145.1999969482422,120.59950256347656
2021-02-19,144.05999755859375,143.27000427246094,118.99652099609375
2021-02-22,143.02999877929688,142.17999267578125,118.09117889404297
2021-02-23,141.52000427246094,141.77000427246094,117.75064086914062
2021-02-24,139.35000610351562,140.83999633789062,116.97821044921875
2021-02-25,139.52000427246094,138.5399932861328,115.0678939819336
2021-02-26,140.77000427246094,143.1199951171875,118.87187957763672
2021-03-01,140.66000366210938,141.05999755859375,117.3019027709961
2021-03-02,140.39999389648438,141.07000732421875,117.31024932861328
2021-03-03,139.3800048828125,139.5399932861328,116.03790283203125
2021-03-04,139.6300048828125,138.63999938964844,115.28953552246094
2021-03-05,138.1699981689453,138.91000366210938,115.51403045654297
2021-03-08,138.8300018310547,137.8300018310547,114.61598205566406
2021-03-09,139.27000427246094,139.74000549316406,116.20420837402344
2021-03-10,139.8000030517578,140.02000427246094,116.43709564208984
2021-03-11,139.1699981689453,139.00999450683594,115.59716796875
2021-03-12,136.39999389648438,136.05999755859375,113.14405059814453
2021-03-15,136.49000549316406,136.86000061035156,113.80931091308594
2021-03-16,137.02000427246094,136.30999755859375,113.35195922851562
2021-03-17,135.14999389648438,135.2899932861328,112.50370788574219
2021-03-18,133.30999755859375,133.9199981689453,111.36448669433594
2021-03-19,134.0800018310547,134.75,112.05469512939453
2021-03-22,135.69000244140625,136.25999450683594,113.31034851074219
2021-03-23,136.58999633789062,137.49000549316406,114.33316802978516
2021-03-24,137.05999755859375,138.22999572753906,114.94857788085938
2021-03-25,138.38999938964844,137.13999938964844,114.04210662841797
2021-03-26,136.4199981689453,136.66000366210938,113.64298248291016
2021-03-29,136.8300018310547,135.5,112.67833709716797
2021-03-30,135.3000030517578,136.2100067138672,113.26878356933594
2021-03-31,136.33999633789062,135.4499969482422,112.63678741455078
2021-04-01,136.5500030517578,137.50999450683594,114.50621032714844
2021-04-05,136.5500030517578,136.91000366210938,114.00659942626953
2021-04-06,137.16000366210938,137.83999633789062,114.78102111816406
2021-04-07,137.4499969482422,136.8800048828125,113.98163604736328
2021-04-08,137.38999938964844,138.00999450683594,114.92255401611328
2021-04-09,137.5,137.50999450683594,114.50621032714844
2021-04-12,137.4600067138672,137.4499969482422,114.45626831054688
2021-04-13,137.3000030517578,138.47999572753906,115.31396484375
2021-04-14,138.02999877929688,138.0399932861328,114.94755554199219
2021-04-15,139.49000549316406,140.35000610351562,116.87115478515625
2021-04-16,139.10000610351562,139.25999450683594,115.9634780883789
2021-04-19,138.74000549316406,138.86000061035156,115.63043975830078
2021-04-20,138.4499969482422,139.5,116.16334533691406
2021-04-21,139.5399932861328,139.77999877929688,116.39649963378906
2021-04-22,140.0,140.38999938964844,116.90444946289062
2021-04-23,140.3800048828125,140.05999755859375,116.62964630126953
2021-04-26,140.14999389648438,139.86000061035156,116.46304321289062
2021-04-27,139.58999633789062,138.63999938964844,115.44719696044922
2021-04-28,138.64999389648438,138.72999572753906,115.52215576171875
2021-04-29,137.4499969482422,138.32000732421875,115.18070983886719
2021-04-30,138.50999450683594,138.63999938964844,115.44719696044922
2021-05-03,138.6999969482422,138.52000427246094,115.51647186279297
2021-05-04,139.49000549316406,139.4600067138672,116.30030822753906
2021-05-05,139.02999877929688,139.69000244140625,116.49212646484375
2021-05-06,139.25,139.9199981689453,116.68389129638672
2021-05-07,140.10000610351562,139.22999572753906,116.10851287841797
2021-05-10,138.9499969482422,137.82000732421875,114.93267822265625
2021-05-11,137.22999572753906,137.0399932861328,114.28218078613281
2021-05-12,136.6699981689453,135.60000610351562,113.08130645751953
2021-05-13,135.92999267578125,135.80999755859375,113.25648498535156
2021-05-14,136.52999877929688,137.0800018310547,114.31555938720703
2021-05-17,136.8300018310547,136.7899932861328,114.0737533569336
2021-05-18,136.39999389648438,136.44000244140625,113.78181457519531
2021-05-19,136.5399932861328,136.11000061035156,113.50662231445312
2021-05-20,136.75999450683594,137.22999572753906,114.440673828125
2021-05-21,137.66000366210938,137.6699981689453,114.8075942993164
2021-05-24,137.99000549316406,138.17999267578125,115.23284149169922
2021-05-25,138.6300048828125,139.4600067138672,116.30030822753906
2021-05-26,139.58999633789062,139.22000122070312,116.10016632080078
2021-05-27,138.5,138.66000366210938,115.6331558227539
2021-05-28,138.5800018310547,138.44000244140625,115.44967651367188
2021-06-01,137.82000732421875,138.2100067138672,115.42383575439453
2021-06-02,138.5500030517578,138.52999877929688,115.6910171508789
2021-06-03,138.50999450683594,138.00999450683594,115.2567367553711
2021-06-04,138.52000427246094,139.89999389648438,116.8351821899414
2021-06-07,139.58999633789062,139.47000122070312,116.47603607177734
2021-06-08,140.66000366210938,140.4499969482422,117.29444885253906
2021-06-09,141.75999450683594,141.69000244140625,118.3301010131836
2021-06-10,140.8300018310547,142.5399932861328,119.03990173339844
2021-06-11,142.30999755859375,142.30999755859375,118.84783935546875
2021-06-14,142.10000610351562,141.22000122070312,117.93755340576172
2021-06-15,140.8000030517578,141.0500030517578,117.79559326171875
2021-06-16,141.39999389648438,140.92999267578125,117.69538116455078
2021-06-17,141.86000061035156,143.0399932861328,119.45748138427734
2021-06-18,144.27999877929688,145.72999572753906,121.7040023803711
2021-06-21,144.38999938964844,143.2899932861328,119.66625213623047
2021-06-22,142.1699981689453,143.63999938964844,119.9585952758789
2021-06-23,143.11000061035156,143.27000427246094,119.6495590209961
2021-06-24,143.4199981689453,143.5,119.84165954589844
2021-06-25,143.25999450683594,142.00999450683594,118.59732055664062
2021-06-28,142.72000122070312,143.47000122070312,119.81661987304688
2021-06-29,143.10000610351562,143.7100067138672,120.01704406738281
2021-06-30,144.25,144.35000610351562,120.55152130126953
2021-07-01,143.97999572753906,144.1699981689453,120.55821990966797
2021-07-02,144.22999572753906,145.0399932861328,121.28569030761719
2021-07-06,145.72000122070312,146.74000549316406,122.70728302001953
2021-07-07,147.57000732421875,148.0399932861328,123.79443359375
2021-07-08,148.8800048828125,148.6199951171875,124.27941131591797
2021-07-09,146.8699951171875,146.52999877929688,122.53170776367188
2021-07-12,147.08999633789062,146.33999633789062,122.37278747558594
2021-07-13,146.82000732421875,145.22000122070312,121.43627166748047
2021-07-14,146.00999450683594,146.8699951171875,122.81596374511719
2021-07-15,147.9499969482422,148.49000549316406,124.17072296142578
2021-07-16,147.33999633789062,148.2100067138672,123.93659210205078
2021-07-19,150.9499969482422,151.4600067138672,126.65425872802734
2021-07-20,152.52999877929688,150.0,125.43342590332031
2021-07-21,148.17999267578125,148.10000610351562,123.84455871582031
2021-07-22,148.11000061035156,149.5,125.01524353027344
2021-07-23,147.94000244140625,148.5,124.17901611328125
2021-07-26,149.0,148.05999755859375,123.81114959716797
2021-07-27,149.3300018310547,149.63999938964844,125.13235473632812
2021-07-28,148.6699981689453,149.64999389648438,125.14067840576172
2021-07-29,148.77999877929688,148.82000732421875,124.44664764404297
2021-07-30,149.1300048828125,149.52000427246094,125.0320053100586
2021-08-02,149.4499969482422,150.6699981689453,126.14718627929688
2021-08-03,150.75,150.75,126.21415710449219
2021-08-04,151.5,151.05999755859375,126.4737319946289
2021-08-05,150.75999450683594,150.2899932861328,125.82906341552734
2021-08-06,148.32000732421875,147.77999877929688,123.72758483886719
2021-08-09,148.14999389648438,147.25,123.28382873535156
2021-08-10,147.49000549316406,146.57000732421875,122.71456146240234
2021-08-11,146.41000366210938,146.47999572753906,122.63917541503906
2021-08-12,146.08999633789062,146.24000549316406,122.43822479248047
2021-08-13,146.8300018310547,148.5500030517578,124.37227630615234
2021-08-16,149.19000244140625,148.91000366210938,124.67367553710938
2021-08-17,148.8800048828125,148.85000610351562,124.6234130859375
2021-08-18,148.7100067138672,149.35000610351562,125.0420150756836
2021-08-19,150.30999755859375,150.4499969482422,125.96300506591797
2021-08-20,150.58999633789062,150.5500030517578,126.0467529296875
2021-08-23,150.1999969482422,150.4499969482422,125.96300506591797
2021-08-24,149.75999450683594,149.27999877929688,124.9835205078125
2021-08-25,149.2100067138672,148.0399932861328,123.94529724121094
2021-08-26,147.97000122070312,148.4499969482422,124.28854370117188
2021-08-27,148.57000732421875,149.4600067138672,125.13420867919922
2021-08-30,148.99000549316406,149.85000610351562,125.46073150634766
2021-08-31,149.6699981689453,148.8300018310547,124.60665893554688
2021-09-01,149.27000427246094,148.88999938964844,124.81536865234375
2021-09-02,149.24000549316406,149.5399932861328,125.36034393310547
2021-09-03,148.27000427246094,148.17999267578125,124.22026062011719
2021-09-07,147.25999450683594,146.92999267578125,123.1723403930664
2021-09-08,147.66000366210938,147.92999267578125,124.0106201171875
2021-09-09,148.1699981689453,149.72000122070312,125.51124572753906
2021-09-10,148.89999389648438,148.39999389648438,124.4046630859375
2021-09-13,149.0399932861328,149.3000030517578,125.15914154052734
2021-09-14,149.72999572753906,151.11000061035156,126.67649841308594
2021-09-15,151.2100067138672,150.5800018310547,126.23214721679688
2021-09-16,149.6699981689453,149.88999938964844,125.65371704101562
2021-09-17,149.17999267578125,149.1699981689453,125.05009460449219
2021-09-20,150.57000732421875,151.02000427246094,126.60102844238281
2021-09-21,150.7100067138672,150.88999938964844,126.49207305908203
2021-09-22,150.7899932861328,151.7899932861328,127.24647521972656
2021-09-23,150.4199981689453,148.36000061035156,124.37115478515625
2021-09-24,147.83999633789062,146.91000366210938,123.15556335449219
2021-09-27,146.05999755859375,146.3699951171875,122.70286560058594
2021-09-28,144.3300018310547,144.08999633789062,120.79155731201172
2021-09-29,144.8000030517578,144.33999633789062,121.00110626220703
2021-09-30,144.10000610351562,144.32000732421875,120.98441314697266
2021-10-01,144.85000610351562,145.35000610351562,122.00251007080078
2021-10-04,144.6699981689453,144.97999572753906,121.69194030761719
2021-10-05,144.60000610351562,143.5800018310547,120.516845703125
2021-10-06,144.22999572753906,144.38999938964844,121.19673156738281
2021-10-07,143.19000244140625,142.8800048828125,119.9292984008789
2021-10-08,142.25999450683594,141.8800048828125,119.08988952636719
2021-10-11,141.60000610351562,141.52000427246094,118.78778076171875
2021-10-12,142.6300048828125,143.94000244140625,120.81895446777344
2021-10-13,144.61000061035156,145.33999633789062,121.99409484863281
2021-10-14,145.3699951171875,145.8800048828125,122.44739532470703
2021-10-15,145.0,145.02999877929688,121.73394012451172
2021-10-18,145.0,145.7100067138672,122.30474853515625
2021-10-19,144.66000366210938,143.6999969482422,120.6175308227539
2021-10-20,143.25,142.72999572753906,119.80337524414062
2021-10-21,143.0,142.55999755859375,119.66067504882812
2021-10-22,143.4499969482422,144.1300048828125,120.97850036621094
2021-10-25,143.6699981689453,143.91000366210938,120.7938232421875
2021-10-26,144.6199951171875,145.10000610351562,121.79267883300781
2021-10-27,146.39999389648438,147.74000549316406,124.00862884521484
2021-10-28,147.7899932861328,147.24000549316406,123.5888900756836
2021-10-29,146.47000122070312,147.69000244140625,123.9666519165039
2021-11-01,145.8000030517578,146.44000244140625,123.07408142089844
2021-11-02,146.5,147.08999633789062,123.62033081054688
2021-11-03,147.82000732421875,145.57000732421875,122.34296417236328
2021-11-04,145.8699951171875,147.10000610351562,123.62879943847656
2021-11-05,148.52000427246094,149.3000030517578,125.47776794433594
2021-11-08,148.9600067138672,149.02000427246094,125.24239349365234
2021-11-09,150.8000030517578,150.9600067138672,126.87289428710938
2021-11-10,150.8300018310547,148.1999969482422,124.55328369140625
2021-11-11,148.50999450683594,147.97999572753906,124.3684310913086
2021-11-12,148.0,147.3300018310547,123.82209014892578
2021-11-15,146.88999938964844,145.47999572753906,122.26728820800781
2021-11-16,145.69000244140625,145.11000061035156,121.95632934570312
2021-11-17,144.57000732421875,146.25999450683594,122.9228286743164
2021-11-18,145.99000549316406,146.80999755859375,123.38501739501953
2021-11-19,147.5800018310547,148.36000061035156,124.68773651123047
2021-11-22,147.39999389648438,146.6199951171875,123.22542572021484
2021-11-23,145.92999267578125,144.5,121.44361114501953
2021-11-24,144.94000244140625,146.82000732421875,123.39352416992188
2021-11-26,148.8300018310547,150.52999877929688,126.51146697998047
2021-11-29,148.30999755859375,149.32000732421875,125.49458312988281
2021-11-30,150.8300018310547,151.58999633789062,127.40232849121094
2021-12-01,150.49000549316406,152.33999633789062,128.18826293945312
2021-12-02,152.92999267578125,152.52999877929688,128.34817504882812
2021-12-03,151.67999267578125,154.35000610351562,129.87962341308594
2021-12-06,154.0500030517578,152.22999572753906,128.09573364257812
2021-12-07,151.72000122070312,151.0,127.06074523925781
2021-12-08,150.47000122070312,148.38999938964844,124.86454010009766
2021-12-09,149.33999633789062,149.22000122070312,125.56295013427734
2021-12-10,149.9199981689453,148.86000061035156,125.25997924804688
2021-12-13,150.38999938964844,151.05999755859375,127.11125183105469
2021-12-14,150.3699951171875,150.6999969482422,126.80831146240234
2021-12-15,149.61000061035156,149.25,125.58821105957031
2021-12-16,148.75,149.13999938964844,125.63699340820312
2021-12-17,150.33999633789062,150.8300018310547,127.06071472167969
2021-12-20,150.75,149.6999969482422,126.10880279541016
2021-12-21,148.13999938964844,149.1300048828125,125.62857055664062
2021-12-22,149.72999572753906,149.82000732421875,126.20982360839844
2021-12-23,149.58999633789062,148.52000427246094,125.11469268798828
2021-12-27,148.4600067138672,148.8800048828125,125.41802978515625
2021-12-28,149.60000610351562,148.2899932861328,124.9210205078125
2021-12-29,146.91000366210938,146.6699981689453,123.55631256103516
2021-12-30,147.25,147.89999389648438,124.59242248535156
2021-12-31,147.80999755859375,148.19000244140625,124.83677673339844
2022-01-03,146.41000366210938,144.3000030517578,121.55976867675781
2022-01-04,143.61000061035156,143.6999969482422,121.0542984008789
2022-01-05,144.13999938964844,142.9199981689453,120.39722442626953
2022-01-06,142.58999633789062,143.2899932861328,120.70893096923828
2022-01-07,143.1300048828125,142.25999450683594,119.84124755859375
2022-01-10,141.64999389648438,142.61000061035156,120.13610076904297
2022-01-11,142.8800048828125,143.55999755859375,120.93634033203125
2022-01-12,143.89999389648438,143.00999450683594,120.47305297851562
2022-01-13,143.38999938964844,144.27999877929688,121.54286193847656
2022-01-14,143.4199981689453,142.10000610351562,119.70647430419922
2022-01-18,140.9600067138672,140.10000610351562,118.02169036865234
2022-01-19,140.52999877929688,141.07000732421875,118.8387680053711
2022-01-20,141.3699951171875,141.94000244140625,119.57166290283203
2022-01-21,143.39999389648438,143.6300048828125,120.99536895751953
2022-01-24,144.3000030517578,142.4499969482422,120.00131225585938
2022-01-25,143.11000061035156,142.22000122070312,119.80754852294922
2022-01-26,142.25999450683594,140.5,118.35862731933594
2022-01-27,142.41000366210938,143.0800018310547,120.5320053100586
2022-01-28,142.08999633789062,143.1300048828125,120.57415008544922
2022-01-31,142.17999267578125,142.38999938964844,119.95072174072266
2022-02-01,142.27999877929688,141.72000122070312,119.55256652832031
2022-02-02,141.9499969482422,142.1999969482422,119.9575424194336
2022-02-03,140.44000244140625,141.08999633789062,119.02111053466797
2022-02-04,139.85000610351562,139.00999450683594,117.26647186279297
2022-02-07,138.91000366210938,139.10000610351562,117.34235382080078
2022-02-08,138.2100067138672,138.1699981689453,116.55783081054688
2022-02-09,138.72000122070312,138.42999267578125,116.77720642089844
2022-02-10,137.66000366210938,136.22999572753906,114.92132568359375
2022-02-11,136.8699951171875,138.25,116.62533569335938
2022-02-14,137.1300048828125,136.52999877929688,115.17437744140625
2022-02-15,135.60000610351562,134.97999572753906,113.86683654785156
2022-02-16,135.9499969482422,135.77999877929688,114.54170989990234
2022-02-17,136.4499969482422,136.7899932861328,115.39376068115234
2022-02-18,137.52000427246094,138.22999572753906,116.60846710205078
2022-02-22,137.69000244140625,138.58999633789062,116.91217041015625
2022-02-23,137.67999267578125,136.67999267578125,115.30091857910156
2022-02-24,139.10000610351562,136.77000427246094,115.37687683105469
2022-02-25,136.86000061035156,136.8699951171875,115.46121978759766
2022-02-28,138.42999267578125,139.8699951171875,117.9919662475586
2022-03-01,140.36000061035156,141.3000030517578,119.35613250732422
2022-03-02,139.83999633789062,136.47000122070312,115.2762680053711
2022-03-03,137.49000549316406,137.86000061035156,116.45036315917969
2022-03-04,140.36000061035156,140.24000549316406,118.46078491210938
2022-03-07,139.1199951171875,139.1699981689453,117.55693054199219
2022-03-08,137.50999450683594,137.77000427246094,116.37434387207031
2022-03-09,137.07000732421875,136.4199981689453,115.23403930664062
2022-03-10,134.8300018310547,134.4600067138672,113.57838439941406
2022-03-11,134.3300018310547,134.91000366210938,113.95852661132812
2022-03-14,132.6999969482422,131.75999450683594,111.2977066040039
2022-03-15,132.86000061035156,131.52999877929688,111.10342407226562
2022-03-16,131.8300018310547,132.82000732421875,112.193115234375
2022-03-17,132.82000732421875,131.8300018310547,111.3568344116211
2022-03-18,132.57000732421875,133.44000244140625,112.71680450439453
2022-03-21,131.27999877929688,130.35000610351562,110.10671997070312
2022-03-22,128.9600067138672,128.67999267578125,108.69599914550781
2022-03-23,129.3699951171875,131.5,111.07805633544922
2022-03-24,129.64999389648438,130.47000122070312,110.20805358886719
2022-03-25,129.5,128.66000366210938,108.67912292480469
2022-03-28,129.38999938964844,129.75999450683594,109.60829162597656
2022-03-29,130.55999755859375,130.74000549316406,110.43608856201172
2022-03-30,130.07000732421875,131.75999450683594,111.2977066040039
2022-03-31,131.97999572753906,132.0800018310547,111.56803131103516
2022-04-01,130.00999450683594,132.3800048828125,111.99272155761719
2022-04-04,131.92999267578125,131.4600067138672,111.21441650390625
2022-04-05,130.75999450683594,128.49000549316406,108.7018051147461
2022-04-06,126.43000030517578,127.44999694824219,107.82195281982422
2022-04-07,126.11000061035156,126.48999786376953,107.00978088378906
2022-04-08,125.44999694824219,125.12000274658203,105.8508071899414
2022-04-11,123.91999816894531,123.13999938964844,104.17572021484375
2022-04-12,124.05000305175781,122.97000122070312,104.03192901611328
2022-04-13,123.05000305175781,123.22000122070312,104.243408203125
2022-04-14,122.86000061035156,120.75,102.15382385253906
2022-04-18,120.87000274658203,120.1500015258789,101.64620971679688
2022-04-19,119.1500015258789,119.25,100.88479614257812
2022-04-20,120.22000122070312,121.6500015258789,102.91516876220703
2022-04-21,120.83000183105469,120.75,102.15382385253906
2022-04-22,120.06999969482422,119.98999786376953,101.51082611083984
2022-04-25,121.37999725341797,121.19000244140625,102.5260238647461
2022-04-26,122.44000244140625,122.41000366210938,103.55815124511719
2022-04-27,122.19000244140625,120.83999633789062,102.22994995117188
2022-04-28,120.38999938964844,121.0199966430664,102.38220977783203
2022-04-29,119.30999755859375,119.44999694824219,101.05399322509766
2022-05-02,117.86000061035156,117.18000030517578,99.30233001708984
2022-05-03,119.04000091552734,117.97000122070312,99.97184753417969
2022-05-04,117.97000122070312,118.62000274658203,100.52265930175781
2022-05-05,116.3499984741211,115.37000274658203,97.76847076416016
2022-05-06,114.13999938964844,113.66999816894531,96.32787322998047
2022-05-09,112.86000061035156,114.66999816894531,97.17530059814453
2022-05-10,115.88999938964844,115.70999908447266,98.056640625
2022-05-11,114.73999786376953,117.94000244140625,99.94640350341797
2022-05-12,118.0199966430664,117.72000122070312,99.75997924804688
2022-05-13,116.9800033569336,115.9800033569336,98.28544616699219
2022-05-16,116.20999908447266,115.86000061035156,98.1837158203125
2022-05-17,114.70999908447266,114.45999908447266,96.99732971191406
2022-05-18,114.72000122070312,116.9000015258789,99.0650863647461
2022-05-19,118.63999938964844,117.18000030517578,99.30233001708984
2022-05-20,117.08999633789062,118.51000213623047,100.42948150634766
2022-05-23,117.70999908447266,116.55999755859375,98.77694702148438
2022-05-24,117.9000015258789,118.86000061035156,100.7260513305664
2022-05-25,119.61000061035156,119.33000183105469,101.12433624267578
2022-05-26,119.0199966430664,118.79000091552734,100.66671752929688
2022-05-27,119.36000061035156,119.08000183105469,100.91251373291016
2022-05-31,117.18000030517578,116.55999755859375,98.77694702148438
2022-06-01,117.02999877929688,116.22000122070312,98.66403198242188
2022-06-02,116.62999725341797,116.27999877929688,98.71495819091797
2022-06-03,115.08999633789062,116.02999877929688,98.50272369384766
2022-06-06,115.1500015258789,113.88999938964844,96.68599700927734
2022-06-07,114.61000061035156,115.12000274658203,97.7302017211914
2022-06-08,114.68000030517578,114.0999984741211,96.86429595947266
2022-06-09,113.83999633789062,114.4800033569336,97.18688201904297
2022-06-10,114.36000061035156,113.7699966430664,96.58412170410156
2022-06-13,111.48999786376953,110.19999694824219,93.55339050292969
2022-06-14,110.52999877929688,108.80999755859375,92.37335968017578
2022-06-15,110.08999633789062,110.83999633789062,94.09671783447266
2022-06-16,108.44999694824219,111.72000122070312,94.8437728881836
2022-06-17,112.01000213623047,112.08000183105469,95.1493911743164
2022-06-21,110.08999633789062,110.18000030517578,93.53641510009766
2022-06-22,112.69000244140625,113.20999908447266,96.10871124267578
2022-06-23,113.9000015258789,114.13999938964844,96.89824676513672
2022-06-24,113.45999908447266,112.55999755859375,95.5569076538086
2022-06-27,111.22000122070312,111.5999984741211,94.7419204711914
2022-06-28,111.29000091552734,112.12000274658203,95.18339538574219
2022-06-29,112.37999725341797,113.87000274658203,96.66903686523438
2022-06-30,114.86000061035156,114.87000274658203,97.51795959472656
2022-07-01,115.9000015258789,115.81999969482422,98.51915740966797
2022-07-05,116.88999938964844,116.7300033569336,99.29324340820312
2022-07-06,117.38999938964844,114.7699966430664,97.6259994506836
2022-07-07,115.0999984741211,113.76000213623047,96.76686096191406
2022-07-08,113.5,112.5,95.69508361816406
2022-07-11,113.79000091552734,114.44000244140625,97.34529113769531
2022-07-12,115.51000213623047,115.12000274658203,97.92372131347656
2022-07-13,113.7699966430664,116.44000244140625,99.04652404785156
2022-07-14,115.08000183105469,115.48999786376953,98.23845672607422
2022-07-15,115.83999633789062,116.13999938964844,98.79133605957031
2022-07-18,115.25,114.93000030517578,97.76207733154297
2022-07-19,114.91000366210938,114.30999755859375,97.2347183227539
2022-07-20,115.4800033569336,114.61000061035156,97.48988342285156
2022-07-21,115.19000244140625,116.58999633789062,99.17412567138672
2022-07-22,118.29000091552734,118.55000305175781,100.84132385253906
2022-07-25,116.70999908447266,117.38999938964844,99.85460662841797
2022-07-26,118.86000061035156,117.4800033569336,99.93119812011719
2022-07-27,118.01000213623047,116.81999969482422,99.36975860595703
2022-07-28,118.05000305175781,117.75,100.16085052490234
2022-07-29,117.69999694824219,117.43000030517578,99.8886489868164
2022-08-01,118.25,120.04000091552734,102.29432678222656
2022-08-02,120.1500015258789,117.5,100.12981414794922
2022-08-03,117.16999816894531,119.3499984741211,101.706298828125
2022-08-04,118.9800033569336,119.30999755859375,101.6722412109375
2022-08-05,117.06999969482422,116.47000122070312,99.25208282470703
2022-08-08,117.63999938964844,118.3499984741211,100.8541488647461
2022-08-09,117.7300033569336,117.88999938964844,100.46215057373047
2022-08-10,117.7300033569336,117.12000274658203,99.80598449707031
2022-08-11,116.87000274658203,114.38999938964844,97.47957611083984
2022-08-12,115.0999984741211,115.55000305175781,98.46810913085938
2022-08-15,116.33000183105469,115.44999694824219,98.38288879394531
2022-08-16,115.25,115.93000030517578,98.79191589355469
2022-08-17,115.05999755859375,114.72000122070312,97.7607650756836
2022-08-18,114.97000122070312,114.88999938964844,97.9056625366211
2022-08-19,113.2300033569336,113.04000091552734,96.32911682128906
2022-08-22,112.86000061035156,112.66000366210938,96.00530242919922
2022-08-23,112.19000244140625,112.04000091552734,95.4769515991211
2022-08-24,111.48999786376953,111.22000122070312,94.77819061279297
2022-08-25,111.31999969482422,112.7699966430664,96.09903717041016
2022-08-26,112.30000305175781,113.62000274658203,96.82339477539062
2022-08-29,112.94000244140625,112.68000030517578,96.02235412597656
2022-08-30,112.62000274658203,112.95999908447266,96.26097106933594
2022-08-31,112.69000244140625,111.87999725341797,95.34062957763672
2022-09-01,109.87000274658203,109.5999984741211,93.59510803222656
2022-09-02,109.68000030517578,110.22000122070312,94.12458038330078
2022-09-06,108.9000015258789,107.48999786376953,91.79324340820312
2022-09-07,108.31999969482422,109.19000244140625,93.24497985839844
2022-09-08,108.83999633789062,108.06999969482422,92.28853607177734
2022-09-09,108.33000183105469,108.30999755859375,92.49349975585938
2022-09-12,108.62999725341797,107.41999816894531,91.73345184326172
2022-09-13,106.55999755859375,107.66999816894531,91.94692993164062
2022-09-14,107.33999633789062,108.04000091552734,92.26292419433594
2022-09-15,107.8499984741211,107.97000122070312,92.20314025878906
2022-09-16,107.02999877929688,107.06999969482422,91.43458557128906
2022-09-19,106.95999908447266,107.31999969482422,91.64806365966797
2022-09-20,105.69000244140625,106.25,90.73432159423828
2022-09-21,106.69999694824219,108.02999877929688,92.25438690185547
2022-09-22,105.79000091552734,105.2699966430664,89.89739227294922
2022-09-23,105.33999633789062,105.69999694824219,90.2646255493164
2022-09-26,105.36000061035156,103.68000030517578,88.53959655761719
2022-09-27,102.70999908447266,100.94999694824219,86.20826721191406
2022-09-28,103.12999725341797,104.33000183105469,89.09471130371094
2022-09-29,102.9000015258789,103.79000091552734,88.6335220336914
2022-09-30,104.2699966430664,102.44999694824219,87.48924255371094
2022-10-03,103.8499984741211,103.83000183105469,88.87939453125
2022-10-04,104.1500015258789,103.54000091552734,88.63114166259766
2022-10-05,102.7300033569336,102.55000305175781,87.78369140625
2022-10-06,102.58999633789062,101.9800033569336,87.2957534790039
2022-10-07,100.80999755859375,100.98999786376953,86.44830322265625
2022-10-10,100.5,99.41999816894531,85.10438537597656
2022-10-11,99.73999786376953,99.86000061035156,85.48102569580078
2022-10-12,99.27999877929688,100.3499984741211,85.90046691894531
2022-10-13,98.36000061035156,99.38999938964844,85.07872009277344
2022-10-14,100.19000244140625,98.56999969482422,84.37676239013672
2022-10-17,99.29000091552734,98.08999633789062,83.96587371826172
2022-10-18,97.94999694824219,98.31999969482422,84.16277313232422
2022-10-19,97.19000244140625,96.52999877929688,82.63050842285156
2022-10-20,95.93000030517578,94.87999725341797,81.21807861328125
2022-10-21,93.0199966430664,93.16999816894531,79.75431060791016
2022-10-24,92.81999969482422,92.4000015258789,79.09518432617188
2022-10-25,94.58000183105469,95.08999633789062,81.39786529541016
2022-10-26,95.7699966430664,96.45999908447266,82.57060241699219
2022-10-27,96.9800033569336,97.47000122070312,83.43518829345703
2022-10-28,96.86000061035156,96.80000305175781,82.86165618896484
2022-10-31,96.36000061035156,96.11000061035156,82.27098083496094
2022-11-01,97.37999725341797,96.7699966430664,83.03984069824219
2022-11-02,96.91000366210938,96.3499984741211,82.679443359375
2022-11-03,95.16999816894531,95.83000183105469,82.23324584960938
2022-11-04,95.0999984741211,94.22000122070312,80.85167694091797
2022-11-07,94.80000305175781,93.27999877929688,80.04503631591797
2022-11-08,93.80000305175781,94.30000305175781,80.9203109741211
2022-11-09,93.81999969482422,94.61000061035156,81.18636322021484
2022-11-10,96.7300033569336,98.25,84.30986785888672
2022-11-11,97.56999969482422,97.88999938964844,84.00094604492188
2022-11-14,97.91000366210938,97.6500015258789,83.79499816894531
2022-11-15,98.25,99.2300033569336,85.15083312988281
2022-11-16,100.0199966430664,101.4000015258789,87.01298522949219
2022-11-17,100.19999694824219,100.33000183105469,86.09478759765625
2022-11-18,100.5999984741211,99.63999938964844,85.50263214111328
2022-11-21,100.69000244140625,100.05999755859375,85.86307525634766
2022-11-22,100.6500015258789,101.4800033569336,87.08160400390625
2022-11-23,102.13999938964844,103.25,88.60047149658203
2022-11-25,102.61000061035156,102.9000015258789,88.30014038085938
2022-11-28,103.61000061035156,103.19000244140625,88.54895782470703
2022-11-29,102.1500015258789,101.9800033569336,87.5106201171875
2022-11-30,101.62000274658203,102.7300033569336,88.15425109863281
2022-12-01,103.1500015258789,105.76000213623047,90.97038269042969
2022-12-02,105.30000305175781,107.08999633789062,92.11442565917969
2022-12-05,105.83999633789062,105.58999633789062,90.82416534423828
2022-12-06,106.5,106.94999694824219,91.9939956665039
2022-12-07,108.37000274658203,109.47000122070312,94.16157531738281
2022-12-08,108.69999694824219,109.16999816894531,93.9035415649414
2022-12-09,107.94000244140625,106.33000183105469,91.46073150634766
2022-12-12,107.86000061035156,106.66999816894531,91.75312042236328
2022-12-13,109.04000091552734,107.69999694824219,92.63914489746094
2022-12-14,107.66000366210938,108.16000366210938,93.03478240966797
2022-12-15,108.38999938964844,108.31999969482422,93.39778137207031
2022-12-16,106.5999984741211,107.11000061035156,92.3544692993164
2022-12-19,105.83000183105469,105.30999755859375,90.80242919921875
2022-12-20,103.37999725341797,103.44000244140625,89.1900863647461
2022-12-21,104.29000091552734,103.69999694824219,89.41425323486328
2022-12-22,103.66999816894531,103.68000030517578,89.39701080322266
2022-12-23,102.58000183105469,102.16000366210938,88.08639526367188
2022-12-27,100.48999786376953,100.13999938964844,86.34466552734375
2022-12-28,100.6500015258789,99.55000305175781,85.8359603881836
2022-12-29,99.86000061035156,100.68000030517578,86.81027221679688
2022-12-30,99.87000274658203,99.55999755859375,85.84458923339844
2023-01-03,102.19999694824219,101.45999908447266,87.48283386230469
2023-01-04,103.22000122070312,102.8499984741211,88.68135070800781
2023-01-05,101.87000274658203,103.27999877929688,89.0521240234375
2023-01-06,102.69999694824219,105.18000030517578,90.69036865234375
2023-01-09,104.41000366210938,105.73999786376953,91.1731948852539
2023-01-10,104.52999877929688,103.98999786376953,89.66427612304688
2023-01-11,104.97000122070312,105.68000030517578,91.1214599609375
2023-01-12,105.81999969482422,107.76000213623047,92.91495513916016
2023-01-13,107.0999984741211,106.75,92.0440444946289
2023-01-17,105.66999816894531,106.05999755859375,91.4491195678711
2023-01-18,108.45999908447266,108.62999725341797,93.66508483886719
2023-01-19,108.0999984741211,107.94999694824219,93.07874298095703
2023-01-20,106.95999908447266,106.19999694824219,91.56983184814453
2023-01-23,105.56999969482422,105.69999694824219,91.13872528076172
2023-01-24,106.12000274658203,107.22000122070312,92.4493179321289
2023-01-25,107.37000274658203,107.4800033569336,92.6734848022461
2023-01-26,107.13999938964844,106.9800033569336,92.24236297607422
2023-01-27,106.19000244140625,106.70999908447266,92.00961303710938
2023-01-30,106.45999908447266,106.31999969482422,91.67330169677734
2023-01-31,106.9800033569336,107.16999816894531,92.40620422363281
2023-02-01,107.55000305175781,108.18000030517578,93.51703643798828
2023-02-02,108.91999816894531,108.31999969482422,93.63805389404297
2023-02-03,106.7699966430664,106.69999694824219,92.2376480102539
2023-02-06,105.75,105.91000366210938,91.55471801757812
2023-02-07,105.33000183105469,105.05999755859375,90.81991577148438
2023-02-08,105.04000091552734,105.55999755859375,91.25215911865234
2023-02-09,106.47000122070312,104.55999755859375,90.3877182006836
2023-02-10,104.4000015258789,103.38999938964844,89.37626647949219
2023-02-13,103.70999908447266,104.26000213623047,90.12834167480469
2023-02-14,104.19999694824219,104.0199966430664,89.92089080810547
2023-02-15,103.55000305175781,103.05000305175781,89.0823745727539
2023-02-16,102.06999969482422,101.58999633789062,87.82027435302734
2023-02-17,101.0999984741211,102.37999725341797,88.50318908691406
2023-02-21,101.01000213623047,100.38999938964844,86.78291320800781
2023-02-22,100.98999786376953,101.30999755859375,87.5782241821289
2023-02-23,101.54000091552734,102.30000305175781,88.43403625488281
2023-02-24,101.44000244140625,100.97000122070312,87.28428649902344
2023-02-27,101.29000091552734,101.25,87.52635955810547
2023-02-28,100.56999969482422,101.70999908447266,87.92398834228516
2023-03-01,100.81999969482422,100.37000274658203,86.97942352294922
2023-03-02,99.05999755859375,99.4800033569336,86.2081527709961
2023-03-03,100.93000030517578,101.88999938964844,88.2966537475586
2023-03-06,102.22000122070312,101.0999984741211,87.61201477050781
2023-03-07,101.45999908447266,101.72000122070312,88.1493148803711
2023-03-08,102.4000015258789,101.81999969482422,88.23597717285156
2023-03-09,101.55000305175781,102.06999969482422,88.45262145996094
2023-03-10,104.02999877929688,105.58999633789062,91.50299835205078
2023-03-13,108.19999694824219,105.83000183105469,91.71099090576172
2023-03-14,105.13999938964844,104.08999633789062,90.2031021118164
2023-03-15,106.77999877929688,106.0999984741211,91.9449691772461
2023-03-16,107.37999725341797,105.2699966430664,91.22569274902344
2023-03-17,106.6500015258789,106.8499984741211,92.59492492675781
2023-03-20,106.87999725341797,105.91000366210938,91.78030395507812
2023-03-21,105.08000183105469,105.0,90.9917221069336
2023-03-22,104.66000366210938,106.4000015258789,92.2049331665039
2023-03-23,105.36000061035156,106.4000015258789,92.2049331665039
2023-03-24,107.08999633789062,106.8499984741211,92.59492492675781
2023-03-27,105.05000305175781,104.33999633789062,90.41976928710938
2023-03-28,104.23999786376953,104.52999877929688,90.58442687988281
2023-03-29,103.69999694824219,104.31999969482422,90.40242767333984
2023-03-30,104.45999908447266,104.80000305175781,90.81841278076172
2023-03-31,105.3499984741211,106.37000274658203,92.1789321899414
2023-04-03,105.87999725341797,106.5999984741211,92.61246490478516
2023-04-04,105.77999877929688,107.12999725341797,93.07290649414062
2023-04-05,107.7699966430664,108.25,94.04596710205078
2023-04-06,108.41999816894531,108.52999877929688,94.28919982910156
2023-04-10,107.63999938964844,106.77999877929688,92.76884460449219
2023-04-11,107.05000305175781,107.0,92.9599838256836
2023-04-12,107.05000305175781,106.88999938964844,92.86441040039062
2023-04-13,107.05000305175781,106.05000305175781,92.13462829589844
2023-04-14,105.38999938964844,105.08000183105469,91.29193115234375
2023-04-17,104.41999816894531,103.83000183105469,90.20594024658203
2023-04-18,103.80999755859375,104.19999694824219,90.52737426757812
2023-04-19,103.91000366210938,104.0999984741211,90.44049835205078
2023-04-20,104.83000183105469,104.98999786376953,91.2137222290039
2023-04-21,105.30000305175781,104.4000015258789,90.70114135742188
2023-04-24,104.95999908447266,105.41000366210938,91.57860565185547
2023-04-25,106.33000183105469,106.95999908447266,92.92522430419922
2023-04-26,106.79000091552734,105.81999969482422,91.93482971191406
2023-04-27,105.19999694824219,104.7699966430664,91.02259826660156
2023-04-28,106.20999908447266,106.45999908447266,92.49081420898438
2023-05-01,105.2699966430664,103.12999725341797,89.82392883300781
2023-05-02,104.0,105.69999694824219,92.06230926513672
2023-05-03,106.0,106.29000091552734,92.5761947631836
2023-05-04,105.22000122070312,105.23999786376953,91.66165161132812
2023-05-05,104.3499984741211,104.88999938964844,91.35681915283203
2023-05-08,103.5199966430664,103.41999816894531,90.07649230957031
2023-05-09,103.5,103.05000305175781,89.75421905517578
2023-05-10,103.66999816894531,104.05000305175781,90.62520599365234
2023-05-11,105.30000305175781,105.1500015258789,91.58329010009766
2023-05-12,105.05000305175781,104.2699966430664,90.81684112548828
2023-05-15,103.38999938964844,103.19000244140625,89.87616729736328
2023-05-16,102.4000015258789,102.87999725341797,89.60616302490234
2023-05-17,103.08000183105469,102.58000183105469,89.3448715209961
2023-05-18,102.19999694824219,101.81999969482422,88.68292999267578
2023-05-19,101.26000213623047,101.0999984741211,88.05584716796875
2023-05-22,101.25,100.73999786376953,87.74226379394531
2023-05-23,100.43000030517578,101.02999877929688,87.99485778808594
2023-05-24,101.27999877929688,100.52999877929688,87.55938720703125
2023-05-25,100.69999694824219,100.27999877929688,87.34160614013672
2023-05-26,100.12000274658203,101.08999633789062,88.0470962524414
2023-05-30,101.4000015258789,102.0999984741211,88.92681884765625
2023-05-31,101.98999786376953,102.98999786376953,89.70195007324219
2023-06-01,103.27999877929688,103.12000274658203,90.0539321899414
2023-06-02,103.0,101.98999786376953,89.06709289550781
2023-06-05,101.3499984741211,101.80000305175781,88.90113830566406
2023-06-06,101.83999633789062,102.4000015258789,89.42513275146484
2023-06-07,102.16999816894531,100.87999725341797,88.09773254394531
2023-06-08,100.87000274658203,102.05999755859375,89.1281967163086
2023-06-09,101.5999984741211,101.91999816894531,89.00593566894531
2023-06-12,102.23999786376953,102.22000122070312,89.26795196533203
2023-06-13,102.11000061035156,101.20999908447266,88.38591766357422
2023-06-14,101.62999725341797,102.0199966430664,89.0932846069336
2023-06-15,103.02999877929688,103.0,89.94908905029297
2023-06-16,102.44000244140625,102.5999984741211,89.59979248046875
2023-06-20,103.11000061035156,103.30999755859375,90.2198257446289
2023-06-21,102.80999755859375,103.55999755859375,90.43815612792969
2023-06-22,102.80000305175781,102.30999755859375,89.34654998779297
2023-06-23,103.83000183105469,103.33000183105469,90.2372817993164
2023-06-26,103.62000274658203,103.44000244140625,90.3333740234375
2023-06-27,103.58999633789062,103.16999816894531,90.09757995605469
2023-06-28,103.41000366210938,103.61000061035156,90.48181915283203
2023-06-29,102.16999816894531,101.73999786376953,88.8487548828125
2023-06-30,102.05999755859375,102.94000244140625,89.89672088623047
2023-07-03,102.83999633789062,102.08000183105469,89.38709259033203
2023-07-05,101.88999938964844,101.11000061035156,88.53768920898438
2023-07-06,100.19999694824219,99.68000030517578,87.28551483154297
2023-07-07,99.18000030517578,99.08000183105469,86.76012420654297
2023-07-10,98.86000061035156,99.20999908447266,86.87397766113281
2023-07-11,99.56999969482422,99.72000122070312,87.32051849365234
2023-07-12,100.0999984741211,100.83000183105469,88.2925033569336
2023-07-13,101.30999755859375,101.88999938964844,89.22069549560547
2023-07-14,101.72000122070312,101.29000091552734,88.6953353881836
2023-07-17,101.2300033569336,101.33999633789062,88.73909759521484
2023-07-18,101.80000305175781,101.80000305175781,89.14190673828125
2023-07-19,102.0,102.94999694824219,90.14889526367188
2023-07-20,102.22000122070312,101.69999694824219,89.0543441772461
2023-07-21,102.16000366210938,101.7300033569336,89.08061218261719
2023-07-24,101.98999786376953,101.36000061035156,88.75663757324219
2023-07-25,100.83000183105469,101.16999816894531,88.59024047851562
2023-07-26,101.68000030517578,101.2699966430664,88.67781066894531
2023-07-27,100.70999908447266,99.30000305175781,86.9527587890625
2023-07-28,99.4000015258789,99.80999755859375,87.39934539794922
2023-07-31,99.6500015258789,100.05000305175781,87.60951232910156
2023-08-01,98.83999633789062,98.13999938964844,86.1738510131836
2023-08-02,97.04000091552734,97.08999633789062,85.25186920166016
2023-08-03,95.19000244140625,94.8499984741211,83.28499603271484
2023-08-04,95.1500015258789,96.52999877929688,84.76016235351562
2023-08-07,96.11000061035156,95.58000183105469,83.92599487304688
2023-08-08,96.86000061035156,96.69000244140625,84.90064239501953
2023-08-09,96.87999725341797,97.19000244140625,85.33968353271484
2023-08-10,97.04000091552734,95.58999633789062,83.9347915649414
2023-08-11,95.30000305175781,95.37000274658203,83.74159240722656
2023-08-14,95.20999908447266,95.16000366210938,83.55720520019531
2023-08-15,94.80000305175781,94.58000183105469,83.04793548583984
2023-08-16,94.27999877929688,93.83999633789062,82.3981704711914
2023-08-17,93.5,93.44000244140625,82.04693603515625
2023-08-18,93.43000030517578,93.7699966430664,82.33667755126953
2023-08-21,92.66000366210938,92.5199966430664,81.23908996582031
2023-08-22,92.63999938964844,93.2300033569336,81.86253356933594
2023-08-23,94.30000305175781,95.54000091552734,83.89088439941406
2023-08-24,95.12999725341797,94.91000366210938,83.33768463134766
2023-08-25,94.66000366210938,95.22000122070312,83.60990905761719
2023-08-28,95.6500015258789,95.31999969482422,83.69769287109375
2023-08-29,94.97000122070312,96.30999755859375,84.56698608398438
2023-08-30,96.16000366210938,96.20999908447266,84.47917175292969
2023-08-31,96.54000091552734,96.63999938964844,84.85675048828125
2023-09-01,95.80000305175781,94.8499984741211,83.5348129272461
2023-09-05,94.27999877929688,93.5199966430664,82.36348724365234
2023-09-06,94.08999633789062,93.75,82.56602478027344
2023-09-07,94.0,94.01000213623047,82.7950439453125
2023-09-08,94.37999725341797,94.37000274658203,83.11209869384766
2023-09-11,93.69999694824219,93.69000244140625,82.51319885253906
2023-09-12,93.88999938964844,94.2300033569336,82.98877716064453
2023-09-13,93.91999816894531,94.20999908447266,82.97115325927734
2023-09-14,93.94000244140625,93.52999877929688,82.37228393554688
2023-09-15,93.45999908447266,92.95999908447266,81.87026977539062
2023-09-18,92.8499984741211,93.48999786376953,82.33705139160156
2023-09-19,93.08000183105469,92.80000305175781,81.72935485839844
2023-09-20,93.29000091552734,93.08999633789062,81.98477172851562
2023-09-21,91.29000091552734,90.69999694824219,79.87987518310547
2023-09-22,90.80999755859375,91.43000030517578,80.52278900146484
2023-09-25,89.66000366210938,89.18000030517578,78.5412368774414
2023-09-26,89.43000030517578,88.87000274658203,78.26821899414062
2023-09-27,89.54000091552734,88.41000366210938,77.86307525634766
2023-09-28,87.62000274658203,88.68000030517578,78.10086059570312
2023-09-29,89.2699966430664,88.69000244140625,78.10967254638672
2023-10-02,87.81999969482422,86.93000030517578,76.8021011352539
2023-10-03,86.30999755859375,85.05999755859375,75.14997100830078
2023-10-04,85.7699966430664,86.26000213623047,76.2101821899414
2023-10-05,86.11000061035156,85.83000183105469,75.83025360107422
2023-10-06,84.19999694824219,84.79000091552734,74.9113998413086
2023-10-09,85.5,86.77999877929688,76.66956329345703
2023-10-10,85.8499984741211,86.66000366210938,76.5635986328125
2023-10-11,87.8499984741211,88.47000122070312,78.16267395019531
2023-10-12,88.05000305175781,86.06999969482422,76.04228973388672
2023-10-13,87.5999984741211,87.61000061035156,77.40287780761719
2023-10-16,86.19000244140625,86.19999694824219,76.15715026855469
2023-10-17,84.88999938964844,85.25,75.31784057617188
2023-10-18,84.37999725341797,84.5,74.65520477294922
2023-10-19,83.87999725341797,82.7699966430664,73.12677764892578
2023-10-20,82.98999786376953,83.23999786376953,73.54200744628906
2023-10-23,82.80999755859375,84.23999786376953,74.42549896240234
2023-10-24,84.44000244140625,85.3499984741211,75.40618133544922
2023-10-25,84.0199966430664,83.44999694824219,73.7275390625
2023-10-26,83.4800033569336,84.7300033569336,74.85842895507812
2023-10-27,84.19000244140625,84.37000274658203,74.54034423828125
2023-10-30,83.80999755859375,83.98999786376953,74.20463562011719
2023-10-31,84.37000274658203,83.58000183105469,73.8424072265625
2023-11-01,84.04000091552734,85.0999984741211,75.44346618652344
2023-11-02,86.68000030517578,87.04000091552734,77.163330078125
2023-11-03,88.80999755859375,87.62999725341797,77.68637084960938
2023-11-06,87.06999969482422,86.77999877929688,76.93282318115234
2023-11-07,87.61000061035156,88.05999755859375,78.06756591796875
2023-11-08,88.4800033569336,89.55999755859375,79.39736938476562
2023-11-09,88.94000244140625,87.5,77.57112121582031
2023-11-10,88.2300033569336,87.98999786376953,78.00552368164062
2023-11-13,87.22000122070312,87.79000091552734,77.8282241821289
2023-11-14,90.0,89.77999877929688,79.5924072265625
2023-11-15,89.01000213623047,88.5199966430664,78.47537994384766
2023-11-16,89.30000305175781,89.62000274658203,79.45057678222656
2023-11-17,90.16000366210938,90.04000091552734,79.82292175292969
2023-11-20,89.62000274658203,90.58999633789062,80.31050109863281
2023-11-21,90.5,90.55000305175781,80.2750473022461
2023-11-22,91.12000274658203,90.87000274658203,80.55873107910156
2023-11-24,90.0999984741211,89.80000305175781,79.61016082763672
2023-11-27,90.30000305175781,91.30000305175781,80.93994140625
2023-11-28,90.91000366210938,91.4800033569336,81.0995101928711
2023-11-29,92.11000061035156,92.62999725341797,82.11903381347656
2023-11-30,91.97000122070312,91.55999755859375,81.1704330444336
2023-12-01,91.30999755859375,92.98999786376953,82.69920349121094
2023-12-04,92.48999786376953,92.62000274658203,82.37013244628906
2023-12-05,93.62999725341797,94.61000061035156,84.13994598388672
2023-12-06,95.08000183105469,95.87000274658203,85.260498046875
2023-12-07,95.18000030517578,95.31999969482422,84.77135467529297
2023-12-08,94.41999816894531,94.54000091552734,84.07769775390625
2023-12-11,94.01000213623047,94.33999633789062,83.89978790283203
2023-12-12,94.1500015258789,94.62000274658203,84.14881134033203
2023-12-13,95.16999816894531,96.83999633789062,86.12313842773438
2023-12-14,97.66000366210938,99.04000091552734,88.36343383789062
2023-12-15,98.69000244140625,99.1500015258789,88.46160125732422
2023-12-18,98.5,98.36000061035156,87.75675964355469
2023-12-19,98.86000061035156,98.88999938964844,88.22960662841797
2023-12-20,99.11000061035156,99.55999755859375,88.827392578125
2023-12-21,99.73999786376953,98.93000030517578,88.26528930664062
2023-12-22,99.37999725341797,98.4800033569336,87.86383056640625
2023-12-26,98.54000091552734,98.76000213623047,88.11361694335938
2023-12-27,99.77999877929688,100.51000213623047,89.67498016357422
2023-12-28,100.08999633789062,99.77999877929688,89.02368927001953
2023-12-29,99.12999725341797,98.87999725341797,88.22069549560547
2024-01-02,98.2300033569336,98.30999755859375,87.7121353149414
2024-01-03,97.37999725341797,98.72000122070312,88.07794952392578
2024-01-04,97.41999816894531,97.22000122070312,86.7396469116211
2024-01-05,96.5,96.29000091552734,85.9098892211914
2024-01-08,96.2300033569336,97.23999786376953,86.75748443603516
2024-01-09,96.63999938964844,96.62000274658203,86.20431518554688
2024-01-10,96.91999816894531,96.16999816894531,85.80284881591797
2024-01-11,96.16999816894531,96.70999908447266,86.28459930419922
2024-01-12,96.77999877929688,96.5199966430664,86.11510467529297
2024-01-16,95.62000274658203,94.81999969482422,84.5983657836914
2024-01-17,94.5999984741211,94.66999816894531,84.46451568603516
2024-01-18,94.45999908447266,93.79000091552734,83.67938995361328
2024-01-19,93.70999908447266,94.08999633789062,83.94703674316406
2024-01-22,94.81999969482422,94.6500015258789,84.44669342041016
2024-01-23,93.88999938964844,93.9000015258789,83.77753448486328
2024-01-24,94.51000213623047,93.3499984741211,83.28683471679688
2024-01-25,94.0,93.95999908447266,83.8310775756836
2024-01-26,93.93000030517578,93.77999877929688,83.67048645019531
2024-01-29,94.30999755859375,94.86000061035156,84.6340560913086
2024-01-30,95.4800033569336,95.72000122070312,85.40135955810547
2024-01-31,96.22000122070312,96.66000366210938,86.24002838134766
2024-02-01,97.41999816894531,98.23999786376953,87.93170166015625
2024-02-02,96.2699966430664,96.06999969482422,85.9894027709961
2024-02-05,94.62999725341797,94.12999725341797,84.25296783447266
2024-02-06,94.23999786376953,95.05000305175781,85.07645416259766
2024-02-07,94.56999969482422,94.58999633789062,84.66468048095703
2024-02-08,94.0199966430664,94.04000091552734,84.17240142822266
2024-02-09,93.76000213623047,93.8499984741211,84.00235748291016
2024-02-12,93.9000015258789,93.95999908447266,84.10079193115234
2024-02-13,92.86000061035156,92.3499984741211,82.65973663330078
2024-02-14,92.30000305175781,92.81999969482422,83.08042907714844
2024-02-15,93.55999755859375,93.30000305175781,83.51004791259766
2024-02-16,92.4800033569336,92.76000213623047,83.02672576904297
2024-02-20,92.79000091552734,92.83999633789062,83.09831237792969
2024-02-21,92.83000183105469,92.18000030517578,82.5075912475586
2024-02-22,92.33000183105469,92.62999725341797,82.91036224365234
2024-02-23,92.75,93.87000274658203,84.0202407836914
2024-02-26,94.0,93.58999633789062,83.76961517333984
2024-02-27,93.23999786376953,92.93000030517578,83.1788558959961
2024-02-28,93.08000183105469,93.5199966430664,83.70697784423828
2024-02-29,93.81999969482422,94.18000030517578,84.2977066040039
2024-03-01,93.44000244140625,94.47000122070312,84.82295989990234
2024-03-04,93.69999694824219,94.08999633789062,84.48177337646484
2024-03-05,95.2300033569336,95.43000030517578,85.68492126464844
2024-03-06,95.48999786376953,95.98999786376953,86.1877670288086
2024-03-07,96.36000061035156,95.9000015258789,86.10694885253906
2024-03-08,95.80000305175781,95.7300033569336,85.95433044433594
2024-03-11,95.95999908447266,95.68000030517578,85.90941619873047
2024-03-12,95.04000091552734,94.87999725341797,85.19110870361328
2024-03-13,94.5,94.41999816894531,84.77808380126953
2024-03-14,93.7300033569336,92.97000122070312,83.47616577148438
2024-03-15,93.05999755859375,92.94000244140625,83.4491958618164
2024-03-18,92.7300033569336,92.66000366210938,83.19779968261719
2024-03-19,92.8499984741211,92.91999816894531,83.4312515258789
2024-03-20,93.0999984741211,92.88999938964844,83.40432739257812
2024-03-21,93.2699966430664,93.08999633789062,83.58390045166016
2024-03-22,94.19000244140625,93.9800033569336,84.38304138183594
2024-03-25,93.70999908447266,93.51000213623047,83.96102142333984
2024-03-26,93.51000213623047,93.7699966430664,84.1944580078125
2024-03-27,93.98999786376953,94.69999694824219,85.02947235107422
2024-03-28,94.48999786376953,94.62000274658203,84.95765686035156
2024-04-01,93.29000091552734,92.55000305175781,83.37396240234375
2024-04-02,91.56999969482422,92.04000091552734,82.91454315185547
2024-04-03,91.26000213623047,92.0199966430664,82.89649963378906
2024-04-04,92.62999725341797,92.68000030517578,83.49105834960938
2024-04-05,91.69000244140625,91.38999938964844,82.3289566040039
2024-04-08,91.2300033569336,91.37999725341797,82.31996154785156
2024-04-09,91.87000274658203,92.2300033569336,83.08568572998047
2024-04-10,91.19999694824219,90.22000122070312,81.27497100830078
2024-04-11,90.37999725341797,89.80999755859375,80.9056396484375
2024-04-12,90.63999938964844,90.29000091552734,81.33802795410156
2024-04-15,89.22000122070312,88.88999938964844,80.07682800292969
2024-04-16,88.05000305175781,88.30000305175781,79.5453109741211
2024-04-17,88.87000274658203,89.27999877929688,80.42815399169922
2024-04-18,89.23999786376953,88.83000183105469,80.02279663085938
2024-04-19,89.38999938964844,89.1500015258789,80.31107330322266
2024-04-22,88.68000030517578,89.0,80.1759262084961
2024-04-23,88.7300033569336,89.02999877929688,80.20295715332031
2024-04-24,88.55999755859375,88.4000015258789,79.63543701171875
2024-04-25,87.45999908447266,87.77999877929688,79.07688903808594
2024-04-26,88.25,88.23999786376953,79.49125671386719
2024-04-29,88.66000366210938,88.9800033569336,80.15790557861328
2024-04-30,88.41999816894531,88.22000122070312,79.4732666015625
2024-05-01,88.5999984741211,88.55999755859375,80.05905151367188
2024-05-02,88.20999908447266,88.94000244140625,80.40257263183594
2024-05-03,89.93000030517578,89.83999633789062,81.2161865234375
2024-05-06,89.87000274658203,90.19000244140625,81.5326156616211
2024-05-07,90.9000015258789,90.73999786376953,82.02979278564453
2024-05-08,90.30999755859375,90.19000244140625,81.5326156616211
2024-05-09,89.87000274658203,90.62999725341797,81.93036651611328
2024-05-10,90.27999877929688,90.12000274658203,81.46931457519531
2024-05-13,90.55000305175781,90.3499984741211,81.67723846435547
2024-05-14,90.6500015258789,90.86000061035156,82.13829040527344
2024-05-15,91.87000274658203,92.0999984741211,83.25924682617188
2024-05-16,92.38999938964844,92.01000213623047,83.17790222167969
2024-05-17,91.63999938964844,91.38999938964844,82.61739349365234
2024-05-20,91.08000183105469,91.12000274658203,82.37332153320312
2024-05-21,91.7300033569336,91.58999633789062,82.7981948852539
2024-05-22,91.2699966430664,91.69999694824219,82.89765930175781
2024-05-23,91.80000305175781,91.11000061035156,82.36427307128906
2024-05-24,90.97000122070312,91.37999725341797,82.60836791992188
2024-05-28,91.33000183105469,90.06999969482422,81.42410278320312
2024-05-29,89.33999633789062,88.9800033569336,80.4387435913086
2024-05-30,89.5999984741211,89.83999633789062,81.2161865234375
2024-05-31,90.4800033569336,90.44999694824219,81.76765441894531
2024-06-03,90.63999938964844,91.5999984741211,83.0901870727539
2024-06-04,92.19999694824219,92.66999816894531,84.06077575683594
2024-06-05,93.0,93.3499984741211,84.67759704589844
2024-06-06,92.91999816894531,93.20999908447266,84.55060577392578
2024-06-07,91.83000183105469,91.5,82.9994888305664
2024-06-10,91.0,90.88999938964844,82.44615173339844
2024-06-11,91.02999877929688,91.83000183105469,83.2988052368164
2024-06-12,93.0199966430664,92.5199966430664,83.92469787597656
2024-06-13,93.22000122070312,93.87999725341797,85.15835571289062
2024-06-14,94.41999816894531,94.66999816894531,85.87496948242188
2024-06-17,93.5199966430664,93.7300033569336,85.0223159790039
2024-06-18,93.88999938964844,94.58999633789062,85.80240631103516
2024-06-20,93.41000366210938,93.95999908447266,85.2309341430664
2024-06-21,94.23999786376953,93.95999908447266,85.2309341430664
2024-06-24,94.05000305175781,94.33999633789062,85.57564544677734
2024-06-25,94.06999969482422,94.5,85.72077178955078
2024-06-26,93.27999877929688,93.1500015258789,84.49620819091797
2024-06-27,93.5199966430664,93.5199966430664,84.83182525634766
2024-06-28,93.7300033569336,91.77999877929688,83.25347137451172
2024-07-01,90.41999816894531,89.91000366210938,81.81660461425781
2024-07-02,90.68000030517578,90.61000061035156,82.4535903930664
2024-07-03,91.16999816894531,91.80000305175781,83.53648376464844
2024-07-05,92.2699966430664,92.55999755859375,84.2280502319336
2024-07-08,92.54000091552734,92.76000213623047,84.4100341796875
2024-07-09,92.47000122070312,92.3499984741211,84.03695678710938
2024-07-10,92.44999694824219,92.63999938964844,84.30085754394531
2024-07-11,93.68000030517578,93.54000091552734,85.1198501586914
2024-07-12,93.52999877929688,93.94000244140625,85.48382568359375
2024-07-15,93.0,92.86000061035156,84.50104522705078
2024-07-16,93.52999877929688,94.16999816894531,85.69313049316406
2024-07-17,93.91999816894531,94.19000244140625,85.71131134033203
2024-07-18,93.68000030517578,93.47000122070312,85.05613708496094
2024-07-19,93.04000091552734,92.91999816894531,84.5556640625
2024-07-22,93.4000015258789,92.6500015258789,84.30995178222656
2024-07-23,92.80999755859375,92.5199966430664,84.19164276123047
2024-07-24,92.58999633789062,91.5199966430664,83.28166961669922
2024-07-25,92.02999877929688,92.2699966430664,83.96414947509766
2024-07-26,92.94999694824219,92.98999786376953,84.6193618774414
2024-07-29,93.66999816894531,93.48999786376953,85.0743408203125
2024-07-30,93.75,93.8499984741211,85.40193176269531
2024-07-31,94.52999877929688,94.80999755859375,86.2755126953125
2024-08-01,95.13999938964844,95.30999755859375,87.01962280273438
2024-08-02,97.0,98.27999877929688,89.73126983642578
2024-08-05,99.69000244140625,98.80000305175781,90.2060775756836
2024-08-06,98.1500015258789,96.58999633789062,88.18828582763672
2024-08-07,95.94999694824219,95.91000366210938,87.56743621826172
2024-08-08,95.12000274658203,95.31999969482422,87.02876281738281
2024-08-09,96.51000213623047,96.26000213623047,87.88697814941406
2024-08-12,96.02999877929688,96.61000061035156,88.2065658569336
2024-08-13,97.30000305175781,97.27999877929688,88.81827545166016
2024-08-14,97.55000305175781,97.88999938964844,89.37519073486328
2024-08-15,96.41000366210938,97.0999984741211,88.65391540527344
2024-08-16,97.44000244140625,97.44000244140625,88.96434783935547
2024-08-19,97.41999816894531,97.88999938964844,89.37519073486328
2024-08-20,98.31999969482422,98.66999816894531,90.08735656738281
2024-08-21,98.66999816894531,98.7300033569336,90.14214324951172
2024-08-22,98.2300033569336,97.75,89.24738311767578
2024-08-23,98.19000244140625,98.38999938964844,89.83171081542969
2024-08-26,98.69000244140625,98.13999938964844,89.60346221923828
2024-08-27,97.48999786376953,97.97000122070312,89.44824981689453
2024-08-28,98.01000213623047,97.8499984741211,89.33868408203125
2024-08-29,97.37000274658203,97.52999877929688,89.04653930664062
2024-08-30,97.68000030517578,96.48999786376953,88.09696197509766
2024-09-03,97.55999755859375,97.75,89.537841796875
2024-09-04,97.87999725341797,99.01000213623047,90.69198608398438
2024-09-05,99.33999633789062,99.56999969482422,91.20494079589844
2024-09-06,99.55000305175781,99.55999755859375,91.19578552246094
2024-09-09,99.4000015258789,99.98999786376953,91.58966827392578
2024-09-10,99.87000274658203,100.69000244140625,92.23084259033203
2024-09-11,100.48999786376953,100.61000061035156,92.15755462646484
2024-09-12,100.36000061035156,100.13999938964844,91.72705078125
2024-09-13,100.45999908447266,100.41000366210938,91.97437286376953
2024-09-16,100.62999725341797,101.33000183105469,92.81707000732422
2024-09-17,101.47000122070312,100.83999633789062,92.36824035644531
2024-09-18,100.23999786376953,99.58999633789062,91.22325134277344
2024-09-19,98.91999816894531,99.26000213623047,90.92098999023438
2024-09-20,98.98999786376953,98.87999725341797,90.5728988647461
2024-09-23,98.5,98.66999816894531,90.38056182861328
2024-09-24,98.0,98.6500015258789,90.36222076416016
2024-09-25,98.26000213623047,97.83000183105469,89.61109924316406
2024-09-26,98.06999969482422,98.05999755859375,89.82178497314453
2024-09-27,98.54000091552734,98.56999969482422,90.28895568847656
2024-09-30,98.63999938964844,98.0999984741211,89.8584213256836
2024-10-01,98.80000305175781,98.48999786376953,90.50719451904297
2024-10-02,97.36000061035156,97.66000366210938,89.7444839477539
2024-10-03,97.33999633789062,96.73999786376953,88.89906311035156
2024-10-04,95.44000244140625,95.55000305175781,87.80549621582031
2024-10-07,94.9800033569336,94.83000183105469,87.14384460449219
2024-10-08,94.38999938964844,94.98999786376953,87.29087829589844
2024-10-09,94.66999816894531,94.44999694824219,86.79463958740234
2024-10-10,93.87999725341797,94.08000183105469,86.45464324951172
2024-10-11,93.4800033569336,93.69999694824219,86.1054458618164
2024-10-14,93.04000091552734,93.7699966430664,86.1697769165039
2024-10-15,94.45999908447266,94.91000366210938,87.2173843383789
2024-10-16,95.38999938964844,95.30999755859375,87.58495330810547
2024-10-17,94.29000091552734,93.80000305175781,86.19733428955078
2024-10-18,94.05000305175781,93.87000274658203,86.2616958618164
2024-10-21,93.0199966430664,92.2300033569336,84.75459289550781
2024-10-22,92.6500015258789,92.31999969482422,84.83729553222656
2024-10-23,91.83999633789062,92.06999969482422,84.60757446289062
2024-10-24,92.2300033569336,92.66000366210938,85.14974975585938
2024-10-25,92.98999786376953,92.13999938964844,84.67188262939453
2024-10-28,92.2699966430664,91.88999938964844,84.44214630126953
2024-10-29,91.16999816894531,92.02999877929688,84.57080078125
2024-10-30,92.83999633789062,92.30000305175781,84.81890869140625
2024-10-31,92.19999694824219,92.44999694824219,84.95677947998047
2024-11-01,92.26000213623047,90.83999633789062,83.75902557373047
2024-11-04,92.27999877929688,92.25,85.05911254882812
2024-11-05,92.02999877929688,92.73999786376953,85.51090240478516
2024-11-06,89.63999938964844,90.19999694824219,83.16890716552734
2024-11-07,90.75,91.33000183105469,84.21082305908203
2024-11-08,92.0,92.48999786376953,85.28040313720703
2024-11-11,92.25,92.04000091552734,84.86547088623047
2024-11-12,91.37000274658203,90.66000366210938,83.59305572509766
2024-11-13,91.5199966430664,89.80000305175781,82.80007934570312
2024-11-14,90.55999755859375,90.31999969482422,83.27955627441406
2024-11-15,89.91999816894531,90.08000183105469,83.05824279785156
2024-11-18,89.66000366210938,90.23999786376953,83.20578002929688
2024-11-19,90.81999969482422,90.69999694824219,83.62994384765625
2024-11-20,90.1500015258789,90.41000366210938,83.362548828125
2024-11-21,90.44999694824219,90.33999633789062,83.2979965209961
2024-11-22,90.51000213623047,90.38999938964844,83.34408569335938
2024-11-25,92.19999694824219,92.7300033569336,85.501708984375
2024-11-26,92.16000366210938,92.37000274658203,85.16975402832031
2024-11-27,93.04000091552734,93.01000213623047,85.75987243652344
2024-11-29,93.77999877929688,93.97000122070312,86.64503479003906
2024-12-02,93.2699966430664,93.87000274658203,86.85323333740234
2024-12-03,93.93000030517578,93.05999755859375,86.1037826538086
2024-12-04,92.61000061035156,94.05999755859375,87.02900695800781
2024-12-05,93.72000122070312,94.25,87.2048110961914
2024-12-06,94.72000122070312,94.38999938964844,87.33435821533203
2024-12-09,93.98999786376953,93.5199966430664,86.52938079833984
2024-12-10,93.0199966430664,93.08000183105469,86.12227630615234
2024-12-11,93.06999969482422,92.19999694824219,85.30805969238281
2024-12-12,91.63999938964844,91.08000183105469,84.27177429199219
2024-12-13,90.80000305175781,90.1500015258789,83.4112777709961
2024-12-16,90.55000305175781,90.41999816894531,83.66109466552734
2024-12-17,90.5199966430664,90.63999938964844,83.8646469116211
2024-12-18,89.97000122070312,89.16000366210938,82.81600952148438
2024-12-19,88.06999969482422,87.80999755859375,81.5620346069336
2024-12-20,88.52999877929688,88.30999755859375,82.02647399902344
2024-12-23,88.16000366210938,87.5,81.27410125732422
2024-12-24,87.04000091552734,87.87000274658203,81.61778259277344
2024-12-26,87.20999908447266,87.81999969482422,81.57135009765625
2024-12-27,87.4800033569336,87.0999984741211,80.90254974365234
2024-12-30,87.83000183105469,87.80000305175781,81.55277252197266
2024-12-31,88.12999725341797,87.33000183105469,81.11619567871094
2025-01-02,87.80000305175781,87.56999969482422,81.33912658691406
2025-01-03,87.72000122070312,87.29000091552734,81.07904815673828
2025-01-06,87.05000305175781,86.9000015258789,80.71681213378906
2025-01-07,86.5999984741211,85.91999816894531,79.80653381347656
2025-01-08,85.47000122070312,86.02999877929688,79.90869903564453
2025-01-10,85.27999877929688,85.45999908447266,79.3792724609375
2025-01-13,85.52999877929688,85.43000030517578,79.35140228271484
2025-01-14,85.2300033569336,85.29000091552734,79.22135162353516
2025-01-15,86.69999694824219,86.76000213623047,80.58674621582031
2025-01-16,86.63999938964844,87.04000091552734,80.8468246459961
2025-01-17,87.43000030517578,87.19000244140625,80.98617553710938
2025-01-21,87.88999938964844,87.97000122070312,81.71066284179688
2025-01-22,87.87000274658203,87.51000213623047,81.28340148925781
2025-01-23,86.63999938964844,86.83000183105469,80.65177917480469
2025-01-24,86.72000122070312,87.22000122070312,81.0140380859375
2025-01-27,88.16000366210938,88.25,81.97074127197266
2025-01-28,87.83999633789062,88.19000244140625,81.91502380371094
2025-01-29,88.43000030517578,88.01000213623047,81.74784088134766
2025-01-30,88.41000366210938,88.33999633789062,82.0543212890625
2025-01-31,88.37999725341797,87.76000213623047,81.51560974121094
2025-02-03,88.58000183105469,88.16000366210938,82.1793212890625
2025-02-04,87.55000305175781,88.43000030517578,82.43099212646484
2025-02-05,89.44999694824219,89.88999938964844,83.79194641113281
2025-02-06,89.86000061035156,89.8499984741211,83.75465393066406
2025-02-07,89.23999786376953,89.2699966430664,83.2140121459961
2025-02-10,89.26000213623047,89.0,82.96231842041016
2025-02-11,88.52999877929688,88.43000030517578,82.43099212646484
2025-02-12,87.29000091552734,87.2300033569336,81.3123779296875
2025-02-13,88.08999633789062,88.68000030517578,82.66402435302734
2025-02-14,89.37999725341797,89.1500015258789,83.10215759277344
2025-02-18,88.54000091552734,88.0999984741211,82.1233901977539
2025-02-19,87.94999694824219,88.20999908447266,82.22591400146484
2025-02-20,88.44999694824219,88.54000091552734,82.53351593017578
2025-02-21,88.87000274658203,89.61000061035156,83.53094482421875
2025-02-24,89.33000183105469,89.87000274658203,83.7733154296875
2025-02-25,90.97000122070312,91.41999816894531,85.2181625366211
2025-02-26,91.41999816894531,91.95999908447266,85.72152709960938
2025-02-27,91.30999755859375,91.30999755859375,85.11561584472656
2025-02-28,91.8499984741211,92.43000030517578,86.15962219238281
2025-03-03,91.41000366210938,92.56999969482422,86.56172180175781
2025-03-04,92.44000244140625,91.43000030517578,85.4957275390625
2025-03-05,91.55999755859375,90.69999694824219,84.81310272216797
2025-03-06,90.4800033569336,90.4000015258789,84.53256225585938
2025-03-07,91.13999938964844,90.11000061035156,84.26138305664062
2025-03-10,91.08000183105469,91.05000305175781,85.14036560058594
2025-03-11,90.97000122070312,90.4000015258789,84.53256225585938
2025-03-12,90.0,89.86000061035156,84.02761840820312
2025-03-13,89.58000183105469,90.6500015258789,84.76634216308594
2025-03-14,90.01000213623047,90.16999816894531,84.3175048828125
2025-03-17,90.80000305175781,90.62000274658203,84.7383041381836
2025-03-18,90.13999938964844,90.70999908447266,84.82244873046875
2025-03-19,90.68000030517578,91.18000030517578,85.261962890625
2025-03-20,92.19999694824219,91.23999786376953,85.31805419921875
2025-03-21,91.33000183105469,90.69999694824219,84.81310272216797
2025-03-24,90.19999694824219,89.7699966430664,83.9434585571289
2025-03-25,89.56999969482422,89.76000213623047,83.9341049194336
2025-03-26,89.38999938964844,89.16999816894531,83.38238525390625
2025-03-27,88.8499984741211,88.91000366210938,83.1392822265625
2025-03-28,89.87999725341797,90.13999938964844,84.28945922851562
2025-03-31,91.2300033569336,91.02999877929688,85.12168884277344
2025-04-01,91.25,91.48999786376953,85.85929870605469
2025-04-02,92.37000274658203,91.43000030517578,85.80299377441406
2025-04-03,92.5199966430664,91.8499984741211,86.19713592529297
2025-04-04,93.6500015258789,92.8499984741211,87.13560485839844
2025-04-07,91.87999725341797,90.05000305175781,84.50794219970703
2025-04-08,89.27999877929688,88.3499984741211,82.91253662109375
2025-04-09,87.2699966430664,88.87000274658203,83.40056610107422
2025-04-10,87.73999786376953,86.41999816894531,81.10132598876953
2025-04-11,85.87000274658203,86.88999938964844,81.54241943359375
2025-04-14,87.4000015258789,87.51000213623047,82.1242446899414
2025-04-15,87.1500015258789,87.81999969482422,82.41516876220703
2025-04-16,87.80000305175781,88.30999755859375,82.8750228881836
2025-04-17,88.04000091552734,87.52999877929688,82.14301300048828
2025-04-21,86.5999984741211,86.0,80.70718383789062
2025-04-22,86.81999969482422,86.4800033569336,81.15763854980469
2025-04-23,88.87999725341797,87.31999969482422,81.94595336914062
2025-04-24,88.02999877929688,88.23999786376953,82.809326171875
2025-04-25,88.9000015258789,88.88999938964844,83.41931915283203
2025-04-28,88.66000366210938,89.44999694824219,83.94485473632812
2025-04-29,89.31999969482422,90.19999694824219,84.64869689941406
2025-04-30,89.77999877929688,89.47000122070312,83.963623046875
2025-05-01,89.26000213623047,88.69000244140625,83.53787994384766
2025-05-02,87.70999908447266,87.7300033569336,82.63365936279297
2025-05-05,87.3499984741211,87.23999786376953,82.1720962524414
2025-05-06,86.80000305175781,87.52999877929688,82.44526672363281
2025-05-07,87.91999816894531,87.9000015258789,82.79378509521484
2025-05-08,88.0199966430664,86.91999816894531,81.87069702148438
2025-05-09,87.0,87.05000305175781,81.9931640625
2025-05-12,86.37999725341797,86.23999786376953,81.23020935058594
2025-05-13,86.12999725341797,85.88999938964844,80.90054321289062
2025-05-14,85.75,85.31999969482422,80.36363983154297
2025-05-15,85.62999725341797,86.06999969482422,81.07008361816406
2025-05-16,86.87000274658203,86.30000305175781,81.28670501708984
2025-05-19,84.91000366210938,86.05000305175781,81.05123901367188
2025-05-20,85.43000030517578,85.43000030517578,80.46726989746094
2025-05-21,84.68000030517578,83.97000122070312,79.0920639038086
2025-05-22,83.5199966430664,84.41000366210938,79.50652313232422
2025-05-23,84.7699966430664,84.55000305175781,79.63839721679688
2025-05-27,85.3499984741211,85.7300033569336,80.74982452392578
2025-05-28,85.41000366210938,85.36000061035156,80.40132904052734
2025-05-29,85.7699966430664,86.1500015258789,81.14544677734375
2025-05-30,86.08999633789062,86.27999877929688,81.26788330078125
2025-06-02,85.29000091552734,85.16000366210938,80.51155853271484
2025-06-03,85.44000244140625,85.01000213623047,80.36973571777344
2025-06-04,85.79000091552734,86.38999938964844,81.6744155883789
2025-06-05,86.68000030517578,86.44999694824219,81.73112487792969
2025-06-06,85.79000091552734,85.3499984741211,80.69116973876953
2025-06-09,85.04000091552734,85.44000244140625,80.7762680053711
2025-06-10,86.0999984741211,85.87999725341797,81.19224548339844
2025-06-11,85.80999755859375,86.13999938964844,81.43805694580078
2025-06-12,86.88999938964844,87.16999816894531,82.4118423461914
2025-06-13,86.7300033569336,86.33000183105469,81.61769104003906
2025-06-16,86.08000183105469,85.45999908447266,80.795166015625
2025-06-17,86.0,86.5,81.77839660644531
2025-06-18,86.87999725341797,86.6500015258789,81.92021942138672
2025-06-20,86.13999938964844,86.48999786376953,81.7689437866211
2025-06-23,86.93000030517578,86.7699966430664,82.0336685180664
2025-06-24,86.47000122070312,87.4000015258789,82.62928009033203
2025-06-25,87.11000061035156,87.51000213623047,82.73326873779297
2025-06-26,87.58999633789062,87.94999694824219,83.14925384521484
2025-06-27,87.56999969482422,87.38999938964844,82.61981964111328
2025-06-30,87.86000061035156,88.25,83.43290710449219
2025-07-01,88.12999725341797,88.13999938964844,83.63975524902344
2025-07-02,87.19000244140625,87.58000183105469,83.10835266113281
2025-07-03,87.16999816894531,86.97000122070312,82.52947998046875
2025-07-07,86.54000091552734,86.13999938964844,81.74186706542969
2025-07-08,85.56999969482422,86.02999877929688,81.6374740600586
2025-07-09,86.19000244140625,86.93000030517578,82.49150848388672
2025-07-10,86.83000183105469,86.98999786376953,82.5484619140625
2025-07-11,86.2300033569336,85.79000091552734,81.40975189208984
2025-07-14,85.54000091552734,85.61000061035156,81.23892211914062
2025-07-15,85.88999938964844,85.01000213623047,80.6695556640625
2025-07-16,85.27999877929688,85.12999725341797,80.78343200683594
2025-07-17,85.22000122070312,85.11000061035156,80.76445770263672
2025-07-18,85.43000030517578,85.23999786376953,80.8878173828125
2025-07-21,86.22000122070312,86.0,81.60902404785156
2025-07-22,86.16999816894531,86.5199966430664,82.10247039794922
2025-07-23,86.05000305175781,86.04000091552734,81.64697265625
2025-07-24,85.55000305175781,85.88999938964844,81.504638671875
2025-07-25,85.80000305175781,86.43000030517578,82.0170669555664
2025-07-28,85.98999786376953,85.87000274658203,81.48567199707031
2025-07-29,86.2300033569336,87.31999969482422,82.86161041259766
2025-07-30,86.7699966430664,86.87000274658203,82.4345932006836
2025-07-31,87.12999725341797,86.91999816894531,82.4820327758789
2025-08-01,87.55999755859375,87.81999969482422,83.65465545654297
2025-08-04,87.95999908447266,88.05999755859375,83.88327026367188
2025-08-05,87.8499984741211,88.33000183105469,84.14045715332031
2025-08-06,87.83999633789062,87.81999969482422,83.65465545654297
2025-08-07,87.91999816894531,87.66999816894531,83.51177215576172
2025-08-08,87.36000061035156,87.29000091552734,83.1498031616211
2025-08-11,87.54000091552734,87.38999938964844,83.24504089355469
2025-08-12,86.9000015258789,86.94999694824219,82.82591247558594
2025-08-13,87.44000244140625,87.66999816894531,83.51177215576172
2025-08-14,87.51000213623047,87.0199966430664,82.8926010131836
2025-08-15,86.66000366210938,86.4000015258789,82.30200958251953
2025-08-18,86.5,86.1500015258789,82.06385040283203
2025-08-19,86.44999694824219,86.6500015258789,82.54015350341797
2025-08-20,86.58999633789062,86.83999633789062,82.72113037109375
2025-08-21,86.55999755859375,86.41000366210938,82.3115463256836
2025-08-22,86.83000183105469,87.05000305175781,82.92118835449219
2025-08-25,86.7300033569336,86.80000305175781,82.68303680419922
2025-08-26,86.51000213623047,86.75,82.63540649414062
2025-08-27,86.11000061035156,86.6500015258789,82.54015350341797
2025-08-28,86.77999877929688,87.22000122070312,83.08312225341797
2025-08-29,86.76000213623047,86.5999984741211,82.49252319335938
2025-09-02,85.62999725341797,85.62999725341797,81.8786392211914
2025-09-03,85.93000030517578,86.56999969482422,82.7774658203125
2025-09-04,87.0199966430664,87.2300033569336,83.4085464477539
2025-09-05,88.22000122070312,88.55999755859375,84.68026733398438
2025-09-08,89.16999816894531,89.73999786376953,85.80857849121094
2025-09-09,89.4000015258789,89.2300033569336,85.3209457397461
2025-09-10,89.4000015258789,89.73999786376953,85.80857849121094
2025-09-11,89.91000366210938,90.33999633789062,86.38228607177734
2025-09-12,89.83000183105469,89.94999694824219,86.0093994140625
2025-09-15,90.1500015258789,90.16000366210938,86.21018981933594
2025-09-16,90.08999633789062,90.3499984741211,86.39186096191406
2025-09-17,90.70999908447266,90.12000274658203,86.17193603515625
2025-09-18,89.26000213623047,89.19000244140625,85.28268432617188
2025-09-19,89.06999969482422,89.0199966430664,85.12012481689453
2025-09-22,88.81999969482422,88.69999694824219,84.81414794921875
2025-09-23,88.97000122070312,89.31999969482422,85.406982421875
2025-09-24,89.08000183105469,88.9800033569336,85.08189392089844
2025-09-25,88.8499984741211,88.9800033569336,85.08189392089844
2025-09-26,88.98999786376953,88.9000015258789,85.00540161132812
2025-09-29,89.29000091552734,89.62999725341797,85.70340728759766
2025-09-30,89.66000366210938,89.37000274658203,85.45480346679688
2025-10-01,89.44999694824219,89.29000091552734,85.67549133300781
2025-10-02,89.30999755859375,89.55000305175781,85.92495727539062
2025-10-03,89.62999725341797,89.37999725341797,85.7618408203125
2025-10-06,88.70999908447266,88.66999816894531,85.0805892944336
2025-10-07,88.97000122070312,89.18000030517578,85.56993865966797
2025-10-08,89.5999984741211,89.25,85.6371078491211
2025-10-09,89.16999816894531,89.18000030517578,85.56993865966797
2025-10-10,89.9800033569336,90.62000274658203,86.95165252685547
2025-10-13,90.27999877929688,90.56999969482422,86.9036636352539
2025-10-14,90.6500015258789,90.86000061035156,87.18193817138672
2025-10-15,90.95999908447266,90.66000366210938,86.99002075195312
2025-10-16,90.5199966430664,91.33999633789062,87.64249420166016
2025-10-17,91.25,91.19999694824219,87.50818634033203
2025-10-20,91.45999908447266,91.55000305175781,87.84400939941406
2025-10-21,91.98999786376953,92.0,88.27577209472656
2025-10-22,91.98999786376953,92.05999755859375,88.3333511352539
2025-10-23,91.61000061035156,91.43000030517578,87.72886657714844
2025-10-24,91.58999633789062,91.47000122070312,87.76725006103516
2025-10-27,91.31999969482422,91.77999877929688,88.06468200683594
2025-10-28,91.8499984741211,92.0199966430664,88.29498291015625
2025-10-29,91.87999725341797,91.08999633789062,87.40261840820312
2025-10-30,90.38999938964844,90.55999755859375,86.89407348632812
2025-10-31,90.55999755859375,90.29000091552734,86.63500213623047
2025-11-03,89.62000274658203,89.73999786376953,86.41831970214844
2025-11-04,89.77999877929688,89.94000244140625,86.6109390258789
2025-11-05,89.51000213623047,88.95999908447266,85.66719818115234
2025-11-06,89.55999755859375,89.76000213623047,86.43759155273438
2025-11-07,89.36000061035156,89.56999969482422,86.25462341308594
2025-11-10,89.48999786376953,89.55000305175781,86.23535919189453
2025-11-11,89.94999694824219,89.95999908447266,86.63019561767578
2025-11-12,89.94999694824219,90.12000274658203,86.78426361083984
2025-11-13,89.80000305175781,89.37999725341797,86.07166290283203
2025-11-14,89.79000091552734,88.87000274658203,85.58053588867188
2025-11-17,89.08000183105469,89.08999633789062,85.79238891601562
2025-11-18,89.3499984741211,89.05999755859375,85.76349639892578
2025-11-19,89.2300033569336,88.87999725341797,85.59016418457031
2025-11-20,88.98999786376953,89.2300033569336,85.92721557617188
2025-11-21,89.6500015258789,89.5,86.18721771240234
2025-11-24,89.94999694824219,90.01000213623047,86.67833709716797
2025-11-25,90.30999755859375,90.23999786376953,86.89983367919922
2025-11-26,90.1500015258789,90.63999938964844,87.2850341796875
2025-11-28,90.45999908447266,90.20999908447266,86.87094116210938
2025-12-01,88.8499984741211,88.7699966430664,85.78950500488281
2025-12-02,88.58000183105469,88.80999755859375,85.82816314697266
2025-12-03,88.91999816894531,89.05999755859375,86.06976318359375
2025-12-04,88.91000366210938,88.58000183105469,85.60588073730469
2025-12-05,88.55000305175781,88.16999816894531,85.20965576171875
2025-12-08,88.19000244140625,87.87999725341797,84.92938232421875
2025-12-09,88.33999633789062,87.97000122070312,85.01637268066406
2025-12-10,88.0,88.30999755859375,85.3449478149414
2025-12-11,88.69000244140625,88.19000244140625,85.2289810180664
2025-12-12,87.37999725341797,87.33999633789062,84.40752410888672
2025-12-15,87.72000122070312,87.4000015258789,84.46550750732422
2025-12-16,87.19000244140625,87.87999725341797,84.92938232421875
2025-12-17,87.62999725341797,87.80000305175781,84.85208129882812
2025-12-18,88.12999725341797,88.22000122070312,85.25797271728516
2025-12-19,87.61000061035156,87.55000305175781,84.93976593017578
2025-12-22,87.41999816894531,87.36000061035156,84.75541687011719
2025-12-23,87.06999969482422,87.5,84.89125061035156
2025-12-24,87.76000213623047,88.02999877929688,85.40544128417969
2025-12-26,88.0999984741211,87.73999786376953,85.12409210205078
2025-12-29,87.94999694824219,88.06999969482422,85.4442367553711
2025-12-30,87.73999786376953,87.86000061035156,85.24050903320312
2025-12-31,87.68000030517578,87.16000366210938,84.56138610839844
2026-01-02,87.4000015258789,87.02999877929688,84.43526458740234
2026-01-05,87.18000030517578,87.45999908447266,84.8524398803711
2026-01-06,87.1500015258789,87.27999877929688,84.67781066894531
2026-01-07,87.83999633789062,87.79000091552734,85.17259979248047
2026-01-08,87.33000183105469,87.3499984741211,84.74571990966797
2026-01-09,87.30000305175781,87.93000030517578,85.30843353271484
2026-01-12,87.5,87.66999816894531,85.05616760253906
2026-01-13,87.87999725341797,87.81999969482422,85.20170593261719
2026-01-14,87.91000366210938,88.33000183105469,85.6965103149414
2026-01-15,88.63999938964844,88.30999755859375,85.67709350585938
2026-01-16,88.12999725341797,87.80000305175781,85.18231201171875
2026-01-20,86.62999725341797,86.6500015258789,84.06658172607422
2026-01-21,86.80000305175781,87.30999755859375,84.70691680908203
2026-01-22,87.2699966430664,87.69000244140625,85.07559967041016
2026-01-23,87.83000183105469,87.93000030517578,85.30843353271484
2026-01-26,88.4000015258789,88.3499984741211,85.71590423583984
2026-01-27,88.11000061035156,87.80000305175781,85.18231201171875
2026-01-28,87.51000213623047,87.5999984741211,84.98826599121094
2026-01-29,87.1500015258789,87.62000274658203,85.0076675415039
2026-01-30,87.37999725341797,87.12999725341797,84.53227233886719
2026-02-02,87.0199966430664,86.55000305175781,84.29076385498047
2026-02-03,86.48999786376953,86.76000213623047,84.49526977539062
2026-02-04,86.62999725341797,86.54000091552734,84.28102111816406
2026-02-05,86.93000030517578,87.4800033569336,85.19647979736328
2026-02-06,87.44999694824219,87.54000091552734,85.25491333007812
2026-02-09,87.19999694824219,87.5199966430664,85.23542022705078
2026-02-10,88.23999786376953,88.52999877929688,86.21907043457031
2026-02-11,88.04000091552734,88.05999755859375,85.76133728027344
2026-02-12,88.36000061035156,89.2300033569336,86.90079498291016
2026-02-13,89.62999725341797,89.72000122070312,87.37801361083984
2026-02-17,89.93000030517578,89.87000274658203,87.52409362792969
2026-02-18,89.69000244140625,89.52999877929688,87.1929702758789
2026-02-19,89.4000015258789,89.62000274658203,87.2806167602539
2026-02-20,89.69999694824219,89.41000366210938,87.07611083984375
2026-02-23,89.55000305175781,89.73999786376953,87.39747619628906
2026-02-24,89.94999694824219,89.9000015258789,87.55330657958984
2026-02-25,89.70999908447266,89.91000366210938,87.56304168701172
2026-02-26,90.05999755859375,90.2699966430664,87.91364288330078
2026-02-27,90.69000244140625,90.81999969482422,88.44929504394531
2026-03-02,89.9800033569336,89.61000061035156,87.56106567382812
2026-03-03,88.9800033569336,89.43000030517578,87.38520050048828
2026-03-04,89.2699966430664,89.1500015258789,87.1115951538086
2026-03-05,88.62999725341797,88.79000091552734,86.75982666015625
2026-03-06,88.31999969482422,88.45999908447266,86.43737030029297
2026-03-09,88.30000305175781,89.2300033569336,87.18976593017578
2026-03-10,88.80000305175781,88.27999877929688,86.26148223876953
2026-03-11,87.75,87.13999938964844,85.1475601196289
2026-03-12,86.91000366210938,86.97000122070312,84.9814453125
2026-03-13,86.93000030517578,86.54000091552734,84.561279296875
2026-03-16,87.18000030517578,87.20999908447266,85.2159423828125
2026-03-17,87.36000061035156,87.44999694824219,85.4504623413086
2026-03-18,87.36000061035156,86.95999908447266,84.97166442871094
2026-03-19,87.05999755859375,87.48999786376953,85.48955535888672
2026-03-20,86.80999755859375,85.83000183105469,83.86750793457031
2026-03-23,86.18000030517578,86.38999938964844,84.4146957397461
2026-03-24,85.72000122070312,86.01000213623047,84.04338836669922
2026-03-25,86.75,86.83999633789062,84.85441589355469
2026-03-26,86.33999633789062,86.11000061035156,84.14110565185547
2026-03-27,85.5,85.63999938964844,83.68185424804688
2026-03-30,86.62999725341797,86.77999877929688,84.7957763671875
2026-03-31,86.93000030517578,86.69000244140625,84.70783996582031
2026-04-01,86.27999877929688,86.26000213623047,84.62445831298828
2026-04-02,86.20999908447266,86.79000091552734,85.14440155029297
2026-04-06,86.5,86.6500015258789,85.0070571899414
2026-04-07,86.5199966430664,86.63999938964844,84.99724578857422
2026-04-08,87.36000061035156,86.91999816894531,85.27194213867188
2026-04-09,86.69000244140625,86.69999694824219,85.05610656738281
2026-04-10,86.5999984741211,86.48999786376953,84.85009002685547
2026-04-13,86.44000244140625,86.75,85.10516357421875
2026-04-14,86.69999694824219,87.20999908447266,85.55644226074219
2026-04-15,87.0199966430664,86.83000183105469,85.18364715576172
2026-04-16,86.91999816894531,86.27999877929688,84.64407348632812
2026-04-17,87.05000305175781,87.06999969482422,85.4190902709961
2026-04-20,87.11000061035156,87.05000305175781,85.39948272705078
2026-04-21,86.97000122070312,86.56999969482422,84.9285659790039
2026-04-22,87.05000305175781,86.73999786376953,85.09534454345703
2026-04-23,86.83000183105469,86.55000305175781,84.90895080566406
2026-04-24,86.45999908447266,86.70999908447266,85.06591796875
2026-04-27,86.48999786376953,86.27999877929688,84.64407348632812
2026-04-28,86.12000274658203,86.37000274658203,84.73236846923828
2026-04-29,85.98999786376953,85.69999694824219,84.07506561279297
2026-04-30,85.88999938964844,85.62000274658203,83.99658203125
2026-05-01,85.5,85.61000061035156,84.29692077636719
2026-05-04,85.3499984741211,84.95999908447266,83.65687561035156
2026-05-05,85.1500015258789,85.43000030517578,84.11967468261719
2026-05-06,86.05000305175781,86.08000183105469,84.75969696044922
2026-05-07,86.27999877929688,85.6500015258789,84.33629608154297
2026-05-08,86.05999755859375,86.08000183105469,84.75969696044922
2026-05-11,85.87999725341797,85.55999755859375,84.24767303466797
2026-05-12,85.19000244140625,84.98999786376953,83.68641662597656
2026-05-13,84.94000244140625,84.80000305175781,83.49933624267578
2026-05-14,85.26000213623047,84.91999816894531,83.61749267578125
2026-05-15,83.87000274658203,83.66000366210938,82.37681579589844
2026-05-18,83.69999694824219,83.55999755859375,82.2783432006836
2026-05-19,82.95999908447266,83.0199966430664,81.74662780761719
2026-05-20,83.05999755859375,83.91000366210938,82.62298583984375
2026-05-21,83.62000274658203,84.22000122070312,82.92822265625
2026-05-22,84.61000061035156,84.68000030517578,83.38117218017578
2026-05-26,85.33999633789062,85.0999984741211,83.79473114013672
2026-05-27,85.25,85.30000305175781,83.99166870117188
2026-05-28,85.36000061035156,85.73999786376953,84.42491149902344
2026-05-29,85.80999755859375,85.76000213623047,84.44461059570312
2026-06-01,84.93000030517578,85.47000122070312,84.49008178710938
2026-06-02,85.80000305175781,85.6500015258789,84.66802215576172
2026-06-03,85.29000091552734,85.30999755859375,84.33191680908203
2026-06-04,85.61000061035156,85.5,84.51973724365234
2026-06-05,84.98999786376953,85.05999755859375,84.08477783203125
2026-06-08,85.2300033569336,84.62000274658203,83.64983367919922
2026-06-09,84.97000122070312,85.12000274658203,84.14409637451172
2026-06-10,85.12000274658203,84.87999725341797,83.90684509277344
2026-06-11,85.16999816894531,85.9800033569336,84.99423217773438
2026-06-12,85.63999938964844,85.7699966430664,84.7866439819336
2026-06-15,85.95999908447266,85.72000122070312,84.73721313476562
2026-06-16,85.95999908447266,86.19000244140625,85.20182800292969
2026-06-17,86.33000183105469,86.33000183105469,85.3402328491211
2026-06-18,87.06999969482422,86.75,85.75540924072266
2026-06-22,86.30000305175781,86.08999633789062,85.10296630859375
2026-06-23,86.12000274658203,86.19999694824219,85.21170806884766
2026-06-24,87.1500015258789,87.37999725341797,86.378173828125
2026-06-25,87.58000183105469,87.3499984741211,86.34852600097656
2026-06-26,87.01000213623047,87.36000061035156,86.35841369628906
2026-06-29,87.36000061035156,87.44999694824219,86.44738006591797
2026-06-30,87.1500015258789,86.41999816894531,85.42918395996094
2026-07-01,85.4800033569336,85.5199966430664,84.85173797607422
2026-07-02,85.37999725341797,85.51000213623047,84.8418197631836
2026-07-06,85.43000030517578,85.44999694824219,84.78227996826172
2026-07-07,85.12000274658203,84.55000305175781,83.88932037353516
2026-07-08,84.30999755859375,84.36000061035156,83.7008056640625
2026-07-09,84.27999877929688,84.48999786376953,83.82978057861328
2026-07-10,84.51000213623047,84.47000122070312,83.80994415283203
2026-07-13,84.19000244140625,83.97000122070312,83.31385040283203
2026-07-14,84.18000030517578,84.08000183105469,83.4229965209961
2026-07-15,84.08000183105469,84.23999786376953,83.58174133300781
2026-07-16,83.83999633789062,84.20999908447266,83.55197143554688
2026-07-17,84.62000274658203,84.5199966430664,83.85954284667969
2026-07-20,84.30999755859375,83.88999938964844,83.2344741821289
2026-07-21,83.73999786376953,83.66000366210938,83.00627899169922
2026-07-22,83.61000061035156,83.44000244140625,82.7879867553711
2026-07-23,82.98999786376953,83.16999816894531,82.52009582519531
2026-07-24,83.30999755859375,83.25,82.59947204589844
2026-07-27,83.7300033569336,83.75,83.09556579589844
2026-07-28,83.86000061035156,84.23999786376953,83.58174133300781
2026-07-29,84.0999984741211,82.8499984741211,82.20259857177734
2026-07-30,82.80999755859375,82.80000305175781,82.15299224853516
2026-07-31,82.44999694824219,82.25,81.60728454589844
2026-08-03,82.23999786376953,82.19000244140625,81.87625885009766
2026-08-04,82.6500015258789,82.81999969482422,82.50385284423828
2026-08-05,82.94999694824219,83.0,82.68316650390625
2026-08-06,82.7699966430664,82.5199966430664,82.20499420166016
2026-08-07,82.80000305175781,82.76000213623047,82.44408416748047
2026-08-10,82.4000015258789,82.05999755859375,81.74674987792969
2026-08-11,82.2699966430664,82.19000244140625,81.87625885009766
2026-08-12,82.44999694824219,82.11000061035156,81.79656219482422
2026-08-13,82.58999633789062,82.58999633789062,82.27472686767578
2026-08-14,82.2300033569336,82.04000091552734,81.7268295288086
2026-08-17,81.7699966430664,81.3499984741211,81.03946685791016
2026-08-18,81.26000213623047,81.66000366210938,81.3482894897461
2026-08-19,82.80999755859375,83.0199966430664,82.70308685302734
2026-08-20,82.36000061035156,82.33999633789062,82.02568054199219
2026-08-21,82.16999816894531,82.05000305175781,81.7367935180664
2026-08-24,82.48999786376953,82.55999755859375,82.24484252929688
2026-08-25,83.11000061035156,83.47000122070312,83.15137481689453
2026-08-26,83.2699966430664,83.30000305175781,82.98202514648438
2026-08-27,83.19999694824219,83.12999725341797,82.81266784667969
2026-08-28,83.04000091552734,82.87999725341797,82.5636215209961
2026-08-31,82.47000122070312,82.5199966430664,82.20499420166016
2026-09-01,81.88999938964844,81.87000274658203,81.87000274658203
2026-09-02,81.9800033569336,81.94999694824219,81.94999694824219
2026-09-03,82.36000061035156,82.06999969482422,82.06999969482422
2026-09-04,82.29000091552734,82.20999908447266,82.20999908447266
