Date,Open,Close,AdjClose
2006-04-10,546.0,544.1599731445312,544.1599731445312
2006-04-11,546.5599975585938,545.5999755859375,545.5999755859375
2006-04-12,545.760009765625,542.719970703125,542.719970703125
2006-04-13,540.0,550.5599975585938,550.5599975585938
2006-04-17,553.5999755859375,558.3200073242188,558.3200073242188
2006-04-18,560.7999877929688,566.0,566.0
2006-04-19,564.6400146484375,574.7999877929688,574.7999877929688
2006-04-20,575.3599853515625,568.719970703125,568.719970703125
2006-04-21,567.1199951171875,582.47998046875,582.47998046875
2006-04-24,571.2000122070312,568.0800170898438,568.0800170898438
2006-04-25,573.4400024414062,565.1199951171875,565.1199951171875
2006-04-26,563.52001953125,556.3200073242188,556.3200073242188
2006-04-27,552.7999877929688,549.5999755859375,549.5999755859375
2006-04-28,554.0800170898438,556.9600219726562,556.9600219726562
2006-05-01,561.2000122070312,572.0,572.0
2006-05-02,574.719970703125,578.719970703125,578.719970703125
2006-05-03,579.8400268554688,561.760009765625,561.760009765625
2006-05-04,554.9600219726562,546.5599975585938,546.5599975585938
2006-05-05,546.4000244140625,544.0,544.0
2006-05-08,537.0399780273438,543.0399780273438,543.0399780273438
2006-05-09,543.9199829101562,547.2000122070312,547.2000122070312
2006-05-10,546.5599975585938,558.1599731445312,558.1599731445312
2006-05-11,568.0,562.4000244140625,562.4000244140625
2006-05-12,563.52001953125,552.8800048828125,552.8800048828125
2006-05-15,539.760009765625,533.0399780273438,533.0399780273438
2006-05-16,536.5599975585938,533.5999755859375,533.5999755859375
2006-05-17,533.3599853515625,525.5999755859375,525.5999755859375
2006-05-18,525.4400024414062,533.9199829101562,533.9199829101562
2006-05-19,528.0,524.5599975585938,524.5599975585938
2006-05-22,519.1199951171875,530.239990234375,530.239990234375
2006-05-23,538.0,542.1599731445312,542.1599731445312
2006-05-24,537.6799926757812,528.7999877929688,528.7999877929688
2006-05-25,533.4400024414062,542.4000244140625,542.4000244140625
2006-05-26,539.6799926757812,542.0,542.0
2006-05-30,549.760009765625,546.5599975585938,546.5599975585938
2006-05-31,541.1199951171875,541.8400268554688,541.8400268554688
2006-06-01,534.719970703125,534.5599975585938,534.5599975585938
2006-06-02,542.0800170898438,551.2000122070312,551.2000122070312
2006-06-05,557.52001953125,549.9199829101562,549.9199829101562
2006-06-06,544.719970703125,550.0800170898438,550.0800170898438
2006-06-07,546.1599731445312,538.239990234375,538.239990234375
2006-06-08,532.239990234375,536.9600219726562,536.9600219726562
2006-06-09,540.0,544.5599975585938,544.5599975585938
2006-06-12,547.1199951171875,536.6400146484375,536.6400146484375
2006-06-13,527.52001953125,521.4400024414062,521.4400024414062
2006-06-14,524.0800170898438,526.3200073242188,526.3200073242188
2006-06-15,530.7999877929688,529.280029296875,529.280029296875
2006-06-16,527.760009765625,530.0,530.0
2006-06-19,526.5599975585938,524.3200073242188,524.3200073242188
2006-06-20,527.280029296875,522.3200073242188,522.3200073242188
2006-06-21,522.719970703125,530.7999877929688,530.7999877929688
2006-06-22,533.52001953125,536.0,536.0
2006-06-23,531.4400024414062,535.1199951171875,535.1199951171875
2006-06-26,533.3599853515625,541.5999755859375,541.5999755859375
2006-06-27,545.0399780273438,544.6400146484375,544.6400146484375
2006-06-28,543.760009765625,546.47998046875,546.47998046875
2006-06-29,546.7999877929688,556.0800170898438,556.0800170898438
2006-06-30,556.0800170898438,558.1599731445312,558.1599731445312
2006-07-03,561.6799926757812,559.4400024414062,559.4400024414062
2006-07-05,559.1199951171875,568.0,568.0
2006-07-06,566.4000244140625,566.1599731445312,566.1599731445312
2006-07-07,571.4400024414062,558.7999877929688,558.7999877929688
2006-07-10,556.5599975585938,556.47998046875,556.47998046875
2006-07-11,562.47998046875,560.6400146484375,560.6400146484375
2006-07-12,563.2000122070312,569.1199951171875,569.1199951171875
2006-07-13,574.0,586.0,586.0
2006-07-14,593.2000122070312,585.760009765625,585.760009765625
2006-07-17,581.8400268554688,573.2000122070312,573.2000122070312
2006-07-18,579.5999755859375,566.0,566.0
2006-07-19,562.0,558.7999877929688,558.7999877929688
2006-07-20,561.2000122070312,552.7999877929688,552.7999877929688
2006-07-21,557.8400268554688,556.1599731445312,556.1599731445312
2006-07-24,552.0,561.3599853515625,561.3599853515625
2006-07-25,563.3599853515625,552.0,552.0
2006-07-26,551.280029296875,553.3599853515625,553.3599853515625
2006-07-27,558.239990234375,557.4400024414062,557.4400024414062
2006-07-28,552.4000244140625,548.0,548.0
2006-07-31,550.239990234375,556.1599731445312,556.1599731445312
2006-08-01,559.2000122070312,561.2000122070312,561.2000122070312
2006-08-02,565.3599853515625,568.9600219726562,568.9600219726562
2006-08-03,559.760009765625,564.47998046875,564.47998046875
2006-08-04,564.0800170898438,558.47998046875,558.47998046875
2006-08-07,568.719970703125,576.0,576.0
2006-08-08,572.0,570.4000244140625,570.4000244140625
2006-08-09,571.2000122070312,569.3599853515625,569.3599853515625
2006-08-10,563.6799926757812,556.7999877929688,556.7999877929688
2006-08-11,557.8400268554688,557.8400268554688,557.8400268554688
2006-08-14,548.7999877929688,548.719970703125,548.719970703125
2006-08-15,550.719970703125,545.6799926757812,545.6799926757812
2006-08-16,543.52001953125,536.7999877929688,536.7999877929688
2006-08-17,530.719970703125,528.4000244140625,528.4000244140625
2006-08-18,530.239990234375,529.4400024414062,529.4400024414062
2006-08-21,535.280029296875,539.3599853515625,539.3599853515625
2006-08-22,538.4000244140625,536.4000244140625,536.4000244140625
2006-08-23,532.7999877929688,528.0,528.0
2006-08-24,526.9600219726562,534.0,534.0
2006-08-25,540.0,532.4000244140625,532.4000244140625
2006-08-28,524.1599731445312,519.0399780273438,519.0399780273438
2006-08-29,514.0800170898438,513.52001953125,513.52001953125
2006-08-30,514.6400146484375,518.7999877929688,518.7999877929688
2006-08-31,514.4000244140625,518.4000244140625,518.4000244140625
2006-09-01,518.0,510.0,510.0
2006-09-05,506.9599914550781,506.4800109863281,506.4800109863281
2006-09-06,501.44000244140625,497.6000061035156,497.6000061035156
2006-09-07,498.6400146484375,495.1199951171875,495.1199951171875
2006-09-08,496.32000732421875,487.20001220703125,487.20001220703125
2006-09-11,481.44000244140625,480.239990234375,480.239990234375
2006-09-12,480.4800109863281,470.0799865722656,470.0799865722656
2006-09-13,471.9200134277344,472.0,472.0
2006-09-14,470.9599914550781,465.20001220703125,465.20001220703125
2006-09-15,462.0799865722656,464.32000732421875,464.32000732421875
2006-09-18,466.32000732421875,466.55999755859375,466.55999755859375
2006-09-19,468.4800109863281,450.0,450.0
2006-09-20,445.44000244140625,440.3999938964844,440.3999938964844
2006-09-21,442.79998779296875,447.1199951171875,447.1199951171875
2006-09-22,448.3999938964844,437.1199951171875,437.1199951171875
2006-09-25,434.32000732421875,445.3599853515625,445.3599853515625
2006-09-26,443.3599853515625,443.3599853515625,443.3599853515625
2006-09-27,446.9599914550781,457.2799987792969,457.2799987792969
2006-09-28,457.6000061035156,453.20001220703125,453.20001220703125
2006-09-29,452.3999938964844,456.0,456.0
2006-10-02,453.6000061035156,442.4800109863281,442.4800109863281
2006-10-03,436.9599914550781,425.9200134277344,425.9200134277344
2006-10-04,428.3999938964844,432.32000732421875,432.32000732421875
2006-10-05,441.2799987792969,436.7200012207031,436.7200012207031
2006-10-06,434.79998779296875,434.79998779296875,434.79998779296875
2006-10-09,436.8800048828125,436.79998779296875,436.79998779296875
2006-10-10,432.55999755859375,429.3599853515625,429.3599853515625
2006-10-11,429.20001220703125,421.20001220703125,421.20001220703125
2006-10-12,422.3999938964844,427.44000244140625,427.44000244140625
2006-10-13,429.760009765625,429.20001220703125,429.20001220703125
2006-10-16,428.4800109863281,437.760009765625,437.760009765625
2006-10-17,439.9200134277344,431.9200134277344,431.9200134277344
2006-10-18,429.9200134277344,422.79998779296875,422.79998779296875
2006-10-19,424.1600036621094,431.20001220703125,431.20001220703125
2006-10-20,431.9200134277344,422.0,422.0
2006-10-23,415.6000061035156,418.9599914550781,418.9599914550781
2006-10-24,416.6400146484375,422.7200012207031,422.7200012207031
2006-10-25,423.2799987792969,437.6000061035156,437.6000061035156
2006-10-26,437.760009765625,429.20001220703125,429.20001220703125
2006-10-27,431.2799987792969,432.0,432.0
2006-10-30,425.1199951171875,415.8399963378906,415.8399963378906
2006-10-31,411.5199890136719,416.79998779296875,416.79998779296875
2006-11-01,417.0400085449219,416.9599914550781,416.9599914550781
2006-11-02,413.9200134277344,412.0,412.0
2006-11-03,415.9200134277344,421.44000244140625,421.44000244140625
2006-11-06,420.79998779296875,427.6000061035156,427.6000061035156
2006-11-07,426.9599914550781,420.79998779296875,420.79998779296875
2006-11-08,420.9599914550781,427.20001220703125,427.20001220703125
2006-11-09,432.0,436.0,436.0
2006-11-10,433.760009765625,426.3999938964844,426.3999938964844
2006-11-13,421.3599853515625,418.79998779296875,418.79998779296875
2006-11-14,420.3999938964844,417.1199951171875,417.1199951171875
2006-11-15,418.79998779296875,420.0,420.0
2006-11-16,422.8800048828125,404.7200012207031,404.7200012207031
2006-11-17,403.67999267578125,407.5199890136719,407.5199890136719
2006-11-20,405.1199951171875,407.760009765625,407.760009765625
2006-11-21,410.3999938964844,415.8399963378906,415.8399963378906
2006-11-22,416.1600036621094,410.4800109863281,410.4800109863281
2006-11-24,414.0,414.3999938964844,414.3999938964844
2006-11-27,413.5199890136719,418.3999938964844,418.3999938964844
2006-11-28,420.79998779296875,421.67999267578125,421.67999267578125
2006-11-29,425.1199951171875,433.1199951171875,433.1199951171875
2006-11-30,436.1600036621094,436.6400146484375,436.6400146484375
2006-12-01,434.3999938964844,440.3999938964844,440.3999938964844
2006-12-04,435.760009765625,433.6000061035156,433.6000061035156
2006-12-05,436.55999755859375,434.3999938964844,434.3999938964844
2006-12-06,431.5199890136719,431.1199951171875,431.1199951171875
2006-12-07,429.760009765625,430.8800048828125,430.8800048828125
2006-12-08,434.0799865722656,428.6400146484375,428.6400146484375
2006-12-11,424.0,424.0,424.0
2006-12-12,424.32000732421875,420.3999938964844,420.3999938964844
2006-12-13,419.2799987792969,423.0400085449219,423.0400085449219
2006-12-14,427.9200134277344,429.8399963378906,429.8399963378906
2006-12-15,431.8399963378906,434.3999938964844,434.3999938964844
2006-12-18,430.6400146484375,425.2799987792969,425.2799987792969
2006-12-19,423.6000061035156,432.0,432.0
2006-12-20,432.3999938964844,432.3999938964844,432.3999938964844
2006-12-21,430.9599914550781,426.7200012207031,426.7200012207031
2006-12-22,426.55999755859375,423.3599853515625,423.3599853515625
2006-12-26,425.2799987792969,413.1199951171875,413.1199951171875
2006-12-27,414.0,410.79998779296875,410.79998779296875
2006-12-28,412.239990234375,410.3999938964844,410.3999938964844
2006-12-29,408.1600036621094,412.79998779296875,412.79998779296875
2007-01-03,411.3599853515625,395.20001220703125,395.20001220703125
2007-01-04,388.32000732421875,379.1199951171875,379.1199951171875
2007-01-05,379.20001220703125,382.6400146484375,382.6400146484375
2007-01-08,389.760009765625,379.9200134277344,379.9200134277344
2007-01-09,370.1600036621094,378.3999938964844,378.3999938964844
2007-01-10,373.1199951171875,362.8800048828125,362.8800048828125
2007-01-11,362.0,354.7200012207031,354.7200012207031
2007-01-12,354.239990234375,357.0400085449219,357.0400085449219
2007-01-16,353.2799987792969,346.7200012207031,346.7200012207031
2007-01-17,343.9200134277344,353.760009765625,353.760009765625
2007-01-18,354.3999938964844,345.8399963378906,345.8399963378906
2007-01-19,347.5199890136719,355.44000244140625,355.44000244140625
2007-01-22,358.55999755859375,350.7200012207031,350.7200012207031
2007-01-23,354.8800048828125,365.20001220703125,365.20001220703125
2007-01-24,363.760009765625,368.79998779296875,368.79998779296875
2007-01-25,369.5199890136719,362.1600036621094,362.1600036621094
2007-01-26,364.79998779296875,370.239990234375,370.239990234375
2007-01-29,367.44000244140625,359.760009765625,359.760009765625
2007-01-30,361.9200134277344,378.8800048828125,378.8800048828125
2007-01-31,377.2799987792969,385.9200134277344,385.9200134277344
2007-02-01,386.0,382.7200012207031,382.7200012207031
2007-02-02,385.760009765625,394.7200012207031,394.7200012207031
2007-02-05,396.9599914550781,392.79998779296875,392.79998779296875
2007-02-06,397.20001220703125,393.67999267578125,393.67999267578125
2007-02-07,396.1600036621094,386.0,386.0
2007-02-08,387.9200134277344,398.0,398.0
2007-02-09,400.3999938964844,399.9200134277344,399.9200134277344
2007-02-12,394.6400146484375,386.9599914550781,386.9599914550781
2007-02-13,389.44000244140625,394.8800048828125,394.8800048828125
2007-02-14,393.20001220703125,387.6000061035156,387.6000061035156
2007-02-15,387.6000061035156,386.79998779296875,386.79998779296875
2007-02-16,389.2799987792969,394.79998779296875,394.79998779296875
2007-02-20,386.0799865722656,389.3599853515625,389.3599853515625
2007-02-21,390.32000732421875,398.8800048828125,398.8800048828125
2007-02-22,398.0,402.6400146484375,402.6400146484375
2007-02-23,406.79998779296875,403.67999267578125,403.67999267578125
2007-02-26,406.4800109863281,407.20001220703125,407.20001220703125
2007-02-27,400.8800048828125,399.6000061035156,399.6000061035156
2007-02-28,405.1199951171875,409.44000244140625,409.44000244140625
2007-03-01,407.9200134277344,409.9200134277344,409.9200134277344
2007-03-02,412.0,408.0799865722656,408.0799865722656
2007-03-05,400.239990234375,396.9599914550781,396.9599914550781
2007-03-06,402.0,402.55999755859375,402.55999755859375
2007-03-07,404.0,410.32000732421875,410.32000732421875
2007-03-08,412.4800109863281,410.32000732421875,410.32000732421875
2007-03-09,409.6000061035156,400.8800048828125,400.8800048828125
2007-03-12,396.79998779296875,394.79998779296875,394.79998779296875
2007-03-13,397.0400085449219,391.5199890136719,391.5199890136719
2007-03-14,392.1600036621094,393.1199951171875,393.1199951171875
2007-03-15,394.55999755859375,389.3599853515625,389.3599853515625
2007-03-16,391.8399963378906,387.3599853515625,387.3599853515625
2007-03-19,388.0,389.6000061035156,389.6000061035156
2007-03-20,388.79998779296875,387.67999267578125,387.67999267578125
2007-03-21,388.0,390.3999938964844,390.3999938964844
2007-03-22,393.6000061035156,401.44000244140625,401.44000244140625
2007-03-23,403.9200134277344,404.55999755859375,404.55999755859375
2007-03-26,410.4800109863281,409.3599853515625,409.3599853515625
2007-03-27,406.0,409.6000061035156,409.6000061035156
2007-03-28,415.9200134277344,416.0,416.0
2007-03-29,421.1199951171875,428.9599914550781,428.9599914550781
2007-03-30,428.0799865722656,426.79998779296875,426.79998779296875
2007-04-02,428.3999938964844,428.4800109863281,428.4800109863281
2007-04-03,423.8399963378906,419.67999267578125,419.67999267578125
2007-04-04,417.1199951171875,418.6400146484375,418.6400146484375
2007-04-05,422.0,416.0799865722656,416.0799865722656
2007-04-09,415.67999267578125,402.79998779296875,402.79998779296875
2007-04-10,402.239990234375,404.8800048828125,404.8800048828125
2007-04-11,402.6400146484375,403.67999267578125,403.67999267578125
2007-04-12,407.1199951171875,413.20001220703125,413.20001220703125
2007-04-13,414.6400146484375,412.1600036621094,412.1600036621094
2007-04-16,412.79998779296875,409.6000061035156,409.6000061035156
2007-04-17,411.5199890136719,402.32000732421875,402.32000732421875
2007-04-18,400.3999938964844,401.1199951171875,401.1199951171875
2007-04-19,398.9599914550781,393.760009765625,393.760009765625
2007-04-20,395.20001220703125,400.3999938964844,400.3999938964844
2007-04-23,400.0799865722656,409.760009765625,409.760009765625
2007-04-24,410.4800109863281,403.1199951171875,403.1199951171875
2007-04-25,405.6000061035156,410.55999755859375,410.55999755859375
2007-04-26,408.1600036621094,407.5199890136719,407.5199890136719
2007-04-27,404.8800048828125,414.7200012207031,414.7200012207031
2007-04-30,412.79998779296875,409.9200134277344,409.9200134277344
2007-05-01,408.9599914550781,402.8800048828125,402.8800048828125
2007-05-02,400.9599914550781,396.7200012207031,396.7200012207031
2007-05-03,394.79998779296875,394.239990234375,394.239990234375
2007-05-04,395.20001220703125,386.3999938964844,386.3999938964844
2007-05-07,382.79998779296875,384.4800109863281,384.4800109863281
2007-05-08,385.2799987792969,389.1199951171875,389.1199951171875
2007-05-09,388.4800109863281,384.0799865722656,384.0799865722656
2007-05-10,388.0,385.20001220703125,385.20001220703125
2007-05-11,388.1600036621094,388.55999755859375,388.55999755859375
2007-05-14,390.8800048828125,388.4800109863281,388.4800109863281
2007-05-15,387.2799987792969,391.9200134277344,391.9200134277344
2007-05-16,389.67999267578125,388.239990234375,388.239990234375
2007-05-17,390.239990234375,401.2799987792969,401.2799987792969
2007-05-18,401.1199951171875,400.79998779296875,400.79998779296875
2007-05-21,401.44000244140625,406.55999755859375,406.55999755859375
2007-05-22,403.44000244140625,399.3599853515625,399.3599853515625
2007-05-23,398.4800109863281,401.3599853515625,401.3599853515625
2007-05-24,399.9200134277344,391.44000244140625,391.44000244140625
2007-05-25,395.67999267578125,396.0,396.0
2007-05-29,390.0,387.20001220703125,387.20001220703125
2007-05-30,385.6000061035156,385.67999267578125,385.67999267578125
2007-05-31,385.20001220703125,391.67999267578125,391.67999267578125
2007-06-01,393.0400085449219,395.67999267578125,395.67999267578125
2007-06-04,395.6000061035156,402.79998779296875,402.79998779296875
2007-06-05,399.2799987792969,400.1600036621094,400.1600036621094
2007-06-06,399.9200134277344,402.4800109863281,402.4800109863281
2007-06-07,402.0799865722656,405.20001220703125,405.20001220703125
2007-06-08,399.0400085449219,392.4800109863281,392.4800109863281
2007-06-11,395.20001220703125,398.7200012207031,398.7200012207031
2007-06-12,398.0,396.4800109863281,396.4800109863281
2007-06-13,396.0799865722656,400.7200012207031,400.7200012207031
2007-06-14,405.20001220703125,408.79998779296875,408.79998779296875
2007-06-15,410.0799865722656,412.239990234375,412.239990234375
2007-06-18,411.3599853515625,417.1199951171875,417.1199951171875
2007-06-19,415.760009765625,416.9599914550781,416.9599914550781
2007-06-20,416.0799865722656,412.3999938964844,412.3999938964844
2007-06-21,419.3599853515625,412.79998779296875,412.79998779296875
2007-06-22,415.67999267578125,415.1199951171875,415.1199951171875
2007-06-25,406.8800048828125,415.67999267578125,415.67999267578125
2007-06-26,412.9599914550781,408.9599914550781,408.9599914550781
2007-06-27,405.2799987792969,415.0400085449219,415.0400085449219
2007-06-28,421.20001220703125,419.760009765625,419.760009765625
2007-06-29,423.20001220703125,424.0,424.0
2007-07-02,421.6000061035156,428.239990234375,428.239990234375
2007-07-03,426.32000732421875,428.32000732421875,428.32000732421875
2007-07-05,433.6000061035156,433.20001220703125,433.20001220703125
2007-07-06,437.2799987792969,437.44000244140625,437.44000244140625
2007-07-09,438.0,434.79998779296875,434.79998779296875
2007-07-10,434.3999938964844,437.760009765625,437.760009765625
2007-07-11,436.3999938964844,437.2799987792969,437.2799987792969
2007-07-12,441.3599853515625,437.9200134277344,437.9200134277344
2007-07-13,441.1199951171875,444.32000732421875,444.32000732421875
2007-07-16,445.3599853515625,446.0799865722656,446.0799865722656
2007-07-17,449.20001220703125,445.1199951171875,445.1199951171875
2007-07-18,447.20001220703125,452.6400146484375,452.6400146484375
2007-07-19,454.79998779296875,456.6400146484375,456.6400146484375
2007-07-20,457.0400085449219,456.0,456.0
2007-07-23,449.6000061035156,451.0400085449219,451.0400085449219
2007-07-24,442.7200012207031,441.2799987792969,441.2799987792969
2007-07-25,444.3999938964844,459.5199890136719,459.5199890136719
2007-07-26,463.44000244140625,449.760009765625,449.760009765625
2007-07-27,452.79998779296875,461.9200134277344,461.9200134277344
2007-07-30,463.6000061035156,460.0,460.0
2007-07-31,464.0,468.239990234375,468.239990234375
2007-08-01,468.0,462.0799865722656,462.0799865722656
2007-08-02,460.55999755859375,461.6000061035156,461.6000061035156
2007-08-03,462.32000732421875,451.5199890136719,451.5199890136719
2007-08-06,444.0,433.6000061035156,433.6000061035156
2007-08-07,432.32000732421875,434.8800048828125,434.8800048828125
2007-08-08,433.2799987792969,434.1600036621094,434.1600036621094
2007-08-09,425.8399963378906,430.239990234375,430.239990234375
2007-08-10,422.7200012207031,429.1199951171875,429.1199951171875
2007-08-13,435.6000061035156,430.79998779296875,430.79998779296875
2007-08-14,433.44000244140625,433.8399963378906,433.8399963378906
2007-08-15,437.67999267578125,441.0400085449219,441.0400085449219
2007-08-16,438.6400146484375,428.6400146484375,428.6400146484375
2007-08-17,434.3999938964844,432.239990234375,432.239990234375
2007-08-20,427.1199951171875,428.32000732421875,428.32000732421875
2007-08-21,426.8800048828125,419.44000244140625,419.44000244140625
2007-08-22,421.6000061035156,418.79998779296875,418.79998779296875
2007-08-23,421.0400085449219,421.20001220703125,421.20001220703125
2007-08-24,423.760009765625,429.1199951171875,429.1199951171875
2007-08-27,426.3999938964844,434.6400146484375,434.6400146484375
2007-08-28,434.1600036621094,432.239990234375,432.239990234375
2007-08-29,436.0,444.3999938964844,444.3999938964844
2007-08-30,442.0,444.0,444.0
2007-08-31,448.239990234375,446.239990234375,446.239990234375
2007-09-04,447.67999267578125,454.0,454.0
2007-09-05,452.0799865722656,458.0799865722656,458.0799865722656
2007-09-06,463.6000061035156,461.0400085449219,461.0400085449219
2007-09-07,460.3999938964844,462.0799865722656,462.0799865722656
2007-09-10,457.760009765625,470.32000732421875,470.32000732421875
2007-09-11,467.44000244140625,471.67999267578125,471.67999267578125
2007-09-12,473.67999267578125,480.0,480.0
2007-09-13,478.6400146484375,481.3599853515625,481.3599853515625
2007-09-14,480.9599914550781,478.32000732421875,478.32000732421875
2007-09-17,478.1600036621094,485.3599853515625,485.3599853515625
2007-09-18,485.1199951171875,496.3999938964844,496.3999938964844
2007-09-19,495.44000244140625,494.55999755859375,494.55999755859375
2007-09-20,495.2799987792969,501.20001220703125,501.20001220703125
2007-09-21,502.239990234375,497.1199951171875,497.1199951171875
2007-09-24,495.8399963378906,494.55999755859375,494.55999755859375
2007-09-25,488.4800109863281,488.55999755859375,488.55999755859375
2007-09-26,493.2799987792969,493.6000061035156,493.6000061035156
2007-09-27,501.0400085449219,507.5199890136719,507.5199890136719
2007-09-28,511.67999267578125,500.3999938964844,500.3999938964844
2007-10-01,498.1600036621094,492.7200012207031,492.7200012207031
2007-10-02,488.3999938964844,493.0400085449219,493.0400085449219
2007-10-03,494.32000732421875,490.32000732421875,490.32000732421875
2007-10-04,487.3599853515625,500.8800048828125,500.8800048828125
2007-10-05,496.79998779296875,498.239990234375,498.239990234375
2007-10-08,491.3599853515625,486.0799865722656,486.0799865722656
2007-10-09,485.9200134277344,491.20001220703125,491.20001220703125
2007-10-10,492.55999755859375,499.20001220703125,499.20001220703125
2007-10-11,503.67999267578125,508.7200012207031,508.7200012207031
2007-10-12,508.6400146484375,512.0,512.0
2007-10-15,520.0,527.1199951171875,527.1199951171875
2007-10-16,529.6799926757812,535.8400268554688,535.8400268554688
2007-10-17,537.280029296875,533.0399780273438,533.0399780273438
2007-10-18,538.239990234375,545.3599853515625,545.3599853515625
2007-10-19,540.719970703125,537.1199951171875,537.1199951171875
2007-10-22,533.280029296875,532.3200073242188,532.3200073242188
2007-10-23,536.239990234375,526.6400146484375,526.6400146484375
2007-10-24,527.760009765625,543.8400268554688,543.8400268554688
2007-10-25,548.3200073242188,560.9600219726562,560.9600219726562
2007-10-26,569.2000122070312,569.3599853515625,569.3599853515625
2007-10-29,572.5599975585938,580.0,580.0
2007-10-30,572.3200073242188,556.3200073242188,556.3200073242188
2007-10-31,568.6400146484375,586.1599731445312,586.1599731445312
2007-11-01,585.280029296875,577.3599853515625,577.3599853515625
2007-11-02,585.760009765625,594.7999877929688,594.7999877929688
2007-11-05,586.3200073242188,588.3200073242188,588.3200073242188
2007-11-06,598.0,602.719970703125,602.719970703125
2007-11-07,607.52001953125,595.8400268554688,595.8400268554688
2007-11-08,606.239990234375,592.6400146484375,592.6400146484375
2007-11-09,594.3200073242188,598.1599731445312,598.1599731445312
2007-11-12,584.47998046875,582.1599731445312,582.1599731445312
2007-11-13,579.6799926757812,567.4400024414062,567.4400024414062
2007-11-14,575.1199951171875,580.7999877929688,580.7999877929688
2007-11-15,577.760009765625,578.4000244140625,578.4000244140625
2007-11-16,588.47998046875,591.2000122070312,591.2000122070312
2007-11-19,594.0,595.9199829101562,595.9199829101562
2007-11-20,602.0800170898438,618.719970703125,618.719970703125
2007-11-21,620.0,611.52001953125,611.52001953125
2007-11-23,611.2000122070312,614.0800170898438,614.0800170898438
2007-11-26,611.280029296875,610.0,610.0
2007-11-27,597.8400268554688,594.4000244140625,594.4000244140625
2007-11-28,596.5599975585938,574.4000244140625,574.4000244140625
2007-11-29,577.3599853515625,573.1199951171875,573.1199951171875
2007-11-30,561.280029296875,559.280029296875,559.280029296875
2007-12-03,553.280029296875,565.5999755859375,565.5999755859375
2007-12-04,554.47998046875,555.2000122070312,555.2000122070312
2007-12-05,564.3200073242188,549.52001953125,549.52001953125
2007-12-06,548.239990234375,568.1599731445312,568.1599731445312
2007-12-07,560.239990234375,555.4400024414062,555.4400024414062
2007-12-10,560.8800048828125,554.8800048828125,554.8800048828125
2007-12-11,562.1599731445312,562.0800170898438,562.0800170898438
2007-12-12,574.3200073242188,591.2000122070312,591.2000122070312
2007-12-13,589.280029296875,585.3599853515625,585.3599853515625
2007-12-14,578.7999877929688,578.0800170898438,578.0800170898438
2007-12-17,572.8800048828125,575.1199951171875,575.1199951171875
2007-12-18,586.6400146484375,568.8800048828125,568.8800048828125
2007-12-19,572.7999877929688,577.2000122070312,577.2000122070312
2007-12-20,575.8400268554688,576.7999877929688,576.7999877929688
2007-12-21,580.1599731445312,590.4000244140625,590.4000244140625
2007-12-24,587.4400024414062,591.5999755859375,591.5999755859375
2007-12-26,604.7999877929688,607.280029296875,607.280029296875
2007-12-27,610.1599731445312,610.0,610.0
2007-12-28,615.0399780273438,607.1199951171875,607.1199951171875
2007-12-31,609.6799926757812,606.0800170898438,606.0800170898438
2008-01-02,619.0399780273438,627.760009765625,627.760009765625
2008-01-03,629.0399780273438,626.9600219726562,626.9600219726562
2008-01-04,621.5999755859375,618.47998046875,618.47998046875
2008-01-07,616.5599975585938,604.0,604.0
2008-01-08,613.6799926757812,608.47998046875,608.47998046875
2008-01-09,605.2000122070312,602.0,602.0
2008-01-10,592.9600219726562,592.1599731445312,592.1599731445312
2008-01-11,586.9600219726562,584.719970703125,584.719970703125
2008-01-14,592.5599975585938,594.0,594.0
2008-01-15,584.3200073242188,582.239990234375,582.239990234375
2008-01-16,576.6400146484375,574.7999877929688,574.7999877929688
2008-01-17,578.0800170898438,568.239990234375,568.239990234375
2008-01-18,572.239990234375,572.3200073242188,572.3200073242188
2008-01-22,555.5999755859375,564.4000244140625,564.4000244140625
2008-01-23,555.5999755859375,556.0,556.0
2008-01-24,558.0,567.4400024414062,567.4400024414062
2008-01-25,576.0,575.280029296875,575.280029296875
2008-01-28,569.0399780273438,578.7999877929688,578.7999877929688
2008-01-29,573.0399780273438,583.8400268554688,583.8400268554688
2008-01-30,585.1199951171875,584.6400146484375,584.6400146484375
2008-01-31,574.5599975585938,578.7999877929688,578.7999877929688
2008-02-01,577.3599853515625,563.760009765625,563.760009765625
2008-02-04,565.2000122070312,570.9600219726562,570.9600219726562
2008-02-05,563.4400024414062,561.2000122070312,561.2000122070312
2008-02-06,563.8400268554688,552.1599731445312,552.1599731445312
2008-02-07,548.9600219726562,558.4000244140625,558.4000244140625
2008-02-08,566.239990234375,583.2000122070312,583.2000122070312
2008-02-11,581.3599853515625,596.4000244140625,596.4000244140625
2008-02-12,589.52001953125,588.719970703125,588.719970703125
2008-02-13,586.4000244140625,592.8800048828125,592.8800048828125
2008-02-14,598.9600219726562,606.0800170898438,606.0800170898438
2008-02-15,611.52001953125,607.4400024414062,607.4400024414062
2008-02-19,623.6799926757812,630.47998046875,630.47998046875
2008-02-20,625.1199951171875,634.5599975585938,634.5599975585938
2008-02-21,627.5999755859375,618.6400146484375,618.6400146484375
2008-02-22,627.0399780273438,628.7999877929688,628.7999877929688
2008-02-25,626.8800048828125,629.9199829101562,629.9199829101562
2008-02-26,628.4000244140625,640.7999877929688,640.7999877929688
2008-02-27,639.280029296875,631.3599853515625,631.3599853515625
2008-02-28,637.9199829101562,651.8400268554688,651.8400268554688
2008-02-29,649.0399780273438,643.3599853515625,643.3599853515625
2008-03-03,651.8400268554688,650.5599975585938,650.5599975585938
2008-03-04,653.8400268554688,635.2000122070312,635.2000122070312
2008-03-05,643.9199829101562,666.4000244140625,666.4000244140625
2008-03-06,662.3200073242188,671.1199951171875,671.1199951171875
2008-03-07,666.47998046875,669.8400268554688,669.8400268554688
2008-03-10,664.5599975585938,685.0399780273438,685.0399780273438
2008-03-11,684.0,690.719970703125,690.719970703125
2008-03-12,688.0800170898438,695.3599853515625,695.3599853515625
2008-03-13,696.1599731445312,697.6799926757812,697.6799926757812
2008-03-14,695.9199829101562,692.0800170898438,692.0800170898438
2008-03-17,671.3599853515625,666.4000244140625,666.4000244140625
2008-03-18,678.239990234375,686.4000244140625,686.4000244140625
2008-03-19,676.5599975585938,658.3200073242188,658.3200073242188
2008-03-20,637.5999755859375,650.4000244140625,650.4000244140625
2008-03-24,647.6799926757812,642.0800170898438,642.0800170898438
2008-03-25,646.0,651.760009765625,651.760009765625
2008-03-26,656.239990234375,678.47998046875,678.47998046875
2008-03-27,680.5599975585938,685.8400268554688,685.8400268554688
2008-03-28,680.0800170898438,674.9600219726562,674.9600219726562
2008-03-31,677.760009765625,650.8800048828125,650.8800048828125
2008-04-01,640.0,648.47998046875,648.47998046875
2008-04-02,646.4000244140625,670.239990234375,670.239990234375
2008-04-03,663.2000122070312,669.2000122070312,669.2000122070312
2008-04-04,675.52001953125,679.0399780273438,679.0399780273438
2008-04-07,691.9199829101562,695.4400024414062,695.4400024414062
2008-04-08,696.0,697.52001953125,697.52001953125
2008-04-09,696.719970703125,711.2000122070312,711.2000122070312
2008-04-10,712.6400146484375,705.4400024414062,705.4400024414062
2008-04-11,701.2000122070312,707.8400268554688,707.8400268554688
2008-04-14,710.7999877929688,717.1199951171875,717.1199951171875
2008-04-15,728.0800170898438,731.52001953125,731.52001953125
2008-04-16,729.760009765625,737.2000122070312,737.2000122070312
2008-04-17,737.3599853515625,738.9600219726562,738.9600219726562
2008-04-18,727.8400268554688,750.3200073242188,750.3200073242188
2008-04-21,747.760009765625,755.0399780273438,755.0399780273438
2008-04-22,749.4400024414062,760.6400146484375,760.6400146484375
2008-04-23,755.2000122070312,761.4400024414062,761.4400024414062
2008-04-24,747.2000122070312,745.5999755859375,745.5999755859375
2008-04-25,759.52001953125,765.280029296875,765.280029296875
2008-04-28,766.9600219726562,765.52001953125,765.52001953125
2008-04-29,751.3599853515625,743.9199829101562,743.9199829101562
2008-04-30,748.6400146484375,740.0,740.0
2008-05-01,726.239990234375,723.0399780273438,723.0399780273438
2008-05-02,728.7999877929688,747.2000122070312,747.2000122070312
2008-05-05,761.8400268554688,773.9199829101562,773.9199829101562
2008-05-06,775.760009765625,787.0399780273438,787.0399780273438
2008-05-07,785.8400268554688,798.4000244140625,798.4000244140625
2008-05-08,796.0,805.280029296875,805.280029296875
2008-05-09,814.0,816.9600219726562,816.9600219726562
2008-05-12,806.5599975585938,800.8800048828125,800.8800048828125
2008-05-13,800.9600219726562,813.6799926757812,813.6799926757812
2008-05-14,809.8400268554688,801.760009765625,801.760009765625
2008-05-15,816.0,801.6799926757812,801.6799926757812
2008-05-16,822.8800048828125,818.1599731445312,818.1599731445312
2008-05-19,819.5999755859375,822.4000244140625,822.4000244140625
2008-05-20,831.280029296875,834.4000244140625,834.4000244140625
2008-05-21,836.8800048828125,866.47998046875,866.47998046875
2008-05-22,862.4000244140625,845.0399780273438,845.0399780273438
2008-05-23,863.3599853515625,855.5999755859375,855.5999755859375
2008-05-27,842.6400146484375,834.0800170898438,834.0800170898438
2008-05-28,824.0800170898438,847.3599853515625,847.3599853515625
2008-05-29,835.2000122070312,818.0800170898438,818.0800170898438
2008-05-30,825.6799926757812,824.47998046875,824.47998046875
2008-06-02,815.52001953125,824.4000244140625,824.4000244140625
2008-06-03,817.6799926757812,805.2000122070312,805.2000122070312
2008-06-04,798.9600219726562,791.8400268554688,791.8400268554688
2008-06-05,801.1199951171875,831.5999755859375,831.5999755859375
2008-06-06,867.4400024414062,897.3599853515625,897.3599853515625
2008-06-09,880.1599731445312,872.4000244140625,872.4000244140625
2008-06-10,881.0399780273438,856.1599731445312,856.1599731445312
2008-06-11,870.1599731445312,887.9199829101562,887.9199829101562
2008-06-12,864.0800170898438,890.1599731445312,890.1599731445312
2008-06-13,871.3599853515625,873.5999755859375,873.5999755859375
2008-06-16,902.0,871.9199829101562,871.9199829101562
2008-06-17,866.1599731445312,869.4400024414062,869.4400024414062
2008-06-18,870.0,887.1199951171875,887.1199951171875
2008-06-19,886.3200073242188,855.280029296875,855.280029296875
2008-06-20,877.5999755859375,873.1199951171875,873.1199951171875
2008-06-23,875.6799926757812,887.3599853515625,887.3599853515625
2008-06-24,883.4400024414062,887.5999755859375,887.5999755859375
2008-06-25,882.1599731445312,868.0,868.0
2008-06-26,891.0399780273438,904.9600219726562,904.9600219726562
2008-06-27,910.9600219726562,910.0,910.0
2008-06-30,921.280029296875,909.280029296875,909.280029296875
2008-07-01,925.52001953125,916.719970703125,916.719970703125
2008-07-02,910.47998046875,934.719970703125,934.719970703125
2008-07-03,934.3200073242188,934.5599975585938,934.5599975585938
2008-07-07,914.3200073242188,919.5999755859375,919.5999755859375
2008-07-08,892.0,879.3599853515625,879.3599853515625
2008-07-09,887.52001953125,877.2000122070312,877.2000122070312
2008-07-10,891.52001953125,914.719970703125,914.719970703125
2008-07-11,952.6400146484375,939.1199951171875,939.1199951171875
2008-07-14,940.0,939.8400268554688,939.8400268554688
2008-07-15,941.5999755859375,899.1199951171875,899.1199951171875
2008-07-16,892.1599731445312,874.0,874.0
2008-07-17,870.8800048828125,844.239990234375,844.239990234375
2008-07-18,846.719970703125,835.52001953125,835.52001953125
2008-07-21,840.7999877929688,853.3599853515625,853.3599853515625
2008-07-22,841.5999755859375,826.5599975585938,826.5599975585938
2008-07-23,819.1199951171875,800.1599731445312,800.1599731445312
2008-07-24,811.0399780273438,811.6799926757812,811.6799926757812
2008-07-25,802.6400146484375,794.1599731445312,794.1599731445312
2008-07-28,798.4000244140625,804.3200073242188,804.3200073242188
2008-07-29,799.760009765625,784.3200073242188,784.3200073242188
2008-07-30,786.0,817.0399780273438,817.0399780273438
2008-07-31,817.8400268554688,799.9199829101562,799.9199829101562
2008-08-01,796.9600219726562,808.3200073242188,808.3200073242188
2008-08-04,801.2000122070312,780.1599731445312,780.1599731445312
2008-08-05,773.0399780273438,764.719970703125,764.719970703125
2008-08-06,770.4000244140625,763.3599853515625,763.3599853515625
2008-08-07,777.3599853515625,771.52001953125,771.52001953125
2008-08-08,761.0399780273438,741.4400024414062,741.4400024414062
2008-08-11,748.4000244140625,740.0800170898438,740.0800170898438
2008-08-12,743.5999755859375,731.9199829101562,731.9199829101562
2008-08-13,733.9199829101562,750.0,750.0
2008-08-14,745.5999755859375,741.9199829101562,741.9199829101562
2008-08-15,731.760009765625,734.4000244140625,734.4000244140625
2008-08-18,741.1199951171875,730.0800170898438,730.0800170898438
2008-08-19,728.47998046875,741.9199829101562,741.9199829101562
2008-08-20,749.4400024414062,751.8400268554688,751.8400268554688
2008-08-21,774.6400146484375,785.6799926757812,785.6799926757812
2008-08-22,774.5599975585938,740.3200073242188,740.3200073242188
2008-08-25,741.280029296875,744.7999877929688,744.7999877929688
2008-08-26,753.280029296875,751.2000122070312,751.2000122070312
2008-08-27,768.1599731445312,765.280029296875,765.280029296875
2008-08-28,776.719970703125,747.1199951171875,747.1199951171875
2008-08-29,763.5999755859375,742.9600219726562,742.9600219726562
2008-09-02,695.0399780273438,713.52001953125,713.52001953125
2008-09-03,698.7999877929688,707.52001953125,707.52001953125
2008-09-04,706.47998046875,696.1599731445312,696.1599731445312
2008-09-05,695.2000122070312,688.47998046875,688.47998046875
2008-09-08,698.9600219726562,687.4400024414062,687.4400024414062
2008-09-09,674.6400146484375,658.7999877929688,658.7999877929688
2008-09-10,670.239990234375,663.760009765625,663.760009765625
2008-09-11,663.1199951171875,651.9199829101562,651.9199829101562
2008-09-12,657.280029296875,651.9199829101562,651.9199829101562
2008-09-15,617.6799926757812,610.4000244140625,610.4000244140625
2008-09-16,590.0800170898438,599.9199829101562,599.9199829101562
2008-09-17,601.8400268554688,620.0,620.0
2008-09-18,637.0399780273438,633.3599853515625,633.3599853515625
2008-09-19,660.8800048828125,661.0399780273438,661.0399780273438
2008-09-22,680.1599731445312,700.9600219726562,700.9600219726562
2008-09-23,704.7999877929688,689.0399780273438,689.0399780273438
2008-09-24,702.5599975585938,678.8800048828125,678.8800048828125
2008-09-25,673.5999755859375,693.52001953125,693.52001953125
2008-09-26,676.239990234375,689.6799926757812,689.6799926757812
2008-09-29,653.9199829101562,616.719970703125,616.719970703125
2008-09-30,632.7999877929688,656.0800170898438,656.0800170898438
2008-10-01,636.5599975585938,636.719970703125,636.719970703125
2008-10-02,623.6799926757812,606.5599975585938,606.5599975585938
2008-10-03,594.239990234375,602.0,602.0
2008-10-06,586.3200073242188,572.8800048828125,572.8800048828125
2008-10-07,587.8400268554688,579.9199829101562,579.9199829101562
2008-10-08,569.4400024414062,578.0800170898438,578.0800170898438
2008-10-09,578.719970703125,556.7999877929688,556.7999877929688
2008-10-10,521.2000122070312,532.0,532.0
2008-10-13,537.5999755859375,542.239990234375,542.239990234375
2008-10-14,547.8400268554688,520.239990234375,520.239990234375
2008-10-15,497.67999267578125,485.8399963378906,485.8399963378906
2008-10-16,482.6400146484375,474.7200012207031,474.7200012207031
2008-10-17,464.9599914550781,474.9599914550781,474.9599914550781
2008-10-20,483.0400085449219,494.3999938964844,494.3999938964844
2008-10-21,474.3999938964844,470.1600036621094,470.1600036621094
2008-10-22,452.0799865722656,439.44000244140625,439.44000244140625
2008-10-23,444.239990234375,452.79998779296875,452.79998779296875
2008-10-24,410.9599914550781,424.0,424.0
2008-10-27,411.5199890136719,406.79998779296875,406.79998779296875
2008-10-28,422.79998779296875,425.760009765625,425.760009765625
2008-10-29,435.1199951171875,445.44000244140625,445.44000244140625
2008-10-30,444.55999755859375,432.0,432.0
2008-10-31,423.9200134277344,444.7200012207031,444.7200012207031
2008-11-03,430.3999938964844,419.9200134277344,419.9200134277344
2008-11-04,434.7200012207031,459.0400085449219,459.0400085449219
2008-11-05,447.20001220703125,430.7200012207031,430.7200012207031
2008-11-06,417.0400085449219,401.20001220703125,401.20001220703125
2008-11-07,404.0,400.32000732421875,400.32000732421875
2008-11-10,423.44000244140625,409.8399963378906,409.8399963378906
2008-11-11,398.79998779296875,384.8800048828125,384.8800048828125
2008-11-12,378.7200012207031,366.0,366.0
2008-11-13,373.67999267578125,392.0,392.0
2008-11-14,372.8800048828125,369.44000244140625,369.44000244140625
2008-11-17,372.3999938964844,361.2799987792969,361.2799987792969
2008-11-18,362.4800109863281,358.1600036621094,358.1600036621094
2008-11-19,357.760009765625,346.0799865722656,346.0799865722656
2008-11-20,333.1199951171875,316.3999938964844,316.3999938964844
2008-11-21,326.4800109863281,328.0,328.0
2008-11-24,332.55999755859375,353.0400085449219,353.0400085449219
2008-11-25,342.32000732421875,330.8800048828125,330.8800048828125
2008-11-26,339.3599853515625,356.32000732421875,356.32000732421875
2008-11-28,342.4800109863281,336.7200012207031,336.7200012207031
2008-12-01,328.7200012207031,319.1199951171875,319.1199951171875
2008-12-02,324.0,308.0,308.0
2008-12-03,304.0799865722656,304.3999938964844,304.3999938964844
2008-12-04,298.0799865722656,283.2799987792969,283.2799987792969
2008-12-05,278.0,274.0,274.0
2008-12-08,280.8800048828125,288.9599914550781,288.9599914550781
2008-12-09,283.2799987792969,275.6000061035156,275.6000061035156
2008-12-10,286.7200012207031,286.4800109863281,286.4800109863281
2008-12-11,297.44000244140625,309.1199951171875,309.1199951171875
2008-12-12,289.67999267578125,304.79998779296875,304.79998779296875
2008-12-15,320.9599914550781,294.7200012207031,294.7200012207031
2008-12-16,291.5199890136719,291.5199890136719,291.5199890136719
2008-12-17,288.3999938964844,278.4800109863281,278.4800109863281
2008-12-18,272.1600036621094,261.8399963378906,261.8399963378906
2008-12-19,257.1199951171875,264.4800109863281,264.4800109863281
2008-12-22,262.7200012207031,245.0399932861328,245.0399932861328
2008-12-23,246.8800048828125,240.0,240.0
2008-12-24,231.83999633789062,232.16000366210938,232.16000366210938
2008-12-26,222.24000549316406,232.8000030517578,232.8000030517578
2008-12-29,243.44000244140625,247.36000061035156,247.36000061035156
2008-12-30,239.0399932861328,241.60000610351562,241.60000610351562
2008-12-31,233.52000427246094,264.79998779296875,264.79998779296875
2009-01-02,270.1600036621094,285.0400085449219,285.0400085449219
2009-01-05,286.0799865722656,298.3999938964844,298.3999938964844
2009-01-06,306.8800048828125,298.0,298.0
2009-01-07,293.67999267578125,266.1600036621094,266.1600036621094
2009-01-08,263.8399963378906,265.6000061035156,265.6000061035156
2009-01-09,257.0400085449219,258.9599914550781,258.9599914550781
2009-01-12,247.9199981689453,245.1999969482422,245.1999969482422
2009-01-13,246.8000030517578,254.72000122070312,254.72000122070312
2009-01-14,252.24000549316406,249.83999633789062,249.83999633789062
2009-01-15,246.8800048828125,241.44000244140625,241.44000244140625
2009-01-16,248.0800018310547,238.8800048828125,238.8800048828125
2009-01-20,232.32000732421875,229.27999877929688,229.27999877929688
2009-01-21,232.8000030517578,248.24000549316406,248.24000549316406
2009-01-22,236.32000732421875,240.16000366210938,240.16000366210938
2009-01-23,235.27999877929688,258.6400146484375,258.6400146484375
2009-01-26,259.0400085449219,257.1199951171875,257.1199951171875
2009-01-27,248.47999572753906,236.0,236.0
2009-01-28,234.8000030517578,238.0,238.0
2009-01-29,230.24000549316406,233.75999450683594,233.75999450683594
2009-01-30,240.16000366210938,233.75999450683594,233.75999450683594
2009-02-02,227.52000427246094,227.1999969482422,227.1999969482422
2009-02-03,225.0399932861328,230.9600067138672,230.9600067138672
2009-02-04,234.39999389648438,226.16000366210938,226.16000366210938
2009-02-05,226.24000549316406,230.47999572753906,230.47999572753906
2009-02-06,218.9600067138672,225.60000610351562,225.60000610351562
2009-02-09,231.60000610351562,226.0,226.0
2009-02-10,232.24000549316406,215.27999877929688,215.27999877929688
2009-02-11,214.8000030517578,208.63999938964844,208.63999938964844
2009-02-12,205.27999877929688,209.0399932861328,209.0399932861328
2009-02-13,209.1999969482422,204.8000030517578,204.8000030517578
2009-02-17,194.47999572753906,187.67999267578125,187.67999267578125
2009-02-18,188.32000732421875,182.8800048828125,182.8800048828125
2009-02-19,190.63999938964844,194.24000549316406,194.24000549316406
2009-02-20,186.0,194.8000030517578,194.8000030517578
2009-02-23,199.27999877929688,186.55999755859375,186.55999755859375
2009-02-24,190.39999389648438,195.52000427246094,195.52000427246094
2009-02-25,199.44000244140625,208.0,208.0
2009-02-26,214.47999572753906,217.83999633789062,217.83999633789062
2009-02-27,211.52000427246094,216.39999389648438,216.39999389648438
2009-03-02,204.32000732421875,195.83999633789062,195.83999633789062
2009-03-03,203.44000244140625,203.1199951171875,203.1199951171875
2009-03-04,215.52000427246094,220.8800048828125,220.8800048828125
2009-03-05,218.63999938964844,212.47999572753906,212.47999572753906
2009-03-06,220.0,223.9199981689453,223.9199981689453
2009-03-09,223.9199981689453,229.1999969482422,229.1999969482422
2009-03-10,232.8000030517578,222.63999938964844,222.63999938964844
2009-03-11,218.47999572753906,210.39999389648438,210.39999389648438
2009-03-12,209.75999450683594,225.83999633789062,225.83999633789062
2009-03-13,227.1199951171875,221.0399932861328,221.0399932861328
2009-03-16,216.0800018310547,226.0,226.0
2009-03-17,228.9600067138672,235.52000427246094,235.52000427246094
2009-03-18,234.9600067138672,236.8800048828125,236.8800048828125
2009-03-19,246.0,242.8800048828125,242.8800048828125
2009-03-20,243.0399932861328,246.0800018310547,246.0800018310547
2009-03-23,245.36000061035156,254.24000549316406,254.24000549316406
2009-03-24,249.1199951171875,252.8800048828125,252.8800048828125
2009-03-25,248.0,249.67999267578125,249.67999267578125
2009-03-26,256.7200012207031,256.1600036621094,256.1600036621094
2009-03-27,248.0800018310547,246.0,246.0
2009-03-30,237.75999450683594,229.60000610351562,229.60000610351562
2009-03-31,229.44000244140625,232.39999389648438,232.39999389648438
2009-04-01,225.27999877929688,228.63999938964844,228.63999938964844
2009-04-02,245.9199981689453,247.83999633789062,247.83999633789062
2009-04-03,245.75999450683594,247.44000244140625,247.44000244140625
2009-04-06,239.60000610351562,241.83999633789062,241.83999633789062
2009-04-07,234.24000549316406,231.52000427246094,231.52000427246094
2009-04-08,228.24000549316406,235.9199981689453,235.9199981689453
2009-04-09,245.36000061035156,245.52000427246094,245.52000427246094
2009-04-13,232.8000030517578,237.44000244140625,237.44000244140625
2009-04-14,237.52000427246094,233.67999267578125,233.67999267578125
2009-04-15,234.32000732421875,234.47999572753906,234.47999572753906
2009-04-16,235.75999450683594,234.32000732421875,234.32000732421875
2009-04-17,238.24000549316406,235.60000610351562,235.60000610351562
2009-04-20,221.75999450683594,217.75999450683594,217.75999450683594
2009-04-21,210.39999389648438,218.63999938964844,218.63999938964844
2009-04-22,217.36000061035156,218.72000122070312,218.72000122070312
2009-04-23,222.0,223.0399932861328,223.0399932861328
2009-04-24,230.0,231.1999969482422,231.1999969482422
2009-04-27,217.1199951171875,224.63999938964844,224.63999938964844
2009-04-28,219.1199951171875,222.8000030517578,222.8000030517578
2009-04-29,226.8000030517578,228.47999572753906,228.47999572753906
2009-04-30,226.47999572753906,229.0399932861328,229.0399932861328
2009-05-01,232.8000030517578,236.9600067138672,236.9600067138672
2009-05-04,239.67999267578125,244.47999572753906,244.47999572753906
2009-05-05,243.1199951171875,241.1999969482422,241.1999969482422
2009-05-06,247.9199981689453,251.44000244140625,251.44000244140625
2009-05-07,260.55999755859375,251.9199981689453,251.9199981689453
2009-05-08,258.1600036621094,259.9200134277344,259.9200134277344
2009-05-11,257.8399963378906,258.32000732421875,258.32000732421875
2009-05-12,263.2799987792969,261.0400085449219,261.0400085449219
2009-05-13,260.55999755859375,257.5199890136719,257.5199890136719
2009-05-14,255.83999633789062,259.20001220703125,259.20001220703125
2009-05-15,256.0,250.39999389648438,250.39999389648438
2009-05-18,256.9599914550781,261.67999267578125,261.67999267578125
2009-05-19,262.55999755859375,262.32000732421875,262.32000732421875
2009-05-20,268.32000732421875,270.9599914550781,270.9599914550781
2009-05-21,265.3599853515625,267.0400085449219,267.0400085449219
2009-05-22,267.8399963378906,269.6000061035156,269.6000061035156
2009-05-26,262.0799865722656,272.8800048828125,272.8800048828125
2009-05-27,276.7200012207031,276.6400146484375,276.6400146484375
2009-05-28,279.760009765625,282.7200012207031,282.7200012207031
2009-05-29,290.4800109863281,291.20001220703125,291.20001220703125
2009-06-01,295.9200134277344,299.44000244140625,299.44000244140625
2009-06-02,297.0400085449219,300.8800048828125,300.8800048828125
2009-06-03,297.67999267578125,290.0,290.0
2009-06-04,297.44000244140625,301.5199890136719,301.5199890136719
2009-06-05,301.6000061035156,299.20001220703125,299.20001220703125
2009-06-08,299.0400085449219,300.32000732421875,300.32000732421875
2009-06-09,304.55999755859375,305.5199890136719,305.5199890136719
2009-06-10,310.4800109863281,311.760009765625,311.760009765625
2009-06-11,315.44000244140625,317.44000244140625,317.44000244140625
2009-06-12,313.6000061035156,315.44000244140625,315.44000244140625
2009-06-15,312.239990234375,308.1600036621094,308.1600036621094
2009-06-16,315.5199890136719,308.0799865722656,308.0799865722656
2009-06-17,305.6000061035156,309.6000061035156,309.6000061035156
2009-06-18,308.239990234375,310.79998779296875,310.79998779296875
2009-06-19,312.55999755859375,303.760009765625,303.760009765625
2009-06-22,296.0,290.0,290.0
2009-06-23,293.3599853515625,299.2799987792969,299.2799987792969
2009-06-24,298.1600036621094,296.7200012207031,296.7200012207031
2009-06-25,300.4800109863281,304.3999938964844,304.3999938964844
2009-06-26,303.20001220703125,300.0799865722656,300.0799865722656
2009-06-29,304.55999755859375,309.3599853515625,309.3599853515625
2009-06-30,308.0,303.44000244140625,303.44000244140625
2009-07-01,309.6000061035156,299.67999267578125,299.67999267578125
2009-07-02,290.1600036621094,288.3999938964844,288.3999938964844
2009-07-06,277.2799987792969,277.67999267578125,277.67999267578125
2009-07-07,276.0799865722656,270.4800109863281,270.4800109863281
2009-07-08,269.0400085449219,260.55999755859375,260.55999755859375
2009-07-09,262.9599914550781,262.1600036621094,262.1600036621094
2009-07-10,257.1199951171875,259.0400085449219,259.0400085449219
2009-07-13,256.4800109863281,258.9599914550781,258.9599914550781
2009-07-14,262.8800048828125,256.8800048828125,256.8800048828125
2009-07-15,263.20001220703125,267.760009765625,267.760009765625
2009-07-16,263.1199951171875,268.4800109863281,268.4800109863281
2009-07-17,270.7200012207031,273.9200134277344,273.9200134277344
2009-07-20,277.760009765625,278.6400146484375,278.6400146484375
2009-07-21,282.4800109863281,279.5199890136719,279.5199890136719
2009-07-22,272.0799865722656,278.4800109863281,278.4800109863281
2009-07-23,274.6400146484375,286.32000732421875,286.32000732421875
2009-07-24,285.5199890136719,289.760009765625,289.760009765625
2009-07-27,290.4800109863281,290.55999755859375,290.55999755859375
2009-07-28,286.239990234375,286.0799865722656,286.0799865722656
2009-07-29,279.3599853515625,267.760009765625,267.760009765625
2009-07-30,274.8800048828125,283.9200134277344,283.9200134277344
2009-07-31,281.1199951171875,294.4800109863281,294.4800109863281
2009-08-03,303.44000244140625,303.3599853515625,303.3599853515625
2009-08-04,301.760009765625,303.760009765625,303.760009765625
2009-08-05,303.8399963378906,305.6000061035156,305.6000061035156
2009-08-06,304.4800109863281,306.1600036621094,306.1600036621094
2009-08-07,305.20001220703125,301.20001220703125,301.20001220703125
2009-08-10,303.20001220703125,301.67999267578125,301.67999267578125
2009-08-11,297.9200134277344,294.8800048828125,294.8800048828125
2009-08-12,295.760009765625,298.79998779296875,298.79998779296875
2009-08-13,301.44000244140625,302.3999938964844,302.3999938964844
2009-08-14,300.8800048828125,288.239990234375,288.239990234375
2009-08-17,282.4800109863281,284.1600036621094,284.1600036621094
2009-08-18,282.79998779296875,294.8800048828125,294.8800048828125
2009-08-19,290.6400146484375,304.9599914550781,304.9599914550781
2009-08-20,303.760009765625,301.3599853515625,301.3599853515625
2009-08-21,306.4800109863281,305.8399963378906,305.8399963378906
2009-08-24,308.4800109863281,306.3999938964844,306.3999938964844
2009-08-25,307.760009765625,297.3599853515625,297.3599853515625
2009-08-26,294.0799865722656,295.6000061035156,295.6000061035156
2009-08-27,292.55999755859375,301.760009765625,301.760009765625
2009-08-28,303.3599853515625,301.2799987792969,301.2799987792969
2009-08-31,292.55999755859375,288.3999938964844,288.3999938964844
2009-09-01,289.8399963378906,282.1600036621094,282.1600036621094
2009-09-02,280.32000732421875,281.44000244140625,281.44000244140625
2009-09-03,283.8399963378906,282.55999755859375,282.55999755859375
2009-09-04,279.9200134277344,281.0400085449219,281.0400085449219
2009-09-08,291.760009765625,295.5199890136719,295.5199890136719
2009-09-09,296.1600036621094,295.5199890136719,295.5199890136719
2009-09-10,295.0400085449219,298.9599914550781,298.9599914550781
2009-09-11,300.4800109863281,286.55999755859375,286.55999755859375
2009-09-14,284.6400146484375,285.67999267578125,285.67999267578125
2009-09-15,287.8399963378906,293.6000061035156,293.6000061035156
2009-09-16,293.9200134277344,299.44000244140625,299.44000244140625
2009-09-17,298.0799865722656,299.9200134277344,299.9200134277344
2009-09-18,300.0,296.9599914550781,296.9599914550781
2009-09-21,288.79998779296875,286.79998779296875,286.79998779296875
2009-09-22,294.7200012207031,295.8399963378906,295.8399963378906
2009-09-23,294.3999938964844,281.0400085449219,281.0400085449219
2009-09-24,279.3599853515625,271.760009765625,271.760009765625
2009-09-25,271.3599853515625,272.0,272.0
2009-09-28,272.0,276.0799865722656,276.0799865722656
2009-09-29,273.44000244140625,274.4800109863281,274.4800109863281
2009-09-30,276.9599914550781,289.5199890136719,289.5199890136719
2009-10-01,290.239990234375,289.8399963378906,289.8399963378906
2009-10-02,283.9200134277344,286.9599914550781,286.9599914550781
2009-10-05,283.6000061035156,289.44000244140625,289.44000244140625
2009-10-06,292.0,292.32000732421875,292.32000732421875
2009-10-07,292.8800048828125,287.67999267578125,287.67999267578125
2009-10-08,285.760009765625,293.44000244140625,293.44000244140625
2009-10-09,295.0400085449219,297.2799987792969,297.2799987792969
2009-10-12,302.55999755859375,301.5199890136719,301.5199890136719
2009-10-13,304.1600036621094,305.20001220703125,305.20001220703125
2009-10-14,308.1600036621094,308.8800048828125,308.8800048828125
2009-10-15,310.6400146484375,319.2799987792969,319.2799987792969
2009-10-16,319.0400085449219,323.6000061035156,323.6000061035156
2009-10-19,322.32000732421875,326.0799865722656,326.0799865722656
2009-10-20,326.7200012207031,323.1199951171875,323.1199951171875
2009-10-21,320.7200012207031,330.6400146484375,330.6400146484375
2009-10-22,330.32000732421875,331.760009765625,331.760009765625
2009-10-23,332.239990234375,327.2799987792969,327.2799987792969
2009-10-26,330.3999938964844,321.0400085449219,321.0400085449219
2009-10-27,322.239990234375,324.7200012207031,324.7200012207031
2009-10-28,322.1600036621094,315.67999267578125,315.67999267578125
2009-10-29,321.0400085449219,327.20001220703125,327.20001220703125
2009-10-30,324.1600036621094,314.55999755859375,314.55999755859375
2009-11-02,314.6400146484375,319.760009765625,319.760009765625
2009-11-03,315.20001220703125,324.9599914550781,324.9599914550781
2009-11-04,328.0799865722656,327.9200134277344,327.9200134277344
2009-11-05,327.2799987792969,326.3999938964844,326.3999938964844
2009-11-06,319.20001220703125,317.6000061035156,317.6000061035156
2009-11-09,322.9599914550781,324.0,324.0
2009-11-10,325.8399963378906,323.2799987792969,323.2799987792969
2009-11-11,326.3999938964844,324.3999938964844,324.3999938964844
2009-11-12,320.7200012207031,314.1600036621094,314.1600036621094
2009-11-13,312.239990234375,312.9599914550781,312.9599914550781
2009-11-16,314.4800109863281,322.32000732421875,322.32000732421875
2009-11-17,320.8800048828125,323.8399963378906,323.8399963378906
2009-11-18,326.32000732421875,325.3599853515625,325.3599853515625
2009-11-19,323.8399963378906,317.2799987792969,317.2799987792969
2009-11-20,312.6400146484375,315.3599853515625,315.3599853515625
2009-11-23,321.2799987792969,315.0400085449219,315.0400085449219
2009-11-24,313.6000061035156,308.6400146484375,308.6400146484375
2009-11-25,308.4800109863281,316.0,316.0
2009-11-27,298.9599914550781,308.0,308.0
2009-11-30,305.2799987792969,313.20001220703125,313.20001220703125
2009-12-01,318.8800048828125,316.9599914550781,316.9599914550781
2009-12-02,316.32000732421875,310.7200012207031,310.7200012207031
2009-12-03,309.1199951171875,308.1600036621094,308.1600036621094
2009-12-04,314.32000732421875,306.6400146484375,306.6400146484375
2009-12-07,301.1199951171875,299.9200134277344,299.9200134277344
2009-12-08,296.7200012207031,294.79998779296875,294.79998779296875
2009-12-09,295.5199890136719,286.9599914550781,286.9599914550781
2009-12-10,287.8399963378906,285.8399963378906,285.8399963378906
2009-12-11,285.1199951171875,283.8399963378906,283.8399963378906
2009-12-14,284.9599914550781,284.6400146484375,284.6400146484375
2009-12-15,286.3999938964844,287.44000244140625,287.44000244140625
2009-12-16,288.6400146484375,293.9200134277344,293.9200134277344
2009-12-17,292.7200012207031,290.8800048828125,290.8800048828125
2009-12-18,297.1199951171875,293.2799987792969,293.2799987792969
2009-12-21,295.6000061035156,289.2799987792969,289.2799987792969
2009-12-22,290.0,292.4800109863281,292.4800109863281
2009-12-23,297.44000244140625,301.9200134277344,301.9200134277344
2009-12-24,302.8800048828125,305.6000061035156,305.6000061035156
2009-12-28,311.5199890136719,310.8800048828125,310.8800048828125
2009-12-29,312.4800109863281,310.7200012207031,310.7200012207031
2009-12-30,311.6000061035156,313.1199951171875,313.1199951171875
2009-12-31,315.1199951171875,314.239990234375,314.239990234375
2010-01-04,320.32000732421875,322.1600036621094,322.1600036621094
2010-01-05,322.0,323.2799987792969,323.2799987792969
2010-01-06,322.55999755859375,327.760009765625,327.760009765625
2010-01-07,326.9599914550781,325.760009765625,325.760009765625
2010-01-08,325.0400085449219,327.44000244140625,327.44000244140625
2010-01-11,328.7200012207031,324.32000732421875,324.32000732421875
2010-01-12,320.55999755859375,317.0400085449219,317.0400085449219
2010-01-13,315.20001220703125,313.67999267578125,313.67999267578125
2010-01-14,314.3999938964844,312.4800109863281,312.4800109863281
2010-01-15,311.760009765625,307.20001220703125,307.20001220703125
2010-01-19,304.55999755859375,311.44000244140625,311.44000244140625
2010-01-20,305.8399963378906,303.1199951171875,303.1199951171875
2010-01-21,305.760009765625,297.9200134277344,297.9200134277344
2010-01-22,296.55999755859375,290.7200012207031,290.7200012207031
2010-01-25,292.0,294.4800109863281,294.4800109863281
2010-01-26,290.9599914550781,292.0,292.0
2010-01-27,292.32000732421875,288.6400146484375,288.6400146484375
2010-01-28,290.4800109863281,289.2799987792969,289.2799987792969
2010-01-29,291.0400085449219,285.1199951171875,285.1199951171875
2010-02-01,288.1600036621094,293.760009765625,293.760009765625
2010-02-02,294.7200012207031,300.239990234375,300.239990234375
2010-02-03,302.79998779296875,301.20001220703125,301.20001220703125
2010-02-04,296.9599914550781,286.3999938964844,286.3999938964844
2010-02-05,287.760009765625,281.67999267578125,281.67999267578125
2010-02-08,280.6400146484375,280.7200012207031,280.7200012207031
2010-02-09,284.32000732421875,289.67999267578125,289.67999267578125
2010-02-10,288.7200012207031,292.0799865722656,292.0799865722656
2010-02-11,292.6400146484375,294.239990234375,294.239990234375
2010-02-12,289.20001220703125,290.4800109863281,290.4800109863281
2010-02-16,297.6000061035156,302.32000732421875,302.32000732421875
2010-02-17,301.44000244140625,303.760009765625,303.760009765625
2010-02-18,307.20001220703125,309.8399963378906,309.8399963378906
2010-02-19,309.2799987792969,312.7200012207031,312.7200012207031
2010-02-22,313.0400085449219,312.239990234375,312.239990234375
2010-02-23,309.1199951171875,306.6400146484375,306.6400146484375
2010-02-24,307.6000061035156,311.9200134277344,311.9200134277344
2010-02-25,302.79998779296875,304.8800048828125,304.8800048828125
2010-02-26,306.79998779296875,310.55999755859375,310.55999755859375
2010-03-01,312.3999938964844,306.79998779296875,306.79998779296875
2010-03-02,308.79998779296875,310.3999938964844,310.3999938964844
2010-03-03,312.55999755859375,315.20001220703125,315.20001220703125
2010-03-04,312.6400146484375,313.20001220703125,313.20001220703125
2010-03-05,316.9599914550781,318.79998779296875,318.79998779296875
2010-03-08,320.0799865722656,318.32000732421875,318.32000732421875
2010-03-09,314.7200012207031,316.3999938964844,316.3999938964844
2010-03-10,316.55999755859375,319.20001220703125,319.20001220703125
2010-03-11,318.7200012207031,320.3999938964844,320.3999938964844
2010-03-12,321.2799987792969,316.0799865722656,316.0799865722656
2010-03-15,313.0400085449219,310.6400146484375,310.6400146484375
2010-03-16,314.7200012207031,318.32000732421875,318.32000732421875
2010-03-17,321.44000244140625,321.8399963378906,321.8399963378906
2010-03-18,320.7200012207031,319.3599853515625,319.3599853515625
2010-03-19,313.6000061035156,313.6000061035156,313.6000061035156
2010-03-22,307.0400085449219,316.4800109863281,316.4800109863281
2010-03-23,315.1199951171875,317.6000061035156,317.6000061035156
2010-03-24,311.9200134277344,311.5199890136719,311.5199890136719
2010-03-25,314.55999755859375,311.20001220703125,311.20001220703125
2010-03-26,312.79998779296875,310.6400146484375,310.6400146484375
2010-03-29,314.55999755859375,319.67999267578125,319.67999267578125
2010-03-30,319.20001220703125,319.6000061035156,319.6000061035156
2010-03-31,323.20001220703125,322.32000732421875,322.32000732421875
2010-04-01,328.0799865722656,329.9200134277344,329.9200134277344
2010-04-05,332.1600036621094,336.55999755859375,336.55999755859375
2010-04-06,335.9200134277344,336.1600036621094,336.1600036621094
2010-04-07,335.9200134277344,332.1600036621094,332.1600036621094
2010-04-08,328.9599914550781,331.5199890136719,331.5199890136719
2010-04-09,332.55999755859375,329.3599853515625,329.3599853515625
2010-04-12,328.8800048828125,327.44000244140625,327.44000244140625
2010-04-13,326.9599914550781,327.1199951171875,327.1199951171875
2010-04-14,329.2799987792969,334.0799865722656,334.0799865722656
2010-04-15,335.1199951171875,333.67999267578125,333.67999267578125
2010-04-16,328.55999755859375,324.79998779296875,324.79998779296875
2010-04-19,317.44000244140625,320.8800048828125,320.8800048828125
2010-04-20,321.6000061035156,322.3999938964844,322.3999938964844
2010-04-21,323.2799987792969,322.1600036621094,322.1600036621094
2010-04-22,317.760009765625,322.3999938964844,322.3999938964844
2010-04-23,320.239990234375,327.6000061035156,327.6000061035156
2010-04-26,326.7200012207031,322.79998779296875,322.79998779296875
2010-04-27,320.79998779296875,314.9599914550781,314.9599914550781
2010-04-28,318.1600036621094,319.760009765625,319.760009765625
2010-04-29,324.9599914550781,328.32000732421875,328.32000732421875
2010-04-30,331.3599853515625,330.6400146484375,330.6400146484375
2010-05-03,330.3999938964844,331.67999267578125,331.67999267578125
2010-05-04,325.2799987792969,317.6000061035156,317.6000061035156
2010-05-05,305.8399963378906,306.4800109863281,306.4800109863281
2010-05-06,303.44000244140625,295.67999267578125,295.67999267578125
2010-05-07,293.8399963378906,290.4800109863281,290.4800109863281
2010-05-10,298.0,297.8399963378906,297.8399963378906
2010-05-11,295.44000244140625,294.0799865722656,294.0799865722656
2010-05-12,295.1199951171875,294.1600036621094,294.1600036621094
2010-05-13,290.4800109863281,289.0400085449219,289.0400085449219
2010-05-14,285.2799987792969,278.4800109863281,278.4800109863281
2010-05-17,275.6000061035156,271.0400085449219,271.0400085449219
2010-05-18,276.0799865722656,267.760009765625,267.760009765625
2010-05-19,266.1600036621094,268.0799865722656,268.0799865722656
2010-05-20,259.3599853515625,257.6000061035156,257.6000061035156
2010-05-21,254.63999938964844,258.1600036621094,258.1600036621094
2010-05-24,259.20001220703125,257.3599853515625,257.3599853515625
2010-05-25,247.83999633789062,254.8000030517578,254.8000030517578
2010-05-26,257.8399963378906,260.7200012207031,260.7200012207031
2010-05-27,268.32000732421875,274.4800109863281,274.4800109863281
2010-05-28,273.5199890136719,272.32000732421875,272.32000732421875
2010-06-01,269.20001220703125,265.44000244140625,265.44000244140625
2010-06-02,266.8800048828125,270.32000732421875,270.32000732421875
2010-06-03,269.20001220703125,274.0799865722656,274.0799865722656
2010-06-04,268.7200012207031,261.44000244140625,261.44000244140625
2010-06-07,262.9599914550781,260.7200012207031,260.7200012207031
2010-06-08,263.5199890136719,265.5199890136719,265.5199890136719
2010-06-09,271.5199890136719,271.6000061035156,271.6000061035156
2010-06-10,277.44000244140625,278.1600036621094,278.1600036621094
2010-06-11,272.9599914550781,273.8399963378906,273.8399963378906
2010-06-14,277.760009765625,274.6400146484375,274.6400146484375
2010-06-15,277.2799987792969,281.8399963378906,281.8399963378906
2010-06-16,280.55999755859375,283.9200134277344,283.9200134277344
2010-06-17,284.79998779296875,281.1199951171875,281.1199951171875
2010-06-18,279.67999267578125,283.2799987792969,283.2799987792969
2010-06-21,287.760009765625,282.6400146484375,282.6400146484375
2010-06-22,283.1199951171875,280.0,280.0
2010-06-23,276.6400146484375,273.9200134277344,273.9200134277344
2010-06-24,275.20001220703125,275.1199951171875,275.1199951171875
2010-06-25,279.760009765625,285.2799987792969,285.2799987792969
2010-06-28,282.7200012207031,281.67999267578125,281.67999267578125
2010-06-29,273.8399963378906,273.3599853515625,273.3599853515625
2010-06-30,273.6000061035156,271.67999267578125,271.67999267578125
2010-07-01,269.0400085449219,262.9599914550781,262.9599914550781
2010-07-02,263.6000061035156,260.79998779296875,260.79998779296875
2010-07-06,264.4800109863281,260.8800048828125,260.8800048828125
2010-07-07,263.20001220703125,269.20001220703125,269.20001220703125
2010-07-08,271.8399963378906,273.8399963378906,273.8399963378906
2010-07-09,272.7200012207031,274.7200012207031,274.7200012207031
2010-07-12,272.7200012207031,270.239990234375,270.239990234375
2010-07-13,276.0,277.9200134277344,277.9200134277344
2010-07-14,276.55999755859375,277.2799987792969,277.2799987792969
2010-07-15,277.5199890136719,276.6400146484375,276.6400146484375
2010-07-16,274.9599914550781,273.2799987792969,273.2799987792969
2010-07-19,275.760009765625,275.67999267578125,275.67999267578125
2010-07-20,273.20001220703125,278.55999755859375,278.55999755859375
2010-07-21,280.7200012207031,273.6000061035156,273.6000061035156
2010-07-22,279.20001220703125,283.3599853515625,283.3599853515625
2010-07-23,281.9200134277344,283.1199951171875,283.1199951171875
2010-07-26,282.32000732421875,282.79998779296875,282.79998779296875
2010-07-27,284.0799865722656,277.3599853515625,277.3599853515625
2010-07-28,275.5199890136719,274.8800048828125,274.8800048828125
2010-07-29,276.4800109863281,280.4800109863281,280.4800109863281
2010-07-30,276.0,282.7200012207031,282.7200012207031
2010-08-02,289.44000244140625,291.8399963378906,291.8399963378906
2010-08-03,293.5199890136719,295.2799987792969,295.2799987792969
2010-08-04,295.2799987792969,295.20001220703125,295.20001220703125
2010-08-05,292.3999938964844,293.67999267578125,293.67999267578125
2010-08-06,289.9200134277344,289.6000061035156,289.6000061035156
2010-08-09,290.8800048828125,292.239990234375,292.239990234375
2010-08-10,285.9200134277344,286.9599914550781,286.9599914550781
2010-08-11,283.3599853515625,277.9200134277344,277.9200134277344
2010-08-12,273.2799987792969,271.3599853515625,271.3599853515625
2010-08-13,270.7200012207031,270.32000732421875,270.32000732421875
2010-08-16,268.6400146484375,268.8800048828125,268.8800048828125
2010-08-17,272.4800109863281,270.9599914550781,270.9599914550781
2010-08-18,267.5199890136719,269.44000244140625,269.44000244140625
2010-08-19,269.2799987792969,266.0,266.0
2010-08-20,264.0799865722656,263.6000061035156,263.6000061035156
2010-08-23,263.3599853515625,259.44000244140625,259.44000244140625
2010-08-24,256.3999938964844,254.16000366210938,254.16000366210938
2010-08-25,254.24000549316406,258.9599914550781,258.9599914550781
2010-08-26,260.0,260.9599914550781,260.9599914550781
2010-08-27,261.20001220703125,268.55999755859375,268.55999755859375
2010-08-30,265.0400085449219,264.1600036621094,264.1600036621094
2010-08-31,264.32000732421875,255.36000061035156,255.36000061035156
2010-09-01,259.760009765625,263.6000061035156,263.6000061035156
2010-09-02,261.760009765625,267.1199951171875,267.1199951171875
2010-09-03,267.20001220703125,264.7200012207031,264.7200012207031
2010-09-07,262.3999938964844,262.1600036621094,262.1600036621094
2010-09-08,264.239990234375,265.1199951171875,265.1199951171875
2010-09-09,268.79998779296875,263.1199951171875,263.1199951171875
2010-09-10,267.1199951171875,270.1600036621094,270.1600036621094
2010-09-13,273.5199890136719,272.239990234375,272.239990234375
2010-09-14,272.0799865722656,271.1199951171875,271.1199951171875
2010-09-15,267.5199890136719,267.9200134277344,267.9200134277344
2010-09-16,266.9599914550781,263.8399963378906,263.8399963378906
2010-09-17,264.79998779296875,261.20001220703125,261.20001220703125
2010-09-20,262.0799865722656,265.760009765625,265.760009765625
2010-09-21,264.7200012207031,261.20001220703125,261.20001220703125
2010-09-22,263.8399963378906,260.6400146484375,260.6400146484375
2010-09-23,258.3999938964844,261.3599853515625,261.3599853515625
2010-09-24,263.67999267578125,267.20001220703125,267.20001220703125
2010-09-27,268.79998779296875,265.9200134277344,265.9200134277344
2010-09-28,265.760009765625,265.5199890136719,265.5199890136719
2010-09-29,265.5199890136719,271.5199890136719,271.5199890136719
2010-09-30,275.8399963378906,278.7200012207031,278.7200012207031
2010-10-01,282.79998779296875,285.0400085449219,285.0400085449219
2010-10-04,285.760009765625,284.7200012207031,284.7200012207031
2010-10-05,287.20001220703125,288.7200012207031,288.7200012207031
2010-10-06,288.8800048828125,290.239990234375,290.239990234375
2010-10-07,292.79998779296875,283.67999267578125,283.67999267578125
2010-10-08,284.9599914550781,289.20001220703125,289.20001220703125
2010-10-11,286.79998779296875,284.79998779296875,284.79998779296875
2010-10-12,286.7200012207031,285.20001220703125,285.20001220703125
2010-10-13,288.55999755859375,289.2799987792969,289.2799987792969
2010-10-14,288.79998779296875,288.0,288.0
2010-10-15,288.1600036621094,283.760009765625,283.760009765625
2010-10-18,284.79998779296875,290.239990234375,290.239990234375
2010-10-19,281.760009765625,276.9599914550781,276.9599914550781
2010-10-20,277.6000061035156,284.7200012207031,284.7200012207031
2010-10-21,283.2799987792969,278.79998779296875,278.79998779296875
2010-10-22,281.0400085449219,283.9200134277344,283.9200134277344
2010-10-25,286.8800048828125,284.55999755859375,284.55999755859375
2010-10-26,283.6000061035156,285.44000244140625,285.44000244140625
2010-10-27,282.4800109863281,283.3599853515625,283.3599853515625
2010-10-28,285.2799987792969,283.1199951171875,283.1199951171875
2010-10-29,282.239990234375,281.3599853515625,281.3599853515625
2010-11-01,289.1199951171875,286.4800109863281,286.4800109863281
2010-11-02,290.0799865722656,290.1600036621094,290.1600036621094
2010-11-03,291.67999267578125,293.9200134277344,293.9200134277344
2010-11-04,298.4800109863281,299.9200134277344,299.9200134277344
2010-11-05,299.20001220703125,301.20001220703125,301.20001220703125
2010-11-08,299.44000244140625,300.239990234375,300.239990234375
2010-11-09,302.1600036621094,296.3999938964844,296.3999938964844
2010-11-10,300.55999755859375,304.32000732421875,304.32000732421875
2010-11-11,303.20001220703125,302.7200012207031,302.7200012207031
2010-11-12,298.0799865722656,291.760009765625,291.760009765625
2010-11-15,294.79998779296875,292.0,292.0
2010-11-16,288.55999755859375,283.6000061035156,283.6000061035156
2010-11-17,282.55999755859375,277.8399963378906,277.8399963378906
2010-11-18,282.239990234375,284.0,284.0
2010-11-19,281.20001220703125,281.760009765625,281.760009765625
2010-11-22,280.0,280.3999938964844,280.3999938964844
2010-11-23,277.9200134277344,279.6000061035156,279.6000061035156
2010-11-24,280.0799865722656,288.6400146484375,288.6400146484375
2010-11-26,286.3999938964844,287.760009765625,287.760009765625
2010-11-29,289.8399963378906,294.239990234375,294.239990234375
2010-11-30,290.6400146484375,288.32000732421875,288.32000732421875
2010-12-01,293.6000061035156,297.6000061035156,297.6000061035156
2010-12-02,297.1199951171875,302.1600036621094,302.1600036621094
2010-12-03,301.2799987792969,306.4800109863281,306.4800109863281
2010-12-06,306.1600036621094,305.760009765625,305.760009765625
2010-12-07,309.760009765625,302.3999938964844,302.3999938964844
2010-12-08,303.8399963378906,303.67999267578125,303.67999267578125
2010-12-09,303.9200134277344,303.5199890136719,303.5199890136719
2010-12-10,303.67999267578125,301.2799987792969,301.2799987792969
2010-12-13,306.0,303.1199951171875,303.1199951171875
2010-12-14,302.7200012207031,303.20001220703125,303.20001220703125
2010-12-15,300.239990234375,303.9200134277344,303.9200134277344
2010-12-16,303.760009765625,302.1600036621094,302.1600036621094
2010-12-17,302.1600036621094,302.4800109863281,302.4800109863281
2010-12-20,303.20001220703125,304.3999938964844,304.3999938964844
2010-12-21,305.1199951171875,306.32000732421875,306.32000732421875
2010-12-22,308.0799865722656,309.1199951171875,309.1199951171875
2010-12-23,308.9599914550781,311.8399963378906,311.8399963378906
2010-12-27,310.3999938964844,309.67999267578125,309.67999267578125
2010-12-28,311.5199890136719,311.2799987792969,311.2799987792969
2010-12-29,311.6000061035156,310.55999755859375,310.55999755859375
2010-12-30,307.6000061035156,304.9599914550781,304.9599914550781
2010-12-31,304.0799865722656,312.0,312.0
2011-01-03,314.7200012207031,312.3999938964844,312.3999938964844
2011-01-04,312.0,304.6400146484375,304.6400146484375
2011-01-05,302.3999938964844,308.1600036621094,308.1600036621094
2011-01-06,306.4800109863281,301.44000244140625,301.44000244140625
2011-01-07,303.44000244140625,301.3599853515625,301.3599853515625
2011-01-10,304.6400146484375,305.3599853515625,305.3599853515625
2011-01-11,307.3599853515625,311.0400085449219,311.0400085449219
2011-01-12,312.32000732421875,311.9200134277344,311.9200134277344
2011-01-13,312.0,309.20001220703125,309.20001220703125
2011-01-14,308.0799865722656,311.3599853515625,311.3599853515625
2011-01-18,307.9200134277344,309.8399963378906,309.8399963378906
2011-01-19,311.760009765625,308.32000732421875,308.32000732421875
2011-01-20,302.0,300.55999755859375,300.55999755859375
2011-01-21,300.79998779296875,300.0799865722656,300.0799865722656
2011-01-24,295.20001220703125,295.44000244140625,295.44000244140625
2011-01-25,291.760009765625,290.1600036621094,290.1600036621094
2011-01-26,290.32000732421875,294.79998779296875,294.79998779296875
2011-01-27,292.79998779296875,287.5199890136719,287.5199890136719
2011-01-28,290.0,300.6400146484375,300.6400146484375
2011-01-31,298.239990234375,308.8800048828125,308.8800048828125
2011-02-01,309.3599853515625,304.55999755859375,304.55999755859375
2011-02-02,304.8800048828125,305.44000244140625,305.44000244140625
2011-02-03,306.239990234375,304.7200012207031,304.7200012207031
2011-02-04,307.0400085449219,298.7200012207031,298.7200012207031
2011-02-07,297.67999267578125,293.2799987792969,293.2799987792969
2011-02-08,291.0400085449219,293.1199951171875,293.1199951171875
2011-02-09,293.20001220703125,292.0,292.0
2011-02-10,290.3999938964844,292.32000732421875,292.32000732421875
2011-02-11,290.239990234375,288.3999938964844,288.3999938964844
2011-02-14,289.5199890136719,287.0400085449219,287.0400085449219
2011-02-15,287.8399963378906,283.1199951171875,283.1199951171875
2011-02-16,285.20001220703125,284.239990234375,284.239990234375
2011-02-17,284.239990234375,288.4800109863281,288.4800109863281
2011-02-18,291.0400085449219,290.8800048828125,290.8800048828125
2011-02-22,312.3999938964844,307.9200134277344,307.9200134277344
2011-02-23,312.0,318.3999938964844,318.3999938964844
2011-02-24,322.0,311.760009765625,311.760009765625
2011-02-25,314.9599914550781,317.44000244140625,317.44000244140625
2011-02-28,315.6000061035156,313.5199890136719,313.5199890136719
2011-03-01,316.1600036621094,323.8399963378906,323.8399963378906
2011-03-02,325.20001220703125,331.1199951171875,331.1199951171875
2011-03-03,327.3599853515625,329.44000244140625,329.44000244140625
2011-03-04,333.8399963378906,338.6400146484375,338.6400146484375
2011-03-07,342.0,338.9599914550781,338.9599914550781
2011-03-08,340.55999755859375,338.4800109863281,338.4800109863281
2011-03-09,341.2799987792969,336.3999938964844,336.3999938964844
2011-03-10,334.0799865722656,331.20001220703125,331.20001220703125
2011-03-11,323.2799987792969,325.5199890136719,325.5199890136719
2011-03-14,325.0400085449219,327.2799987792969,327.2799987792969
2011-03-15,315.0400085449219,315.1199951171875,315.1199951171875
2011-03-16,317.3599853515625,317.44000244140625,317.44000244140625
2011-03-17,322.8800048828125,325.5199890136719,325.5199890136719
2011-03-18,324.8800048828125,327.760009765625,327.760009765625
2011-03-21,330.1600036621094,329.0400085449219,329.0400085449219
2011-03-22,328.55999755859375,335.44000244140625,335.44000244140625
2011-03-23,336.8800048828125,336.8800048828125,336.8800048828125
2011-03-24,338.239990234375,336.3999938964844,336.3999938964844
2011-03-25,335.760009765625,337.44000244140625,337.44000244140625
2011-03-28,331.5199890136719,331.3599853515625,331.3599853515625
2011-03-29,331.9200134277344,334.6400146484375,334.6400146484375
2011-03-30,333.5199890136719,333.2799987792969,333.2799987792969
2011-03-31,339.44000244140625,340.79998779296875,340.79998779296875
2011-04-01,341.760009765625,345.3599853515625,345.3599853515625
2011-04-04,344.9599914550781,346.0799865722656,346.0799865722656
2011-04-05,344.9599914550781,344.79998779296875,344.79998779296875
2011-04-06,346.9599914550781,346.9599914550781,346.9599914550781
2011-04-07,347.9200134277344,351.9200134277344,351.9200134277344
2011-04-08,355.5199890136719,361.20001220703125,361.20001220703125
2011-04-11,358.32000732421875,349.1199951171875,349.1199951171875
2011-04-12,345.9200134277344,338.3999938964844,338.3999938964844
2011-04-13,341.44000244140625,342.0,342.0
2011-04-14,341.6000061035156,346.239990234375,346.239990234375
2011-04-15,344.7200012207031,349.67999267578125,349.67999267578125
2011-04-18,345.2799987792969,343.0400085449219,343.0400085449219
2011-04-19,340.9599914550781,343.6000061035156,343.6000061035156
2011-04-20,347.67999267578125,353.760009765625,353.760009765625
2011-04-21,353.5199890136719,356.55999755859375,356.55999755859375
2011-04-25,358.9599914550781,356.239990234375,356.239990234375
2011-04-26,355.5199890136719,355.8399963378906,355.8399963378906
2011-04-27,356.55999755859375,360.1600036621094,360.1600036621094
2011-04-28,358.4800109863281,358.6400146484375,358.6400146484375
2011-04-29,359.20001220703125,361.20001220703125,361.20001220703125
2011-05-02,359.9200134277344,359.44000244140625,359.44000244140625
2011-05-03,358.0799865722656,352.6400146484375,352.6400146484375
2011-05-04,351.3599853515625,346.0799865722656,346.0799865722656
2011-05-05,335.9200134277344,314.55999755859375,314.55999755859375
2011-05-06,313.9200134277344,310.9599914550781,310.9599914550781
2011-05-09,315.2799987792969,326.9599914550781,326.9599914550781
2011-05-10,321.760009765625,328.6400146484375,328.6400146484375
2011-05-11,325.3599853515625,314.79998779296875,314.79998779296875
2011-05-12,309.67999267578125,314.239990234375,314.239990234375
2011-05-13,314.1600036621094,315.5199890136719,315.5199890136719
2011-05-16,314.0799865722656,308.0799865722656,308.0799865722656
2011-05-17,306.0,308.3999938964844,308.3999938964844
2011-05-18,313.3599853515625,316.0,316.0
2011-05-19,316.4800109863281,312.55999755859375,312.55999755859375
2011-05-20,311.5199890136719,315.760009765625,315.760009765625
2011-05-23,306.4800109863281,307.760009765625,307.760009765625
2011-05-24,314.0799865722656,314.239990234375,314.239990234375
2011-05-25,311.760009765625,319.44000244140625,319.44000244140625
2011-05-26,318.7200012207031,316.79998779296875,316.79998779296875
2011-05-27,318.0,317.67999267578125,317.67999267578125
2011-05-31,325.2799987792969,324.0,324.0
2011-06-01,324.32000732421875,316.1600036621094,316.1600036621094
2011-06-02,317.3599853515625,317.44000244140625,317.44000244140625
2011-06-03,311.44000244140625,317.2799987792969,317.2799987792969
2011-06-06,315.20001220703125,312.0,312.0
2011-06-07,311.8399963378906,312.3999938964844,312.3999938964844
2011-06-08,314.79998779296875,318.79998779296875,318.79998779296875
2011-06-09,320.0,321.1199951171875,321.1199951171875
2011-06-10,316.6400146484375,312.55999755859375,312.55999755859375
2011-06-13,309.760009765625,306.0799865722656,306.0799865722656
2011-06-14,307.0400085449219,312.79998779296875,312.79998779296875
2011-06-15,311.67999267578125,300.6400146484375,300.6400146484375
2011-06-16,299.760009765625,299.3599853515625,299.3599853515625
2011-06-17,294.0,293.0400085449219,293.0400085449219
2011-06-20,291.9200134277344,293.760009765625,293.760009765625
2011-06-21,295.5199890136719,294.32000732421875,294.32000732421875
2011-06-22,295.760009765625,296.79998779296875,296.79998779296875
2011-06-23,286.0,288.0799865722656,288.0799865722656
2011-06-24,285.5199890136719,286.4800109863281,286.4800109863281
2011-06-27,282.6400146484375,285.1199951171875,285.1199951171875
2011-06-28,287.0400085449219,291.3599853515625,291.3599853515625
2011-06-29,291.8399963378906,297.8399963378906,297.8399963378906
2011-06-30,297.8399963378906,297.9200134277344,297.9200134277344
2011-07-01,295.760009765625,297.20001220703125,297.20001220703125
2011-07-05,301.760009765625,303.67999267578125,303.67999267578125
2011-07-06,303.8399963378906,303.1199951171875,303.1199951171875
2011-07-07,308.9599914550781,308.8800048828125,308.8800048828125
2011-07-08,304.0799865722656,302.3999938964844,302.3999938964844
2011-07-11,298.239990234375,298.32000732421875,298.32000732421875
2011-07-12,297.20001220703125,303.44000244140625,303.44000244140625
2011-07-13,304.1600036621094,306.79998779296875,306.79998779296875
2011-07-14,309.44000244140625,300.3999938964844,300.3999938964844
2011-07-15,302.55999755859375,305.0400085449219,305.0400085449219
2011-07-18,301.6000061035156,300.7200012207031,300.7200012207031
2011-07-19,305.2799987792969,306.0,306.0
2011-07-20,308.1600036621094,307.20001220703125,307.20001220703125
2011-07-21,308.7200012207031,309.760009765625,309.760009765625
2011-07-22,308.6400146484375,311.44000244140625,311.44000244140625
2011-07-25,308.0,309.44000244140625,309.44000244140625
2011-07-26,308.32000732421875,310.4800109863281,310.4800109863281
2011-07-27,307.6000061035156,303.760009765625,303.760009765625
2011-07-28,304.1600036621094,303.2799987792969,303.2799987792969
2011-07-29,298.239990234375,299.3599853515625,299.3599853515625
2011-08-01,307.1199951171875,297.6000061035156,297.6000061035156
2011-08-02,294.7200012207031,291.20001220703125,291.20001220703125
2011-08-03,291.5199890136719,286.8800048828125,286.8800048828125
2011-08-04,284.9599914550781,269.8399963378906,269.8399963378906
2011-08-05,272.0,271.6000061035156,271.6000061035156
2011-08-08,260.3999938964844,252.0800018310547,252.0800018310547
2011-08-09,255.75999450683594,252.9600067138672,252.9600067138672
2011-08-10,251.9199981689453,254.24000549316406,254.24000549316406
2011-08-11,257.8399963378906,266.3999938964844,266.3999938964844
2011-08-12,270.79998779296875,265.8399963378906,265.8399963378906
2011-08-15,269.2799987792969,273.760009765625,273.760009765625
2011-08-16,269.760009765625,270.6400146484375,270.6400146484375
2011-08-17,275.2799987792969,272.0799865722656,272.0799865722656
2011-08-18,264.1600036621094,253.75999450683594,253.75999450683594
2011-08-19,251.75999450683594,256.9599914550781,256.9599914550781
2011-08-22,261.760009765625,261.760009765625,261.760009765625
2011-08-23,263.1199951171875,267.3599853515625,267.3599853515625
2011-08-24,266.0,264.6400146484375,264.6400146484375
2011-08-25,267.67999267578125,263.760009765625,263.760009765625
2011-08-26,262.239990234375,265.20001220703125,265.20001220703125
2011-08-29,271.760009765625,271.67999267578125,271.67999267578125
2011-08-30,271.8399963378906,275.5199890136719,275.5199890136719
2011-08-31,274.6400146484375,276.0799865722656,276.0799865722656
2011-09-01,275.8399963378906,275.760009765625,275.760009765625
2011-09-02,266.9599914550781,269.1199951171875,269.1199951171875
2011-09-06,260.9599914550781,268.7200012207031,268.7200012207031
2011-09-07,272.1600036621094,277.5199890136719,277.5199890136719
2011-09-08,277.20001220703125,275.67999267578125,275.67999267578125
2011-09-09,269.5199890136719,270.79998779296875,270.79998779296875
2011-09-12,269.5199890136719,275.3599853515625,275.3599853515625
2011-09-13,276.9599914550781,278.79998779296875,278.79998779296875
2011-09-14,277.9200134277344,274.7200012207031,274.7200012207031
2011-09-15,277.8399963378906,276.79998779296875,276.79998779296875
2011-09-16,277.20001220703125,273.1199951171875,273.1199951171875
2011-09-19,266.0799865722656,266.32000732421875,266.32000732421875
2011-09-20,266.6400146484375,267.44000244140625,267.44000244140625
2011-09-21,267.9200134277344,263.3599853515625,263.3599853515625
2011-09-22,251.1999969482422,249.0399932861328,249.0399932861328
2011-09-23,245.52000427246094,248.72000122070312,248.72000122070312
2011-09-26,245.67999267578125,251.75999450683594,251.75999450683594
2011-09-27,256.9599914550781,258.9599914550781,258.9599914550781
2011-09-28,259.0400085449219,250.0,250.0
2011-09-29,257.1199951171875,255.75999450683594,255.75999450683594
2011-09-30,248.72000122070312,243.9199981689453,243.9199981689453
2011-10-03,240.0800018310547,237.9199981689453,237.9199981689453
2011-10-04,235.1999969482422,239.27999877929688,239.27999877929688
2011-10-05,240.47999572753906,246.72000122070312,246.72000122070312
2011-10-06,245.9199981689453,255.83999633789062,255.83999633789062
2011-10-07,257.760009765625,256.32000732421875,256.32000732421875
2011-10-10,261.8399963378906,265.9200134277344,265.9200134277344
2011-10-11,262.79998779296875,264.0799865722656,264.0799865722656
2011-10-12,265.760009765625,263.3599853515625,263.3599853515625
2011-10-13,260.6400146484375,261.20001220703125,261.20001220703125
2011-10-14,269.2799987792969,270.9599914550781,270.9599914550781
2011-10-17,268.3999938964844,267.44000244140625,267.44000244140625
2011-10-18,269.0400085449219,273.20001220703125,273.20001220703125
2011-10-19,273.20001220703125,266.4800109863281,266.4800109863281
2011-10-20,265.9200134277344,266.6400146484375,266.6400146484375
2011-10-21,271.3599853515625,270.79998779296875,270.79998779296875
2011-10-24,272.32000732421875,283.0400085449219,283.0400085449219
2011-10-25,288.32000732421875,286.3999938964844,286.3999938964844
2011-10-26,286.7200012207031,280.4800109863281,280.4800109863281
2011-10-27,288.0799865722656,289.67999267578125,289.67999267578125
2011-10-28,285.2799987792969,288.239990234375,288.239990234375
2011-10-31,283.67999267578125,285.9200134277344,285.9200134277344
2011-11-01,277.0400085449219,281.6000061035156,281.6000061035156
2011-11-02,288.4800109863281,285.3599853515625,285.3599853515625
2011-11-03,289.0400085449219,290.55999755859375,290.55999755859375
2011-11-04,290.3999938964844,291.67999267578125,291.67999267578125
2011-11-07,293.8399963378906,296.7200012207031,296.7200012207031
2011-11-08,298.0799865722656,299.44000244140625,299.44000244140625
2011-11-09,294.79998779296875,296.0,296.0
2011-11-10,300.8800048828125,301.760009765625,301.760009765625
2011-11-11,302.8800048828125,305.67999267578125,305.67999267578125
2011-11-14,303.6000061035156,302.8800048828125,302.8800048828125
2011-11-15,304.9599914550781,307.44000244140625,307.44000244140625
2011-11-16,314.79998779296875,314.7200012207031,314.7200012207031
2011-11-17,312.55999755859375,305.8399963378906,305.8399963378906
2011-11-18,307.0400085449219,302.55999755859375,302.55999755859375
2011-11-21,299.2799987792969,300.7200012207031,300.7200012207031
2011-11-22,301.760009765625,302.55999755859375,302.55999755859375
2011-11-23,296.9599914550781,297.2799987792969,297.2799987792969
2011-11-25,296.6400146484375,297.2799987792969,297.2799987792969
2011-11-28,306.4800109863281,302.79998779296875,302.79998779296875
2011-11-29,305.44000244140625,308.3999938964844,308.3999938964844
2011-11-30,312.4800109863281,310.239990234375,310.239990234375
2011-12-01,309.2799987792969,308.8800048828125,308.8800048828125
2011-12-02,311.0400085449219,312.239990234375,312.239990234375
2011-12-05,315.760009765625,312.0799865722656,312.0799865722656
2011-12-06,311.1199951171875,312.0,312.0
2011-12-07,312.55999755859375,310.4800109863281,310.4800109863281
2011-12-08,308.1600036621094,302.239990234375,302.239990234375
2011-12-09,302.239990234375,308.0,308.0
2011-12-12,303.67999267578125,303.0400085449219,303.0400085449219
2011-12-13,304.55999755859375,308.8800048828125,308.8800048828125
2011-12-14,299.20001220703125,293.2799987792969,293.2799987792969
2011-12-15,295.20001220703125,289.0400085449219,289.0400085449219
2011-12-16,289.44000244140625,290.1600036621094,290.1600036621094
2011-12-19,291.1199951171875,289.6000061035156,289.6000061035156
2011-12-20,298.3999938964844,300.4800109863281,300.4800109863281
2011-12-21,301.3599853515625,304.8800048828125,304.8800048828125
2011-12-22,306.1600036621094,306.239990234375,306.239990234375
2011-12-23,307.760009765625,307.9200134277344,307.9200134277344
2011-12-27,307.9200134277344,312.4800109863281,312.4800109863281
2011-12-28,311.0400085449219,306.7200012207031,306.7200012207031
2011-12-29,307.1199951171875,307.2799987792969,307.2799987792969
2011-12-30,304.79998779296875,304.8800048828125,304.8800048828125
2012-01-03,313.9200134277344,317.5199890136719,317.5199890136719
2012-01-04,316.0,318.1600036621094,318.1600036621094
2012-01-05,315.9200134277344,313.3599853515625,313.3599853515625
2012-01-06,315.1199951171875,313.760009765625,313.760009765625
2012-01-09,312.8800048828125,312.6400146484375,312.6400146484375
2012-01-10,316.55999755859375,314.7200012207031,314.7200012207031
2012-01-11,312.7200012207031,311.3599853515625,311.3599853515625
2012-01-12,314.32000732421875,304.4800109863281,304.4800109863281
2012-01-13,303.20001220703125,305.2799987792969,305.2799987792969
2012-01-17,308.7200012207031,310.32000732421875,310.32000732421875
2012-01-18,311.0400085449219,310.6400146484375,310.6400146484375
2012-01-19,312.6400146484375,309.5199890136719,309.5199890136719
2012-01-20,305.3599853515625,302.239990234375,302.239990234375
2012-01-23,304.1600036621094,307.1199951171875,307.1199951171875
2012-01-24,302.3999938964844,304.79998779296875,304.79998779296875
2012-01-25,302.55999755859375,306.79998779296875,306.79998779296875
2012-01-26,311.5199890136719,306.9599914550781,306.9599914550781
2012-01-27,306.239990234375,306.3999938964844,306.3999938964844
2012-01-30,303.44000244140625,304.0799865722656,304.0799865722656
2012-01-31,310.6400146484375,302.55999755859375,302.55999755859375
2012-02-01,305.0400085449219,299.0400085449219,299.0400085449219
2012-02-02,297.2799987792969,297.0400085449219,297.0400085449219
2012-02-03,297.9200134277344,300.7200012207031,300.7200012207031
2012-02-06,298.6400146484375,298.6400146484375,298.6400146484375
2012-02-07,296.55999755859375,303.6000061035156,303.6000061035156
2012-02-08,306.8800048828125,304.32000732421875,304.32000732421875
2012-02-09,307.1199951171875,306.6400146484375,306.6400146484375
2012-02-10,300.3999938964844,304.1600036621094,304.1600036621094
2012-02-13,308.0799865722656,309.5199890136719,309.5199890136719
2012-02-14,312.4800109863281,310.7200012207031,310.7200012207031
2012-02-15,312.4800109863281,313.44000244140625,313.44000244140625
2012-02-16,312.239990234375,314.239990234375,314.239990234375
2012-02-17,317.67999267578125,318.0,318.0
2012-02-21,321.0400085449219,324.6400146484375,324.6400146484375
2012-02-22,324.0,324.7200012207031,324.7200012207031
2012-02-23,324.4800109863281,330.9599914550781,330.9599914550781
2012-02-24,332.79998779296875,336.0799865722656,336.0799865722656
2012-02-27,332.239990234375,329.44000244140625,329.44000244140625
2012-02-28,330.9599914550781,326.32000732421875,326.32000732421875
2012-02-29,326.79998779296875,327.3599853515625,327.3599853515625
2012-03-01,329.1199951171875,334.0,334.0
2012-03-02,330.239990234375,326.1600036621094,326.1600036621094
2012-03-05,327.44000244140625,327.760009765625,327.760009765625
2012-03-06,320.79998779296875,321.0400085449219,321.0400085449219
2012-03-07,320.239990234375,324.8800048828125,324.8800048828125
2012-03-08,325.44000244140625,326.55999755859375,326.55999755859375
2012-03-09,326.4800109863281,328.7200012207031,328.7200012207031
2012-03-12,324.4800109863281,325.6000061035156,325.6000061035156
2012-03-13,324.6400146484375,326.6400146484375,326.6400146484375
2012-03-14,325.3599853515625,323.2799987792969,323.2799987792969
2012-03-15,323.2799987792969,322.239990234375,322.239990234375
2012-03-16,323.44000244140625,328.239990234375,328.239990234375
2012-03-19,329.5199890136719,330.32000732421875,330.32000732421875
2012-03-20,326.239990234375,323.44000244140625,323.44000244140625
2012-03-21,324.239990234375,325.2799987792969,325.2799987792969
2012-03-22,319.20001220703125,321.1199951171875,321.1199951171875
2012-03-23,321.67999267578125,325.5199890136719,325.5199890136719
2012-03-26,325.67999267578125,326.1600036621094,326.1600036621094
2012-03-27,326.79998779296875,325.67999267578125,325.67999267578125
2012-03-28,321.0400085449219,321.5199890136719,321.5199890136719
2012-03-29,320.239990234375,314.32000732421875,314.32000732421875
2012-03-30,315.0400085449219,313.8399963378906,313.8399963378906
2012-04-02,311.44000244140625,320.239990234375,320.239990234375
2012-04-03,319.6000061035156,317.2799987792969,317.2799987792969
2012-04-04,312.9599914550781,310.7200012207031,310.7200012207031
2012-04-05,309.8399963378906,314.0799865722656,314.0799865722656
2012-04-09,308.4800109863281,311.760009765625,311.760009765625
2012-04-10,311.0400085449219,308.0799865722656,308.0799865722656
2012-04-11,309.44000244140625,312.0799865722656,312.0799865722656
2012-04-12,313.20001220703125,315.5199890136719,315.5199890136719
2012-04-13,314.0,313.20001220703125,313.20001220703125
2012-04-16,313.0400085449219,313.44000244140625,313.44000244140625
2012-04-17,318.6400146484375,317.1199951171875,317.1199951171875
2012-04-18,315.760009765625,312.3999938964844,312.3999938964844
2012-04-19,312.32000732421875,311.67999267578125,311.67999267578125
2012-04-20,316.0799865722656,315.1199951171875,315.1199951171875
2012-04-23,309.8399963378906,312.239990234375,312.239990234375
2012-04-24,314.9599914550781,313.3599853515625,313.3599853515625
2012-04-25,314.6400146484375,315.2799987792969,315.2799987792969
2012-04-26,315.5199890136719,316.239990234375,316.239990234375
2012-04-27,316.3999938964844,316.9599914550781,316.9599914550781
2012-04-30,315.44000244140625,317.44000244140625,317.44000244140625
2012-05-01,317.0400085449219,321.20001220703125,321.20001220703125
2012-05-02,320.0799865722656,319.1199951171875,319.1199951171875
2012-05-03,315.44000244140625,310.6400146484375,310.6400146484375
2012-05-04,302.7200012207031,298.32000732421875,298.32000732421875
2012-05-07,294.8800048828125,296.3999938964844,296.3999938964844
2012-05-08,293.8399963378906,294.9599914550781,294.9599914550781
2012-05-09,289.9200134277344,292.1600036621094,292.1600036621094
2012-05-10,294.8800048828125,292.8800048828125,292.8800048828125
2012-05-11,290.1600036621094,290.0799865722656,290.0799865722656
2012-05-14,285.67999267578125,284.8800048828125,284.8800048828125
2012-05-15,286.3999938964844,282.239990234375,282.239990234375
2012-05-16,281.5199890136719,280.3999938964844,280.3999938964844
2012-05-17,283.0400085449219,280.32000732421875,280.32000732421875
2012-05-18,279.1199951171875,275.44000244140625,275.44000244140625
2012-05-21,277.44000244140625,281.20001220703125,281.20001220703125
2012-05-22,279.2799987792969,275.8399963378906,275.8399963378906
2012-05-23,275.3599853515625,272.7200012207031,272.7200012207031
2012-05-24,274.32000732421875,274.0799865722656,274.0799865722656
2012-05-25,273.67999267578125,273.760009765625,273.760009765625
2012-05-29,276.239990234375,273.8399963378906,273.8399963378906
2012-05-30,268.1600036621094,264.1600036621094,264.1600036621094
2012-05-31,264.32000732421875,260.8800048828125,260.8800048828125
2012-06-01,253.60000610351562,251.44000244140625,251.44000244140625
2012-06-04,250.72000122070312,254.0800018310547,254.0800018310547
2012-06-05,252.8800048828125,254.0800018310547,254.0800018310547
2012-06-06,256.7200012207031,257.20001220703125,257.20001220703125
2012-06-07,262.1600036621094,253.75999450683594,253.75999450683594
2012-06-08,249.52000427246094,254.39999389648438,254.39999389648438
2012-06-11,255.1999969482422,245.60000610351562,245.60000610351562
2012-06-12,250.55999755859375,251.36000061035156,251.36000061035156
2012-06-13,248.32000732421875,248.8000030517578,248.8000030517578
2012-06-14,249.52000427246094,253.83999633789062,253.83999633789062
2012-06-15,253.1199951171875,253.0399932861328,253.0399932861328
2012-06-18,248.16000366210938,250.55999755859375,250.55999755859375
2012-06-19,253.9199981689453,253.44000244140625,253.44000244140625
2012-06-20,252.39999389648438,243.9199981689453,243.9199981689453
2012-06-21,242.39999389648438,235.67999267578125,235.67999267578125
2012-06-22,236.55999755859375,240.8000030517578,240.8000030517578
2012-06-25,237.44000244140625,238.39999389648438,238.39999389648438
2012-06-26,238.32000732421875,238.47999572753906,238.47999572753906
2012-06-27,240.9600067138672,241.60000610351562,241.60000610351562
2012-06-28,239.52000427246094,236.0,236.0
2012-06-29,246.0800018310547,254.63999938964844,254.63999938964844
2012-07-02,251.44000244140625,251.44000244140625,251.44000244140625
2012-07-03,261.5199890136719,263.5199890136719,263.5199890136719
2012-07-05,261.5199890136719,260.9599914550781,260.9599914550781
2012-07-06,254.16000366210938,252.72000122070312,252.72000122070312
2012-07-09,253.67999267578125,257.3599853515625,257.3599853515625
2012-07-10,257.20001220703125,252.16000366210938,252.16000366210938
2012-07-11,255.60000610351562,258.6400146484375,258.6400146484375
2012-07-12,254.72000122070312,257.6000061035156,257.6000061035156
2012-07-13,259.1199951171875,261.44000244140625,261.44000244140625
2012-07-16,262.3999938964844,264.9599914550781,264.9599914550781
2012-07-17,267.20001220703125,267.0400085449219,267.0400085449219
2012-07-18,267.8399963378906,269.5199890136719,269.5199890136719
2012-07-19,273.9200134277344,277.1199951171875,277.1199951171875
2012-07-20,273.2799987792969,273.6000061035156,273.6000061035156
2012-07-23,264.1600036621094,264.0,264.0
2012-07-24,264.79998779296875,265.20001220703125,265.20001220703125
2012-07-25,264.79998779296875,265.67999267578125,265.67999267578125
2012-07-26,269.20001220703125,267.2799987792969,267.2799987792969
2012-07-27,268.0799865722656,269.3599853515625,269.3599853515625
2012-07-30,268.79998779296875,267.6000061035156,267.6000061035156
2012-07-31,267.6000061035156,261.44000244140625,261.44000244140625
2012-08-01,264.239990234375,265.3599853515625,265.3599853515625
2012-08-02,260.79998779296875,260.79998779296875,260.79998779296875
2012-08-03,268.239990234375,272.55999755859375,272.55999755859375
2012-08-06,271.6000061035156,275.3599853515625,275.3599853515625
2012-08-07,277.1199951171875,279.2799987792969,279.2799987792969
2012-08-08,280.239990234375,278.9599914550781,278.9599914550781
2012-08-09,279.67999267578125,279.44000244140625,279.44000244140625
2012-08-10,275.8399963378906,278.79998779296875,278.79998779296875
2012-08-13,279.67999267578125,277.2799987792969,277.2799987792969
2012-08-14,279.1199951171875,279.3599853515625,279.3599853515625
2012-08-15,277.5199890136719,281.5199890136719,281.5199890136719
2012-08-16,282.6400146484375,284.4800109863281,284.4800109863281
2012-08-17,286.0799865722656,287.6000061035156,287.6000061035156
2012-08-20,286.55999755859375,286.6400146484375,286.6400146484375
2012-08-21,290.6400146484375,287.8399963378906,287.8399963378906
2012-08-22,287.760009765625,289.760009765625,289.760009765625
2012-08-23,290.79998779296875,286.0799865722656,286.0799865722656
2012-08-24,287.44000244140625,285.44000244140625,285.44000244140625
2012-08-27,283.6000061035156,284.8800048828125,284.8800048828125
2012-08-28,285.8399963378906,286.32000732421875,286.32000732421875
2012-08-29,285.9200134277344,283.0400085449219,283.0400085449219
2012-08-30,283.2799987792969,282.0799865722656,282.0799865722656
2012-08-31,286.9599914550781,287.1199951171875,287.1199951171875
2012-09-04,287.67999267578125,284.0799865722656,284.0799865722656
2012-09-05,283.760009765625,284.55999755859375,284.55999755859375
2012-09-06,287.9200134277344,281.8399963378906,281.8399963378906
2012-09-07,283.760009765625,287.0400085449219,287.0400085449219
2012-09-10,285.1199951171875,286.79998779296875,286.79998779296875
2012-09-11,288.79998779296875,288.8800048828125,288.8800048828125
2012-09-12,289.3599853515625,288.32000732421875,288.32000732421875
2012-09-13,292.55999755859375,292.0799865722656,292.0799865722656
2012-09-14,295.67999267578125,294.7200012207031,294.7200012207031
2012-09-17,294.8800048828125,286.0,286.0
2012-09-18,286.239990234375,284.55999755859375,284.55999755859375
2012-09-19,279.6000061035156,272.9599914550781,272.9599914550781
2012-09-20,272.6400146484375,276.0799865722656,276.0799865722656
2012-09-21,276.9599914550781,275.9200134277344,275.9200134277344
2012-09-24,272.0799865722656,272.7200012207031,272.7200012207031
2012-09-25,274.4800109863281,270.0,270.0
2012-09-26,268.0,266.7200012207031,266.7200012207031
2012-09-27,270.6400146484375,273.20001220703125,273.20001220703125
2012-09-28,272.8800048828125,272.9599914550781,272.9599914550781
2012-10-01,275.6000061035156,274.0,274.0
2012-10-02,274.79998779296875,272.1600036621094,272.1600036621094
2012-10-03,268.55999755859375,260.8800048828125,260.8800048828125
2012-10-04,263.9200134277344,271.5199890136719,271.5199890136719
2012-10-05,269.6000061035156,266.79998779296875,266.79998779296875
2012-10-08,264.8800048828125,265.760009765625,265.760009765625
2012-10-09,267.6000061035156,273.44000244140625,273.44000244140625
2012-10-10,274.0,270.7200012207031,270.7200012207031
2012-10-11,274.1600036621094,274.32000732421875,274.32000732421875
2012-10-12,273.2799987792969,272.0,272.0
2012-10-15,268.9599914550781,272.0,272.0
2012-10-16,271.5199890136719,273.0400085449219,273.0400085449219
2012-10-17,274.239990234375,272.79998779296875,272.79998779296875
2012-10-18,270.0,272.55999755859375,272.55999755859375
2012-10-19,275.6000061035156,266.7200012207031,266.7200012207031
2012-10-22,266.4800109863281,263.20001220703125,263.20001220703125
2012-10-23,257.1199951171875,255.75999450683594,255.75999450683594
2012-10-24,255.0399932861328,253.0399932861328,253.0399932861328
2012-10-25,255.1999969482422,254.24000549316406,254.24000549316406
2012-10-26,253.1999969482422,254.32000732421875,254.32000732421875
2012-10-31,254.47999572753906,254.24000549316406,254.24000549316406
2012-11-01,254.8000030517578,256.4800109863281,256.4800109863281
2012-11-02,255.60000610351562,250.8000030517578,250.8000030517578
2012-11-05,251.0399932861328,252.8800048828125,252.8800048828125
2012-11-06,255.44000244140625,260.4800109863281,260.4800109863281
2012-11-07,255.83999633789062,249.67999267578125,249.67999267578125
2012-11-08,250.39999389648438,250.39999389648438,250.39999389648438
2012-11-09,250.47999572753906,253.83999633789062,253.83999633789062
2012-11-12,253.83999633789062,252.72000122070312,252.72000122070312
2012-11-13,250.47999572753906,251.27999877929688,251.27999877929688
2012-11-14,252.16000366210938,254.16000366210938,254.16000366210938
2012-11-15,255.52000427246094,251.9199981689453,251.9199981689453
2012-11-16,254.55999755859375,255.44000244140625,255.44000244140625
2012-11-19,260.1600036621094,261.3599853515625,261.3599853515625
2012-11-20,259.2799987792969,255.60000610351562,255.60000610351562
2012-11-21,256.0,256.9599914550781,256.9599914550781
2012-11-23,256.79998779296875,258.55999755859375,258.55999755859375
2012-11-26,256.4800109863281,257.5199890136719,257.5199890136719
2012-11-27,256.9599914550781,255.83999633789062,255.83999633789062
2012-11-28,250.9600067138672,254.32000732421875,254.32000732421875
2012-11-29,259.3599853515625,257.3599853515625,257.3599853515625
2012-11-30,258.9599914550781,260.4800109863281,260.4800109863281
2012-12-03,264.32000732421875,260.79998779296875,260.79998779296875
2012-12-04,257.8399963378906,259.20001220703125,259.20001220703125
2012-12-05,259.20001220703125,257.760009765625,257.760009765625
2012-12-06,253.9199981689453,253.27999877929688,253.27999877929688
2012-12-07,253.44000244140625,252.24000549316406,252.24000549316406
2012-12-10,253.1999969482422,251.1199951171875,251.1199951171875
2012-12-11,251.36000061035156,251.75999450683594,251.75999450683594
2012-12-12,254.8000030517578,254.24000549316406,254.24000549316406
2012-12-13,252.9600067138672,252.63999938964844,252.63999938964844
2012-12-14,253.1999969482422,254.47999572753906,254.47999572753906
2012-12-17,254.8000030517578,256.0799865722656,256.0799865722656
2012-12-18,256.79998779296875,257.44000244140625,257.44000244140625
2012-12-19,258.0799865722656,261.3599853515625,261.3599853515625
2012-12-20,261.0400085449219,261.8399963378906,261.8399963378906
2012-12-21,257.2799987792969,258.8800048828125,258.8800048828125
2012-12-24,257.5199890136719,257.9200134277344,257.9200134277344
2012-12-26,264.3999938964844,265.20001220703125,265.20001220703125
2012-12-27,265.3599853515625,265.5199890136719,265.5199890136719
2012-12-28,265.44000244140625,264.32000732421875,264.32000732421875
2012-12-31,263.20001220703125,266.9599914550781,266.9599914550781
2013-01-02,272.0,270.55999755859375,270.55999755859375
2013-01-03,270.79998779296875,269.9200134277344,269.9200134277344
2013-01-04,269.6000061035156,271.0400085449219,271.0400085449219
2013-01-07,269.760009765625,271.3599853515625,271.3599853515625
2013-01-08,272.0799865722656,271.67999267578125,271.67999267578125
2013-01-09,271.6000061035156,271.0400085449219,271.0400085449219
2013-01-10,274.239990234375,273.3599853515625,273.3599853515625
2013-01-11,270.9599914550781,272.4800109863281,272.4800109863281
2013-01-14,272.9599914550781,274.239990234375,274.239990234375
2013-01-15,274.0,271.9200134277344,271.9200134277344
2013-01-16,272.32000732421875,274.239990234375,274.239990234375
2013-01-17,277.6000061035156,277.3599853515625,277.3599853515625
2013-01-18,277.6000061035156,278.1600036621094,278.1600036621094
2013-01-22,278.55999755859375,280.0799865722656,280.0799865722656
2013-01-23,279.3599853515625,276.8800048828125,276.8800048828125
2013-01-24,278.3999938964844,278.0799865722656,278.0799865722656
2013-01-25,278.9599914550781,278.239990234375,278.239990234375
2013-01-28,279.67999267578125,279.5199890136719,279.5199890136719
2013-01-29,281.5199890136719,282.32000732421875,282.32000732421875
2013-01-30,283.3599853515625,283.9200134277344,283.9200134277344
2013-01-31,281.2799987792969,282.239990234375,282.239990234375
2013-02-01,280.1600036621094,282.79998779296875,282.79998779296875
2013-02-04,279.1199951171875,278.239990234375,278.239990234375
2013-02-05,280.3999938964844,280.239990234375,280.239990234375
2013-02-06,276.3999938964844,280.32000732421875,280.32000732421875
2013-02-07,280.79998779296875,277.44000244140625,277.44000244140625
2013-02-08,279.0400085449219,277.6000061035156,277.6000061035156
2013-02-11,276.3999938964844,280.9599914550781,280.9599914550781
2013-02-12,282.0799865722656,282.239990234375,282.239990234375
2013-02-13,283.3599853515625,281.5199890136719,281.5199890136719
2013-02-14,282.0799865722656,282.1600036621094,282.1600036621094
2013-02-15,277.5199890136719,277.760009765625,277.760009765625
2013-02-19,277.2799987792969,279.67999267578125,279.67999267578125
2013-02-20,279.8399963378906,273.3599853515625,273.3599853515625
2013-02-21,268.0,267.44000244140625,267.44000244140625
2013-02-22,267.5199890136719,268.79998779296875,268.79998779296875
2013-02-25,269.6000061035156,265.67999267578125,265.67999267578125
2013-02-26,267.6000061035156,266.6400146484375,266.6400146484375
2013-02-27,266.0,267.20001220703125,267.20001220703125
2013-02-28,267.1199951171875,264.4800109863281,264.4800109863281
2013-03-01,261.2799987792969,261.9200134277344,261.9200134277344
2013-03-04,260.79998779296875,259.20001220703125,259.20001220703125
2013-03-05,260.32000732421875,261.5199890136719,261.5199890136719
2013-03-06,260.7200012207031,260.32000732421875,260.32000732421875
2013-03-07,262.0799865722656,263.5199890136719,263.5199890136719
2013-03-08,262.9599914550781,264.3999938964844,264.3999938964844
2013-03-11,262.8800048828125,264.32000732421875,264.32000732421875
2013-03-12,267.67999267578125,266.0799865722656,266.0799865722656
2013-03-13,268.0,265.5199890136719,265.5199890136719
2013-03-14,266.0799865722656,267.3599853515625,267.3599853515625
2013-03-15,268.8800048828125,268.79998779296875,268.79998779296875
2013-03-18,264.32000732421875,269.20001220703125,269.20001220703125
2013-03-19,269.5199890136719,264.55999755859375,264.55999755859375
2013-03-20,267.44000244140625,267.6000061035156,267.6000061035156
2013-03-21,265.8399963378906,264.3999938964844,264.3999938964844
2013-03-22,266.4800109863281,268.8800048828125,268.8800048828125
2013-03-25,271.1199951171875,270.79998779296875,270.79998779296875
2013-03-26,273.9200134277344,275.6000061035156,275.6000061035156
2013-03-27,274.1600036621094,276.3999938964844,276.3999938964844
2013-03-28,276.7200012207031,278.0,278.0
2013-04-01,275.44000244140625,277.44000244140625,277.44000244140625
2013-04-02,275.20001220703125,277.20001220703125,277.20001220703125
2013-04-03,277.0400085449219,270.0799865722656,270.0799865722656
2013-04-04,265.8399963378906,267.1199951171875,267.1199951171875
2013-04-05,264.6400146484375,266.239990234375,266.239990234375
2013-04-08,266.4800109863281,267.9200134277344,267.9200134277344
2013-04-09,266.6400146484375,269.1199951171875,269.1199951171875
2013-04-10,268.32000732421875,270.6400146484375,270.6400146484375
2013-04-11,269.67999267578125,267.67999267578125,267.67999267578125
2013-04-12,261.9200134277344,260.239990234375,260.239990234375
2013-04-15,255.52000427246094,251.9199981689453,251.9199981689453
2013-04-16,252.8800048828125,254.0800018310547,254.0800018310547
2013-04-17,251.27999877929688,248.0800018310547,248.0800018310547
2013-04-18,249.52000427246094,253.1199951171875,253.1199951171875
2013-04-19,251.67999267578125,251.1199951171875,251.1199951171875
2013-04-22,252.9600067138672,254.55999755859375,254.55999755859375
2013-04-23,252.16000366210938,254.8800048828125,254.8800048828125
2013-04-24,256.1600036621094,261.2799987792969,261.2799987792969
2013-04-25,260.4800109863281,266.0,266.0
2013-04-26,265.67999267578125,264.9599914550781,264.9599914550781
2013-04-29,266.6400146484375,268.8800048828125,268.8800048828125
2013-04-30,269.1199951171875,265.2799987792969,265.2799987792969
2013-05-01,258.9599914550781,259.1199951171875,259.1199951171875
2013-05-02,260.7200012207031,267.9200134277344,267.9200134277344
2013-05-03,271.20001220703125,272.0799865722656,272.0799865722656
2013-05-06,271.67999267578125,273.1199951171875,273.1199951171875
2013-05-07,272.9599914550781,272.0799865722656,272.0799865722656
2013-05-08,273.6000061035156,275.20001220703125,275.20001220703125
2013-05-09,273.67999267578125,273.3599853515625,273.3599853515625
2013-05-10,268.7200012207031,273.1199951171875,273.1199951171875
2013-05-13,271.2799987792969,270.8800048828125,270.8800048828125
2013-05-14,270.239990234375,268.4800109863281,268.4800109863281
2013-05-15,264.79998779296875,268.8800048828125,268.8800048828125
2013-05-16,269.44000244140625,270.9599914550781,270.9599914550781
2013-05-17,273.8399963378906,273.67999267578125,273.67999267578125
2013-05-20,272.6400146484375,275.5199890136719,275.5199890136719
2013-05-21,275.0400085449219,272.8800048828125,272.8800048828125
2013-05-22,270.239990234375,267.67999267578125,267.67999267578125
2013-05-23,263.1199951171875,268.32000732421875,268.32000732421875
2013-05-24,265.3599853515625,266.9599914550781,266.9599914550781
2013-05-28,272.0799865722656,270.32000732421875,270.32000732421875
2013-05-29,269.6000061035156,264.79998779296875,264.79998779296875
2013-05-30,262.0,266.0,266.0
2013-05-31,263.2799987792969,260.8800048828125,260.8800048828125
2013-06-03,263.44000244140625,265.2799987792969,265.2799987792969
2013-06-04,264.0,265.6000061035156,265.6000061035156
2013-06-05,267.20001220703125,266.0799865722656,266.0799865722656
2013-06-06,268.3999938964844,268.9599914550781,268.9599914550781
2013-06-07,267.20001220703125,273.2799987792969,273.2799987792969
2013-06-10,271.2799987792969,272.0,272.0
2013-06-11,268.32000732421875,270.32000732421875,270.32000732421875
2013-06-12,272.79998779296875,272.239990234375,272.239990234375
2013-06-13,271.2799987792969,274.6400146484375,274.6400146484375
2013-06-14,278.0799865722656,277.9200134277344,277.9200134277344
2013-06-17,278.8800048828125,278.0799865722656,278.0799865722656
2013-06-18,278.79998779296875,279.67999267578125,279.67999267578125
2013-06-19,279.67999267578125,278.239990234375,278.239990234375
2013-06-20,271.8399963378906,269.0400085449219,269.0400085449219
2013-06-21,269.0400085449219,265.8399963378906,265.8399963378906
2013-06-24,264.3999938964844,269.1199951171875,269.1199951171875
2013-06-25,271.3599853515625,269.9200134277344,269.9200134277344
2013-06-26,270.55999755859375,270.3999938964844,270.3999938964844
2013-06-27,272.0,274.6400146484375,274.6400146484375
2013-06-28,275.44000244140625,273.44000244140625,273.44000244140625
2013-07-01,276.8800048828125,277.3599853515625,277.3599853515625
2013-07-02,279.20001220703125,281.67999267578125,281.67999267578125
2013-07-03,287.44000244140625,286.7200012207031,286.7200012207031
2013-07-05,288.3999938964844,292.4800109863281,292.4800109863281
2013-07-08,290.32000732421875,291.2799987792969,291.2799987792969
2013-07-09,290.9599914550781,294.1600036621094,294.1600036621094
2013-07-10,298.0,299.44000244140625,299.44000244140625
2013-07-11,298.7200012207031,296.0799865722656,296.0799865722656
2013-07-12,298.3999938964844,300.4800109863281,300.4800109863281
2013-07-15,298.9599914550781,301.3599853515625,301.3599853515625
2013-07-16,302.1600036621094,299.8399963378906,299.8399963378906
2013-07-17,300.6400146484375,302.3999938964844,302.3999938964844
2013-07-18,303.44000244140625,306.7200012207031,306.7200012207031
2013-07-19,308.8800048828125,307.6000061035156,307.6000061035156
2013-07-22,306.55999755859375,303.3599853515625,303.3599853515625
2013-07-23,301.9200134277344,304.7200012207031,304.7200012207031
2013-07-24,302.8800048828125,299.20001220703125,299.20001220703125
2013-07-25,299.3599853515625,300.6400146484375,300.6400146484375
2013-07-26,299.0400085449219,297.67999267578125,297.67999267578125
2013-07-29,298.3999938964844,297.0400085449219,297.0400085449219
2013-07-30,295.20001220703125,293.3599853515625,293.3599853515625
2013-07-31,293.67999267578125,298.8800048828125,298.8800048828125
2013-08-01,304.79998779296875,306.1600036621094,306.1600036621094
2013-08-02,304.55999755859375,303.5199890136719,303.5199890136719
2013-08-05,301.2799987792969,302.6400146484375,302.6400146484375
2013-08-06,302.32000732421875,299.67999267578125,299.67999267578125
2013-08-07,298.1600036621094,296.0799865722656,296.0799865722656
2013-08-08,294.1600036621094,294.7200012207031,294.7200012207031
2013-08-09,296.4800109863281,300.7200012207031,300.7200012207031
2013-08-12,299.20001220703125,302.0799865722656,302.0799865722656
2013-08-13,301.8399963378906,303.20001220703125,303.20001220703125
2013-08-14,302.79998779296875,304.7200012207031,304.7200012207031
2013-08-15,306.4800109863281,305.9200134277344,305.9200134277344
2013-08-16,306.4800109863281,307.20001220703125,307.20001220703125
2013-08-19,305.6000061035156,305.3599853515625,305.3599853515625
2013-08-20,301.5199890136719,300.1600036621094,300.1600036621094
2013-08-21,299.9200134277344,297.3599853515625,297.3599853515625
2013-08-22,297.20001220703125,300.32000732421875,300.32000732421875
2013-08-23,299.2799987792969,303.6000061035156,303.6000061035156
2013-08-26,303.6000061035156,303.67999267578125,303.67999267578125
2013-08-27,311.20001220703125,310.9599914550781,310.9599914550781
2013-08-28,313.760009765625,312.6400146484375,312.6400146484375
2013-08-29,312.6400146484375,308.6400146484375,308.6400146484375
2013-08-30,308.32000732421875,307.8399963378906,307.8399963378906
2013-09-03,306.0,310.0799865722656,310.0799865722656
2013-09-04,306.79998779296875,306.7200012207031,306.7200012207031
2013-09-05,308.239990234375,309.5199890136719,309.5199890136719
2013-09-06,312.6400146484375,314.8800048828125,314.8800048828125
2013-09-09,313.9200134277344,311.5199890136719,311.5199890136719
2013-09-10,305.760009765625,306.7200012207031,306.7200012207031
2013-09-11,307.9200134277344,307.8399963378906,307.8399963378906
2013-09-12,308.79998779296875,310.9599914550781,310.9599914550781
2013-09-13,307.760009765625,310.79998779296875,310.79998779296875
2013-09-16,306.0,304.8800048828125,304.8800048828125
2013-09-17,303.760009765625,301.9200134277344,301.9200134277344
2013-09-18,303.1199951171875,309.44000244140625,309.44000244140625
2013-09-19,308.4800109863281,304.6400146484375,304.6400146484375
2013-09-20,303.760009765625,302.1600036621094,302.1600036621094
2013-09-23,298.6400146484375,298.1600036621094,298.1600036621094
2013-09-24,296.3999938964844,297.760009765625,297.760009765625
2013-09-25,298.32000732421875,295.0400085449219,295.0400085449219
2013-09-26,296.32000732421875,296.6400146484375,296.6400146484375
2013-09-27,296.3999938964844,295.67999267578125,295.67999267578125
2013-09-30,291.8399963378906,294.79998779296875,294.79998779296875
2013-10-01,292.8800048828125,293.44000244140625,293.44000244140625
2013-10-02,293.44000244140625,299.3599853515625,299.3599853515625
2013-10-03,300.6400146484375,297.1199951171875,297.1199951171875
2013-10-04,299.5199890136719,298.4800109863281,298.4800109863281
2013-10-07,294.32000732421875,297.1199951171875,297.1199951171875
2013-10-08,299.0400085449219,298.4800109863281,298.4800109863281
2013-10-09,295.0400085449219,292.3999938964844,292.3999938964844
2013-10-10,292.6400146484375,296.79998779296875,296.79998779296875
2013-10-11,291.67999267578125,294.0,294.0
2013-10-14,293.2799987792969,294.9599914550781,294.9599914550781
2013-10-15,293.20001220703125,291.760009765625,291.760009765625
2013-10-16,292.9599914550781,295.3599853515625,295.3599853515625
2013-10-17,292.0,291.0400085449219,291.0400085449219
2013-10-18,292.4800109863281,291.6000061035156,291.6000061035156
2013-10-21,289.8399963378906,287.5199890136719,287.5199890136719
2013-10-22,287.8399963378906,283.2799987792969,283.2799987792969
2013-10-23,278.239990234375,279.6000061035156,279.6000061035156
2013-10-24,277.44000244140625,279.9200134277344,279.9200134277344
2013-10-25,280.4800109863281,282.55999755859375,282.55999755859375
2013-10-28,282.239990234375,284.3999938964844,284.3999938964844
2013-10-29,283.1199951171875,283.2799987792969,283.2799987792969
2013-10-30,280.55999755859375,278.79998779296875,278.79998779296875
2013-10-31,278.239990234375,277.5199890136719,277.5199890136719
2013-11-01,275.6000061035156,273.0400085449219,273.0400085449219
2013-11-04,272.4800109863281,272.32000732421875,272.32000732421875
2013-11-05,271.44000244140625,269.3599853515625,269.3599853515625
2013-11-06,270.8800048828125,273.5199890136719,273.5199890136719
2013-11-07,272.32000732421875,271.760009765625,271.760009765625
2013-11-08,272.6400146484375,272.0799865722656,272.0799865722656
2013-11-11,272.239990234375,274.0799865722656,274.0799865722656
2013-11-12,272.8800048828125,269.1199951171875,269.1199951171875
2013-11-13,270.79998779296875,271.20001220703125,271.20001220703125
2013-11-14,269.44000244140625,271.44000244140625,271.44000244140625
2013-11-15,272.3999938964844,271.0400085449219,271.0400085449219
2013-11-18,271.20001220703125,268.9599914550781,268.9599914550781
2013-11-19,269.44000244140625,269.760009765625,269.760009765625
2013-11-20,270.239990234375,269.0400085449219,269.0400085449219
2013-11-21,271.67999267578125,273.3599853515625,273.3599853515625
2013-11-22,272.79998779296875,272.32000732421875,272.32000732421875
2013-11-25,269.1199951171875,270.55999755859375,270.55999755859375
2013-11-26,270.239990234375,269.5199890136719,269.5199890136719
2013-11-27,265.44000244140625,265.5199890136719,265.5199890136719
2013-11-29,266.55999755859375,267.67999267578125,267.67999267578125
2013-12-02,267.760009765625,269.44000244140625,269.44000244140625
2013-12-03,270.3999938964844,276.0799865722656,276.0799865722656
2013-12-04,278.0799865722656,279.0400085449219,279.0400085449219
2013-12-05,279.5199890136719,279.44000244140625,279.44000244140625
2013-12-06,279.3599853515625,280.3999938964844,280.3999938964844
2013-12-09,280.79998779296875,279.2799987792969,279.2799987792969
2013-12-10,282.3999938964844,282.4800109863281,282.4800109863281
2013-12-11,281.20001220703125,279.8399963378906,279.8399963378906
2013-12-12,281.1199951171875,279.760009765625,279.760009765625
2013-12-13,277.67999267578125,277.1199951171875,277.1199951171875
2013-12-16,279.20001220703125,279.5199890136719,279.5199890136719
2013-12-17,280.3999938964844,278.9599914550781,278.9599914550781
2013-12-18,280.3999938964844,280.239990234375,280.239990234375
2013-12-19,282.32000732421875,282.55999755859375,282.55999755859375
2013-12-20,283.44000244140625,283.8399963378906,283.8399963378906
2013-12-23,283.44000244140625,282.8800048828125,282.8800048828125
2013-12-24,283.67999267578125,283.9200134277344,283.9200134277344
2013-12-26,282.0,285.20001220703125,285.20001220703125
2013-12-27,286.8800048828125,286.7200012207031,286.7200012207031
2013-12-30,286.0799865722656,284.239990234375,284.239990234375
2013-12-31,282.239990234375,282.55999755859375,282.55999755859375
2014-01-02,277.5199890136719,273.8399963378906,273.8399963378906
2014-01-03,273.0400085449219,270.0,270.0
2014-01-06,268.9599914550781,268.55999755859375,268.55999755859375
2014-01-07,267.760009765625,268.6400146484375,268.6400146484375
2014-01-08,268.239990234375,265.2799987792969,265.2799987792969
2014-01-09,265.5199890136719,264.6400146484375,264.6400146484375
2014-01-10,265.0400085449219,265.5199890136719,265.5199890136719
2014-01-13,264.0,262.4800109863281,262.4800109863281
2014-01-14,264.1600036621094,264.32000732421875,264.32000732421875
2014-01-15,266.0799865722656,270.1600036621094,270.1600036621094
2014-01-16,269.2799987792969,269.20001220703125,269.20001220703125
2014-01-17,270.8800048828125,269.5199890136719,269.5199890136719
2014-01-21,272.0,271.9200134277344,271.9200134277344
2014-01-22,273.6000061035156,276.4800109863281,276.4800109863281
2014-01-23,277.3599853515625,277.760009765625,277.760009765625
2014-01-24,278.239990234375,276.6400146484375,276.6400146484375
2014-01-27,276.32000732421875,273.8399963378906,273.8399963378906
2014-01-28,276.7200012207031,277.5199890136719,277.5199890136719
2014-01-29,275.6000061035156,277.8399963378906,277.8399963378906
2014-01-30,280.8800048828125,279.6000061035156,279.6000061035156
2014-01-31,278.3999938964844,278.3999938964844,278.3999938964844
2014-02-03,278.3999938964844,276.1600036621094,276.1600036621094
2014-02-04,277.760009765625,277.9200134277344,277.9200134277344
2014-02-05,278.6400146484375,277.67999267578125,277.67999267578125
2014-02-06,281.2799987792969,279.20001220703125,279.20001220703125
2014-02-07,280.4800109863281,285.1199951171875,285.1199951171875
2014-02-10,285.5199890136719,285.0400085449219,285.0400085449219
2014-02-11,284.8800048828125,285.1199951171875,285.1199951171875
2014-02-12,288.55999755859375,286.3999938964844,286.3999938964844
2014-02-13,285.9200134277344,286.9599914550781,286.9599914550781
2014-02-14,285.67999267578125,287.2799987792969,287.2799987792969
2014-02-18,290.3999938964844,293.2799987792969,293.2799987792969
2014-02-19,293.6000061035156,295.20001220703125,295.20001220703125
2014-02-20,295.20001220703125,295.0400085449219,295.0400085449219
2014-02-21,294.0,293.5199890136719,293.5199890136719
2014-02-24,293.5199890136719,294.32000732421875,294.32000732421875
2014-02-25,291.760009765625,292.7200012207031,292.7200012207031
2014-02-26,293.9200134277344,294.0,294.0
2014-02-27,293.1199951171875,293.5199890136719,293.5199890136719
2014-02-28,292.8800048828125,293.9200134277344,293.9200134277344
2014-03-03,299.1199951171875,300.1600036621094,300.1600036621094
2014-03-04,297.44000244140625,296.4800109863281,296.4800109863281
2014-03-05,295.6000061035156,289.9200134277344,289.9200134277344
2014-03-06,289.0400085449219,292.55999755859375,292.55999755859375
2014-03-07,293.2799987792969,294.239990234375,294.239990234375
2014-03-10,290.239990234375,290.3999938964844,290.3999938964844
2014-03-11,289.44000244140625,286.4800109863281,286.4800109863281
2014-03-12,282.1600036621094,282.79998779296875,282.79998779296875
2014-03-13,281.9200134277344,282.7200012207031,282.7200012207031
2014-03-14,283.760009765625,284.239990234375,284.239990234375
2014-03-17,282.8800048828125,281.20001220703125,281.20001220703125
2014-03-18,281.760009765625,284.6400146484375,284.6400146484375
2014-03-19,284.8800048828125,285.67999267578125,285.67999267578125
2014-03-20,284.6400146484375,284.6400146484375,284.6400146484375
2014-03-21,286.0799865722656,286.7200012207031,286.7200012207031
2014-03-24,289.1199951171875,286.55999755859375,286.55999755859375
2014-03-25,287.760009765625,286.1600036621094,286.1600036621094
2014-03-26,288.0,288.7200012207031,288.7200012207031
2014-03-27,292.0,292.0,292.0
2014-03-28,294.32000732421875,292.9599914550781,292.9599914550781
2014-03-31,292.7200012207031,292.7200012207031,292.7200012207031
2014-04-01,291.6000061035156,286.6400146484375,286.6400146484375
2014-04-02,286.4800109863281,286.3999938964844,286.3999938964844
2014-04-03,286.7200012207031,289.1199951171875,289.1199951171875
2014-04-04,291.8399963378906,291.44000244140625,291.44000244140625
2014-04-07,289.6000061035156,290.239990234375,290.239990234375
2014-04-08,291.67999267578125,295.20001220703125,295.20001220703125
2014-04-09,295.8399963378906,297.760009765625,297.760009765625
2014-04-10,297.8399963378906,297.6000061035156,297.6000061035156
2014-04-11,297.6000061035156,297.44000244140625,297.44000244140625
2014-04-14,298.7200012207031,299.0400085449219,299.0400085449219
2014-04-15,299.0400085449219,299.1199951171875,299.1199951171875
2014-04-16,302.239990234375,299.8399963378906,299.8399963378906
2014-04-17,300.0799865722656,301.2799987792969,301.2799987792969
2014-04-21,300.7200012207031,301.1199951171875,301.1199951171875
2014-04-22,297.67999267578125,296.0,296.0
2014-04-23,296.32000732421875,295.2799987792969,295.2799987792969
2014-04-24,297.0400085449219,296.3999938964844,296.3999938964844
2014-04-25,292.6400146484375,292.79998779296875,292.79998779296875
2014-04-28,293.9200134277344,293.67999267578125,293.67999267578125
2014-04-29,296.55999755859375,293.760009765625,293.760009765625
2014-04-30,289.760009765625,290.55999755859375,290.55999755859375
2014-05-01,288.239990234375,289.2799987792969,289.2799987792969
2014-05-02,289.3599853515625,290.32000732421875,290.32000732421875
2014-05-05,290.0799865722656,289.1199951171875,289.1199951171875
2014-05-06,290.4800109863281,289.5199890136719,289.5199890136719
2014-05-07,292.0799865722656,292.79998779296875,292.79998779296875
2014-05-08,291.3599853515625,291.9200134277344,291.9200134277344
2014-05-09,293.3599853515625,291.20001220703125,291.20001220703125
2014-05-12,293.1199951171875,292.7200012207031,292.7200012207031
2014-05-13,294.6400146484375,296.32000732421875,296.32000732421875
2014-05-14,297.760009765625,297.44000244140625,297.44000244140625
2014-05-15,296.9599914550781,296.32000732421875,296.32000732421875
2014-05-16,296.8800048828125,297.8399963378906,297.8399963378906
2014-05-19,299.3599853515625,299.0400085449219,299.0400085449219
2014-05-20,298.6400146484375,300.1600036621094,300.1600036621094
2014-05-21,302.1600036621094,303.8399963378906,303.8399963378906
2014-05-22,304.8800048828125,304.0799865722656,304.0799865722656
2014-05-23,304.79998779296875,305.44000244140625,305.44000244140625
2014-05-27,304.0,305.1199951171875,305.1199951171875
2014-05-28,303.9200134277344,301.44000244140625,301.44000244140625
2014-05-29,301.760009765625,303.2799987792969,303.2799987792969
2014-05-30,301.20001220703125,301.44000244140625,301.44000244140625
2014-06-02,300.1600036621094,300.239990234375,300.239990234375
2014-06-03,299.9200134277344,301.1199951171875,301.1199951171875
2014-06-04,302.79998779296875,300.0799865722656,300.0799865722656
2014-06-05,298.1600036621094,300.3999938964844,300.3999938964844
2014-06-06,301.2799987792969,300.8800048828125,300.8800048828125
2014-06-09,303.760009765625,305.44000244140625,305.44000244140625
2014-06-10,306.6400146484375,306.239990234375,306.239990234375
2014-06-11,305.760009765625,306.0,306.0
2014-06-12,310.3999938964844,312.6400146484375,312.6400146484375
2014-06-13,312.6400146484375,312.9599914550781,312.9599914550781
2014-06-16,313.5199890136719,313.3599853515625,313.3599853515625
2014-06-17,313.0400085449219,311.9200134277344,311.9200134277344
2014-06-18,313.2799987792969,312.0799865722656,312.0799865722656
2014-06-19,311.20001220703125,313.0400085449219,313.0400085449219
2014-06-20,314.1600036621094,314.55999755859375,314.55999755859375
2014-06-23,314.32000732421875,313.2799987792969,313.2799987792969
2014-06-24,312.7200012207031,312.7200012207031,312.7200012207031
2014-06-25,312.9599914550781,314.32000732421875,314.32000732421875
2014-06-26,313.1199951171875,311.760009765625,311.760009765625
2014-06-27,312.79998779296875,311.8399963378906,311.8399963378906
2014-06-30,311.5199890136719,311.0400085449219,311.0400085449219
2014-07-01,312.1600036621094,310.8800048828125,310.8800048828125
2014-07-02,309.1199951171875,307.20001220703125,307.20001220703125
2014-07-03,307.1199951171875,306.0,306.0
2014-07-07,306.1600036621094,305.3599853515625,305.3599853515625
2014-07-08,306.0799865722656,305.44000244140625,305.44000244140625
2014-07-09,303.1199951171875,301.5199890136719,301.5199890136719
2014-07-10,301.0400085449219,303.20001220703125,303.20001220703125
2014-07-11,300.55999755859375,297.2799987792969,297.2799987792969
2014-07-14,296.4800109863281,298.55999755859375,298.55999755859375
2014-07-15,294.7200012207031,295.0400085449219,295.0400085449219
2014-07-16,296.6400146484375,298.4800109863281,298.4800109863281
2014-07-17,302.7200012207031,302.6400146484375,302.6400146484375
2014-07-18,302.32000732421875,301.760009765625,301.760009765625
2014-07-21,302.7200012207031,304.79998779296875,304.79998779296875
2014-07-22,304.55999755859375,303.6000061035156,303.6000061035156
2014-07-23,304.3999938964844,305.2799987792969,305.2799987792969
2014-07-24,305.44000244140625,302.55999755859375,302.55999755859375
2014-07-25,300.0799865722656,302.1600036621094,302.1600036621094
2014-07-28,300.1600036621094,301.1199951171875,301.1199951171875
2014-07-29,298.239990234375,299.1199951171875,299.1199951171875
2014-07-30,300.7200012207031,295.3599853515625,295.3599853515625
2014-07-31,295.1199951171875,290.55999755859375,290.55999755859375
2014-08-01,288.9599914550781,289.5199890136719,289.5199890136719
2014-08-04,289.6000061035156,291.8399963378906,291.8399963378906
2014-08-05,290.6400146484375,289.2799987792969,289.2799987792969
2014-08-06,289.9200134277344,287.6000061035156,287.6000061035156
2014-08-07,287.760009765625,289.2799987792969,289.2799987792969
2014-08-08,289.760009765625,288.9599914550781,288.9599914550781
2014-08-11,289.8399963378906,289.760009765625,289.760009765625
2014-08-12,287.67999267578125,287.9200134277344,287.9200134277344
2014-08-13,288.32000732421875,288.1600036621094,288.1600036621094
2014-08-14,286.7200012207031,280.8800048828125,280.8800048828125
2014-08-15,281.3599853515625,283.5199890136719,283.5199890136719
2014-08-18,280.8800048828125,280.4800109863281,280.4800109863281
2014-08-19,280.1600036621094,277.67999267578125,277.67999267578125
2014-08-20,279.0400085449219,278.8800048828125,278.8800048828125
2014-08-21,279.20001220703125,280.7200012207031,280.7200012207031
2014-08-22,278.6400146484375,279.67999267578125,279.67999267578125
2014-08-25,278.3999938964844,278.9599914550781,278.9599914550781
2014-08-26,280.79998779296875,280.32000732421875,280.32000732421875
2014-08-27,280.239990234375,280.239990234375,280.239990234375
2014-08-28,282.0799865722656,282.55999755859375,282.55999755859375
2014-08-29,284.6400146484375,286.0799865722656,286.0799865722656
2014-09-02,282.239990234375,278.32000732421875,278.32000732421875
2014-09-03,281.0400085449219,284.3999938964844,284.3999938964844
2014-09-04,283.0400085449219,282.3999938964844,282.3999938964844
2014-09-05,282.1600036621094,279.20001220703125,279.20001220703125
2014-09-08,274.32000732421875,277.6000061035156,277.6000061035156
2014-09-09,278.0799865722656,276.9599914550781,276.9599914550781
2014-09-10,275.3599853515625,274.0799865722656,274.0799865722656
2014-09-11,271.6000061035156,277.5199890136719,277.5199890136719
2014-09-12,276.7200012207031,275.0400085449219,275.0400085449219
2014-09-15,273.760009765625,276.4800109863281,276.4800109863281
2014-09-16,278.4800109863281,282.0,282.0
2014-09-17,281.9200134277344,280.0799865722656,280.0799865722656
2014-09-18,281.44000244140625,276.9599914550781,276.9599914550781
2014-09-19,276.0799865722656,276.55999755859375,276.55999755859375
2014-09-22,275.2799987792969,273.5199890136719,273.5199890136719
2014-09-23,274.239990234375,275.5199890136719,275.5199890136719
2014-09-24,276.239990234375,280.0,280.0
2014-09-25,280.6400146484375,278.6400146484375,278.6400146484375
2014-09-26,279.2799987792969,281.2799987792969,281.2799987792969
2014-09-29,280.0,284.1600036621094,284.1600036621094
2014-09-30,283.44000244140625,275.2799987792969,275.2799987792969
2014-10-01,276.79998779296875,273.20001220703125,273.20001220703125
2014-10-02,270.0799865722656,274.9599914550781,274.9599914550781
2014-10-03,273.3599853515625,270.1600036621094,270.1600036621094
2014-10-06,270.1600036621094,272.32000732421875,272.32000732421875
2014-10-07,270.32000732421875,267.5199890136719,267.5199890136719
2014-10-08,264.55999755859375,264.0,264.0
2014-10-09,261.20001220703125,256.8800048828125,256.8800048828125
2014-10-10,257.0400085449219,257.44000244140625,257.44000244140625
2014-10-13,256.32000732421875,255.9199981689453,255.9199981689453
2014-10-14,255.27999877929688,246.8000030517578,246.8000030517578
2014-10-15,245.52000427246094,245.36000061035156,245.36000061035156
2014-10-16,242.8800048828125,248.8000030517578,248.8000030517578
2014-10-17,250.63999938964844,250.0,250.0
2014-10-20,248.72000122070312,249.1199951171875,249.1199951171875
2014-10-21,251.36000061035156,250.39999389648438,250.39999389648438
2014-10-22,251.75999450683594,244.39999389648438,244.39999389648438
2014-10-23,247.1999969482422,248.47999572753906,248.47999572753906
2014-10-24,246.39999389648438,247.0399932861328,247.0399932861328
2014-10-27,242.32000732421875,245.1199951171875,245.1199951171875
2014-10-28,245.52000427246094,246.55999755859375,246.55999755859375
2014-10-29,249.44000244140625,249.83999633789062,249.83999633789062
2014-10-30,247.1199951171875,246.0800018310547,246.0800018310547
2014-10-31,241.9199981689453,245.0399932861328,245.0399932861328
2014-11-03,244.0800018310547,238.0800018310547,238.0800018310547
2014-11-04,234.47999572753906,234.39999389648438,234.39999389648438
2014-11-05,234.8000030517578,239.60000610351562,239.60000610351562
2014-11-06,235.75999450683594,236.8000030517578,236.8000030517578
2014-11-07,238.0,238.0800018310547,238.0800018310547
2014-11-10,241.36000061035156,234.72000122070312,234.72000122070312
2014-11-11,234.72000122070312,235.36000061035156,235.36000061035156
2014-11-12,233.9199981689453,233.1199951171875,233.1199951171875
2014-11-13,231.44000244140625,226.32000732421875,226.32000732421875
2014-11-14,227.27999877929688,230.63999938964844,230.63999938964844
2014-11-17,227.67999267578125,229.44000244140625,229.44000244140625
2014-11-18,227.83999633789062,225.60000610351562,225.60000610351562
2014-11-19,226.8800048828125,226.0,226.0
2014-11-20,228.0800018310547,229.83999633789062,229.83999633789062
2014-11-21,232.47999572753906,232.8000030517578,232.8000030517578
2014-11-24,231.1999969482422,229.9199981689453,229.9199981689453
2014-11-25,232.32000732421875,224.24000549316406,224.24000549316406
2014-11-26,223.75999450683594,223.1999969482422,223.1999969482422
2014-11-28,210.72000122070312,204.63999938964844,204.63999938964844
2014-12-01,202.47999572753906,210.55999755859375,210.55999755859375
2014-12-02,206.8000030517578,204.63999938964844,204.63999938964844
2014-12-03,205.1199951171875,204.63999938964844,204.63999938964844
2014-12-04,201.9199981689453,202.72000122070312,202.72000122070312
2014-12-05,201.1999969482422,199.67999267578125,199.67999267578125
2014-12-08,195.83999633789062,191.27999877929688,191.27999877929688
2014-12-09,190.9600067138672,193.60000610351562,193.60000610351562
2014-12-10,189.36000061035156,186.24000549316406,186.24000549316406
2014-12-11,183.75999450683594,181.44000244140625,181.44000244140625
2014-12-12,178.63999938964844,175.44000244140625,175.44000244140625
2014-12-15,175.67999267578125,168.47999572753906,168.47999572753906
2014-12-16,165.1999969482422,170.39999389648438,170.39999389648438
2014-12-17,167.67999267578125,170.72000122070312,170.72000122070312
2014-12-18,173.44000244140625,165.9199981689453,165.9199981689453
2014-12-19,169.83999633789062,175.67999267578125,175.67999267578125
2014-12-22,171.1199951171875,167.36000061035156,167.36000061035156
2014-12-23,167.52000427246094,172.47999572753906,172.47999572753906
2014-12-24,169.52000427246094,168.39999389648438,168.39999389648438
2014-12-26,169.75999450683594,166.24000549316406,166.24000549316406
2014-12-29,167.60000610351562,162.39999389648438,162.39999389648438
2014-12-30,162.47999572753906,162.32000732421875,162.32000732421875
2014-12-31,160.0800018310547,162.8800048828125,162.8800048828125
2015-01-02,159.75999450683594,159.1199951171875,159.1199951171875
2015-01-05,154.63999938964844,150.32000732421875,150.32000732421875
2015-01-06,148.47999572753906,144.39999389648438,144.39999389648438
2015-01-07,146.39999389648438,146.9600067138672,146.9600067138672
2015-01-08,146.24000549316406,148.39999389648438,148.39999389648438
2015-01-09,147.1999969482422,146.24000549316406,146.24000549316406
2015-01-12,142.0800018310547,139.27999877929688,139.27999877929688
2015-01-13,138.0,140.9600067138672,140.9600067138672
2015-01-14,139.60000610351562,146.16000366210938,146.16000366210938
2015-01-15,148.32000732421875,139.60000610351562,139.60000610351562
2015-01-16,141.9199981689453,146.63999938964844,146.63999938964844
2015-01-20,141.36000061035156,139.83999633789062,139.83999633789062
2015-01-21,141.75999450683594,142.16000366210938,142.16000366210938
2015-01-22,142.72000122070312,139.27999877929688,139.27999877929688
2015-01-23,137.44000244140625,136.0,136.0
2015-01-26,136.0,134.9600067138672,134.9600067138672
2015-01-27,135.36000061035156,137.67999267578125,137.67999267578125
2015-01-28,135.67999267578125,132.47999572753906,132.47999572753906
2015-01-29,134.39999389648438,133.44000244140625,133.44000244140625
2015-01-30,133.9199981689453,142.55999755859375,142.55999755859375
2015-02-02,147.1999969482422,148.9600067138672,148.9600067138672
2015-02-03,151.60000610351562,156.9600067138672,156.9600067138672
2015-02-04,152.63999938964844,146.24000549316406,146.24000549316406
2015-02-05,147.9199981689453,152.24000549316406,152.24000549316406
2015-02-06,153.44000244140625,155.75999450683594,155.75999450683594
2015-02-09,158.24000549316406,158.16000366210938,158.16000366210938
2015-02-10,156.72000122070312,151.52000427246094,151.52000427246094
2015-02-11,147.9199981689453,148.0800018310547,148.0800018310547
2015-02-12,152.32000732421875,153.44000244140625,153.44000244140625
2015-02-13,157.83999633789062,156.9600067138672,156.9600067138672
2015-02-17,155.0399932861328,158.32000732421875,158.32000732421875
2015-02-18,156.39999389648438,154.0800018310547,154.0800018310547
2015-02-19,147.60000610351562,152.8000030517578,152.8000030517578
2015-02-20,152.55999755859375,149.1999969482422,149.1999969482422
2015-02-23,145.36000061035156,144.8800048828125,144.8800048828125
2015-02-24,147.27999877929688,144.32000732421875,144.32000732421875
2015-02-25,145.1999969482422,149.1999969482422,149.1999969482422
2015-02-26,146.24000549316406,144.24000549316406,144.24000549316406
2015-02-27,144.8800048828125,144.8000030517578,144.8000030517578
2015-03-02,145.0399932861328,146.55999755859375,146.55999755859375
2015-03-03,146.55999755859375,147.9199981689453,147.9199981689453
2015-03-04,149.67999267578125,152.0800018310547,152.0800018310547
2015-03-05,150.72000122070312,149.67999267578125,149.67999267578125
2015-03-06,147.27999877929688,145.9199981689453,145.9199981689453
2015-03-09,145.44000244140625,146.8000030517578,146.8000030517578
2015-03-10,144.72000122070312,143.27999877929688,143.27999877929688
2015-03-11,142.72000122070312,142.16000366210938,142.16000366210938
2015-03-12,142.16000366210938,139.52000427246094,139.52000427246094
2015-03-13,137.1999969482422,134.39999389648438,134.39999389648438
2015-03-16,131.75999450683594,130.8000030517578,130.8000030517578
2015-03-17,128.39999389648438,127.68000030517578,127.68000030517578
2015-03-18,125.44000244140625,134.0800018310547,134.0800018310547
2015-03-19,127.5199966430664,128.63999938964844,128.63999938964844
2015-03-20,132.39999389648438,131.44000244140625,131.44000244140625
2015-03-23,131.67999267578125,134.24000549316406,134.24000549316406
2015-03-24,135.75999450683594,134.32000732421875,134.32000732421875
2015-03-25,136.39999389648438,138.8800048828125,138.8800048828125
2015-03-26,143.44000244140625,145.67999267578125,145.67999267578125
2015-03-27,143.27999877929688,137.1199951171875,137.1199951171875
2015-03-30,138.39999389648438,137.83999633789062,137.83999633789062
2015-03-31,135.9199981689453,134.72000122070312,134.72000122070312
2015-04-01,136.0,140.63999938964844,140.63999938964844
2015-04-02,138.9600067138672,140.47999572753906,140.47999572753906
2015-04-06,142.8000030517578,147.44000244140625,147.44000244140625
2015-04-07,145.83999633789062,152.47999572753906,152.47999572753906
2015-04-08,149.67999267578125,144.55999755859375,144.55999755859375
2015-04-09,145.1199951171875,144.24000549316406,144.24000549316406
2015-04-10,145.27999877929688,147.27999877929688,147.27999877929688
2015-04-13,149.83999633789062,148.0,148.0
2015-04-14,149.83999633789062,150.55999755859375,150.55999755859375
2015-04-15,152.24000549316406,157.67999267578125,157.67999267578125
2015-04-16,157.44000244140625,159.52000427246094,159.52000427246094
2015-04-17,158.32000732421875,158.72000122070312,158.72000122070312
2015-04-20,156.8800048828125,159.1199951171875,159.1199951171875
2015-04-21,158.55999755859375,155.60000610351562,155.60000610351562
2015-04-22,155.67999267578125,154.8800048828125,154.8800048828125
2015-04-23,156.0,158.0800018310547,158.0800018310547
2015-04-24,156.72000122070312,157.36000061035156,157.36000061035156
2015-04-27,158.24000549316406,156.16000366210938,156.16000366210938
2015-04-28,156.9600067138672,156.8000030517578,156.8000030517578
2015-04-29,157.1199951171875,160.9600067138672,160.9600067138672
2015-04-30,161.1999969482422,164.0800018310547,164.0800018310547
2015-05-01,162.39999389648438,163.1999969482422,163.1999969482422
2015-05-04,162.0800018310547,162.24000549316406,162.24000549316406
2015-05-05,166.55999755859375,166.0800018310547,166.0800018310547
2015-05-06,169.9199981689453,166.55999755859375,166.55999755859375
2015-05-07,166.32000732421875,161.60000610351562,161.60000610351562
2015-05-08,162.47999572753906,163.36000061035156,163.36000061035156
2015-05-11,163.83999633789062,163.0399932861328,163.0399932861328
2015-05-12,163.9199981689453,165.9199981689453,165.9199981689453
2015-05-13,168.55999755859375,164.8800048828125,164.8800048828125
2015-05-14,166.39999389648438,164.24000549316406,164.24000549316406
2015-05-15,161.1999969482422,164.16000366210938,164.16000366210938
2015-05-18,163.52000427246094,163.52000427246094,163.52000427246094
2015-05-19,159.67999267578125,157.0399932861328,157.0399932861328
2015-05-20,158.72000122070312,158.72000122070312,158.72000122070312
2015-05-21,162.16000366210938,164.0,164.0
2015-05-22,160.8000030517578,162.0,162.0
2015-05-26,158.47999572753906,157.52000427246094,157.52000427246094
2015-05-27,155.67999267578125,155.83999633789062,155.83999633789062
2015-05-28,153.75999450683594,156.47999572753906,156.47999572753906
2015-05-29,156.8800048828125,162.47999572753906,162.47999572753906
2015-06-01,162.8800048828125,162.8800048828125,162.8800048828125
2015-06-02,164.24000549316406,165.44000244140625,165.44000244140625
2015-06-03,163.9199981689453,161.36000061035156,161.36000061035156
2015-06-04,159.36000061035156,157.27999877929688,157.27999877929688
2015-06-05,154.0,159.1999969482422,159.1999969482422
2015-06-08,158.0,157.67999267578125,157.67999267578125
2015-06-09,161.60000610351562,161.67999267578125,161.67999267578125
2015-06-10,166.32000732421875,165.1199951171875,165.1199951171875
2015-06-11,164.9600067138672,163.9199981689453,163.9199981689453
2015-06-12,162.0800018310547,162.16000366210938,162.16000366210938
2015-06-15,159.60000610351562,161.1999969482422,161.1999969482422
2015-06-16,161.36000061035156,162.0800018310547,162.0800018310547
2015-06-17,164.9600067138672,161.67999267578125,161.67999267578125
2015-06-18,162.72000122070312,162.8800048828125,162.8800048828125
2015-06-19,160.32000732421875,160.16000366210938,160.16000366210938
2015-06-22,159.36000061035156,161.27999877929688,161.27999877929688
2015-06-23,160.16000366210938,163.75999450683594,163.75999450683594
2015-06-24,162.9600067138672,161.67999267578125,161.67999267578125
2015-06-25,160.39999389648438,159.83999633789062,159.83999633789062
2015-06-26,158.32000732421875,159.83999633789062,159.83999633789062
2015-06-29,156.72000122070312,156.0800018310547,156.0800018310547
2015-06-30,157.9199981689453,159.0399932861328,159.0399932861328
2015-07-01,156.32000732421875,152.8000030517578,152.8000030517578
2015-07-02,153.27999877929688,151.44000244140625,151.44000244140625
2015-07-06,146.55999755859375,141.83999633789062,141.83999633789062
2015-07-07,140.72000122070312,142.0800018310547,142.0800018310547
2015-07-08,140.9600067138672,139.0399932861328,139.0399932861328
2015-07-09,142.39999389648438,141.67999267578125,141.67999267578125
2015-07-10,141.1999969482422,141.36000061035156,141.36000061035156
2015-07-13,139.1999969482422,140.0800018310547,140.0800018310547
2015-07-14,138.8000030517578,141.75999450683594,141.75999450683594
2015-07-15,140.0,137.83999633789062,137.83999633789062
2015-07-16,139.1199951171875,136.39999389648438,136.39999389648438
2015-07-17,136.32000732421875,135.9199981689453,135.9199981689453
2015-07-20,135.44000244140625,133.52000427246094,133.52000427246094
2015-07-21,134.72000122070312,135.27999877929688,135.27999877929688
2015-07-22,133.27999877929688,130.72000122070312,130.72000122070312
2015-07-23,131.52000427246094,129.1199951171875,129.1199951171875
2015-07-24,129.44000244140625,128.24000549316406,128.24000549316406
2015-07-27,126.4800033569336,125.19999694824219,125.19999694824219
2015-07-28,126.08000183105469,126.80000305175781,126.80000305175781
2015-07-29,126.55999755859375,129.9199981689453,129.9199981689453
2015-07-30,129.67999267578125,128.8000030517578,128.8000030517578
2015-07-31,128.9600067138672,124.72000122070312,124.72000122070312
2015-08-03,122.31999969482422,120.80000305175781,120.80000305175781
2015-08-04,121.68000030517578,121.76000213623047,121.76000213623047
2015-08-05,122.4800033569336,120.23999786376953,120.23999786376953
2015-08-06,118.80000305175781,118.95999908447266,118.95999908447266
2015-08-07,117.76000213623047,116.4800033569336,116.4800033569336
2015-08-10,116.16000366210938,119.12000274658203,119.12000274658203
2015-08-11,115.83999633789062,115.91999816894531,115.91999816894531
2015-08-12,116.16000366210938,115.5199966430664,115.5199966430664
2015-08-13,114.23999786376953,112.72000122070312,112.72000122070312
2015-08-14,113.36000061035156,111.91999816894531,111.91999816894531
2015-08-17,112.4000015258789,111.12000274658203,111.12000274658203
2015-08-18,111.44000244140625,112.4000015258789,112.4000015258789
2015-08-19,111.83999633789062,107.44000244140625,107.44000244140625
2015-08-20,108.4000015258789,106.95999908447266,106.95999908447266
2015-08-21,107.68000030517578,105.83999633789062,105.83999633789062
2015-08-24,100.95999908447266,99.91999816894531,99.91999816894531
2015-08-25,104.16000366210938,101.83999633789062,101.83999633789062
2015-08-26,102.80000305175781,102.16000366210938,102.16000366210938
2015-08-27,104.4000015258789,111.5999984741211,111.5999984741211
2015-08-28,110.63999938964844,119.04000091552734,119.04000091552734
2015-08-31,117.36000061035156,127.12000274658203,127.12000274658203
2015-09-01,123.83999633789062,118.4800033569336,118.4800033569336
2015-09-02,120.87999725341797,120.72000122070312,120.72000122070312
2015-09-03,121.83999633789062,122.72000122070312,122.72000122070312
2015-09-04,121.68000030517578,120.63999938964844,120.63999938964844
2015-09-08,119.27999877929688,120.16000366210938,120.16000366210938
2015-09-09,119.91999816894531,116.08000183105469,116.08000183105469
2015-09-10,116.87999725341797,119.44000244140625,119.44000244140625
2015-09-11,116.95999908447266,117.19999694824219,117.19999694824219
2015-09-14,115.36000061035156,115.12000274658203,115.12000274658203
2015-09-15,115.83999633789062,116.55999755859375,116.55999755859375
2015-09-16,119.27999877929688,122.87999725341797,122.87999725341797
2015-09-17,123.04000091552734,121.83999633789062,121.83999633789062
2015-09-18,118.95999908447266,116.95999908447266,116.95999908447266
2015-09-21,119.36000061035156,120.4000015258789,120.4000015258789
2015-09-22,118.16000366210938,119.36000061035156,119.36000061035156
2015-09-23,120.63999938964844,115.5199966430664,115.5199966430664
2015-09-24,114.31999969482422,116.72000122070312,116.72000122070312
2015-09-25,118.4800033569336,117.76000213623047,117.76000213623047
2015-09-28,115.5999984741211,115.04000091552734,115.04000091552734
2015-09-29,116.08000183105469,116.87999725341797,116.87999725341797
2015-09-30,116.4000015258789,117.44000244140625,117.44000244140625
2015-10-01,121.19999694824219,116.63999938964844,116.63999938964844
2015-10-02,114.31999969482422,118.16000366210938,118.16000366210938
2015-10-05,120.23999786376953,120.0,120.0
2015-10-06,120.87999725341797,125.91999816894531,125.91999816894531
2015-10-07,127.44000244140625,124.55999755859375,124.55999755859375
2015-10-08,125.27999877929688,128.32000732421875,128.32000732421875
2015-10-09,128.32000732421875,127.91999816894531,127.91999816894531
2015-10-12,127.91999816894531,122.4800033569336,122.4800033569336
2015-10-13,121.44000244140625,120.4800033569336,120.4800033569336
2015-10-14,119.83999633789062,120.4000015258789,120.4000015258789
2015-10-15,118.4800033569336,121.04000091552734,121.04000091552734
2015-10-16,122.23999786376953,121.76000213623047,121.76000213623047
2015-10-19,119.27999877929688,118.63999938964844,118.63999938964844
2015-10-20,118.4000015258789,117.83999633789062,117.83999633789062
2015-10-21,116.0,115.44000244140625,115.44000244140625
2015-10-22,116.95999908447266,116.08000183105469,116.08000183105469
2015-10-23,113.83999633789062,114.16000366210938,114.16000366210938
2015-10-26,113.44000244140625,112.08000183105469,112.08000183105469
2015-10-27,109.68000030517578,110.55999755859375,110.55999755859375
2015-10-28,111.76000213623047,117.5199966430664,117.5199966430664
2015-10-29,117.68000030517578,117.04000091552734,117.04000091552734
2015-10-30,117.27999877929688,118.4800033569336,118.4800033569336
2015-11-02,117.5199966430664,118.0,118.0
2015-11-03,120.31999969482422,122.23999786376953,122.23999786376953
2015-11-04,121.5999984741211,118.80000305175781,118.80000305175781
2015-11-05,117.36000061035156,115.83999633789062,115.83999633789062
2015-11-06,114.31999969482422,113.83999633789062,113.83999633789062
2015-11-09,112.80000305175781,112.63999938964844,112.63999938964844
2015-11-10,112.0,112.72000122070312,112.72000122070312
2015-11-11,112.4800033569336,110.08000183105469,110.08000183105469
2015-11-12,107.5999984741211,106.80000305175781,106.80000305175781
2015-11-13,105.5999984741211,104.4800033569336,104.4800033569336
2015-11-16,104.0,107.12000274658203,107.12000274658203
2015-11-17,105.36000061035156,104.08000183105469,104.08000183105469
2015-11-18,105.12000274658203,104.4000015258789,104.4000015258789
2015-11-19,103.36000061035156,103.68000030517578,103.68000030517578
2015-11-20,103.5199966430664,103.44000244140625,103.44000244140625
2015-11-23,102.72000122070312,104.16000366210938,104.16000366210938
2015-11-24,106.80000305175781,106.55999755859375,106.55999755859375
2015-11-25,104.87999725341797,107.12000274658203,107.12000274658203
2015-11-27,104.72000122070312,104.23999786376953,104.23999786376953
2015-11-30,105.44000244140625,103.44000244140625,103.44000244140625
2015-12-01,103.36000061035156,103.5999984741211,103.5999984741211
2015-12-02,102.16000366210938,99.83999633789062,99.83999633789062
2015-12-03,100.72000122070312,102.16000366210938,102.16000366210938
2015-12-04,99.5999984741211,99.68000030517578,99.68000030517578
2015-12-07,96.16000366210938,93.76000213623047,93.76000213623047
2015-12-08,92.16000366210938,93.44000244140625,93.44000244140625
2015-12-09,94.16000366210938,92.4800033569336,92.4800033569336
2015-12-10,91.5199966430664,90.95999908447266,90.95999908447266
2015-12-11,90.4000015258789,88.55999755859375,88.55999755859375
2015-12-14,87.76000213623047,89.27999877929688,89.27999877929688
2015-12-15,90.63999938964844,91.19999694824219,91.19999694824219
2015-12-16,89.83999633789062,87.91999816894531,87.91999816894531
2015-12-17,87.5999984741211,85.91999816894531,85.91999816894531
2015-12-18,86.4800033569336,85.27999877929688,85.27999877929688
2015-12-21,84.80000305175781,85.27999877929688,85.27999877929688
2015-12-22,85.44000244140625,86.16000366210938,86.16000366210938
2015-12-23,88.4800033569336,90.08000183105469,90.08000183105469
2015-12-24,90.72000122070312,90.4000015258789,90.4000015258789
2015-12-28,88.4800033569336,87.44000244140625,87.44000244140625
2015-12-29,89.27999877929688,90.08000183105469,90.08000183105469
2015-12-30,87.68000030517578,87.44000244140625,87.44000244140625
2015-12-31,86.72000122070312,88.0,88.0
2016-01-04,90.08000183105469,87.83999633789062,87.83999633789062
2016-01-05,86.4000015258789,85.27999877929688,85.27999877929688
2016-01-06,82.4000015258789,80.87999725341797,80.87999725341797
2016-01-07,79.12000274658203,79.19999694824219,79.19999694824219
2016-01-08,79.5999984741211,78.4000015258789,78.4000015258789
2016-01-11,77.76000213623047,74.0,74.0
2016-01-12,75.44000244140625,73.36000061035156,73.36000061035156
2016-01-13,74.4000015258789,72.72000122070312,72.72000122070312
2016-01-14,73.12000274658203,73.83999633789062,73.83999633789062
2016-01-15,70.31999969482422,70.31999969482422,70.31999969482422
2016-01-19,70.0,67.91999816894531,67.91999816894531
2016-01-20,66.72000122070312,65.91999816894531,65.91999816894531
2016-01-21,64.80000305175781,68.4800033569336,68.4800033569336
2016-01-22,72.72000122070312,74.16000366210938,74.16000366210938
2016-01-25,71.5199966430664,68.31999969482422,68.31999969482422
2016-01-26,70.4800033569336,71.76000213623047,71.76000213623047
2016-01-27,71.36000061035156,73.44000244140625,73.44000244140625
2016-01-28,78.4000015258789,77.5999984741211,77.5999984741211
2016-01-29,78.16000366210938,77.19999694824219,77.19999694824219
2016-02-01,74.80000305175781,72.16000366210938,72.16000366210938
2016-02-02,69.76000213623047,68.55999755859375,68.55999755859375
2016-02-03,70.72000122070312,74.72000122070312,74.72000122070312
2016-02-04,76.4000015258789,72.95999908447266,72.95999908447266
2016-02-05,72.31999969482422,71.27999877929688,71.27999877929688
2016-02-08,70.16000366210938,69.12000274658203,69.12000274658203
2016-02-09,68.08000183105469,65.44000244140625,65.44000244140625
2016-02-10,63.7599983215332,63.68000030517578,63.68000030517578
2016-02-11,62.560001373291016,63.91999816894531,63.91999816894531
2016-02-12,65.27999877929688,66.63999938964844,66.63999938964844
2016-02-16,67.91999816894531,66.4800033569336,66.4800033569336
2016-02-17,67.44000244140625,70.23999786376953,70.23999786376953
2016-02-18,72.23999786376953,69.27999877929688,69.27999877929688
2016-02-19,68.4000015258789,68.4000015258789,68.4000015258789
2016-02-22,71.19999694824219,71.27999877929688,71.27999877929688
2016-02-23,70.08000183105469,67.83999633789062,67.83999633789062
2016-02-24,65.5199966430664,68.72000122070312,68.72000122070312
2016-02-25,67.83999633789062,70.4000015258789,70.4000015258789
2016-02-26,73.12000274658203,70.23999786376953,70.23999786376953
2016-02-29,70.87999725341797,72.0,72.0
2016-03-01,71.83999633789062,73.19999694824219,73.19999694824219
2016-03-02,72.08000183105469,74.4000015258789,74.4000015258789
2016-03-03,73.04000091552734,74.0,74.0
2016-03-04,74.31999969482422,77.19999694824219,77.19999694824219
2016-03-07,77.44000244140625,80.87999725341797,80.87999725341797
2016-03-08,80.31999969482422,77.19999694824219,77.19999694824219
2016-03-09,78.95999908447266,81.19999694824219,81.19999694824219
2016-03-10,79.68000030517578,80.31999969482422,80.31999969482422
2016-03-11,81.68000030517578,81.5199966430664,81.5199966430664
2016-03-14,79.36000061035156,79.04000091552734,79.04000091552734
2016-03-15,77.83999633789062,77.5999984741211,77.5999984741211
2016-03-16,79.27999877929688,81.44000244140625,81.44000244140625
2016-03-17,82.95999908447266,84.4000015258789,84.4000015258789
2016-03-18,85.68000030517578,83.83999633789062,83.83999633789062
2016-03-21,84.0,84.72000122070312,84.72000122070312
2016-03-22,83.27999877929688,84.31999969482422,84.31999969482422
2016-03-23,82.63999938964844,80.87999725341797,80.87999725341797
2016-03-24,78.23999786376953,80.4800033569336,80.4800033569336
2016-03-28,80.08000183105469,80.08000183105469,80.08000183105469
2016-03-29,77.68000030517578,78.4000015258789,78.4000015258789
2016-03-30,79.91999816894531,77.83999633789062,77.83999633789062
2016-03-31,77.44000244140625,77.5999984741211,77.5999984741211
2016-04-01,75.27999877929688,74.63999938964844,74.63999938964844
2016-04-04,74.55999755859375,72.63999938964844,72.63999938964844
2016-04-05,72.55999755859375,73.04000091552734,73.04000091552734
2016-04-06,75.04000091552734,76.80000305175781,76.80000305175781
2016-04-07,75.91999816894531,76.08000183105469,76.08000183105469
2016-04-08,79.83999633789062,80.23999786376953,80.23999786376953
2016-04-11,81.5199966430664,82.23999786376953,82.23999786376953
2016-04-12,82.95999908447266,85.12000274658203,85.12000274658203
2016-04-13,84.72000122070312,84.08000183105469,84.08000183105469
2016-04-14,84.63999938964844,83.83999633789062,83.83999633789062
2016-04-15,82.23999786376953,82.0,82.0
2016-04-18,78.72000122070312,81.36000061035156,81.36000061035156
2016-04-19,82.0,83.5199966430664,83.5199966430664
2016-04-20,81.91999816894531,86.08000183105469,86.08000183105469
2016-04-21,85.68000030517578,85.76000213623047,85.76000213623047
2016-04-22,86.0,86.08000183105469,86.08000183105469
2016-04-25,86.23999786376953,84.4000015258789,84.4000015258789
2016-04-26,85.27999877929688,86.4800033569336,86.4800033569336
2016-04-27,88.23999786376953,89.12000274658203,89.12000274658203
2016-04-28,89.27999877929688,89.76000213623047,89.76000213623047
2016-04-29,91.36000061035156,90.4000015258789,90.4000015258789
2016-05-02,89.91999816894531,88.4000015258789,88.4000015258789
2016-05-03,86.87999725341797,85.91999816894531,85.91999816894531
2016-05-04,87.44000244140625,86.31999969482422,86.31999969482422
2016-05-05,89.83999633789062,87.19999694824219,87.19999694824219
2016-05-06,86.4800033569336,87.68000030517578,87.68000030517578
2016-05-09,86.87999725341797,85.44000244140625,85.44000244140625
2016-05-10,86.0,87.91999816894531,87.91999816894531
2016-05-11,87.27999877929688,90.72000122070312,90.72000122070312
2016-05-12,92.23999786376953,91.5999984741211,91.5999984741211
2016-05-13,90.80000305175781,90.95999908447266,90.95999908447266
2016-05-16,93.44000244140625,94.08000183105469,94.08000183105469
2016-05-17,94.0,95.36000061035156,95.36000061035156
2016-05-18,94.80000305175781,93.5999984741211,93.5999984741211
2016-05-19,92.63999938964844,94.31999969482422,94.31999969482422
2016-05-20,94.31999969482422,94.0,94.0
2016-05-23,92.08000183105469,93.27999877929688,93.27999877929688
2016-05-24,93.36000061035156,94.55999755859375,94.55999755859375
2016-05-25,95.36000061035156,96.23999786376953,96.23999786376953
2016-05-26,96.87999725341797,95.5999984741211,95.5999984741211
2016-05-27,94.72000122070312,95.83999633789062,95.83999633789062
2016-05-31,95.83999633789062,94.95999908447266,94.95999908447266
2016-06-01,92.95999908447266,95.44000244140625,95.44000244140625
2016-06-02,93.36000061035156,94.87999725341797,94.87999725341797
2016-06-03,95.12000274658203,94.55999755859375,94.55999755859375
2016-06-06,96.08000183105469,96.31999969482422,96.31999969482422
2016-06-07,96.80000305175781,97.76000213623047,97.76000213623047
2016-06-08,98.72000122070312,99.44000244140625,99.44000244140625
2016-06-09,97.5199966430664,98.0,98.0
2016-06-10,96.16000366210938,94.95999908447266,94.95999908447266
2016-06-13,93.68000030517578,94.08000183105469,94.08000183105469
2016-06-14,93.83999633789062,93.83999633789062,93.83999633789062
2016-06-15,92.55999755859375,91.76000213623047,91.76000213623047
2016-06-16,91.19999694824219,89.12000274658203,89.12000274658203
2016-06-17,91.5999984741211,93.27999877929688,93.27999877929688
2016-06-20,94.55999755859375,95.27999877929688,95.27999877929688
2016-06-21,94.08000183105469,95.12000274658203,95.12000274658203
2016-06-22,95.91999816894531,93.91999816894531,93.91999816894531
2016-06-23,95.36000061035156,95.83999633789062,95.83999633789062
2016-06-24,91.04000091552734,91.19999694824219,91.19999694824219
2016-06-27,89.76000213623047,89.5199966430664,89.5199966430664
2016-06-28,91.19999694824219,91.76000213623047,91.76000213623047
2016-06-29,92.4000015258789,94.31999969482422,94.31999969482422
2016-06-30,93.27999877929688,92.55999755859375,92.55999755859375
2016-07-01,92.16000366210938,94.23999786376953,94.23999786376953
2016-07-05,90.80000305175781,89.44000244140625,89.44000244140625
2016-07-06,88.72000122070312,90.63999938964844,90.63999938964844
2016-07-07,92.0,86.55999755859375,86.55999755859375
2016-07-08,87.27999877929688,86.63999938964844,86.63999938964844
2016-07-11,87.27999877929688,85.19999694824219,85.19999694824219
2016-07-12,88.31999969482422,89.5199966430664,89.5199966430664
2016-07-13,88.55999755859375,86.0,86.0
2016-07-14,86.87999725341797,86.95999908447266,86.95999908447266
2016-07-15,87.91999816894531,87.91999816894531,87.91999816894531
2016-07-18,86.31999969482422,86.55999755859375,86.55999755859375
2016-07-19,86.31999969482422,85.5999984741211,85.5999984741211
2016-07-20,84.4000015258789,85.83999633789062,85.83999633789062
2016-07-21,85.44000244140625,83.91999816894531,83.91999816894531
2016-07-22,83.91999816894531,83.36000061035156,83.36000061035156
2016-07-25,81.5999984741211,81.04000091552734,81.04000091552734
2016-07-26,80.80000305175781,80.63999938964844,80.63999938964844
2016-07-27,80.80000305175781,79.19999694824219,79.19999694824219
2016-07-28,78.80000305175781,77.36000061035156,77.36000061035156
2016-07-29,77.04000091552734,78.08000183105469,78.08000183105469
2016-08-01,76.95999908447266,75.27999877929688,75.27999877929688
2016-08-02,76.72000122070312,74.63999938964844,74.63999938964844
2016-08-03,74.80000305175781,77.5199966430664,77.5199966430664
2016-08-04,76.55999755859375,78.72000122070312,78.72000122070312
2016-08-05,78.63999938964844,78.87999725341797,78.87999725341797
2016-08-08,80.23999786376953,80.80000305175781,80.80000305175781
2016-08-09,81.5199966430664,80.55999755859375,80.55999755859375
2016-08-10,80.80000305175781,78.16000366210938,78.16000366210938
2016-08-11,79.12000274658203,81.68000030517578,81.68000030517578
2016-08-12,82.4000015258789,84.0,84.0
2016-08-15,84.72000122070312,86.08000183105469,86.08000183105469
2016-08-16,86.31999969482422,87.36000061035156,87.36000061035156
2016-08-17,87.04000091552734,87.91999816894531,87.91999816894531
2016-08-18,88.87999725341797,90.4000015258789,90.4000015258789
2016-08-19,90.72000122070312,90.72000122070312,90.72000122070312
2016-08-22,88.80000305175781,87.76000213623047,87.76000213623047
2016-08-23,86.4000015258789,88.72000122070312,88.72000122070312
2016-08-24,87.5199966430664,86.55999755859375,86.55999755859375
2016-08-25,86.4000015258789,87.5999984741211,87.5999984741211
2016-08-26,87.5199966430664,87.5999984741211,87.5999984741211
2016-08-29,86.63999938964844,86.80000305175781,86.80000305175781
2016-08-30,87.44000244140625,85.83999633789062,85.83999633789062
2016-08-31,84.95999908447266,82.87999725341797,82.87999725341797
2016-09-01,81.5199966430664,80.4800033569336,80.4800033569336
2016-09-02,81.5999984741211,81.91999816894531,81.91999816894531
2016-09-06,81.68000030517578,83.12000274658203,83.12000274658203
2016-09-07,83.19999694824219,84.16000366210938,84.16000366210938
2016-09-08,85.68000030517578,87.68000030517578,87.68000030517578
2016-09-09,86.23999786376953,84.72000122070312,84.72000122070312
2016-09-12,83.19999694824219,85.12000274658203,85.12000274658203
2016-09-13,83.91999816894531,82.95999908447266,82.95999908447266
2016-09-14,82.16000366210938,80.72000122070312,80.72000122070312
2016-09-15,81.12000274658203,81.12000274658203,81.12000274658203
2016-09-16,79.44000244140625,80.0,80.0
2016-09-19,80.23999786376953,79.83999633789062,79.83999633789062
2016-09-20,78.95999908447266,80.55999755859375,80.55999755859375
2016-09-21,82.0,83.19999694824219,83.19999694824219
2016-09-22,84.55999755859375,84.23999786376953,84.23999786376953
2016-09-23,83.91999816894531,81.5199966430664,81.5199966430664
2016-09-26,82.72000122070312,83.44000244140625,83.44000244140625
2016-09-27,81.5199966430664,81.19999694824219,81.19999694824219
2016-09-28,82.4000015258789,85.19999694824219,85.19999694824219
2016-09-29,86.16000366210938,86.95999908447266,86.95999908447266
2016-09-30,87.76000213623047,87.44000244140625,87.44000244140625
2016-10-03,88.31999969482422,88.80000305175781,88.80000305175781
2016-10-04,89.44000244140625,88.72000122070312,88.72000122070312
2016-10-05,90.63999938964844,90.80000305175781,90.80000305175781
2016-10-06,91.76000213623047,92.08000183105469,92.08000183105469
2016-10-07,91.91999816894531,90.63999938964844,90.63999938964844
2016-10-10,92.23999786376953,93.36000061035156,93.36000061035156
2016-10-11,93.5199966430664,92.63999938964844,92.63999938964844
2016-10-12,91.68000030517578,91.44000244140625,91.44000244140625
2016-10-13,91.36000061035156,91.91999816894531,91.91999816894531
2016-10-14,92.0,91.5199966430664,91.5199966430664
2016-10-17,91.27999877929688,90.95999908447266,90.95999908447266
2016-10-18,91.83999633789062,91.5999984741211,91.5999984741211
2016-10-19,92.55999755859375,93.27999877929688,93.27999877929688
2016-10-20,91.91999816894531,91.44000244140625,91.44000244140625
2016-10-21,91.19999694824219,91.83999633789062,91.83999633789062
2016-10-24,90.80000305175781,91.44000244140625,91.44000244140625
2016-10-25,90.72000122070312,89.91999816894531,89.91999816894531
2016-10-26,88.55999755859375,88.72000122070312,88.72000122070312
2016-10-27,89.68000030517578,89.68000030517578,89.68000030517578
2016-10-28,88.80000305175781,88.08000183105469,88.08000183105469
2016-10-31,86.72000122070312,84.23999786376953,84.23999786376953
2016-11-01,85.19999694824219,84.55999755859375,84.55999755859375
2016-11-02,82.80000305175781,82.23999786376953,82.23999786376953
2016-11-03,81.91999816894531,80.63999938964844,80.63999938964844
2016-11-04,79.76000213623047,79.83999633789062,79.83999633789062
2016-11-07,80.4800033569336,81.27999877929688,81.27999877929688
2016-11-08,80.4800033569336,80.80000305175781,80.80000305175781
2016-11-09,81.12000274658203,82.23999786376953,82.23999786376953
2016-11-10,80.80000305175781,80.31999969482422,80.31999969482422
2016-11-11,79.04000091552734,78.16000366210938,78.16000366210938
2016-11-14,77.83999633789062,78.95999908447266,78.95999908447266
2016-11-15,80.63999938964844,82.72000122070312,82.72000122070312
2016-11-16,82.23999786376953,81.83999633789062,81.83999633789062
2016-11-17,83.5199966430664,81.04000091552734,81.04000091552734
2016-11-18,81.91999816894531,82.55999755859375,82.55999755859375
2016-11-21,84.80000305175781,86.16000366210938,86.16000366210938
2016-11-22,85.91999816894531,85.04000091552734,85.04000091552734
2016-11-23,84.80000305175781,85.36000061035156,85.36000061035156
2016-11-25,84.0,82.63999938964844,82.63999938964844
2016-11-28,83.76000213623047,83.5199966430664,83.5199966430664
2016-11-29,80.80000305175781,80.4800033569336,80.4800033569336
2016-11-30,80.4800033569336,87.44000244140625,87.44000244140625
2016-12-01,90.55999755859375,90.63999938964844,90.63999938964844
2016-12-02,91.19999694824219,91.83999633789062,91.83999633789062
2016-12-05,92.87999725341797,90.80000305175781,90.80000305175781
2016-12-06,89.76000213623047,90.31999969482422,90.31999969482422
2016-12-07,89.27999877929688,88.72000122070312,88.72000122070312
2016-12-08,89.19999694824219,90.4800033569336,90.4800033569336
2016-12-09,91.44000244140625,91.5199966430664,91.5199966430664
2016-12-12,95.19999694824219,92.95999908447266,92.95999908447266
2016-12-13,94.31999969482422,93.83999633789062,93.83999633789062
2016-12-14,92.72000122070312,90.55999755859375,90.55999755859375
2016-12-15,89.5199966430664,90.87999725341797,90.87999725341797
2016-12-16,91.5199966430664,92.4000015258789,92.4000015258789
2016-12-19,92.16000366210938,92.0,92.0
2016-12-20,93.36000061035156,92.95999908447266,92.95999908447266
2016-12-21,93.19999694824219,91.5199966430664,91.5199966430664
2016-12-22,92.0,91.68000030517578,91.68000030517578
2016-12-23,91.5999984741211,92.4800033569336,92.4800033569336
2016-12-27,93.12000274658203,93.83999633789062,93.83999633789062
2016-12-28,94.23999786376953,94.0,94.0
2016-12-29,94.0,93.76000213623047,93.76000213623047
2016-12-30,93.27999877929688,93.76000213623047,93.76000213623047
2017-01-03,95.83999633789062,91.5199966430664,91.5199966430664
2017-01-04,91.36000061035156,92.63999938964844,92.63999938964844
2017-01-05,93.5199966430664,93.5999984741211,93.5999984741211
2017-01-06,94.08000183105469,93.44000244140625,93.44000244140625
2017-01-09,92.16000366210938,90.4800033569336,90.4800033569336
2017-01-10,90.95999908447266,88.55999755859375,88.55999755859375
2017-01-11,89.68000030517578,90.95999908447266,90.95999908447266
2017-01-12,90.95999908447266,92.31999969482422,92.31999969482422
2017-01-13,91.5999984741211,91.27999877929688,91.27999877929688
2017-01-17,92.80000305175781,91.44000244140625,91.44000244140625
2017-01-18,89.5199966430664,89.27999877929688,89.27999877929688
2017-01-19,89.91999816894531,89.36000061035156,89.36000061035156
2017-01-20,91.5999984741211,91.12000274658203,91.12000274658203
2017-01-23,89.68000030517578,90.55999755859375,90.55999755859375
2017-01-24,90.95999908447266,90.95999908447266,90.95999908447266
2017-01-25,90.4000015258789,90.4800033569336,90.4800033569336
2017-01-26,91.5199966430664,92.23999786376953,92.23999786376953
2017-01-27,91.19999694824219,91.19999694824219,91.19999694824219
2017-01-30,90.80000305175781,90.23999786376953,90.23999786376953
2017-01-31,91.19999694824219,90.55999755859375,90.55999755859375
2017-02-01,91.36000061035156,91.83999633789062,91.83999633789062
2017-02-02,92.55999755859375,92.08000183105469,92.08000183105469
2017-02-03,91.91999816894531,92.31999969482422,92.31999969482422
2017-02-06,92.16000366210938,91.04000091552734,91.04000091552734
2017-02-07,89.68000030517578,89.5199966430664,89.5199966430664
2017-02-08,88.87999725341797,89.83999633789062,89.83999633789062
2017-02-09,89.83999633789062,90.80000305175781,90.80000305175781
2017-02-10,92.23999786376953,92.0,92.0
2017-02-13,90.95999908447266,90.55999755859375,90.55999755859375
2017-02-14,91.83999633789062,91.04000091552734,91.04000091552734
2017-02-15,90.63999938964844,90.87999725341797,90.87999725341797
2017-02-16,91.5199966430664,91.27999877929688,91.27999877929688
2017-02-17,90.55999755859375,91.12000274658203,91.12000274658203
2017-02-21,93.04000091552734,92.31999969482422,92.31999969482422
2017-02-22,91.04000091552734,90.87999725341797,90.87999725341797
2017-02-23,92.87999725341797,92.23999786376953,92.23999786376953
2017-02-24,91.5199966430664,91.68000030517578,91.68000030517578
2017-02-27,92.4800033569336,91.76000213623047,91.76000213623047
2017-02-28,90.87999725341797,91.5999984741211,91.5999984741211
2017-03-01,92.08000183105469,91.19999694824219,91.19999694824219
2017-03-02,89.68000030517578,89.36000061035156,89.36000061035156
2017-03-03,89.5199966430664,90.31999969482422,90.31999969482422
2017-03-06,90.55999755859375,90.23999786376953,90.23999786376953
2017-03-07,91.04000091552734,90.16000366210938,90.16000366210938
2017-03-08,88.87999725341797,85.36000061035156,85.36000061035156
2017-03-09,84.55999755859375,84.23999786376953,84.23999786376953
2017-03-10,84.16000366210938,82.31999969482422,82.31999969482422
2017-03-13,82.31999969482422,82.23999786376953,82.23999786376953
2017-03-14,80.87999725341797,81.5199966430664,81.5199966430664
2017-03-15,82.4800033569336,83.04000091552734,83.04000091552734
2017-03-16,83.12000274658203,82.87999725341797,82.87999725341797
2017-03-17,83.36000061035156,82.63999938964844,82.63999938964844
2017-03-20,82.08000183105469,82.16000366210938,82.16000366210938
2017-03-21,82.4000015258789,80.87999725341797,80.87999725341797
2017-03-22,80.16000366210938,80.95999908447266,80.95999908447266
2017-03-23,80.31999969482422,80.08000183105469,80.08000183105469
2017-03-24,80.4000015258789,80.72000122070312,80.72000122070312
2017-03-27,79.44000244140625,80.31999969482422,80.31999969482422
2017-03-28,80.87999725341797,81.19999694824219,81.19999694824219
2017-03-29,81.44000244140625,82.95999908447266,82.95999908447266
2017-03-30,83.76000213623047,84.55999755859375,84.55999755859375
2017-03-31,84.16000366210938,85.12000274658203,85.12000274658203
2017-04-03,84.95999908447266,84.4000015258789,84.4000015258789
2017-04-04,85.04000091552734,85.68000030517578,85.68000030517578
2017-04-05,86.72000122070312,85.44000244140625,85.44000244140625
2017-04-06,86.55999755859375,86.87999725341797,86.87999725341797
2017-04-07,87.12000274658203,87.68000030517578,87.68000030517578
2017-04-10,88.55999755859375,89.12000274658203,89.12000274658203
2017-04-11,89.04000091552734,89.36000061035156,89.36000061035156
2017-04-12,89.91999816894531,88.87999725341797,88.87999725341797
2017-04-13,89.44000244140625,89.04000091552734,89.04000091552734
2017-04-17,89.04000091552734,88.4800033569336,88.4800033569336
2017-04-18,88.0,88.31999969482422,88.31999969482422
2017-04-19,88.23999786376953,84.95999908447266,84.95999908447266
2017-04-20,84.63999938964844,84.31999969482422,84.31999969482422
2017-04-21,84.4000015258789,82.55999755859375,82.55999755859375
2017-04-24,82.31999969482422,82.0,82.0
2017-04-25,82.0,82.87999725341797,82.87999725341797
2017-04-26,81.91999816894531,82.08000183105469,82.08000183105469
2017-04-27,81.04000091552734,81.91999816894531,81.91999816894531
2017-04-28,82.31999969482422,81.91999816894531,81.91999816894531
2017-05-01,81.5199966430664,81.19999694824219,81.19999694824219
2017-05-02,81.36000061035156,79.36000061035156,79.36000061035156
2017-05-03,79.68000030517578,79.44000244140625,79.44000244140625
2017-05-04,78.0,75.68000030517578,75.68000030517578
2017-05-05,75.76000213623047,77.27999877929688,77.27999877929688
2017-05-08,77.19999694824219,77.36000061035156,77.36000061035156
2017-05-09,77.12000274658203,76.55999755859375,76.55999755859375
2017-05-10,77.5999984741211,78.87999725341797,78.87999725341797
2017-05-11,79.91999816894531,79.5199966430664,79.5199966430664
2017-05-12,79.76000213623047,79.5999984741211,79.5999984741211
2017-05-15,82.16000366210938,81.36000061035156,81.36000061035156
2017-05-16,81.76000213623047,80.87999725341797,80.87999725341797
2017-05-17,81.5199966430664,81.5199966430664,81.5199966430664
2017-05-18,81.04000091552734,82.08000183105469,82.08000183105469
2017-05-19,83.19999694824219,83.83999633789062,83.83999633789062
2017-05-22,84.4000015258789,84.31999969482422,84.31999969482422
2017-05-23,84.63999938964844,85.12000274658203,85.12000274658203
2017-05-24,84.95999908447266,84.80000305175781,84.80000305175781
2017-05-25,84.0,80.31999969482422,80.31999969482422
2017-05-26,81.12000274658203,82.23999786376953,82.23999786376953
2017-05-30,81.36000061035156,81.91999816894531,81.91999816894531
2017-05-31,79.91999816894531,79.68000030517578,79.68000030517578
2017-06-01,80.08000183105469,79.27999877929688,79.27999877929688
2017-06-02,78.63999938964844,78.87999725341797,78.87999725341797
2017-06-05,77.76000213623047,78.4000015258789,78.4000015258789
2017-06-06,77.91999816894531,79.76000213623047,79.76000213623047
2017-06-07,78.72000122070312,75.68000030517578,75.68000030517578
2017-06-08,75.19999694824219,75.44000244140625,75.44000244140625
2017-06-09,75.5199966430664,75.91999816894531,75.91999816894531
2017-06-12,76.87999725341797,76.16000366210938,76.16000366210938
2017-06-13,76.08000183105469,76.80000305175781,76.80000305175781
2017-06-14,76.31999969482422,73.83999633789062,73.83999633789062
2017-06-15,73.76000213623047,73.44000244140625,73.44000244140625
2017-06-16,74.08000183105469,73.91999816894531,73.91999816894531
2017-06-19,74.16000366210938,72.95999908447266,72.95999908447266
2017-06-20,71.44000244140625,71.5999984741211,71.5999984741211
2017-06-21,71.76000213623047,69.68000030517578,69.68000030517578
2017-06-22,70.4000015258789,70.23999786376953,70.23999786376953
2017-06-23,70.4000015258789,70.87999725341797,70.87999725341797
2017-06-26,71.04000091552734,71.44000244140625,71.44000244140625
2017-06-27,71.91999816894531,72.80000305175781,72.80000305175781
2017-06-28,72.80000305175781,73.5999984741211,73.5999984741211
2017-06-29,74.16000366210938,73.68000030517578,73.68000030517578
2017-06-30,74.55999755859375,76.0,76.0
2017-07-03,76.4000015258789,76.95999908447266,76.95999908447266
2017-07-05,76.4800033569336,74.0,74.0
2017-07-06,75.5199966430664,74.4800033569336,74.4800033569336
2017-07-07,73.5199966430664,72.80000305175781,72.80000305175781
2017-07-10,72.31999969482422,73.04000091552734,73.04000091552734
2017-07-11,72.87999725341797,74.16000366210938,74.16000366210938
2017-07-12,75.68000030517578,74.63999938964844,74.63999938964844
2017-07-13,75.12000274658203,75.76000213623047,75.76000213623047
2017-07-14,76.23999786376953,76.72000122070312,76.72000122070312
2017-07-17,76.31999969482422,75.5999984741211,75.5999984741211
2017-07-18,76.80000305175781,76.31999969482422,76.31999969482422
2017-07-19,76.55999755859375,77.5199966430664,77.5199966430664
2017-07-20,78.16000366210938,76.87999725341797,76.87999725341797
2017-07-21,76.4800033569336,74.72000122070312,74.72000122070312
2017-07-24,75.76000213623047,76.0,76.0
2017-07-25,77.5199966430664,78.4800033569336,78.4800033569336
2017-07-26,79.19999694824219,79.68000030517578,79.68000030517578
2017-07-27,80.23999786376953,80.4800033569336,80.4800033569336
2017-07-28,80.72000122070312,81.36000061035156,81.36000061035156
2017-07-31,81.19999694824219,82.23999786376953,82.23999786376953
2017-08-01,81.36000061035156,80.72000122070312,80.72000122070312
2017-08-02,80.55999755859375,81.12000274658203,81.12000274658203
2017-08-03,81.68000030517578,80.16000366210938,80.16000366210938
2017-08-04,80.4000015258789,81.04000091552734,81.04000091552734
2017-08-07,80.16000366210938,80.80000305175781,80.80000305175781
2017-08-08,80.23999786376953,80.4800033569336,80.4800033569336
2017-08-09,80.95999908447266,81.19999694824219,81.19999694824219
2017-08-10,81.91999816894531,79.27999877929688,79.27999877929688
2017-08-11,79.04000091552734,79.91999816894531,79.91999816894531
2017-08-14,79.83999633789062,77.76000213623047,77.76000213623047
2017-08-15,77.27999877929688,78.0,78.0
2017-08-16,78.16000366210938,76.55999755859375,76.55999755859375
2017-08-17,76.31999969482422,76.95999908447266,76.95999908447266
2017-08-18,77.27999877929688,79.76000213623047,79.76000213623047
2017-08-21,78.95999908447266,77.68000030517578,77.68000030517578
2017-08-22,78.08000183105469,78.16000366210938,78.16000366210938
2017-08-23,78.08000183105469,79.04000091552734,79.04000091552734
2017-08-24,78.31999969482422,77.68000030517578,77.68000030517578
2017-08-25,77.68000030517578,78.0,78.0
2017-08-28,77.5199966430664,76.23999786376953,76.23999786376953
2017-08-29,75.83999633789062,75.68000030517578,75.68000030517578
2017-08-30,75.19999694824219,75.04000091552734,75.04000091552734
2017-08-31,75.91999816894531,77.04000091552734,77.04000091552734
2017-09-01,76.80000305175781,77.36000061035156,77.36000061035156
2017-09-05,79.27999877929688,79.36000061035156,79.36000061035156
2017-09-06,80.16000366210938,80.31999969482422,80.31999969482422
2017-09-07,79.83999633789062,80.23999786376953,80.23999786376953
2017-09-08,79.91999816894531,77.83999633789062,77.83999633789062
2017-09-11,77.27999877929688,78.55999755859375,78.55999755859375
2017-09-12,78.63999938964844,78.95999908447266,78.95999908447266
2017-09-13,79.36000061035156,80.55999755859375,80.55999755859375
2017-09-14,81.36000061035156,81.04000091552734,81.04000091552734
2017-09-15,81.5199966430664,81.5999984741211,81.5999984741211
2017-09-18,81.12000274658203,81.36000061035156,81.36000061035156
2017-09-19,81.76000213623047,80.87999725341797,80.87999725341797
2017-09-20,81.5199966430664,81.91999816894531,81.91999816894531
2017-09-21,81.44000244140625,82.0,82.0
2017-09-22,81.5999984741211,81.91999816894531,81.91999816894531
2017-09-25,82.72000122070312,84.4000015258789,84.4000015258789
2017-09-26,83.68000030517578,83.91999816894531,83.91999816894531
2017-09-27,84.16000366210938,84.16000366210938,84.16000366210938
2017-09-28,85.04000091552734,83.44000244140625,83.44000244140625
2017-09-29,83.12000274658203,83.44000244140625,83.44000244140625
2017-10-02,81.36000061035156,81.68000030517578,81.68000030517578
2017-10-03,81.68000030517578,81.44000244140625,81.44000244140625
2017-10-04,81.44000244140625,80.63999938964844,80.63999938964844
2017-10-05,81.12000274658203,82.0,82.0
2017-10-06,80.08000183105469,79.76000213623047,79.76000213623047
2017-10-09,80.23999786376953,80.0,80.0
2017-10-10,81.5999984741211,82.23999786376953,82.23999786376953
2017-10-11,82.4800033569336,82.87999725341797,82.87999725341797
2017-10-12,81.36000061035156,81.83999633789062,81.83999633789062
2017-10-13,83.04000091552734,82.95999908447266,82.95999908447266
2017-10-16,84.23999786376953,83.68000030517578,83.68000030517578
2017-10-17,83.76000213623047,83.91999816894531,83.91999816894531
2017-10-18,84.08000183105469,83.83999633789062,83.83999633789062
2017-10-19,82.72000122070312,82.80000305175781,82.80000305175781
2017-10-20,82.31999969482422,83.44000244140625,83.44000244140625
2017-10-23,83.76000213623047,83.36000061035156,83.36000061035156
2017-10-24,83.83999633789062,84.31999969482422,84.31999969482422
2017-10-25,83.83999633789062,83.83999633789062,83.83999633789062
2017-10-26,83.5999984741211,84.55999755859375,84.55999755859375
2017-10-27,84.4800033569336,86.72000122070312,86.72000122070312
2017-10-30,84.4800033569336,86.95999908447266,86.95999908447266
2017-10-31,86.80000305175781,87.44000244140625,87.44000244140625
2017-11-01,88.23999786376953,87.19999694824219,87.19999694824219
2017-11-02,87.19999694824219,87.91999816894531,87.91999816894531
2017-11-03,88.0,89.44000244140625,89.44000244140625
2017-11-06,89.5199966430664,92.08000183105469,92.08000183105469
2017-11-07,91.76000213623047,91.91999816894531,91.91999816894531
2017-11-08,91.5199966430664,91.27999877929688,91.27999877929688
2017-11-09,91.36000061035156,91.68000030517578,91.68000030517578
2017-11-10,91.83999633789062,91.36000061035156,91.36000061035156
2017-11-13,91.36000061035156,91.04000091552734,91.04000091552734
2017-11-14,90.80000305175781,89.04000091552734,89.04000091552734
2017-11-15,88.63999938964844,88.72000122070312,88.72000122070312
2017-11-16,88.55999755859375,88.55999755859375,88.55999755859375
2017-11-17,89.68000030517578,90.80000305175781,90.80000305175781
2017-11-20,90.16000366210938,90.23999786376953,90.23999786376953
2017-11-21,90.4000015258789,91.19999694824219,91.19999694824219
2017-11-22,92.4000015258789,92.80000305175781,92.80000305175781
2017-11-24,93.91999816894531,94.31999969482422,94.31999969482422
2017-11-27,93.19999694824219,92.72000122070312,92.72000122070312
2017-11-28,92.4800033569336,92.63999938964844,92.63999938964844
2017-11-29,92.63999938964844,91.76000213623047,91.76000213623047
2017-11-30,92.4000015258789,91.76000213623047,91.76000213623047
2017-12-01,93.19999694824219,93.36000061035156,93.36000061035156
2017-12-04,92.31999969482422,91.91999816894531,91.91999816894531
2017-12-05,91.76000213623047,92.31999969482422,92.31999969482422
2017-12-06,91.19999694824219,89.5999984741211,89.5999984741211
2017-12-07,90.16000366210938,90.63999938964844,90.63999938964844
2017-12-08,92.16000366210938,91.91999816894531,91.91999816894531
2017-12-11,92.31999969482422,92.80000305175781,92.80000305175781
2017-12-12,93.12000274658203,91.5199966430664,91.5199966430664
2017-12-13,91.68000030517578,90.63999938964844,90.63999938964844
2017-12-14,89.76000213623047,91.44000244140625,91.44000244140625
2017-12-15,91.76000213623047,91.68000030517578,91.68000030517578
2017-12-18,92.0,91.5199966430664,91.5199966430664
2017-12-19,91.83999633789062,92.08000183105469,92.08000183105469
2017-12-20,92.31999969482422,92.87999725341797,92.87999725341797
2017-12-21,92.31999969482422,93.12000274658203,93.12000274658203
2017-12-22,92.63999938964844,93.27999877929688,93.27999877929688
2017-12-26,93.83999633789062,95.5999984741211,95.5999984741211
2017-12-27,95.44000244140625,95.36000061035156,95.36000061035156
2017-12-28,95.27999877929688,95.76000213623047,95.76000213623047
2017-12-29,96.16000366210938,96.08000183105469,96.08000183105469
2018-01-02,96.55999755859375,96.55999755859375,96.55999755859375
2018-01-03,97.36000061035156,98.72000122070312,98.72000122070312
2018-01-04,98.63999938964844,98.95999908447266,98.95999908447266
2018-01-05,98.23999786376953,98.4800033569336,98.4800033569336
2018-01-08,98.4800033569336,99.04000091552734,99.04000091552734
2018-01-09,99.27999877929688,100.55999755859375,100.55999755859375
2018-01-10,101.36000061035156,101.44000244140625,101.44000244140625
2018-01-11,102.08000183105469,101.5999984741211,101.5999984741211
2018-01-12,101.44000244140625,102.95999908447266,102.95999908447266
2018-01-16,102.4800033569336,102.08000183105469,102.08000183105469
2018-01-17,101.83999633789062,102.23999786376953,102.23999786376953
2018-01-18,102.0,102.08000183105469,102.08000183105469
2018-01-19,101.44000244140625,101.76000213623047,101.76000213623047
2018-01-22,101.44000244140625,102.23999786376953,102.23999786376953
2018-01-23,102.72000122070312,103.76000213623047,103.76000213623047
2018-01-24,103.5199966430664,105.76000213623047,105.76000213623047
2018-01-25,106.23999786376953,104.4800033569336,104.4800033569336
2018-01-26,104.87999725341797,105.91999816894531,105.91999816894531
2018-01-29,104.87999725341797,104.87999725341797,104.87999725341797
2018-01-30,103.5199966430664,103.19999694824219,103.19999694824219
2018-01-31,103.27999877929688,103.83999633789062,103.83999633789062
2018-02-01,104.63999938964844,105.91999816894531,105.91999816894531
2018-02-02,104.95999908447266,104.31999969482422,104.31999969482422
2018-02-05,104.23999786376953,102.16000366210938,102.16000366210938
2018-02-06,101.5999984741211,101.5999984741211,101.5999984741211
2018-02-07,101.76000213623047,98.95999908447266,98.95999908447266
2018-02-08,99.36000061035156,96.72000122070312,96.72000122070312
2018-02-09,96.87999725341797,94.87999725341797,94.87999725341797
2018-02-12,95.83999633789062,95.12000274658203,95.12000274658203
2018-02-13,94.31999969482422,94.95999908447266,94.95999908447266
2018-02-14,93.83999633789062,97.44000244140625,97.44000244140625
2018-02-15,96.72000122070312,98.63999938964844,98.63999938964844
2018-02-16,98.16000366210938,99.04000091552734,99.04000091552734
2018-02-20,99.36000061035156,99.12000274658203,99.12000274658203
2018-02-21,98.63999938964844,98.31999969482422,98.31999969482422
2018-02-22,99.68000030517578,100.72000122070312,100.72000122070312
2018-02-23,100.87999725341797,102.16000366210938,102.16000366210938
2018-02-26,101.83999633789062,102.87999725341797,102.87999725341797
2018-02-27,102.72000122070312,101.19999694824219,101.19999694824219
2018-02-28,101.68000030517578,98.95999908447266,98.95999908447266
2018-03-01,98.08000183105469,98.80000305175781,98.80000305175781
2018-03-02,97.76000213623047,98.95999908447266,98.95999908447266
2018-03-05,98.63999938964844,100.72000122070312,100.72000122070312
2018-03-06,100.95999908447266,100.55999755859375,100.55999755859375
2018-03-07,99.83999633789062,98.80000305175781,98.80000305175781
2018-03-08,98.55999755859375,97.19999694824219,97.19999694824219
2018-03-09,98.16000366210938,99.76000213623047,99.76000213623047
2018-03-12,99.27999877929688,98.95999908447266,98.95999908447266
2018-03-13,98.4800033569336,97.91999816894531,97.91999816894531
2018-03-14,98.23999786376953,98.23999786376953,98.23999786376953
2018-03-15,98.80000305175781,98.72000122070312,98.72000122070312
2018-03-16,98.80000305175781,100.4000015258789,100.4000015258789
2018-03-19,100.55999755859375,100.4000015258789,100.4000015258789
2018-03-20,102.08000183105469,102.4800033569336,102.4800033569336
2018-03-21,103.68000030517578,105.44000244140625,105.44000244140625
2018-03-22,104.08000183105469,103.5999984741211,103.5999984741211
2018-03-23,104.72000122070312,106.23999786376953,106.23999786376953
2018-03-26,105.83999633789062,105.68000030517578,105.68000030517578
2018-03-27,106.23999786376953,104.63999938964844,104.63999938964844
2018-03-28,104.16000366210938,104.31999969482422,104.31999969482422
2018-03-29,103.91999816894531,104.72000122070312,104.72000122070312
2018-04-02,103.83999633789062,101.91999816894531,101.91999816894531
2018-04-03,102.23999786376953,102.4800033569336,102.4800033569336
2018-04-04,100.4000015258789,102.55999755859375,102.55999755859375
2018-04-05,102.55999755859375,102.63999938964844,102.63999938964844
2018-04-06,102.4000015258789,100.08000183105469,100.08000183105469
2018-04-09,101.5199966430664,102.16000366210938,102.16000366210938
2018-04-10,104.16000366210938,106.0,106.0
2018-04-11,106.4000015258789,107.5999984741211,107.5999984741211
2018-04-12,107.19999694824219,108.16000366210938,108.16000366210938
2018-04-13,108.4000015258789,108.4000015258789,108.4000015258789
2018-04-16,107.91999816894531,107.04000091552734,107.04000091552734
2018-04-17,106.16000366210938,107.27999877929688,107.27999877929688
2018-04-18,109.5999984741211,111.04000091552734,111.04000091552734
2018-04-19,111.5999984741211,110.16000366210938,110.16000366210938
2018-04-20,109.27999877929688,110.0,110.0
2018-04-23,108.87999725341797,111.36000061035156,111.36000061035156
2018-04-24,110.80000305175781,109.44000244140625,109.44000244140625
2018-04-25,109.5199966430664,109.76000213623047,109.76000213623047
2018-04-26,110.63999938964844,110.16000366210938,110.16000366210938
2018-04-27,109.44000244140625,109.83999633789062,109.83999633789062
2018-04-30,108.95999908447266,110.4000015258789,110.4000015258789
2018-05-01,109.5199966430664,108.87999725341797,108.87999725341797
2018-05-02,108.4800033569336,109.36000061035156,109.36000061035156
2018-05-03,109.04000091552734,110.55999755859375,110.55999755859375
2018-05-04,110.63999938964844,112.72000122070312,112.72000122070312
2018-05-07,113.5199966430664,112.80000305175781,112.80000305175781
2018-05-08,113.44000244140625,112.4800033569336,112.4800033569336
2018-05-09,114.16000366210938,114.95999908447266,114.95999908447266
2018-05-10,115.04000091552734,115.27999877929688,115.27999877929688
2018-05-11,114.95999908447266,114.0,114.0
2018-05-14,114.4000015258789,115.04000091552734,115.04000091552734
2018-05-15,114.95999908447266,115.19999694824219,115.19999694824219
2018-05-16,114.72000122070312,115.68000030517578,115.68000030517578
2018-05-17,116.31999969482422,115.91999816894531,115.91999816894531
2018-05-18,115.5199966430664,115.44000244140625,115.44000244140625
2018-05-21,115.83999633789062,117.36000061035156,117.36000061035156
2018-05-22,117.19999694824219,116.4800033569336,116.4800033569336
2018-05-23,116.23999786376953,116.08000183105469,116.08000183105469
2018-05-24,114.31999969482422,114.31999969482422,114.31999969482422
2018-05-25,111.44000244140625,109.44000244140625,109.44000244140625
2018-05-29,108.55999755859375,108.08000183105469,108.08000183105469
2018-05-30,108.63999938964844,110.63999938964844,110.63999938964844
2018-05-31,108.63999938964844,108.4000015258789,108.4000015258789
2018-06-01,107.27999877929688,106.0,106.0
2018-06-04,106.4000015258789,104.95999908447266,104.95999908447266
2018-06-05,104.23999786376953,105.76000213623047,105.76000213623047
2018-06-06,105.5199966430664,105.27999877929688,105.27999877929688
2018-06-07,105.68000030517578,106.80000305175781,106.80000305175781
2018-06-08,106.4800033569336,106.16000366210938,106.16000366210938
2018-06-11,105.36000061035156,106.87999725341797,106.87999725341797
2018-06-12,106.72000122070312,107.19999694824219,107.19999694824219
2018-06-13,106.80000305175781,107.76000213623047,107.76000213623047
2018-06-14,108.4000015258789,108.16000366210938,108.16000366210938
2018-06-15,107.5199966430664,104.4000015258789,104.4000015258789
2018-06-18,105.36000061035156,106.31999969482422,106.31999969482422
2018-06-19,104.80000305175781,105.12000274658203,105.12000274658203
2018-06-20,106.55999755859375,106.23999786376953,106.23999786376953
2018-06-21,105.12000274658203,106.4800033569336,106.4800033569336
2018-06-22,109.68000030517578,112.16000366210938,112.16000366210938
2018-06-25,112.08000183105469,110.16000366210938,110.16000366210938
2018-06-26,111.27999877929688,114.16000366210938,114.16000366210938
2018-06-27,115.91999816894531,117.19999694824219,117.19999694824219
2018-06-28,117.83999633789062,118.87999725341797,118.87999725341797
2018-06-29,119.44000244140625,120.4800033569336,120.4800033569336
2018-07-02,120.0,119.68000030517578,119.68000030517578
2018-07-03,121.5199966430664,119.36000061035156,119.36000061035156
2018-07-05,120.0,118.23999786376953,118.23999786376953
2018-07-06,117.36000061035156,119.68000030517578,119.68000030517578
2018-07-09,119.76000213623047,120.23999786376953,120.23999786376953
2018-07-10,120.87999725341797,120.55999755859375,120.55999755859375
2018-07-11,119.04000091552734,114.4800033569336,114.4800033569336
2018-07-12,115.04000091552734,115.12000274658203,115.12000274658203
2018-07-13,115.36000061035156,115.76000213623047,115.76000213623047
2018-07-16,113.5999984741211,111.5199966430664,111.5199966430664
2018-07-17,110.72000122070312,111.5999984741211,111.5999984741211
2018-07-18,110.80000305175781,112.80000305175781,112.80000305175781
2018-07-19,112.63999938964844,113.04000091552734,113.04000091552734
2018-07-20,113.44000244140625,113.19999694824219,113.19999694824219
2018-07-23,114.55999755859375,112.72000122070312,112.72000122070312
2018-07-24,112.87999725341797,113.83999633789062,113.83999633789062
2018-07-25,114.23999786376953,115.36000061035156,115.36000061035156
2018-07-26,114.72000122070312,115.76000213623047,115.76000213623047
2018-07-27,115.5999984741211,114.55999755859375,114.55999755859375
2018-07-30,116.72000122070312,116.31999969482422,116.31999969482422
2018-07-31,115.04000091552734,114.23999786376953,114.23999786376953
2018-08-01,112.72000122070312,112.72000122070312,112.72000122070312
2018-08-02,112.08000183105469,114.87999725341797,114.87999725341797
2018-08-03,114.4800033569336,114.16000366210938,114.16000366210938
2018-08-06,115.19999694824219,114.4800033569336,114.4800033569336
2018-08-07,115.44000244140625,114.87999725341797,114.87999725341797
2018-08-08,113.5199966430664,111.19999694824219,111.19999694824219
2018-08-09,111.76000213623047,111.04000091552734,111.04000091552734
2018-08-10,112.08000183105469,112.63999938964844,112.63999938964844
2018-08-13,112.08000183105469,112.08000183105469,112.08000183105469
2018-08-14,113.76000213623047,111.91999816894531,111.91999816894531
2018-08-15,110.23999786376953,108.08000183105469,108.08000183105469
2018-08-16,108.55999755859375,109.04000091552734,109.04000091552734
2018-08-17,110.4800033569336,109.5199966430664,109.5199966430664
2018-08-20,109.5199966430664,110.08000183105469,110.08000183105469
2018-08-21,111.68000030517578,110.63999938964844,110.63999938964844
2018-08-22,113.04000091552734,114.16000366210938,114.16000366210938
2018-08-23,113.5999984741211,114.16000366210938,114.16000366210938
2018-08-24,116.0,115.44000244140625,115.44000244140625
2018-08-27,115.83999633789062,116.0,116.0
2018-08-28,116.08000183105469,115.44000244140625,115.44000244140625
2018-08-29,116.23999786376953,117.27999877929688,117.27999877929688
2018-08-30,117.5199966430664,118.0,118.0
2018-08-31,117.83999633789062,117.68000030517578,117.68000030517578
2018-09-04,118.80000305175781,116.63999938964844,116.63999938964844
2018-09-05,116.63999938964844,115.91999816894531,115.91999816894531
2018-09-06,115.68000030517578,114.4000015258789,114.4000015258789
2018-09-07,113.04000091552734,114.23999786376953,114.23999786376953
2018-09-10,115.04000091552734,113.68000030517578,113.68000030517578
2018-09-11,114.16000366210938,116.80000305175781,116.80000305175781
2018-09-12,118.0,118.23999786376953,118.23999786376953
2018-09-13,116.87999725341797,115.91999816894531,115.91999816894531
2018-09-14,115.83999633789062,116.0,116.0
2018-09-17,116.87999725341797,115.76000213623047,115.76000213623047
2018-09-18,117.5199966430664,117.5199966430664,117.5199966430664
2018-09-19,117.91999816894531,119.5199966430664,119.5199966430664
2018-09-20,120.16000366210938,118.4000015258789,118.4000015258789
2018-09-21,119.91999816894531,119.68000030517578,119.68000030517578
2018-09-24,121.76000213623047,122.0,122.0
2018-09-25,122.55999755859375,122.16000366210938,122.16000366210938
2018-09-26,121.36000061035156,120.87999725341797,120.87999725341797
2018-09-27,122.08000183105469,122.08000183105469,122.08000183105469
2018-09-28,121.91999816894531,124.16000366210938,124.16000366210938
2018-10-01,124.0,127.5999984741211,127.5999984741211
2018-10-02,127.5999984741211,126.95999908447266,126.95999908447266
2018-10-03,126.80000305175781,128.63999938964844,128.63999938964844
2018-10-04,128.24000549316406,125.91999816894531,125.91999816894531
2018-10-05,125.76000213623047,125.5199966430664,125.5199966430664
2018-10-08,124.4800033569336,125.44000244140625,125.44000244140625
2018-10-09,126.23999786376953,126.55999755859375,126.55999755859375
2018-10-10,126.16000366210938,123.04000091552734,123.04000091552734
2018-10-11,121.76000213623047,119.5999984741211,119.5999984741211
2018-10-12,121.12000274658203,120.95999908447266,120.95999908447266
2018-10-15,120.95999908447266,121.04000091552734,121.04000091552734
2018-10-16,120.72000122070312,121.5199966430664,121.5199966430664
2018-10-17,120.4000015258789,118.55999755859375,118.55999755859375
2018-10-18,116.4800033569336,116.4800033569336,116.4800033569336
2018-10-19,117.44000244140625,117.76000213623047,117.76000213623047
2018-10-22,116.80000305175781,117.91999816894531,117.91999816894531
2018-10-23,114.87999725341797,112.31999969482422,112.31999969482422
2018-10-24,113.91999816894531,112.4000015258789,112.4000015258789
2018-10-25,113.44000244140625,113.68000030517578,113.68000030517578
2018-10-26,112.95999908447266,114.63999938964844,114.63999938964844
2018-10-29,114.0,112.87999725341797,112.87999725341797
2018-10-30,111.19999694824219,112.23999786376953,112.23999786376953
2018-10-31,111.91999816894531,110.31999969482422,110.31999969482422
2018-11-01,110.87999725341797,107.68000030517578,107.68000030517578
2018-11-02,107.36000061035156,106.4800033569336,106.4800033569336
2018-11-05,107.91999816894531,106.4000015258789,106.4000015258789
2018-11-06,107.12000274658203,105.44000244140625,105.44000244140625
2018-11-07,106.08000183105469,104.4800033569336,104.4800033569336
2018-11-08,103.91999816894531,102.72000122070312,102.72000122070312
2018-11-09,101.19999694824219,101.5999984741211,101.5999984741211
2018-11-12,102.87999725341797,99.83999633789062,99.83999633789062
2018-11-13,99.36000061035156,93.5199966430664,93.5199966430664
2018-11-14,96.16000366210938,95.5999984741211,95.5999984741211
2018-11-15,95.91999816894531,95.83999633789062,95.83999633789062
2018-11-16,97.5999984741211,96.55999755859375,96.55999755859375
2018-11-19,95.04000091552734,97.12000274658203,97.12000274658203
2018-11-20,94.63999938964844,90.16000366210938,90.16000366210938
2018-11-21,92.08000183105469,92.16000366210938,92.16000366210938
2018-11-23,87.04000091552734,86.63999938964844,86.63999938964844
2018-11-26,87.5999984741211,87.5199966430664,87.5199966430664
2018-11-27,87.76000213623047,87.5999984741211,87.5999984741211
2018-11-28,86.80000305175781,85.27999877929688,85.27999877929688
2018-11-29,86.72000122070312,86.95999908447266,86.95999908447266
2018-11-30,85.04000091552734,85.83999633789062,85.83999633789062
2018-12-03,90.16000366210938,90.16000366210938,90.16000366210938
2018-12-04,90.0,89.44000244140625,89.44000244140625
2018-12-06,86.87999725341797,87.5199966430664,87.5199966430664
2018-12-07,90.95999908447266,88.87999725341797,88.87999725341797
2018-12-10,86.95999908447266,86.0,86.0
2018-12-11,88.31999969482422,87.5999984741211,87.5999984741211
2018-12-12,88.55999755859375,86.55999755859375,86.55999755859375
2018-12-13,85.91999816894531,89.68000030517578,89.68000030517578
2018-12-14,88.72000122070312,86.55999755859375,86.55999755859375
2018-12-17,87.12000274658203,83.5999984741211,83.5999984741211
2018-12-18,83.27999877929688,78.31999969482422,78.31999969482422
2018-12-19,79.76000213623047,80.16000366210938,80.16000366210938
2018-12-20,78.4800033569336,77.76000213623047,77.76000213623047
2018-12-21,76.95999908447266,76.55999755859375,76.55999755859375
2018-12-24,75.91999816894531,74.31999969482422,74.31999969482422
2018-12-26,74.0,79.19999694824219,79.19999694824219
2018-12-27,76.72000122070312,76.95999908447266,76.95999908447266
2018-12-28,76.31999969482422,76.23999786376953,76.23999786376953
2018-12-31,77.04000091552734,77.27999877929688,77.27999877929688
2019-01-02,75.36000061035156,78.80000305175781,78.80000305175781
2019-01-03,79.91999816894531,79.5999984741211,79.5999984741211
2019-01-04,81.36000061035156,81.44000244140625,81.44000244140625
2019-01-07,82.16000366210938,82.31999969482422,82.31999969482422
2019-01-08,83.44000244140625,84.0,84.0
2019-01-09,86.4800033569336,88.4000015258789,88.4000015258789
2019-01-10,87.12000274658203,88.80000305175781,88.80000305175781
2019-01-11,87.83999633789062,87.19999694824219,87.19999694824219
2019-01-14,86.4800033569336,85.5199966430664,85.5199966430664
2019-01-15,86.80000305175781,88.0,88.0
2019-01-16,87.5999984741211,88.4800033569336,88.4800033569336
2019-01-17,87.04000091552734,88.23999786376953,88.23999786376953
2019-01-18,88.95999908447266,90.4800033569336,90.4800033569336
2019-01-22,88.72000122070312,88.95999908447266,88.95999908447266
2019-01-23,89.36000061035156,88.4000015258789,88.4000015258789
2019-01-24,88.4800033569336,89.36000061035156,89.36000061035156
2019-01-25,89.5999984741211,90.0,90.0
2019-01-28,87.5199966430664,87.5999984741211,87.5999984741211
2019-01-29,88.95999908447266,89.27999877929688,89.27999877929688
2019-01-30,90.72000122070312,91.19999694824219,91.19999694824219
2019-01-31,92.0,90.80000305175781,90.80000305175781
2019-02-01,91.19999694824219,93.04000091552734,93.04000091552734
2019-02-04,91.04000091552734,92.0,92.0
2019-02-05,90.23999786376953,90.31999969482422,90.31999969482422
2019-02-06,89.68000030517578,90.55999755859375,90.55999755859375
2019-02-07,90.08000183105469,88.55999755859375,88.55999755859375
2019-02-08,88.80000305175781,88.63999938964844,88.63999938964844
2019-02-11,86.72000122070312,88.08000183105469,88.08000183105469
2019-02-12,90.55999755859375,89.27999877929688,89.27999877929688
2019-02-13,90.4000015258789,90.72000122070312,90.72000122070312
2019-02-14,90.16000366210938,91.83999633789062,91.83999633789062
2019-02-15,92.87999725341797,93.68000030517578,93.68000030517578
2019-02-19,93.12000274658203,94.23999786376953,94.23999786376953
2019-02-20,93.83999633789062,95.44000244140625,95.44000244140625
2019-02-21,95.12000274658203,95.04000091552734,95.04000091552734
2019-02-22,96.0,95.5999984741211,95.5999984741211
2019-02-25,93.83999633789062,92.55999755859375,92.55999755859375
2019-02-26,92.87999725341797,93.04000091552734,93.04000091552734
2019-02-27,94.63999938964844,95.12000274658203,95.12000274658203
2019-02-28,95.36000061035156,95.5999984741211,95.5999984741211
2019-03-01,95.5999984741211,93.27999877929688,93.27999877929688
2019-03-04,94.72000122070312,94.4000015258789,94.4000015258789
2019-03-05,95.27999877929688,94.55999755859375,94.55999755859375
2019-03-06,93.68000030517578,94.0,94.0
2019-03-07,94.63999938964844,94.4800033569336,94.4800033569336
2019-03-08,92.08000183105469,93.83999633789062,93.83999633789062
2019-03-11,94.95999908447266,94.87999725341797,94.87999725341797
2019-03-12,95.5199966430664,95.12000274658203,95.12000274658203
2019-03-13,96.4000015258789,97.5199966430664,97.5199966430664
2019-03-14,97.76000213623047,97.76000213623047,97.76000213623047
2019-03-15,96.63999938964844,97.5999984741211,97.5999984741211
2019-03-18,97.83999633789062,98.4800033569336,98.4800033569336
2019-03-19,99.04000091552734,98.23999786376953,98.23999786376953
2019-03-20,98.16000366210938,100.0,100.0
2019-03-21,99.83999633789062,99.5199966430664,99.5199966430664
2019-03-22,98.4000015258789,97.83999633789062,97.83999633789062
2019-03-25,97.44000244140625,98.0,98.0
2019-03-26,99.91999816894531,99.76000213623047,99.76000213623047
2019-03-27,99.91999816894531,98.72000122070312,98.72000122070312
2019-03-28,97.19999694824219,98.80000305175781,98.80000305175781
2019-03-29,100.4800033569336,100.0,100.0
2019-04-01,100.95999908447266,102.55999755859375,102.55999755859375
2019-04-02,103.04000091552734,104.08000183105469,104.08000183105469
2019-04-03,104.0,103.91999816894531,103.91999816894531
2019-04-04,103.83999633789062,103.36000061035156,103.36000061035156
2019-04-05,103.83999633789062,105.19999694824219,105.19999694824219
2019-04-08,105.83999633789062,107.19999694824219,107.19999694824219
2019-04-09,106.80000305175781,106.63999938964844,106.63999938964844
2019-04-10,107.04000091552734,107.27999877929688,107.27999877929688
2019-04-11,106.72000122070312,106.16000366210938,106.16000366210938
2019-04-12,106.87999725341797,106.4000015258789,106.4000015258789
2019-04-15,105.83999633789062,105.91999816894531,105.91999816894531
2019-04-16,105.83999633789062,106.95999908447266,106.95999908447266
2019-04-17,107.04000091552734,106.23999786376953,106.23999786376953
2019-04-18,106.4000015258789,106.55999755859375,106.55999755859375
2019-04-22,108.87999725341797,109.36000061035156,109.36000061035156
2019-04-23,109.76000213623047,110.31999969482422,110.31999969482422
2019-04-24,110.4800033569336,109.44000244140625,109.44000244140625
2019-04-25,109.5199966430664,108.23999786376953,108.23999786376953
2019-04-26,107.04000091552734,104.72000122070312,104.72000122070312
2019-04-29,105.19999694824219,105.83999633789062,105.83999633789062
2019-04-30,106.80000305175781,106.31999969482422,106.31999969482422
2019-05-01,106.23999786376953,105.76000213623047,105.76000213623047
2019-05-02,103.36000061035156,102.55999755859375,102.55999755859375
2019-05-03,102.95999908447266,102.95999908447266,102.95999908447266
2019-05-06,102.31999969482422,104.55999755859375,104.55999755859375
2019-05-07,102.23999786376953,101.83999633789062,101.83999633789062
2019-05-08,102.23999786376953,103.12000274658203,103.12000274658203
2019-05-09,102.55999755859375,102.4800033569336,102.4800033569336
2019-05-10,102.4000015258789,102.72000122070312,102.72000122070312
2019-05-13,105.12000274658203,101.44000244140625,101.44000244140625
2019-05-14,102.72000122070312,102.95999908447266,102.95999908447266
2019-05-15,102.16000366210938,103.76000213623047,103.76000213623047
2019-05-16,104.80000305175781,105.12000274658203,105.12000274658203
2019-05-17,105.27999877929688,104.63999938964844,104.63999938964844
2019-05-20,104.95999908447266,105.19999694824219,105.19999694824219
2019-05-21,104.87999725341797,105.04000091552734,105.04000091552734
2019-05-22,103.91999816894531,101.91999816894531,101.91999816894531
2019-05-23,98.95999908447266,96.72000122070312,96.72000122070312
2019-05-24,97.76000213623047,97.83999633789062,97.83999633789062
2019-05-28,98.95999908447266,97.83999633789062,97.83999633789062
2019-05-29,96.23999786376953,97.91999816894531,97.91999816894531
2019-05-30,98.23999786376953,94.08000183105469,94.08000183105469
2019-05-31,91.5999984741211,88.80000305175781,88.80000305175781
2019-06-03,90.4000015258789,87.91999816894531,87.91999816894531
2019-06-04,88.55999755859375,89.27999877929688,89.27999877929688
2019-06-05,88.08000183105469,86.16000366210938,86.16000366210938
2019-06-06,85.91999816894531,88.4800033569336,88.4800033569336
2019-06-07,87.76000213623047,89.83999633789062,89.83999633789062
2019-06-10,89.83999633789062,88.87999725341797,88.87999725341797
2019-06-11,89.5199966430664,88.87999725341797,88.87999725341797
2019-06-12,87.04000091552734,85.12000274658203,85.12000274658203
2019-06-13,88.55999755859375,87.04000091552734,87.04000091552734
2019-06-14,87.36000061035156,87.5199966430664,87.5199966430664
2019-06-17,86.80000305175781,86.4800033569336,86.4800033569336
2019-06-18,87.91999816894531,90.0,90.0
2019-06-19,89.12000274658203,90.63999938964844,90.63999938964844
2019-06-20,93.5199966430664,94.80000305175781,94.80000305175781
2019-06-21,94.87999725341797,95.76000213623047,95.76000213623047
2019-06-24,95.5999984741211,96.08000183105469,96.08000183105469
2019-06-25,96.31999969482422,96.0,96.0
2019-06-26,98.31999969482422,98.31999969482422,98.31999969482422
2019-06-27,98.31999969482422,98.31999969482422,98.31999969482422
2019-06-28,98.63999938964844,96.31999969482422,96.31999969482422
2019-07-01,99.5199966430664,98.23999786376953,98.23999786376953
2019-07-02,97.68000030517578,93.5999984741211,93.5999984741211
2019-07-03,94.4800033569336,94.16000366210938,94.16000366210938
2019-07-05,94.87999725341797,95.5999984741211,95.5999984741211
2019-07-08,96.0,95.44000244140625,95.44000244140625
2019-07-09,95.83999633789062,96.31999969482422,96.31999969482422
2019-07-10,98.63999938964844,100.23999786376953,100.23999786376953
2019-07-11,100.55999755859375,100.4000015258789,100.4000015258789
2019-07-12,100.08000183105469,100.16000366210938,100.16000366210938
2019-07-15,100.80000305175781,98.4000015258789,98.4000015258789
2019-07-16,98.95999908447266,96.55999755859375,96.55999755859375
2019-07-17,96.87999725341797,94.0,94.0
2019-07-18,94.31999969482422,92.4800033569336,92.4800033569336
2019-07-19,92.55999755859375,93.36000061035156,93.36000061035156
2019-07-22,92.95999908447266,93.44000244140625,93.44000244140625
2019-07-23,93.44000244140625,94.4800033569336,94.4800033569336
2019-07-24,94.4800033569336,92.72000122070312,92.72000122070312
2019-07-25,93.83999633789062,92.80000305175781,92.80000305175781
2019-07-26,93.12000274658203,93.19999694824219,93.19999694824219
2019-07-29,94.16000366210938,94.55999755859375,94.55999755859375
2019-07-30,94.72000122070312,96.63999938964844,96.63999938964844
2019-07-31,97.19999694824219,96.31999969482422,96.31999969482422
2019-08-01,94.95999908447266,90.4800033569336,90.4800033569336
2019-08-02,92.72000122070312,91.83999633789062,91.83999633789062
2019-08-05,90.4800033569336,90.95999908447266,90.95999908447266
2019-08-06,91.44000244140625,89.12000274658203,89.12000274658203
2019-08-07,86.4800033569336,86.72000122070312,86.72000122070312
2019-08-08,86.87999725341797,87.68000030517578,87.68000030517578
2019-08-09,89.76000213623047,90.23999786376953,90.23999786376953
2019-08-12,90.95999908447266,90.87999725341797,90.87999725341797
2019-08-13,90.63999938964844,94.95999908447266,94.95999908447266
2019-08-14,91.68000030517578,91.5199966430664,91.5199966430664
2019-08-15,90.4000015258789,90.80000305175781,90.80000305175781
2019-08-16,91.04000091552734,91.19999694824219,91.19999694824219
2019-08-19,92.80000305175781,93.27999877929688,93.27999877929688
2019-08-20,92.72000122070312,93.04000091552734,93.04000091552734
2019-08-21,94.72000122070312,92.87999725341797,92.87999725341797
2019-08-22,93.27999877929688,92.23999786376953,92.23999786376953
2019-08-23,89.83999633789062,89.5199966430664,89.5199966430664
2019-08-26,91.5199966430664,89.44000244140625,89.44000244140625
2019-08-27,89.91999816894531,91.36000061035156,91.36000061035156
2019-08-28,93.76000213623047,93.12000274658203,93.12000274658203
2019-08-29,93.19999694824219,94.23999786376953,94.23999786376953
2019-08-30,93.91999816894531,91.68000030517578,91.68000030517578
2019-09-03,88.72000122070312,89.76000213623047,89.76000213623047
2019-09-04,92.23999786376953,93.68000030517578,93.68000030517578
2019-09-05,94.4000015258789,93.5999984741211,93.5999984741211
2019-09-06,91.68000030517578,94.16000366210938,94.16000366210938
2019-09-09,95.36000061035156,96.63999938964844,96.63999938964844
2019-09-10,96.87999725341797,95.83999633789062,95.83999633789062
2019-09-11,95.91999816894531,93.44000244140625,93.44000244140625
2019-09-12,90.55999755859375,91.76000213623047,91.76000213623047
2019-09-13,91.91999816894531,91.5199966430664,91.5199966430664
2019-09-16,99.91999816894531,102.63999938964844,102.63999938964844
2019-09-17,103.44000244140625,98.31999969482422,98.31999969482422
2019-09-18,97.04000091552734,96.80000305175781,96.80000305175781
2019-09-19,97.76000213623047,97.5199966430664,97.5199966430664
2019-09-20,97.83999633789062,97.5999984741211,97.5999984741211
2019-09-23,97.12000274658203,97.68000030517578,97.68000030517578
2019-09-24,96.95999908447266,95.19999694824219,95.19999694824219
2019-09-25,93.27999877929688,94.4000015258789,94.4000015258789
2019-09-26,93.44000244140625,94.4000015258789,94.4000015258789
2019-09-27,92.55999755859375,93.27999877929688,93.27999877929688
2019-09-30,92.08000183105469,90.72000122070312,90.72000122070312
2019-10-01,91.12000274658203,89.5199966430664,89.5199966430664
2019-10-02,89.5999984741211,87.83999633789062,87.83999633789062
2019-10-03,86.63999938964844,87.44000244140625,87.44000244140625
2019-10-04,88.55999755859375,88.31999969482422,88.31999969482422
2019-10-07,89.12000274658203,88.31999969482422,88.31999969482422
2019-10-08,86.95999908447266,87.12000274658203,87.12000274658203
2019-10-09,89.44000244140625,87.91999816894531,87.91999816894531
2019-10-10,88.87999725341797,89.5199966430664,89.5199966430664
2019-10-11,89.91999816894531,91.36000061035156,91.36000061035156
2019-10-14,89.27999877929688,89.44000244140625,89.44000244140625
2019-10-15,89.19999694824219,88.4800033569336,88.4800033569336
2019-10-16,88.08000183105469,89.12000274658203,89.12000274658203
2019-10-17,88.55999755859375,90.23999786376953,90.23999786376953
2019-10-18,90.72000122070312,89.76000213623047,89.76000213623047
2019-10-21,88.4000015258789,89.68000030517578,89.68000030517578
2019-10-22,90.4800033569336,90.72000122070312,90.72000122070312
2019-10-23,90.23999786376953,93.19999694824219,93.19999694824219
2019-10-24,93.5999984741211,93.83999633789062,93.83999633789062
2019-10-25,93.68000030517578,94.63999938964844,94.63999938964844
2019-10-28,94.72000122070312,93.19999694824219,93.19999694824219
2019-10-29,91.5199966430664,92.63999938964844,92.63999938964844
2019-10-30,92.55999755859375,91.76000213623047,91.76000213623047
2019-10-31,91.12000274658203,90.4000015258789,90.4000015258789
2019-11-01,91.5999984741211,93.5199966430664,93.5199966430664
2019-11-04,95.44000244140625,94.4800033569336,94.4800033569336
2019-11-05,95.36000061035156,95.44000244140625,95.44000244140625
2019-11-06,95.68000030517578,94.4800033569336,94.4800033569336
2019-11-07,95.83999633789062,95.04000091552734,95.04000091552734
2019-11-08,93.83999633789062,95.91999816894531,95.91999816894531
2019-11-11,94.31999969482422,95.12000274658203,95.12000274658203
2019-11-12,95.68000030517578,94.95999908447266,94.95999908447266
2019-11-13,94.4000015258789,95.68000030517578,95.68000030517578
2019-11-14,96.31999969482422,95.27999877929688,95.27999877929688
2019-11-15,94.95999908447266,96.63999938964844,96.63999938964844
2019-11-18,95.83999633789062,95.19999694824219,95.19999694824219
2019-11-19,93.68000030517578,92.55999755859375,92.55999755859375
2019-11-20,93.44000244140625,95.19999694824219,95.19999694824219
2019-11-21,96.4800033569336,97.5999984741211,97.5999984741211
2019-11-22,97.5999984741211,96.87999725341797,96.87999725341797
2019-11-25,96.23999786376953,96.87999725341797,96.87999725341797
2019-11-26,97.36000061035156,97.5199966430664,97.5199966430664
2019-11-27,97.27999877929688,97.12000274658203,97.12000274658203
2019-11-29,95.44000244140625,92.95999908447266,92.95999908447266
2019-12-02,94.23999786376953,93.36000061035156,93.36000061035156
2019-12-03,93.36000061035156,94.08000183105469,94.08000183105469
2019-12-04,96.4800033569336,97.5199966430664,97.5199966430664
2019-12-05,98.4800033569336,97.5199966430664,97.5199966430664
2019-12-06,97.04000091552734,98.55999755859375,98.55999755859375
2019-12-09,98.0,98.63999938964844,98.63999938964844
2019-12-10,98.4800033569336,99.12000274658203,99.12000274658203
2019-12-11,98.63999938964844,98.4000015258789,98.4000015258789
2019-12-12,98.4000015258789,98.95999908447266,98.95999908447266
2019-12-13,99.27999877929688,99.91999816894531,99.91999816894531
2019-12-16,100.63999938964844,100.72000122070312,100.72000122070312
2019-12-17,101.19999694824219,101.76000213623047,101.76000213623047
2019-12-18,101.27999877929688,101.91999816894531,101.91999816894531
2019-12-19,102.0,102.23999786376953,102.23999786376953
2019-12-20,101.76000213623047,101.04000091552734,101.04000091552734
2019-12-23,100.87999725341797,101.5999984741211,101.5999984741211
2019-12-24,101.83999633789062,102.16000366210938,102.16000366210938
2019-12-26,102.55999755859375,103.12000274658203,103.12000274658203
2019-12-27,103.36000061035156,103.27999877929688,103.27999877929688
2019-12-30,104.08000183105469,103.12000274658203,103.12000274658203
2019-12-31,101.68000030517578,102.4800033569336,102.4800033569336
2020-01-02,102.4000015258789,102.4800033569336,102.4800033569336
2020-01-03,106.16000366210938,105.44000244140625,105.44000244140625
2020-01-06,106.4000015258789,105.27999877929688,105.27999877929688
2020-01-07,104.80000305175781,105.04000091552734,105.04000091552734
2020-01-08,104.4800033569336,101.27999877929688,101.27999877929688
2020-01-09,99.5999984741211,99.91999816894531,99.91999816894531
2020-01-10,99.44000244140625,99.27999877929688,99.27999877929688
2020-01-13,98.4800033569336,97.5999984741211,97.5999984741211
2020-01-14,98.16000366210938,98.23999786376953,98.23999786376953
2020-01-15,97.5999984741211,97.44000244140625,97.44000244140625
2020-01-16,97.5999984741211,98.31999969482422,98.31999969482422
2020-01-17,98.63999938964844,98.63999938964844,98.63999938964844
2020-01-21,97.76000213623047,97.91999816894531,97.91999816894531
2020-01-22,96.23999786376953,95.19999694824219,95.19999694824219
2020-01-23,92.80000305175781,93.27999877929688,93.27999877929688
2020-01-24,91.91999816894531,91.44000244140625,91.44000244140625
2020-01-27,88.87999725341797,88.80000305175781,88.80000305175781
2020-01-28,89.27999877929688,90.0,90.0
2020-01-29,90.23999786376953,89.27999877929688,89.27999877929688
2020-01-30,87.44000244140625,88.63999938964844,88.63999938964844
2020-01-31,87.04000091552734,86.72000122070312,86.72000122070312
2020-02-03,86.0,83.91999816894531,83.91999816894531
2020-02-04,85.44000244140625,83.5199966430664,83.5199966430664
2020-02-05,86.0,85.5999984741211,85.5999984741211
2020-02-06,85.12000274658203,85.91999816894531,85.91999816894531
2020-02-07,84.80000305175781,84.63999938964844,84.63999938964844
2020-02-10,83.83999633789062,83.36000061035156,83.36000061035156
2020-02-11,85.04000091552734,84.0,84.0
2020-02-12,86.55999755859375,86.4800033569336,86.4800033569336
2020-02-13,86.55999755859375,86.72000122070312,86.72000122070312
2020-02-14,87.68000030517578,87.5999984741211,87.5999984741211
2020-02-18,86.08000183105469,87.5999984741211,87.5999984741211
2020-02-19,89.04000091552734,89.44000244140625,89.44000244140625
2020-02-20,90.4800033569336,90.23999786376953,90.23999786376953
2020-02-21,88.63999938964844,89.27999877929688,89.27999877929688
2020-02-24,85.04000091552734,85.91999816894531,85.91999816894531
2020-02-25,86.08000183105469,83.19999694824219,83.19999694824219
2020-02-26,83.04000091552734,81.5199966430664,81.5199966430664
2020-02-27,77.76000213623047,78.23999786376953,78.23999786376953
2020-02-28,75.36000061035156,75.5999984741211,75.5999984741211
2020-03-02,77.36000061035156,79.36000061035156,79.36000061035156
2020-03-03,80.0,79.12000274658203,79.12000274658203
2020-03-04,80.87999725341797,78.87999725341797,78.87999725341797
2020-03-05,78.4800033569336,76.87999725341797,76.87999725341797
2020-03-06,74.08000183105469,69.83999633789062,69.83999633789062
2020-03-09,54.560001373291016,52.15999984741211,52.15999984741211
2020-03-10,56.720001220703125,57.91999816894531,57.91999816894531
2020-03-11,56.15999984741211,55.52000045776367,55.52000045776367
2020-03-12,51.52000045776367,52.31999969482422,52.31999969482422
2020-03-13,55.119998931884766,55.68000030517578,55.68000030517578
2020-03-16,48.720001220703125,48.400001525878906,48.400001525878906
2020-03-17,48.31999969482422,45.68000030517578,45.68000030517578
2020-03-18,40.47999954223633,37.68000030517578,37.68000030517578
2020-03-19,38.31999969482422,42.959999084472656,42.959999084472656
2020-03-20,42.2400016784668,39.52000045776367,39.52000045776367
2020-03-23,38.15999984741211,39.040000915527344,39.040000915527344
2020-03-24,40.47999954223633,39.84000015258789,39.84000015258789
2020-03-25,39.119998931884766,40.63999938964844,40.63999938964844
2020-03-26,39.20000076293945,38.63999938964844,38.63999938964844
2020-03-27,36.08000183105469,35.7599983215332,35.7599983215332
2020-03-30,33.68000030517578,33.84000015258789,33.84000015258789
2020-03-31,34.959999084472656,33.68000030517578,33.68000030517578
2020-04-01,33.91999816894531,35.040000915527344,35.040000915527344
2020-04-02,36.63999938964844,40.880001068115234,40.880001068115234
2020-04-03,45.599998474121094,47.20000076293945,47.20000076293945
2020-04-06,44.959999084472656,43.84000015258789,43.84000015258789
2020-04-07,43.68000030517578,40.720001220703125,40.720001220703125
2020-04-08,40.63999938964844,42.959999084472656,42.959999084472656
2020-04-09,43.20000076293945,39.84000015258789,39.84000015258789
2020-04-13,39.7599983215332,39.439998626708984,39.439998626708984
2020-04-14,38.08000183105469,37.279998779296875,37.279998779296875
2020-04-15,35.439998626708984,35.439998626708984,35.439998626708984
2020-04-16,35.20000076293945,34.880001068115234,34.880001068115234
2020-04-17,33.20000076293945,33.68000030517578,33.68000030517578
2020-04-20,30.079999923706055,30.0,30.0
2020-04-21,25.520000457763672,22.479999542236328,22.479999542236328
2020-04-22,23.200000762939453,20.079999923706055,20.079999923706055
2020-04-23,21.440000534057617,21.1200008392334,21.1200008392334
2020-04-24,21.520000457763672,20.559999465942383,20.559999465942383
2020-04-27,18.399999618530273,17.520000457763672,17.520000457763672
2020-04-28,17.280000686645508,17.040000915527344,17.040000915527344
2020-04-29,18.010000228881836,18.0,18.0
2020-04-30,18.760000228881836,19.1200008392334,19.1200008392334
2020-05-01,19.1200008392334,18.860000610351562,18.860000610351562
2020-05-04,18.579999923706055,19.670000076293945,19.670000076293945
2020-05-05,20.760000228881836,21.510000228881836,21.510000228881836
2020-05-06,21.290000915527344,20.850000381469727,20.850000381469727
2020-05-07,21.8799991607666,20.469999313354492,20.469999313354492
2020-05-08,21.079999923706055,21.469999313354492,21.469999313354492
2020-05-11,21.530000686645508,21.170000076293945,21.170000076293945
2020-05-12,21.399999618530273,20.969999313354492,20.969999313354492
2020-05-13,21.049999237060547,20.600000381469727,20.600000381469727
2020-05-14,20.729999542236328,21.450000762939453,21.450000762939453
2020-05-15,21.950000762939453,22.389999389648438,22.389999389648438
2020-05-18,24.040000915527344,24.309999465942383,24.309999465942383
2020-05-19,24.469999313354492,24.440000534057617,24.440000534057617
2020-05-20,24.950000762939453,25.34000015258789,25.34000015258789
2020-05-21,26.5,26.600000381469727,26.600000381469727
2020-05-22,26.09000015258789,25.56999969482422,25.56999969482422
2020-05-26,25.93000030517578,25.65999984741211,25.65999984741211
2020-05-27,25.18000030517578,25.0,25.0
2020-05-28,24.84000015258789,25.030000686645508,25.030000686645508
2020-05-29,24.639999389648438,25.8799991607666,25.8799991607666
2020-06-01,25.719999313354492,26.219999313354492,26.219999313354492
2020-06-02,26.549999237060547,27.06999969482422,27.06999969482422
2020-06-03,27.170000076293945,27.1200008392334,27.1200008392334
2020-06-04,27.079999923706055,27.5,27.5
2020-06-05,28.59000015258789,28.8700008392334,28.8700008392334
2020-06-08,28.969999313354492,28.3700008392334,28.3700008392334
2020-06-09,28.06999969482422,28.420000076293945,28.420000076293945
2020-06-10,28.079999923706055,28.43000030517578,28.43000030517578
2020-06-11,26.799999237060547,26.360000610351562,26.360000610351562
2020-06-12,26.639999389648438,26.43000030517578,26.43000030517578
2020-06-15,25.469999313354492,26.979999542236328,26.979999542236328
2020-06-16,27.860000610351562,27.639999389648438,27.639999389648438
2020-06-17,27.469999313354492,27.280000686645508,27.280000686645508
2020-06-18,27.309999465942383,27.889999389648438,27.889999389648438
2020-06-19,28.65999984741211,28.229999542236328,28.229999542236328
2020-06-22,28.43000030517578,28.979999542236328,28.979999542236328
2020-06-23,29.299999237060547,28.719999313354492,28.719999313354492
2020-06-24,28.40999984741211,27.25,27.25
2020-06-25,27.18000030517578,27.940000534057617,27.940000534057617
2020-06-26,27.670000076293945,27.360000610351562,27.360000610351562
2020-06-29,27.809999465942383,28.270000457763672,28.270000457763672
2020-06-30,27.889999389648438,28.059999465942383,28.059999465942383
2020-07-01,28.299999237060547,28.350000381469727,28.350000381469727
2020-07-02,28.790000915527344,28.75,28.75
2020-07-06,28.790000915527344,28.959999084472656,28.959999084472656
2020-07-07,28.850000381469727,28.790000915527344,28.790000915527344
2020-07-08,29.030000686645508,29.18000030517578,29.18000030517578
2020-07-09,29.06999969482422,28.40999984741211,28.40999984741211
2020-07-10,28.479999542236328,29.030000686645508,29.030000686645508
2020-07-13,29.010000228881836,28.5,28.5
2020-07-14,28.229999542236328,28.8799991607666,28.8799991607666
2020-07-15,29.079999923706055,29.290000915527344,29.290000915527344
2020-07-16,29.18000030517578,29.15999984741211,29.15999984741211
2020-07-17,29.170000076293945,29.100000381469727,29.100000381469727
2020-07-20,28.899999618530273,29.1200008392334,29.1200008392334
2020-07-21,29.979999542236328,29.719999313354492,29.719999313354492
2020-07-22,29.440000534057617,29.75,29.75
2020-07-23,29.59000015258789,29.40999984741211,29.40999984741211
2020-07-24,29.3700008392334,29.440000534057617,29.440000534057617
2020-07-27,29.34000015258789,29.719999313354492,29.719999313354492
2020-07-28,29.459999084472656,29.350000381469727,29.350000381469727
2020-07-29,29.600000381469727,29.56999969482422,29.56999969482422
2020-07-30,28.989999771118164,28.93000030517578,28.93000030517578
2020-07-31,29.09000015258789,29.06999969482422,29.06999969482422
2020-08-03,29.149999618530273,29.34000015258789,29.34000015258789
2020-08-04,29.229999542236328,29.780000686645508,29.780000686645508
2020-08-05,30.84000015258789,30.229999542236328,30.229999542236328
2020-08-06,30.520000457763672,30.18000030517578,30.18000030517578
2020-08-07,29.889999389648438,29.850000381469727,29.850000381469727
2020-08-10,30.15999984741211,30.15999984741211,30.15999984741211
2020-08-11,30.600000381469727,29.81999969482422,29.81999969482422
2020-08-12,30.469999313354492,30.559999465942383,30.559999465942383
2020-08-13,30.479999542236328,30.399999618530273,30.399999618530273
2020-08-14,30.229999542236328,30.329999923706055,30.329999923706055
2020-08-17,30.239999771118164,30.770000457763672,30.770000457763672
2020-08-18,30.40999984741211,30.600000381469727,30.600000381469727
2020-08-19,30.59000015258789,30.65999984741211,30.65999984741211
2020-08-20,30.020000457763672,30.520000457763672,30.520000457763672
2020-08-21,30.0,30.18000030517578,30.18000030517578
2020-08-24,30.329999923706055,30.350000381469727,30.350000381469727
2020-08-25,30.969999313354492,30.920000076293945,30.920000076293945
2020-08-26,31.06999969482422,30.93000030517578,30.93000030517578
2020-08-27,30.889999389648438,30.670000076293945,30.670000076293945
2020-08-28,30.719999313354492,30.719999313354492,30.719999313354492
2020-08-31,30.899999618530273,30.579999923706055,30.579999923706055
2020-09-01,30.639999389648438,30.610000610351562,30.610000610351562
2020-09-02,30.579999923706055,29.860000610351562,29.860000610351562
2020-09-03,29.149999618530273,29.639999389648438,29.639999389648438
2020-09-04,29.420000076293945,28.510000228881836,28.510000228881836
2020-09-08,26.8799991607666,26.75,26.75
2020-09-09,26.84000015258789,27.40999984741211,27.40999984741211
2020-09-10,27.229999542236328,26.790000915527344,26.790000915527344
2020-09-11,26.920000076293945,27.040000915527344,27.040000915527344
2020-09-14,26.739999771118164,26.940000534057617,26.940000534057617
2020-09-15,27.059999465942383,27.520000457763672,27.520000457763672
2020-09-16,28.200000762939453,28.700000762939453,28.700000762939453
2020-09-17,28.56999969482422,29.229999542236328,29.229999542236328
2020-09-18,29.190000534057617,29.059999465942383,29.059999465942383
2020-09-21,28.670000076293945,28.290000915527344,28.290000915527344
2020-09-22,28.360000610351562,28.170000076293945,28.170000076293945
2020-09-23,28.350000381469727,28.030000686645508,28.030000686645508
2020-09-24,28.299999237060547,28.5,28.5
2020-09-25,28.299999237060547,28.350000381469727,28.350000381469727
2020-09-28,28.5,28.690000534057617,28.690000534057617
2020-09-29,28.309999465942383,27.700000762939453,27.700000762939453
2020-09-30,27.940000534057617,28.290000915527344,28.290000915527344
2020-10-01,27.760000228881836,27.510000228881836,27.510000228881836
2020-10-02,26.25,26.350000381469727,26.350000381469727
2020-10-05,27.579999923706055,27.93000030517578,27.93000030517578
2020-10-06,28.65999984741211,28.389999389648438,28.389999389648438
2020-10-07,28.15999984741211,28.389999389648438,28.389999389648438
2020-10-08,28.989999771118164,29.139999389648438,29.139999389648438
2020-10-09,28.989999771118164,28.690000534057617,28.690000534057617
2020-10-12,28.399999618530273,28.06999969482422,28.06999969482422
2020-10-13,28.459999084472656,28.459999084472656,28.459999084472656
2020-10-14,28.889999389648438,28.979999542236328,28.979999542236328
2020-10-15,28.06999969482422,28.940000534057617,28.940000534057617
2020-10-16,28.59000015258789,28.719999313354492,28.719999313354492
2020-10-19,28.829999923706055,28.59000015258789,28.59000015258789
2020-10-20,28.479999542236328,29.049999237060547,29.049999237060547
2020-10-21,28.610000610351562,28.100000381469727,28.100000381469727
2020-10-22,28.299999237060547,28.510000228881836,28.510000228881836
2020-10-23,28.549999237060547,27.8799991607666,27.8799991607666
2020-10-26,27.329999923706055,27.110000610351562,27.110000610351562
2020-10-27,27.309999465942383,27.690000534057617,27.690000534057617
2020-10-28,26.440000534057617,26.309999465942383,26.309999465942383
2020-10-29,24.920000076293945,25.600000381469727,25.600000381469727
2020-10-30,25.309999465942383,25.25,25.25
2020-11-02,25.15999984741211,26.260000228881836,26.260000228881836
2020-11-03,26.940000534057617,26.719999313354492,26.719999313354492
2020-11-04,27.1200008392334,27.440000534057617,27.440000534057617
2020-11-05,27.40999984741211,27.15999984741211,27.15999984741211
2020-11-06,26.829999923706055,26.469999313354492,26.469999313354492
2020-11-09,28.59000015258789,28.06999969482422,28.06999969482422
2020-11-10,28.65999984741211,28.90999984741211,28.90999984741211
2020-11-11,29.700000762939453,29.040000915527344,29.040000915527344
2020-11-12,29.209999084472656,28.65999984741211,28.65999984741211
2020-11-13,28.520000457763672,28.1299991607666,28.1299991607666
2020-11-16,29.1200008392334,28.809999465942383,28.809999465942383
2020-11-17,28.56999969482422,28.8700008392334,28.8700008392334
2020-11-18,29.06999969482422,29.0,29.0
2020-11-19,28.93000030517578,29.09000015258789,29.09000015258789
2020-11-20,28.93000030517578,29.270000457763672,29.270000457763672
2020-11-23,29.579999923706055,29.520000457763672,29.520000457763672
2020-11-24,30.229999542236328,30.799999237060547,30.799999237060547
2020-11-25,31.299999237060547,31.3700008392334,31.3700008392334
2020-11-27,31.1200008392334,31.219999313354492,31.219999313354492
2020-11-30,31.1200008392334,30.969999313354492,30.969999313354492
2020-12-01,30.920000076293945,30.6200008392334,30.6200008392334
2020-12-02,30.579999923706055,30.969999313354492,30.969999313354492
2020-12-03,30.889999389648438,31.25,31.25
2020-12-04,31.309999465942383,31.559999465942383,31.559999465942383
2020-12-07,31.440000534057617,31.399999618530273,31.399999618530273
2020-12-08,31.219999313354492,31.40999984741211,31.40999984741211
2020-12-09,31.549999237060547,31.34000015258789,31.34000015258789
2020-12-10,31.84000015258789,32.11000061035156,32.11000061035156
2020-12-11,32.029998779296875,31.940000534057617,31.940000534057617
2020-12-14,32.13999938964844,32.16999816894531,32.16999816894531
2020-12-15,32.31999969482422,32.540000915527344,32.540000915527344
2020-12-16,32.54999923706055,32.7400016784668,32.7400016784668
2020-12-17,33.0099983215332,33.15999984741211,33.15999984741211
2020-12-18,33.33000183105469,33.47999954223633,33.47999954223633
2020-12-21,32.18000030517578,32.63999938964844,32.63999938964844
2020-12-22,32.279998779296875,32.09000015258789,32.09000015258789
2020-12-23,32.33000183105469,32.75,32.75
2020-12-24,32.65999984741211,32.91999816894531,32.91999816894531
2020-12-28,32.880001068115234,32.59000015258789,32.59000015258789
2020-12-29,32.95000076293945,32.779998779296875,32.779998779296875
2020-12-30,32.58000183105469,32.90999984741211,32.90999984741211
2020-12-31,32.72999954223633,33.0099983215332,33.0099983215332
2021-01-04,33.0,32.380001068115234,32.380001068115234
2021-01-05,33.380001068115234,33.939998626708984,33.939998626708984
2021-01-06,33.939998626708984,34.11000061035156,34.11000061035156
2021-01-07,34.349998474121094,34.529998779296875,34.529998779296875
2021-01-08,34.93000030517578,35.43000030517578,35.43000030517578
2021-01-11,34.880001068115234,35.2599983215332,35.2599983215332
2021-01-12,35.650001525878906,35.900001525878906,35.900001525878906
2021-01-13,35.77000045776367,35.79999923706055,35.79999923706055
2021-01-14,35.70000076293945,36.2400016784668,36.2400016784668
2021-01-15,35.720001220703125,35.34000015258789,35.34000015258789
2021-01-19,35.709999084472656,35.75,35.75
2021-01-20,36.13999938964844,35.790000915527344,35.790000915527344
2021-01-21,35.81999969482422,35.7599983215332,35.7599983215332
2021-01-22,34.959999084472656,35.22999954223633,35.22999954223633
2021-01-25,35.11000061035156,35.59000015258789,35.59000015258789
2021-01-26,35.689998626708984,35.45000076293945,35.45000076293945
2021-01-27,35.40999984741211,35.5,35.5
2021-01-28,35.91999816894531,35.25,35.25
2021-01-29,35.63999938964844,35.18000030517578,35.18000030517578
2021-02-01,35.77000045776367,36.119998931884766,36.119998931884766
2021-02-02,36.970001220703125,36.81999969482422,36.81999969482422
2021-02-03,37.189998626708984,37.439998626708984,37.439998626708984
2021-02-04,37.61000061035156,37.810001373291016,37.810001373291016
2021-02-05,38.33000183105469,38.189998626708984,38.189998626708984
2021-02-08,38.470001220703125,38.939998626708984,38.939998626708984
2021-02-09,38.70000076293945,39.16999816894531,39.16999816894531
2021-02-10,39.2400016784668,39.279998779296875,39.279998779296875
2021-02-11,39.31999969482422,38.970001220703125,38.970001220703125
2021-02-12,39.0099983215332,39.939998626708984,39.939998626708984
2021-02-16,40.189998626708984,40.45000076293945,40.45000076293945
2021-02-17,40.27000045776367,40.88999938964844,40.88999938964844
2021-02-18,41.09000015258789,40.27000045776367,40.27000045776367
2021-02-19,40.2599983215332,39.68000030517578,39.68000030517578
2021-02-22,40.54999923706055,41.279998779296875,41.279998779296875
2021-02-23,41.150001525878906,41.619998931884766,41.619998931884766
2021-02-24,41.880001068115234,42.5,42.5
2021-02-25,42.31999969482422,42.459999084472656,42.459999084472656
2021-02-26,42.119998931884766,41.310001373291016,41.310001373291016
2021-03-01,41.29999923706055,40.599998474121094,40.599998474121094
2021-03-02,40.95000076293945,40.06999969482422,40.06999969482422
2021-03-03,40.880001068115234,41.13999938964844,41.13999938964844
2021-03-04,41.869998931884766,43.06999969482422,43.06999969482422
2021-03-05,44.08000183105469,44.439998626708984,44.439998626708984
2021-03-08,44.119998931884766,43.5,43.5
2021-03-09,43.72999954223633,43.11000061035156,43.11000061035156
2021-03-10,43.279998779296875,43.7400016784668,43.7400016784668
2021-03-11,43.90999984741211,44.599998474121094,44.599998474121094
2021-03-12,44.36000061035156,44.349998474121094,44.349998474121094
2021-03-15,43.900001525878906,44.2599983215332,44.2599983215332
2021-03-16,43.56999969482422,43.83000183105469,43.83000183105469
2021-03-17,43.689998626708984,43.81999969482422,43.81999969482422
2021-03-18,42.9900016784668,40.470001220703125,40.470001220703125
2021-03-19,40.83000183105469,41.77000045776367,41.77000045776367
2021-03-22,41.970001220703125,41.709999084472656,41.709999084472656
2021-03-23,40.290000915527344,39.369998931884766,39.369998931884766
2021-03-24,40.689998626708984,41.45000076293945,41.45000076293945
2021-03-25,40.470001220703125,39.88999938964844,39.88999938964844
2021-03-26,41.380001068115234,41.529998779296875,41.529998779296875
2021-03-29,41.22999954223633,41.91999816894531,41.91999816894531
2021-03-30,41.15999984741211,41.16999816894531,41.16999816894531
2021-03-31,40.9900016784668,40.529998779296875,40.529998779296875
2021-04-01,41.470001220703125,41.84000015258789,41.84000015258789
2021-04-05,41.209999084472656,40.279998779296875,40.279998779296875
2021-04-06,41.15999984741211,40.70000076293945,40.70000076293945
2021-04-07,40.540000915527344,40.86000061035156,40.86000061035156
2021-04-08,40.63999938964844,40.81999969482422,40.81999969482422
2021-04-09,40.619998931884766,40.63999938964844,40.63999938964844
2021-04-12,41.279998779296875,40.900001525878906,40.900001525878906
2021-04-13,41.33000183105469,41.400001525878906,41.400001525878906
2021-04-14,42.150001525878906,43.040000915527344,43.040000915527344
2021-04-15,43.060001373291016,43.27000045776367,43.27000045776367
2021-04-16,43.34000015258789,43.18000030517578,43.18000030517578
2021-04-19,43.220001220703125,43.31999969482422,43.31999969482422
2021-04-20,43.349998474121094,42.7400016784668,42.7400016784668
2021-04-21,41.790000915527344,41.77000045776367,41.77000045776367
2021-04-22,42.2400016784668,42.09000015258789,42.09000015258789
2021-04-23,41.90999984741211,42.459999084472656,42.459999084472656
2021-04-26,41.779998779296875,42.33000183105469,42.33000183105469
2021-04-27,42.65999984741211,43.11000061035156,43.11000061035156
2021-04-28,43.439998626708984,43.529998779296875,43.529998779296875
2021-04-29,44.470001220703125,44.2599983215332,44.2599983215332
2021-04-30,43.380001068115234,43.27000045776367,43.27000045776367
2021-05-03,43.560001373291016,43.97999954223633,43.97999954223633
2021-05-04,44.7400016784668,44.869998931884766,44.869998931884766
2021-05-05,45.22999954223633,44.65999984741211,44.65999984741211
2021-05-06,44.79999923706055,44.40999984741211,44.40999984741211
2021-05-07,44.060001373291016,44.43000030517578,44.43000030517578
2021-05-10,44.849998474121094,44.47999954223633,44.47999954223633
2021-05-11,43.91999816894531,44.869998931884766,44.869998931884766
2021-05-12,45.130001068115234,45.220001220703125,45.220001220703125
2021-05-13,43.97999954223633,43.810001373291016,43.810001373291016
2021-05-14,44.439998626708984,44.709999084472656,44.709999084472656
2021-05-17,44.880001068115234,45.38999938964844,45.38999938964844
2021-05-18,45.130001068115234,44.84000015258789,44.84000015258789
2021-05-19,43.70000076293945,43.43000030517578,43.43000030517578
2021-05-20,43.2400016784668,42.47999954223633,42.47999954223633
2021-05-21,43.5,43.70000076293945,43.70000076293945
2021-05-24,44.279998779296875,45.02000045776367,45.02000045776367
2021-05-25,45.06999969482422,44.91999816894531,44.91999816894531
2021-05-26,44.7400016784668,45.20000076293945,45.20000076293945
2021-05-27,45.189998626708984,45.54999923706055,45.54999923706055
2021-05-28,45.81999969482422,45.41999816894531,45.41999816894531
2021-06-01,46.58000183105469,46.33000183105469,46.33000183105469
2021-06-02,46.560001373291016,46.900001525878906,46.900001525878906
2021-06-03,47.099998474121094,46.970001220703125,46.970001220703125
2021-06-04,47.45000076293945,47.2599983215332,47.2599983215332
2021-06-07,47.34000015258789,47.27000045776367,47.27000045776367
2021-06-08,47.08000183105469,47.880001068115234,47.880001068115234
2021-06-09,47.95000076293945,47.58000183105469,47.58000183105469
2021-06-10,47.9900016784668,47.83000183105469,47.83000183105469
2021-06-11,47.93000030517578,48.06999969482422,48.06999969482422
2021-06-14,48.400001525878906,48.31999969482422,48.31999969482422
2021-06-15,48.68000030517578,48.97999954223633,48.97999954223633
2021-06-16,48.86000061035156,48.75,48.75
2021-06-17,48.91999816894531,48.040000915527344,48.040000915527344
2021-06-18,47.849998474121094,48.36000061035156,48.36000061035156
2021-06-21,48.400001525878906,49.36000061035156,49.36000061035156
2021-06-22,49.29999923706055,49.41999816894531,49.41999816894531
2021-06-23,50.09000015258789,49.720001220703125,49.720001220703125
2021-06-24,49.40999984741211,49.84000015258789,49.84000015258789
2021-06-25,50.029998779296875,50.25,50.25
2021-06-28,50.06999969482422,49.540000915527344,49.540000915527344
2021-06-29,49.939998626708984,49.88999938964844,49.88999938964844
2021-06-30,49.91999816894531,49.880001068115234,49.880001068115234
2021-07-01,51.209999084472656,50.619998931884766,50.619998931884766
2021-07-02,50.5,50.93000030517578,50.93000030517578
2021-07-06,50.619998931884766,49.900001525878906,49.900001525878906
2021-07-07,49.849998474121094,48.65999984741211,48.65999984741211
2021-07-08,48.709999084472656,49.52000045776367,49.52000045776367
2021-07-09,50.0,50.40999984741211,50.40999984741211
2021-07-12,49.939998626708984,50.310001373291016,50.310001373291016
2021-07-13,50.5099983215332,51.150001525878906,51.150001525878906
2021-07-14,51.130001068115234,49.70000076293945,49.70000076293945
2021-07-15,49.130001068115234,49.040000915527344,49.040000915527344
2021-07-16,49.400001525878906,49.13999938964844,49.13999938964844
2021-07-19,47.619998931884766,45.84000015258789,45.84000015258789
2021-07-20,45.63999938964844,46.5099983215332,46.5099983215332
2021-07-21,47.36000061035156,48.27000045776367,48.27000045776367
2021-07-22,48.68000030517578,49.16999816894531,49.16999816894531
2021-07-23,49.25,49.470001220703125,49.470001220703125
2021-07-26,49.2599983215332,49.66999816894531,49.66999816894531
2021-07-27,49.58000183105469,49.470001220703125,49.470001220703125
2021-07-28,49.630001068115234,49.720001220703125,49.720001220703125
2021-07-29,50.18000030517578,50.63999938964844,50.63999938964844
2021-07-30,50.70000076293945,50.65999984741211,50.65999984741211
2021-08-02,50.349998474121094,49.18000030517578,49.18000030517578
2021-08-03,48.11000061035156,48.849998474121094,48.849998474121094
2021-08-04,47.540000915527344,47.20000076293945,47.20000076293945
2021-08-05,47.34000015258789,48.099998474121094,48.099998474121094
2021-08-06,48.41999816894531,47.56999969482422,47.56999969482422
2021-08-09,46.470001220703125,46.599998474121094,46.599998474121094
2021-08-10,46.970001220703125,47.68000030517578,47.68000030517578
2021-08-11,47.20000076293945,48.29999923706055,48.29999923706055
2021-08-12,48.15999984741211,48.099998474121094,48.099998474121094
2021-08-13,48.11000061035156,47.43000030517578,47.43000030517578
2021-08-16,46.380001068115234,47.040000915527344,47.040000915527344
2021-08-17,46.65999984741211,46.58000183105469,46.58000183105469
2021-08-18,46.72999954223633,45.400001525878906,45.400001525878906
2021-08-19,44.290000915527344,44.77000045776367,44.77000045776367
2021-08-20,43.900001525878906,43.43000030517578,43.43000030517578
2021-08-23,45.349998474121094,45.849998474121094,45.849998474121094
2021-08-24,46.66999816894531,47.369998931884766,47.369998931884766
2021-08-25,47.33000183105469,47.810001373291016,47.810001373291016
2021-08-26,47.2400016784668,47.47999954223633,47.47999954223633
2021-08-27,48.02000045776367,48.150001525878906,48.150001525878906
2021-08-30,48.150001525878906,48.400001525878906,48.400001525878906
2021-08-31,48.18000030517578,48.040000915527344,48.040000915527344
2021-09-01,47.36000061035156,47.93000030517578,47.93000030517578
2021-09-02,49.0099983215332,48.95000076293945,48.95000076293945
2021-09-03,48.970001220703125,48.65999984741211,48.65999984741211
2021-09-07,47.93000030517578,48.040000915527344,48.040000915527344
2021-09-08,48.880001068115234,48.59000015258789,48.59000015258789
2021-09-09,47.81999969482422,47.75,47.75
2021-09-10,49.0,48.79999923706055,48.79999923706055
2021-09-13,49.400001525878906,49.47999954223633,49.47999954223633
2021-09-14,49.779998779296875,49.310001373291016,49.310001373291016
2021-09-15,50.45000076293945,50.689998626708984,50.689998626708984
2021-09-16,50.54999923706055,50.70000076293945,50.70000076293945
2021-09-17,50.20000076293945,50.31999969482422,50.31999969482422
2021-09-20,49.56999969482422,49.599998474121094,49.599998474121094
2021-09-21,49.61000061035156,49.58000183105469,49.58000183105469
2021-09-22,50.2599983215332,50.47999954223633,50.47999954223633
2021-09-23,50.7599983215332,51.380001068115234,51.380001068115234
2021-09-24,51.290000915527344,51.81999969482422,51.81999969482422
2021-09-27,52.84000015258789,52.90999984741211,52.90999984741211
2021-09-28,53.459999084472656,52.400001525878906,52.400001525878906
2021-09-29,52.560001373291016,52.31999969482422,52.31999969482422
2021-09-30,51.70000076293945,52.560001373291016,52.560001373291016
2021-10-01,52.619998931884766,53.2599983215332,53.2599983215332
2021-10-04,54.06999969482422,54.4900016784668,54.4900016784668
2021-10-05,55.27000045776367,55.630001068115234,55.630001068115234
2021-10-06,54.77000045776367,54.15999984741211,54.15999984741211
2021-10-07,54.02000045776367,55.36000061035156,55.36000061035156
2021-10-08,55.720001220703125,55.470001220703125,55.470001220703125
2021-10-11,56.40999984741211,56.18000030517578,56.18000030517578
2021-10-12,56.31999969482422,56.11000061035156,56.11000061035156
2021-10-13,55.630001068115234,56.15999984741211,56.15999984741211
2021-10-14,56.650001525878906,56.810001373291016,56.810001373291016
2021-10-15,57.25,57.150001525878906,57.150001525878906
2021-10-18,57.72999954223633,56.959999084472656,56.959999084472656
2021-10-19,56.900001525878906,57.41999816894531,57.41999816894531
2021-10-20,57.0,58.119998931884766,58.119998931884766
2021-10-21,57.58000183105469,57.40999984741211,57.40999984741211
2021-10-22,57.7400016784668,58.029998779296875,58.029998779296875
2021-10-25,58.41999816894531,57.83000183105469,57.83000183105469
2021-10-26,58.08000183105469,58.45000076293945,58.45000076293945
2021-10-27,57.63999938964844,56.900001525878906,56.900001525878906
2021-10-28,56.849998474121094,57.400001525878906,57.400001525878906
2021-10-29,56.790000915527344,57.150001525878906,57.150001525878906
2021-11-01,57.90999984741211,57.529998779296875,57.529998779296875
2021-11-02,57.310001373291016,57.529998779296875,57.529998779296875
2021-11-03,56.15999984741211,55.34000015258789,55.34000015258789
2021-11-04,57.310001373291016,54.91999816894531,54.91999816894531
2021-11-05,55.650001525878906,56.54999923706055,56.54999923706055
2021-11-08,56.58000183105469,57.09000015258789,57.09000015258789
2021-11-09,57.209999084472656,57.970001220703125,57.970001220703125
2021-11-10,57.790000915527344,56.31999969482422,56.31999969482422
2021-11-11,56.439998626708984,56.220001220703125,56.220001220703125
2021-11-12,55.810001373291016,55.97999954223633,55.97999954223633
2021-11-15,55.38999938964844,56.06999969482422,56.06999969482422
2021-11-16,56.0,56.20000076293945,56.20000076293945
2021-11-17,55.86000061035156,55.0,55.0
2021-11-18,55.369998931884766,55.54999923706055,55.54999923706055
2021-11-19,54.84000015258789,53.779998779296875,53.779998779296875
2021-11-22,53.9900016784668,54.45000076293945,54.45000076293945
2021-11-23,55.45000076293945,56.20000076293945,56.20000076293945
2021-11-24,55.810001373291016,55.880001068115234,55.880001068115234
2021-11-26,52.33000183105469,49.630001068115234,49.630001068115234
2021-11-29,51.970001220703125,50.16999816894531,50.16999816894531
2021-11-30,48.619998931884766,47.90999984741211,47.90999984741211
2021-12-01,49.09000015258789,47.040000915527344,47.040000915527344
2021-12-02,46.529998779296875,48.290000915527344,48.290000915527344
2021-12-03,49.70000076293945,48.0,48.0
2021-12-06,49.04999923706055,50.5099983215332,50.5099983215332
2021-12-07,51.31999969482422,51.59000015258789,51.59000015258789
2021-12-08,51.77000045776367,52.41999816894531,52.41999816894531
2021-12-09,51.91999816894531,51.02000045776367,51.02000045776367
2021-12-10,51.720001220703125,52.029998779296875,52.029998779296875
2021-12-13,51.54999923706055,51.439998626708984,51.439998626708984
2021-12-14,50.779998779296875,50.91999816894531,50.91999816894531
2021-12-15,50.63999938964844,51.619998931884766,51.619998931884766
2021-12-16,51.56999969482422,51.869998931884766,51.869998931884766
2021-12-17,51.290000915527344,50.779998779296875,50.779998779296875
2021-12-20,49.029998779296875,49.900001525878906,49.900001525878906
2021-12-21,50.900001525878906,51.56999969482422,51.56999969482422
2021-12-22,51.41999816894531,52.47999954223633,52.47999954223633
2021-12-23,52.47999954223633,53.130001068115234,53.130001068115234
2021-12-27,52.97999954223633,54.52000045776367,54.52000045776367
2021-12-28,54.83000183105469,54.66999816894531,54.66999816894531
2021-12-29,54.47999954223633,55.08000183105469,55.08000183105469
2021-12-30,55.31999969482422,55.099998474121094,55.099998474121094
2021-12-31,54.88999938964844,54.36000061035156,54.36000061035156
2022-01-03,53.970001220703125,54.83000183105469,54.83000183105469
2022-01-04,55.310001373291016,55.59000015258789,55.59000015258789
2022-01-05,56.15999984741211,55.43000030517578,55.43000030517578
2022-01-06,57.099998474121094,56.88999938964844,56.88999938964844
2022-01-07,56.900001525878906,56.66999816894531,56.66999816894531
2022-01-10,56.56999969482422,56.15999984741211,56.15999984741211
2022-01-11,56.95000076293945,58.15999984741211,58.15999984741211
2022-01-12,58.369998931884766,58.90999984741211,58.90999984741211
2022-01-13,59.02000045776367,58.27000045776367,58.27000045776367
2022-01-14,59.099998474121094,59.970001220703125,59.970001220703125
2022-01-18,60.36000061035156,60.970001220703125,60.970001220703125
2022-01-19,61.25,61.04999923706055,61.04999923706055
2022-01-20,61.2400016784668,60.65999984741211,60.65999984741211
2022-01-21,60.869998931884766,60.779998779296875,60.779998779296875
2022-01-24,59.90999984741211,60.11000061035156,60.11000061035156
2022-01-25,59.90999984741211,60.970001220703125,60.970001220703125
2022-01-26,61.66999816894531,61.68000030517578,61.68000030517578
2022-01-27,62.65999984741211,61.86000061035156,61.86000061035156
2022-01-28,62.63999938964844,61.970001220703125,61.970001220703125
2022-01-31,62.189998626708984,62.47999954223633,62.47999954223633
2022-02-01,61.90999984741211,62.529998779296875,62.529998779296875
2022-02-02,62.779998779296875,62.52000045776367,62.52000045776367
2022-02-03,62.099998474121094,63.5099983215332,63.5099983215332
2022-02-04,64.68000030517578,64.91000366210938,64.91000366210938
2022-02-07,64.61000061035156,64.68000030517578,64.68000030517578
2022-02-08,63.709999084472656,63.619998931884766,63.619998931884766
2022-02-09,63.790000915527344,64.16999816894531,64.16999816894531
2022-02-10,63.900001525878906,63.959999084472656,63.959999084472656
2022-02-11,64.43000030517578,65.73999786376953,65.73999786376953
2022-02-14,64.97000122070312,66.36000061035156,66.36000061035156
2022-02-15,64.19999694824219,64.27999877929688,64.27999877929688
2022-02-16,65.08000183105469,63.540000915527344,63.540000915527344
2022-02-17,63.619998931884766,64.16999816894531,64.16999816894531
2022-02-18,63.13999938964844,64.73999786376953,64.73999786376953
2022-02-22,66.86000061035156,65.54000091552734,65.54000091552734
2022-02-23,65.9000015258789,66.23999786376953,66.23999786376953
2022-02-24,70.19000244140625,66.33999633789062,66.33999633789062
2022-02-25,65.55999755859375,65.80000305175781,65.80000305175781
2022-02-28,67.37999725341797,67.4800033569336,67.4800033569336
2022-03-01,70.33999633789062,71.81999969482422,71.81999969482422
2022-03-02,74.1500015258789,75.41999816894531,75.41999816894531
2022-03-03,74.76000213623047,74.52999877929688,74.52999877929688
2022-03-04,77.0,79.45999908447266,79.45999908447266
2022-03-07,79.93000030517578,82.37000274658203,82.37000274658203
2022-03-08,85.43000030517578,85.43000030517578,85.43000030517578
2022-03-09,80.0,75.47000122070312,75.47000122070312
2022-03-10,77.05999755859375,74.05999755859375,74.05999755859375
2022-03-11,74.80999755859375,76.4000015258789,76.4000015258789
2022-03-14,73.52999877929688,72.83999633789062,72.83999633789062
2022-03-15,69.56999969482422,68.62999725341797,68.62999725341797
2022-03-16,70.63999938964844,68.27999877929688,68.27999877929688
2022-03-17,72.6500015258789,73.68000030517578,73.68000030517578
2022-03-18,74.25,74.63999938964844,74.63999938964844
2022-03-21,77.41000366210938,79.54000091552734,79.54000091552734
2022-03-22,78.69000244140625,78.55999755859375,78.55999755859375
2022-03-23,81.37999725341797,81.94999694824219,81.94999694824219
2022-03-24,81.66999816894531,79.75,79.75
2022-03-25,78.87999725341797,80.73999786376953,80.73999786376953
2022-03-28,76.8499984741211,74.52999877929688,74.52999877929688
2022-03-29,72.30000305175781,76.1500015258789,76.1500015258789
2022-03-30,78.06999969482422,77.91000366210938,77.91000366210938
2022-03-31,75.76000213623047,74.12000274658203,74.12000274658203
2022-04-01,73.37000274658203,74.16999816894531,74.16999816894531
2022-04-04,76.45999908447266,76.86000061035156,76.86000061035156
2022-04-05,77.33999633789062,74.80000305175781,74.80000305175781
2022-04-06,76.25,73.05000305175781,73.05000305175781
2022-04-07,73.26000213623047,73.11000061035156,73.11000061035156
2022-04-08,72.69000244140625,74.11000061035156,74.11000061035156
2022-04-11,71.75,72.30000305175781,72.30000305175781
2022-04-12,74.94999694824219,75.9800033569336,75.9800033569336
2022-04-13,77.1500015258789,78.41999816894531,78.41999816894531
2022-04-14,77.33999633789062,79.56999969482422,79.56999969482422
2022-04-18,80.80999755859375,80.41000366210938,80.41000366210938
2022-04-19,78.05999755859375,76.86000061035156,76.86000061035156
2022-04-20,77.51000213623047,77.23999786376953,77.23999786376953
2022-04-21,78.33999633789062,78.12000274658203,78.12000274658203
2022-04-22,76.9800033569336,76.30999755859375,76.30999755859375
2022-04-25,72.63999938964844,74.6500015258789,74.6500015258789
2022-04-26,75.33000183105469,76.45999908447266,76.45999908447266
2022-04-27,75.12000274658203,76.37000274658203,76.37000274658203
2022-04-28,76.27999877929688,78.08000183105469,78.08000183105469
2022-04-29,78.80000305175781,77.16000366210938,77.16000366210938
2022-05-02,75.37999725341797,78.37999725341797,78.37999725341797
2022-05-03,76.91999816894531,76.69000244140625,76.69000244140625
2022-05-04,79.4000015258789,80.22000122070312,80.22000122070312
2022-05-05,82.20999908447266,80.4800033569336,80.4800033569336
2022-05-06,81.62999725341797,82.12999725341797,82.12999725341797
2022-05-09,79.80999755859375,76.56999969482422,76.56999969482422
2022-05-10,77.06999969482422,74.52999877929688,74.52999877929688
2022-05-11,77.76000213623047,78.18000030517578,78.18000030517578
2022-05-12,78.48999786376953,79.2300033569336,79.2300033569336
2022-05-13,80.5999984741211,81.27999877929688,81.27999877929688
2022-05-16,80.9800033569336,83.11000061035156,83.11000061035156
2022-05-17,83.05000305175781,81.11000061035156,81.11000061035156
2022-05-18,82.0199966430664,79.29000091552734,79.29000091552734
2022-05-19,78.5,80.58000183105469,80.58000183105469
2022-05-20,81.20999908447266,81.6500015258789,81.6500015258789
2022-05-23,81.36000061035156,81.97000122070312,81.97000122070312
2022-05-24,82.02999877929688,82.0,82.0
2022-05-25,82.20999908447266,82.4800033569336,82.4800033569336
2022-05-26,83.1500015258789,84.58999633789062,84.58999633789062
2022-05-27,84.33000183105469,85.45999908447266,85.45999908447266
2022-05-31,87.98999786376953,85.47000122070312,85.47000122070312
2022-06-01,86.70999908447266,85.54000091552734,85.54000091552734
2022-06-02,85.87999725341797,87.25,87.25
2022-06-03,87.20999908447266,89.47000122070312,89.47000122070312
2022-06-06,89.06999969482422,88.38999938964844,88.38999938964844
2022-06-07,88.68000030517578,90.04000091552734,90.04000091552734
2022-06-08,90.26000213623047,91.98999786376953,91.98999786376953
2022-06-09,91.02999877929688,91.08000183105469,91.08000183105469
2022-06-10,90.23999786376953,90.12999725341797,90.12999725341797
2022-06-13,89.27999877929688,90.36000061035156,90.36000061035156
2022-06-14,90.9800033569336,88.44999694824219,88.44999694824219
2022-06-15,88.05000305175781,86.93000030517578,86.93000030517578
2022-06-16,86.44000244140625,87.66000366210938,87.66000366210938
2022-06-17,86.5,83.33999633789062,83.33999633789062
2022-06-21,84.48999786376953,84.05000305175781,84.05000305175781
2022-06-22,78.83000183105469,80.87999725341797,80.87999725341797
2022-06-23,81.62999725341797,78.9800033569336,78.9800033569336
2022-06-24,80.19000244140625,81.2699966430664,81.2699966430664
2022-06-27,81.29000091552734,82.93000030517578,82.93000030517578
2022-06-28,83.98999786376953,84.72000122070312,84.72000122070312
2022-06-29,85.87000274658203,82.94999694824219,82.94999694824219
2022-06-30,82.08999633789062,80.3499984741211,80.3499984741211
2022-07-01,82.0999984741211,81.66999816894531,81.66999816894531
2022-07-05,78.47000122070312,74.77999877929688,74.77999877929688
2022-07-06,73.48999786376953,73.66999816894531,73.66999816894531
2022-07-07,76.45999908447266,76.55000305175781,76.55000305175781
2022-07-08,78.58999633789062,78.54000091552734,78.54000091552734
2022-07-11,77.80999755859375,78.2300033569336,78.2300033569336
2022-07-12,74.81999969482422,72.80999755859375,72.80999755859375
2022-07-13,73.06999969482422,73.19000244140625,73.19000244140625
2022-07-14,71.0199966430664,72.8499984741211,72.8499984741211
2022-07-15,74.08000183105469,73.73999786376953,73.73999786376953
2022-07-18,76.91999816894531,76.80999755859375,76.80999755859375
2022-07-19,76.0,78.05000305175781,78.05000305175781
2022-07-20,77.16999816894531,77.63999938964844,77.63999938964844
2022-07-21,75.2699966430664,75.48999786376953,75.48999786376953
2022-07-22,75.18000030517578,74.52999877929688,74.52999877929688
2022-07-25,75.83999633789062,76.22000122070312,76.22000122070312
2022-07-26,77.30000305175781,75.16000366210938,75.16000366210938
2022-07-27,76.4000015258789,77.87000274658203,77.87000274658203
2022-07-28,78.44999694824219,77.12999725341797,77.12999725341797
2022-07-29,79.16999816894531,78.05000305175781,78.05000305175781
2022-08-01,74.79000091552734,75.12999725341797,75.12999725341797
2022-08-02,76.02999877929688,75.93000030517578,75.93000030517578
2022-08-03,76.27999877929688,73.52999877929688,73.52999877929688
2022-08-04,72.83000183105469,71.52999877929688,71.52999877929688
2022-08-05,70.45999908447266,71.54000091552734,71.54000091552734
2022-08-08,71.58999633789062,73.54000091552734,73.54000091552734
2022-08-09,74.19999694824219,73.44999694824219,73.44999694824219
2022-08-10,73.25,74.31999969482422,74.31999969482422
2022-08-11,75.83000183105469,76.27999877929688,76.27999877929688
2022-08-12,75.33999633789062,74.9800033569336,74.9800033569336
2022-08-15,71.38999938964844,72.87999725341797,72.87999725341797
2022-08-16,72.66999816894531,71.23999786376953,71.23999786376953
2022-08-17,71.6500015258789,72.05000305175781,72.05000305175781
2022-08-18,73.58999633789062,74.20999908447266,74.20999908447266
2022-08-19,74.05000305175781,74.05999755859375,74.05999755859375
2022-08-22,72.79000091552734,74.68000030517578,74.68000030517578
2022-08-23,75.83000183105469,76.83000183105469,76.83000183105469
2022-08-24,76.8499984741211,78.04000091552734,78.04000091552734
2022-08-25,78.33999633789062,76.5,76.5
2022-08-26,75.45999908447266,75.8499984741211,75.8499984741211
2022-08-29,77.0199966430664,78.69000244140625,78.69000244140625
2022-08-30,76.5999984741211,75.47000122070312,75.47000122070312
2022-08-31,73.83999633789062,73.11000061035156,73.11000061035156
2022-09-01,72.08999633789062,70.94999694824219,70.94999694824219
2022-09-02,73.18000030517578,71.43000030517578,71.43000030517578
2022-09-06,72.33999633789062,71.41999816894531,71.41999816894531
2022-09-07,69.16999816894531,67.62000274658203,67.62000274658203
2022-09-08,68.54000091552734,68.08999633789062,68.08999633789062
2022-09-09,70.33000183105469,71.0999984741211,71.0999984741211
2022-09-12,72.62999725341797,72.37000274658203,72.37000274658203
2022-09-13,72.11000061035156,72.01000213623047,72.01000213623047
2022-09-14,72.72000122070312,72.7300033569336,72.7300033569336
2022-09-15,71.08999633789062,69.76000213623047,69.76000213623047
2022-09-16,70.33000183105469,69.9000015258789,69.9000015258789
2022-09-19,67.62000274658203,70.05000305175781,70.05000305175781
2022-09-20,69.54000091552734,69.22000122070312,69.22000122070312
2022-09-21,70.48999786376953,68.68000030517578,68.68000030517578
2022-09-22,70.41999816894531,68.97000122070312,68.97000122070312
2022-09-23,65.88999938964844,65.31999969482422,65.31999969482422
2022-09-26,65.37000274658203,63.20000076293945,63.20000076293945
2022-09-27,64.30000305175781,64.41999816894531,64.41999816894531
2022-09-28,65.26000213623047,67.12999725341797,67.12999725341797
2022-09-29,67.30999755859375,66.7699966430664,66.7699966430664
2022-09-30,65.63999938964844,65.27999877929688,65.27999877929688
2022-10-03,68.5999984741211,67.88999938964844,67.88999938964844
2022-10-04,69.91000366210938,70.27999877929688,70.27999877929688
2022-10-05,71.16000366210938,71.94000244140625,71.94000244140625
2022-10-06,71.73999786376953,72.98999786376953,72.98999786376953
2022-10-07,73.2699966430664,75.0999984741211,75.0999984741211
2022-10-10,75.29000091552734,73.77999877929688,73.77999877929688
2022-10-11,72.55999755859375,71.75,71.75
2022-10-12,71.41999816894531,70.93000030517578,70.93000030517578
2022-10-13,70.38999938964844,72.5199966430664,72.5199966430664
2022-10-14,71.4000015258789,70.16999816894531,70.16999816894531
2022-10-17,71.16999816894531,70.12999725341797,70.12999725341797
2022-10-18,69.36000061035156,68.69999694824219,68.69999694824219
2022-10-19,68.87000274658203,70.04000091552734,70.04000091552734
2022-10-20,71.08999633789062,70.18000030517578,70.18000030517578
2022-10-21,70.1500015258789,70.56999969482422,70.56999969482422
2022-10-24,70.23999786376953,70.37999725341797,70.37999725341797
2022-10-25,70.58999633789062,70.61000061035156,70.61000061035156
2022-10-26,71.36000061035156,72.97000122070312,72.97000122070312
2022-10-27,73.69000244140625,73.62000274658203,73.62000274658203
2022-10-28,72.70999908447266,72.81999969482422,72.81999969482422
2022-10-31,71.38999938964844,71.52999877929688,71.52999877929688
2022-11-01,73.80000305175781,73.12000274658203,73.12000274658203
2022-11-02,73.12000274658203,74.08000183105469,74.08000183105469
2022-11-03,73.05000305175781,73.29000091552734,73.29000091552734
2022-11-04,76.54000091552734,76.81999969482422,76.81999969482422
2022-11-07,76.83999633789062,76.55999755859375,76.55999755859375
2022-11-08,76.2699966430664,74.47000122070312,74.47000122070312
2022-11-09,73.16999816894531,71.66999816894531,71.66999816894531
2022-11-10,71.66000366210938,72.23999786376953,72.23999786376953
2022-11-11,74.52999877929688,74.37999725341797,74.37999725341797
2022-11-14,73.54000091552734,71.91000366210938,71.91000366210938
2022-11-15,72.12000274658203,73.25,73.25
2022-11-16,72.11000061035156,72.04000091552734,72.04000091552734
2022-11-17,71.1500015258789,70.13999938964844,70.13999938964844
2022-11-18,67.7300033569336,69.02999877929688,69.02999877929688
2022-11-21,66.66999816894531,69.02999877929688,69.02999877929688
2022-11-22,69.91999816894531,69.9800033569336,69.9800033569336
2022-11-23,67.83999633789062,67.41000366210938,67.41000366210938
2022-11-25,68.19000244140625,66.95999908447266,66.95999908447266
2022-11-28,65.16000366210938,66.87999725341797,66.87999725341797
2022-11-29,68.51000213623047,68.33999633789062,68.33999633789062
2022-11-30,70.30000305175781,70.2300033569336,70.2300033569336
2022-12-01,71.63999938964844,70.44999694824219,70.44999694824219
2022-12-02,70.5999984741211,69.83999633789062,69.83999633789062
2022-12-05,71.55999755859375,67.72000122070312,67.72000122070312
2022-12-06,66.97000122070312,65.2300033569336,65.2300033569336
2022-12-07,65.47000122070312,63.650001525878906,63.650001525878906
2022-12-08,64.61000061035156,62.709999084472656,62.709999084472656
2022-12-09,63.06999969482422,62.849998474121094,62.849998474121094
2022-12-12,63.209999084472656,64.41000366210938,64.41000366210938
2022-12-13,65.16000366210938,65.86000061035156,65.86000061035156
2022-12-14,66.79000091552734,67.36000061035156,67.36000061035156
2022-12-15,66.9000015258789,66.1500015258789,66.1500015258789
2022-12-16,64.3499984741211,64.9000015258789,64.9000015258789
2022-12-19,65.7699966430664,66.06999969482422,66.06999969482422
2022-12-20,65.83000183105469,66.22000122070312,66.22000122070312
2022-12-21,67.61000061035156,68.05999755859375,68.05999755859375
2022-12-22,68.4800033569336,67.69999694824219,67.69999694824219
2022-12-23,68.94000244140625,69.31999969482422,69.31999969482422
2022-12-27,69.58999633789062,69.52999877929688,69.52999877929688
2022-12-28,69.18000030517578,68.58000183105469,68.58000183105469
2022-12-29,67.55000305175781,68.52999877929688,68.52999877929688
2022-12-30,68.36000061035156,70.11000061035156,70.11000061035156
2023-01-03,68.63999938964844,67.63999938964844,67.63999938964844
2023-01-04,65.58000183105469,64.30000305175781,64.30000305175781
2023-01-05,64.31999969482422,64.77999877929688,64.77999877929688
2023-01-06,65.81999969482422,64.83000183105469,64.83000183105469
2023-01-09,66.48999786376953,65.87999725341797,65.87999725341797
2023-01-10,66.2699966430664,65.9000015258789,65.9000015258789
2023-01-11,67.23999786376953,68.05000305175781,68.05000305175781
2023-01-12,69.12000274658203,68.61000061035156,68.61000061035156
2023-01-13,69.30000305175781,70.05000305175781,70.05000305175781
2023-01-17,70.86000061035156,70.86000061035156,70.86000061035156
2023-01-18,71.58999633789062,69.51000213623047,69.51000213623047
2023-01-19,70.19000244140625,70.58999633789062,70.58999633789062
2023-01-20,70.86000061035156,71.55000305175781,71.55000305175781
2023-01-23,71.81999969482422,71.5,71.5
2023-01-24,71.58999633789062,70.22000122070312,70.22000122070312
2023-01-25,70.41000366210938,70.51000213623047,70.51000213623047
2023-01-26,71.6500015258789,70.93000030517578,70.93000030517578
2023-01-27,71.73999786376953,69.5,69.5
2023-01-30,68.68000030517578,68.0999984741211,68.0999984741211
2023-01-31,67.86000061035156,69.31999969482422,69.31999969482422
2023-02-01,69.20999908447266,67.36000061035156,67.36000061035156
2023-02-02,66.98999786376953,66.56999969482422,66.56999969482422
2023-02-03,66.7300033569336,64.4000015258789,64.4000015258789
2023-02-06,65.06999969482422,65.5,65.5
2023-02-07,65.83000183105469,67.76000213623047,67.76000213623047
2023-02-08,68.4000015258789,68.68000030517578,68.68000030517578
2023-02-09,67.87999725341797,67.91999816894531,67.91999816894531
2023-02-10,69.0199966430664,69.87000274658203,69.87000274658203
2023-02-13,69.37999725341797,69.5,69.5
2023-02-14,68.22000122070312,69.4000015258789,69.4000015258789
2023-02-15,68.79000091552734,69.0199966430664,69.0199966430664
2023-02-16,68.81999969482422,68.44999694824219,68.44999694824219
2023-02-17,66.36000061035156,67.0199966430664,67.0199966430664
2023-02-21,67.5,66.69000244140625,66.69000244140625
2023-02-22,66.4000015258789,64.91999816894531,64.91999816894531
2023-02-23,66.22000122070312,66.37999725341797,66.37999725341797
2023-02-24,65.55999755859375,67.0999984741211,67.0999984741211
2023-02-27,66.62999725341797,66.25,66.25
2023-02-28,67.80000305175781,67.20999908447266,67.20999908447266
2023-03-01,67.13999938964844,68.06999969482422,68.06999969482422
2023-03-02,68.44000244140625,68.30000305175781,68.30000305175781
2023-03-03,67.19000244140625,69.86000061035156,69.86000061035156
2023-03-06,69.29000091552734,70.48999786376953,70.48999786376953
2023-03-07,70.13999938964844,67.8499984741211,67.8499984741211
2023-03-08,67.12999725341797,67.0999984741211,67.0999984741211
2023-03-09,67.9000015258789,66.23999786376953,66.23999786376953
2023-03-10,66.37000274658203,67.13999938964844,67.13999938964844
2023-03-13,64.51000213623047,65.25,65.25
2023-03-14,64.0199966430664,62.93000030517578,62.93000030517578
2023-03-15,60.2599983215332,60.02000045776367,60.02000045776367
2023-03-16,58.720001220703125,60.04999923706055,60.04999923706055
2023-03-17,59.939998626708984,58.65999984741211,58.65999984741211
2023-03-20,58.72999954223633,59.790000915527344,59.790000915527344
2023-03-21,60.540000915527344,61.22999954223633,61.22999954223633
2023-03-22,61.38999938964844,61.61000061035156,61.61000061035156
2023-03-23,62.5099983215332,60.9900016784668,60.9900016784668
2023-03-24,60.310001373291016,60.959999084472656,60.959999084472656
2023-03-27,62.2400016784668,64.1500015258789,64.1500015258789
2023-03-28,63.7599983215332,64.55000305175781,64.55000305175781
2023-03-29,65.01000213623047,64.1500015258789,64.1500015258789
2023-03-30,64.80999755859375,65.31999969482422,65.31999969482422
2023-03-31,65.91999816894531,66.44000244140625,66.44000244140625
2023-04-03,69.93000030517578,70.2699966430664,70.2699966430664
2023-04-04,71.12999725341797,70.2699966430664,70.2699966430664
2023-04-05,70.48999786376953,70.23999786376953,70.23999786376953
2023-04-06,70.3499984741211,70.26000213623047,70.26000213623047
2023-04-10,70.2300033569336,69.76000213623047,69.76000213623047
2023-04-11,70.08000183105469,71.06999969482422,71.06999969482422
2023-04-12,71.73999786376953,72.43000030517578,72.43000030517578
2023-04-13,72.36000061035156,71.80000305175781,71.80000305175781
2023-04-14,72.05999755859375,72.08999633789062,72.08999633789062
2023-04-17,71.66000366210938,70.83999633789062,70.83999633789062
2023-04-18,70.91999816894531,70.7300033569336,70.7300033569336
2023-04-19,69.72000122070312,69.30000305175781,69.30000305175781
2023-04-20,67.86000061035156,67.5999984741211,67.5999984741211
2023-04-21,68.58000183105469,68.20999908447266,68.20999908447266
2023-04-24,68.29000091552734,69.25,69.25
2023-04-25,68.54000091552734,67.62000274658203,67.62000274658203
2023-04-26,67.18000030517578,65.36000061035156,65.36000061035156
2023-04-27,65.83000183105469,65.80999755859375,65.80999755859375
2023-04-28,65.8499984741211,67.5,67.5
2023-05-01,66.33999633789062,66.55000305175781,66.55000305175781
2023-05-02,65.4800033569336,63.04999923706055,63.04999923706055
2023-05-03,61.310001373291016,60.310001373291016,60.310001373291016
2023-05-04,60.5,60.70000076293945,60.70000076293945
2023-05-05,62.72999954223633,63.029998779296875,63.029998779296875
2023-05-08,64.75,64.26000213623047,64.26000213623047
2023-05-09,63.84000015258789,64.87000274658203,64.87000274658203
2023-05-10,64.80000305175781,64.38999938964844,64.38999938964844
2023-05-11,63.2599983215332,63.25,63.25
2023-05-12,63.209999084472656,62.06999969482422,62.06999969482422
2023-05-15,62.70000076293945,62.9900016784668,62.9900016784668
2023-05-16,63.11000061035156,62.540000915527344,62.540000915527344
2023-05-17,63.869998931884766,64.5999984741211,64.5999984741211
2023-05-18,64.31999969482422,64.04000091552734,64.04000091552734
2023-05-19,64.61000061035156,63.900001525878906,63.900001525878906
2023-05-22,63.59000015258789,63.90999984741211,63.90999984741211
2023-05-23,64.63999938964844,64.87000274658203,64.87000274658203
2023-05-24,65.95999908447266,65.66000366210938,65.66000366210938
2023-05-25,64.45999908447266,64.08999633789062,64.08999633789062
2023-05-26,64.9000015258789,64.80000305175781,64.80000305175781
2023-05-30,62.849998474121094,62.29999923706055,62.29999923706055
2023-05-31,61.47999954223633,60.630001068115234,60.630001068115234
2023-06-01,60.65999984741211,62.54999923706055,62.54999923706055
2023-06-02,64.0999984741211,64.1500015258789,64.1500015258789
2023-06-05,65.37000274658203,64.02999877929688,64.02999877929688
2023-06-06,63.08000183105469,63.790000915527344,63.790000915527344
2023-06-07,64.48999786376953,64.70999908447266,64.70999908447266
2023-06-08,64.88999938964844,63.459999084472656,63.459999084472656
2023-06-09,63.63999938964844,62.93000030517578,62.93000030517578
2023-06-12,61.0,60.2400016784668,60.2400016784668
2023-06-13,62.09000015258789,62.13999938964844,62.13999938964844
2023-06-14,63.0,61.83000183105469,61.83000183105469
2023-06-15,62.209999084472656,63.40999984741211,63.40999984741211
2023-06-16,63.47999954223633,64.3499984741211,64.3499984741211
2023-06-20,63.75,63.91999816894531,63.91999816894531
2023-06-21,63.83000183105469,65.04000091552734,65.04000091552734
2023-06-22,63.150001525878906,62.52000045776367,62.52000045776367
2023-06-23,61.040000915527344,62.41999816894531,62.41999816894531
2023-06-26,62.150001525878906,62.72999954223633,62.72999954223633
2023-06-27,62.33000183105469,61.29999923706055,61.29999923706055
2023-06-28,61.470001220703125,62.52000045776367,62.52000045776367
2023-06-29,62.75,62.959999084472656,62.959999084472656
2023-06-30,63.349998474121094,63.54999923706055,63.54999923706055
2023-07-03,63.81999969482422,63.38999938964844,63.38999938964844
2023-07-05,64.66000366210938,64.62999725341797,64.62999725341797
2023-07-06,64.33000183105469,64.44000244140625,64.44000244140625
2023-07-07,64.13999938964844,65.8499984741211,65.8499984741211
2023-07-10,65.62999725341797,65.54000091552734,65.54000091552734
2023-07-11,66.02999877929688,67.02999877929688,67.02999877929688
2023-07-12,67.62000274658203,67.87000274658203,67.87000274658203
2023-07-13,67.79000091552734,69.08999633789062,69.08999633789062
2023-07-14,68.52999877929688,67.47000122070312,67.47000122070312
2023-07-17,66.8499984741211,66.58000183105469,66.58000183105469
2023-07-18,66.79000091552734,67.95999908447266,67.95999908447266
2023-07-19,68.38999938964844,67.69000244140625,67.69000244140625
2023-07-20,68.33000183105469,68.05000305175781,68.05000305175781
2023-07-21,68.5199966430664,68.98999786376953,68.98999786376953
2023-07-24,69.61000061035156,70.69000244140625,70.69000244140625
2023-07-25,70.4000015258789,71.16000366210938,71.16000366210938
2023-07-26,70.58999633789062,70.66000366210938,70.66000366210938
2023-07-27,71.16000366210938,71.43000030517578,71.43000030517578
2023-07-28,71.31999969482422,72.08999633789062,72.08999633789062
2023-07-31,72.75,73.16999816894531,73.16999816894531
2023-08-01,72.68000030517578,72.95999908447266,72.95999908447266
2023-08-02,72.66999816894531,71.4800033569336,71.4800033569336
2023-08-03,71.69999694824219,73.13999938964844,73.13999938964844
2023-08-04,73.22000122070312,73.79000091552734,73.79000091552734
2023-08-07,73.76000213623047,73.81999969482422,73.81999969482422
2023-08-08,72.47000122070312,74.05999755859375,74.05999755859375
2023-08-09,74.77999877929688,75.0999984741211,75.0999984741211
2023-08-10,74.66000366210938,74.19999694824219,74.19999694824219
2023-08-11,74.13999938964844,74.25,74.25
2023-08-14,73.69000244140625,73.80999755859375,73.80999755859375
2023-08-15,73.25,72.62000274658203,72.62000274658203
2023-08-16,72.9000015258789,71.37000274658203,71.37000274658203
2023-08-17,72.56999969482422,71.9800033569336,71.9800033569336
2023-08-18,72.18000030517578,72.79000091552734,72.79000091552734
2023-08-21,73.41999816894531,72.58000183105469,72.58000183105469
2023-08-22,72.76000213623047,72.27999877929688,72.27999877929688
2023-08-23,70.80000305175781,71.36000061035156,71.36000061035156
2023-08-24,70.87999725341797,71.41000366210938,71.41000366210938
2023-08-25,72.62000274658203,72.44999694824219,72.44999694824219
2023-08-28,72.4000015258789,72.41000366210938,72.41000366210938
2023-08-29,72.66000366210938,73.31999969482422,73.31999969482422
2023-08-30,73.7300033569336,73.66000366210938,73.66000366210938
2023-08-31,74.4800033569336,75.05999755859375,75.05999755859375
2023-09-01,76.0,76.91999816894531,76.91999816894531
2023-09-05,78.06999969482422,77.76000213623047,77.76000213623047
2023-09-06,77.5999984741211,78.5199966430664,78.5199966430664
2023-09-07,78.1500015258789,77.94999694824219,77.94999694824219
2023-09-08,78.13999938964844,78.30000305175781,78.30000305175781
2023-09-11,78.93000030517578,78.37000274658203,78.37000274658203
2023-09-12,79.36000061035156,79.69999694824219,79.69999694824219
2023-09-13,79.86000061035156,79.68000030517578,79.68000030517578
2023-09-14,80.66000366210938,81.12000274658203,81.12000274658203
2023-09-15,80.29000091552734,81.29000091552734,81.29000091552734
2023-09-18,81.79000091552734,81.44999694824219,81.44999694824219
2023-09-19,82.18000030517578,81.5,81.5
2023-09-20,80.55999755859375,80.13999938964844,80.13999938964844
2023-09-21,81.25,80.41000366210938,80.41000366210938
2023-09-22,81.55000305175781,80.62999725341797,80.62999725341797
2023-09-25,80.58999633789062,80.38999938964844,80.38999938964844
2023-09-26,79.97000122070312,80.87999725341797,80.87999725341797
2023-09-27,82.23999786376953,82.9000015258789,82.9000015258789
2023-09-28,82.31999969482422,81.56999969482422,81.56999969482422
2023-09-29,81.9000015258789,80.86000061035156,80.86000061035156
2023-10-02,81.18000030517578,79.38999938964844,79.38999938964844
2023-10-03,79.80999755859375,79.93000030517578,79.93000030517578
2023-10-04,77.97000122070312,75.58999633789062,75.58999633789062
2023-10-05,74.11000061035156,73.98999786376953,73.98999786376953
2023-10-06,74.43000030517578,74.16000366210938,74.16000366210938
2023-10-09,76.76000213623047,77.12999725341797,77.12999725341797
2023-10-10,77.19000244140625,76.70999908447266,76.70999908447266
2023-10-11,76.19000244140625,75.66999816894531,75.66999816894531
2023-10-12,76.58000183105469,75.41999816894531,75.41999816894531
2023-10-13,77.70999908447266,78.98999786376953,78.98999786376953
2023-10-16,78.62999725341797,78.38999938964844,78.38999938964844
2023-10-17,77.9800033569336,78.80000305175781,78.80000305175781
2023-10-18,79.72000122070312,79.83999633789062,79.83999633789062
2023-10-19,79.37000274658203,81.68000030517578,81.68000030517578
2023-10-20,81.58999633789062,80.69999694824219,80.69999694824219
2023-10-23,80.22000122070312,78.88999938964844,78.88999938964844
2023-10-24,78.04000091552734,76.93000030517578,76.93000030517578
2023-10-25,77.11000061035156,78.45999908447266,78.45999908447266
2023-10-26,76.83000183105469,76.88999938964844,76.88999938964844
2023-10-27,77.62000274658203,78.36000061035156,78.36000061035156
2023-10-30,77.23999786376953,76.05000305175781,76.05000305175781
2023-10-31,76.20999908447266,75.0199966430664,75.0199966430664
2023-11-01,76.66000366210938,74.75,74.75
2023-11-02,74.91000366210938,76.18000030517578,76.18000030517578
2023-11-03,75.29000091552734,74.8499984741211,74.8499984741211
2023-11-06,75.88999938964844,74.91000366210938,74.91000366210938
2023-11-07,72.98999786376953,71.80000305175781,71.80000305175781
2023-11-08,71.2699966430664,70.19000244140625,70.19000244140625
2023-11-09,70.75,70.25,70.25
2023-11-10,71.30999755859375,71.79000091552734,71.79000091552734
2023-11-13,71.80999755859375,72.91999816894531,72.91999816894531
2023-11-14,73.2300033569336,72.69000244140625,72.69000244140625
2023-11-15,71.80999755859375,71.33999633789062,71.33999633789062
2023-11-16,69.61000061035156,68.05000305175781,68.05000305175781
2023-11-17,69.13999938964844,70.75,70.75
2023-11-20,72.18000030517578,72.30000305175781,72.30000305175781
2023-11-21,72.05999755859375,72.52999877929688,72.52999877929688
2023-11-22,69.27999877929688,71.61000061035156,71.61000061035156
2023-11-24,70.94999694824219,70.81999969482422,70.81999969482422
2023-11-27,70.30000305175781,69.95999908447266,69.95999908447266
2023-11-28,70.63999938964844,71.26000213623047,71.26000213623047
2023-11-29,72.12000274658203,72.5199966430664,72.5199966430664
2023-11-30,73.5,70.13999938964844,70.13999938964844
2023-12-01,70.93000030517578,69.23999786376953,69.23999786376953
2023-12-04,68.66000366210938,68.47000122070312,68.47000122070312
2023-12-05,68.73999786376953,67.58000183105469,67.58000183105469
2023-12-06,65.9800033569336,64.76000213623047,64.76000213623047
2023-12-07,65.6500015258789,65.11000061035156,65.11000061035156
2023-12-08,66.11000061035156,66.52999877929688,66.52999877929688
2023-12-11,66.5,66.80000305175781,66.80000305175781
2023-12-12,64.93000030517578,64.25,64.25
2023-12-13,64.41999816894531,65.33000183105469,65.33000183105469
2023-12-14,66.94999694824219,67.16000366210938,67.16000366210938
2023-12-15,67.19000244140625,67.1500015258789,67.1500015258789
2023-12-18,68.88999938964844,68.08999633789062,68.08999633789062
2023-12-19,68.30000305175781,69.36000061035156,69.36000061035156
2023-12-20,70.1500015258789,68.79000091552734,68.79000091552734
2023-12-21,68.12999725341797,69.02999877929688,69.02999877929688
2023-12-22,69.62999725341797,68.69000244140625,68.69000244140625
2023-12-26,70.5199966430664,70.20999908447266,70.20999908447266
2023-12-27,70.0199966430664,68.91999816894531,68.91999816894531
2023-12-28,68.3499984741211,67.18000030517578,67.18000030517578
2023-12-29,67.68000030517578,66.6500015258789,66.6500015258789
2024-01-02,67.55999755859375,65.7699966430664,65.7699966430664
2024-01-03,66.91999816894531,68.19000244140625,68.19000244140625
2024-01-04,68.19000244140625,67.56999969482422,67.56999969482422
2024-01-05,68.83000183105469,69.02999877929688,69.02999877929688
2024-01-08,66.06999969482422,66.4000015258789,66.4000015258789
2024-01-09,67.30000305175781,67.38999938964844,67.38999938964844
2024-01-10,68.2699966430664,66.55999755859375,66.55999755859375
2024-01-11,68.3499984741211,67.6500015258789,67.6500015258789
2024-01-12,69.37999725341797,68.0199966430664,68.0199966430664
2024-01-16,68.08999633789062,67.25,67.25
2024-01-17,66.4800033569336,67.94000244140625,67.94000244140625
2024-01-18,68.36000061035156,69.05999755859375,69.05999755859375
2024-01-19,69.41000366210938,68.81999969482422,68.81999969482422
2024-01-22,68.87999725341797,69.69000244140625,69.69000244140625
2024-01-23,69.33999633789062,69.66000366210938,69.66000366210938
2024-01-24,69.97000122070312,70.54000091552734,70.54000091552734
2024-01-25,71.4800033569336,72.2300033569336,72.2300033569336
2024-01-26,71.9800033569336,73.0999984741211,73.0999984741211
2024-01-29,72.43000030517578,72.05000305175781,72.05000305175781
2024-01-30,72.0,72.80999755859375,72.80999755859375
2024-01-31,72.31999969482422,70.91999816894531,70.91999816894531
2024-02-01,71.58999633789062,69.06999969482422,69.06999969482422
2024-02-02,68.02999877929688,67.51000213623047,67.51000213623047
2024-02-05,67.83000183105469,68.18000030517578,68.18000030517578
2024-02-06,68.6500015258789,68.80999755859375,68.80999755859375
2024-02-07,68.94000244140625,69.41999816894531,69.41999816894531
2024-02-08,70.2699966430664,71.5199966430664,71.5199966430664
2024-02-09,71.94000244140625,71.66999816894531,71.66999816894531
2024-02-12,71.52999877929688,72.11000061035156,72.11000061035156
2024-02-13,72.54000091552734,72.6500015258789,72.6500015258789
2024-02-14,73.06999969482422,71.55000305175781,71.55000305175781
2024-02-15,71.7699966430664,72.83999633789062,72.83999633789062
2024-02-16,72.94999694824219,73.41000366210938,73.41000366210938
2024-02-20,73.44000244140625,72.41999816894531,72.41999816894531
2024-02-21,72.16999816894531,73.19999694824219,73.19999694824219
2024-02-22,72.98999786376953,73.5999984741211,73.5999984741211
2024-02-23,72.19000244140625,71.91999816894531,71.91999816894531
2024-02-26,71.55000305175781,72.79000091552734,72.79000091552734
2024-02-27,73.20999908447266,73.8499984741211,73.8499984741211
2024-02-28,74.45999908447266,73.62000274658203,73.62000274658203
2024-02-29,74.06999969482422,73.36000061035156,73.36000061035156
2024-03-01,74.73999786376953,74.95999908447266,74.95999908447266
2024-03-04,75.43000030517578,74.01000213623047,74.01000213623047
2024-03-05,73.62000274658203,73.44999694824219,73.44999694824219
2024-03-06,74.66999816894531,74.33999633789062,74.33999633789062
2024-03-07,73.55999755859375,74.2300033569336,74.2300033569336
2024-03-08,74.0199966430664,73.36000061035156,73.36000061035156
2024-03-11,72.97000122070312,73.62000274658203,73.62000274658203
2024-03-12,73.41999816894531,73.3499984741211,73.3499984741211
2024-03-13,74.75,75.08999633789062,75.08999633789062
2024-03-14,75.9000015258789,76.30000305175781,76.30000305175781
2024-03-15,75.97000122070312,76.33000183105469,76.33000183105469
2024-03-18,77.0199966430664,77.9800033569336,77.9800033569336
2024-03-19,78.08999633789062,78.43000030517578,78.43000030517578
2024-03-20,77.19999694824219,77.25,77.25
2024-03-21,76.83000183105469,76.81999969482422,76.81999969482422
2024-03-22,77.06999969482422,76.68000030517578,76.68000030517578
2024-03-25,76.98999786376953,77.76000213623047,77.76000213623047
2024-03-26,77.94000244140625,77.29000091552734,77.29000091552734
2024-03-27,76.91999816894531,77.51000213623047,77.51000213623047
2024-03-28,78.2699966430664,78.7300033569336,78.7300033569336
2024-04-01,79.08000183105469,79.66999816894531,79.66999816894531
2024-04-02,80.62999725341797,80.79000091552734,80.79000091552734
2024-04-03,81.30999755859375,81.25,81.25
2024-04-04,81.06999969482422,82.2699966430664,82.2699966430664
2024-04-05,82.58000183105469,82.4000015258789,82.4000015258789
2024-04-08,82.37999725341797,82.19999694824219,82.19999694824219
2024-04-09,82.12999725341797,81.1500015258789,81.1500015258789
2024-04-10,81.38999938964844,82.08999633789062,82.08999633789062
2024-04-11,81.66999816894531,81.55000305175781,81.55000305175781
2024-04-12,83.0,81.52999877929688,81.52999877929688
2024-04-15,81.0,81.6500015258789,81.6500015258789
2024-04-16,81.30999755859375,81.33000183105469,81.33000183105469
2024-04-17,80.27999877929688,78.91000366210938,78.91000366210938
2024-04-18,79.12000274658203,78.77999877929688,78.77999877929688
2024-04-19,78.72000122070312,78.8499984741211,78.8499984741211
2024-04-22,77.86000061035156,78.77999877929688,78.77999877929688
2024-04-23,78.25,79.9800033569336,79.9800033569336
2024-04-24,79.70999908447266,79.63999938964844,79.63999938964844
2024-04-25,79.56999969482422,80.44000244140625,80.44000244140625
2024-04-26,80.97000122070312,80.38999938964844,80.38999938964844
2024-04-29,80.06999969482422,79.5,79.5
2024-04-30,78.93000030517578,78.37999725341797,78.37999725341797
2024-05-01,77.37000274658203,75.93000030517578,75.93000030517578
2024-05-02,76.0999984741211,75.93000030517578,75.93000030517578
2024-05-03,75.73999786376953,75.12999725341797,75.12999725341797
2024-05-06,75.54000091552734,75.66000366210938,75.66000366210938
2024-05-07,75.25,75.5,75.5
2024-05-08,74.72000122070312,76.11000061035156,76.11000061035156
2024-05-09,76.06999969482422,76.5199966430664,76.5199966430664
2024-05-10,76.68000030517578,75.30000305175781,75.30000305175781
2024-05-13,75.72000122070312,76.12999725341797,76.12999725341797
2024-05-14,75.30000305175781,75.20999908447266,75.20999908447266
2024-05-15,74.44999694824219,75.87999725341797,75.87999725341797
2024-05-16,76.63999938964844,76.25,76.25
2024-05-17,76.3499984741211,76.97000122070312,76.97000122070312
2024-05-20,76.55000305175781,76.7300033569336,76.7300033569336
2024-05-21,75.98999786376953,76.16000366210938,76.16000366210938
2024-05-22,75.20999908447266,74.87000274658203,74.87000274658203
2024-05-23,75.95999908447266,74.44999694824219,74.44999694824219
2024-05-24,74.87999725341797,75.3499984741211,75.3499984741211
2024-05-28,76.76000213623047,77.66000366210938,77.66000366210938
2024-05-29,77.66000366210938,76.56999969482422,76.56999969482422
2024-05-30,76.05000305175781,75.52999877929688,75.52999877929688
2024-05-31,75.62999725341797,74.81999969482422,74.81999969482422
2024-06-03,73.93000030517578,71.83000183105469,71.83000183105469
2024-06-04,70.95999908447266,71.08999633789062,71.08999633789062
2024-06-05,71.4000015258789,71.88999938964844,71.88999938964844
2024-06-06,72.12000274658203,73.26000213623047,73.26000213623047
2024-06-07,73.55999755859375,73.0199966430664,73.0199966430664
2024-06-10,73.77999877929688,75.45999908447266,75.45999908447266
2024-06-11,75.33999633789062,75.51000213623047,75.51000213623047
2024-06-12,76.83000183105469,75.9800033569336,75.9800033569336
2024-06-13,76.30999755859375,75.73999786376953,75.73999786376953
2024-06-14,76.62000274658203,76.08000183105469,76.08000183105469
2024-06-17,76.66000366210938,77.79000091552734,77.79000091552734
2024-06-18,77.87999725341797,78.66999816894531,78.66999816894531
2024-06-20,79.27999877929688,79.41000366210938,79.41000366210938
2024-06-21,79.44000244140625,78.6500015258789,78.6500015258789
2024-06-24,78.5199966430664,79.69999694824219,79.69999694824219
2024-06-25,79.47000122070312,78.9000015258789,78.9000015258789
2024-06-26,78.94000244140625,78.75,78.75
2024-06-27,79.69999694824219,79.91999816894531,79.91999816894531
2024-06-28,80.02999877929688,79.58999633789062,79.58999633789062
2024-07-01,80.20999908447266,81.54000091552734,81.54000091552734
2024-07-02,81.9800033569336,81.11000061035156,81.11000061035156
2024-07-03,80.94999694824219,81.2699966430664,81.2699966430664
2024-07-05,82.01000213623047,81.30999755859375,81.30999755859375
2024-07-08,80.58999633789062,80.41999816894531,80.41999816894531
2024-07-09,80.12000274658203,79.7699966430664,79.7699966430664
2024-07-10,79.41999816894531,80.4800033569336,80.4800033569336
2024-07-11,79.93000030517578,80.94000244140625,80.94000244140625
2024-07-12,81.25,80.25,80.25
2024-07-15,80.26000213623047,80.12000274658203,80.12000274658203
2024-07-16,78.68000030517578,79.05999755859375,79.05999755859375
2024-07-17,80.0,80.62000274658203,80.62000274658203
2024-07-18,80.58999633789062,79.9000015258789,79.9000015258789
2024-07-19,79.51000213623047,78.0,78.0
2024-07-22,77.16999816894531,77.62000274658203,77.62000274658203
2024-07-23,76.95999908447266,76.62000274658203,76.62000274658203
2024-07-24,76.87000274658203,76.80999755859375,76.80999755859375
2024-07-25,76.16999816894531,77.45999908447266,77.45999908447266
2024-07-26,76.81999969482422,76.11000061035156,76.11000061035156
2024-07-29,76.7300033569336,75.19000244140625,75.19000244140625
2024-07-30,74.44999694824219,74.45999908447266,74.45999908447266
2024-07-31,76.33000183105469,77.73999786376953,77.73999786376953
2024-08-01,77.79000091552734,76.29000091552734,76.29000091552734
2024-08-02,73.80999755859375,73.38999938964844,73.38999938964844
2024-08-05,71.94000244140625,73.22000122070312,73.22000122070312
2024-08-06,71.7699966430664,72.44999694824219,72.44999694824219
2024-08-07,73.94000244140625,74.69000244140625,74.69000244140625
2024-08-08,74.52999877929688,75.36000061035156,75.36000061035156
2024-08-09,75.66999816894531,76.22000122070312,76.22000122070312
2024-08-12,77.19000244140625,78.62999725341797,78.62999725341797
2024-08-13,78.37999725341797,77.63999938964844,77.63999938964844
2024-08-14,77.5999984741211,76.58999633789062,76.58999633789062
2024-08-15,77.29000091552734,77.41000366210938,77.41000366210938
2024-08-16,76.2300033569336,76.31999969482422,76.31999969482422
2024-08-19,76.25,74.37999725341797,74.37999725341797
2024-08-20,74.73999786376953,73.83000183105469,73.83000183105469
2024-08-21,74.31999969482422,72.5999984741211,72.5999984741211
2024-08-22,72.83000183105469,73.58000183105469,73.58000183105469
2024-08-23,74.98999786376953,75.55000305175781,75.55000305175781
2024-08-26,78.06999969482422,77.83000183105469,77.83000183105469
2024-08-27,77.38999938964844,76.48999786376953,76.48999786376953
2024-08-28,75.4000015258789,75.4800033569336,75.4800033569336
2024-08-29,76.7699966430664,76.7699966430664,76.7699966430664
2024-08-30,75.19000244140625,74.33999633789062,74.33999633789062
2024-09-03,72.1500015258789,71.08999633789062,71.08999633789062
2024-09-04,70.62000274658203,69.61000061035156,69.61000061035156
2024-09-05,70.7300033569336,69.88999938964844,69.88999938964844
2024-09-06,70.55000305175781,68.93000030517578,68.93000030517578
2024-09-09,68.48999786376953,69.2699966430664,69.2699966430664
2024-09-10,69.44999694824219,66.95999908447266,66.95999908447266
2024-09-11,67.8499984741211,67.8499984741211,67.8499984741211
2024-09-12,69.06999969482422,69.88999938964844,69.88999938964844
2024-09-13,70.19999694824219,69.83999633789062,69.83999633789062
2024-09-16,70.61000061035156,70.87999725341797,70.87999725341797
2024-09-17,70.9000015258789,71.72000122070312,71.72000122070312
2024-09-18,71.01000213623047,70.66000366210938,70.66000366210938
2024-09-19,72.22000122070312,72.75,72.75
2024-09-20,72.41999816894531,72.91999816894531,72.91999816894531
2024-09-23,72.95999908447266,72.25,72.25
2024-09-24,73.8499984741211,73.29000091552734,73.29000091552734
2024-09-25,72.3499984741211,71.4800033569336,71.4800033569336
2024-09-26,69.22000122070312,69.01000213623047,69.01000213623047
2024-09-27,69.30000305175781,70.2699966430664,70.2699966430664
2024-09-30,69.95999908447266,69.91999816894531,69.91999816894531
2024-10-01,69.33999633789062,72.11000061035156,72.11000061035156
2024-10-02,73.94999694824219,72.76000213623047,72.76000213623047
2024-10-03,73.73999786376953,75.7300033569336,75.7300033569336
2024-10-04,76.20999908447266,76.3499984741211,76.3499984741211
2024-10-07,77.41999816894531,79.19999694824219,79.19999694824219
2024-10-08,76.83000183105469,75.79000091552734,75.79000091552734
2024-10-09,74.11000061035156,75.25,75.25
2024-10-10,76.1500015258789,77.7699966430664,77.7699966430664
2024-10-11,77.01000213623047,77.48999786376953,77.48999786376953
2024-10-14,76.05999755859375,75.93000030517578,75.93000030517578
2024-10-15,72.2699966430664,72.76000213623047,72.76000213623047
2024-10-16,72.37999725341797,72.4000015258789,72.4000015258789
2024-10-17,72.05000305175781,72.62000274658203,72.62000274658203
2024-10-18,71.73999786376953,71.37999725341797,71.37999725341797
2024-10-21,72.4000015258789,72.26000213623047,72.26000213623047
2024-10-22,73.19000244140625,73.9800033569336,73.9800033569336
2024-10-23,73.48999786376953,73.55000305175781,73.55000305175781
2024-10-24,73.75,73.05999755859375,73.05999755859375
2024-10-25,73.80000305175781,74.2300033569336,74.2300033569336
2024-10-28,69.7699966430664,70.43000030517578,70.43000030517578
2024-10-29,70.12000274658203,69.66000366210938,69.66000366210938
2024-10-30,70.66999816894531,71.36000061035156,71.36000061035156
2024-10-31,71.80999755859375,73.08000183105469,73.08000183105469
2024-11-01,73.62999725341797,72.0199966430664,72.0199966430664
2024-11-04,73.86000061035156,74.29000091552734,74.29000091552734
2024-11-05,74.91999816894531,74.7300033569336,74.7300033569336
2024-11-06,73.2300033569336,74.54000091552734,74.54000091552734
2024-11-07,74.01000213623047,74.66000366210938,74.66000366210938
2024-11-08,73.83999633789062,73.12999725341797,73.12999725341797
2024-11-11,71.20999908447266,70.94000244140625,70.94000244140625
2024-11-12,71.77999877929688,70.69000244140625,70.69000244140625
2024-11-13,70.33000183105469,70.7300033569336,70.7300033569336
2024-11-14,72.05999755859375,71.29000091552734,71.29000091552734
2024-11-15,70.87000274658203,69.75,69.75
2024-11-18,70.93000030517578,72.06999969482422,72.06999969482422
2024-11-19,72.4000015258789,72.30999755859375,72.30999755859375
2024-11-20,72.83999633789062,72.0199966430664,72.0199966430664
2024-11-21,73.12999725341797,73.19999694824219,73.19999694824219
2024-11-22,73.0999984741211,74.25,74.25
2024-11-25,72.94000244140625,72.0999984741211,72.0999984741211
2024-11-26,72.5199966430664,71.61000061035156,71.61000061035156
2024-11-27,71.62999725341797,71.72000122070312,71.72000122070312
2024-11-29,72.31999969482422,71.61000061035156,71.61000061035156
2024-12-02,71.87000274658203,71.04000091552734,71.04000091552734
2024-12-03,72.16000366210938,73.04000091552734,73.04000091552734
2024-12-04,73.41000366210938,71.87999725341797,71.87999725341797
2024-12-05,71.94999694824219,71.47000122070312,71.47000122070312
2024-12-06,70.62000274658203,70.23999786376953,70.23999786376953
2024-12-09,71.2300033569336,71.16999816894531,71.16999816894531
2024-12-10,71.54000091552734,71.4000015258789,71.4000015258789
2024-12-11,72.58000183105469,73.33000183105469,73.33000183105469
2024-12-12,72.9000015258789,73.20999908447266,73.20999908447266
2024-12-13,73.62000274658203,74.20999908447266,74.20999908447266
2024-12-16,74.1500015258789,73.69999694824219,73.69999694824219
2024-12-17,72.95999908447266,73.30000305175781,73.30000305175781
2024-12-18,73.66999816894531,72.94000244140625,72.94000244140625
2024-12-19,73.93000030517578,72.61000061035156,72.61000061035156
2024-12-20,72.2699966430664,73.0999984741211,73.0999984741211
2024-12-23,72.91000366210938,73.05999755859375,73.05999755859375
2024-12-24,73.69999694824219,73.6500015258789,73.6500015258789
2024-12-26,74.26000213623047,73.12999725341797,73.12999725341797
2024-12-27,74.0999984741211,73.8499984741211,73.8499984741211
2024-12-30,74.86000061035156,74.81999969482422,74.81999969482422
2024-12-31,75.23999786376953,75.55000305175781,75.55000305175781
2025-01-02,76.83999633789062,76.93000030517578,76.93000030517578
2025-01-03,77.41000366210938,77.91999816894531,77.91999816894531
2025-01-06,78.43000030517578,77.30000305175781,77.30000305175781
2025-01-07,78.12999725341797,78.16999816894531,78.16999816894531
2025-01-08,78.3499984741211,77.30000305175781,77.30000305175781
2025-01-10,81.54000091552734,80.63999938964844,80.63999938964844
2025-01-13,81.51000213623047,82.2300033569336,82.2300033569336
2025-01-14,81.9000015258789,81.66999816894531,81.66999816894531
2025-01-15,82.27999877929688,84.33999633789062,84.33999633789062
2025-01-16,83.48999786376953,82.94000244140625,82.94000244140625
2025-01-17,82.5199966430664,82.5199966430664,82.5199966430664
2025-01-21,80.62000274658203,81.11000061035156,81.11000061035156
2025-01-22,80.72000122070312,80.43000030517578,80.43000030517578
2025-01-23,80.55999755859375,79.20999908447266,79.20999908447266
2025-01-24,80.06999969482422,79.5999984741211,79.5999984741211
2025-01-27,79.27999877929688,77.93000030517578,77.93000030517578
2025-01-28,78.87000274658203,78.86000061035156,78.86000061035156
2025-01-29,78.0199966430664,77.77999877929688,77.77999877929688
2025-01-30,77.7699966430664,77.75,77.75
2025-01-31,77.5999984741211,78.0199966430664,78.0199966430664
2025-02-03,78.41999816894531,77.81999969482422,77.81999969482422
2025-02-04,75.69999694824219,77.51000213623047,77.51000213623047
2025-02-05,76.56999969482422,76.08999633789062,76.08999633789062
2025-02-06,76.36000061035156,75.44999694824219,75.44999694824219
2025-02-07,76.22000122070312,75.86000061035156,75.86000061035156
2025-02-10,76.94000244140625,77.4000015258789,77.4000015258789
2025-02-11,78.37000274658203,78.2699966430664,78.2699966430664
2025-02-12,77.1500015258789,76.31999969482422,76.31999969482422
2025-02-13,75.68000030517578,76.38999938964844,76.38999938964844
2025-02-14,76.58000183105469,75.81999969482422,75.81999969482422
2025-02-18,76.69000244140625,76.95999908447266,76.95999908447266
2025-02-19,78.05999755859375,77.44999694824219,77.44999694824219
2025-02-20,77.91999816894531,77.76000213623047,77.76000213623047
2025-02-21,76.69999694824219,75.3499984741211,75.3499984741211
2025-02-24,75.70999908447266,75.97000122070312,75.97000122070312
2025-02-25,75.5999984741211,74.12999725341797,74.12999725341797
2025-02-26,73.91000366210938,73.8499984741211,73.8499984741211
2025-02-27,75.0199966430664,75.27999877929688,75.27999877929688
2025-02-28,74.58000183105469,75.22000122070312,75.22000122070312
2025-03-03,75.33000183105469,73.31999969482422,73.31999969482422
2025-03-04,72.75,73.30999755859375,73.30999755859375
2025-03-05,71.4000015258789,71.41999816894531,71.41999816894531
2025-03-06,71.37000274658203,71.12999725341797,71.12999725341797
2025-03-07,72.73999786376953,72.08999633789062,72.08999633789062
2025-03-10,72.05999755859375,70.88999938964844,70.88999938964844
2025-03-11,71.80000305175781,71.44999694824219,71.44999694824219
2025-03-12,72.31999969482422,72.80000305175781,72.80000305175781
2025-03-13,72.08000183105469,71.62000274658203,71.62000274658203
2025-03-14,71.88999938964844,72.27999877929688,72.27999877929688
2025-03-17,72.9800033569336,72.70999908447266,72.70999908447266
2025-03-18,73.38999938964844,72.20999908447266,72.20999908447266
2025-03-19,72.08000183105469,72.41999816894531,72.41999816894531
2025-03-20,72.2300033569336,73.7300033569336,73.7300033569336
2025-03-21,73.38999938964844,73.79000091552734,73.79000091552734
2025-03-24,74.12999725341797,74.87999725341797,74.87999725341797
2025-03-25,75.2300033569336,74.81999969482422,74.81999969482422
2025-03-26,75.33999633789062,75.41999816894531,75.41999816894531
2025-03-27,75.26000213623047,75.4800033569336,75.4800033569336
2025-03-28,75.5199966430664,74.7699966430664,74.7699966430664
2025-03-31,75.5199966430664,77.33000183105469,77.33000183105469
2025-04-01,77.5999984741211,77.08000183105469,77.08000183105469
2025-04-02,76.72000122070312,77.73999786376953,77.73999786376953
2025-04-03,72.16000366210938,72.25,72.25
2025-04-04,66.9000015258789,67.91999816894531,67.91999816894531
2025-04-07,65.63999938964844,65.9800033569336,65.9800033569336
2025-04-08,66.5999984741211,63.34000015258789,63.34000015258789
2025-04-09,61.72999954223633,67.58000183105469,67.58000183105469
2025-04-10,64.7699966430664,65.31999969482422,65.31999969482422
2025-04-11,64.6500015258789,66.45999908447266,66.45999908447266
2025-04-14,67.12000274658203,66.66000366210938,66.66000366210938
2025-04-15,66.47000122070312,66.4800033569336,66.4800033569336
2025-04-16,66.98999786376953,67.75,67.75
2025-04-17,68.3499984741211,69.4800033569336,69.4800033569336
2025-04-21,68.2699966430664,68.62000274658203,68.62000274658203
2025-04-22,68.88999938964844,69.37000274658203,69.37000274658203
2025-04-23,68.98999786376953,68.05000305175781,68.05000305175781
2025-04-24,68.6500015258789,68.45999908447266,68.45999908447266
2025-04-25,68.05000305175781,69.02999877929688,69.02999877929688
2025-04-28,68.87000274658203,67.76000213623047,67.76000213623047
2025-04-29,66.69000244140625,65.8499984741211,65.8499984741211
2025-04-30,65.44999694824219,63.560001373291016,63.560001373291016
2025-05-01,63.59000015258789,64.5199966430664,64.5199966430664
2025-05-02,64.52999877929688,64.01000213623047,64.01000213623047
2025-05-05,62.849998474121094,62.369998931884766,62.369998931884766
2025-05-06,64.69999694824219,64.5999984741211,64.5999984741211
2025-05-07,64.41000366210938,63.5099983215332,63.5099983215332
2025-05-08,64.44000244140625,65.5999984741211,65.5999984741211
2025-05-09,65.95999908447266,66.61000061035156,66.61000061035156
2025-05-12,69.08000183105469,67.5999984741211,67.5999984741211
2025-05-13,68.44999694824219,69.58999633789062,69.58999633789062
2025-05-14,69.27999877929688,68.7300033569336,68.7300033569336
2025-05-15,67.41000366210938,67.58999633789062,67.58999633789062
2025-05-16,67.83000183105469,68.0999984741211,68.0999984741211
2025-05-19,68.11000061035156,68.51000213623047,68.51000213623047
2025-05-20,68.37000274658203,68.66000366210938,68.66000366210938
2025-05-21,69.13999938964844,67.58999633789062,67.58999633789062
2025-05-22,66.87999725341797,67.13999938964844,67.13999938964844
2025-05-23,66.97000122070312,67.98999786376953,67.98999786376953
2025-05-27,67.4800033569336,67.27999877929688,67.27999877929688
2025-05-28,68.33000183105469,67.88999938964844,67.88999938964844
2025-05-29,67.62999725341797,67.19000244140625,67.19000244140625
2025-05-30,67.0999984741211,67.1500015258789,67.1500015258789
2025-06-02,69.98999786376953,69.55000305175781,69.55000305175781
2025-06-03,69.62000274658203,69.88999938964844,69.88999938964844
2025-06-04,70.0,69.33999633789062,69.33999633789062
2025-06-05,70.43000030517578,69.93000030517578,69.93000030517578
2025-06-06,70.36000061035156,71.37999725341797,71.37999725341797
2025-06-09,71.4000015258789,72.05000305175781,72.05000305175781
2025-06-10,72.16999816894531,71.5999984741211,71.5999984741211
2025-06-11,73.0199966430664,74.81999969482422,74.81999969482422
2025-06-12,74.01000213623047,75.05000305175781,75.05000305175781
2025-06-13,80.47000122070312,80.22000122070312,80.22000122070312
2025-06-16,79.01000213623047,78.58999633789062,78.58999633789062
2025-06-17,80.44000244140625,82.30000305175781,82.30000305175781
2025-06-18,83.0999984741211,82.2699966430664,82.2699966430664
2025-06-20,82.25,83.12000274658203,83.12000274658203
2025-06-23,83.25,76.41000366210938,76.41000366210938
2025-06-24,73.33999633789062,73.0,73.0
2025-06-25,72.93000030517578,73.30999755859375,73.30999755859375
2025-06-26,73.62999725341797,73.58999633789062,73.58999633789062
2025-06-27,74.0199966430664,73.27999877929688,73.27999877929688
2025-06-30,73.4800033569336,73.11000061035156,73.11000061035156
2025-07-01,73.61000061035156,73.93000030517578,73.93000030517578
2025-07-02,74.31999969482422,75.58999633789062,75.58999633789062
2025-07-03,75.41000366210938,75.19000244140625,75.19000244140625
2025-07-07,75.83999633789062,76.4800033569336,76.4800033569336
2025-07-08,76.18000030517578,76.95999908447266,76.95999908447266
2025-07-09,76.44999694824219,76.93000030517578,76.93000030517578
2025-07-10,75.37000274658203,75.38999938964844,75.38999938964844
2025-07-11,76.08999633789062,77.29000091552734,77.29000091552734
2025-07-14,77.2699966430664,75.62000274658203,75.62000274658203
2025-07-15,75.30999755859375,75.26000213623047,75.26000213623047
2025-07-16,74.20999908447266,75.19000244140625,75.19000244140625
2025-07-17,75.01000213623047,76.16000366210938,76.16000366210938
2025-07-18,76.97000122070312,75.93000030517578,75.93000030517578
2025-07-21,75.62000274658203,75.58999633789062,75.58999633789062
2025-07-22,75.05999755859375,75.3499984741211,75.3499984741211
2025-07-23,74.80999755859375,75.27999877929688,75.27999877929688
2025-07-24,75.87000274658203,76.08999633789062,76.08999633789062
2025-07-25,76.11000061035156,74.8499984741211,74.8499984741211
2025-07-28,76.69999694824219,77.16999816894531,77.16999816894531
2025-07-29,77.44999694824219,79.80000305175781,79.80000305175781
2025-07-30,80.16000366210938,81.04000091552734,81.04000091552734
2025-07-31,79.86000061035156,79.58999633789062,79.58999633789062
2025-08-01,79.70999908447266,77.45999908447266,77.45999908447266
2025-08-04,75.63999938964844,76.11000061035156,76.11000061035156
2025-08-05,75.51000213623047,75.0199966430664,75.0199966430664
2025-08-06,76.30999755859375,73.79000091552734,73.79000091552734
2025-08-07,74.05999755859375,73.41999816894531,73.41999816894531
2025-08-08,73.93000030517578,73.30000305175781,73.30000305175781
2025-08-11,73.94000244140625,73.80000305175781,73.80000305175781
2025-08-12,73.22000122070312,72.94999694824219,72.94999694824219
2025-08-13,72.77999877929688,72.45999908447266,72.45999908447266
2025-08-14,73.36000061035156,73.73999786376953,73.73999786376953
2025-08-15,72.72000122070312,72.80000305175781,72.80000305175781
2025-08-18,72.3499984741211,73.16999816894531,73.16999816894531
2025-08-19,72.5,72.30000305175781,72.30000305175781
2025-08-20,73.16000366210938,73.5199966430664,73.5199966430664
2025-08-21,73.29000091552734,74.12999725341797,74.12999725341797
2025-08-22,74.27999877929688,74.63999938964844,74.63999938964844
2025-08-25,75.19000244140625,75.75,75.75
2025-08-26,74.58000183105469,74.05000305175781,74.05000305175781
2025-08-27,74.12999725341797,74.68000030517578,74.68000030517578
2025-08-28,74.94000244140625,75.23999786376953,75.23999786376953
2025-08-29,75.3499984741211,74.83999633789062,74.83999633789062
2025-09-02,76.08000183105469,76.76000213623047,76.76000213623047
2025-09-03,75.61000061035156,74.83000183105469,74.83000183105469
2025-09-04,73.87000274658203,74.18000030517578,74.18000030517578
2025-09-05,73.0199966430664,72.62999725341797,72.62999725341797
2025-09-08,73.48999786376953,73.04000091552734,73.04000091552734
2025-09-09,73.98999786376953,73.38999938964844,73.38999938964844
2025-09-10,74.0,74.70999908447266,74.70999908447266
2025-09-11,73.19000244140625,73.0,73.0
2025-09-12,74.16999816894531,73.30999755859375,73.30999755859375
2025-09-15,74.26000213623047,74.2300033569336,74.2300033569336
2025-09-16,75.08000183105469,75.66999816894531,75.66999816894531
2025-09-17,75.41000366210938,74.97000122070312,74.97000122070312
2025-09-18,75.12000274658203,74.69000244140625,74.69000244140625
2025-09-19,73.94999694824219,73.5199966430664,73.5199966430664
2025-09-22,72.80000305175781,73.44999694824219,73.44999694824219
2025-09-23,74.36000061035156,75.05000305175781,75.05000305175781
2025-09-24,75.87999725341797,76.38999938964844,76.38999938964844
2025-09-25,76.02999877929688,76.98999786376953,76.98999786376953
2025-09-26,77.05999755859375,77.0199966430664,77.0199966430664
2025-09-29,75.43000030517578,74.58999633789062,74.58999633789062
2025-09-30,73.87000274658203,73.75,73.75
2025-10-01,72.6500015258789,73.13999938964844,73.13999938964844
2025-10-02,72.27999877929688,71.54000091552734,71.54000091552734
2025-10-03,71.7699966430664,71.70999908447266,71.70999908447266
2025-10-06,72.43000030517578,72.87000274658203,72.87000274658203
2025-10-07,72.4800033569336,73.19999694824219,73.19999694824219
2025-10-08,73.5199966430664,73.52999877929688,73.52999877929688
2025-10-09,73.80999755859375,72.51000213623047,72.51000213623047
2025-10-10,70.7699966430664,69.38999938964844,69.38999938964844
2025-10-13,70.30999755859375,70.27999877929688,70.27999877929688
2025-10-14,69.1500015258789,69.0,69.0
2025-10-15,69.70999908447266,68.98999786376953,68.98999786376953
2025-10-16,69.12000274658203,67.80999755859375,67.80999755859375
2025-10-17,67.72000122070312,67.9800033569336,67.9800033569336
2025-10-20,66.9800033569336,67.83000183105469,67.83000183105469
2025-10-21,68.05000305175781,68.2699966430664,68.2699966430664
2025-10-22,69.5199966430664,70.62999725341797,70.62999725341797
2025-10-23,73.11000061035156,73.29000091552734,73.29000091552734
2025-10-24,73.66999816894531,73.18000030517578,73.18000030517578
2025-10-27,73.20999908447266,73.12000274658203,73.12000274658203
2025-10-28,72.05000305175781,71.38999938964844,71.38999938964844
2025-10-29,71.80999755859375,71.80000305175781,71.80000305175781
2025-10-30,71.38999938964844,71.70999908447266,71.70999908447266
2025-10-31,72.56999969482422,72.55999755859375,72.55999755859375
2025-11-03,72.55999755859375,72.73999786376953,72.73999786376953
2025-11-04,71.91999816894531,71.93000030517578,71.93000030517578
2025-11-05,71.68000030517578,71.02999877929688,71.02999877929688
2025-11-06,70.62000274658203,70.87999725341797,70.87999725341797
2025-11-07,71.27999877929688,71.26000213623047,71.26000213623047
2025-11-10,71.58999633789062,71.68000030517578,71.68000030517578
2025-11-11,72.43000030517578,72.72000122070312,72.72000122070312
2025-11-12,71.08999633789062,69.79000091552734,69.79000091552734
2025-11-13,70.5,69.8499984741211,69.8499984741211
2025-11-14,71.31999969482422,71.37999725341797,71.37999725341797
2025-11-17,71.5999984741211,71.30000305175781,71.30000305175781
2025-11-18,71.31999969482422,72.5,72.5
2025-11-19,70.4800033569336,70.87999725341797,70.87999725341797
2025-11-20,71.2699966430664,70.1500015258789,70.1500015258789
2025-11-21,69.2699966430664,69.30000305175781,69.30000305175781
2025-11-24,69.2699966430664,70.41999816894531,70.41999816894531
2025-11-25,68.94999694824219,69.25,69.25
2025-11-26,69.06999969482422,70.04000091552734,70.04000091552734
2025-11-28,70.44000244140625,71.06999969482422,71.06999969482422
2025-12-01,70.61000061035156,71.05999755859375,71.05999755859375
2025-12-02,70.54000091552734,70.19999694824219,70.19999694824219
2025-12-03,70.75,70.66000366210938,70.66000366210938
2025-12-04,70.6500015258789,71.38999938964844,71.38999938964844
2025-12-05,71.33000183105469,71.91999816894531,71.91999816894531
2025-12-08,70.81999969482422,70.48999786376953,70.48999786376953
2025-12-09,70.37999725341797,69.86000061035156,69.86000061035156
2025-12-10,69.43000030517578,70.54000091552734,70.54000091552734
2025-12-11,68.58999633789062,69.25,69.25
2025-12-12,68.87000274658203,68.80999755859375,68.80999755859375
2025-12-15,68.48999786376953,67.88999938964844,67.88999938964844
2025-12-16,66.75,66.16999816894531,66.16999816894531
2025-12-17,67.22000122070312,67.9800033569336,67.9800033569336
2025-12-18,67.7699966430664,67.19000244140625,67.19000244140625
2025-12-19,67.73999786376953,68.02999877929688,68.02999877929688
2025-12-22,69.55999755859375,69.7300033569336,69.7300033569336
2025-12-23,69.62000274658203,70.30000305175781,70.30000305175781
2025-12-24,70.47000122070312,70.19999694824219,70.19999694824219
2025-12-26,69.66000366210938,68.4800033569336,68.4800033569336
2025-12-29,69.8499984741211,69.61000061035156,69.61000061035156
2025-12-30,70.27999877929688,69.73999786376953,69.73999786376953
2025-12-31,70.19999694824219,69.16000366210938,69.16000366210938
2026-01-02,68.43000030517578,68.95999908447266,68.95999908447266
2026-01-05,69.7300033569336,70.22000122070312,70.22000122070312
2026-01-06,70.5999984741211,68.51000213623047,68.51000213623047
2026-01-07,68.23999786376953,67.79000091552734,67.79000091552734
2026-01-08,68.79000091552734,70.54000091552734,70.54000091552734
2026-01-09,70.87999725341797,70.77999877929688,70.77999877929688
2026-01-12,70.95999908447266,71.6500015258789,71.6500015258789
2026-01-13,72.77999877929688,73.4800033569336,73.4800033569336
2026-01-14,74.26000213623047,72.61000061035156,72.61000061035156
2026-01-15,71.5999984741211,71.12999725341797,71.12999725341797
2026-01-16,72.30000305175781,71.6500015258789,71.6500015258789
2026-01-20,72.80000305175781,71.86000061035156,71.86000061035156
2026-01-21,72.83999633789062,73.33999633789062,73.33999633789062
2026-01-22,72.43000030517578,71.81999969482422,71.81999969482422
2026-01-23,73.76000213623047,73.94999694824219,73.94999694824219
2026-01-26,73.36000061035156,73.4800033569336,73.4800033569336
2026-01-27,73.94999694824219,75.66000366210938,75.66000366210938
2026-01-28,76.26000213623047,76.62000274658203,76.62000274658203
2026-01-29,80.11000061035156,79.13999938964844,79.13999938964844
2026-01-30,79.44000244140625,79.5199966430664,79.5199966430664
2026-02-02,75.5,75.33000183105469,75.33000183105469
2026-02-03,75.8499984741211,77.47000122070312,77.47000122070312
2026-02-04,76.5199966430664,77.87999725341797,77.87999725341797
2026-02-05,76.86000061035156,76.69000244140625,76.69000244140625
2026-02-06,76.23999786376953,76.98999786376953,76.98999786376953
2026-02-09,76.83000183105469,78.0199966430664,78.0199966430664
2026-02-10,78.30000305175781,78.02999877929688,78.02999877929688
2026-02-11,79.68000030517578,78.88999938964844,78.88999938964844
2026-02-12,78.0,76.37999725341797,76.37999725341797
2026-02-13,76.12000274658203,76.22000122070312,76.22000122070312
2026-02-17,76.20999908447266,75.7300033569336,75.7300033569336
2026-02-18,77.91999816894531,79.4000015258789,79.4000015258789
2026-02-19,80.43000030517578,81.19000244140625,81.19000244140625
2026-02-20,80.54000091552734,80.8499984741211,80.8499984741211
2026-02-23,81.48999786376953,80.9000015258789,80.9000015258789
2026-02-24,81.19000244140625,80.76000213623047,80.76000213623047
2026-02-25,80.0999984741211,79.7300033569336,79.7300033569336
2026-02-26,78.1500015258789,79.7699966430664,79.7699966430664
2026-02-27,82.0,81.94999694824219,81.94999694824219
2026-03-02,87.62000274658203,87.19000244140625,87.19000244140625
2026-03-03,94.0999984741211,90.19999694824219,90.19999694824219
2026-03-04,90.22000122070312,91.55999755859375,91.55999755859375
2026-03-05,94.45999908447266,96.30999755859375,96.30999755859375
2026-03-06,105.37999725341797,108.7699966430664,108.7699966430664
2026-03-09,119.41999816894531,104.33000183105469,104.33000183105469
2026-03-10,107.12999725341797,105.86000061035156,105.86000061035156
2026-03-11,105.02999877929688,108.05000305175781,108.05000305175781
2026-03-12,115.69000244140625,118.38999938964844,118.38999938964844
2026-03-13,115.08000183105469,119.88999938964844,119.88999938964844
2026-03-16,116.93000030517578,115.02999877929688,115.02999877929688
2026-03-17,117.41999816894531,118.83999633789062,118.83999633789062
2026-03-18,121.02999877929688,121.66999816894531,121.66999816894531
2026-03-19,120.4000015258789,117.36000061035156,117.36000061035156
2026-03-20,118.95999908447266,121.43000030517578,121.43000030517578
2026-03-23,113.29000091552734,110.55999755859375,110.55999755859375
2026-03-24,115.2300033569336,114.54000091552734,114.54000091552734
2026-03-25,109.29000091552734,113.38999938964844,113.38999938964844
2026-03-26,116.7300033569336,117.26000213623047,117.26000213623047
2026-03-27,120.79000091552734,124.19999694824219,124.19999694824219
2026-03-30,126.83999633789062,129.8300018310547,129.8300018310547
2026-03-31,129.35000610351562,127.25,127.25
2026-04-01,124.86000061035156,124.08999633789062,124.08999633789062
2026-04-02,139.27000427246094,137.9199981689453,137.9199981689453
2026-04-06,138.50999450683594,138.94000244140625,138.94000244140625
2026-04-07,141.3300018310547,138.0800018310547,138.0800018310547
2026-04-08,119.05999755859375,124.58000183105469,124.58000183105469
2026-04-09,127.19000244140625,126.95999908447266,126.95999908447266
2026-04-10,125.61000061035156,124.81999969482422,124.81999969482422
2026-04-13,133.3699951171875,128.47000122070312,128.47000122070312
2026-04-14,127.0999984741211,123.8499984741211,123.8499984741211
2026-04-15,123.25,122.58999633789062,122.58999633789062
2026-04-16,124.06999969482422,125.83999633789062,125.83999633789062
2026-04-17,114.7300033569336,116.04000091552734,116.04000091552734
2026-04-20,119.83999633789062,121.31999969482422,121.31999969482422
2026-04-21,121.51000213623047,128.25,128.25
2026-04-22,127.36000061035156,129.39999389648438,129.39999389648438
2026-04-23,131.25999450683594,134.72000122070312,134.72000122070312
2026-04-24,132.6300048828125,132.39999389648438,132.39999389648438
2026-04-27,133.9600067138672,134.72000122070312,134.72000122070312
2026-04-28,138.85000610351562,139.60000610351562,139.60000610351562
2026-04-29,146.14999389648438,150.6300048828125,150.6300048828125
2026-04-30,146.32000732421875,147.08999633789062,147.08999633789062
2026-05-01,143.52999877929688,142.8000030517578,142.8000030517578
2026-05-04,143.85000610351562,147.61000061035156,147.61000061035156
2026-05-05,143.91000366210938,144.1699981689453,144.1699981689453
2026-05-06,135.3300018310547,133.9499969482422,133.9499969482422
2026-05-07,128.77000427246094,134.97000122070312,134.97000122070312
2026-05-08,132.3699951171875,133.58999633789062,133.58999633789062
2026-05-11,136.69000244140625,138.66000366210938,138.66000366210938
2026-05-12,143.8300018310547,144.3000030517578,144.3000030517578
2026-05-13,143.9199981689453,142.0399932861328,142.0399932861328
2026-05-14,140.94000244140625,143.0,143.0
2026-05-15,145.5500030517578,148.22999572753906,148.22999572753906
2026-05-18,145.91000366210938,149.2899932861328,149.2899932861328
2026-05-19,152.8800048828125,152.9600067138672,152.9600067138672
2026-05-20,149.4499969482422,144.27000427246094,144.27000427246094
2026-05-21,149.27000427246094,142.5399932861328,142.5399932861328
2026-05-22,141.42999267578125,140.9199981689453,140.9199981689453
2026-05-26,136.33999633789062,137.0,137.0
2026-05-27,131.38999938964844,131.02999877929688,131.02999877929688
2026-05-28,133.33999633789062,130.77999877929688,130.77999877929688
2026-05-29,128.30999755859375,129.08999633789062,129.08999633789062
2026-06-01,135.64999389648438,135.5,135.5
2026-06-02,135.07000732421875,137.27000427246094,137.27000427246094
2026-06-03,139.4600067138672,140.86000061035156,140.86000061035156
2026-06-04,136.6699981689453,136.74000549316406,136.74000549316406
2026-06-05,135.13999938964844,133.02000427246094,133.02000427246094
2026-06-08,134.9499969482422,135.14999389648438,135.14999389648438
2026-06-09,132.00999450683594,131.3000030517578,131.3000030517578
2026-06-10,132.92999267578125,134.3000030517578,134.3000030517578
2026-06-11,134.27000427246094,128.8300018310547,128.8300018310547
2026-06-12,127.02999877929688,125.43000030517578,125.43000030517578
2026-06-15,119.83999633789062,121.20999908447266,121.20999908447266
2026-06-16,116.33999633789062,115.47000122070312,115.47000122070312
2026-06-17,115.44000244140625,114.2300033569336,114.2300033569336
2026-06-18,112.47000122070312,114.87000274658203,114.87000274658203
2026-06-22,112.62999725341797,112.69000244140625,112.69000244140625
2026-06-23,110.91999816894531,111.26000213623047,111.26000213623047
2026-06-24,106.29000091552734,106.29000091552734,106.29000091552734
2026-06-25,106.02999877929688,109.30999755859375,109.30999755859375
2026-06-26,105.83000183105469,105.4800033569336,105.4800033569336
2026-06-29,106.6500015258789,107.08000183105469,107.08000183105469
2026-06-30,108.1500015258789,106.44000244140625,106.44000244140625
2026-07-01,104.55000305175781,103.2699966430664,103.2699966430664
2026-07-02,102.8499984741211,103.9800033569336,103.9800033569336
2026-07-06,104.52999877929688,104.3499984741211,104.3499984741211
2026-07-07,105.66999816894531,108.91999816894531,108.91999816894531
2026-07-08,112.36000061035156,112.20999908447266,112.20999908447266
2026-07-09,110.83999633789062,109.01000213623047,109.01000213623047
2026-07-10,109.30999755859375,108.69999694824219,108.69999694824219
2026-07-13,111.88999938964844,117.79000091552734,117.79000091552734
2026-07-14,120.6500015258789,120.16999816894531,120.16999816894531
2026-07-15,121.44999694824219,121.37999725341797,121.37999725341797
2026-07-16,121.20999908447266,119.30000305175781,119.30000305175781
2026-07-17,123.19999694824219,123.95999908447266,123.95999908447266
2026-07-20,123.77999877929688,125.51000213623047,125.51000213623047
2026-07-21,128.9199981689453,128.85000610351562,128.85000610351562
2026-07-22,131.4199981689453,131.67999267578125,131.67999267578125
2026-07-23,138.52000427246094,139.49000549316406,139.49000549316406
2026-07-24,137.72000122070312,136.69000244140625,136.69000244140625
2026-07-27,128.66000366210938,124.76000213623047,124.76000213623047
2026-07-28,123.66999816894531,120.48999786376953,120.48999786376953
2026-07-29,128.4600067138672,129.30999755859375,129.30999755859375
2026-07-30,127.12000274658203,127.4800033569336,127.4800033569336
2026-07-31,130.17999267578125,129.1699981689453,129.1699981689453
2026-08-03,120.80000305175781,122.12000274658203,122.12000274658203
2026-08-04,117.0,115.77999877929688,115.77999877929688
2026-08-05,115.95999908447266,114.87999725341797,114.87999725341797
2026-08-06,116.45999908447266,118.87000274658203,118.87000274658203
2026-08-07,117.66999816894531,117.9800033569336,117.9800033569336
2026-08-10,122.08999633789062,125.91999816894531,125.91999816894531
2026-08-11,124.75,127.61000061035156,127.61000061035156
2026-08-12,126.63999938964844,127.30000305175781,127.30000305175781
2026-08-13,124.56999969482422,125.02999877929688,125.02999877929688
2026-08-14,124.79000091552734,126.5999984741211,126.5999984741211
2026-08-17,127.29000091552734,130.2899932861328,130.2899932861328
2026-08-18,131.61000061035156,130.66000366210938,130.66000366210938
2026-08-19,131.1699981689453,130.91000366210938,130.91000366210938
2026-08-20,134.7100067138672,134.5399932861328,134.5399932861328
2026-08-21,134.97999572753906,134.63999938964844,134.63999938964844
2026-08-24,133.5,132.2100067138672,132.2100067138672
2026-08-25,128.08999633789062,126.1500015258789,126.1500015258789
2026-08-26,125.47000122070312,127.3499984741211,127.3499984741211
2026-08-27,128.14999389648438,130.00999450683594,130.00999450683594
2026-08-28,128.1300048828125,129.6999969482422,129.6999969482422
2026-08-31,133.00999450683594,133.6999969482422,133.6999969482422
2026-09-01,137.19000244140625,141.0,141.0
2026-09-02,139.4199981689453,141.14999389648438,141.14999389648438
2026-09-03,142.1199951171875,142.08999633789062,142.08999633789062
2026-09-04,140.14999389648438,141.9600067138672,141.9600067138672
