Date,Open,Close,AdjClose
2007-03-01,24.93000030517578,24.969999313354492,20.54920768737793
2007-03-02,25.020000457763672,24.959999084472656,20.54098129272461
2007-03-05,25.110000610351562,25.1200008392334,20.672653198242188
2007-03-06,25.100000381469727,25.100000381469727,20.65619468688965
2007-03-07,25.079999923706055,25.0,20.573898315429688
2007-03-08,25.149999618530273,25.1200008392334,20.672653198242188
2007-03-09,25.200000762939453,25.15999984741211,20.70557403564453
2007-03-12,25.079999923706055,25.079999923706055,20.63973617553711
2007-03-13,25.0,25.020000457763672,20.59035873413086
2007-03-14,25.040000915527344,24.959999084472656,20.54098129272461
2007-03-15,24.959999084472656,24.959999084472656,20.54098129272461
2007-03-16,24.860000610351562,24.8700008392334,20.4669132232666
2007-03-19,24.8700008392334,25.0,20.573898315429688
2007-03-20,24.8799991607666,24.850000381469727,20.450454711914062
2007-03-21,24.780000686645508,24.780000686645508,20.392847061157227
2007-03-22,24.799999237060547,24.780000686645508,20.392847061157227
2007-03-23,24.8700008392334,24.93000030517578,20.51629066467285
2007-03-26,24.90999984741211,24.850000381469727,20.450454711914062
2007-03-27,24.8700008392334,24.84000015258789,20.442222595214844
2007-03-28,24.799999237060547,24.84000015258789,20.442222595214844
2007-03-29,24.8700008392334,24.8700008392334,20.4669132232666
2007-03-30,24.799999237060547,24.790000915527344,20.401077270507812
2007-04-02,24.829999923706055,24.850000381469727,20.450454711914062
2007-04-03,24.889999389648438,24.8799991607666,20.475143432617188
2007-04-04,24.850000381469727,24.850000381469727,20.450454711914062
2007-04-05,24.770000457763672,24.770000457763672,20.38461685180664
2007-04-09,24.93000030517578,24.93000030517578,20.51629066467285
2007-04-10,24.84000015258789,24.850000381469727,20.450454711914062
2007-04-11,24.850000381469727,24.850000381469727,20.450454711914062
2007-04-12,24.780000686645508,24.700000762939453,20.327011108398438
2007-04-13,24.65999984741211,24.690000534057617,20.318782806396484
2007-04-16,24.690000534057617,24.59000015258789,20.23648452758789
2007-04-17,24.600000381469727,24.579999923706055,20.228260040283203
2007-04-18,24.520000457763672,24.549999237060547,20.203567504882812
2007-04-19,24.540000915527344,24.549999237060547,20.203567504882812
2007-04-20,24.549999237060547,24.459999084472656,20.129501342773438
2007-04-23,24.6299991607666,24.59000015258789,20.23648452758789
2007-04-24,24.59000015258789,24.559999465942383,20.211795806884766
2007-04-25,24.540000915527344,24.520000457763672,20.17888069152832
2007-04-26,24.6299991607666,24.6200008392334,20.26117515563965
2007-04-27,24.5,24.540000915527344,20.19533920288086
2007-04-30,24.510000228881836,24.489999771118164,20.154190063476562
2007-05-01,24.5,24.639999389648438,20.277633666992188
2007-05-02,24.649999618530273,24.65999984741211,20.294095993041992
2007-05-03,24.65999984741211,24.690000534057617,20.318782806396484
2007-05-04,24.639999389648438,24.600000381469727,20.244718551635742
2007-05-07,24.600000381469727,24.65999984741211,20.294095993041992
2007-05-08,24.65999984741211,24.729999542236328,20.351699829101562
2007-05-09,24.68000030517578,24.760000228881836,20.376388549804688
2007-05-10,24.790000915527344,24.790000915527344,20.401077270507812
2007-05-11,24.81999969482422,24.809999465942383,20.41753578186035
2007-05-14,24.739999771118164,24.790000915527344,20.401077270507812
2007-05-15,24.809999465942383,24.709999084472656,20.33523941040039
2007-05-16,24.780000686645508,24.81999969482422,20.425764083862305
2007-05-17,24.8799991607666,24.8799991607666,20.475143432617188
2007-05-18,24.8700008392334,24.829999923706055,20.433996200561523
2007-05-21,24.920000076293945,24.899999618530273,20.49160385131836
2007-05-22,24.90999984741211,24.90999984741211,20.499834060668945
2007-05-23,24.850000381469727,24.889999389648438,20.483367919921875
2007-05-24,24.8799991607666,24.93000030517578,20.51629066467285
2007-05-25,24.920000076293945,24.90999984741211,20.499834060668945
2007-05-29,24.829999923706055,24.920000076293945,20.508060455322266
2007-05-30,24.920000076293945,24.959999084472656,20.54098129272461
2007-05-31,24.8799991607666,24.920000076293945,20.508060455322266
2007-06-01,24.959999084472656,24.93000030517578,20.51629066467285
2007-06-04,24.829999923706055,24.829999923706055,20.433996200561523
2007-06-05,24.75,24.760000228881836,20.376388549804688
2007-06-06,24.84000015258789,24.799999237060547,20.4093074798584
2007-06-07,24.8799991607666,24.959999084472656,20.54098129272461
2007-06-08,25.09000015258789,25.040000915527344,20.606815338134766
2007-06-11,25.09000015258789,25.100000381469727,20.65619468688965
2007-06-12,25.1200008392334,25.149999618530273,20.69734001159668
2007-06-13,25.209999084472656,25.200000762939453,20.73849105834961
2007-06-14,25.209999084472656,25.229999542236328,20.7631778717041
2007-06-15,25.149999618530273,25.09000015258789,20.64796257019043
2007-06-18,25.06999969482422,25.059999465942383,20.623273849487305
2007-06-19,25.110000610351562,25.06999969482422,20.63150405883789
2007-06-20,25.049999237060547,24.1200008392334,19.84969711303711
2007-06-21,25.100000381469727,25.100000381469727,20.65619468688965
2007-06-22,25.0,24.950000762939453,20.532747268676758
2007-06-25,25.010000228881836,25.030000686645508,20.598587036132812
2007-06-26,24.979999542236328,24.989999771118164,20.56566619873047
2007-06-27,25.010000228881836,25.030000686645508,20.598587036132812
2007-06-28,24.969999313354492,25.030000686645508,20.598587036132812
2007-06-29,24.920000076293945,24.8799991607666,20.475143432617188
2007-07-02,24.84000015258789,24.75,20.3681583404541
2007-07-03,24.709999084472656,24.709999084472656,20.33523941040039
2007-07-05,24.809999465942383,24.829999923706055,20.433996200561523
2007-07-06,24.809999465942383,24.780000686645508,20.392847061157227
2007-07-09,24.790000915527344,24.790000915527344,20.401077270507812
2007-07-10,24.700000762939453,24.6200008392334,20.26117515563965
2007-07-11,24.579999923706055,24.59000015258789,20.23648452758789
2007-07-12,24.559999465942383,24.549999237060547,20.203567504882812
2007-07-13,24.549999237060547,24.56999969482422,20.22002601623535
2007-07-16,24.559999465942383,24.559999465942383,20.211795806884766
2007-07-17,24.559999465942383,24.559999465942383,20.211795806884766
2007-07-18,24.5,24.540000915527344,20.19533920288086
2007-07-19,24.5,24.530000686645508,20.187108993530273
2007-07-20,24.479999542236328,24.489999771118164,20.154190063476562
2007-07-23,24.5,24.540000915527344,20.19533920288086
2007-07-24,24.479999542236328,24.350000381469727,20.038976669311523
2007-07-25,24.540000915527344,24.559999465942383,20.211795806884766
2007-07-26,24.559999465942383,24.450000762939453,20.121273040771484
2007-07-27,24.639999389648438,24.649999618530273,20.28586196899414
2007-07-30,24.670000076293945,24.690000534057617,20.318782806396484
2007-07-31,24.670000076293945,24.649999618530273,20.28586196899414
2007-08-01,24.709999084472656,24.65999984741211,20.294095993041992
2007-08-02,24.670000076293945,24.700000762939453,20.327011108398438
2007-08-03,24.59000015258789,24.469999313354492,20.137731552124023
2007-08-06,24.479999542236328,24.520000457763672,20.17888069152832
2007-08-07,24.530000686645508,24.59000015258789,20.23648452758789
2007-08-08,24.489999771118164,24.520000457763672,20.17888069152832
2007-08-09,24.709999084472656,24.709999084472656,20.33523941040039
2007-08-10,24.739999771118164,24.729999542236328,20.351699829101562
2007-08-13,24.75,24.799999237060547,20.4093074798584
2007-08-14,24.8799991607666,24.959999084472656,20.54098129272461
2007-08-15,25.059999465942383,25.06999969482422,20.63150405883789
2007-08-16,25.020000457763672,25.0,20.573898315429688
2007-08-17,24.649999618530273,24.93000030517578,20.51629066467285
2007-08-20,24.979999542236328,24.989999771118164,20.56566619873047
2007-08-21,24.979999542236328,25.0,20.573898315429688
2007-08-22,24.940000534057617,24.93000030517578,20.51629066467285
2007-08-23,24.920000076293945,24.889999389648438,20.483367919921875
2007-08-24,24.81999969482422,24.780000686645508,20.392847061157227
2007-08-27,24.739999771118164,24.760000228881836,20.376388549804688
2007-08-28,24.75,24.760000228881836,20.376388549804688
2007-08-29,24.760000228881836,24.739999771118164,20.359928131103516
2007-08-30,24.829999923706055,24.850000381469727,20.450454711914062
2007-08-31,24.729999542236328,24.790000915527344,20.401077270507812
2007-09-04,24.889999389648438,24.829999923706055,20.433996200561523
2007-09-05,24.729999542236328,24.739999771118164,20.359928131103516
2007-09-06,24.760000228881836,24.670000076293945,20.30232048034668
2007-09-07,24.540000915527344,24.530000686645508,20.187108993530273
2007-09-10,24.520000457763672,24.5,20.16242027282715
2007-09-11,24.540000915527344,24.530000686645508,20.187108993530273
2007-09-12,24.459999084472656,24.40999984741211,20.088354110717773
2007-09-13,24.489999771118164,24.479999542236328,20.14596176147461
2007-09-14,24.479999542236328,24.540000915527344,20.19533920288086
2007-09-17,24.5,24.520000457763672,20.17888069152832
2007-09-18,24.559999465942383,24.440000534057617,20.1130428314209
2007-09-19,24.440000534057617,24.43000030517578,20.104814529418945
2007-09-20,24.290000915527344,24.25,19.956682205200195
2007-09-21,24.280000686645508,24.260000228881836,19.964908599853516
2007-09-24,24.219999313354492,24.25,19.956682205200195
2007-09-25,24.15999984741211,24.190000534057617,19.907306671142578
2007-09-26,24.219999313354492,24.270000457763672,19.973140716552734
2007-09-27,24.15999984741211,24.229999542236328,19.940221786499023
2007-09-28,24.1200008392334,24.049999237060547,19.79208755493164
2007-10-01,24.100000381469727,24.079999923706055,19.81678009033203
2007-10-02,24.200000762939453,24.229999542236328,19.940221786499023
2007-10-03,24.18000030517578,24.299999237060547,19.997831344604492
2007-10-04,24.31999969482422,24.270000457763672,19.973140716552734
2007-10-05,24.25,24.229999542236328,19.940221786499023
2007-10-08,24.280000686645508,24.3799991607666,20.06366539001465
2007-10-09,24.3700008392334,24.290000915527344,19.989601135253906
2007-10-10,24.190000534057617,24.219999313354492,19.931991577148438
2007-10-11,24.18000030517578,24.239999771118164,19.948450088500977
2007-10-12,24.190000534057617,24.200000762939453,19.9155330657959
2007-10-15,24.149999618530273,24.170000076293945,19.890844345092773
2007-10-16,24.18000030517578,24.200000762939453,19.9155330657959
2007-10-17,24.139999389648438,24.190000534057617,19.907306671142578
2007-10-18,24.010000228881836,24.040000915527344,19.78386116027832
2007-10-19,23.989999771118164,23.989999771118164,19.742713928222656
2007-10-22,24.139999389648438,24.190000534057617,19.907306671142578
2007-10-23,24.030000686645508,24.040000915527344,19.78386116027832
2007-10-24,24.049999237060547,24.0,19.75094223022461
2007-10-25,23.959999084472656,23.950000762939453,19.709794998168945
2007-10-26,23.860000610351562,23.850000381469727,19.627498626708984
2007-10-29,23.850000381469727,23.809999465942383,19.594581604003906
2007-10-30,23.84000015258789,23.860000610351562,19.635726928710938
2007-10-31,23.860000610351562,23.75,19.545204162597656
2007-11-01,23.84000015258789,23.829999923706055,19.611038208007812
2007-11-02,23.760000228881836,23.600000381469727,19.42176055908203
2007-11-05,23.729999542236328,23.719999313354492,19.520511627197266
2007-11-06,23.610000610351562,23.639999389648438,19.45467758178711
2007-11-07,23.600000381469727,23.520000457763672,19.35592269897461
2007-11-08,23.5,23.5,19.339462280273438
2007-11-09,24.40999984741211,23.5,19.339462280273438
2007-11-12,25.0,23.719999313354492,19.520511627197266
2007-11-13,24.0,23.6299991607666,19.446449279785156
2007-11-14,25.780000686645508,23.639999389648438,19.45467758178711
2007-11-15,23.6299991607666,23.700000762939453,19.50405502319336
2007-11-16,23.75,23.670000076293945,19.479368209838867
2007-11-19,23.610000610351562,23.600000381469727,19.42176055908203
2007-11-20,23.860000610351562,23.3799991607666,19.24070930480957
2007-11-21,23.34000015258789,23.260000228881836,19.141956329345703
2007-11-23,23.3799991607666,23.43000030517578,19.281856536865234
2007-11-26,23.690000534057617,23.309999465942383,19.18310546875
2007-11-27,23.25,23.440000534057617,19.29008674621582
2007-11-28,23.829999923706055,23.510000228881836,19.347694396972656
2007-11-29,24.209999084472656,23.639999389648438,19.45467758178711
2007-11-30,25.0,23.81999969482422,19.60280990600586
2007-12-03,24.229999542236328,23.770000457763672,19.561662673950195
2007-12-04,23.600000381469727,23.600000381469727,19.42176055908203
2007-12-05,23.600000381469727,23.889999389648438,19.660419464111328
2007-12-06,24.309999465942383,23.8799991607666,19.65218734741211
2007-12-07,24.239999771118164,23.920000076293945,19.685104370117188
2007-12-10,23.510000228881836,23.75,19.545204162597656
2007-12-11,23.540000915527344,23.700000762939453,19.50405502319336
2007-12-12,24.059999465942383,23.790000915527344,19.578123092651367
2007-12-13,23.829999923706055,23.8700008392334,19.643959045410156
2007-12-14,24.420000076293945,24.170000076293945,19.890844345092773
2007-12-17,24.3700008392334,24.170000076293945,20.05681037902832
2007-12-18,23.989999771118164,23.940000534057617,19.865951538085938
2007-12-19,24.0,24.010000228881836,19.924036026000977
2007-12-20,24.049999237060547,24.049999237060547,19.95722770690918
2007-12-21,23.969999313354492,24.110000610351562,20.00701904296875
2007-12-24,24.0,23.950000762939453,19.874248504638672
2007-12-26,23.899999618530273,23.860000610351562,19.799562454223633
2007-12-27,23.84000015258789,23.709999084472656,19.675090789794922
2007-12-28,23.6299991607666,23.549999237060547,19.542316436767578
2007-12-31,23.530000686645508,23.700000762939453,19.666791915893555
2008-01-02,23.84000015258789,23.489999771118164,19.492530822753906
2008-01-03,23.469999313354492,23.540000915527344,19.534021377563477
2008-01-04,23.170000076293945,23.290000915527344,19.32656478881836
2008-01-07,23.600000381469727,23.520000457763672,19.517425537109375
2008-01-08,23.559999465942383,23.489999771118164,19.492530822753906
2008-01-09,23.459999084472656,23.670000076293945,19.64189910888672
2008-01-10,23.81999969482422,23.440000534057617,19.451038360595703
2008-01-11,23.40999984741211,23.549999237060547,19.542316436767578
2008-01-14,23.450000762939453,23.43000030517578,19.442739486694336
2008-01-15,23.149999618530273,23.40999984741211,19.426145553588867
2008-01-16,23.479999542236328,23.700000762939453,19.666791915893555
2008-01-17,23.760000228881836,23.65999984741211,19.63360023498535
2008-01-18,23.690000534057617,23.729999542236328,19.691686630249023
2008-01-22,23.670000076293945,23.770000457763672,19.724882125854492
2008-01-23,24.0,23.700000762939453,19.666791915893555
2008-01-24,23.549999237060547,23.5,19.500825881958008
2008-01-25,23.579999923706055,23.559999465942383,19.55061912536621
2008-01-28,23.559999465942383,23.40999984741211,19.426145553588867
2008-01-29,23.190000534057617,23.399999618530273,19.417842864990234
2008-01-30,23.600000381469727,23.260000228881836,19.301673889160156
2008-01-31,23.25,23.440000534057617,19.451038360595703
2008-02-01,23.600000381469727,23.530000686645508,19.52572250366211
2008-02-04,23.280000686645508,23.489999771118164,19.492530822753906
2008-02-05,23.649999618530273,23.739999771118164,19.69998550415039
2008-02-06,23.700000762939453,23.739999771118164,19.69998550415039
2008-02-07,24.020000457763672,23.969999313354492,19.890844345092773
2008-02-08,23.969999313354492,23.899999618530273,19.83275604248047
2008-02-11,23.989999771118164,23.850000381469727,19.7912654876709
2008-02-12,23.65999984741211,23.770000457763672,19.724882125854492
2008-02-13,23.770000457763672,23.809999465942383,19.758071899414062
2008-02-14,23.899999618530273,23.729999542236328,19.691686630249023
2008-02-15,23.649999618530273,23.729999542236328,19.691686630249023
2008-02-19,23.75,23.690000534057617,19.658496856689453
2008-02-20,23.920000076293945,23.700000762939453,19.666791915893555
2008-02-21,23.790000915527344,23.530000686645508,19.52572250366211
2008-02-22,23.459999084472656,23.260000228881836,19.301673889160156
2008-02-25,23.40999984741211,23.3799991607666,19.401248931884766
2008-02-26,23.270000457763672,23.219999313354492,19.268478393554688
2008-02-27,23.200000762939453,23.06999969482422,19.144006729125977
2008-02-28,23.049999237060547,22.940000534057617,19.036128997802734
2008-02-29,22.920000076293945,22.950000762939453,19.0444278717041
2008-03-03,23.0,22.899999618530273,19.0029354095459
2008-03-04,22.8700008392334,22.959999084472656,19.052724838256836
2008-03-05,22.920000076293945,22.850000381469727,18.96144676208496
2008-03-06,22.799999237060547,22.729999542236328,18.861865997314453
2008-03-07,22.68000030517578,22.799999237060547,18.919954299926758
2008-03-10,22.889999389648438,22.729999542236328,18.861865997314453
2008-03-11,22.93000030517578,22.8799991607666,18.986339569091797
2008-03-12,23.219999313354492,22.479999542236328,18.654407501220703
2008-03-13,22.34000015258789,22.420000076293945,18.6046199798584
2008-03-14,22.719999313354492,22.459999084472656,18.637813568115234
2008-03-17,22.020000457763672,22.270000457763672,18.480148315429688
2008-03-18,22.459999084472656,22.530000686645508,18.69590187072754
2008-03-19,22.6299991607666,22.549999237060547,18.712499618530273
2008-03-20,22.920000076293945,22.790000915527344,18.91165542602539
2008-03-24,22.889999389648438,23.1299991607666,19.19379425048828
2008-03-25,23.06999969482422,22.6200008392334,18.770586013793945
2008-03-26,22.309999465942383,22.299999237060547,18.505043029785156
2008-03-27,22.299999237060547,22.34000015258789,18.538236618041992
2008-03-28,22.549999237060547,22.360000610351562,18.55483055114746
2008-03-31,22.299999237060547,22.399999618530273,18.588024139404297
2008-04-01,22.75,22.75,18.878461837768555
2008-04-02,22.809999465942383,22.530000686645508,18.69590187072754
2008-04-03,22.360000610351562,22.610000610351562,18.762287139892578
2008-04-04,22.610000610351562,22.389999389648438,18.57972526550293
2008-04-07,22.649999618530273,22.549999237060547,18.712499618530273
2008-04-08,22.600000381469727,22.549999237060547,18.712499618530273
2008-04-09,22.649999618530273,22.399999618530273,18.588024139404297
2008-04-10,22.510000228881836,22.5,18.671005249023438
2008-04-11,22.56999969482422,22.420000076293945,18.6046199798584
2008-04-14,22.15999984741211,22.420000076293945,18.6046199798584
2008-04-15,22.530000686645508,22.450000762939453,18.629514694213867
2008-04-16,22.440000534057617,22.229999542236328,18.44695281982422
2008-04-17,22.260000228881836,22.350000381469727,18.546533584594727
2008-04-18,22.68000030517578,22.5,18.671005249023438
2008-04-21,22.6299991607666,22.329999923706055,18.529935836791992
2008-04-22,22.290000915527344,22.25,18.463550567626953
2008-04-23,22.420000076293945,22.399999618530273,18.588024139404297
2008-04-24,22.780000686645508,22.649999618530273,18.795480728149414
2008-04-25,22.829999923706055,22.709999084472656,18.845266342163086
2008-04-28,22.809999465942383,22.68000030517578,18.82037353515625
2008-04-29,22.790000915527344,22.770000457763672,18.89505958557129
2008-04-30,22.850000381469727,22.610000610351562,18.762287139892578
2008-05-01,22.8799991607666,22.799999237060547,18.919954299926758
2008-05-02,22.950000762939453,22.920000076293945,19.01953125
2008-05-05,22.93000030517578,22.809999465942383,18.92824935913086
2008-05-06,22.799999237060547,22.729999542236328,18.861865997314453
2008-05-07,22.889999389648438,22.8799991607666,18.986339569091797
2008-05-08,22.93000030517578,22.8799991607666,18.986339569091797
2008-05-09,22.8799991607666,22.729999542236328,18.861865997314453
2008-05-12,22.90999984741211,22.700000762939453,18.836971282958984
2008-05-13,22.700000762939453,22.799999237060547,18.919954299926758
2008-05-14,22.850000381469727,22.829999923706055,18.94484519958496
2008-05-15,22.81999969482422,22.809999465942383,18.92824935913086
2008-05-16,22.700000762939453,22.59000015258789,18.745689392089844
2008-05-19,22.520000457763672,22.709999084472656,18.845266342163086
2008-05-20,22.56999969482422,22.479999542236328,18.654407501220703
2008-05-21,22.40999984741211,22.31999969482422,18.521638870239258
2008-05-22,22.280000686645508,22.459999084472656,18.637813568115234
2008-05-23,22.34000015258789,22.329999923706055,18.529935836791992
2008-05-27,22.40999984741211,22.459999084472656,18.637813568115234
2008-05-28,22.65999984741211,22.559999465942383,18.720792770385742
2008-05-29,22.65999984741211,22.739999771118164,18.870162963867188
2008-05-30,22.790000915527344,22.709999084472656,18.845266342163086
2008-06-02,22.75,22.68000030517578,18.82037353515625
2008-06-03,22.75,22.799999237060547,18.919954299926758
2008-06-04,22.84000015258789,22.860000610351562,18.969741821289062
2008-06-05,22.8799991607666,22.75,18.878461837768555
2008-06-06,22.6200008392334,22.489999771118164,18.662708282470703
2008-06-09,22.43000030517578,22.68000030517578,18.82037353515625
2008-06-10,22.809999465942383,22.920000076293945,19.01953125
2008-06-11,22.899999618530273,22.770000457763672,18.89505958557129
2008-06-12,22.93000030517578,22.959999084472656,19.052724838256836
2008-06-13,23.049999237060547,22.989999771118164,19.077617645263672
2008-06-16,22.969999313354492,22.889999389648438,18.9946346282959
2008-06-17,22.8799991607666,22.84000015258789,18.95314598083496
2008-06-18,22.780000686645508,22.81999969482422,18.936548233032227
2008-06-19,22.850000381469727,22.84000015258789,18.95314598083496
2008-06-20,22.809999465942383,22.690000534057617,18.828670501708984
2008-06-23,22.850000381469727,22.81999969482422,18.936548233032227
2008-06-24,22.75,22.760000228881836,18.886762619018555
2008-06-25,22.780000686645508,22.649999618530273,18.795480728149414
2008-06-26,22.540000915527344,22.510000228881836,18.679304122924805
2008-06-27,22.459999084472656,22.440000534057617,18.621217727661133
2008-06-30,22.479999542236328,22.489999771118164,18.662708282470703
2008-07-01,22.549999237060547,22.469999313354492,18.64611053466797
2008-07-02,22.389999389648438,22.360000610351562,18.55483055114746
2008-07-03,22.6299991607666,22.579999923706055,18.737390518188477
2008-07-07,22.6200008392334,22.559999465942383,18.720792770385742
2008-07-08,22.520000457763672,22.65999984741211,18.80377769470215
2008-07-09,22.739999771118164,22.5,18.671005249023438
2008-07-10,22.440000534057617,22.479999542236328,18.654407501220703
2008-07-11,22.360000610351562,22.329999923706055,18.529935836791992
2008-07-14,22.559999465942383,22.290000915527344,18.49674415588379
2008-07-15,22.110000610351562,22.270000457763672,18.480148315429688
2008-07-16,22.25,22.3799991607666,18.571426391601562
2008-07-17,22.450000762939453,22.420000076293945,18.6046199798584
2008-07-18,22.399999618530273,22.420000076293945,18.6046199798584
2008-07-21,22.399999618530273,22.34000015258789,18.538236618041992
2008-07-22,22.200000762939453,22.5,18.671005249023438
2008-07-23,22.520000457763672,22.59000015258789,18.745689392089844
2008-07-24,22.579999923706055,22.56999969482422,18.729093551635742
2008-07-25,22.549999237060547,22.600000381469727,18.75398826599121
2008-07-28,22.600000381469727,22.549999237060547,18.712499618530273
2008-07-29,22.559999465942383,22.739999771118164,18.870162963867188
2008-07-30,22.8700008392334,22.719999313354492,18.853565216064453
2008-07-31,22.600000381469727,22.719999313354492,18.853565216064453
2008-08-01,22.850000381469727,22.790000915527344,18.91165542602539
2008-08-04,22.81999969482422,22.799999237060547,18.919954299926758
2008-08-05,22.8799991607666,22.969999313354492,19.06102180480957
2008-08-06,23.020000457763672,23.040000915527344,19.119112014770508
2008-08-07,23.0,23.15999984741211,19.218690872192383
2008-08-08,23.59000015258789,23.530000686645508,19.52572250366211
2008-08-11,23.700000762939453,23.65999984741211,19.63360023498535
2008-08-12,23.639999389648438,23.610000610351562,19.59210968017578
2008-08-13,23.600000381469727,23.610000610351562,19.59210968017578
2008-08-14,23.670000076293945,23.75,19.708284378051758
2008-08-15,23.8799991607666,23.93000030517578,19.85765266418457
2008-08-18,23.899999618530273,23.860000610351562,19.799562454223633
2008-08-19,23.899999618530273,23.75,19.708284378051758
2008-08-20,23.81999969482422,23.81999969482422,19.766372680664062
2008-08-21,23.600000381469727,23.549999237060547,19.542316436767578
2008-08-22,23.670000076293945,23.790000915527344,19.741477966308594
2008-08-25,23.729999542236328,23.780000686645508,19.73318099975586
2008-08-26,23.899999618530273,23.920000076293945,19.849353790283203
2008-08-27,23.799999237060547,23.850000381469727,19.7912654876709
2008-08-28,23.729999542236328,23.93000030517578,19.85765266418457
2008-08-29,23.829999923706055,23.940000534057617,19.865951538085938
2008-09-02,24.200000762939453,24.170000076293945,20.05681037902832
2008-09-03,24.190000534057617,24.149999618530273,20.040212631225586
2008-09-04,24.139999389648438,24.34000015258789,20.197879791259766
2008-09-05,24.299999237060547,24.43000030517578,20.272563934326172
2008-09-08,24.469999313354492,24.559999465942383,20.38043785095215
2008-09-09,24.6299991607666,24.56999969482422,20.38873863220215
2008-09-10,24.549999237060547,24.729999542236328,20.52151107788086
2008-09-11,24.829999923706055,24.799999237060547,20.57959747314453
2008-09-12,24.5,24.329999923706055,20.18958282470703
2008-09-15,24.309999465942383,24.110000610351562,20.00701904296875
2008-09-16,24.1299991607666,24.459999084472656,20.297456741333008
2008-09-17,24.399999618530273,23.93000030517578,19.85765266418457
2008-09-18,23.739999771118164,24.030000686645508,19.940635681152344
2008-09-19,23.860000610351562,23.84000015258789,19.782968521118164
2008-09-22,23.459999084472656,23.299999237060547,19.33486557006836
2008-09-23,23.229999542236328,23.450000762939453,19.459339141845703
2008-09-24,23.280000686645508,23.68000030517578,19.650196075439453
2008-09-25,23.399999618530273,23.639999389648438,19.617002487182617
2008-09-26,23.489999771118164,23.639999389648438,19.617002487182617
2008-09-29,23.709999084472656,23.81999969482422,19.766372680664062
2008-09-30,24.010000228881836,24.440000534057617,20.28086280822754
2008-10-01,24.799999237060547,24.540000915527344,20.363845825195312
2008-10-02,24.969999313354492,24.8799991607666,20.64598274230957
2008-10-03,25.020000457763672,24.780000686645508,20.56300163269043
2008-10-06,25.010000228881836,25.079999923706055,20.811946868896484
2008-10-07,24.809999465942383,24.899999618530273,20.662582397460938
2008-10-08,24.770000457763672,24.81999969482422,20.596193313598633
2008-10-09,24.770000457763672,24.950000762939453,20.704069137573242
2008-10-10,24.950000762939453,24.989999771118164,20.737262725830078
2008-10-13,24.950000762939453,24.969999313354492,20.720666885375977
2008-10-14,24.940000534057617,24.959999084472656,20.71236801147461
2008-10-15,25.079999923706055,25.25,20.95301628112793
2008-10-16,25.790000915527344,25.3799991607666,21.060894012451172
2008-10-17,25.350000381469727,25.420000076293945,21.094085693359375
2008-10-20,25.510000228881836,25.6200008392334,21.260053634643555
2008-10-21,25.739999771118164,26.040000915527344,21.608577728271484
2008-10-22,26.360000610351562,26.350000381469727,21.86582374572754
2008-10-23,26.450000762939453,26.200000762939453,21.741350173950195
2008-10-24,26.600000381469727,26.8799991607666,22.30562973022461
2008-10-27,27.190000534057617,26.8799991607666,22.30562973022461
2008-10-28,26.979999542236328,26.56999969482422,22.048383712768555
2008-10-29,26.40999984741211,26.139999389648438,21.691558837890625
2008-10-30,26.020000457763672,26.110000610351562,21.666664123535156
2008-10-31,26.479999542236328,26.5,21.990297317504883
2008-11-03,26.469999313354492,26.6299991607666,22.09817123413086
2008-11-04,26.329999923706055,26.06999969482422,21.63347053527832
2008-11-05,26.1200008392334,26.15999984741211,21.70815658569336
2008-11-06,26.3799991607666,26.530000686645508,22.01519012451172
2008-11-07,26.399999618530273,26.469999313354492,21.965404510498047
2008-11-10,26.309999465942383,26.489999771118164,21.981996536254883
2008-11-11,26.540000915527344,26.899999618530273,22.32222557067871
2008-11-12,26.899999618530273,26.959999084472656,22.37201499938965
2008-11-13,26.969999313354492,26.530000686645508,22.01519012451172
2008-11-14,26.719999313354492,26.75,22.19775390625
2008-11-17,26.770000457763672,26.729999542236328,22.181154251098633
2008-11-18,26.75,26.809999465942383,22.247541427612305
2008-11-19,26.56999969482422,26.899999618530273,22.32222557067871
2008-11-20,26.860000610351562,27.079999923706055,22.471595764160156
2008-11-21,26.8700008392334,26.950000762939453,22.36371421813965
2008-11-24,26.530000686645508,26.290000915527344,21.81603240966797
2008-11-25,26.049999237060547,25.979999542236328,21.558786392211914
2008-11-26,26.200000762939453,26.270000457763672,21.7994384765625
2008-11-28,26.520000457763672,26.549999237060547,22.03178596496582
2008-12-01,26.65999984741211,26.700000762939453,22.156259536743164
2008-12-02,26.530000686645508,26.549999237060547,22.03178596496582
2008-12-03,26.719999313354492,26.59000015258789,22.064979553222656
2008-12-04,26.649999618530273,26.520000457763672,22.00689125061035
2008-12-05,26.65999984741211,26.6299991607666,22.09817123413086
2008-12-08,26.280000686645508,26.18000030517578,21.72475242614746
2008-12-09,26.389999389648438,26.25,21.782840728759766
2008-12-10,26.15999984741211,26.100000381469727,21.658367156982422
2008-12-11,25.209999084472656,25.520000457763672,21.177072525024414
2008-12-12,25.360000610351562,25.459999084472656,21.12727928161621
2008-12-15,25.059999465942383,24.850000381469727,20.759702682495117
2008-12-16,24.25,24.25,20.25846290588379
2008-12-17,24.219999313354492,23.959999084472656,20.016197204589844
2008-12-18,23.979999542236328,24.3700008392334,20.35871124267578
2008-12-19,24.670000076293945,24.739999771118164,20.667810440063477
2008-12-22,24.639999389648438,24.729999542236328,20.659456253051758
2008-12-23,24.670000076293945,24.709999084472656,20.64274787902832
2008-12-24,24.649999618530273,24.700000762939453,20.6343936920166
2008-12-26,24.6200008392334,24.56999969482422,20.52579116821289
2008-12-29,24.290000915527344,24.690000534057617,20.626041412353516
2008-12-30,24.520000457763672,24.579999923706055,20.534147262573242
2008-12-31,24.709999084472656,24.690000534057617,20.626041412353516
2009-01-02,24.81999969482422,24.920000076293945,20.81818389892578
2009-01-05,25.190000534057617,25.190000534057617,21.043739318847656
2009-01-06,25.399999618530273,25.149999618530273,21.010324478149414
2009-01-07,24.93000030517578,24.989999771118164,20.87666130065918
2009-01-08,24.709999084472656,24.739999771118164,20.667810440063477
2009-01-09,24.979999542236328,25.1200008392334,20.98526382446289
2009-01-12,25.18000030517578,25.239999771118164,21.08551025390625
2009-01-13,25.540000915527344,25.530000686645508,21.327777862548828
2009-01-14,25.68000030517578,25.6299991607666,21.411314010620117
2009-01-15,25.6299991607666,25.6200008392334,21.402965545654297
2009-01-16,25.309999465942383,25.399999618530273,21.21917724609375
2009-01-20,26.09000015258789,26.1299991607666,21.829015731811523
2009-01-21,26.040000915527344,25.899999618530273,21.63687515258789
2009-01-22,26.010000228881836,25.8799991607666,21.620166778564453
2009-01-23,26.100000381469727,25.8700008392334,21.611814498901367
2009-01-26,25.649999618530273,25.530000686645508,21.327777862548828
2009-01-27,25.489999771118164,25.5,21.30271339416504
2009-01-28,25.31999969482422,25.59000015258789,21.37790298461914
2009-01-29,25.530000686645508,25.790000915527344,21.544981002807617
2009-01-30,25.829999923706055,25.950000762939453,21.678647994995117
2009-02-02,26.06999969482422,25.93000030517578,21.661937713623047
2009-02-03,25.790000915527344,25.610000610351562,21.394609451293945
2009-02-04,25.81999969482422,25.850000381469727,21.59510612487793
2009-02-05,25.860000610351562,25.93000030517578,21.661937713623047
2009-02-06,25.8799991607666,25.709999084472656,21.4781494140625
2009-02-09,25.469999313354492,25.540000915527344,21.336132049560547
2009-02-10,25.6299991607666,25.84000015258789,21.586753845214844
2009-02-11,25.799999237060547,25.8799991607666,21.620166778564453
2009-02-12,26.059999465942383,25.979999542236328,21.703706741333008
2009-02-13,25.950000762939453,25.899999618530273,21.63687515258789
2009-02-17,26.3799991607666,26.40999984741211,22.062929153442383
2009-02-18,26.479999542236328,26.530000686645508,22.163179397583008
2009-02-19,26.190000534057617,26.3799991607666,22.037864685058594
2009-02-20,26.540000915527344,26.010000228881836,21.728769302368164
2009-02-23,26.1299991607666,26.25,21.92926597595215
2009-02-24,26.290000915527344,26.110000610351562,21.81230926513672
2009-02-25,26.239999771118164,26.43000030517578,22.07963752746582
2009-02-26,26.309999465942383,26.40999984741211,22.062929153442383
2009-02-27,26.549999237060547,26.479999542236328,22.121408462524414
2009-03-02,26.65999984741211,26.75,22.346965789794922
2009-03-03,26.670000076293945,26.739999771118164,22.338613510131836
2009-03-04,26.75,26.59000015258789,22.213302612304688
2009-03-05,26.809999465942383,26.729999542236328,22.330257415771484
2009-03-06,26.440000534057617,26.600000381469727,22.221654891967773
2009-03-09,26.829999923706055,26.75,22.346965789794922
2009-03-10,26.450000762939453,26.600000381469727,22.221654891967773
2009-03-11,26.3799991607666,26.309999465942383,21.97939109802246
2009-03-12,26.389999389648438,26.18000030517578,21.87078857421875
2009-03-13,26.190000534057617,26.209999084472656,21.895849227905273
2009-03-16,25.989999771118164,26.1299991607666,21.829015731811523
2009-03-17,26.170000076293945,26.09000015258789,21.79560089111328
2009-03-18,25.8700008392334,25.25,21.09386444091797
2009-03-19,24.899999618530273,24.950000762939453,20.843246459960938
2009-03-20,25.09000015258789,25.15999984741211,21.018678665161133
2009-03-23,25.18000030517578,25.030000686645508,20.910076141357422
2009-03-24,25.219999313354492,25.309999465942383,21.14398956298828
2009-03-25,25.260000228881836,25.110000610351562,20.976909637451172
2009-03-26,25.1200008392334,25.270000457763672,21.110572814941406
2009-03-27,25.549999237060547,25.56999969482422,21.36119270324707
2009-03-30,25.790000915527344,25.729999542236328,21.494855880737305
2009-03-31,25.600000381469727,25.639999389648438,21.41967010498047
2009-04-01,25.649999618530273,25.65999984741211,21.436378479003906
2009-04-02,25.3799991607666,25.31999969482422,21.152341842651367
2009-04-03,25.360000610351562,25.239999771118164,21.08551025390625
2009-04-06,25.260000228881836,25.360000610351562,21.185758590698242
2009-04-07,25.520000457763672,25.549999237060547,21.344484329223633
2009-04-08,25.559999465942383,25.559999465942383,21.352840423583984
2009-04-09,25.510000228881836,25.65999984741211,21.436378479003906
2009-04-13,25.510000228881836,25.31999969482422,21.152341842651367
2009-04-14,25.40999984741211,25.3799991607666,21.202465057373047
2009-04-15,25.540000915527344,25.420000076293945,21.235881805419922
2009-04-16,25.43000030517578,25.510000228881836,21.311067581176758
2009-04-17,25.690000534057617,25.770000457763672,21.528274536132812
2009-04-20,25.889999389648438,25.969999313354492,21.69535255432129
2009-04-21,25.950000762939453,25.90999984741211,21.64522933959961
2009-04-22,25.8700008392334,25.84000015258789,21.586753845214844
2009-04-23,25.81999969482422,25.549999237060547,21.344484329223633
2009-04-24,25.31999969482422,25.350000381469727,21.177404403686523
2009-04-27,25.520000457763672,25.649999618530273,21.42802619934082
2009-04-28,25.600000381469727,25.489999771118164,21.294361114501953
2009-04-29,25.329999923706055,25.309999465942383,21.14398956298828
2009-04-30,25.360000610351562,25.34000015258789,21.169052124023438
2009-05-01,25.309999465942383,25.280000686645508,21.118927001953125
2009-05-04,25.260000228881836,25.049999237060547,20.92678451538086
2009-05-05,24.979999542236328,25.1299991607666,20.99361801147461
2009-05-06,25.06999969482422,25.079999923706055,20.95184898376465
2009-05-07,25.0,25.079999923706055,20.95184898376465
2009-05-08,24.899999618530273,24.6299991607666,20.57591438293457
2009-05-11,24.75,24.760000228881836,20.684518814086914
2009-05-12,24.56999969482422,24.6299991607666,20.57591438293457
2009-05-13,24.68000030517578,24.719999313354492,20.651100158691406
2009-05-14,24.719999313354492,24.639999389648438,20.584270477294922
2009-05-15,24.65999984741211,24.809999465942383,20.726285934448242
2009-05-18,24.719999313354492,24.68000030517578,20.617687225341797
2009-05-19,24.600000381469727,24.549999237060547,20.509082794189453
2009-05-20,24.420000076293945,24.25,20.25846290588379
2009-05-21,24.280000686645508,24.09000015258789,20.124799728393555
2009-05-22,23.940000534057617,23.920000076293945,19.9827823638916
2009-05-26,24.09000015258789,23.969999313354492,20.024551391601562
2009-05-27,23.93000030517578,24.049999237060547,20.091384887695312
2009-05-28,24.100000381469727,24.06999969482422,20.108091354370117
2009-05-29,23.790000915527344,23.729999542236328,19.824054718017578
2009-06-01,23.610000610351562,23.670000076293945,19.77393341064453
2009-06-02,23.579999923706055,23.450000762939453,19.59014320373535
2009-06-03,23.65999984741211,23.799999237060547,19.88253402709961
2009-06-04,23.809999465942383,23.75,19.840763092041016
2009-06-05,23.959999084472656,24.15999984741211,20.183279037475586
2009-06-08,24.219999313354492,24.170000076293945,20.191635131835938
2009-06-09,23.969999313354492,23.860000610351562,19.932659149169922
2009-06-10,23.8700008392334,24.0,20.04961395263672
2009-06-11,23.920000076293945,23.760000228881836,19.849119186401367
2009-06-12,23.979999542236328,23.989999771118164,20.041259765625
2009-06-15,24.1200008392334,24.43000030517578,20.40884017944336
2009-06-16,24.110000610351562,24.110000610351562,20.141508102416992
2009-06-17,24.09000015258789,23.969999313354492,20.024551391601562
2009-06-18,23.979999542236328,24.079999923706055,20.11644744873047
2009-06-19,24.049999237060547,23.969999313354492,20.024551391601562
2009-06-22,24.149999618530273,24.1299991607666,20.158218383789062
2009-06-23,23.959999084472656,23.850000381469727,19.924304962158203
2009-06-24,23.809999465942383,23.989999771118164,20.041259765625
2009-06-25,24.100000381469727,23.969999313354492,20.024551391601562
2009-06-26,23.799999237060547,23.829999923706055,19.9075984954834
2009-06-29,23.81999969482422,23.809999465942383,19.890886306762695
2009-06-30,23.829999923706055,23.899999618530273,19.96607208251953
2009-07-01,23.700000762939453,23.780000686645508,19.865825653076172
2009-07-02,23.8700008392334,23.90999984741211,19.974428176879883
2009-07-06,24.079999923706055,23.950000762939453,20.007844924926758
2009-07-07,23.950000762939453,24.049999237060547,20.091384887695312
2009-07-08,24.040000915527344,24.020000457763672,20.06632423400879
2009-07-09,23.84000015258789,23.81999969482422,19.899242401123047
2009-07-10,23.959999084472656,23.8799991607666,19.949365615844727
2009-07-13,23.889999389648438,23.84000015258789,19.91594886779785
2009-07-14,23.790000915527344,23.860000610351562,19.932659149169922
2009-07-15,23.649999618530273,23.6299991607666,19.74051284790039
2009-07-16,23.59000015258789,23.610000610351562,19.72381019592285
2009-07-17,23.639999389648438,23.65999984741211,19.76557731628418
2009-07-20,23.479999542236328,23.5,19.631914138793945
2009-07-21,23.420000076293945,23.510000228881836,19.64026641845703
2009-07-22,23.520000457763672,23.469999313354492,19.606847763061523
2009-07-23,23.510000228881836,23.469999313354492,19.606847763061523
2009-07-24,23.440000534057617,23.440000534057617,19.581790924072266
2009-07-27,23.399999618530273,23.420000076293945,19.565082550048828
2009-07-28,23.479999542236328,23.489999771118164,19.623559951782227
2009-07-29,23.559999465942383,23.65999984741211,19.76557731628418
2009-07-30,23.610000610351562,23.6299991607666,19.74051284790039
2009-07-31,23.540000915527344,23.31999969482422,19.48154067993164
2009-08-03,23.200000762939453,23.1299991607666,19.322816848754883
2009-08-04,23.1200008392334,23.1299991607666,19.322816848754883
2009-08-05,23.1200008392334,23.100000381469727,19.297754287719727
2009-08-06,23.149999618530273,23.209999084472656,19.389644622802734
2009-08-07,23.34000015258789,23.479999542236328,19.615203857421875
2009-08-10,23.540000915527344,23.559999465942383,19.682035446166992
2009-08-11,23.600000381469727,23.579999923706055,19.698745727539062
2009-08-12,23.540000915527344,23.469999313354492,19.606847763061523
2009-08-13,23.34000015258789,23.360000610351562,19.51495933532715
2009-08-14,23.299999237060547,23.450000762939453,19.59014320373535
2009-08-17,23.6299991607666,23.59000015258789,19.70709800720215
2009-08-18,23.6200008392334,23.530000686645508,19.6569766998291
2009-08-19,23.540000915527344,23.3799991607666,19.531665802001953
2009-08-20,23.399999618530273,23.309999465942383,19.473188400268555
2009-08-21,23.190000534057617,23.229999542236328,19.406356811523438
2009-08-24,23.229999542236328,23.280000686645508,19.44812774658203
2009-08-25,23.209999084472656,23.280000686645508,19.44812774658203
2009-08-26,23.3799991607666,23.3700008392334,19.523313522338867
2009-08-27,23.3799991607666,23.239999771118164,19.414709091186523
2009-08-28,23.18000030517578,23.280000686645508,19.44812774658203
2009-08-31,23.34000015258789,23.260000228881836,19.431419372558594
2009-09-01,23.309999465942383,23.40999984741211,19.55672836303711
2009-09-02,23.40999984741211,23.31999969482422,19.48154067993164
2009-09-03,23.270000457763672,23.34000015258789,19.49825096130371
2009-09-04,23.3700008392334,23.25,19.423063278198242
2009-09-08,22.979999542236328,22.989999771118164,19.205856323242188
2009-09-09,22.8799991607666,22.90999984741211,19.139028549194336
2009-09-10,22.889999389648438,22.860000610351562,19.097257614135742
2009-09-11,22.770000457763672,22.809999465942383,19.055484771728516
2009-09-14,22.860000610351562,22.790000915527344,19.038782119750977
2009-09-15,22.850000381469727,22.709999084472656,18.97194480895996
2009-09-16,22.709999084472656,22.639999389648438,18.913469314575195
2009-09-17,22.690000534057617,22.68000030517578,18.946884155273438
2009-09-18,22.709999084472656,22.760000228881836,19.013717651367188
2009-09-21,22.90999984741211,22.84000015258789,19.080547332763672
2009-09-22,22.6200008392334,22.600000381469727,18.88005256652832
2009-09-23,22.639999389648438,22.700000762939453,18.963594436645508
2009-09-24,22.690000534057617,22.8700008392334,19.10561180114746
2009-09-25,22.850000381469727,22.809999465942383,19.055484771728516
2009-09-28,22.860000610351562,22.8799991607666,19.11396598815918
2009-09-29,22.940000534057617,22.920000076293945,19.147382736206055
2009-09-30,22.809999465942383,22.790000915527344,19.038782119750977
2009-10-01,22.860000610351562,22.950000762939453,19.172443389892578
2009-10-02,22.920000076293945,22.899999618530273,19.130672454833984
2009-10-05,22.850000381469727,22.770000457763672,19.022069931030273
2009-10-06,22.700000762939453,22.670000076293945,18.93853187561035
2009-10-07,22.700000762939453,22.690000534057617,18.955236434936523
2009-10-08,22.600000381469727,22.540000915527344,18.82992935180664
2009-10-09,22.6299991607666,22.719999313354492,18.980300903320312
2009-10-12,22.6200008392334,22.6200008392334,18.896760940551758
2009-10-13,22.559999465942383,22.56999969482422,18.85499382019043
2009-10-14,22.440000534057617,22.399999618530273,18.712974548339844
2009-10-15,22.440000534057617,22.40999984741211,18.721328735351562
2009-10-16,22.489999771118164,22.469999313354492,18.77145004272461
2009-10-19,22.459999084472656,22.360000610351562,18.67955780029297
2009-10-20,22.350000381469727,22.459999084472656,18.763097763061523
2009-10-21,22.399999618530273,22.31999969482422,18.646141052246094
2009-10-22,22.389999389648438,22.309999465942383,18.637788772583008
2009-10-23,22.3799991607666,22.43000030517578,18.738035202026367
2009-10-26,22.40999984741211,22.579999923706055,18.86334800720215
2009-10-27,22.579999923706055,22.639999389648438,18.913469314575195
2009-10-28,22.6299991607666,22.729999542236328,18.98865509033203
2009-10-29,22.6200008392334,22.56999969482422,18.85499382019043
2009-10-30,22.610000610351562,22.700000762939453,18.963594436645508
2009-11-02,22.6299991607666,22.6200008392334,18.896760940551758
2009-11-03,22.809999465942383,22.68000030517578,18.946884155273438
2009-11-04,22.579999923706055,22.510000228881836,18.804866790771484
2009-11-05,22.5,22.940000534057617,19.164091110229492
2009-11-06,22.989999771118164,22.829999923706055,19.07219696044922
2009-11-09,22.670000076293945,22.540000915527344,18.82992935180664
2009-11-10,22.579999923706055,22.440000534057617,18.74639129638672
2009-11-11,22.360000610351562,22.479999542236328,18.779804229736328
2009-11-12,22.610000610351562,22.799999237060547,19.04713249206543
2009-11-13,22.40999984741211,22.31999969482422,18.646141052246094
2009-11-16,22.260000228881836,22.219999313354492,18.56260108947754
2009-11-17,22.350000381469727,22.360000610351562,18.67955780029297
2009-11-18,22.25,22.280000686645508,18.61272621154785
2009-11-19,22.3700008392334,22.350000381469727,18.67120361328125
2009-11-20,22.489999771118164,22.440000534057617,18.74639129638672
2009-11-23,22.25,22.270000457763672,18.604372024536133
2009-11-24,22.270000457763672,22.290000915527344,18.62108039855957
2009-11-25,22.1299991607666,22.030000686645508,18.40387535095215
2009-11-27,22.399999618530273,22.260000228881836,18.596019744873047
2009-11-30,22.219999313354492,22.170000076293945,18.520832061767578
2009-12-01,22.049999237060547,22.06999969482422,18.437288284301758
2009-12-02,22.079999923706055,22.139999389648438,18.495769500732422
2009-12-03,22.170000076293945,22.149999618530273,18.50412368774414
2009-12-04,22.299999237060547,22.479999542236328,18.779804229736328
2009-12-07,22.540000915527344,22.479999542236328,18.779804229736328
2009-12-08,22.510000228881836,22.59000015258789,18.871700286865234
2009-12-09,22.559999465942383,22.5,18.796512603759766
2009-12-10,22.489999771118164,22.5,18.796512603759766
2009-12-11,22.6299991607666,22.68000030517578,18.946884155273438
2009-12-14,22.649999618530273,22.6299991607666,18.905113220214844
2009-12-15,22.760000228881836,22.790000915527344,19.038782119750977
2009-12-16,22.760000228881836,22.770000457763672,19.022069931030273
2009-12-17,22.969999313354492,23.010000228881836,19.22256851196289
2009-12-18,23.010000228881836,23.010000228881836,19.22256851196289
2009-12-21,22.969999313354492,23.079999923706055,19.28104591369629
2009-12-22,23.079999923706055,23.15999984741211,19.347877502441406
2009-12-23,23.09000015258789,23.030000686645508,19.239274978637695
2009-12-24,22.989999771118164,23.030000686645508,19.239274978637695
2009-12-28,22.959999084472656,22.969999313354492,19.189151763916016
2009-12-29,22.90999984741211,23.040000915527344,19.247631072998047
2009-12-30,23.100000381469727,23.040000915527344,19.247631072998047
2009-12-31,22.979999542236328,23.079999923706055,19.28104591369629
2010-01-04,22.8700008392334,22.920000076293945,19.147382736206055
2010-01-05,22.889999389648438,22.90999984741211,19.139028549194336
2010-01-06,22.950000762939453,22.850000381469727,19.088903427124023
2010-01-07,22.959999084472656,23.0,19.214214324951172
2010-01-08,22.889999389648438,22.84000015258789,19.080547332763672
2010-01-11,22.739999771118164,22.719999313354492,18.980300903320312
2010-01-12,22.719999313354492,22.719999313354492,18.980300903320312
2010-01-13,22.6299991607666,22.700000762939453,18.963594436645508
2010-01-14,22.68000030517578,22.639999389648438,18.913469314575195
2010-01-15,22.75,22.770000457763672,19.022069931030273
2010-01-19,22.860000610351562,22.84000015258789,19.080547332763672
2010-01-20,23.06999969482422,23.1200008392334,19.31446075439453
2010-01-21,23.15999984741211,23.1200008392334,19.31446075439453
2010-01-22,23.1200008392334,23.079999923706055,19.28104591369629
2010-01-25,23.100000381469727,23.049999237060547,19.255985260009766
2010-01-26,23.18000030517578,23.149999618530273,19.339521408081055
2010-01-27,23.170000076293945,23.229999542236328,19.406356811523438
2010-01-28,23.229999542236328,23.270000457763672,19.439773559570312
2010-01-29,23.350000381469727,23.450000762939453,19.59014320373535
2010-02-01,23.360000610351562,23.350000381469727,19.506607055664062
2010-02-02,23.31999969482422,23.270000457763672,19.439773559570312
2010-02-03,23.329999923706055,23.399999618530273,19.54837417602539
2010-02-04,23.5,23.549999237060547,19.673683166503906
2010-02-05,23.6200008392334,23.649999618530273,19.757225036621094
2010-02-08,23.639999389648438,23.639999389648438,19.748868942260742
2010-02-09,23.549999237060547,23.489999771118164,19.623559951782227
2010-02-10,23.549999237060547,23.559999465942383,19.682035446166992
2010-02-11,23.600000381469727,23.549999237060547,19.673683166503906
2010-02-12,23.700000762939453,23.6299991607666,19.74051284790039
2010-02-16,23.59000015258789,23.43000030517578,19.573436737060547
2010-02-17,23.530000686645508,23.649999618530273,19.757225036621094
2010-02-18,23.649999618530273,23.649999618530273,19.757225036621094
2010-02-19,23.829999923706055,23.719999313354492,19.81570053100586
2010-02-22,23.65999984741211,23.68000030517578,19.782285690307617
2010-02-23,23.729999542236328,23.809999465942383,19.890886306762695
2010-02-24,23.739999771118164,23.760000228881836,19.849119186401367
2010-02-25,23.850000381469727,23.709999084472656,19.80734634399414
2010-02-26,23.709999084472656,23.639999389648438,19.748868942260742
2010-03-01,23.790000915527344,23.719999313354492,19.81570053100586
2010-03-02,23.709999084472656,23.649999618530273,19.757225036621094
2010-03-03,23.600000381469727,23.510000228881836,19.64026641845703
2010-03-04,23.56999969482422,23.639999389648438,19.748868942260742
2010-03-05,23.700000762939453,23.6299991607666,19.74051284790039
2010-03-08,23.540000915527344,23.6200008392334,19.732160568237305
2010-03-09,23.700000762939453,23.65999984741211,19.76557731628418
2010-03-10,23.670000076293945,23.6200008392334,19.732160568237305
2010-03-11,23.6200008392334,23.56999969482422,19.690391540527344
2010-03-12,23.469999313354492,23.420000076293945,19.565082550048828
2010-03-15,23.510000228881836,23.549999237060547,19.673683166503906
2010-03-16,23.469999313354492,23.3799991607666,19.531665802001953
2010-03-17,23.399999618530273,23.389999389648438,19.540021896362305
2010-03-18,23.469999313354492,23.549999237060547,19.673683166503906
2010-03-19,23.709999084472656,23.709999084472656,19.80734634399414
2010-03-22,23.780000686645508,23.649999618530273,19.757225036621094
2010-03-23,23.729999542236328,23.729999542236328,19.824054718017578
2010-03-24,24.0,24.049999237060547,20.091384887695312
2010-03-25,24.010000228881836,24.1299991607666,20.158218383789062
2010-03-26,24.049999237060547,23.959999084472656,20.016197204589844
2010-03-29,23.899999618530273,23.84000015258789,19.91594886779785
2010-03-30,23.84000015258789,23.93000030517578,19.99113655090332
2010-03-31,23.790000915527344,23.799999237060547,19.88253402709961
2010-04-01,23.780000686645508,23.65999984741211,19.76557731628418
2010-04-05,23.75,23.780000686645508,19.865825653076172
2010-04-06,23.889999389648438,23.850000381469727,19.924304962158203
2010-04-07,23.920000076293945,23.899999618530273,19.96607208251953
2010-04-08,23.950000762939453,23.8799991607666,19.949365615844727
2010-04-09,23.860000610351562,23.700000762939453,19.798995971679688
2010-04-12,23.610000610351562,23.600000381469727,19.715452194213867
2010-04-13,23.549999237060547,23.600000381469727,19.715452194213867
2010-04-14,23.530000686645508,23.479999542236328,19.615203857421875
2010-04-15,23.59000015258789,23.56999969482422,19.690391540527344
2010-04-16,23.639999389648438,23.649999618530273,19.757225036621094
2010-04-19,23.770000457763672,23.690000534057617,19.790639877319336
2010-04-20,23.700000762939453,23.729999542236328,19.824054718017578
2010-04-21,23.75,23.780000686645508,19.865825653076172
2010-04-22,23.850000381469727,23.889999389648438,19.957719802856445
2010-04-23,23.989999771118164,23.84000015258789,19.91594886779785
2010-04-26,23.889999389648438,23.829999923706055,19.9075984954834
2010-04-27,23.950000762939453,24.1200008392334,20.14986228942871
2010-04-28,24.079999923706055,24.110000610351562,20.141508102416992
2010-04-29,24.059999465942383,24.0,20.04961395263672
2010-04-30,23.920000076293945,23.959999084472656,20.016197204589844
2010-05-03,24.059999465942383,24.110000610351562,20.141508102416992
2010-05-04,24.290000915527344,24.3799991607666,20.367063522338867
2010-05-05,24.65999984741211,24.610000610351562,20.5592098236084
2010-05-06,24.75,24.809999465942383,20.726285934448242
2010-05-07,24.809999465942383,24.700000762939453,20.6343936920166
2010-05-10,24.469999313354492,24.639999389648438,20.584270477294922
2010-05-11,24.719999313354492,24.75,20.676164627075195
2010-05-12,24.75,24.81999969482422,20.734642028808594
2010-05-13,24.90999984741211,24.959999084472656,20.851598739624023
2010-05-14,25.020000457763672,25.190000534057617,21.043739318847656
2010-05-17,25.229999542236328,25.190000534057617,21.043739318847656
2010-05-18,25.1200008392334,25.459999084472656,21.269298553466797
2010-05-19,25.3799991607666,25.219999313354492,21.068801879882812
2010-05-20,25.309999465942383,25.09000015258789,20.960203170776367
2010-05-21,25.049999237060547,24.979999542236328,20.86830711364746
2010-05-24,25.219999313354492,25.229999542236328,21.07715606689453
2010-05-25,25.479999542236328,25.299999237060547,21.13563346862793
2010-05-26,25.3799991607666,25.469999313354492,21.277652740478516
2010-05-27,25.3799991607666,25.200000762939453,21.052093505859375
2010-05-28,25.209999084472656,25.34000015258789,21.169052124023438
2010-06-01,25.420000076293945,25.350000381469727,21.177404403686523
2010-06-02,25.3799991607666,25.34000015258789,21.169052124023438
2010-06-03,25.329999923706055,25.469999313354492,21.277652740478516
2010-06-04,25.6200008392334,25.770000457763672,21.528274536132812
2010-06-07,25.799999237060547,25.829999923706055,21.578397750854492
2010-06-08,25.790000915527344,25.75,21.511566162109375
2010-06-09,25.579999923706055,25.649999618530273,21.42802619934082
2010-06-10,25.440000534057617,25.3799991607666,21.202465057373047
2010-06-11,25.479999542236328,25.459999084472656,21.269298553466797
2010-06-14,25.170000076293945,25.229999542236328,21.07715606689453
2010-06-15,25.100000381469727,25.020000457763672,20.901723861694336
2010-06-16,25.09000015258789,25.100000381469727,20.968557357788086
2010-06-17,24.940000534057617,24.950000762939453,20.843246459960938
2010-06-18,24.950000762939453,24.940000534057617,20.834890365600586
2010-06-21,24.920000076293945,25.030000686645508,20.910076141357422
2010-06-22,25.030000686645508,25.06999969482422,20.943492889404297
2010-06-23,25.09000015258789,24.969999313354492,20.85995101928711
2010-06-24,24.969999313354492,24.969999313354492,20.85995101928711
2010-06-25,24.979999542236328,24.829999923706055,20.742998123168945
2010-06-28,24.8799991607666,24.959999084472656,20.851598739624023
2010-06-29,25.06999969482422,25.079999923706055,20.95184898376465
2010-06-30,25.040000915527344,25.059999465942383,20.935138702392578
2010-07-01,24.799999237060547,24.600000381469727,20.550853729248047
2010-07-02,24.520000457763672,24.56999969482422,20.52579116821289
2010-07-06,24.5,24.489999771118164,20.458961486816406
2010-07-07,24.479999542236328,24.40999984741211,20.392126083374023
2010-07-08,24.3799991607666,24.3799991607666,20.367063522338867
2010-07-09,24.440000534057617,24.440000534057617,20.417190551757812
2010-07-12,24.530000686645508,24.510000228881836,20.475666046142578
2010-07-13,24.40999984741211,24.299999237060547,20.300235748291016
2010-07-14,24.309999465942383,24.25,20.25846290588379
2010-07-15,24.06999969482422,23.969999313354492,20.024551391601562
2010-07-16,23.93000030517578,24.010000228881836,20.05797004699707
2010-07-19,24.010000228881836,24.030000686645508,20.074674606323242
2010-07-20,24.139999389648438,24.06999969482422,20.108091354370117
2010-07-21,24.1299991607666,24.229999542236328,20.241756439208984
2010-07-22,24.09000015258789,24.030000686645508,20.074674606323242
2010-07-23,24.1200008392334,23.989999771118164,20.041259765625
2010-07-26,23.93000030517578,23.860000610351562,19.932659149169922
2010-07-27,23.8700008392334,23.899999618530273,19.96607208251953
2010-07-28,23.8799991607666,23.889999389648438,19.957719802856445
2010-07-29,23.729999542236328,23.729999542236328,19.824054718017578
2010-07-30,23.799999237060547,23.739999771118164,19.83241081237793
2010-08-02,23.600000381469727,23.520000457763672,19.648624420166016
2010-08-03,23.450000762939453,23.420000076293945,19.565082550048828
2010-08-04,23.450000762939453,23.549999237060547,19.673683166503906
2010-08-05,23.510000228881836,23.469999313354492,19.606847763061523
2010-08-06,23.3700008392334,23.350000381469727,19.506607055664062
2010-08-09,23.420000076293945,23.469999313354492,19.606847763061523
2010-08-10,23.639999389648438,23.520000457763672,19.648624420166016
2010-08-11,23.790000915527344,23.93000030517578,19.99113655090332
2010-08-12,23.989999771118164,24.010000228881836,20.05797004699707
2010-08-13,24.030000686645508,24.110000610351562,20.141508102416992
2010-08-16,23.979999542236328,23.959999084472656,20.016197204589844
2010-08-17,23.8799991607666,23.8799991607666,19.949365615844727
2010-08-18,23.850000381469727,23.90999984741211,19.974428176879883
2010-08-19,23.860000610351562,23.959999084472656,20.016197204589844
2010-08-20,24.149999618530273,24.1299991607666,20.158218383789062
2010-08-23,24.1200008392334,24.18000030517578,20.199987411499023
2010-08-24,24.209999084472656,24.139999389648438,20.16657066345215
2010-08-25,24.190000534057617,24.18000030517578,20.199987411499023
2010-08-26,24.079999923706055,24.030000686645508,20.074674606323242
2010-08-27,24.079999923706055,24.06999969482422,20.108091354370117
2010-08-30,24.06999969482422,24.139999389648438,20.16657066345215
2010-08-31,24.079999923706055,24.1200008392334,20.14986228942871
2010-09-01,23.899999618530273,23.93000030517578,19.99113655090332
2010-09-02,23.920000076293945,23.90999984741211,19.974428176879883
2010-09-03,23.889999389648438,23.790000915527344,19.874181747436523
2010-09-07,23.940000534057617,24.040000915527344,20.083032608032227
2010-09-08,24.0,23.959999084472656,20.016197204589844
2010-09-09,23.90999984741211,23.959999084472656,20.016197204589844
2010-09-10,23.989999771118164,23.979999542236328,20.032907485961914
2010-09-13,23.809999465942383,23.719999313354492,19.81570053100586
2010-09-14,23.729999542236328,23.520000457763672,19.648624420166016
2010-09-15,23.6299991607666,23.6200008392334,19.732160568237305
2010-09-16,23.549999237060547,23.540000915527344,19.66533088684082
2010-09-17,23.540000915527344,23.600000381469727,19.715452194213867
2010-09-20,23.59000015258789,23.56999969482422,19.690391540527344
2010-09-21,23.459999084472656,23.309999465942383,19.473188400268555
2010-09-22,23.100000381469727,23.139999389648438,19.33116912841797
2010-09-23,23.15999984741211,23.209999084472656,19.389644622802734
2010-09-24,23.030000686645508,22.969999313354492,19.189151763916016
2010-09-27,22.979999542236328,23.0,19.214214324951172
2010-09-28,23.010000228881836,22.8799991607666,19.11396598815918
2010-09-29,22.850000381469727,22.84000015258789,19.080547332763672
2010-09-30,22.780000686645508,22.84000015258789,19.080547332763672
2010-10-01,22.700000762939453,22.649999618530273,18.92182159423828
2010-10-04,22.729999542236328,22.75,19.00536346435547
2010-10-05,22.600000381469727,22.559999465942383,18.846637725830078
2010-10-06,22.530000686645508,22.450000762939453,18.754745483398438
2010-10-07,22.3700008392334,22.479999542236328,18.779804229736328
2010-10-08,22.43000030517578,22.399999618530273,18.712974548339844
2010-10-11,22.399999618530273,22.489999771118164,18.78816032409668
2010-10-12,22.510000228881836,22.420000076293945,18.72968292236328
2010-10-13,22.389999389648438,22.360000610351562,18.67955780029297
2010-10-14,22.25,22.209999084472656,18.554244995117188
2010-10-15,22.18000030517578,22.34000015258789,18.66284942626953
2010-10-18,22.3799991607666,22.31999969482422,18.646141052246094
2010-10-19,22.6200008392334,22.700000762939453,18.963594436645508
2010-10-20,22.559999465942383,22.389999389648438,18.704618453979492
2010-10-21,22.3700008392334,22.469999313354492,18.77145004272461
2010-10-22,22.440000534057617,22.469999313354492,18.77145004272461
2010-10-25,22.299999237060547,22.3700008392334,18.687911987304688
2010-10-26,22.489999771118164,22.520000457763672,18.813222885131836
2010-10-27,22.56999969482422,22.649999618530273,18.92182159423828
2010-10-28,22.440000534057617,22.40999984741211,18.721328735351562
2010-10-29,22.420000076293945,22.3700008392334,18.687911987304688
2010-11-01,22.329999923706055,22.40999984741211,18.721328735351562
2010-11-02,22.25,22.25,18.587663650512695
2010-11-03,22.260000228881836,22.139999389648438,18.495769500732422
2010-11-04,21.950000762939453,21.969999313354492,18.35375213623047
2010-11-05,22.110000610351562,22.18000030517578,18.529184341430664
2010-11-08,22.290000915527344,22.309999465942383,18.637788772583008
2010-11-09,22.239999771118164,22.5,18.796512603759766
2010-11-10,22.520000457763672,22.479999542236328,18.779804229736328
2010-11-11,22.549999237060547,22.639999389648438,18.913469314575195
2010-11-12,22.549999237060547,22.610000610351562,18.888408660888672
2010-11-15,22.649999618530273,22.790000915527344,19.038782119750977
2010-11-16,22.770000457763672,22.920000076293945,19.147382736206055
2010-11-17,22.8799991607666,22.899999618530273,19.130672454833984
2010-11-18,22.739999771118164,22.739999771118164,18.997007369995117
2010-11-19,22.700000762939453,22.670000076293945,18.93853187561035
2010-11-22,22.719999313354492,22.739999771118164,18.997007369995117
2010-11-23,22.899999618530273,23.040000915527344,19.247631072998047
2010-11-24,23.0,23.06999969482422,19.27269172668457
2010-11-26,23.209999084472656,23.209999084472656,19.389644622802734
2010-11-29,23.389999389648438,23.350000381469727,19.506607055664062
2010-11-30,23.510000228881836,23.5,19.631914138793945
2010-12-01,23.3700008392334,23.299999237060547,19.464834213256836
2010-12-02,23.329999923706055,23.15999984741211,19.347877502441406
2010-12-03,22.959999084472656,22.8799991607666,19.11396598815918
2010-12-06,23.059999465942383,22.989999771118164,19.205856323242188
2010-12-07,22.889999389648438,23.09000015258789,19.289400100708008
2010-12-08,23.139999389648438,23.100000381469727,19.297754287719727
2010-12-09,23.110000610351562,23.1200008392334,19.31446075439453
2010-12-10,23.1299991607666,23.1200008392334,19.31446075439453
2010-12-13,22.989999771118164,22.8700008392334,19.10561180114746
2010-12-14,22.8799991607666,22.90999984741211,19.139028549194336
2010-12-15,22.969999313354492,23.149999618530273,19.339521408081055
2010-12-16,23.110000610351562,23.09000015258789,19.289400100708008
2010-12-17,23.1299991607666,23.190000534057617,19.372941970825195
2010-12-20,23.200000762939453,23.239999771118164,19.414709091186523
2010-12-21,23.200000762939453,23.290000915527344,19.456480026245117
2010-12-22,23.260000228881836,23.270000457763672,19.439773559570312
2010-12-23,23.299999237060547,23.200000762939453,19.381296157836914
2010-12-27,23.149999618530273,23.149999618530273,19.339521408081055
2010-12-28,23.049999237060547,23.15999984741211,19.347877502441406
2010-12-29,23.1200008392334,23.0,19.214214324951172
2010-12-30,22.920000076293945,22.920000076293945,19.147382736206055
2010-12-31,22.799999237060547,22.709999084472656,18.97194480895996
2011-01-03,22.81999969482422,22.81999969482422,19.063840866088867
2011-01-04,22.760000228881836,22.8799991607666,19.11396598815918
2011-01-05,23.1299991607666,23.110000610351562,19.306108474731445
2011-01-06,23.1299991607666,23.290000915527344,19.456480026245117
2011-01-07,23.299999237060547,23.360000610351562,19.51495933532715
2011-01-10,23.3700008392334,23.280000686645508,19.44812774658203
2011-01-11,23.299999237060547,23.270000457763672,19.439773559570312
2011-01-12,23.18000030517578,23.040000915527344,19.247631072998047
2011-01-13,22.829999923706055,22.799999237060547,19.04713249206543
2011-01-14,22.799999237060547,22.770000457763672,19.022069931030273
2011-01-18,22.700000762939453,22.75,19.00536346435547
2011-01-19,22.56999969482422,22.610000610351562,18.888408660888672
2011-01-20,22.690000534057617,22.68000030517578,18.946884155273438
2011-01-21,22.549999237060547,22.489999771118164,18.78816032409668
2011-01-24,22.530000686645508,22.440000534057617,18.74639129638672
2011-01-25,22.530000686645508,22.43000030517578,18.738035202026367
2011-01-26,22.40999984741211,22.389999389648438,18.704618453979492
2011-01-27,22.329999923706055,22.350000381469727,18.67120361328125
2011-01-28,22.389999389648438,22.489999771118164,18.78816032409668
2011-01-31,22.360000610351562,22.360000610351562,18.67955780029297
2011-02-01,22.25,22.139999389648438,18.495769500732422
2011-02-02,22.18000030517578,22.18000030517578,18.529184341430664
2011-02-03,22.329999923706055,22.360000610351562,18.67955780029297
2011-02-04,22.43000030517578,22.43000030517578,18.738035202026367
2011-02-07,22.5,22.43000030517578,18.738035202026367
2011-02-08,22.3799991607666,22.40999984741211,18.721328735351562
2011-02-09,22.360000610351562,22.309999465942383,18.637788772583008
2011-02-10,22.469999313354492,22.489999771118164,18.78816032409668
2011-02-11,22.59000015258789,22.549999237060547,18.838281631469727
2011-02-14,22.6200008392334,22.579999923706055,18.86334800720215
2011-02-15,22.549999237060547,22.600000381469727,18.88005256652832
2011-02-16,22.610000610351562,22.469999313354492,18.77145004272461
2011-02-17,22.440000534057617,22.40999984741211,18.721328735351562
2011-02-18,22.3799991607666,22.299999237060547,18.629432678222656
2011-02-22,22.329999923706055,22.360000610351562,18.67955780029297
2011-02-23,22.270000457763672,22.229999542236328,18.570955276489258
2011-02-24,22.139999389648438,22.149999618530273,18.50412368774414
2011-02-25,22.200000762939453,22.190000534057617,18.537540435791016
2011-02-28,22.059999465942383,22.09000015258789,18.45400047302246
2011-03-01,22.059999465942383,22.1200008392334,18.479061126708984
2011-03-02,22.030000686645508,22.0,18.378814697265625
2011-03-03,21.969999313354492,21.969999313354492,18.35375213623047
2011-03-04,21.940000534057617,21.940000534057617,18.328689575195312
2011-03-07,21.899999618530273,21.959999084472656,18.345396041870117
2011-03-08,22.09000015258789,22.059999465942383,18.428936004638672
2011-03-09,22.030000686645508,22.020000457763672,18.395519256591797
2011-03-10,22.149999618530273,22.190000534057617,18.537540435791016
2011-03-11,22.18000030517578,22.030000686645508,18.40387535095215
2011-03-14,21.979999542236328,21.920000076293945,18.311981201171875
2011-03-15,22.059999465942383,21.940000534057617,18.328689575195312
2011-03-16,22.0,22.010000228881836,18.387168884277344
2011-03-17,21.81999969482422,21.81999969482422,18.22844123840332
2011-03-18,21.75,21.719999313354492,18.144899368286133
2011-03-21,21.670000076293945,21.649999618530273,18.086423873901367
2011-03-22,21.649999618530273,21.65999984741211,18.094776153564453
2011-03-23,21.760000228881836,21.780000686645508,18.195024490356445
2011-03-24,21.770000457763672,21.729999542236328,18.153255462646484
2011-03-25,21.760000228881836,21.8799991607666,18.278564453125
2011-03-28,21.8799991607666,21.860000610351562,18.261856079101562
2011-03-29,21.93000030517578,21.850000381469727,18.253503799438477
2011-03-30,21.889999389648438,21.829999923706055,18.236793518066406
2011-03-31,21.780000686645508,21.790000915527344,18.203380584716797
2011-04-01,21.899999618530273,21.770000457763672,18.186668395996094
2011-04-04,21.75,21.770000457763672,18.186668395996094
2011-04-05,21.829999923706055,21.780000686645508,18.195024490356445
2011-04-06,21.709999084472656,21.65999984741211,18.094776153564453
2011-04-07,21.719999313354492,21.670000076293945,18.103132247924805
2011-04-08,21.540000915527344,21.5,17.96111297607422
2011-04-11,21.510000228881836,21.530000686645508,17.986175537109375
2011-04-12,21.440000534057617,21.479999542236328,17.944406509399414
2011-04-13,21.469999313354492,21.5,17.96111297607422
2011-04-14,21.489999771118164,21.420000076293945,17.89427947998047
2011-04-15,21.479999542236328,21.459999084472656,17.92769432067871
2011-04-18,21.559999465942383,21.65999984741211,18.094776153564453
2011-04-19,21.56999969482422,21.530000686645508,17.986175537109375
2011-04-20,21.31999969482422,21.31999969482422,17.810741424560547
2011-04-21,21.219999313354492,21.239999771118164,17.743907928466797
2011-04-25,21.190000534057617,21.209999084472656,17.71884536743164
2011-04-26,21.200000762939453,21.15999984741211,17.67707633972168
2011-04-27,21.149999618530273,21.020000457763672,17.56011962890625
2011-04-28,20.989999771118164,20.959999084472656,17.509994506835938
2011-04-29,20.950000762939453,20.950000762939453,17.50164031982422
2011-05-02,20.93000030517578,20.969999313354492,17.518348693847656
2011-05-03,20.969999313354492,20.969999313354492,17.518348693847656
2011-05-04,20.8799991607666,20.959999084472656,17.509994506835938
2011-05-05,21.06999969482422,21.270000457763672,17.768970489501953
2011-05-06,21.25,21.43000030517578,17.902633666992188
2011-05-09,21.479999542236328,21.399999618530273,17.87757110595703
2011-05-10,21.420000076293945,21.3799991607666,17.860862731933594
2011-05-11,21.440000534057617,21.579999923706055,18.027944564819336
2011-05-12,21.579999923706055,21.540000915527344,17.994529724121094
2011-05-13,21.520000457763672,21.690000534057617,18.11983871459961
2011-05-16,21.639999389648438,21.6200008392334,18.061363220214844
2011-05-17,21.690000534057617,21.600000381469727,18.044652938842773
2011-05-18,21.610000610351562,21.59000015258789,18.036298751831055
2011-05-19,21.600000381469727,21.5,17.96111297607422
2011-05-20,21.56999969482422,21.649999618530273,18.086423873901367
2011-05-23,21.850000381469727,21.790000915527344,18.203380584716797
2011-05-24,21.75,21.729999542236328,18.153255462646484
2011-05-25,21.780000686645508,21.709999084472656,18.136547088623047
2011-05-26,21.59000015258789,21.6200008392334,18.061363220214844
2011-05-27,21.489999771118164,21.440000534057617,17.91098976135254
2011-05-31,21.309999465942383,21.34000015258789,17.827449798583984
2011-06-01,21.280000686645508,21.389999389648438,17.869218826293945
2011-06-02,21.280000686645508,21.25,17.752260208129883
2011-06-03,21.209999084472656,21.09000015258789,17.61859893798828
2011-06-06,21.100000381469727,21.149999618530273,17.66872215270996
2011-06-07,21.049999237060547,21.030000686645508,17.5684757232666
2011-06-08,21.09000015258789,21.1299991607666,17.652013778686523
2011-06-09,21.239999771118164,21.200000762939453,17.710491180419922
2011-06-10,21.270000457763672,21.399999618530273,17.87757110595703
2011-06-13,21.350000381469727,21.290000915527344,17.78567886352539
2011-06-14,21.270000457763672,21.260000228881836,17.760618209838867
2011-06-15,21.450000762939453,21.600000381469727,18.044652938842773
2011-06-16,21.65999984741211,21.59000015258789,18.036298751831055
2011-06-17,21.479999542236328,21.450000762939453,17.919343948364258
2011-06-20,21.459999084472656,21.450000762939453,17.919343948364258
2011-06-21,21.3799991607666,21.309999465942383,17.802387237548828
2011-06-22,21.34000015258789,21.389999389648438,17.869218826293945
2011-06-23,21.600000381469727,21.5,17.96111297607422
2011-06-24,21.56999969482422,21.6299991607666,18.06971549987793
2011-06-27,21.670000076293945,21.530000686645508,17.986175537109375
2011-06-28,21.479999542236328,21.450000762939453,17.919343948364258
2011-06-29,21.389999389648438,21.31999969482422,17.810741424560547
2011-06-30,21.260000228881836,21.219999313354492,17.727201461791992
2011-07-01,21.260000228881836,21.200000762939453,17.710491180419922
2011-07-05,21.229999542236328,21.280000686645508,17.777324676513672
2011-07-06,21.3799991607666,21.40999984741211,17.885927200317383
2011-07-07,21.440000534057617,21.3700008392334,17.85251235961914
2011-07-08,21.3700008392334,21.420000076293945,17.89427947998047
2011-07-11,21.65999984741211,21.709999084472656,18.136547088623047
2011-07-12,21.739999771118164,21.700000762939453,18.128196716308594
2011-07-13,21.579999923706055,21.469999313354492,17.936050415039062
2011-07-14,21.360000610351562,21.469999313354492,17.936050415039062
2011-07-15,21.459999084472656,21.43000030517578,17.902633666992188
2011-07-18,21.520000457763672,21.479999542236328,17.944406509399414
2011-07-19,21.420000076293945,21.43000030517578,17.902633666992188
2011-07-20,21.350000381469727,21.329999923706055,17.819095611572266
2011-07-21,21.190000534057617,21.1299991607666,17.652013778686523
2011-07-22,21.1299991607666,21.1299991607666,17.652013778686523
2011-07-25,21.110000610351562,21.110000610351562,17.635305404663086
2011-07-26,20.989999771118164,20.93000030517578,17.484933853149414
2011-07-27,20.969999313354492,21.09000015258789,17.61859893798828
2011-07-28,21.170000076293945,21.1299991607666,17.652013778686523
2011-07-29,21.040000915527344,21.030000686645508,17.5684757232666
2011-08-01,21.010000228881836,21.139999389648438,17.66036605834961
2011-08-02,21.190000534057617,21.170000076293945,17.685428619384766
2011-08-03,21.06999969482422,21.06999969482422,17.601890563964844
2011-08-04,21.31999969482422,21.399999618530273,17.87757110595703
2011-08-05,21.290000915527344,21.219999313354492,17.727201461791992
2011-08-08,21.31999969482422,21.25,17.752260208129883
2011-08-09,21.170000076293945,21.06999969482422,17.601890563964844
2011-08-10,21.149999618530273,21.25,17.752260208129883
2011-08-11,21.260000228881836,21.219999313354492,17.727201461791992
2011-08-12,21.170000076293945,21.219999313354492,17.727201461791992
2011-08-15,21.049999237060547,21.0,17.543415069580078
2011-08-16,21.040000915527344,21.010000228881836,17.551767349243164
2011-08-17,20.90999984741211,20.959999084472656,17.509994506835938
2011-08-18,21.06999969482422,21.079999923706055,17.61024284362793
2011-08-19,20.989999771118164,21.030000686645508,17.5684757232666
2011-08-22,20.979999542236328,21.06999969482422,17.601890563964844
2011-08-23,20.979999542236328,20.979999542236328,17.526702880859375
2011-08-24,20.969999313354492,21.020000457763672,17.56011962890625
2011-08-25,21.010000228881836,21.079999923706055,17.61024284362793
2011-08-26,21.030000686645508,20.959999084472656,17.509994506835938
2011-08-29,20.90999984741211,20.93000030517578,17.484933853149414
2011-08-30,21.030000686645508,21.010000228881836,17.551767349243164
2011-08-31,20.979999542236328,21.06999969482422,17.601890563964844
2011-09-01,21.149999618530273,21.15999984741211,17.67707633972168
2011-09-02,21.200000762939453,21.219999313354492,17.727201461791992
2011-09-06,21.5,21.549999237060547,18.00288200378418
2011-09-07,21.510000228881836,21.43000030517578,17.902633666992188
2011-09-08,21.530000686645508,21.649999618530273,18.086423873901367
2011-09-09,21.81999969482422,21.90999984741211,18.303627014160156
2011-09-12,21.940000534057617,21.920000076293945,18.311981201171875
2011-09-13,21.889999389648438,21.850000381469727,18.253503799438477
2011-09-14,21.829999923706055,21.790000915527344,18.203380584716797
2011-09-15,21.6299991607666,21.65999984741211,18.094776153564453
2011-09-16,21.739999771118164,21.739999771118164,18.161609649658203
2011-09-19,21.940000534057617,21.860000610351562,18.261856079101562
2011-09-20,21.8700008392334,21.860000610351562,18.261856079101562
2011-09-21,21.889999389648438,22.030000686645508,18.40387535095215
2011-09-22,22.260000228881836,22.260000228881836,18.596019744873047
2011-09-23,22.219999313354492,22.200000762939453,18.5458927154541
2011-09-26,22.229999542236328,22.18000030517578,18.529184341430664
2011-09-27,22.0,22.049999237060547,18.420581817626953
2011-09-28,22.020000457763672,22.1299991607666,18.487415313720703
2011-09-29,22.030000686645508,22.079999923706055,18.445642471313477
2011-09-30,22.270000457763672,22.309999465942383,18.637788772583008
2011-10-03,22.389999389648438,22.510000228881836,18.804866790771484
2011-10-04,22.549999237060547,22.420000076293945,18.72968292236328
2011-10-05,22.399999618530273,22.350000381469727,18.67120361328125
2011-10-06,22.420000076293945,22.209999084472656,18.554244995117188
2011-10-07,22.149999618530273,22.270000457763672,18.604372024536133
2011-10-10,21.979999542236328,21.920000076293945,18.311981201171875
2011-10-11,22.0,21.899999618530273,18.295270919799805
2011-10-12,21.799999237060547,21.760000228881836,18.178316116333008
2011-10-13,21.809999465942383,21.75,18.16996192932129
2011-10-14,21.65999984741211,21.649999618530273,18.086423873901367
2011-10-17,21.739999771118164,21.790000915527344,18.203380584716797
2011-10-18,21.84000015258789,21.760000228881836,18.178316116333008
2011-10-19,21.670000076293945,21.780000686645508,18.195024490356445
2011-10-20,21.770000457763672,21.739999771118164,18.161609649658203
2011-10-21,21.559999465942383,21.540000915527344,17.994529724121094
2011-10-24,21.600000381469727,21.489999771118164,17.952760696411133
2011-10-25,21.489999771118164,21.510000228881836,17.969467163085938
2011-10-26,21.43000030517578,21.510000228881836,17.969467163085938
2011-10-27,21.200000762939453,21.149999618530273,17.66872215270996
2011-10-28,21.190000534057617,21.15999984741211,17.67707633972168
2011-10-31,21.40999984741211,21.56999969482422,18.019590377807617
2011-11-01,21.860000610351562,21.799999237060547,18.21173095703125
2011-11-02,21.649999618530273,21.75,18.16996192932129
2011-11-03,21.709999084472656,21.649999618530273,18.086423873901367
2011-11-04,21.719999313354492,21.709999084472656,18.136547088623047
2011-11-07,21.719999313354492,21.690000534057617,18.11983871459961
2011-11-08,21.649999618530273,21.59000015258789,18.036298751831055
2011-11-09,21.889999389648438,21.969999313354492,18.35375213623047
2011-11-10,21.8799991607666,21.90999984741211,18.303627014160156
2011-11-11,21.790000915527344,21.690000534057617,18.11983871459961
2011-11-14,21.809999465942383,21.84000015258789,18.245147705078125
2011-11-15,21.950000762939453,21.969999313354492,18.35375213623047
2011-11-16,22.040000915527344,22.040000915527344,18.412229537963867
2011-11-17,21.989999771118164,22.06999969482422,18.437288284301758
2011-11-18,21.93000030517578,22.010000228881836,18.387168884277344
2011-11-21,22.079999923706055,22.049999237060547,18.420581817626953
2011-11-22,22.049999237060547,22.040000915527344,18.412229537963867
2011-11-23,22.200000762939453,22.290000915527344,18.62108039855957
2011-11-25,22.389999389648438,22.420000076293945,18.72968292236328
2011-11-28,22.219999313354492,22.329999923706055,18.65449333190918
2011-11-29,22.280000686645508,22.25,18.587663650512695
2011-11-30,21.989999771118164,22.059999465942383,18.428936004638672
2011-12-01,22.020000457763672,22.049999237060547,18.420581817626953
2011-12-02,22.0,22.1200008392334,18.479061126708984
2011-12-05,22.030000686645508,22.1200008392334,18.479061126708984
2011-12-06,22.149999618530273,22.100000381469727,18.46235466003418
2011-12-07,22.1299991607666,22.06999969482422,18.437288284301758
2011-12-08,22.139999389648438,22.190000534057617,18.537540435791016
2011-12-09,22.18000030517578,22.1200008392334,18.479061126708984
2011-12-12,22.290000915527344,22.350000381469727,18.67120361328125
2011-12-13,22.3700008392334,22.56999969482422,18.85499382019043
2011-12-14,22.649999618530273,22.6200008392334,18.896760940551758
2011-12-15,22.540000915527344,22.559999465942383,18.846637725830078
2011-12-16,22.530000686645508,22.489999771118164,18.78816032409668
2011-12-19,22.520000457763672,22.56999969482422,18.85499382019043
2011-12-20,22.329999923706055,22.3799991607666,18.696264266967773
2011-12-21,22.3799991607666,22.3799991607666,18.696264266967773
2011-12-22,22.420000076293945,22.3799991607666,18.696264266967773
2011-12-23,22.3799991607666,22.389999389648438,18.704618453979492
2011-12-27,22.350000381469727,22.34000015258789,18.66284942626953
2011-12-28,22.40999984741211,22.549999237060547,18.838281631469727
2011-12-29,22.56999969482422,22.510000228881836,18.804866790771484
2011-12-30,22.469999313354492,22.469999313354492,18.77145004272461
2012-01-03,22.31999969482422,22.280000686645508,18.61272621154785
2012-01-04,22.399999618530273,22.399999618530273,18.712974548339844
2012-01-05,22.59000015258789,22.639999389648438,18.913469314575195
2012-01-06,22.68000030517578,22.719999313354492,18.980300903320312
2012-01-09,22.670000076293945,22.639999389648438,18.913469314575195
2012-01-10,22.600000381469727,22.6200008392334,18.896760940551758
2012-01-11,22.709999084472656,22.719999313354492,18.980300903320312
2012-01-12,22.610000610351562,22.56999969482422,18.85499382019043
2012-01-13,22.739999771118164,22.75,19.00536346435547
2012-01-17,22.68000030517578,22.670000076293945,18.93853187561035
2012-01-18,22.549999237060547,22.469999313354492,18.77145004272461
2012-01-19,22.420000076293945,22.350000381469727,18.67120361328125
2012-01-20,22.420000076293945,22.3700008392334,18.687911987304688
2012-01-23,22.260000228881836,22.239999771118164,18.579307556152344
2012-01-24,22.360000610351562,22.270000457763672,18.604372024536133
2012-01-25,22.360000610351562,22.170000076293945,18.520832061767578
2012-01-26,22.079999923706055,22.149999618530273,18.50412368774414
2012-01-27,22.1299991607666,21.989999771118164,18.37045669555664
2012-01-30,22.139999389648438,22.06999969482422,18.437288284301758
2012-01-31,22.010000228881836,22.1200008392334,18.479061126708984
2012-02-01,22.0,22.020000457763672,18.395519256591797
2012-02-02,22.030000686645508,22.030000686645508,18.40387535095215
2012-02-03,22.110000610351562,22.030000686645508,18.40387535095215
2012-02-06,22.149999618530273,22.040000915527344,18.412229537963867
2012-02-07,21.979999542236328,21.889999389648438,18.286916732788086
2012-02-08,21.90999984741211,21.90999984741211,18.303627014160156
2012-02-09,21.8700008392334,21.920000076293945,18.311981201171875
2012-02-10,22.059999465942383,22.059999465942383,18.428936004638672
2012-02-13,21.969999313354492,22.030000686645508,18.40387535095215
2012-02-14,22.09000015258789,22.139999389648438,18.495769500732422
2012-02-15,22.149999618530273,22.209999084472656,18.554244995117188
2012-02-16,22.290000915527344,22.1299991607666,18.487415313720703
2012-02-17,22.06999969482422,22.1299991607666,18.487415313720703
2012-02-21,22.030000686645508,22.040000915527344,18.412229537963867
2012-02-22,22.09000015258789,22.06999969482422,18.437288284301758
2012-02-23,22.010000228881836,21.899999618530273,18.295270919799805
2012-02-24,21.860000610351562,21.809999465942383,18.22008514404297
2012-02-27,21.899999618530273,21.8799991607666,18.278564453125
2012-02-28,21.829999923706055,21.780000686645508,18.195024490356445
2012-02-29,21.770000457763672,21.959999084472656,18.345396041870117
2012-03-01,21.969999313354492,21.959999084472656,18.345396041870117
2012-03-02,22.09000015258789,22.110000610351562,18.470706939697266
2012-03-05,22.09000015258789,22.09000015258789,18.45400047302246
2012-03-06,22.229999542236328,22.229999542236328,18.570955276489258
2012-03-07,22.239999771118164,22.200000762939453,18.5458927154541
2012-03-08,22.110000610351562,22.049999237060547,18.420581817626953
2012-03-09,22.229999542236328,22.260000228881836,18.596019744873047
2012-03-12,22.25,22.229999542236328,18.570955276489258
2012-03-13,22.329999923706055,22.299999237060547,18.629432678222656
2012-03-14,22.31999969482422,22.420000076293945,18.72968292236328
2012-03-15,22.3700008392334,22.329999923706055,18.65449333190918
2012-03-16,22.43000030517578,22.18000030517578,18.529184341430664
2012-03-19,22.18000030517578,22.059999465942383,18.428936004638672
2012-03-20,22.139999389648438,22.100000381469727,18.46235466003418
2012-03-21,22.110000610351562,22.110000610351562,18.470706939697266
2012-03-22,22.190000534057617,22.139999389648438,18.495769500732422
2012-03-23,22.06999969482422,22.020000457763672,18.395519256591797
2012-03-26,21.950000762939453,21.8799991607666,18.278564453125
2012-03-27,21.920000076293945,21.959999084472656,18.345396041870117
2012-03-28,21.940000534057617,21.950000762939453,18.33704376220703
2012-03-29,21.979999542236328,21.940000534057617,18.328689575195312
2012-03-30,21.8700008392334,21.90999984741211,18.303627014160156
2012-04-02,21.93000030517578,21.860000610351562,18.261856079101562
2012-04-03,21.8799991607666,22.020000457763672,18.395519256591797
2012-04-04,22.139999389648438,22.1299991607666,18.487415313720703
2012-04-05,22.229999542236328,22.200000762939453,18.5458927154541
2012-04-09,22.200000762939453,22.1299991607666,18.487415313720703
2012-04-10,22.139999389648438,22.15999984741211,18.51247787475586
2012-04-11,22.079999923706055,22.1299991607666,18.487415313720703
2012-04-12,22.049999237060547,21.979999542236328,18.362104415893555
2012-04-13,22.06999969482422,22.15999984741211,18.51247787475586
2012-04-16,22.18000030517578,22.06999969482422,18.437288284301758
2012-04-17,22.040000915527344,22.059999465942383,18.428936004638672
2012-04-18,22.1200008392334,22.059999465942383,18.428936004638672
2012-04-19,22.09000015258789,22.049999237060547,18.420581817626953
2012-04-20,21.969999313354492,21.93000030517578,18.32033348083496
2012-04-23,22.010000228881836,22.0,18.378814697265625
2012-04-24,21.950000762939453,21.940000534057617,18.328689575195312
2012-04-25,21.899999618530273,21.889999389648438,18.286916732788086
2012-04-26,21.8700008392334,21.860000610351562,18.261856079101562
2012-04-27,21.809999465942383,21.81999969482422,18.22844123840332
2012-04-30,21.81999969482422,21.809999465942383,18.22008514404297
2012-05-01,21.780000686645508,21.829999923706055,18.236793518066406
2012-05-02,21.940000534057617,21.899999618530273,18.295270919799805
2012-05-03,21.90999984741211,21.920000076293945,18.311981201171875
2012-05-04,21.920000076293945,22.010000228881836,18.387168884277344
2012-05-07,22.049999237060547,22.040000915527344,18.412229537963867
2012-05-08,22.100000381469727,22.09000015258789,18.45400047302246
2012-05-09,22.190000534057617,22.18000030517578,18.529184341430664
2012-05-10,22.15999984741211,22.200000762939453,18.5458927154541
2012-05-11,22.229999542236328,22.239999771118164,18.579307556152344
2012-05-14,22.34000015258789,22.34000015258789,18.66284942626953
2012-05-15,22.40999984741211,22.520000457763672,18.813222885131836
2012-05-16,22.520000457763672,22.56999969482422,18.85499382019043
2012-05-17,22.579999923706055,22.549999237060547,18.838281631469727
2012-05-18,22.520000457763672,22.459999084472656,18.763097763061523
2012-05-21,22.520000457763672,22.389999389648438,18.704618453979492
2012-05-22,22.5,22.6200008392334,18.896760940551758
2012-05-23,22.6200008392334,22.700000762939453,18.963594436645508
2012-05-24,22.709999084472656,22.790000915527344,19.038782119750977
2012-05-25,22.799999237060547,22.81999969482422,19.063840866088867
2012-05-29,22.75,22.799999237060547,19.04713249206543
2012-05-30,22.889999389648438,22.979999542236328,19.197505950927734
2012-05-31,22.93000030517578,22.989999771118164,19.205856323242188
2012-06-01,22.940000534057617,22.920000076293945,19.147382736206055
2012-06-04,22.84000015258789,22.81999969482422,19.063840866088867
2012-06-05,22.899999618530273,22.899999618530273,19.130672454833984
2012-06-06,22.8700008392334,22.709999084472656,18.97194480895996
2012-06-07,22.649999618530273,22.739999771118164,18.997007369995117
2012-06-08,22.899999618530273,22.809999465942383,19.055484771728516
2012-06-11,22.709999084472656,22.84000015258789,19.080547332763672
2012-06-12,22.809999465942383,22.760000228881836,19.013717651367188
2012-06-13,22.729999542236328,22.690000534057617,18.955236434936523
2012-06-14,22.690000534057617,22.600000381469727,18.88005256652832
2012-06-15,22.579999923706055,22.5,18.796512603759766
2012-06-18,22.59000015258789,22.600000381469727,18.88005256652832
2012-06-19,22.510000228881836,22.43000030517578,18.738035202026367
2012-06-20,22.420000076293945,22.459999084472656,18.763097763061523
2012-06-21,22.530000686645508,22.700000762939453,18.963594436645508
2012-06-22,22.649999618530273,22.649999618530273,18.92182159423828
2012-06-25,22.739999771118164,22.719999313354492,18.980300903320312
2012-06-26,22.729999542236328,22.68000030517578,18.946884155273438
2012-06-27,22.739999771118164,22.75,19.00536346435547
2012-06-28,22.790000915527344,22.780000686645508,19.030426025390625
2012-06-29,22.440000534057617,22.469999313354492,18.77145004272461
2012-07-02,22.520000457763672,22.520000457763672,18.813222885131836
2012-07-03,22.559999465942383,22.5,18.796512603759766
2012-07-05,22.790000915527344,22.799999237060547,19.04713249206543
2012-07-06,22.8799991607666,22.950000762939453,19.172443389892578
2012-07-09,22.93000030517578,22.8799991607666,19.11396598815918
2012-07-10,22.8799991607666,22.959999084472656,19.180795669555664
2012-07-11,22.93000030517578,22.979999542236328,19.197505950927734
2012-07-12,23.049999237060547,23.030000686645508,19.239274978637695
2012-07-13,23.030000686645508,22.93000030517578,19.15573501586914
2012-07-16,22.90999984741211,22.860000610351562,19.097257614135742
2012-07-17,22.8700008392334,22.84000015258789,19.080547332763672
2012-07-18,22.899999618530273,22.81999969482422,19.063840866088867
2012-07-19,22.850000381469727,22.809999465942383,19.055484771728516
2012-07-20,22.93000030517578,22.979999542236328,19.197505950927734
2012-07-23,23.09000015258789,23.010000228881836,19.22256851196289
2012-07-24,23.030000686645508,23.100000381469727,19.297754287719727
2012-07-25,23.0,22.979999542236328,19.197505950927734
2012-07-26,22.75,22.75,19.00536346435547
2012-07-27,22.709999084472656,22.739999771118164,18.997007369995117
2012-07-30,22.809999465942383,22.770000457763672,19.022069931030273
2012-07-31,22.75,22.709999084472656,18.97194480895996
2012-08-01,22.709999084472656,22.8700008392334,19.10561180114746
2012-08-02,22.899999618530273,22.90999984741211,19.139028549194336
2012-08-03,22.780000686645508,22.6299991607666,18.905113220214844
2012-08-06,22.6299991607666,22.600000381469727,18.88005256652832
2012-08-07,22.559999465942383,22.600000381469727,18.88005256652832
2012-08-08,22.670000076293945,22.639999389648438,18.913469314575195
2012-08-09,22.719999313354492,22.719999313354492,18.980300903320312
2012-08-10,22.770000457763672,22.68000030517578,18.946884155273438
2012-08-13,22.6299991607666,22.649999618530273,18.92182159423828
2012-08-14,22.65999984741211,22.65999984741211,18.93017578125
2012-08-15,22.719999313354492,22.719999313354492,18.980300903320312
2012-08-16,22.68000030517578,22.639999389648438,18.913469314575195
2012-08-17,22.649999618530273,22.68000030517578,18.946884155273438
2012-08-20,22.709999084472656,22.649999618530273,18.92182159423828
2012-08-21,22.5,22.5,18.796512603759766
2012-08-22,22.530000686645508,22.389999389648438,18.704618453979492
2012-08-23,22.3700008392334,22.350000381469727,18.67120361328125
2012-08-24,22.43000030517578,22.420000076293945,18.72968292236328
2012-08-27,22.399999618530273,22.440000534057617,18.74639129638672
2012-08-28,22.34000015258789,22.350000381469727,18.67120361328125
2012-08-29,22.3700008392334,22.389999389648438,18.704618453979492
2012-08-30,22.3700008392334,22.440000534057617,18.74639129638672
2012-08-31,22.270000457763672,22.299999237060547,18.629432678222656
2012-09-04,22.309999465942383,22.329999923706055,18.65449333190918
2012-09-05,22.290000915527344,22.309999465942383,18.637788772583008
2012-09-06,22.329999923706055,22.25,18.587663650512695
2012-09-07,22.06999969482422,22.010000228881836,18.387168884277344
2012-09-10,22.049999237060547,22.079999923706055,18.445642471313477
2012-09-11,21.969999313354492,21.90999984741211,18.303627014160156
2012-09-12,21.8700008392334,21.889999389648438,18.286916732788086
2012-09-13,21.8700008392334,21.75,18.16996192932129
2012-09-14,21.639999389648438,21.639999389648438,18.07806968688965
2012-09-17,21.639999389648438,21.670000076293945,18.103132247924805
2012-09-18,21.709999084472656,21.739999771118164,18.161609649658203
2012-09-19,21.729999542236328,21.670000076293945,18.103132247924805
2012-09-20,21.829999923706055,21.770000457763672,18.186668395996094
2012-09-21,21.709999084472656,21.75,18.16996192932129
2012-09-24,21.84000015258789,21.799999237060547,18.21173095703125
2012-09-25,21.770000457763672,21.84000015258789,18.245147705078125
2012-09-26,21.889999389648438,21.8799991607666,18.278564453125
2012-09-27,21.850000381469727,21.81999969482422,18.22844123840332
2012-09-28,21.81999969482422,21.920000076293945,18.311981201171875
2012-10-01,21.850000381469727,21.8700008392334,18.27021026611328
2012-10-02,21.829999923706055,21.850000381469727,18.253503799438477
2012-10-03,21.899999618530273,21.90999984741211,18.303627014160156
2012-10-04,21.81999969482422,21.760000228881836,18.178316116333008
2012-10-05,21.709999084472656,21.760000228881836,18.178316116333008
2012-10-08,21.81999969482422,21.809999465942383,18.22008514404297
2012-10-09,21.8799991607666,21.950000762939453,18.33704376220703
2012-10-10,21.90999984741211,21.899999618530273,18.295270919799805
2012-10-11,21.850000381469727,21.860000610351562,18.261856079101562
2012-10-12,21.799999237060547,21.829999923706055,18.236793518066406
2012-10-15,21.829999923706055,21.84000015258789,18.245147705078125
2012-10-16,21.75,21.75,18.16996192932129
2012-10-17,21.649999618530273,21.639999389648438,18.07806968688965
2012-10-18,21.68000030517578,21.729999542236328,18.153255462646484
2012-10-19,21.760000228881836,21.809999465942383,18.22008514404297
2012-10-22,21.799999237060547,21.809999465942383,18.22008514404297
2012-10-23,21.899999618530273,21.90999984741211,18.303627014160156
2012-10-24,21.889999389648438,21.90999984741211,18.303627014160156
2012-10-25,21.889999389648438,21.93000030517578,18.32033348083496
2012-10-26,21.940000534057617,21.93000030517578,18.32033348083496
2012-10-31,21.8799991607666,21.889999389648438,18.286916732788086
2012-11-01,21.889999389648438,21.920000076293945,18.311981201171875
2012-11-02,22.030000686645508,22.06999969482422,18.437288284301758
2012-11-05,22.1200008392334,22.1200008392334,18.479061126708984
2012-11-06,22.09000015258789,22.09000015258789,18.45400047302246
2012-11-07,22.139999389648438,22.1299991607666,18.487415313720703
2012-11-08,22.149999618530273,22.1299991607666,18.487415313720703
2012-11-09,22.190000534057617,22.18000030517578,18.529184341430664
2012-11-12,22.18000030517578,22.190000534057617,18.537540435791016
2012-11-13,22.219999313354492,22.209999084472656,18.554244995117188
2012-11-14,22.190000534057617,22.200000762939453,18.5458927154541
2012-11-15,22.190000534057617,22.200000762939453,18.5458927154541
2012-11-16,22.219999313354492,22.239999771118164,18.579307556152344
2012-11-19,22.170000076293945,22.139999389648438,18.495769500732422
2012-11-20,22.15999984741211,22.1299991607666,18.487415313720703
2012-11-21,22.15999984741211,22.139999389648438,18.495769500732422
2012-11-23,22.010000228881836,21.93000030517578,18.32033348083496
2012-11-26,21.959999084472656,21.940000534057617,18.328689575195312
2012-11-27,21.979999542236328,22.010000228881836,18.387168884277344
2012-11-28,22.040000915527344,21.969999313354492,18.35375213623047
2012-11-29,21.90999984741211,21.940000534057617,18.328689575195312
2012-11-30,21.950000762939453,21.920000076293945,18.311981201171875
2012-12-03,21.8799991607666,21.850000381469727,18.253503799438477
2012-12-04,21.790000915527344,21.780000686645508,18.195024490356445
2012-12-05,21.829999923706055,21.829999923706055,18.236793518066406
2012-12-06,21.860000610351562,21.950000762939453,18.33704376220703
2012-12-07,22.020000457763672,21.989999771118164,18.37045669555664
2012-12-10,21.950000762939453,21.959999084472656,18.345396041870117
2012-12-11,21.899999618530273,21.8799991607666,18.278564453125
2012-12-12,21.860000610351562,21.84000015258789,18.245147705078125
2012-12-13,21.850000381469727,21.860000610351562,18.261856079101562
2012-12-14,21.829999923706055,21.75,18.16996192932129
2012-12-17,21.75,21.75,18.16996192932129
2012-12-18,21.719999313354492,21.68000030517578,18.11148452758789
2012-12-19,21.610000610351562,21.670000076293945,18.103132247924805
2012-12-20,21.6200008392334,21.649999618530273,18.086423873901367
2012-12-21,21.709999084472656,21.760000228881836,18.178316116333008
2012-12-24,21.729999542236328,21.760000228881836,18.178316116333008
2012-12-26,21.75,21.760000228881836,18.178316116333008
2012-12-27,21.709999084472656,21.760000228881836,18.178316116333008
2012-12-28,21.780000686645508,21.780000686645508,18.195024490356445
2012-12-31,21.770000457763672,21.809999465942383,18.22008514404297
2013-01-02,21.739999771118164,21.81999969482422,18.22844123840332
2013-01-03,21.899999618530273,21.989999771118164,18.37045669555664
2013-01-04,22.030000686645508,21.989999771118164,18.37045669555664
2013-01-07,21.989999771118164,21.920000076293945,18.311981201171875
2013-01-08,21.959999084472656,21.950000762939453,18.33704376220703
2013-01-09,22.020000457763672,22.020000457763672,18.395519256591797
2013-01-10,21.8700008392334,21.799999237060547,18.21173095703125
2013-01-11,21.709999084472656,21.739999771118164,18.161609649658203
2013-01-14,21.729999542236328,21.709999084472656,18.136547088623047
2013-01-15,21.75,21.770000457763672,18.186668395996094
2013-01-16,21.780000686645508,21.790000915527344,18.203380584716797
2013-01-17,21.770000457763672,21.75,18.16996192932129
2013-01-18,21.84000015258789,21.850000381469727,18.253503799438477
2013-01-22,21.829999923706055,21.829999923706055,18.236793518066406
2013-01-23,21.799999237060547,21.829999923706055,18.236793518066406
2013-01-24,21.860000610351562,21.829999923706055,18.236793518066406
2013-01-25,21.790000915527344,21.780000686645508,18.195024490356445
2013-01-28,21.780000686645508,21.790000915527344,18.203380584716797
2013-01-29,21.760000228881836,21.729999542236328,18.153255462646484
2013-01-30,21.670000076293945,21.639999389648438,18.07806968688965
2013-01-31,21.639999389648438,21.6200008392334,18.061363220214844
2013-02-01,21.59000015258789,21.600000381469727,18.044652938842773
2013-02-04,21.690000534057617,21.709999084472656,18.136547088623047
2013-02-05,21.760000228881836,21.700000762939453,18.128196716308594
2013-02-06,21.780000686645508,21.770000457763672,18.186668395996094
2013-02-07,21.84000015258789,21.889999389648438,18.286916732788086
2013-02-08,21.8799991607666,21.899999618530273,18.295270919799805
2013-02-11,21.920000076293945,21.920000076293945,18.311981201171875
2013-02-12,21.90999984741211,21.8700008392334,18.27021026611328
2013-02-13,21.850000381469727,21.8799991607666,18.278564453125
2013-02-14,21.979999542236328,21.940000534057617,18.328689575195312
2013-02-15,21.979999542236328,21.959999084472656,18.345396041870117
2013-02-19,22.0,21.969999313354492,18.35375213623047
2013-02-20,22.0,22.1299991607666,18.487415313720703
2013-02-21,22.200000762939453,22.219999313354492,18.56260108947754
2013-02-22,22.239999771118164,22.229999542236328,18.570955276489258
2013-02-25,22.170000076293945,22.31999969482422,18.646141052246094
2013-02-26,22.309999465942383,22.34000015258789,18.66284942626953
2013-02-27,22.290000915527344,22.25,18.587663650512695
2013-02-28,22.299999237060547,22.3700008392334,18.687911987304688
2013-03-01,22.469999313354492,22.440000534057617,18.74639129638672
2013-03-04,22.469999313354492,22.43000030517578,18.738035202026367
2013-03-05,22.3700008392334,22.399999618530273,18.712974548339844
2013-03-06,22.43000030517578,22.489999771118164,18.78816032409668
2013-03-07,22.399999618530273,22.389999389648438,18.704618453979492
2013-03-08,22.56999969482422,22.559999465942383,18.846637725830078
2013-03-11,22.56999969482422,22.510000228881836,18.804866790771484
2013-03-12,22.469999313354492,22.5,18.796512603759766
2013-03-13,22.56999969482422,22.59000015258789,18.871700286865234
2013-03-14,22.6200008392334,22.5,18.796512603759766
2013-03-15,22.389999389648438,22.399999618530273,18.712974548339844
2013-03-18,22.530000686645508,22.540000915527344,18.82992935180664
2013-03-19,22.530000686645508,22.610000610351562,18.888408660888672
2013-03-20,22.5,22.559999465942383,18.846637725830078
2013-03-21,22.549999237060547,22.559999465942383,18.846637725830078
2013-03-22,22.489999771118164,22.420000076293945,18.72968292236328
2013-03-25,22.479999542236328,22.579999923706055,18.86334800720215
2013-03-26,22.559999465942383,22.56999969482422,18.85499382019043
2013-03-27,22.65999984741211,22.65999984741211,18.93017578125
2013-03-28,22.6299991607666,22.600000381469727,18.88005256652832
2013-04-01,22.56999969482422,22.520000457763672,18.813222885131836
2013-04-02,22.559999465942383,22.56999969482422,18.85499382019043
2013-04-03,22.540000915527344,22.520000457763672,18.813222885131836
2013-04-04,22.670000076293945,22.489999771118164,18.78816032409668
2013-04-05,22.450000762939453,22.450000762939453,18.754745483398438
2013-04-08,22.459999084472656,22.510000228881836,18.804866790771484
2013-04-09,22.43000030517578,22.40999984741211,18.721328735351562
2013-04-10,22.40999984741211,22.43000030517578,18.738035202026367
2013-04-11,22.3700008392334,22.3700008392334,18.687911987304688
2013-04-12,22.3799991607666,22.34000015258789,18.66284942626953
2013-04-15,22.350000381469727,22.40999984741211,18.721328735351562
2013-04-16,22.31999969482422,22.229999542236328,18.570955276489258
2013-04-17,22.329999923706055,22.469999313354492,18.77145004272461
2013-04-18,22.440000534057617,22.459999084472656,18.763097763061523
2013-04-19,22.43000030517578,22.5,18.796512603759766
2013-04-22,22.549999237060547,22.489999771118164,18.78816032409668
2013-04-23,22.56999969482422,22.56999969482422,18.85499382019043
2013-04-24,22.579999923706055,22.559999465942383,18.846637725830078
2013-04-25,22.469999313354492,22.510000228881836,18.804866790771484
2013-04-26,22.440000534057617,22.40999984741211,18.721328735351562
2013-04-29,22.34000015258789,22.309999465942383,18.637788772583008
2013-04-30,22.299999237060547,22.200000762939453,18.5458927154541
2013-05-01,22.149999618530273,22.18000030517578,18.529184341430664
2013-05-02,22.309999465942383,22.329999923706055,18.65449333190918
2013-05-03,22.3700008392334,22.31999969482422,18.646141052246094
2013-05-06,22.329999923706055,22.3700008392334,18.687911987304688
2013-05-07,22.309999465942383,22.3700008392334,18.687911987304688
2013-05-08,22.25,22.270000457763672,18.604372024536133
2013-05-09,22.329999923706055,22.479999542236328,18.779804229736328
2013-05-10,22.559999465942383,22.600000381469727,18.88005256652832
2013-05-13,22.600000381469727,22.639999389648438,18.913469314575195
2013-05-14,22.65999984741211,22.729999542236328,18.98865509033203
2013-05-15,22.799999237060547,22.790000915527344,19.038782119750977
2013-05-16,22.770000457763672,22.780000686645508,19.030426025390625
2013-05-17,22.90999984741211,22.920000076293945,19.147382736206055
2013-05-20,22.860000610351562,22.780000686645508,19.030426025390625
2013-05-21,22.850000381469727,22.790000915527344,19.038782119750977
2013-05-22,22.790000915527344,22.889999389648438,19.122318267822266
2013-05-23,22.760000228881836,22.739999771118164,18.997007369995117
2013-05-24,22.729999542236328,22.709999084472656,18.97194480895996
2013-05-28,22.780000686645508,22.8700008392334,19.10561180114746
2013-05-29,22.729999542236328,22.700000762939453,18.963594436645508
2013-05-30,22.59000015258789,22.549999237060547,18.838281631469727
2013-05-31,22.600000381469727,22.610000610351562,18.888408660888672
2013-06-03,22.600000381469727,22.450000762939453,18.754745483398438
2013-06-04,22.489999771118164,22.459999084472656,18.763097763061523
2013-06-05,22.459999084472656,22.420000076293945,18.72968292236328
2013-06-06,22.34000015258789,22.1299991607666,18.487415313720703
2013-06-07,22.170000076293945,22.15999984741211,18.51247787475586
2013-06-10,22.25,22.170000076293945,18.520832061767578
2013-06-11,22.110000610351562,21.979999542236328,18.362104415893555
2013-06-12,22.0,21.969999313354492,18.35375213623047
2013-06-13,21.93000030517578,21.899999618530273,18.295270919799805
2013-06-14,21.950000762939453,21.8799991607666,18.278564453125
2013-06-17,21.889999389648438,21.84000015258789,18.245147705078125
2013-06-18,21.93000030517578,21.860000610351562,18.261856079101562
2013-06-19,21.850000381469727,22.059999465942383,18.428936004638672
2013-06-20,22.200000762939453,22.190000534057617,18.537540435791016
2013-06-21,22.299999237060547,22.34000015258789,18.66284942626953
2013-06-24,22.43000030517578,22.360000610351562,18.67955780029297
2013-06-25,22.3799991607666,22.399999618530273,18.712974548339844
2013-06-26,22.450000762939453,22.520000457763672,18.813222885131836
2013-06-27,22.510000228881836,22.510000228881836,18.804866790771484
2013-06-28,22.489999771118164,22.559999465942383,18.846637725830078
2013-07-01,22.549999237060547,22.510000228881836,18.804866790771484
2013-07-02,22.6299991607666,22.65999984741211,18.93017578125
2013-07-03,22.6299991607666,22.56999969482422,18.85499382019043
2013-07-05,22.8799991607666,22.899999618530273,19.130672454833984
2013-07-08,22.860000610351562,22.84000015258789,19.080547332763672
2013-07-09,22.850000381469727,22.93000030517578,19.15573501586914
2013-07-10,22.8700008392334,22.780000686645508,19.030426025390625
2013-07-11,22.510000228881836,22.420000076293945,18.72968292236328
2013-07-12,22.530000686645508,22.469999313354492,18.77145004272461
2013-07-15,22.520000457763672,22.489999771118164,18.78816032409668
2013-07-16,22.420000076293945,22.329999923706055,18.65449333190918
2013-07-17,22.309999465942383,22.3799991607666,18.696264266967773
2013-07-18,22.450000762939453,22.420000076293945,18.72968292236328
2013-07-19,22.399999618530273,22.360000610351562,18.67955780029297
2013-07-22,22.280000686645508,22.260000228881836,18.596019744873047
2013-07-23,22.260000228881836,22.190000534057617,18.537540435791016
2013-07-24,22.229999542236328,22.270000457763672,18.604372024536133
2013-07-25,22.239999771118164,22.1200008392334,18.479061126708984
2013-07-26,22.110000610351562,22.100000381469727,18.46235466003418
2013-07-29,22.1299991607666,22.100000381469727,18.46235466003418
2013-07-30,22.09000015258789,22.149999618530273,18.50412368774414
2013-07-31,22.219999313354492,22.09000015258789,18.45400047302246
2013-08-01,22.18000030517578,22.280000686645508,18.61272621154785
2013-08-02,22.219999313354492,22.15999984741211,18.51247787475586
2013-08-05,22.170000076293945,22.1299991607666,18.487415313720703
2013-08-06,22.100000381469727,22.06999969482422,18.437288284301758
2013-08-07,22.030000686645508,21.979999542236328,18.362104415893555
2013-08-08,21.93000030517578,21.90999984741211,18.303627014160156
2013-08-09,21.940000534057617,21.93000030517578,18.32033348083496
2013-08-12,22.020000457763672,21.989999771118164,18.37045669555664
2013-08-13,22.100000381469727,22.100000381469727,18.46235466003418
2013-08-14,22.100000381469727,22.09000015258789,18.45400047302246
2013-08-15,22.1299991607666,21.940000534057617,18.328689575195312
2013-08-16,21.90999984741211,21.979999542236328,18.362104415893555
2013-08-19,21.950000762939453,21.969999313354492,18.35375213623047
2013-08-20,21.860000610351562,21.8700008392334,18.27021026611328
2013-08-21,21.940000534057617,21.979999542236328,18.362104415893555
2013-08-22,22.030000686645508,22.030000686645508,18.40387535095215
2013-08-23,22.06999969482422,21.989999771118164,18.37045669555664
2013-08-26,21.989999771118164,21.989999771118164,18.37045669555664
2013-08-27,21.969999313354492,21.920000076293945,18.311981201171875
2013-08-28,22.0,22.010000228881836,18.387168884277344
2013-08-29,22.149999618530273,22.15999984741211,18.51247787475586
2013-08-30,22.18000030517578,22.190000534057617,18.537540435791016
2013-09-03,22.239999771118164,22.260000228881836,18.596019744873047
2013-09-04,22.229999542236328,22.18000030517578,18.529184341430664
2013-09-05,22.260000228881836,22.329999923706055,18.65449333190918
2013-09-06,22.229999542236328,22.200000762939453,18.5458927154541
2013-09-09,22.139999389648438,22.09000015258789,18.45400047302246
2013-09-10,22.110000610351562,22.09000015258789,18.45400047302246
2013-09-11,22.079999923706055,22.010000228881836,18.387168884277344
2013-09-12,22.049999237060547,22.010000228881836,18.387168884277344
2013-09-13,22.010000228881836,21.989999771118164,18.37045669555664
2013-09-16,21.8700008392334,21.940000534057617,18.328689575195312
2013-09-17,21.90999984741211,21.899999618530273,18.295270919799805
2013-09-18,21.899999618530273,21.649999618530273,18.086423873901367
2013-09-19,21.6299991607666,21.68000030517578,18.11148452758789
2013-09-20,21.700000762939453,21.690000534057617,18.11983871459961
2013-09-23,21.68000030517578,21.700000762939453,18.128196716308594
2013-09-24,21.729999542236328,21.739999771118164,18.161609649658203
2013-09-25,21.700000762939453,21.670000076293945,18.103132247924805
2013-09-26,21.709999084472656,21.719999313354492,18.144899368286133
2013-09-27,21.6299991607666,21.639999389648438,18.07806968688965
2013-09-30,21.600000381469727,21.6299991607666,18.06971549987793
2013-10-01,21.579999923706055,21.610000610351562,18.053007125854492
2013-10-02,21.520000457763672,21.530000686645508,17.986175537109375
2013-10-03,21.540000915527344,21.510000228881836,17.969467163085938
2013-10-04,21.549999237060547,21.610000610351562,18.053007125854492
2013-10-07,21.559999465942383,21.549999237060547,18.00288200378418
2013-10-08,21.549999237060547,21.559999465942383,18.0112361907959
2013-10-09,21.68000030517578,21.65999984741211,18.094776153564453
2013-10-10,21.709999084472656,21.700000762939453,18.128196716308594
2013-10-11,21.649999618530273,21.65999984741211,18.094776153564453
2013-10-14,21.610000610351562,21.6200008392334,18.061363220214844
2013-10-15,21.729999542236328,21.700000762939453,18.128196716308594
2013-10-16,21.649999618530273,21.690000534057617,18.11983871459961
2013-10-17,21.479999542236328,21.450000762939453,17.919343948364258
2013-10-18,21.459999084472656,21.450000762939453,17.919343948364258
2013-10-21,21.5,21.469999313354492,17.936050415039062
2013-10-22,21.420000076293945,21.350000381469727,17.835803985595703
2013-10-23,21.350000381469727,21.360000610351562,17.84415626525879
2013-10-24,21.31999969482422,21.329999923706055,17.819095611572266
2013-10-25,21.34000015258789,21.34000015258789,17.827449798583984
2013-10-28,21.3700008392334,21.3799991607666,17.860862731933594
2013-10-29,21.399999618530273,21.440000534057617,17.91098976135254
2013-10-30,21.440000534057617,21.479999542236328,17.944406509399414
2013-10-31,21.549999237060547,21.6299991607666,18.06971549987793
2013-11-01,21.719999313354492,21.75,18.16996192932129
2013-11-04,21.719999313354492,21.690000534057617,18.11983871459961
2013-11-05,21.729999542236328,21.739999771118164,18.161609649658203
2013-11-06,21.68000030517578,21.670000076293945,18.103132247924805
2013-11-07,21.8700008392334,21.770000457763672,18.186668395996094
2013-11-08,21.8799991607666,21.899999618530273,18.295270919799805
2013-11-11,21.860000610351562,21.84000015258789,18.245147705078125
2013-11-12,21.860000610351562,21.850000381469727,18.253503799438477
2013-11-13,21.829999923706055,21.799999237060547,18.21173095703125
2013-11-14,21.829999923706055,21.799999237060547,18.21173095703125
2013-11-15,21.780000686645508,21.760000228881836,18.178316116333008
2013-11-18,21.700000762939453,21.729999542236328,18.153255462646484
2013-11-19,21.739999771118164,21.719999313354492,18.144899368286133
2013-11-20,21.68000030517578,21.81999969482422,18.22844123840332
2013-11-21,21.829999923706055,21.81999969482422,18.22844123840332
2013-11-22,21.75,21.729999542236328,18.153255462646484
2013-11-25,21.790000915527344,21.760000228881836,18.178316116333008
2013-11-26,21.760000228881836,21.690000534057617,18.11983871459961
2013-11-27,21.690000534057617,21.719999313354492,18.144899368286133
2013-11-29,21.670000076293945,21.700000762939453,18.128196716308594
2013-12-02,21.770000457763672,21.770000457763672,18.186668395996094
2013-12-03,21.709999084472656,21.700000762939453,18.128196716308594
2013-12-04,21.760000228881836,21.690000534057617,18.11983871459961
2013-12-05,21.649999618530273,21.579999923706055,18.027944564819336
2013-12-06,21.6200008392334,21.579999923706055,18.027944564819336
2013-12-09,21.59000015258789,21.559999465942383,18.0112361907959
2013-12-10,21.5,21.5,17.96111297607422
2013-12-11,21.489999771118164,21.489999771118164,17.952760696411133
2013-12-12,21.530000686645508,21.56999969482422,18.019590377807617
2013-12-13,21.56999969482422,21.579999923706055,18.027944564819336
2013-12-16,21.540000915527344,21.540000915527344,17.994529724121094
2013-12-17,21.56999969482422,21.540000915527344,17.994529724121094
2013-12-18,21.530000686645508,21.6299991607666,18.06971549987793
2013-12-19,21.670000076293945,21.68000030517578,18.11148452758789
2013-12-20,21.709999084472656,21.65999984741211,18.094776153564453
2013-12-23,21.6200008392334,21.6200008392334,18.061363220214844
2013-12-24,21.65999984741211,21.639999389648438,18.07806968688965
2013-12-26,21.6299991607666,21.6299991607666,18.06971549987793
2013-12-27,21.520000457763672,21.59000015258789,18.036298751831055
2013-12-30,21.540000915527344,21.489999771118164,17.952760696411133
2013-12-31,21.520000457763672,21.520000457763672,17.97782325744629
2014-01-02,21.670000076293945,21.649999618530273,18.086423873901367
2014-01-03,21.690000534057617,21.739999771118164,18.161609649658203
2014-01-06,21.729999542236328,21.68000030517578,18.11148452758789
2014-01-07,21.700000762939453,21.739999771118164,18.161609649658203
2014-01-08,21.760000228881836,21.780000686645508,18.195024490356445
2014-01-09,21.790000915527344,21.760000228881836,18.178316116333008
2014-01-10,21.719999313354492,21.670000076293945,18.103132247924805
2014-01-13,21.65999984741211,21.6200008392334,18.061363220214844
2014-01-14,21.649999618530273,21.65999984741211,18.094776153564453
2014-01-15,21.770000457763672,21.760000228881836,18.178316116333008
2014-01-16,21.709999084472656,21.739999771118164,18.161609649658203
2014-01-17,21.780000686645508,21.81999969482422,18.22844123840332
2014-01-21,21.81999969482422,21.780000686645508,18.195024490356445
2014-01-22,21.770000457763672,21.809999465942383,18.22008514404297
2014-01-23,21.65999984741211,21.59000015258789,18.036298751831055
2014-01-24,21.600000381469727,21.6200008392334,18.061363220214844
2014-01-27,21.600000381469727,21.6200008392334,18.061363220214844
2014-01-28,21.600000381469727,21.6299991607666,18.06971549987793
2014-01-29,21.600000381469727,21.6299991607666,18.06971549987793
2014-01-30,21.739999771118164,21.770000457763672,18.186668395996094
2014-01-31,21.81999969482422,21.829999923706055,18.236793518066406
2014-02-03,21.799999237060547,21.760000228881836,18.178316116333008
2014-02-04,21.790000915527344,21.780000686645508,18.195024490356445
2014-02-05,21.790000915527344,21.75,18.16996192932129
2014-02-06,21.690000534057617,21.719999313354492,18.144899368286133
2014-02-07,21.700000762939453,21.649999618530273,18.086423873901367
2014-02-10,21.649999618530273,21.6299991607666,18.06971549987793
2014-02-11,21.6299991607666,21.6299991607666,18.06971549987793
2014-02-12,21.68000030517578,21.649999618530273,18.086423873901367
2014-02-13,21.549999237060547,21.530000686645508,17.986175537109375
2014-02-14,21.5,21.489999771118164,17.952760696411133
2014-02-18,21.459999084472656,21.450000762939453,17.919343948364258
2014-02-19,21.469999313354492,21.510000228881836,17.969467163085938
2014-02-20,21.530000686645508,21.540000915527344,17.994529724121094
2014-02-21,21.549999237060547,21.520000457763672,17.97782325744629
2014-02-24,21.520000457763672,21.510000228881836,17.969467163085938
2014-02-25,21.469999313354492,21.479999542236328,17.944406509399414
2014-02-26,21.549999237060547,21.559999465942383,18.0112361907959
2014-02-27,21.56999969482422,21.520000457763672,17.97782325744629
2014-02-28,21.389999389648438,21.3799991607666,17.860862731933594
2014-03-03,21.420000076293945,21.459999084472656,17.92769432067871
2014-03-04,21.450000762939453,21.479999542236328,17.944406509399414
2014-03-05,21.5,21.469999313354492,17.936050415039062
2014-03-06,21.3799991607666,21.350000381469727,17.835803985595703
2014-03-07,21.3799991607666,21.3700008392334,17.85251235961914
2014-03-10,21.3799991607666,21.3799991607666,17.860862731933594
2014-03-11,21.389999389648438,21.3799991607666,17.860862731933594
2014-03-12,21.350000381469727,21.31999969482422,17.810741424560547
2014-03-13,21.270000457763672,21.329999923706055,17.819095611572266
2014-03-14,21.31999969482422,21.280000686645508,17.777324676513672
2014-03-17,21.290000915527344,21.260000228881836,17.760618209838867
2014-03-18,21.280000686645508,21.270000457763672,17.768970489501953
2014-03-19,21.290000915527344,21.43000030517578,17.902633666992188
2014-03-20,21.5,21.5,17.96111297607422
2014-03-21,21.469999313354492,21.469999313354492,17.936050415039062
2014-03-24,21.5,21.40999984741211,17.885927200317383
2014-03-25,21.459999084472656,21.420000076293945,17.89427947998047
2014-03-26,21.459999084472656,21.420000076293945,17.89427947998047
2014-03-27,21.469999313354492,21.479999542236328,17.944406509399414
2014-03-28,21.459999084472656,21.479999542236328,17.944406509399414
2014-03-31,21.469999313354492,21.459999084472656,17.92769432067871
2014-04-01,21.440000534057617,21.459999084472656,17.92769432067871
2014-04-02,21.479999542236328,21.5,17.96111297607422
2014-04-03,21.559999465942383,21.559999465942383,18.0112361907959
2014-04-04,21.549999237060547,21.540000915527344,17.994529724121094
2014-04-07,21.5,21.489999771118164,17.952760696411133
2014-04-08,21.360000610351562,21.350000381469727,17.835803985595703
2014-04-09,21.34000015258789,21.270000457763672,17.768970489501953
2014-04-10,21.290000915527344,21.260000228881836,17.760618209838867
2014-04-11,21.270000457763672,21.270000457763672,17.768970489501953
2014-04-14,21.34000015258789,21.329999923706055,17.819095611572266
2014-04-15,21.360000610351562,21.350000381469727,17.835803985595703
2014-04-16,21.350000381469727,21.3700008392334,17.85251235961914
2014-04-17,21.31999969482422,21.3700008392334,17.85251235961914
2014-04-21,21.360000610351562,21.389999389648438,17.869218826293945
2014-04-22,21.360000610351562,21.3700008392334,17.85251235961914
2014-04-23,21.360000610351562,21.3700008392334,17.85251235961914
2014-04-24,21.389999389648438,21.34000015258789,17.827449798583984
2014-04-25,21.329999923706055,21.34000015258789,17.827449798583984
2014-04-28,21.290000915527344,21.31999969482422,17.810741424560547
2014-04-29,21.329999923706055,21.34000015258789,17.827449798583984
2014-04-30,21.280000686645508,21.280000686645508,17.777324676513672
2014-05-01,21.270000457763672,21.270000457763672,17.768970489501953
2014-05-02,21.350000381469727,21.270000457763672,17.768970489501953
2014-05-05,21.25,21.260000228881836,17.760618209838867
2014-05-06,21.15999984741211,21.15999984741211,17.67707633972168
2014-05-07,21.149999618530273,21.170000076293945,17.685428619384766
2014-05-08,21.200000762939453,21.219999313354492,17.727201461791992
2014-05-09,21.309999465942383,21.350000381469727,17.835803985595703
2014-05-12,21.329999923706055,21.3700008392334,17.85251235961914
2014-05-13,21.389999389648438,21.420000076293945,17.89427947998047
2014-05-14,21.420000076293945,21.40999984741211,17.885927200317383
2014-05-15,21.440000534057617,21.389999389648438,17.869218826293945
2014-05-16,21.3799991607666,21.389999389648438,17.869218826293945
2014-05-19,21.3700008392334,21.389999389648438,17.869218826293945
2014-05-20,21.399999618530273,21.399999618530273,17.87757110595703
2014-05-21,21.440000534057617,21.399999618530273,17.87757110595703
2014-05-22,21.459999084472656,21.440000534057617,17.91098976135254
2014-05-23,21.489999771118164,21.479999542236328,17.944406509399414
2014-05-27,21.479999542236328,21.469999313354492,17.936050415039062
2014-05-28,21.520000457763672,21.530000686645508,17.986175537109375
2014-05-29,21.510000228881836,21.520000457763672,17.97782325744629
2014-05-30,21.469999313354492,21.469999313354492,17.936050415039062
2014-06-02,21.530000686645508,21.549999237060547,18.00288200378418
2014-06-03,21.5,21.530000686645508,17.986175537109375
2014-06-04,21.520000457763672,21.549999237060547,18.00288200378418
2014-06-05,21.600000381469727,21.459999084472656,17.92769432067871
2014-06-06,21.489999771118164,21.469999313354492,17.936050415039062
2014-06-09,21.540000915527344,21.549999237060547,18.00288200378418
2014-06-10,21.56999969482422,21.59000015258789,18.036298751831055
2014-06-11,21.549999237060547,21.59000015258789,18.036298751831055
2014-06-12,21.549999237060547,21.540000915527344,17.994529724121094
2014-06-13,21.520000457763672,21.540000915527344,17.994529724121094
2014-06-16,21.5,21.479999542236328,17.944406509399414
2014-06-17,21.530000686645508,21.540000915527344,17.994529724121094
2014-06-18,21.5,21.469999313354492,17.936050415039062
2014-06-19,21.40999984741211,21.43000030517578,17.902633666992188
2014-06-20,21.469999313354492,21.440000534057617,17.91098976135254
2014-06-23,21.43000030517578,21.399999618530273,17.87757110595703
2014-06-24,21.40999984741211,21.420000076293945,17.89427947998047
2014-06-25,21.389999389648438,21.399999618530273,17.87757110595703
2014-06-26,21.43000030517578,21.40999984741211,17.885927200317383
2014-06-27,21.3799991607666,21.34000015258789,17.827449798583984
2014-06-30,21.329999923706055,21.260000228881836,17.760618209838867
2014-07-01,21.280000686645508,21.270000457763672,17.768970489501953
2014-07-02,21.329999923706055,21.309999465942383,17.802387237548828
2014-07-03,21.399999618530273,21.389999389648438,17.869218826293945
2014-07-07,21.40999984741211,21.399999618530273,17.87757110595703
2014-07-08,21.399999618530273,21.389999389648438,17.869218826293945
2014-07-09,21.3799991607666,21.34000015258789,17.827449798583984
2014-07-10,21.3700008392334,21.3700008392334,17.85251235961914
2014-07-11,21.3799991607666,21.3799991607666,17.860862731933594
2014-07-14,21.389999389648438,21.3700008392334,17.85251235961914
2014-07-15,21.3799991607666,21.440000534057617,17.91098976135254
2014-07-16,21.489999771118164,21.489999771118164,17.952760696411133
2014-07-17,21.479999542236328,21.479999542236328,17.944406509399414
2014-07-18,21.510000228881836,21.479999542236328,17.944406509399414
2014-07-21,21.479999542236328,21.469999313354492,17.936050415039062
2014-07-22,21.530000686645508,21.540000915527344,17.994529724121094
2014-07-23,21.530000686645508,21.549999237060547,18.00288200378418
2014-07-24,21.559999465942383,21.579999923706055,18.027944564819336
2014-07-25,21.610000610351562,21.6200008392334,18.061363220214844
2014-07-28,21.6200008392334,21.6200008392334,18.061363220214844
2014-07-29,21.639999389648438,21.65999984741211,18.094776153564453
2014-07-30,21.729999542236328,21.709999084472656,18.136547088623047
2014-07-31,21.729999542236328,21.739999771118164,18.161609649658203
2014-08-01,21.700000762939453,21.709999084472656,18.136547088623047
2014-08-04,21.690000534057617,21.700000762939453,18.128196716308594
2014-08-05,21.739999771118164,21.75,18.16996192932129
2014-08-06,21.780000686645508,21.719999313354492,18.144899368286133
2014-08-07,21.739999771118164,21.75,18.16996192932129
2014-08-08,21.719999313354492,21.700000762939453,18.128196716308594
2014-08-11,21.709999084472656,21.709999084472656,18.136547088623047
2014-08-12,21.739999771118164,21.729999542236328,18.153255462646484
2014-08-13,21.719999313354492,21.75,18.16996192932129
2014-08-14,21.719999313354492,21.739999771118164,18.161609649658203
2014-08-15,21.709999084472656,21.700000762939453,18.128196716308594
2014-08-18,21.709999084472656,21.739999771118164,18.161609649658203
2014-08-19,21.799999237060547,21.81999969482422,18.22844123840332
2014-08-20,21.850000381469727,21.920000076293945,18.311981201171875
2014-08-21,21.90999984741211,21.889999389648438,18.286916732788086
2014-08-22,21.889999389648438,21.940000534057617,18.328689575195312
2014-08-25,22.0,22.0,18.378814697265625
2014-08-26,21.979999542236328,22.020000457763672,18.395519256591797
2014-08-27,21.989999771118164,21.969999313354492,18.35375213623047
2014-08-28,22.020000457763672,21.969999313354492,18.35375213623047
2014-08-29,21.989999771118164,22.020000457763672,18.395519256591797
2014-09-02,22.110000610351562,22.09000015258789,18.45400047302246
2014-09-03,22.06999969482422,22.06999969482422,18.437288284301758
2014-09-04,22.190000534057617,22.299999237060547,18.629432678222656
2014-09-05,22.299999237060547,22.299999237060547,18.629432678222656
2014-09-08,22.360000610351562,22.43000030517578,18.738035202026367
2014-09-09,22.479999542236328,22.389999389648438,18.704618453979492
2014-09-10,22.469999313354492,22.43000030517578,18.738035202026367
2014-09-11,22.420000076293945,22.450000762939453,18.754745483398438
2014-09-12,22.459999084472656,22.43000030517578,18.738035202026367
2014-09-15,22.43000030517578,22.43000030517578,18.738035202026367
2014-09-16,22.420000076293945,22.389999389648438,18.704618453979492
2014-09-17,22.3700008392334,22.530000686645508,18.821577072143555
2014-09-18,22.469999313354492,22.43000030517578,18.738035202026367
2014-09-19,22.5,22.549999237060547,18.838281631469727
2014-09-22,22.549999237060547,22.530000686645508,18.821577072143555
2014-09-23,22.489999771118164,22.530000686645508,18.821577072143555
2014-09-24,22.610000610351562,22.6299991607666,18.905113220214844
2014-09-25,22.719999313354492,22.670000076293945,18.93853187561035
2014-09-26,22.729999542236328,22.799999237060547,19.04713249206543
2014-09-29,22.770000457763672,22.780000686645508,19.030426025390625
2014-09-30,22.90999984741211,22.8700008392334,19.10561180114746
2014-10-01,22.889999389648438,22.850000381469727,19.088903427124023
2014-10-02,22.770000457763672,22.780000686645508,19.030426025390625
2014-10-03,23.020000457763672,23.079999923706055,19.28104591369629
2014-10-06,23.010000228881836,22.81999969482422,19.063840866088867
2014-10-07,22.799999237060547,22.780000686645508,19.030426025390625
2014-10-08,22.790000915527344,22.68000030517578,18.946884155273438
2014-10-09,22.690000534057617,22.75,19.00536346435547
2014-10-10,22.84000015258789,22.860000610351562,19.097257614135742
2014-10-13,22.739999771118164,22.729999542236328,18.98865509033203
2014-10-14,22.799999237060547,22.829999923706055,19.07219696044922
2014-10-15,22.610000610351562,22.59000015258789,18.871700286865234
2014-10-16,22.639999389648438,22.59000015258789,18.871700286865234
2014-10-17,22.600000381469727,22.65999984741211,18.93017578125
2014-10-20,22.649999618530273,22.579999923706055,18.86334800720215
2014-10-21,22.639999389648438,22.700000762939453,18.963594436645508
2014-10-22,22.780000686645508,22.799999237060547,19.04713249206543
2014-10-23,22.799999237060547,22.81999969482422,19.063840866088867
2014-10-24,22.770000457763672,22.780000686645508,19.030426025390625
2014-10-27,22.760000228881836,22.719999313354492,18.980300903320312
2014-10-28,22.670000076293945,22.68000030517578,18.946884155273438
2014-10-29,22.68000030517578,22.850000381469727,19.088903427124023
2014-10-30,22.899999618530273,22.90999984741211,19.139028549194336
2014-10-31,23.149999618530273,23.09000015258789,19.289400100708008
2014-11-03,23.18000030517578,23.200000762939453,19.381296157836914
2014-11-04,23.190000534057617,23.139999389648438,19.33116912841797
2014-11-05,23.280000686645508,23.25,19.423063278198242
2014-11-06,23.309999465942383,23.40999984741211,19.55672836303711
2014-11-07,23.360000610351562,23.270000457763672,19.439773559570312
2014-11-10,23.239999771118164,23.34000015258789,19.49825096130371
2014-11-11,23.34000015258789,23.25,19.423063278198242
2014-11-12,23.270000457763672,23.329999923706055,19.48989486694336
2014-11-13,23.299999237060547,23.309999465942383,19.473188400268555
2014-11-14,23.43000030517578,23.25,19.423063278198242
2014-11-17,23.31999969482422,23.3700008392334,19.523313522338867
2014-11-18,23.260000228881836,23.260000228881836,19.431419372558594
2014-11-19,23.260000228881836,23.299999237060547,19.464834213256836
2014-11-20,23.260000228881836,23.270000457763672,19.439773559570312
2014-11-21,23.389999389648438,23.459999084472656,19.59849739074707
2014-11-24,23.459999084472656,23.399999618530273,19.54837417602539
2014-11-25,23.43000030517578,23.350000381469727,19.506607055664062
2014-11-26,23.299999237060547,23.280000686645508,19.44812774658203
2014-11-28,23.360000610351562,23.469999313354492,19.606847763061523
2014-12-01,23.34000015258789,23.360000610351562,19.51495933532715
2014-12-02,23.5,23.549999237060547,19.673683166503906
2014-12-03,23.6200008392334,23.6200008392334,19.732160568237305
2014-12-04,23.549999237060547,23.530000686645508,19.6569766998291
2014-12-05,23.68000030517578,23.709999084472656,19.80734634399414
2014-12-08,23.709999084472656,23.65999984741211,19.76557731628418
2014-12-09,23.510000228881836,23.549999237060547,19.673683166503906
2014-12-10,23.5,23.420000076293945,19.565082550048828
2014-12-11,23.520000457763672,23.510000228881836,19.64026641845703
2014-12-12,23.40999984741211,23.43000030517578,19.573436737060547
2014-12-15,23.469999313354492,23.479999542236328,19.615203857421875
2014-12-16,23.280000686645508,23.309999465942383,19.473188400268555
2014-12-17,23.389999389648438,23.600000381469727,19.715452194213867
2014-12-18,23.68000030517578,23.670000076293945,19.77393341064453
2014-12-19,23.670000076293945,23.770000457763672,19.857471466064453
2014-12-22,23.770000457763672,23.790000915527344,19.874181747436523
2014-12-23,23.90999984741211,23.90999984741211,19.974428176879883
2014-12-24,23.8700008392334,23.8799991607666,19.949365615844727
2014-12-26,23.8799991607666,23.889999389648438,19.957719802856445
2014-12-29,23.8799991607666,23.950000762939453,20.007844924926758
2014-12-30,23.860000610351562,23.889999389648438,19.957719802856445
2014-12-31,23.920000076293945,23.969999313354492,20.024551391601562
2015-01-02,24.1200008392334,24.200000762939453,20.21669578552246
2015-01-05,24.309999465942383,24.25,20.25846290588379
2015-01-06,24.299999237060547,24.299999237060547,20.300235748291016
2015-01-07,24.43000030517578,24.389999389648438,20.37541961669922
2015-01-08,24.489999771118164,24.489999771118164,20.458961486816406
2015-01-09,24.5,24.3799991607666,20.367063522338867
2015-01-12,24.43000030517578,24.3799991607666,20.367063522338867
2015-01-13,24.469999313354492,24.450000762939453,20.42554473876953
2015-01-14,24.360000610351562,24.399999618530273,20.383773803710938
2015-01-15,24.43000030517578,24.479999542236328,20.450605392456055
2015-01-16,24.600000381469727,24.59000015258789,20.542499542236328
2015-01-20,24.610000610351562,24.690000534057617,20.626041412353516
2015-01-21,24.5,24.6200008392334,20.567564010620117
2015-01-22,24.760000228881836,24.989999771118164,20.87666130065918
2015-01-23,25.200000762939453,25.209999084472656,21.060447692871094
2015-01-26,25.200000762939453,25.170000076293945,21.02703285217285
2015-01-27,24.959999084472656,24.93000030517578,20.8265380859375
2015-01-28,24.989999771118164,25.079999923706055,20.95184898376465
2015-01-29,25.059999465942383,25.100000381469727,20.968557357788086
2015-01-30,25.1299991607666,25.1299991607666,20.99361801147461
2015-02-02,25.100000381469727,25.079999923706055,20.95184898376465
2015-02-03,24.90999984741211,24.790000915527344,20.709579467773438
2015-02-04,24.850000381469727,24.940000534057617,20.834890365600586
2015-02-05,24.850000381469727,24.760000228881836,20.684518814086914
2015-02-06,25.0,25.059999465942383,20.935138702392578
2015-02-09,25.049999237060547,25.040000915527344,20.918432235717773
2015-02-10,25.06999969482422,25.06999969482422,20.943492889404297
2015-02-11,25.100000381469727,25.15999984741211,21.018678665161133
2015-02-12,25.0,24.920000076293945,20.81818389892578
2015-02-13,24.889999389648438,24.90999984741211,20.809829711914062
2015-02-17,24.8700008392334,24.8799991607666,20.784765243530273
2015-02-18,24.920000076293945,24.889999389648438,20.793119430541992
2015-02-19,24.940000534057617,24.979999542236328,20.86830711364746
2015-02-20,25.059999465942383,24.959999084472656,20.851598739624023
2015-02-23,25.010000228881836,25.030000686645508,20.910076141357422
2015-02-24,25.040000915527344,24.979999542236328,20.86830711364746
2015-02-25,24.950000762939453,24.93000030517578,20.8265380859375
2015-02-26,25.09000015258789,25.190000534057617,21.043739318847656
2015-02-27,25.200000762939453,25.200000762939453,21.052093505859375
2015-03-02,25.190000534057617,25.25,21.09386444091797
2015-03-03,25.219999313354492,25.239999771118164,21.08551025390625
2015-03-04,25.299999237060547,25.3700008392334,21.194114685058594
2015-03-05,25.479999542236328,25.489999771118164,21.294361114501953
2015-03-06,25.75,25.799999237060547,21.553335189819336
2015-03-09,25.780000686645508,25.799999237060547,21.553335189819336
2015-03-10,25.979999542236328,26.06999969482422,21.778892517089844
2015-03-11,26.25,26.360000610351562,22.021160125732422
2015-03-12,26.190000534057617,26.219999313354492,21.904205322265625
2015-03-13,26.299999237060547,26.489999771118164,22.1297607421875
2015-03-16,26.31999969482422,26.290000915527344,21.96268081665039
2015-03-17,26.219999313354492,26.299999237060547,21.971033096313477
2015-03-18,26.299999237060547,25.780000686645508,21.53662872314453
2015-03-19,26.09000015258789,26.170000076293945,21.86243438720703
2015-03-20,25.8799991607666,25.81999969482422,21.57004165649414
2015-03-23,25.579999923706055,25.540000915527344,21.336132049560547
2015-03-24,25.559999465942383,25.6200008392334,21.402965545654297
2015-03-25,25.469999313354492,25.549999237060547,21.344484329223633
2015-03-26,25.489999771118164,25.639999389648438,21.41967010498047
2015-03-27,25.670000076293945,25.65999984741211,21.436378479003906
2015-03-30,25.799999237060547,25.860000610351562,21.60346031188965
2015-03-31,25.979999542236328,25.899999618530273,21.63687515258789
2015-04-01,25.860000610351562,25.90999984741211,21.64522933959961
2015-04-02,25.700000762939453,25.709999084472656,21.4781494140625
2015-04-06,25.399999618530273,25.510000228881836,21.311067581176758
2015-04-07,25.719999313354492,25.799999237060547,21.553335189819336
2015-04-08,25.649999618530273,25.84000015258789,21.586753845214844
2015-04-09,25.90999984741211,26.110000610351562,21.81230926513672
2015-04-10,26.170000076293945,26.170000076293945,21.86243438720703
2015-04-13,26.219999313354492,26.209999084472656,21.895849227905273
2015-04-14,26.020000457763672,26.010000228881836,21.728769302368164
2015-04-15,26.010000228881836,25.889999389648438,21.628520965576172
2015-04-16,25.780000686645508,25.690000534057617,21.461442947387695
2015-04-17,25.719999313354492,25.6299991607666,21.411314010620117
2015-04-20,25.780000686645508,25.780000686645508,21.53662872314453
2015-04-21,25.889999389648438,25.809999465942383,21.561689376831055
2015-04-22,25.770000457763672,25.809999465942383,21.561689376831055
2015-04-23,25.790000915527344,25.6200008392334,21.402965545654297
2015-04-24,25.520000457763672,25.520000457763672,21.31942367553711
2015-04-27,25.530000686645508,25.440000534057617,21.252592086791992
2015-04-28,25.389999389648438,25.280000686645508,21.118927001953125
2015-04-29,25.1299991607666,25.059999465942383,20.935138702392578
2015-04-30,25.06999969482422,24.90999984741211,20.809829711914062
2015-05-01,24.90999984741211,25.030000686645508,20.910076141357422
2015-05-04,25.06999969482422,25.100000381469727,20.968557357788086
2015-05-05,25.100000381469727,25.030000686645508,20.910076141357422
2015-05-06,24.829999923706055,24.75,20.676164627075195
2015-05-07,24.850000381469727,24.8799991607666,20.784765243530273
2015-05-08,24.8700008392334,24.90999984741211,20.809829711914062
2015-05-11,25.010000228881836,24.989999771118164,20.87666130065918
2015-05-12,24.850000381469727,24.850000381469727,20.759702682495117
2015-05-13,24.68000030517578,24.6299991607666,20.57591438293457
2015-05-14,24.5,24.549999237060547,20.509082794189453
2015-05-15,24.65999984741211,24.510000228881836,20.475666046142578
2015-05-18,24.6299991607666,24.75,20.676164627075195
2015-05-19,25.059999465942383,25.040000915527344,20.918432235717773
2015-05-20,25.110000610351562,25.09000015258789,20.960203170776367
2015-05-21,25.059999465942383,25.049999237060547,20.92678451538086
2015-05-22,25.219999313354492,25.280000686645508,21.118927001953125
2015-05-26,25.530000686645508,25.559999465942383,21.352840423583984
2015-05-27,25.670000076293945,25.56999969482422,21.36119270324707
2015-05-28,25.610000610351562,25.5,21.30271339416504
2015-05-29,25.489999771118164,25.459999084472656,21.269298553466797
2015-06-01,25.489999771118164,25.610000610351562,21.394609451293945
2015-06-02,25.290000915527344,25.219999313354492,21.068801879882812
2015-06-03,25.209999084472656,25.049999237060547,20.92678451538086
2015-06-04,25.059999465942383,25.079999923706055,20.95184898376465
2015-06-05,25.440000534057617,25.299999237060547,21.13563346862793
2015-06-08,25.170000076293945,25.010000228881836,20.893369674682617
2015-06-09,25.049999237060547,24.979999542236328,20.86830711364746
2015-06-10,24.799999237060547,24.84000015258789,20.75135040283203
2015-06-11,24.989999771118164,24.90999984741211,20.809829711914062
2015-06-12,24.989999771118164,24.889999389648438,20.793119430541992
2015-06-15,25.010000228881836,24.8700008392334,20.77641487121582
2015-06-16,24.920000076293945,24.920000076293945,20.81818389892578
2015-06-17,24.8700008392334,24.700000762939453,20.6343936920166
2015-06-18,24.549999237060547,24.6200008392334,20.567564010620117
2015-06-19,24.68000030517578,24.68000030517578,20.617687225341797
2015-06-22,24.670000076293945,24.729999542236328,20.659456253051758
2015-06-23,25.049999237060547,25.020000457763672,20.901723861694336
2015-06-24,25.010000228881836,24.969999313354492,20.85995101928711
2015-06-25,24.950000762939453,24.93000030517578,20.8265380859375
2015-06-26,25.030000686645508,25.0,20.885013580322266
2015-06-29,25.030000686645508,24.860000610351562,20.76805877685547
2015-06-30,24.90999984741211,25.030000686645508,20.910076141357422
2015-07-01,25.15999984741211,25.229999542236328,21.07715606689453
2015-07-02,25.18000030517578,25.170000076293945,21.02703285217285
2015-07-06,25.290000915527344,25.219999313354492,21.068801879882812
2015-07-07,25.440000534057617,25.299999237060547,21.13563346862793
2015-07-08,25.219999313354492,25.200000762939453,21.052093505859375
2015-07-09,25.219999313354492,25.280000686645508,21.118927001953125
2015-07-10,25.040000915527344,25.100000381469727,20.968557357788086
2015-07-13,25.290000915527344,25.350000381469727,21.177404403686523
2015-07-14,25.239999771118164,25.309999465942383,21.14398956298828
2015-07-15,25.389999389648438,25.420000076293945,21.235881805419922
2015-07-16,25.559999465942383,25.559999465942383,21.352840423583984
2015-07-17,25.56999969482422,25.6200008392334,21.402965545654297
2015-07-20,25.649999618530273,25.6299991607666,21.411314010620117
2015-07-21,25.59000015258789,25.450000762939453,21.260944366455078
2015-07-22,25.540000915527344,25.510000228881836,21.311067581176758
2015-07-23,25.489999771118164,25.40999984741211,21.227527618408203
2015-07-24,25.510000228881836,25.450000762939453,21.260944366455078
2015-07-27,25.229999542236328,25.25,21.09386444091797
2015-07-28,25.329999923706055,25.270000457763672,21.110572814941406
2015-07-29,25.309999465942383,25.40999984741211,21.227527618408203
2015-07-30,25.5,25.510000228881836,21.311067581176758
2015-07-31,25.219999313354492,25.43000030517578,21.244237899780273
2015-08-03,25.459999084472656,25.489999771118164,21.294361114501953
2015-08-04,25.479999542236328,25.6200008392334,21.402965545654297
2015-08-05,25.600000381469727,25.610000610351562,21.394609451293945
2015-08-06,25.6200008392334,25.559999465942383,21.352840423583984
2015-08-07,25.670000076293945,25.520000457763672,21.31942367553711
2015-08-10,25.530000686645508,25.399999618530273,21.21917724609375
2015-08-11,25.329999923706055,25.399999618530273,21.21917724609375
2015-08-12,25.190000534057617,25.1299991607666,20.99361801147461
2015-08-13,25.229999542236328,25.170000076293945,21.02703285217285
2015-08-14,25.200000762939453,25.239999771118164,21.08551025390625
2015-08-17,25.219999313354492,25.280000686645508,21.118927001953125
2015-08-18,25.360000610351562,25.34000015258789,21.169052124023438
2015-08-19,25.350000381469727,25.18000030517578,21.03538703918457
2015-08-20,25.110000610351562,25.040000915527344,20.918432235717773
2015-08-21,24.889999389648438,24.799999237060547,20.71793556213379
2015-08-24,24.219999313354492,24.389999389648438,20.37541961669922
2015-08-25,24.56999969482422,24.559999465942383,20.517436981201172
2015-08-26,24.770000457763672,24.860000610351562,20.76805877685547
2015-08-27,25.010000228881836,25.020000457763672,20.901723861694336
2015-08-28,25.0,25.100000381469727,20.968557357788086
2015-08-31,25.020000457763672,25.059999465942383,20.935138702392578
2015-09-01,24.959999084472656,24.90999984741211,20.809829711914062
2015-09-02,25.030000686645508,25.040000915527344,20.918432235717773
2015-09-03,25.190000534057617,25.15999984741211,21.018678665161133
2015-09-04,25.15999984741211,25.1299991607666,20.99361801147461
2015-09-08,25.079999923706055,25.040000915527344,20.918432235717773
2015-09-09,25.139999389648438,25.040000915527344,20.918432235717773
2015-09-10,25.030000686645508,24.940000534057617,20.834890365600586
2015-09-11,24.940000534057617,24.829999923706055,20.742998123168945
2015-09-14,24.84000015258789,24.84000015258789,20.75135040283203
2015-09-15,24.8700008392334,24.940000534057617,20.834890365600586
2015-09-16,24.90999984741211,24.8700008392334,20.77641487121582
2015-09-17,24.81999969482422,24.610000610351562,20.5592098236084
2015-09-18,24.600000381469727,24.860000610351562,20.76805877685547
2015-09-21,24.940000534057617,25.010000228881836,20.893369674682617
2015-09-22,25.079999923706055,25.1200008392334,20.98526382446289
2015-09-23,25.139999389648438,25.1200008392334,20.98526382446289
2015-09-24,25.0,25.040000915527344,20.918432235717773
2015-09-25,25.139999389648438,25.079999923706055,20.95184898376465
2015-09-28,25.170000076293945,25.049999237060547,20.92678451538086
2015-09-29,25.09000015258789,25.010000228881836,20.893369674682617
2015-09-30,25.100000381469727,25.100000381469727,20.968557357788086
2015-10-01,25.110000610351562,25.09000015258789,20.960203170776367
2015-10-02,24.860000610351562,25.030000686645508,20.910076141357422
2015-10-05,25.0,25.040000915527344,20.918432235717773
2015-10-06,25.010000228881836,24.8700008392334,20.77641487121582
2015-10-07,24.8799991607666,24.899999618530273,20.801475524902344
2015-10-08,24.889999389648438,24.84000015258789,20.75135040283203
2015-10-09,24.729999542236328,24.719999313354492,20.651100158691406
2015-10-12,24.690000534057617,24.700000762939453,20.6343936920166
2015-10-13,24.700000762939453,24.65999984741211,20.600976943969727
2015-10-14,24.559999465942383,24.450000762939453,20.42554473876953
2015-10-15,24.59000015258789,24.610000610351562,20.5592098236084
2015-10-16,24.6200008392334,24.649999618530273,20.592626571655273
2015-10-19,24.690000534057617,24.719999313354492,20.651100158691406
2015-10-20,24.670000076293945,24.700000762939453,20.6343936920166
2015-10-21,24.700000762939453,24.729999542236328,20.659456253051758
2015-10-22,24.969999313354492,25.09000015258789,20.960203170776367
2015-10-23,25.219999313354492,25.299999237060547,21.13563346862793
2015-10-26,25.290000915527344,25.219999313354492,21.068801879882812
2015-10-27,25.229999542236328,25.239999771118164,21.08551025390625
2015-10-28,25.190000534057617,25.450000762939453,21.260944366455078
2015-10-29,25.43000030517578,25.34000015258789,21.169052124023438
2015-10-30,25.25,25.25,21.09386444091797
2015-11-02,25.18000030517578,25.229999542236328,21.07715606689453
2015-11-03,25.329999923706055,25.299999237060547,21.13563346862793
2015-11-04,25.440000534057617,25.510000228881836,21.311067581176758
2015-11-05,25.520000457763672,25.530000686645508,21.327777862548828
2015-11-06,25.829999923706055,25.829999923706055,21.578397750854492
2015-11-09,25.860000610351562,25.780000686645508,21.53662872314453
2015-11-10,25.889999389648438,25.850000381469727,21.59510612487793
2015-11-11,25.790000915527344,25.780000686645508,21.53662872314453
2015-11-12,25.809999465942383,25.670000076293945,21.444730758666992
2015-11-13,25.770000457763672,25.760000228881836,21.51991844177246
2015-11-16,25.829999923706055,25.899999618530273,21.63687515258789
2015-11-17,25.93000030517578,25.940000534057617,21.670289993286133
2015-11-18,25.93000030517578,25.940000534057617,21.670289993286133
2015-11-19,25.770000457763672,25.760000228881836,21.51991844177246
2015-11-20,25.799999237060547,25.940000534057617,21.670289993286133
2015-11-23,25.969999313354492,25.979999542236328,21.703706741333008
2015-11-24,25.940000534057617,25.93000030517578,21.661937713623047
2015-11-25,26.010000228881836,25.979999542236328,21.703706741333008
2015-11-27,26.06999969482422,26.020000457763672,21.737123489379883
2015-11-30,26.079999923706055,26.079999923706055,21.787246704101562
2015-12-01,26.0,25.959999084472656,21.687000274658203
2015-12-02,26.06999969482422,26.020000457763672,21.737123489379883
2015-12-03,25.709999084472656,25.399999618530273,21.21917724609375
2015-12-04,25.520000457763672,25.579999923706055,21.36954689025879
2015-12-07,25.700000762939453,25.65999984741211,21.436378479003906
2015-12-08,25.59000015258789,25.579999923706055,21.36954689025879
2015-12-09,25.420000076293945,25.309999465942383,21.14398956298828
2015-12-10,25.399999618530273,25.450000762939453,21.260944366455078
2015-12-11,25.3700008392334,25.350000381469727,21.177404403686523
2015-12-14,25.350000381469727,25.399999618530273,21.21917724609375
2015-12-15,25.40999984741211,25.540000915527344,21.336132049560547
2015-12-16,25.510000228881836,25.540000915527344,21.336132049560547
2015-12-17,25.719999313354492,25.780000686645508,21.53662872314453
2015-12-18,25.760000228881836,25.6299991607666,21.411314010620117
2015-12-21,25.610000610351562,25.540000915527344,21.336132049560547
2015-12-22,25.479999542236328,25.5,21.30271339416504
2015-12-23,25.549999237060547,25.540000915527344,21.336132049560547
2015-12-24,25.450000762939453,25.479999542236328,21.2860050201416
2015-12-28,25.440000534057617,25.450000762939453,21.260944366455078
2015-12-29,25.530000686645508,25.520000457763672,21.31942367553711
2015-12-30,25.520000457763672,25.520000457763672,21.31942367553711
2015-12-31,25.59000015258789,25.649999618530273,21.42802619934082
2016-01-04,25.649999618530273,25.690000534057617,21.461442947387695
2016-01-05,25.81999969482422,25.84000015258789,21.586753845214844
2016-01-06,25.860000610351562,25.770000457763672,21.528274536132812
2016-01-07,25.65999984741211,25.510000228881836,21.311067581176758
2016-01-08,25.6299991607666,25.559999465942383,21.352840423583984
2016-01-11,25.649999618530273,25.68000030517578,21.453088760375977
2016-01-12,25.709999084472656,25.719999313354492,21.486501693725586
2016-01-13,25.760000228881836,25.68000030517578,21.453088760375977
2016-01-14,25.670000076293945,25.75,21.511566162109375
2016-01-15,25.579999923706055,25.690000534057617,21.461442947387695
2016-01-19,25.780000686645508,25.739999771118164,21.503211975097656
2016-01-20,25.719999313354492,25.75,21.511566162109375
2016-01-21,25.84000015258789,25.719999313354492,21.486501693725586
2016-01-22,25.780000686645508,25.860000610351562,21.60346031188965
2016-01-25,25.790000915527344,25.780000686645508,21.53662872314453
2016-01-26,25.790000915527344,25.729999542236328,21.494855880737305
2016-01-27,25.690000534057617,25.709999084472656,21.4781494140625
2016-01-28,25.6299991607666,25.59000015258789,21.37790298461914
2016-01-29,25.81999969482422,25.860000610351562,21.60346031188965
2016-02-01,25.75,25.690000534057617,21.461442947387695
2016-02-02,25.670000076293945,25.670000076293945,21.444730758666992
2016-02-03,25.510000228881836,25.229999542236328,21.07715606689453
2016-02-04,25.06999969482422,25.059999465942383,20.935138702392578
2016-02-05,25.190000534057617,25.170000076293945,21.02703285217285
2016-02-08,25.25,25.110000610351562,20.976909637451172
2016-02-09,24.920000076293945,24.93000030517578,20.8265380859375
2016-02-10,24.989999771118164,24.8799991607666,20.784765243530273
2016-02-11,24.770000457763672,24.809999465942383,20.726285934448242
2016-02-12,24.940000534057617,24.920000076293945,20.81818389892578
2016-02-16,25.06999969482422,25.139999389648438,21.001972198486328
2016-02-17,25.190000534057617,25.1299991607666,20.99361801147461
2016-02-18,25.200000762939453,25.139999389648438,21.001972198486328
2016-02-19,25.190000534057617,25.06999969482422,20.943492889404297
2016-02-22,25.299999237060547,25.260000228881836,21.102218627929688
2016-02-23,25.290000915527344,25.270000457763672,21.110572814941406
2016-02-24,25.360000610351562,25.290000915527344,21.127281188964844
2016-02-25,25.329999923706055,25.270000457763672,21.110572814941406
2016-02-26,25.3799991607666,25.440000534057617,21.252592086791992
2016-02-29,25.530000686645508,25.489999771118164,21.294361114501953
2016-03-01,25.510000228881836,25.5,21.30271339416504
2016-03-02,25.559999465942383,25.479999542236328,21.2860050201416
2016-03-03,25.43000030517578,25.31999969482422,21.152341842651367
2016-03-04,25.299999237060547,25.25,21.09386444091797
2016-03-07,25.329999923706055,25.200000762939453,21.052093505859375
2016-03-08,25.149999618530273,25.209999084472656,21.060447692871094
2016-03-09,25.309999465942383,25.219999313354492,21.068801879882812
2016-03-10,25.219999313354492,24.969999313354492,20.85995101928711
2016-03-11,25.0,24.950000762939453,20.843246459960938
2016-03-14,25.030000686645508,25.049999237060547,20.92678451538086
2016-03-15,25.059999465942383,25.06999969482422,20.943492889404297
2016-03-16,25.139999389648438,24.799999237060547,20.71793556213379
2016-03-17,24.600000381469727,24.579999923706055,20.534147262573242
2016-03-18,24.610000610351562,24.639999389648438,20.584270477294922
2016-03-21,24.670000076293945,24.719999313354492,20.651100158691406
2016-03-22,24.780000686645508,24.790000915527344,20.709579467773438
2016-03-23,24.8799991607666,24.920000076293945,20.81818389892578
2016-03-24,24.959999084472656,24.93000030517578,20.8265380859375
2016-03-28,24.860000610351562,24.8799991607666,20.784765243530273
2016-03-29,24.860000610351562,24.65999984741211,20.600976943969727
2016-03-30,24.6299991607666,24.579999923706055,20.534147262573242
2016-03-31,24.5,24.540000915527344,20.500730514526367
2016-04-01,24.579999923706055,24.530000686645508,20.49237632751465
2016-04-04,24.489999771118164,24.510000228881836,20.475666046142578
2016-04-05,24.540000915527344,24.530000686645508,20.49237632751465
2016-04-06,24.549999237060547,24.479999542236328,20.450605392456055
2016-04-07,24.510000228881836,24.510000228881836,20.475666046142578
2016-04-08,24.450000762939453,24.420000076293945,20.400480270385742
2016-04-11,24.3799991607666,24.360000610351562,20.350358963012695
2016-04-12,24.3700008392334,24.360000610351562,20.350358963012695
2016-04-13,24.489999771118164,24.549999237060547,20.509082794189453
2016-04-14,24.59000015258789,24.610000610351562,20.5592098236084
2016-04-15,24.559999465942383,24.540000915527344,20.500730514526367
2016-04-18,24.530000686645508,24.489999771118164,20.458961486816406
2016-04-19,24.360000610351562,24.3700008392334,20.35871124267578
2016-04-20,24.399999618530273,24.510000228881836,20.475666046142578
2016-04-21,24.399999618530273,24.510000228881836,20.475666046142578
2016-04-22,24.600000381469727,24.649999618530273,20.592626571655273
2016-04-25,24.579999923706055,24.56999969482422,20.52579116821289
2016-04-26,24.420000076293945,24.5,20.467313766479492
2016-04-27,24.450000762939453,24.469999313354492,20.442251205444336
2016-04-28,24.350000381469727,24.270000457763672,20.27517318725586
2016-04-29,24.1200008392334,24.100000381469727,20.133153915405273
2016-05-02,24.059999465942383,24.010000228881836,20.05797004699707
2016-05-03,23.969999313354492,24.079999923706055,20.11644744873047
2016-05-04,24.1299991607666,24.170000076293945,20.191635131835938
2016-05-05,24.239999771118164,24.290000915527344,20.291881561279297
2016-05-06,24.270000457763672,24.31999969482422,20.31694221496582
2016-05-09,24.3700008392334,24.389999389648438,20.37541961669922
2016-05-10,24.399999618530273,24.40999984741211,20.392126083374023
2016-05-11,24.34000015258789,24.290000915527344,20.291881561279297
2016-05-12,24.31999969482422,24.3799991607666,20.367063522338867
2016-05-13,24.479999542236328,24.489999771118164,20.458961486816406
2016-05-16,24.469999313354492,24.479999542236328,20.450605392456055
2016-05-17,24.479999542236328,24.479999542236328,20.450605392456055
2016-05-18,24.549999237060547,24.649999618530273,20.592626571655273
2016-05-19,24.700000762939453,24.690000534057617,20.626041412353516
2016-05-20,24.65999984741211,24.690000534057617,20.626041412353516
2016-05-23,24.709999084472656,24.68000030517578,20.617687225341797
2016-05-24,24.729999542236328,24.760000228881836,20.684518814086914
2016-05-25,24.75,24.690000534057617,20.626041412353516
2016-05-26,24.59000015258789,24.649999618530273,20.592626571655273
2016-05-27,24.709999084472656,24.790000915527344,20.709579467773438
2016-05-31,24.770000457763672,24.84000015258789,20.75135040283203
2016-06-01,24.729999542236328,24.700000762939453,20.6343936920166
2016-06-02,24.690000534057617,24.729999542236328,20.659456253051758
2016-06-03,24.40999984741211,24.34000015258789,20.333648681640625
2016-06-06,24.360000610351562,24.34000015258789,20.333648681640625
2016-06-07,24.309999465942383,24.299999237060547,20.300235748291016
2016-06-08,24.209999084472656,24.229999542236328,20.241756439208984
2016-06-09,24.31999969482422,24.34000015258789,20.333648681640625
2016-06-10,24.399999618530273,24.5,20.467313766479492
2016-06-13,24.5,24.440000534057617,20.417190551757812
2016-06-14,24.549999237060547,24.59000015258789,20.542499542236328
2016-06-15,24.579999923706055,24.530000686645508,20.49237632751465
2016-06-16,24.649999618530273,24.5,20.467313766479492
2016-06-17,24.420000076293945,24.389999389648438,20.37541961669922
2016-06-20,24.209999084472656,24.25,20.25846290588379
2016-06-21,24.290000915527344,24.3700008392334,20.35871124267578
2016-06-22,24.25,24.260000228881836,20.26681900024414
2016-06-23,24.1299991607666,24.149999618530273,20.174922943115234
2016-06-24,24.81999969482422,24.780000686645508,20.70122718811035
2016-06-27,24.940000534057617,24.989999771118164,20.87666130065918
2016-06-28,24.8700008392334,24.8700008392334,20.77641487121582
2016-06-29,24.799999237060547,24.790000915527344,20.709579467773438
2016-06-30,24.799999237060547,24.84000015258789,20.75135040283203
2016-07-01,24.729999542236328,24.760000228881836,20.684518814086914
2016-07-05,24.770000457763672,24.93000030517578,20.8265380859375
2016-07-06,24.889999389648438,24.860000610351562,20.76805877685547
2016-07-07,24.850000381469727,24.920000076293945,20.81818389892578
2016-07-08,24.889999389648438,24.93000030517578,20.8265380859375
2016-07-11,24.959999084472656,25.0,20.885013580322266
2016-07-12,24.940000534057617,24.979999542236328,20.86830711364746
2016-07-13,24.920000076293945,24.920000076293945,20.81818389892578
2016-07-14,24.889999389648438,24.860000610351562,20.76805877685547
2016-07-15,24.940000534057617,24.959999084472656,20.851598739624023
2016-07-18,24.989999771118164,24.979999542236328,20.86830711364746
2016-07-19,25.079999923706055,25.100000381469727,20.968557357788086
2016-07-20,25.15999984741211,25.1200008392334,20.98526382446289
2016-07-21,25.110000610351562,25.079999923706055,20.95184898376465
2016-07-22,25.1200008392334,25.209999084472656,21.060447692871094
2016-07-25,25.200000762939453,25.170000076293945,21.02703285217285
2016-07-26,25.1200008392334,25.139999389648438,21.001972198486328
2016-07-27,25.139999389648438,25.020000457763672,20.901723861694336
2016-07-28,24.959999084472656,25.010000228881836,20.893369674682617
2016-07-29,24.770000457763672,24.670000076293945,20.609333038330078
2016-08-01,24.75,24.739999771118164,20.667810440063477
2016-08-02,24.600000381469727,24.56999969482422,20.52579116821289
2016-08-03,24.65999984741211,24.709999084472656,20.64274787902832
2016-08-04,24.739999771118164,24.75,20.676164627075195
2016-08-05,24.920000076293945,24.8799991607666,20.784765243530273
2016-08-08,24.93000030517578,24.899999618530273,20.801475524902344
2016-08-09,24.899999618530273,24.850000381469727,20.759702682495117
2016-08-10,24.700000762939453,24.719999313354492,20.651100158691406
2016-08-11,24.75,24.790000915527344,20.709579467773438
2016-08-12,24.670000076293945,24.75,20.676164627075195
2016-08-15,24.729999542236328,24.709999084472656,20.64274787902832
2016-08-16,24.559999465942383,24.489999771118164,20.458961486816406
2016-08-17,24.530000686645508,24.510000228881836,20.475666046142578
2016-08-18,24.43000030517578,24.329999923706055,20.325294494628906
2016-08-19,24.450000762939453,24.420000076293945,20.400480270385742
2016-08-22,24.459999084472656,24.450000762939453,20.42554473876953
2016-08-23,24.40999984741211,24.43000030517578,20.40884017944336
2016-08-24,24.489999771118164,24.5,20.467313766479492
2016-08-25,24.469999313354492,24.5,20.467313766479492
2016-08-26,24.450000762939453,24.68000030517578,20.617687225341797
2016-08-29,24.760000228881836,24.700000762939453,20.6343936920166
2016-08-30,24.780000686645508,24.829999923706055,20.742998123168945
2016-08-31,24.860000610351562,24.81999969482422,20.734642028808594
2016-09-01,24.850000381469727,24.729999542236328,20.659456253051758
2016-09-02,24.68000030517578,24.790000915527344,20.709579467773438
2016-09-06,24.719999313354492,24.5,20.467313766479492
2016-09-07,24.5,24.540000915527344,20.500730514526367
2016-09-08,24.440000534057617,24.56999969482422,20.52579116821289
2016-09-09,24.649999618530273,24.639999389648438,20.584270477294922
2016-09-12,24.639999389648438,24.600000381469727,20.550853729248047
2016-09-13,24.670000076293945,24.700000762939453,20.6343936920166
2016-09-14,24.700000762939453,24.639999389648438,20.584270477294922
2016-09-15,24.649999618530273,24.6299991607666,20.57591438293457
2016-09-16,24.780000686645508,24.829999923706055,20.742998123168945
2016-09-19,24.75,24.770000457763672,20.692874908447266
2016-09-20,24.780000686645508,24.809999465942383,20.726285934448242
2016-09-21,24.799999237060547,24.700000762939453,20.6343936920166
2016-09-22,24.579999923706055,24.670000076293945,20.609333038330078
2016-09-23,24.709999084472656,24.68000030517578,20.617687225341797
2016-09-26,24.610000610351562,24.6299991607666,20.57591438293457
2016-09-27,24.690000534057617,24.649999618530273,20.592626571655273
2016-09-28,24.68000030517578,24.670000076293945,20.609333038330078
2016-09-29,24.709999084472656,24.690000534057617,20.626041412353516
2016-09-30,24.68000030517578,24.68000030517578,20.617687225341797
2016-10-03,24.700000762939453,24.729999542236328,20.659456253051758
2016-10-04,24.8700008392334,24.84000015258789,20.75135040283203
2016-10-05,24.850000381469727,24.8700008392334,20.77641487121582
2016-10-06,24.950000762939453,25.0,20.885013580322266
2016-10-07,24.969999313354492,24.959999084472656,20.851598739624023
2016-10-10,25.049999237060547,25.059999465942383,20.935138702392578
2016-10-11,25.149999618530273,25.25,21.09386444091797
2016-10-12,25.309999465942383,25.31999969482422,21.152341842651367
2016-10-13,25.270000457763672,25.229999542236328,21.07715606689453
2016-10-14,25.309999465942383,25.360000610351562,21.185758590698242
2016-10-17,25.329999923706055,25.299999237060547,21.13563346862793
2016-10-18,25.299999237060547,25.31999969482422,21.152341842651367
2016-10-19,25.309999465942383,25.329999923706055,21.160694122314453
2016-10-20,25.3799991607666,25.40999984741211,21.227527618408203
2016-10-21,25.5,25.5,21.30271339416504
2016-10-24,25.489999771118164,25.530000686645508,21.327777862548828
2016-10-25,25.600000381469727,25.520000457763672,21.31942367553711
2016-10-26,25.450000762939453,25.510000228881836,21.311067581176758
2016-10-27,25.5,25.559999465942383,21.352840423583984
2016-10-28,25.540000915527344,25.40999984741211,21.227527618408203
2016-10-31,25.479999542236328,25.420000076293945,21.235881805419922
2016-11-01,25.34000015258789,25.290000915527344,21.127281188964844
2016-11-02,25.190000534057617,25.200000762939453,21.052093505859375
2016-11-03,25.18000030517578,25.1299991607666,20.99361801147461
2016-11-04,25.139999389648438,25.059999465942383,20.935138702392578
2016-11-07,25.25,25.270000457763672,21.110572814941406
2016-11-08,25.270000457763672,25.34000015258789,21.169052124023438
2016-11-09,25.3799991607666,25.5,21.30271339416504
2016-11-10,25.56999969482422,25.549999237060547,21.344484329223633
2016-11-11,25.520000457763672,25.59000015258789,21.37790298461914
2016-11-14,25.829999923706055,25.84000015258789,21.586753845214844
2016-11-15,25.8799991607666,25.8799991607666,21.620166778564453
2016-11-16,25.90999984741211,25.950000762939453,21.678647994995117
2016-11-17,25.90999984741211,26.100000381469727,21.803955078125
2016-11-18,26.15999984741211,26.190000534057617,21.879140853881836
2016-11-21,26.110000610351562,26.09000015258789,21.79560089111328
2016-11-22,26.110000610351562,26.1299991607666,21.829015731811523
2016-11-23,26.299999237060547,26.290000915527344,21.96268081665039
2016-11-25,26.190000534057617,26.239999771118164,21.920909881591797
2016-11-28,26.239999771118164,26.170000076293945,21.86243438720703
2016-11-29,26.209999084472656,26.110000610351562,21.81230926513672
2016-11-30,26.209999084472656,26.25,21.92926597595215
2016-12-01,26.200000762939453,26.110000610351562,21.81230926513672
2016-12-02,26.06999969482422,26.049999237060547,21.762184143066406
2016-12-05,25.959999084472656,25.8799991607666,21.620166778564453
2016-12-06,25.940000534057617,25.979999542236328,21.703706741333008
2016-12-07,25.959999084472656,25.899999618530273,21.63687515258789
2016-12-08,26.079999923706055,26.1299991607666,21.829015731811523
2016-12-09,26.229999542236328,26.239999771118164,21.920909881591797
2016-12-12,26.1200008392334,26.09000015258789,21.79560089111328
2016-12-13,26.100000381469727,26.1200008392334,21.820661544799805
2016-12-14,26.079999923706055,26.3700008392334,22.02951431274414
2016-12-15,26.59000015258789,26.65999984741211,22.271780014038086
2016-12-16,26.649999618530273,26.56999969482422,22.196592330932617
2016-12-19,26.600000381469727,26.649999618530273,22.263427734375
2016-12-20,26.760000228881836,26.700000762939453,22.30519676208496
2016-12-21,26.59000015258789,26.6200008392334,22.238367080688477
2016-12-22,26.59000015258789,26.649999618530273,22.263427734375
2016-12-23,26.649999618530273,26.6299991607666,22.24671745300293
2016-12-27,26.649999618530273,26.6200008392334,22.238367080688477
2016-12-28,26.729999542236328,26.690000534057617,22.296844482421875
2016-12-29,26.6299991607666,26.540000915527344,22.171531677246094
2016-12-30,26.440000534057617,26.459999084472656,22.104698181152344
2017-01-03,26.709999084472656,26.700000762939453,22.30519676208496
2017-01-04,26.56999969482422,26.5,22.13811683654785
2017-01-05,26.3700008392334,26.219999313354492,21.904205322265625
2017-01-06,26.389999389648438,26.40999984741211,22.062929153442383
2017-01-09,26.420000076293945,26.34000015258789,22.004451751708984
2017-01-10,26.329999923706055,26.350000381469727,22.012805938720703
2017-01-11,26.5,26.290000915527344,21.96268081665039
2017-01-12,26.1299991607666,26.190000534057617,21.879140853881836
2017-01-13,26.18000030517578,26.15999984741211,21.85407829284668
2017-01-17,25.93000030517578,25.920000076293945,21.65358543395996
2017-01-18,26.020000457763672,26.15999984741211,21.85407829284668
2017-01-19,26.209999084472656,26.1200008392334,21.820661544799805
2017-01-20,26.1299991607666,26.030000686645508,21.7454776763916
2017-01-23,25.950000762939453,25.889999389648438,21.628520965576172
2017-01-24,25.889999389648438,25.899999618530273,21.63687515258789
2017-01-25,25.889999389648438,25.809999465942383,21.561689376831055
2017-01-26,25.959999084472656,25.979999542236328,21.703706741333008
2017-01-27,25.950000762939453,25.989999771118164,21.712060928344727
2017-01-30,26.049999237060547,25.940000534057617,21.670289993286133
2017-01-31,25.770000457763672,25.729999542236328,21.494855880737305
2017-02-01,25.81999969482422,25.75,21.511566162109375
2017-02-02,25.690000534057617,25.790000915527344,21.544981002807617
2017-02-03,25.81999969482422,25.780000686645508,21.53662872314453
2017-02-06,25.860000610351562,25.799999237060547,21.553335189819336
2017-02-07,25.959999084472656,25.93000030517578,21.661937713623047
2017-02-08,25.899999618530273,25.899999618530273,21.63687515258789
2017-02-09,25.899999618530273,26.0,21.720417022705078
2017-02-10,26.09000015258789,26.030000686645508,21.7454776763916
2017-02-13,26.079999923706055,26.09000015258789,21.79560089111328
2017-02-14,26.059999465942383,26.149999618530273,21.84572410583496
2017-02-15,26.239999771118164,26.100000381469727,21.803955078125
2017-02-16,26.0,25.950000762939453,21.678647994995117
2017-02-17,25.959999084472656,26.079999923706055,21.787246704101562
2017-02-21,26.209999084472656,26.200000762939453,21.887495040893555
2017-02-22,26.229999542236328,26.139999389648438,21.837369918823242
2017-02-23,26.110000610351562,26.079999923706055,21.787246704101562
2017-02-24,26.079999923706055,26.1299991607666,21.829015731811523
2017-02-27,26.06999969482422,26.1299991607666,21.829015731811523
2017-02-28,26.079999923706055,26.110000610351562,21.81230926513672
2017-03-01,26.31999969482422,26.290000915527344,21.96268081665039
2017-03-02,26.389999389648438,26.399999618530273,22.054574966430664
2017-03-03,26.309999465942383,26.170000076293945,21.86243438720703
2017-03-06,26.200000762939453,26.260000228881836,21.937620162963867
2017-03-07,26.309999465942383,26.290000915527344,21.96268081665039
2017-03-08,26.34000015258789,26.3799991607666,22.037864685058594
2017-03-09,26.309999465942383,26.329999923706055,21.996097564697266
2017-03-10,26.260000228881836,26.149999618530273,21.84572410583496
2017-03-13,26.15999984741211,26.190000534057617,21.879140853881836
2017-03-14,26.25,26.280000686645508,21.954328536987305
2017-03-15,26.25,25.969999313354492,21.69535255432129
2017-03-16,25.920000076293945,25.8799991607666,21.620166778564453
2017-03-17,25.90999984741211,25.889999389648438,21.628520965576172
2017-03-20,25.8700008392334,25.899999618530273,21.63687515258789
2017-03-21,25.770000457763672,25.739999771118164,21.503211975097656
2017-03-22,25.729999542236328,25.719999313354492,21.486501693725586
2017-03-23,25.729999542236328,25.75,21.511566162109375
2017-03-24,25.739999771118164,25.739999771118164,21.503211975097656
2017-03-27,25.530000686645508,25.600000381469727,21.386253356933594
2017-03-28,25.600000381469727,25.739999771118164,21.503211975097656
2017-03-29,25.84000015258789,25.790000915527344,21.544981002807617
2017-03-30,25.829999923706055,25.959999084472656,21.687000274658203
2017-03-31,25.920000076293945,25.950000762939453,21.678647994995117
2017-04-03,25.969999313354492,25.950000762939453,21.678647994995117
2017-04-04,25.989999771118164,25.979999542236328,21.703706741333008
2017-04-05,25.989999771118164,25.969999313354492,21.69535255432129
2017-04-06,25.979999542236328,26.030000686645508,21.7454776763916
2017-04-07,26.06999969482422,26.149999618530273,21.84572410583496
2017-04-10,26.1200008392334,26.100000381469727,21.803955078125
2017-04-11,26.049999237060547,26.020000457763672,21.737123489379883
2017-04-12,26.020000457763672,25.889999389648438,21.628520965576172
2017-04-13,25.90999984741211,25.979999542236328,21.703706741333008
2017-04-17,25.889999389648438,25.90999984741211,21.64522933959961
2017-04-18,25.780000686645508,25.690000534057617,21.461442947387695
2017-04-19,25.760000228881836,25.780000686645508,21.53662872314453
2017-04-20,25.709999084472656,25.790000915527344,21.544981002807617
2017-04-21,25.799999237060547,25.809999465942383,21.561689376831055
2017-04-24,25.56999969482422,25.56999969482422,21.36119270324707
2017-04-25,25.59000015258789,25.5,21.30271339416504
2017-04-26,25.600000381469727,25.559999465942383,21.352840423583984
2017-04-27,25.610000610351562,25.600000381469727,21.386253356933594
2017-04-28,25.559999465942383,25.56999969482422,21.36119270324707
2017-05-01,25.559999465942383,25.59000015258789,21.37790298461914
2017-05-02,25.59000015258789,25.549999237060547,21.344484329223633
2017-05-03,25.579999923706055,25.649999618530273,21.42802619934082
2017-05-04,25.610000610351562,25.489999771118164,21.294361114501953
2017-05-05,25.510000228881836,25.450000762939453,21.260944366455078
2017-05-08,25.549999237060547,25.59000015258789,21.37790298461914
2017-05-09,25.700000762939453,25.719999313354492,21.486501693725586
2017-05-10,25.700000762939453,25.729999542236328,21.494855880737305
2017-05-11,25.760000228881836,25.739999771118164,21.503211975097656
2017-05-12,25.649999618530273,25.610000610351562,21.394609451293945
2017-05-15,25.520000457763672,25.540000915527344,21.336132049560547
2017-05-16,25.389999389648438,25.350000381469727,21.177404403686523
2017-05-17,25.280000686645508,25.18000030517578,21.03538703918457
2017-05-18,25.209999084472656,25.270000457763672,21.110572814941406
2017-05-19,25.1200008392334,25.09000015258789,20.960203170776367
2017-05-22,25.040000915527344,25.049999237060547,20.92678451538086
2017-05-23,25.030000686645508,25.15999984741211,21.018678665161133
2017-05-24,25.15999984741211,25.079999923706055,20.95184898376465
2017-05-25,25.09000015258789,25.110000610351562,20.976909637451172
2017-05-26,25.18000030517578,25.170000076293945,21.02703285217285
2017-05-30,25.15999984741211,25.139999389648438,21.001972198486328
2017-05-31,25.100000381469727,25.079999923706055,20.95184898376465
2017-06-01,25.1299991607666,25.110000610351562,20.976909637451172
2017-06-02,25.020000457763672,24.989999771118164,20.87666130065918
2017-06-05,25.020000457763672,25.010000228881836,20.893369674682617
2017-06-06,24.959999084472656,24.950000762939453,20.843246459960938
2017-06-07,25.010000228881836,24.979999542236328,20.86830711364746
2017-06-08,25.049999237060547,25.06999969482422,20.943492889404297
2017-06-09,25.200000762939453,25.149999618530273,21.010324478149414
2017-06-12,25.1200008392334,25.110000610351562,20.976909637451172
2017-06-13,25.09000015258789,25.079999923706055,20.95184898376465
2017-06-14,24.950000762939453,25.059999465942383,20.935138702392578
2017-06-15,25.18000030517578,25.209999084472656,21.060447692871094
2017-06-16,25.170000076293945,25.1200008392334,20.98526382446289
2017-06-19,25.15999984741211,25.229999542236328,21.07715606689453
2017-06-20,25.229999542236328,25.270000457763672,21.110572814941406
2017-06-21,25.260000228881836,25.219999313354492,21.068801879882812
2017-06-22,25.219999313354492,25.229999542236328,21.07715606689453
2017-06-23,25.18000030517578,25.149999618530273,21.010324478149414
2017-06-26,25.1200008392334,25.190000534057617,21.043739318847656
2017-06-27,25.020000457763672,24.90999984741211,20.809829711914062
2017-06-28,24.920000076293945,24.829999923706055,20.742998123168945
2017-06-29,24.809999465942383,24.709999084472656,20.64274787902832
2017-06-30,24.760000228881836,24.75,20.676164627075195
2017-07-03,24.8700008392334,24.899999618530273,20.801475524902344
2017-07-05,24.959999084472656,24.90999984741211,20.809829711914062
2017-07-06,24.829999923706055,24.799999237060547,20.71793556213379
2017-07-07,24.850000381469727,24.84000015258789,20.75135040283203
2017-07-10,24.8700008392334,24.850000381469727,20.759702682495117
2017-07-11,24.8700008392334,24.760000228881836,20.684518814086914
2017-07-12,24.790000915527344,24.760000228881836,20.684518814086914
2017-07-13,24.770000457763672,24.770000457763672,20.692874908447266
2017-07-14,24.670000076293945,24.6200008392334,20.567564010620117
2017-07-17,24.6200008392334,24.6200008392334,20.567564010620117
2017-07-18,24.479999542236328,24.489999771118164,20.458961486816406
2017-07-19,24.5,24.549999237060547,20.509082794189453
2017-07-20,24.510000228881836,24.399999618530273,20.383773803710938
2017-07-21,24.3700008392334,24.31999969482422,20.31694221496582
2017-07-24,24.329999923706055,24.329999923706055,20.325294494628906
2017-07-25,24.299999237060547,24.3700008392334,20.35871124267578
2017-07-26,24.3799991607666,24.229999542236328,20.241756439208984
2017-07-27,24.280000686645508,24.31999969482422,20.31694221496582
2017-07-28,24.239999771118164,24.170000076293945,20.191635131835938
2017-07-31,24.209999084472656,24.06999969482422,20.108091354370117
2017-08-01,24.079999923706055,24.110000610351562,20.141508102416992
2017-08-02,24.100000381469727,24.079999923706055,20.11644744873047
2017-08-03,24.100000381469727,24.020000457763672,20.06632423400879
2017-08-04,24.1200008392334,24.229999542236328,20.241756439208984
2017-08-07,24.270000457763672,24.219999313354492,20.233402252197266
2017-08-08,24.190000534057617,24.260000228881836,20.26681900024414
2017-08-09,24.299999237060547,24.239999771118164,20.250110626220703
2017-08-10,24.260000228881836,24.200000762939453,20.21669578552246
2017-08-11,24.15999984741211,24.110000610351562,20.141508102416992
2017-08-14,24.200000762939453,24.209999084472656,20.22504997253418
2017-08-15,24.360000610351562,24.31999969482422,20.31694221496582
2017-08-16,24.389999389648438,24.239999771118164,20.250110626220703
2017-08-17,24.31999969482422,24.290000915527344,20.291881561279297
2017-08-18,24.209999084472656,24.209999084472656,20.22504997253418
2017-08-21,24.18000030517578,24.139999389648438,20.16657066345215
2017-08-22,24.209999084472656,24.239999771118164,20.250110626220703
2017-08-23,24.200000762939453,24.139999389648438,20.16657066345215
2017-08-24,24.18000030517578,24.190000534057617,20.208341598510742
2017-08-25,24.15999984741211,23.989999771118164,20.041259765625
2017-08-28,23.979999542236328,23.920000076293945,19.9827823638916
2017-08-29,23.809999465942383,23.950000762939453,20.007844924926758
2017-08-30,24.030000686645508,24.100000381469727,20.133153915405273
2017-08-31,24.139999389648438,24.030000686645508,20.074674606323242
2017-09-01,24.020000457763672,24.079999923706055,20.11644744873047
2017-09-05,24.010000228881836,23.950000762939453,20.007844924926758
2017-09-06,23.940000534057617,23.93000030517578,19.99113655090332
2017-09-07,23.770000457763672,23.760000228881836,19.849119186401367
2017-09-08,23.670000076293945,23.700000762939453,19.798995971679688
2017-09-11,23.809999465942383,23.860000610351562,19.932659149169922
2017-09-12,23.8700008392334,23.850000381469727,19.924304962158203
2017-09-13,23.8700008392334,23.989999771118164,20.041259765625
2017-09-14,23.989999771118164,23.920000076293945,19.9827823638916
2017-09-15,23.84000015258789,23.84000015258789,19.91594886779785
2017-09-18,23.8700008392334,23.899999618530273,19.96607208251953
2017-09-19,23.84000015258789,23.829999923706055,19.9075984954834
2017-09-20,23.81999969482422,24.020000457763672,20.06632423400879
2017-09-21,24.0,23.950000762939453,20.007844924926758
2017-09-22,23.899999618530273,23.93000030517578,19.99113655090332
2017-09-25,24.020000457763672,24.06999969482422,20.108091354370117
2017-09-26,24.15999984741211,24.149999618530273,20.174922943115234
2017-09-27,24.290000915527344,24.270000457763672,20.27517318725586
2017-09-28,24.229999542236328,24.200000762939453,20.21669578552246
2017-09-29,24.170000076293945,24.18000030517578,20.199987411499023
2017-10-02,24.299999237060547,24.31999969482422,20.31694221496582
2017-10-03,24.31999969482422,24.309999465942383,20.3085880279541
2017-10-04,24.280000686645508,24.280000686645508,20.28352928161621
2017-10-05,24.360000610351562,24.40999984741211,20.392126083374023
2017-10-06,24.450000762939453,24.3700008392334,20.35871124267578
2017-10-09,24.360000610351562,24.329999923706055,20.325294494628906
2017-10-10,24.25,24.200000762939453,20.21669578552246
2017-10-11,24.15999984741211,24.1299991607666,20.158218383789062
2017-10-12,24.18000030517578,24.18000030517578,20.199987411499023
2017-10-13,24.100000381469727,24.18000030517578,20.199987411499023
2017-10-16,24.219999313354492,24.239999771118164,20.250110626220703
2017-10-17,24.31999969482422,24.299999237060547,20.300235748291016
2017-10-18,24.329999923706055,24.270000457763672,20.27517318725586
2017-10-19,24.219999313354492,24.209999084472656,20.22504997253418
2017-10-20,24.309999465942383,24.350000381469727,20.342004776000977
2017-10-23,24.43000030517578,24.3799991607666,20.367063522338867
2017-10-24,24.40999984741211,24.420000076293945,20.400480270385742
2017-10-25,24.360000610351562,24.360000610351562,20.350358963012695
2017-10-26,24.440000534057617,24.6200008392334,20.567564010620117
2017-10-27,24.709999084472656,24.68000030517578,20.617687225341797
2017-10-30,24.709999084472656,24.559999465942383,20.517436981201172
2017-10-31,24.600000381469727,24.579999923706055,20.534147262573242
2017-11-01,24.649999618530273,24.6299991607666,20.57591438293457
2017-11-02,24.639999389648438,24.6299991607666,20.57591438293457
2017-11-03,24.600000381469727,24.690000534057617,20.626041412353516
2017-11-06,24.719999313354492,24.6299991607666,20.57591438293457
2017-11-07,24.700000762939453,24.670000076293945,20.609333038330078
2017-11-08,24.65999984741211,24.65999984741211,20.600976943969727
2017-11-09,24.639999389648438,24.559999465942383,20.517436981201172
2017-11-10,24.540000915527344,24.540000915527344,20.500730514526367
2017-11-13,24.559999465942383,24.559999465942383,20.517436981201172
2017-11-14,24.450000762939453,24.389999389648438,20.37541961669922
2017-11-15,24.350000381469727,24.3799991607666,20.367063522338867
2017-11-16,24.399999618530273,24.40999984741211,20.392126083374023
2017-11-17,24.3700008392334,24.34000015258789,20.333648681640625
2017-11-20,24.389999389648438,24.459999084472656,20.43389892578125
2017-11-21,24.450000762939453,24.43000030517578,20.40884017944336
2017-11-22,24.360000610351562,24.239999771118164,20.250110626220703
2017-11-24,24.139999389648438,24.1299991607666,20.158218383789062
2017-11-27,24.06999969482422,24.15999984741211,20.183279037475586
2017-11-28,24.190000534057617,24.260000228881836,20.26681900024414
2017-11-29,24.270000457763672,24.25,20.25846290588379
2017-11-30,24.219999313354492,24.190000534057617,20.208341598510742
2017-12-01,24.239999771118164,24.170000076293945,20.191635131835938
2017-12-04,24.25,24.25,20.25846290588379
2017-12-05,24.299999237060547,24.290000915527344,20.291881561279297
2017-12-06,24.309999465942383,24.350000381469727,20.342004776000977
2017-12-07,24.389999389648438,24.399999618530273,20.383773803710938
2017-12-08,24.420000076293945,24.440000534057617,20.417190551757812
2017-12-11,24.420000076293945,24.440000534057617,20.417190551757812
2017-12-12,24.489999771118164,24.479999542236328,20.450605392456055
2017-12-13,24.440000534057617,24.309999465942383,20.3085880279541
2017-12-14,24.360000610351562,24.329999923706055,20.325294494628906
2017-12-15,24.360000610351562,24.43000030517578,20.40884017944336
2017-12-18,24.309999465942383,24.3700008392334,20.37789535522461
2017-12-19,24.360000610351562,24.299999237060547,20.319364547729492
2017-12-20,24.309999465942383,24.270000457763672,20.294279098510742
2017-12-21,24.299999237060547,24.260000228881836,20.285917282104492
2017-12-22,24.290000915527344,24.270000457763672,20.294279098510742
2017-12-26,24.260000228881836,24.25,20.277557373046875
2017-12-27,24.190000534057617,24.200000762939453,20.235746383666992
2017-12-28,24.1299991607666,24.1299991607666,20.17721176147461
2017-12-29,24.040000915527344,24.030000686645508,20.093595504760742
2018-01-02,23.93000030517578,23.93000030517578,20.009973526000977
2018-01-03,23.979999542236328,24.020000457763672,20.08523178100586
2018-01-04,23.950000762939453,23.940000534057617,20.01833724975586
2018-01-05,23.979999542236328,23.959999084472656,20.03506088256836
2018-01-08,24.059999465942383,24.06999969482422,20.12704086303711
2018-01-09,24.110000610351562,24.1200008392334,20.168851852416992
2018-01-10,24.0,24.059999465942383,20.118680953979492
2018-01-11,23.979999542236328,23.959999084472656,20.03506088256836
2018-01-12,23.799999237060547,23.709999084472656,19.826013565063477
2018-01-16,23.65999984741211,23.579999923706055,19.717308044433594
2018-01-17,23.639999389648438,23.639999389648438,19.767480850219727
2018-01-18,23.6200008392334,23.610000610351562,19.742395401000977
2018-01-19,23.600000381469727,23.649999618530273,19.77584457397461
2018-01-22,23.59000015258789,23.56999969482422,19.708946228027344
2018-01-23,23.559999465942383,23.510000228881836,19.658777236938477
2018-01-24,23.309999465942383,23.280000686645508,19.466453552246094
2018-01-25,23.170000076293945,23.309999465942383,19.491535186767578
2018-01-26,23.270000457763672,23.260000228881836,19.449729919433594
2018-01-29,23.34000015258789,23.31999969482422,19.499900817871094
2018-01-30,23.219999313354492,23.280000686645508,19.466453552246094
2018-01-31,23.209999084472656,23.25,19.44136619567871
2018-02-01,23.239999771118164,23.1299991607666,19.341022491455078
2018-02-02,23.270000457763672,23.270000457763672,19.45808982849121
2018-02-05,23.350000381469727,23.3700008392334,19.541709899902344
2018-02-06,23.479999542236328,23.420000076293945,19.583518981933594
2018-02-07,23.469999313354492,23.600000381469727,19.734033584594727
2018-02-08,23.520000457763672,23.600000381469727,19.734033584594727
2018-02-09,23.610000610351562,23.6200008392334,19.750757217407227
2018-02-12,23.600000381469727,23.540000915527344,19.683860778808594
2018-02-13,23.43000030517578,23.40999984741211,19.57515525817871
2018-02-14,23.469999313354492,23.229999542236328,19.424644470214844
2018-02-15,23.18000030517578,23.1299991607666,19.341022491455078
2018-02-16,23.25,23.290000915527344,19.474815368652344
2018-02-20,23.399999618530273,23.440000534057617,19.60024070739746
2018-02-21,23.459999084472656,23.530000686645508,19.675498962402344
2018-02-22,23.469999313354492,23.450000762939453,19.608604431152344
2018-02-23,23.489999771118164,23.5,19.650415420532227
2018-02-26,23.489999771118164,23.469999313354492,19.625328063964844
2018-02-27,23.530000686645508,23.6200008392334,19.750757217407227
2018-02-28,23.649999618530273,23.690000534057617,19.80929183959961
2018-03-01,23.739999771118164,23.610000610351562,19.742395401000977
2018-03-02,23.540000915527344,23.510000228881836,19.658777236938477
2018-03-05,23.559999465942383,23.510000228881836,19.658777236938477
2018-03-06,23.459999084472656,23.450000762939453,19.608604431152344
2018-03-07,23.420000076293945,23.43000030517578,19.591880798339844
2018-03-08,23.459999084472656,23.579999923706055,19.717308044433594
2018-03-09,23.600000381469727,23.549999237060547,19.692224502563477
2018-03-12,23.549999237060547,23.520000457763672,19.66714096069336
2018-03-13,23.5,23.459999084472656,19.616966247558594
2018-03-14,23.469999313354492,23.469999313354492,19.625328063964844
2018-03-15,23.5,23.559999465942383,19.700584411621094
2018-03-16,23.559999465942383,23.6200008392334,19.750757217407227
2018-03-19,23.540000915527344,23.520000457763672,19.66714096069336
2018-03-20,23.59000015258789,23.65999984741211,19.784204483032227
2018-03-21,23.579999923706055,23.469999313354492,19.625328063964844
2018-03-22,23.5,23.5,19.650415420532227
2018-03-23,23.450000762939453,23.420000076293945,19.583518981933594
2018-03-26,23.34000015258789,23.309999465942383,19.491535186767578
2018-03-27,23.420000076293945,23.420000076293945,19.583518981933594
2018-03-28,23.5,23.6299991607666,19.759117126464844
2018-03-29,23.559999465942383,23.610000610351562,19.742395401000977
2018-04-02,23.540000915527344,23.600000381469727,19.734033584594727
2018-04-03,23.639999389648438,23.639999389648438,19.767480850219727
2018-04-04,23.600000381469727,23.6299991607666,19.759117126464844
2018-04-05,23.68000030517578,23.719999313354492,19.834375381469727
2018-04-06,23.6299991607666,23.6299991607666,19.759117126464844
2018-04-09,23.559999465942383,23.56999969482422,19.708946228027344
2018-04-10,23.5,23.510000228881836,19.658777236938477
2018-04-11,23.489999771118164,23.489999771118164,19.642053604125977
2018-04-12,23.579999923706055,23.540000915527344,19.683860778808594
2018-04-13,23.549999237060547,23.540000915527344,19.683860778808594
2018-04-16,23.440000534057617,23.459999084472656,19.616966247558594
2018-04-17,23.5,23.459999084472656,19.616966247558594
2018-04-18,23.479999542236328,23.510000228881836,19.658777236938477
2018-04-19,23.489999771118164,23.579999923706055,19.717308044433594
2018-04-20,23.690000534057617,23.719999313354492,19.834375381469727
2018-04-23,23.799999237060547,23.8700008392334,19.95980453491211
2018-04-24,23.860000610351562,23.84000015258789,19.93471908569336
2018-04-25,23.93000030517578,23.940000534057617,20.01833724975586
2018-04-26,23.889999389648438,24.049999237060547,20.110315322875977
2018-04-27,24.100000381469727,24.030000686645508,20.093595504760742
2018-04-30,24.1299991607666,24.1299991607666,20.17721176147461
2018-05-01,24.25,24.290000915527344,20.311004638671875
2018-05-02,24.290000915527344,24.399999618530273,20.402982711791992
2018-05-03,24.309999465942383,24.299999237060547,20.319364547729492
2018-05-04,24.389999389648438,24.329999923706055,20.34444808959961
2018-05-07,24.399999618530273,24.3799991607666,20.38625717163086
2018-05-08,24.479999542236328,24.469999313354492,20.461515426635742
2018-05-09,24.440000534057617,24.469999313354492,20.461515426635742
2018-05-10,24.360000610351562,24.360000610351562,20.36953353881836
2018-05-11,24.290000915527344,24.31999969482422,20.33608627319336
2018-05-14,24.260000228881836,24.350000381469727,20.361173629760742
2018-05-15,24.540000915527344,24.5,20.486602783203125
2018-05-16,24.559999465942383,24.559999465942383,20.536771774291992
2018-05-17,24.600000381469727,24.59000015258789,20.561859130859375
2018-05-18,24.670000076293945,24.639999389648438,20.603668212890625
2018-05-21,24.65999984741211,24.6200008392334,20.586946487426758
2018-05-22,24.600000381469727,24.610000610351562,20.578582763671875
2018-05-23,24.739999771118164,24.709999084472656,20.662202835083008
2018-05-24,24.700000762939453,24.68000030517578,20.637115478515625
2018-05-25,24.799999237060547,24.799999237060547,20.737457275390625
2018-05-29,24.920000076293945,24.969999313354492,20.879606246948242
2018-05-30,24.850000381469727,24.780000686645508,20.720733642578125
2018-05-31,24.780000686645508,24.760000228881836,20.704010009765625
2018-06-01,24.790000915527344,24.799999237060547,20.737457275390625
2018-06-04,24.719999313354492,24.780000686645508,20.720733642578125
2018-06-05,24.799999237060547,24.75,20.695646286010742
2018-06-06,24.649999618530273,24.68000030517578,20.637115478515625
2018-06-07,24.59000015258789,24.6299991607666,20.595304489135742
2018-06-08,24.68000030517578,24.639999389648438,20.603668212890625
2018-06-11,24.639999389648438,24.65999984741211,20.620391845703125
2018-06-12,24.65999984741211,24.709999084472656,20.662202835083008
2018-06-13,24.690000534057617,24.670000076293945,20.628755569458008
2018-06-14,24.81999969482422,24.989999771118164,20.896333694458008
2018-06-15,24.959999084472656,24.969999313354492,20.879606246948242
2018-06-18,25.0,24.969999313354492,20.879606246948242
2018-06-19,25.06999969482422,25.040000915527344,20.93814468383789
2018-06-20,25.040000915527344,25.059999465942383,20.95486831665039
2018-06-21,25.040000915527344,24.989999771118164,20.896333694458008
2018-06-22,24.920000076293945,24.899999618530273,20.821077346801758
2018-06-25,24.8799991607666,24.860000610351562,20.78763198852539
2018-06-26,24.920000076293945,24.989999771118164,20.896333694458008
2018-06-27,25.040000915527344,25.139999389648438,21.021760940551758
2018-06-28,25.149999618530273,25.139999389648438,21.021760940551758
2018-06-29,25.020000457763672,24.940000534057617,20.854524612426758
2018-07-02,25.110000610351562,25.059999465942383,20.95486831665039
2018-07-03,25.0,24.979999542236328,20.887968063354492
2018-07-05,24.920000076293945,24.899999618530273,20.821077346801758
2018-07-06,24.809999465942383,24.81999969482422,20.754180908203125
2018-07-09,24.770000457763672,24.829999923706055,20.762542724609375
2018-07-10,24.899999618530273,24.84000015258789,20.770904541015625
2018-07-11,24.84000015258789,25.010000228881836,20.91305923461914
2018-07-12,25.030000686645508,25.030000686645508,20.92978286743164
2018-07-13,25.079999923706055,25.0,20.904695510864258
2018-07-16,24.950000762939453,24.959999084472656,20.871246337890625
2018-07-17,25.0,25.06999969482422,20.963228225708008
2018-07-18,25.149999618530273,25.100000381469727,20.98831558227539
2018-07-19,25.229999542236328,25.149999618530273,21.03012466430664
2018-07-20,24.989999771118164,24.950000762939453,20.862884521484375
2018-07-23,24.950000762939453,24.989999771118164,20.896333694458008
2018-07-24,24.989999771118164,25.0,20.904695510864258
2018-07-25,24.940000534057617,24.8799991607666,20.804351806640625
2018-07-26,24.969999313354492,25.049999237060547,20.94650650024414
2018-07-27,25.040000915527344,25.020000457763672,20.92142105102539
2018-07-30,24.969999313354492,24.93000030517578,20.846160888671875
2018-07-31,24.959999084472656,24.979999542236328,20.887968063354492
2018-08-01,25.010000228881836,25.010000228881836,20.91305923461914
2018-08-02,25.100000381469727,25.149999618530273,21.03012466430664
2018-08-03,25.190000534057617,25.170000076293945,21.04684829711914
2018-08-06,25.229999542236328,25.209999084472656,21.08029556274414
2018-08-07,25.149999618530273,25.18000030517578,21.055212020874023
2018-08-08,25.18000030517578,25.149999618530273,21.03012466430664
2018-08-09,25.190000534057617,25.299999237060547,21.15555191040039
2018-08-10,25.489999771118164,25.479999542236328,21.30606460571289
2018-08-13,25.469999313354492,25.489999771118164,21.31442642211914
2018-08-14,25.5,25.59000015258789,21.398046493530273
2018-08-15,25.65999984741211,25.59000015258789,21.398046493530273
2018-08-16,25.559999465942383,25.56999969482422,21.381322860717773
2018-08-17,25.489999771118164,25.440000534057617,21.27261734008789
2018-08-20,25.440000534057617,25.3799991607666,21.22244644165039
2018-08-21,25.299999237060547,25.229999542236328,21.09701919555664
2018-08-22,25.15999984741211,25.15999984741211,21.03848648071289
2018-08-23,25.280000686645508,25.31999969482422,21.17227554321289
2018-08-24,25.25,25.200000762939453,21.07193374633789
2018-08-27,25.15999984741211,25.100000381469727,20.98831558227539
2018-08-28,25.010000228881836,25.100000381469727,20.98831558227539
2018-08-29,25.100000381469727,25.059999465942383,20.95486831665039
2018-08-30,25.110000610351562,25.079999923706055,20.97159194946289
2018-08-31,25.15999984741211,25.190000534057617,21.06357192993164
2018-09-04,25.31999969482422,25.299999237060547,21.15555191040039
2018-09-05,25.209999084472656,25.209999084472656,21.08029556274414
2018-09-06,25.190000534057617,25.209999084472656,21.08029556274414
2018-09-07,25.25,25.280000686645508,21.138830184936523
2018-09-10,25.229999542236328,25.229999542236328,21.09701919555664
2018-09-11,25.25,25.25,21.11374282836914
2018-09-12,25.219999313354492,25.15999984741211,21.03848648071289
2018-09-13,25.049999237060547,25.09000015258789,20.97995376586914
2018-09-14,25.1200008392334,25.18000030517578,21.055212020874023
2018-09-17,25.06999969482422,25.059999465942383,20.95486831665039
2018-09-18,25.049999237060547,25.100000381469727,20.98831558227539
2018-09-19,25.100000381469727,25.09000015258789,20.97995376586914
2018-09-20,24.940000534057617,24.90999984741211,20.829439163208008
2018-09-21,25.010000228881836,24.989999771118164,20.896333694458008
2018-09-24,24.90999984741211,24.989999771118164,20.896333694458008
2018-09-25,24.969999313354492,25.010000228881836,20.91305923461914
2018-09-26,25.059999465942383,25.020000457763672,20.92142105102539
2018-09-27,25.170000076293945,25.200000762939453,21.07193374633789
2018-09-28,25.299999237060547,25.260000228881836,21.122102737426758
2018-10-01,25.270000457763672,25.299999237060547,21.15555191040039
2018-10-02,25.3700008392334,25.34000015258789,21.18899917602539
2018-10-03,25.3799991607666,25.420000076293945,21.25589370727539
2018-10-04,25.43000030517578,25.43000030517578,21.264253616333008
2018-10-05,25.40999984741211,25.399999618530273,21.239168167114258
2018-10-08,25.5,25.43000030517578,21.264253616333008
2018-10-09,25.510000228881836,25.420000076293945,21.25589370727539
2018-10-10,25.389999389648438,25.389999389648438,21.230806350708008
2018-10-11,25.290000915527344,25.25,21.11374282836914
2018-10-12,25.309999465942383,25.329999923706055,21.18063735961914
2018-10-15,25.270000457763672,25.270000457763672,21.13046646118164
2018-10-16,25.209999084472656,25.280000686645508,21.138830184936523
2018-10-17,25.360000610351562,25.40999984741211,21.24753189086914
2018-10-18,25.440000534057617,25.520000457763672,21.339513778686523
2018-10-19,25.510000228881836,25.469999313354492,21.297704696655273
2018-10-22,25.520000457763672,25.559999465942383,21.37295913696289
2018-10-23,25.540000915527344,25.520000457763672,21.339513778686523
2018-10-24,25.65999984741211,25.649999618530273,21.448217391967773
2018-10-25,25.65999984741211,25.719999313354492,21.50674819946289
2018-10-26,25.75,25.649999618530273,21.448217391967773
2018-10-29,25.709999084472656,25.719999313354492,21.50674819946289
2018-10-30,25.760000228881836,25.829999923706055,21.598731994628906
2018-10-31,25.860000610351562,25.81999969482422,21.590370178222656
2018-11-01,25.719999313354492,25.649999618530273,21.448217391967773
2018-11-02,25.670000076293945,25.709999084472656,21.49838638305664
2018-11-05,25.709999084472656,25.700000762939453,21.490028381347656
2018-11-06,25.670000076293945,25.639999389648438,21.439857482910156
2018-11-07,25.520000457763672,25.59000015258789,21.398046493530273
2018-11-08,25.639999389648438,25.739999771118164,21.523473739624023
2018-11-09,25.809999465942383,25.790000915527344,21.56528663635254
2018-11-12,25.950000762939453,26.020000457763672,21.757606506347656
2018-11-13,25.950000762939453,25.93000030517578,21.682350158691406
2018-11-14,25.93000030517578,25.84000015258789,21.607093811035156
2018-11-15,25.940000534057617,25.899999618530273,21.657262802124023
2018-11-16,25.739999771118164,25.709999084472656,21.49838638305664
2018-11-19,25.690000534057617,25.690000534057617,21.481666564941406
2018-11-20,25.719999313354492,25.81999969482422,21.590370178222656
2018-11-21,25.770000457763672,25.81999969482422,21.590370178222656
2018-11-23,25.81999969482422,25.8700008392334,21.632179260253906
2018-11-26,25.81999969482422,25.920000076293945,21.673988342285156
2018-11-27,25.899999618530273,25.989999771118164,21.732521057128906
2018-11-28,26.0,25.860000610351562,21.623817443847656
2018-11-29,25.850000381469727,25.81999969482422,21.590370178222656
2018-11-30,25.8799991607666,25.920000076293945,21.673988342285156
2018-12-03,25.8799991607666,25.93000030517578,21.682350158691406
2018-12-04,25.780000686645508,25.8799991607666,21.640539169311523
2018-12-06,25.8700008392334,25.8700008392334,21.632179260253906
2018-12-07,25.81999969482422,25.799999237060547,21.573644638061523
2018-12-10,25.850000381469727,25.969999313354492,21.715795516967773
2018-12-11,25.989999771118164,26.040000915527344,21.774330139160156
2018-12-12,26.0,25.940000534057617,21.690711975097656
2018-12-13,25.959999084472656,25.940000534057617,21.690711975097656
2018-12-14,26.09000015258789,26.040000915527344,21.774330139160156
2018-12-17,25.979999542236328,25.969999313354492,21.715795516967773
2018-12-18,25.90999984741211,25.959999084472656,21.707435607910156
2018-12-19,25.8799991607666,25.969999313354492,21.715795516967773
2018-12-20,25.81999969482422,25.770000457763672,21.548561096191406
2018-12-21,25.81999969482422,25.940000534057617,21.690711975097656
2018-12-24,25.6200008392334,25.549999237060547,21.5943603515625
2018-12-26,25.579999923706055,25.68000030517578,21.704235076904297
2018-12-27,25.65999984741211,25.56999969482422,21.611263275146484
2018-12-28,25.469999313354492,25.5,21.55210304260254
2018-12-31,25.520000457763672,25.450000762939453,21.509845733642578
2019-01-02,25.65999984741211,25.639999389648438,21.670429229736328
2019-01-03,25.610000610351562,25.5,21.55210304260254
2019-01-04,25.6200008392334,25.459999084472656,21.51829719543457
2019-01-07,25.360000610351562,25.350000381469727,21.425325393676758
2019-01-08,25.420000076293945,25.43000030517578,21.49294090270996
2019-01-09,25.350000381469727,25.190000534057617,21.290096282958984
2019-01-10,25.260000228881836,25.34000015258789,21.4168758392334
2019-01-11,25.329999923706055,25.360000610351562,21.433780670166016
2019-01-14,25.34000015258789,25.360000610351562,21.433780670166016
2019-01-15,25.40999984741211,25.450000762939453,21.509845733642578
2019-01-16,25.459999084472656,25.479999542236328,21.535200119018555
2019-01-17,25.479999542236328,25.479999542236328,21.535200119018555
2019-01-18,25.489999771118164,25.559999465942383,21.602813720703125
2019-01-22,25.6299991607666,25.559999465942383,21.602813720703125
2019-01-23,25.549999237060547,25.5,21.55210304260254
2019-01-24,25.530000686645508,25.649999618530273,21.678878784179688
2019-01-25,25.549999237060547,25.440000534057617,21.501392364501953
2019-01-28,25.440000534057617,25.459999084472656,21.51829719543457
2019-01-29,25.459999084472656,25.469999313354492,21.52674674987793
2019-01-30,25.469999313354492,25.34000015258789,21.4168758392334
2019-01-31,25.309999465942383,25.389999389648438,21.459131240844727
2019-02-01,25.350000381469727,25.389999389648438,21.459131240844727
2019-02-04,25.459999084472656,25.459999084472656,21.51829719543457
2019-02-05,25.510000228881836,25.530000686645508,21.57745933532715
2019-02-06,25.549999237060547,25.6299991607666,21.661975860595703
2019-02-07,25.649999618530273,25.690000534057617,21.712688446044922
2019-02-08,25.690000534057617,25.719999313354492,21.7380428314209
2019-02-11,25.780000686645508,25.81999969482422,21.82256317138672
2019-02-12,25.799999237060547,25.729999542236328,21.746492385864258
2019-02-13,25.81999969482422,25.8700008392334,21.864822387695312
2019-02-14,25.84000015258789,25.84000015258789,21.839466094970703
2019-02-15,25.829999923706055,25.790000915527344,21.79720687866211
2019-02-19,25.790000915527344,25.690000534057617,21.712688446044922
2019-02-20,25.719999313354492,25.709999084472656,21.729589462280273
2019-02-21,25.690000534057617,25.729999542236328,21.746492385864258
2019-02-22,25.729999542236328,25.719999313354492,21.7380428314209
2019-02-25,25.68000030517578,25.700000762939453,21.721139907836914
2019-02-26,25.65999984741211,25.600000381469727,21.636621475219727
2019-02-27,25.56999969482422,25.6200008392334,21.653526306152344
2019-02-28,25.610000610351562,25.639999389648438,21.670429229736328
2019-03-01,25.6299991607666,25.739999771118164,21.754945755004883
2019-03-04,25.770000457763672,25.770000457763672,21.780303955078125
2019-03-05,25.809999465942383,25.84000015258789,21.839466094970703
2019-03-06,25.829999923706055,25.84000015258789,21.839466094970703
2019-03-07,25.950000762939453,26.06999969482422,22.033855438232422
2019-03-08,25.989999771118164,25.989999771118164,21.966243743896484
2019-03-11,25.950000762939453,25.93000030517578,21.915531158447266
2019-03-12,25.899999618530273,25.8799991607666,21.87327003479004
2019-03-13,25.84000015258789,25.760000228881836,21.771848678588867
2019-03-14,25.829999923706055,25.84000015258789,21.839466094970703
2019-03-15,25.81999969482422,25.799999237060547,21.80565643310547
2019-03-18,25.75,25.770000457763672,21.780303955078125
2019-03-19,25.729999542236328,25.739999771118164,21.754945755004883
2019-03-20,25.75,25.59000015258789,21.6281681060791
2019-03-21,25.690000534057617,25.75,21.763397216796875
2019-03-22,25.799999237060547,25.799999237060547,21.80565643310547
2019-03-25,25.760000228881836,25.799999237060547,21.80565643310547
2019-03-26,25.829999923706055,25.8799991607666,21.87327003479004
2019-03-27,25.889999389648438,25.90999984741211,21.89862632751465
2019-03-28,25.989999771118164,26.0,21.974693298339844
2019-03-29,25.979999542236328,26.030000686645508,22.000049591064453
2019-04-01,25.969999313354492,26.010000228881836,21.98314666748047
2019-04-02,26.049999237060547,26.040000915527344,22.008501052856445
2019-04-03,25.979999542236328,26.0,21.974693298339844
2019-04-04,26.049999237060547,26.030000686645508,22.000049591064453
2019-04-05,26.040000915527344,26.059999465942383,22.02540397644043
2019-04-08,25.979999542236328,25.969999313354492,21.949338912963867
2019-04-09,25.93000030517578,25.979999542236328,21.957788467407227
2019-04-10,26.020000457763672,25.940000534057617,21.923982620239258
2019-04-11,26.010000228881836,26.020000457763672,21.991596221923828
2019-04-12,25.920000076293945,25.959999084472656,21.940885543823242
2019-04-15,25.93000030517578,25.950000762939453,21.932435989379883
2019-04-16,25.989999771118164,26.010000228881836,21.98314666748047
2019-04-17,25.989999771118164,25.989999771118164,21.966243743896484
2019-04-18,26.09000015258789,26.1299991607666,22.084566116333008
2019-04-22,26.09000015258789,26.06999969482422,22.033855438232422
2019-04-23,26.18000030517578,26.15999984741211,22.109920501708984
2019-04-24,26.229999542236328,26.290000915527344,22.21979522705078
2019-04-25,26.329999923706055,26.34000015258789,22.262054443359375
2019-04-26,26.299999237060547,26.309999465942383,22.236698150634766
2019-04-29,26.309999465942383,26.25,22.185989379882812
2019-04-30,26.15999984741211,26.170000076293945,22.118375778198242
2019-05-01,26.139999389648438,26.200000762939453,22.14373016357422
2019-05-02,26.209999084472656,26.260000228881836,22.19443702697754
2019-05-03,26.270000457763672,26.15999984741211,22.109920501708984
2019-05-06,26.219999313354492,26.18000030517578,22.126827239990234
2019-05-07,26.209999084472656,26.200000762939453,22.14373016357422
2019-05-08,26.190000534057617,26.209999084472656,22.152179718017578
2019-05-09,26.209999084472656,26.15999984741211,22.109920501708984
2019-05-10,26.1200008392334,26.149999618530273,22.101470947265625
2019-05-13,26.06999969482422,26.149999618530273,22.101470947265625
2019-05-14,26.190000534057617,26.209999084472656,22.152179718017578
2019-05-15,26.239999771118164,26.219999313354492,22.16063117980957
2019-05-16,26.260000228881836,26.290000915527344,22.21979522705078
2019-05-17,26.299999237060547,26.350000381469727,22.2705078125
2019-05-20,26.34000015258789,26.329999923706055,22.253602981567383
2019-05-21,26.3700008392334,26.3700008392334,22.287410736083984
2019-05-22,26.3700008392334,26.389999389648438,22.30431365966797
2019-05-23,26.459999084472656,26.34000015258789,22.262054443359375
2019-05-24,26.299999237060547,26.25,22.185989379882812
2019-05-28,26.299999237060547,26.360000610351562,22.278959274291992
2019-05-29,26.399999618530273,26.420000076293945,22.329669952392578
2019-05-30,26.440000534057617,26.43000030517578,22.33812141418457
2019-05-31,26.389999389648438,26.31999969482422,22.24515151977539
2019-06-03,26.299999237060547,26.18000030517578,22.126827239990234
2019-06-04,26.200000762939453,26.149999618530273,22.101470947265625
2019-06-05,26.1299991607666,26.239999771118164,22.177534103393555
2019-06-06,26.149999618530273,26.149999618530273,22.101470947265625
2019-06-07,26.059999465942383,26.040000915527344,22.008501052856445
2019-06-10,26.079999923706055,26.06999969482422,22.033855438232422
2019-06-11,26.079999923706055,26.079999923706055,22.042308807373047
2019-06-12,26.110000610351562,26.149999618530273,22.101470947265625
2019-06-13,26.170000076293945,26.170000076293945,22.118375778198242
2019-06-14,26.260000228881836,26.309999465942383,22.236698150634766
2019-06-17,26.270000457763672,26.31999969482422,22.24515151977539
2019-06-18,26.290000915527344,26.360000610351562,22.278959274291992
2019-06-19,26.309999465942383,26.239999771118164,22.177534103393555
2019-06-20,26.09000015258789,26.079999923706055,22.042308807373047
2019-06-21,26.059999465942383,25.950000762939453,21.932435989379883
2019-06-24,25.940000534057617,25.90999984741211,21.89862632751465
2019-06-25,25.90999984741211,25.969999313354492,21.949338912963867
2019-06-26,25.979999542236328,25.989999771118164,21.966243743896484
2019-06-27,25.979999542236328,25.989999771118164,21.966243743896484
2019-06-28,25.969999313354492,25.969999313354492,21.949338912963867
2019-07-01,26.049999237060547,26.15999984741211,22.109920501708984
2019-07-02,26.1200008392334,26.139999389648438,22.093017578125
2019-07-03,26.1200008392334,26.139999389648438,22.093017578125
2019-07-05,26.270000457763672,26.280000686645508,22.21134376525879
2019-07-08,26.309999465942383,26.329999923706055,22.253602981567383
2019-07-09,26.360000610351562,26.350000381469727,22.2705078125
2019-07-10,26.290000915527344,26.239999771118164,22.177534103393555
2019-07-11,26.229999542236328,26.239999771118164,22.177534103393555
2019-07-12,26.239999771118164,26.190000534057617,22.135278701782227
2019-07-15,26.190000534057617,26.229999542236328,22.169086456298828
2019-07-16,26.299999237060547,26.350000381469727,22.2705078125
2019-07-17,26.34000015258789,26.299999237060547,22.228246688842773
2019-07-18,26.299999237060547,26.15999984741211,22.109920501708984
2019-07-19,26.280000686645508,26.290000915527344,22.21979522705078
2019-07-22,26.31999969482422,26.34000015258789,22.262054443359375
2019-07-23,26.43000030517578,26.459999084472656,22.363475799560547
2019-07-24,26.450000762939453,26.459999084472656,22.363475799560547
2019-07-25,26.440000534057617,26.510000228881836,22.405736923217773
2019-07-26,26.520000457763672,26.549999237060547,22.43954086303711
2019-07-29,26.59000015258789,26.56999969482422,22.456443786621094
2019-07-30,26.59000015258789,26.56999969482422,22.456443786621094
2019-07-31,26.579999923706055,26.729999542236328,22.5916748046875
2019-08-01,26.799999237060547,26.649999618530273,22.524059295654297
2019-08-02,26.65999984741211,26.59000015258789,22.473350524902344
2019-08-05,26.479999542236328,26.459999084472656,22.363475799560547
2019-08-06,26.489999771118164,26.489999771118164,22.388832092285156
2019-08-07,26.440000534057617,26.469999313354492,22.37192726135254
2019-08-08,26.510000228881836,26.489999771118164,22.388832092285156
2019-08-09,26.459999084472656,26.459999084472656,22.363475799560547
2019-08-12,26.43000030517578,26.440000534057617,22.346572875976562
2019-08-13,26.440000534057617,26.559999465942383,22.447996139526367
2019-08-14,26.549999237060547,26.6200008392334,22.49870491027832
2019-08-15,26.600000381469727,26.639999389648438,22.515607833862305
2019-08-16,26.709999084472656,26.65999984741211,22.532512664794922
2019-08-19,26.68000030517578,26.719999313354492,22.583223342895508
2019-08-20,26.729999542236328,26.65999984741211,22.532512664794922
2019-08-21,26.670000076293945,26.690000534057617,22.55786895751953
2019-08-22,26.670000076293945,26.670000076293945,22.540964126586914
2019-08-23,26.700000762939453,26.520000457763672,22.414188385009766
2019-08-26,26.6200008392334,26.65999984741211,22.532512664794922
2019-08-27,26.6200008392334,26.639999389648438,22.515607833862305
2019-08-28,26.68000030517578,26.700000762939453,22.566320419311523
2019-08-29,26.729999542236328,26.770000457763672,22.6254825592041
2019-08-30,26.790000915527344,26.8700008392334,22.71000099182129
2019-09-03,26.989999771118164,26.93000030517578,22.760709762573242
2019-09-04,26.81999969482422,26.760000228881836,22.61703109741211
2019-09-05,26.68000030517578,26.770000457763672,22.6254825592041
2019-09-06,26.729999542236328,26.780000686645508,22.633935928344727
2019-09-09,26.739999771118164,26.729999542236328,22.5916748046875
2019-09-10,26.75,26.760000228881836,22.61703109741211
2019-09-11,26.84000015258789,26.84000015258789,22.68464469909668
2019-09-12,26.8799991607666,26.760000228881836,22.61703109741211
2019-09-13,26.709999084472656,26.719999313354492,22.583223342895508
2019-09-16,26.799999237060547,26.84000015258789,22.68464469909668
2019-09-17,26.81999969482422,26.719999313354492,22.583223342895508
2019-09-18,26.760000228881836,26.81999969482422,22.667741775512695
2019-09-19,26.760000228881836,26.760000228881836,22.61703109741211
2019-09-20,26.829999923706055,26.829999923706055,22.676191329956055
2019-09-23,26.889999389648438,26.8700008392334,22.71000099182129
2019-09-24,26.850000381469727,26.770000457763672,22.6254825592041
2019-09-25,26.899999618530273,26.979999542236328,22.802967071533203
2019-09-26,26.950000762939453,27.049999237060547,22.862133026123047
2019-09-27,27.040000915527344,27.010000228881836,22.828325271606445
2019-09-30,27.100000381469727,27.100000381469727,22.90439224243164
2019-10-01,27.15999984741211,27.010000228881836,22.828325271606445
2019-10-02,27.030000686645508,26.989999771118164,22.81142234802246
2019-10-03,27.0,26.979999542236328,22.802967071533203
2019-10-04,26.979999542236328,26.959999084472656,22.78606414794922
2019-10-07,26.950000762939453,27.010000228881836,22.828325271606445
2019-10-08,27.0,27.049999237060547,22.862133026123047
2019-10-09,27.0,27.030000686645508,22.845230102539062
2019-10-10,26.959999084472656,26.920000076293945,22.752260208129883
2019-10-11,26.81999969482422,26.81999969482422,22.667741775512695
2019-10-14,26.8799991607666,26.899999618530273,22.7353572845459
2019-10-15,26.90999984741211,26.81999969482422,22.667741775512695
2019-10-16,26.799999237060547,26.75,22.608577728271484
2019-10-17,26.65999984741211,26.649999618530273,22.524059295654297
2019-10-18,26.610000610351562,26.549999237060547,22.43954086303711
2019-10-21,26.540000915527344,26.56999969482422,22.456443786621094
2019-10-22,26.610000610351562,26.6299991607666,22.507156372070312
2019-10-23,26.639999389648438,26.6200008392334,22.49870491027832
2019-10-24,26.610000610351562,26.700000762939453,22.566320419311523
2019-10-25,26.709999084472656,26.729999542236328,22.5916748046875
2019-10-28,26.709999084472656,26.709999084472656,22.574771881103516
2019-10-29,26.709999084472656,26.700000762939453,22.566320419311523
2019-10-30,26.700000762939453,26.639999389648438,22.515607833862305
2019-10-31,26.610000610351562,26.59000015258789,22.473350524902344
2019-11-01,26.600000381469727,26.579999923706055,22.46489906311035
2019-11-04,26.6200008392334,26.68000030517578,22.549415588378906
2019-11-05,26.729999542236328,26.780000686645508,22.633935928344727
2019-11-06,26.75,26.780000686645508,22.633935928344727
2019-11-07,26.799999237060547,26.84000015258789,22.68464469909668
2019-11-08,26.90999984741211,26.899999618530273,22.7353572845459
2019-11-11,26.8700008392334,26.860000610351562,22.701547622680664
2019-11-12,26.899999618530273,26.899999618530273,22.7353572845459
2019-11-13,26.920000076293945,26.889999389648438,22.726903915405273
2019-11-14,26.90999984741211,26.8700008392334,22.71000099182129
2019-11-15,26.829999923706055,26.809999465942383,22.659286499023438
2019-11-18,26.790000915527344,26.760000228881836,22.61703109741211
2019-11-19,26.770000457763672,26.790000915527344,22.642385482788086
2019-11-20,26.799999237060547,26.790000915527344,22.642385482788086
2019-11-21,26.790000915527344,26.829999923706055,22.676191329956055
2019-11-22,26.809999465942383,26.90999984741211,22.743806838989258
2019-11-25,26.93000030517578,26.93000030517578,22.760709762573242
2019-11-26,26.920000076293945,26.899999618530273,22.7353572845459
2019-11-27,26.940000534057617,26.940000534057617,22.769163131713867
2019-11-29,26.950000762939453,26.90999984741211,22.743806838989258
2019-12-02,26.8799991607666,26.799999237060547,22.650836944580078
2019-12-03,26.770000457763672,26.770000457763672,22.6254825592041
2019-12-04,26.700000762939453,26.739999771118164,22.600126266479492
2019-12-05,26.719999313354492,26.68000030517578,22.549415588378906
2019-12-06,26.760000228881836,26.780000686645508,22.633935928344727
2019-12-09,26.739999771118164,26.75,22.608577728271484
2019-12-10,26.709999084472656,26.719999313354492,22.583223342895508
2019-12-11,26.700000762939453,26.6200008392334,22.49870491027832
2019-12-12,26.610000610351562,26.65999984741211,22.532512664794922
2019-12-13,26.579999923706055,26.65999984741211,22.532512664794922
2019-12-16,26.59000015258789,26.610000610351562,22.490253448486328
2019-12-17,26.639999389648438,26.65999984741211,22.532512664794922
2019-12-18,26.690000534057617,26.709999084472656,22.574771881103516
2019-12-19,26.719999313354492,26.709999084472656,22.574771881103516
2019-12-20,26.760000228881836,26.799999237060547,22.650836944580078
2019-12-23,26.3700008392334,26.260000228881836,22.63876724243164
2019-12-24,26.270000457763672,26.260000228881836,22.63876724243164
2019-12-26,26.239999771118164,26.219999313354492,22.60428237915039
2019-12-27,26.1200008392334,26.09000015258789,22.492212295532227
2019-12-30,26.040000915527344,26.040000915527344,22.449106216430664
2019-12-31,25.959999084472656,25.969999313354492,22.388757705688477
2020-01-02,26.049999237060547,26.059999465942383,22.466346740722656
2020-01-03,26.1200008392334,26.09000015258789,22.492212295532227
2020-01-06,26.020000457763672,26.030000686645508,22.44048500061035
2020-01-07,26.100000381469727,26.1200008392334,22.518075942993164
2020-01-08,26.149999618530273,26.190000534057617,22.578420639038086
2020-01-09,26.239999771118164,26.239999771118164,22.621524810791016
2020-01-10,26.260000228881836,26.219999313354492,22.60428237915039
2020-01-13,26.25,26.219999313354492,22.60428237915039
2020-01-14,26.270000457763672,26.229999542236328,22.612905502319336
2020-01-15,26.18000030517578,26.190000534057617,22.578420639038086
2020-01-16,26.190000534057617,26.229999542236328,22.612905502319336
2020-01-17,26.290000915527344,26.31999969482422,22.690494537353516
2020-01-21,26.260000228881836,26.299999237060547,22.67325210571289
2020-01-22,26.270000457763672,26.280000686645508,22.656009674072266
2020-01-23,26.329999923706055,26.350000381469727,22.716358184814453
2020-01-24,26.3799991607666,26.389999389648438,22.750839233398438
2020-01-27,26.399999618530273,26.43000030517578,22.78532600402832
2020-01-28,26.459999084472656,26.43000030517578,22.78532600402832
2020-01-29,26.479999542236328,26.469999313354492,22.819807052612305
2020-01-30,26.43000030517578,26.389999389648438,22.750839233398438
2020-01-31,26.350000381469727,26.280000686645508,22.656009674072266
2020-02-03,26.3799991607666,26.40999984741211,22.768083572387695
2020-02-04,26.43000030517578,26.450000762939453,22.802568435668945
2020-02-05,26.520000457763672,26.549999237060547,22.888776779174805
2020-02-06,26.549999237060547,26.600000381469727,22.931882858276367
2020-02-07,26.59000015258789,26.65999984741211,22.98360824584961
2020-02-10,26.68000030517578,26.700000762939453,23.018091201782227
2020-02-11,26.690000534057617,26.670000076293945,22.992229461669922
2020-02-12,26.65999984741211,26.739999771118164,23.05257797241211
2020-02-13,26.739999771118164,26.770000457763672,23.078441619873047
2020-02-14,26.770000457763672,26.760000228881836,23.0698184967041
2020-02-18,26.860000610351562,26.860000610351562,23.156030654907227
2020-02-19,26.90999984741211,26.90999984741211,23.199132919311523
2020-02-20,26.940000534057617,26.989999771118164,23.268102645874023
2020-02-21,26.940000534057617,26.829999923706055,23.130165100097656
2020-02-24,26.8700008392334,26.84000015258789,23.13878631591797
2020-02-25,26.829999923706055,26.760000228881836,23.0698184967041
2020-02-26,26.790000915527344,26.780000686645508,23.087060928344727
2020-02-27,26.639999389648438,26.6200008392334,22.94912338256836
2020-02-28,26.6200008392334,26.530000686645508,22.871536254882812
2020-03-02,26.40999984741211,26.389999389648438,22.750839233398438
2020-03-03,26.389999389648438,26.280000686645508,22.656009674072266
2020-03-04,26.3700008392334,26.3700008392334,22.733600616455078
2020-03-05,26.239999771118164,26.170000076293945,22.561180114746094
2020-03-06,25.93000030517578,26.020000457763672,22.431865692138672
2020-03-09,25.739999771118164,25.739999771118164,22.190475463867188
2020-03-10,25.90999984741211,26.1200008392334,22.518075942993164
2020-03-11,26.040000915527344,26.15999984741211,22.552555084228516
2020-03-12,26.25,26.440000534057617,22.7939453125
2020-03-13,26.56999969482422,27.440000534057617,23.656047821044922
2020-03-16,26.649999618530273,26.559999465942383,22.897397994995117
2020-03-17,26.93000030517578,27.030000686645508,23.30258560180664
2020-03-18,27.229999542236328,27.440000534057617,23.656047821044922
2020-03-19,28.889999389648438,28.09000015258789,24.216413497924805
2020-03-20,28.0,28.010000228881836,24.147445678710938
2020-03-23,27.860000610351562,27.969999313354492,24.112960815429688
2020-03-24,27.549999237060547,27.649999618530273,23.837087631225586
2020-03-25,27.549999237060547,27.389999389648438,23.61294174194336
2020-03-26,27.149999618530273,26.950000762939453,23.233619689941406
2020-03-27,27.079999923706055,26.729999542236328,23.043954849243164
2020-03-30,26.889999389648438,26.850000381469727,23.14740753173828
2020-03-31,26.979999542236328,26.829999923706055,23.130165100097656
2020-04-01,26.989999771118164,27.0,23.276721954345703
2020-04-02,27.1200008392334,27.139999389648438,23.397417068481445
2020-04-03,27.260000228881836,27.290000915527344,23.526731491088867
2020-04-06,27.270000457763672,27.299999237060547,23.53535270690918
2020-04-07,27.010000228881836,27.049999237060547,23.319828033447266
2020-04-08,27.06999969482422,27.149999618530273,23.406036376953125
2020-04-09,26.950000762939453,26.950000762939453,23.233619689941406
2020-04-13,26.940000534057617,26.90999984741211,23.199132919311523
2020-04-14,26.81999969482422,26.760000228881836,23.0698184967041
2020-04-15,27.049999237060547,26.959999084472656,23.242238998413086
2020-04-16,27.020000457763672,27.079999923706055,23.345691680908203
2020-04-17,27.020000457763672,27.010000228881836,23.28534507751465
2020-04-20,27.06999969482422,27.100000381469727,23.362934112548828
2020-04-21,27.200000762939453,27.139999389648438,23.397417068481445
2020-04-22,27.100000381469727,27.219999313354492,23.466384887695312
2020-04-23,27.239999771118164,27.229999542236328,23.475006103515625
2020-04-24,27.200000762939453,27.170000076293945,23.423280715942383
2020-04-27,27.059999465942383,27.100000381469727,23.362934112548828
2020-04-28,26.979999542236328,27.06999969482422,23.33707046508789
2020-04-29,26.979999542236328,26.959999084472656,23.242238998413086
2020-04-30,26.969999313354492,26.790000915527344,23.09568214416504
2020-05-01,26.790000915527344,26.81999969482422,23.121543884277344
2020-05-04,26.93000030517578,26.969999313354492,23.250858306884766
2020-05-05,27.0,26.989999771118164,23.268102645874023
2020-05-06,27.06999969482422,27.1200008392334,23.38017463684082
2020-05-07,27.149999618530273,27.040000915527344,23.311208724975586
2020-05-08,27.030000686645508,27.030000686645508,23.30258560180664
2020-05-11,27.079999923706055,27.1299991607666,23.388795852661133
2020-05-12,27.020000457763672,27.079999923706055,23.345691680908203
2020-05-13,27.020000457763672,27.1299991607666,23.388795852661133
2020-05-14,27.190000534057617,27.15999984741211,23.414657592773438
2020-05-15,27.1200008392334,27.18000030517578,23.431900024414062
2020-05-18,27.079999923706055,26.959999084472656,23.242238998413086
2020-05-19,26.93000030517578,26.940000534057617,23.22499656677246
2020-05-20,26.829999923706055,26.850000381469727,23.14740753173828
2020-05-21,26.84000015258789,26.90999984741211,23.199132919311523
2020-05-22,27.0,26.989999771118164,23.268102645874023
2020-05-26,26.809999465942383,26.790000915527344,23.09568214416504
2020-05-27,26.780000686645508,26.780000686645508,23.087060928344727
2020-05-28,26.719999313354492,26.639999389648438,22.966365814208984
2020-05-29,26.579999923706055,26.600000381469727,22.931882858276367
2020-06-01,26.530000686645508,26.450000762939453,22.802568435668945
2020-06-02,26.399999618530273,26.420000076293945,22.776702880859375
2020-06-03,26.3799991607666,26.260000228881836,22.63876724243164
2020-06-04,26.280000686645508,26.15999984741211,22.552555084228516
2020-06-05,26.15999984741211,26.209999084472656,22.595661163330078
2020-06-08,26.15999984741211,26.139999389648438,22.535316467285156
2020-06-09,26.139999389648438,26.059999465942383,22.466346740722656
2020-06-10,25.989999771118164,25.93000030517578,22.35427474975586
2020-06-11,26.040000915527344,26.190000534057617,22.578420639038086
2020-06-12,26.18000030517578,26.260000228881836,22.63876724243164
2020-06-15,26.280000686645508,26.149999618530273,22.54393768310547
2020-06-16,26.170000076293945,26.229999542236328,22.612905502319336
2020-06-17,26.239999771118164,26.25,22.630146026611328
2020-06-18,26.309999465942383,26.350000381469727,22.716358184814453
2020-06-19,26.299999237060547,26.3799991607666,22.742219924926758
2020-06-22,26.31999969482422,26.239999771118164,22.621524810791016
2020-06-23,26.100000381469727,26.149999618530273,22.54393768310547
2020-06-24,26.209999084472656,26.270000457763672,22.647390365600586
2020-06-25,26.350000381469727,26.309999465942383,22.68187141418457
2020-06-26,26.329999923706055,26.350000381469727,22.716358184814453
2020-06-29,26.280000686645508,26.360000610351562,22.724979400634766
2020-06-30,26.389999389648438,26.31999969482422,22.690494537353516
2020-07-01,26.309999465942383,26.260000228881836,22.63876724243164
2020-07-02,26.239999771118164,26.280000686645508,22.656009674072266
2020-07-06,26.1200008392334,26.139999389648438,22.535316467285156
2020-07-07,26.149999618530273,26.200000762939453,22.58704376220703
2020-07-08,26.139999389648438,26.059999465942383,22.466346740722656
2020-07-09,26.040000915527344,26.149999618530273,22.54393768310547
2020-07-10,26.09000015258789,26.110000610351562,22.50945281982422
2020-07-13,26.06999969482422,26.06999969482422,22.47496795654297
2020-07-14,26.09000015258789,26.020000457763672,22.431865692138672
2020-07-15,25.899999618530273,25.950000762939453,22.371517181396484
2020-07-16,25.979999542236328,26.040000915527344,22.449106216430664
2020-07-17,25.969999313354492,25.93000030517578,22.35427474975586
2020-07-20,25.93000030517578,25.889999389648438,22.31978988647461
2020-07-21,25.860000610351562,25.729999542236328,22.181854248046875
2020-07-22,25.649999618530273,25.65999984741211,22.12150764465332
2020-07-23,25.68000030517578,25.610000610351562,22.07840347290039
2020-07-24,25.549999237060547,25.5,21.983572006225586
2020-07-27,25.329999923706055,25.309999465942383,21.819772720336914
2020-07-28,25.329999923706055,25.350000381469727,21.854257583618164
2020-07-29,25.280000686645508,25.229999542236328,21.750804901123047
2020-07-30,25.200000762939453,25.1299991607666,21.664594650268555
2020-07-31,25.149999618530273,25.280000686645508,21.79391098022461
2020-08-03,25.389999389648438,25.280000686645508,21.79391098022461
2020-08-04,25.34000015258789,25.190000534057617,21.716320037841797
2020-08-05,25.059999465942383,25.079999923706055,21.621488571166992
2020-08-06,25.09000015258789,25.079999923706055,21.621488571166992
2020-08-07,25.25,25.229999542236328,21.750804901123047
2020-08-10,25.270000457763672,25.270000457763672,21.785289764404297
2020-08-11,25.260000228881836,25.309999465942383,21.819772720336914
2020-08-12,25.229999542236328,25.229999542236328,21.750804901123047
2020-08-13,25.170000076293945,25.219999313354492,21.742183685302734
2020-08-14,25.170000076293945,25.18000030517578,21.707700729370117
2020-08-17,25.1200008392334,25.06999969482422,21.61286735534668
2020-08-18,24.920000076293945,24.93000030517578,21.49217414855957
2020-08-19,24.950000762939453,25.1299991607666,21.664594650268555
2020-08-20,25.190000534057617,25.059999465942383,21.604246139526367
2020-08-21,25.200000762939453,25.18000030517578,21.707700729370117
2020-08-24,25.110000610351562,25.219999313354492,21.742183685302734
2020-08-25,25.139999389648438,25.1299991607666,21.664594650268555
2020-08-26,25.190000534057617,25.100000381469727,21.63873291015625
2020-08-27,25.020000457763672,25.1299991607666,21.664594650268555
2020-08-28,24.959999084472656,24.93000030517578,21.49217414855957
2020-08-31,24.899999618530273,24.899999618530273,21.466310501098633
2020-09-01,24.799999237060547,24.950000762939453,21.509414672851562
2020-09-02,25.049999237060547,25.040000915527344,21.587005615234375
2020-09-03,25.06999969482422,25.049999237060547,21.595626831054688
2020-09-04,25.139999389648438,25.09000015258789,21.630109786987305
2020-09-08,25.209999084472656,25.219999313354492,21.742183685302734
2020-09-09,25.200000762939453,25.18000030517578,21.707700729370117
2020-09-10,25.06999969482422,25.229999542236328,21.750804901123047
2020-09-11,25.170000076293945,25.18000030517578,21.707700729370117
2020-09-14,25.100000381469727,25.1200008392334,21.655975341796875
2020-09-15,25.100000381469727,25.139999389648438,21.673213958740234
2020-09-16,25.100000381469727,25.170000076293945,21.699079513549805
2020-09-17,25.200000762939453,25.079999923706055,21.621488571166992
2020-09-18,25.110000610351562,25.110000610351562,21.64735221862793
2020-09-21,25.239999771118164,25.290000915527344,21.80253028869629
2020-09-22,25.299999237060547,25.3799991607666,21.88011932373047
2020-09-23,25.450000762939453,25.520000457763672,22.000812530517578
2020-09-24,25.540000915527344,25.479999542236328,21.96632957458496
2020-09-25,25.56999969482422,25.549999237060547,22.026676177978516
2020-09-28,25.450000762939453,25.469999313354492,21.95770835876465
2020-09-29,25.399999618530273,25.350000381469727,21.854257583618164
2020-09-30,25.399999618530273,25.350000381469727,21.854257583618164
2020-10-01,25.329999923706055,25.309999465942383,21.819772720336914
2020-10-02,25.3700008392334,25.3700008392334,21.871498107910156
2020-10-05,25.270000457763672,25.260000228881836,21.77666664123535
2020-10-06,25.219999313354492,25.329999923706055,21.83701515197754
2020-10-07,25.309999465942383,25.299999237060547,21.8111515045166
2020-10-08,25.299999237060547,25.290000915527344,21.80253028869629
2020-10-09,25.170000076293945,25.139999389648438,21.673213958740234
2020-10-12,25.1299991607666,25.110000610351562,21.64735221862793
2020-10-13,25.219999313354492,25.260000228881836,21.77666664123535
2020-10-14,25.209999084472656,25.200000762939453,21.724943161010742
2020-10-15,25.31999969482422,25.31999969482422,21.828393936157227
2020-10-16,25.280000686645508,25.290000915527344,21.80253028869629
2020-10-19,25.170000076293945,25.209999084472656,21.73356056213379
2020-10-20,25.149999618530273,25.1299991607666,21.664594650268555
2020-10-21,25.049999237060547,25.0,21.552522659301758
2020-10-22,25.040000915527344,25.100000381469727,21.63873291015625
2020-10-23,25.030000686645508,25.040000915527344,21.587005615234375
2020-10-26,25.09000015258789,25.1299991607666,21.664594650268555
2020-10-27,25.059999465942383,25.079999923706055,21.621488571166992
2020-10-28,25.229999542236328,25.239999771118164,21.759424209594727
2020-10-29,25.299999237060547,25.34000015258789,21.84563446044922
2020-10-30,25.31999969482422,25.3700008392334,21.871498107910156
2020-11-02,25.420000076293945,25.399999618530273,21.897361755371094
2020-11-03,25.229999542236328,25.260000228881836,21.77666664123535
2020-11-04,25.270000457763672,25.219999313354492,21.742183685302734
2020-11-05,25.010000228881836,24.979999542236328,21.535276412963867
2020-11-06,24.920000076293945,24.889999389648438,21.45768928527832
2020-11-09,24.860000610351562,25.049999237060547,21.595626831054688
2020-11-10,25.0,25.049999237060547,21.595626831054688
2020-11-11,25.1200008392334,25.079999923706055,21.621488571166992
2020-11-12,25.100000381469727,25.079999923706055,21.621488571166992
2020-11-13,25.049999237060547,25.030000686645508,21.578384399414062
2020-11-16,25.010000228881836,24.969999313354492,21.52665901184082
2020-11-17,24.90999984741211,24.93000030517578,21.49217414855957
2020-11-18,24.920000076293945,24.940000534057617,21.500797271728516
2020-11-19,25.010000228881836,24.899999618530273,21.466310501098633
2020-11-20,24.889999389648438,24.93000030517578,21.49217414855957
2020-11-23,24.850000381469727,24.969999313354492,21.52665901184082
2020-11-24,24.940000534057617,24.850000381469727,21.423206329345703
2020-11-25,24.850000381469727,24.809999465942383,21.388723373413086
2020-11-27,24.799999237060547,24.760000228881836,21.345617294311523
2020-11-30,24.690000534057617,24.81999969482422,21.3973445892334
2020-12-01,24.719999313354492,24.600000381469727,21.20768165588379
2020-12-02,24.6299991607666,24.56999969482422,21.18181800842285
2020-12-03,24.440000534057617,24.440000534057617,21.069744110107422
2020-12-04,24.40999984741211,24.469999313354492,21.095605850219727
2020-12-07,24.479999542236328,24.510000228881836,21.130094528198242
2020-12-08,24.489999771118164,24.540000915527344,21.155956268310547
2020-12-09,24.510000228881836,24.549999237060547,21.164573669433594
2020-12-10,24.549999237060547,24.479999542236328,21.104230880737305
2020-12-11,24.520000457763672,24.540000915527344,21.155956268310547
2020-12-14,24.40999984741211,24.469999313354492,21.095605850219727
2020-12-15,24.420000076293945,24.389999389648438,21.02663803100586
2020-12-16,24.329999923706055,24.360000610351562,21.000776290893555
2020-12-17,24.219999313354492,24.229999542236328,20.888704299926758
2020-12-18,24.270000457763672,24.260000228881836,20.914566040039062
2020-12-21,24.3700008392334,24.309999465942383,20.957670211791992
2020-12-22,24.34000015258789,24.440000534057617,21.069744110107422
2020-12-23,24.329999923706055,24.329999923706055,20.97491455078125
2020-12-24,24.329999923706055,24.350000381469727,20.992156982421875
2020-12-28,24.309999465942383,24.350000381469727,20.992156982421875
2020-12-29,24.270000457763672,24.270000457763672,20.923187255859375
2020-12-30,24.200000762939453,24.170000076293945,20.836978912353516
2020-12-31,24.170000076293945,24.239999771118164,20.897323608398438
2021-01-04,24.1299991607666,24.260000228881836,20.914566040039062
2021-01-05,24.200000762939453,24.1200008392334,20.793874740600586
2021-01-06,24.18000030517578,24.09000015258789,20.768009185791016
2021-01-07,24.209999084472656,24.229999542236328,20.888704299926758
2021-01-08,24.190000534057617,24.270000457763672,20.923187255859375
2021-01-11,24.440000534057617,24.420000076293945,21.052501678466797
2021-01-12,24.40999984741211,24.290000915527344,20.9404296875
2021-01-13,24.360000610351562,24.3700008392334,21.009397506713867
2021-01-14,24.40999984741211,24.31999969482422,20.966291427612305
2021-01-15,24.420000076293945,24.479999542236328,21.104230880737305
2021-01-19,24.389999389648438,24.40999984741211,21.043882369995117
2021-01-20,24.43000030517578,24.399999618530273,21.035261154174805
2021-01-21,24.329999923706055,24.290000915527344,20.9404296875
2021-01-22,24.350000381469727,24.34000015258789,20.98353385925293
2021-01-25,24.350000381469727,24.3700008392334,21.009397506713867
2021-01-26,24.329999923706055,24.299999237060547,20.949050903320312
2021-01-27,24.40999984741211,24.450000762939453,21.078365325927734
2021-01-28,24.420000076293945,24.389999389648438,21.02663803100586
2021-01-29,24.3700008392334,24.420000076293945,21.052501678466797
2021-02-01,24.479999542236328,24.540000915527344,21.155956268310547
2021-02-02,24.56999969482422,24.56999969482422,21.18181800842285
2021-02-03,24.579999923706055,24.559999465942383,21.17319679260254
2021-02-04,24.6299991607666,24.670000076293945,21.26802635192871
2021-02-05,24.59000015258789,24.530000686645508,21.147335052490234
2021-02-08,24.540000915527344,24.520000457763672,21.13871192932129
2021-02-09,24.420000076293945,24.389999389648438,21.02663803100586
2021-02-10,24.350000381469727,24.3799991607666,21.01801872253418
2021-02-11,24.350000381469727,24.3700008392334,21.009397506713867
2021-02-12,24.440000534057617,24.389999389648438,21.02663803100586
2021-02-16,24.399999618530273,24.389999389648438,21.02663803100586
2021-02-17,24.510000228881836,24.489999771118164,21.11284828186035
2021-02-18,24.43000030517578,24.40999984741211,21.043882369995117
2021-02-19,24.350000381469727,24.350000381469727,20.992156982421875
2021-02-22,24.299999237060547,24.280000686645508,20.93181037902832
2021-02-23,24.299999237060547,24.299999237060547,20.949050903320312
2021-02-24,24.34000015258789,24.260000228881836,20.914566040039062
2021-02-25,24.190000534057617,24.34000015258789,20.98353385925293
2021-02-26,24.389999389648438,24.520000457763672,21.13871192932129
2021-03-01,24.5,24.540000915527344,21.155956268310547
2021-03-02,24.530000686645508,24.450000762939453,21.078365325927734
2021-03-03,24.530000686645508,24.520000457763672,21.13871192932129
2021-03-04,24.56999969482422,24.68000030517578,21.276647567749023
2021-03-05,24.739999771118164,24.770000457763672,21.354238510131836
2021-03-08,24.850000381469727,24.90999984741211,21.474931716918945
2021-03-09,24.799999237060547,24.770000457763672,21.354238510131836
2021-03-10,24.75,24.729999542236328,21.319751739501953
2021-03-11,24.700000762939453,24.610000610351562,21.2163028717041
2021-03-12,24.760000228881836,24.690000534057617,21.2852725982666
2021-03-15,24.760000228881836,24.739999771118164,21.3283748626709
2021-03-16,24.75,24.739999771118164,21.3283748626709
2021-03-17,24.75,24.6200008392334,21.22492218017578
2021-03-18,24.739999771118164,24.770000457763672,21.354238510131836
2021-03-19,24.809999465942383,24.780000686645508,21.36285972595215
2021-03-22,24.739999771118164,24.729999542236328,21.319751739501953
2021-03-23,24.84000015258789,24.8799991607666,21.449068069458008
2021-03-24,24.93000030517578,24.940000534057617,21.500797271728516
2021-03-25,24.940000534057617,25.010000228881836,21.561140060424805
2021-03-26,25.0,24.979999542236328,21.535276412963867
2021-03-29,24.989999771118164,25.040000915527344,21.587005615234375
2021-03-30,25.1200008392334,25.139999389648438,21.673213958740234
2021-03-31,25.110000610351562,25.1200008392334,21.655975341796875
2021-04-01,25.049999237060547,25.010000228881836,21.561140060424805
2021-04-05,24.989999771118164,24.93000030517578,21.49217414855957
2021-04-06,24.90999984741211,24.8700008392334,21.44045066833496
2021-04-07,24.850000381469727,24.899999618530273,21.466310501098633
2021-04-08,24.84000015258789,24.790000915527344,21.371482849121094
2021-04-09,24.850000381469727,24.809999465942383,21.388723373413086
2021-04-12,24.790000915527344,24.799999237060547,21.380098342895508
2021-04-13,24.780000686645508,24.709999084472656,21.30251121520996
2021-04-14,24.690000534057617,24.68000030517578,21.276647567749023
2021-04-15,24.65999984741211,24.68000030517578,21.276647567749023
2021-04-16,24.649999618530273,24.649999618530273,21.250783920288086
2021-04-19,24.530000686645508,24.510000228881836,21.130094528198242
2021-04-20,24.520000457763672,24.549999237060547,21.164573669433594
2021-04-21,24.600000381469727,24.520000457763672,21.13871192932129
2021-04-22,24.549999237060547,24.59000015258789,21.199060440063477
2021-04-23,24.479999542236328,24.450000762939453,21.078365325927734
2021-04-26,24.479999542236328,24.450000762939453,21.078365325927734
2021-04-27,24.469999313354492,24.459999084472656,21.086986541748047
2021-04-28,24.5,24.3700008392334,21.009397506713867
2021-04-29,24.389999389648438,24.3799991607666,21.01801872253418
2021-04-30,24.450000762939453,24.579999923706055,21.190439224243164
2021-05-03,24.520000457763672,24.469999313354492,21.095605850219727
2021-05-04,24.549999237060547,24.579999923706055,21.190439224243164
2021-05-05,24.579999923706055,24.56999969482422,21.18181800842285
2021-05-06,24.5,24.450000762939453,21.078365325927734
2021-05-07,24.3799991607666,24.270000457763672,20.923187255859375
2021-05-10,24.219999313354492,24.270000457763672,20.923187255859375
2021-05-11,24.25,24.25,20.905946731567383
2021-05-12,24.360000610351562,24.43000030517578,21.061124801635742
2021-05-13,24.40999984741211,24.389999389648438,21.02663803100586
2021-05-14,24.309999465942383,24.290000915527344,20.9404296875
2021-05-17,24.299999237060547,24.260000228881836,20.914566040039062
2021-05-18,24.149999618530273,24.149999618530273,20.81973648071289
2021-05-19,24.200000762939453,24.260000228881836,20.914566040039062
2021-05-20,24.200000762939453,24.139999389648438,20.811111450195312
2021-05-21,24.170000076293945,24.219999313354492,20.880083084106445
2021-05-24,24.18000030517578,24.15999984741211,20.82835578918457
2021-05-25,24.1299991607666,24.1299991607666,20.802492141723633
2021-05-26,24.190000534057617,24.219999313354492,20.880083084106445
2021-05-27,24.219999313354492,24.200000762939453,20.862842559814453
2021-05-28,24.299999237060547,24.219999313354492,20.880083084106445
2021-06-01,24.149999618530273,24.18000030517578,20.845598220825195
2021-06-02,24.219999313354492,24.18000030517578,20.845598220825195
2021-06-03,24.280000686645508,24.329999923706055,20.97491455078125
2021-06-04,24.239999771118164,24.239999771118164,20.897323608398438
2021-06-07,24.209999084472656,24.200000762939453,20.862842559814453
2021-06-08,24.239999771118164,24.229999542236328,20.888704299926758
2021-06-09,24.170000076293945,24.25,20.905946731567383
2021-06-10,24.290000915527344,24.229999542236328,20.888704299926758
2021-06-11,24.299999237060547,24.350000381469727,20.992156982421875
2021-06-14,24.309999465942383,24.329999923706055,20.97491455078125
2021-06-15,24.34000015258789,24.350000381469727,20.992156982421875
2021-06-16,24.350000381469727,24.549999237060547,21.164573669433594
2021-06-17,24.65999984741211,24.739999771118164,21.3283748626709
2021-06-18,24.809999465942383,24.81999969482422,21.3973445892334
2021-06-21,24.739999771118164,24.700000762939453,21.29388999938965
2021-06-22,24.729999542236328,24.65999984741211,21.259408950805664
2021-06-23,24.6299991607666,24.700000762939453,21.29388999938965
2021-06-24,24.68000030517578,24.68000030517578,21.276647567749023
2021-06-25,24.6299991607666,24.690000534057617,21.2852725982666
2021-06-28,24.709999084472656,24.700000762939453,21.29388999938965
2021-06-29,24.770000457763672,24.760000228881836,21.345617294311523
2021-06-30,24.790000915527344,24.829999923706055,21.405961990356445
2021-07-01,24.84000015258789,24.899999618530273,21.466310501098633
2021-07-02,24.8799991607666,24.799999237060547,21.380098342895508
2021-07-06,24.860000610351562,24.889999389648438,21.45768928527832
2021-07-07,24.899999618530273,24.93000030517578,21.49217414855957
2021-07-08,24.81999969482422,24.829999923706055,21.405961990356445
2021-07-09,24.790000915527344,24.770000457763672,21.354238510131836
2021-07-12,24.81999969482422,24.799999237060547,21.380098342895508
2021-07-13,24.90999984741211,24.950000762939453,21.509414672851562
2021-07-14,24.84000015258789,24.829999923706055,21.405961990356445
2021-07-15,24.8799991607666,24.899999618530273,21.466310501098633
2021-07-16,24.90999984741211,24.93000030517578,21.49217414855957
2021-07-19,24.93000030517578,24.969999313354492,21.52665901184082
2021-07-20,25.040000915527344,25.0,21.552522659301758
2021-07-21,25.020000457763672,24.940000534057617,21.500797271728516
2021-07-22,24.860000610351562,24.969999313354492,21.52665901184082
2021-07-23,24.969999313354492,24.979999542236328,21.535276412963867
2021-07-26,24.940000534057617,24.899999618530273,21.466310501098633
2021-07-27,24.860000610351562,24.860000610351562,21.431827545166016
2021-07-28,24.899999618530273,24.790000915527344,21.371482849121094
2021-07-29,24.719999313354492,24.700000762939453,21.29388999938965
2021-07-30,24.719999313354492,24.770000457763672,21.354238510131836
2021-08-02,24.719999313354492,24.739999771118164,21.3283748626709
2021-08-03,24.719999313354492,24.75,21.33699607849121
2021-08-04,24.68000030517578,24.790000915527344,21.371482849121094
2021-08-05,24.790000915527344,24.790000915527344,21.371482849121094
2021-08-06,24.899999618530273,24.93000030517578,21.49217414855957
2021-08-09,24.920000076293945,24.979999542236328,21.535276412963867
2021-08-10,25.030000686645508,25.0,21.552522659301758
2021-08-11,24.959999084472656,24.950000762939453,21.509414672851562
2021-08-12,24.979999542236328,24.979999542236328,21.535276412963867
2021-08-13,24.90999984741211,24.860000610351562,21.431827545166016
2021-08-16,24.860000610351562,24.8799991607666,21.449068069458008
2021-08-17,24.959999084472656,25.030000686645508,21.578384399414062
2021-08-18,25.010000228881836,25.030000686645508,21.578384399414062
2021-08-19,25.100000381469727,25.149999618530273,21.68183708190918
2021-08-20,25.149999618530273,25.1200008392334,21.655975341796875
2021-08-23,25.020000457763672,24.969999313354492,21.52665901184082
2021-08-24,24.979999542236328,24.950000762939453,21.509414672851562
2021-08-25,24.989999771118164,24.93000030517578,21.49217414855957
2021-08-26,24.969999313354492,25.0,21.552522659301758
2021-08-27,25.010000228881836,24.889999389648438,21.45768928527832
2021-08-30,24.889999389648438,24.889999389648438,21.45768928527832
2021-08-31,24.850000381469727,24.889999389648438,21.45768928527832
2021-09-01,24.829999923706055,24.84000015258789,21.414587020874023
2021-09-02,24.809999465942383,24.780000686645508,21.36285972595215
2021-09-03,24.719999313354492,24.729999542236328,21.319751739501953
2021-09-07,24.81999969482422,24.850000381469727,21.423206329345703
2021-09-08,24.899999618530273,24.889999389648438,21.45768928527832
2021-09-09,24.829999923706055,24.829999923706055,21.405961990356445
2021-09-10,24.81999969482422,24.8700008392334,21.44045066833496
2021-09-13,24.899999618530273,24.8700008392334,21.44045066833496
2021-09-14,24.799999237060547,24.8700008392334,21.44045066833496
2021-09-15,24.829999923706055,24.81999969482422,21.3973445892334
2021-09-16,24.940000534057617,24.93000030517578,21.49217414855957
2021-09-17,24.969999313354492,25.020000457763672,21.569765090942383
2021-09-20,25.049999237060547,25.030000686645508,21.578384399414062
2021-09-21,25.020000457763672,25.010000228881836,21.561140060424805
2021-09-22,25.030000686645508,25.079999923706055,21.621488571166992
2021-09-23,25.0,24.979999542236328,21.535276412963867
2021-09-24,25.059999465942383,25.049999237060547,21.595626831054688
2021-09-27,25.09000015258789,25.079999923706055,21.621488571166992
2021-09-28,25.149999618530273,25.170000076293945,21.699079513549805
2021-09-29,25.25,25.350000381469727,21.854257583618164
2021-09-30,25.329999923706055,25.309999465942383,21.819772720336914
2021-10-01,25.229999542236328,25.260000228881836,21.77666664123535
2021-10-04,25.18000030517578,25.18000030517578,21.707700729370117
2021-10-05,25.25,25.229999542236328,21.750804901123047
2021-10-06,25.329999923706055,25.299999237060547,21.8111515045166
2021-10-07,25.290000915527344,25.290000915527344,21.80253028869629
2021-10-08,25.25,25.270000457763672,21.785289764404297
2021-10-11,25.280000686645508,25.34000015258789,21.84563446044922
2021-10-12,25.350000381469727,25.3700008392334,21.871498107910156
2021-10-13,25.299999237060547,25.229999542236328,21.750804901123047
2021-10-14,25.200000762939453,25.229999542236328,21.750804901123047
2021-10-15,25.219999313354492,25.200000762939453,21.724943161010742
2021-10-18,25.219999313354492,25.209999084472656,21.73356056213379
2021-10-19,25.1299991607666,25.149999618530273,21.68183708190918
2021-10-20,25.139999389648438,25.110000610351562,21.64735221862793
2021-10-21,25.110000610351562,25.170000076293945,21.699079513549805
2021-10-22,25.1299991607666,25.1200008392334,21.655975341796875
2021-10-25,25.170000076293945,25.15999984741211,21.69045639038086
2021-10-26,25.15999984741211,25.209999084472656,21.73356056213379
2021-10-27,25.15999984741211,25.200000762939453,21.724943161010742
2021-10-28,25.1299991607666,25.049999237060547,21.595626831054688
2021-10-29,25.1200008392334,25.25,21.768047332763672
2021-11-01,25.239999771118164,25.170000076293945,21.699079513549805
2021-11-02,25.209999084472656,25.229999542236328,21.750804901123047
2021-11-03,25.25,25.170000076293945,21.699079513549805
2021-11-04,25.270000457763672,25.299999237060547,21.8111515045166
2021-11-05,25.329999923706055,25.280000686645508,21.79391098022461
2021-11-08,25.25,25.229999542236328,21.750804901123047
2021-11-09,25.209999084472656,25.200000762939453,21.724943161010742
2021-11-10,25.260000228881836,25.469999313354492,21.95770835876465
2021-11-11,25.469999313354492,25.530000686645508,22.009435653686523
2021-11-12,25.540000915527344,25.5,21.983572006225586
2021-11-15,25.510000228881836,25.639999389648438,22.104265213012695
2021-11-16,25.68000030517578,25.739999771118164,22.190475463867188
2021-11-17,25.719999313354492,25.690000534057617,22.147371292114258
2021-11-18,25.670000076293945,25.6200008392334,22.087024688720703
2021-11-19,25.700000762939453,25.75,22.1990966796875
2021-11-22,25.850000381469727,25.8799991607666,22.311166763305664
2021-11-23,25.889999389648438,25.8700008392334,22.30255126953125
2021-11-24,25.979999542236328,25.969999313354492,22.388757705688477
2021-11-26,25.809999465942383,25.770000457763672,22.216339111328125
2021-11-29,25.829999923706055,25.81999969482422,22.259443283081055
2021-11-30,25.649999618530273,25.700000762939453,22.155990600585938
2021-12-01,25.700000762939453,25.770000457763672,22.216339111328125
2021-12-02,25.700000762939453,25.780000686645508,22.224960327148438
2021-12-03,25.790000915527344,25.770000457763672,22.216339111328125
2021-12-06,25.799999237060547,25.809999465942383,22.250823974609375
2021-12-07,25.889999389648438,25.81999969482422,22.259443283081055
2021-12-08,25.780000686645508,25.700000762939453,22.155990600585938
2021-12-09,25.760000228881836,25.790000915527344,22.23358154296875
2021-12-10,25.799999237060547,25.75,22.1990966796875
2021-12-13,25.760000228881836,25.829999923706055,22.268062591552734
2021-12-14,25.809999465942383,25.8799991607666,22.311166763305664
2021-12-15,25.889999389648438,25.84000015258789,22.276687622070312
2021-12-16,25.729999542236328,25.729999542236328,22.181854248046875
2021-12-17,25.760000228881836,25.90999984741211,22.337032318115234
2021-12-20,25.850000381469727,25.8799991607666,22.311166763305664
2021-12-21,25.8700008392334,25.850000381469727,22.28530502319336
2021-12-22,25.799999237060547,25.75,22.1990966796875
2021-12-23,25.809999465942383,25.729999542236328,22.181854248046875
2021-12-27,25.780000686645508,25.739999771118164,22.190475463867188
2021-12-28,25.760000228881836,25.770000457763672,22.216339111328125
2021-12-29,25.739999771118164,25.700000762939453,22.155990600585938
2021-12-30,25.739999771118164,25.739999771118164,22.190475463867188
2021-12-31,25.690000534057617,25.6299991607666,22.095643997192383
2022-01-03,25.739999771118164,25.790000915527344,22.23358154296875
2022-01-04,25.809999465942383,25.809999465942383,22.250823974609375
2022-01-05,25.719999313354492,25.780000686645508,22.224960327148438
2022-01-06,25.770000457763672,25.799999237060547,22.24220085144043
2022-01-07,25.739999771118164,25.65999984741211,22.12150764465332
2022-01-10,25.770000457763672,25.719999313354492,22.173234939575195
2022-01-11,25.709999084472656,25.610000610351562,22.07840347290039
2022-01-12,25.530000686645508,25.440000534057617,21.931846618652344
2022-01-13,25.3700008392334,25.43000030517578,21.92322540283203
2022-01-14,25.440000534057617,25.5,21.983572006225586
2022-01-18,25.600000381469727,25.65999984741211,22.12150764465332
2022-01-19,25.59000015258789,25.600000381469727,22.069780349731445
2022-01-20,25.59000015258789,25.68000030517578,22.138750076293945
2022-01-21,25.579999923706055,25.610000610351562,22.07840347290039
2022-01-24,25.719999313354492,25.690000534057617,22.147371292114258
2022-01-25,25.760000228881836,25.700000762939453,22.155990600585938
2022-01-26,25.709999084472656,25.84000015258789,22.276687622070312
2022-01-27,26.010000228881836,26.059999465942383,22.466346740722656
2022-01-28,26.040000915527344,26.049999237060547,22.457727432250977
2022-01-31,25.969999313354492,25.8700008392334,22.30255126953125
2022-02-01,25.799999237060547,25.799999237060547,22.24220085144043
2022-02-02,25.700000762939453,25.700000762939453,22.155990600585938
2022-02-03,25.610000610351562,25.56999969482422,22.043916702270508
2022-02-04,25.600000381469727,25.549999237060547,22.026676177978516
2022-02-07,25.59000015258789,25.559999465942383,22.03529930114746
2022-02-08,25.59000015258789,25.600000381469727,22.069780349731445
2022-02-09,25.559999465942383,25.56999969482422,22.043916702270508
2022-02-10,25.68000030517578,25.610000610351562,22.07840347290039
2022-02-11,25.65999984741211,25.719999313354492,22.173234939575195
2022-02-14,25.780000686645508,25.790000915527344,22.23358154296875
2022-02-15,25.729999542236328,25.690000534057617,22.147371292114258
2022-02-16,25.68000030517578,25.639999389648438,22.104265213012695
2022-02-17,25.649999618530273,25.649999618530273,22.112886428833008
2022-02-18,25.670000076293945,25.719999313354492,22.173234939575195
2022-02-22,25.709999084472656,25.729999542236328,22.181854248046875
2022-02-23,25.690000534057617,25.760000228881836,22.207717895507812
2022-02-24,26.040000915527344,25.969999313354492,22.388757705688477
2022-02-25,25.93000030517578,25.84000015258789,22.276687622070312
2022-02-28,25.93000030517578,25.8799991607666,22.311166763305664
2022-03-01,26.0,26.079999923706055,22.483591079711914
2022-03-02,26.1200008392334,26.059999465942383,22.466346740722656
2022-03-03,26.1299991607666,26.15999984741211,22.552555084228516
2022-03-04,26.450000762939453,26.360000610351562,22.724979400634766
2022-03-07,26.43000030517578,26.549999237060547,22.888776779174805
2022-03-08,26.5,26.5,22.845672607421875
2022-03-09,26.25,26.239999771118164,22.621524810791016
2022-03-10,26.309999465942383,26.3700008392334,22.733600616455078
2022-03-11,26.389999389648438,26.510000228881836,22.854293823242188
2022-03-14,26.459999084472656,26.5,22.845672607421875
2022-03-15,26.399999618530273,26.469999313354492,22.819807052612305
2022-03-16,26.3700008392334,26.280000686645508,22.656009674072266
2022-03-17,26.270000457763672,26.219999313354492,22.60428237915039
2022-03-18,26.360000610351562,26.25,22.630146026611328
2022-03-21,26.270000457763672,26.350000381469727,22.716358184814453
2022-03-22,26.31999969482422,26.34000015258789,22.707735061645508
2022-03-23,26.40999984741211,26.3700008392334,22.733600616455078
2022-03-24,26.43000030517578,26.399999618530273,22.759462356567383
2022-03-25,26.389999389648438,26.40999984741211,22.768083572387695
2022-03-28,26.559999465942383,26.489999771118164,22.837051391601562
2022-03-29,26.25,26.329999923706055,22.699115753173828
2022-03-30,26.170000076293945,26.190000534057617,22.578420639038086
2022-03-31,26.280000686645508,26.299999237060547,22.67325210571289
2022-04-01,26.3700008392334,26.34000015258789,22.707735061645508
2022-04-04,26.43000030517578,26.459999084472656,22.811187744140625
2022-04-05,26.450000762939453,26.600000381469727,22.931882858276367
2022-04-06,26.559999465942383,26.6200008392334,22.94912338256836
2022-04-07,26.600000381469727,26.670000076293945,22.992229461669922
2022-04-08,26.75,26.670000076293945,22.992229461669922
2022-04-11,26.719999313354492,26.729999542236328,23.043954849243164
2022-04-12,26.709999084472656,26.81999969482422,23.121543884277344
2022-04-13,26.860000610351562,26.709999084472656,23.026714324951172
2022-04-14,26.799999237060547,26.829999923706055,23.130165100097656
2022-04-18,26.8799991607666,26.940000534057617,23.22499656677246
2022-04-19,26.989999771118164,27.0,23.276721954345703
2022-04-20,26.84000015258789,26.809999465942383,23.11292266845703
2022-04-21,26.770000457763672,26.889999389648438,23.18189239501953
2022-04-22,26.979999542236328,27.049999237060547,23.319828033447266
2022-04-25,27.18000030517578,27.18000030517578,23.431900024414062
2022-04-26,27.25,27.350000381469727,23.578458786010742
2022-04-27,27.549999237060547,27.520000457763672,23.725013732910156
2022-04-28,27.719999313354492,27.68000030517578,23.862951278686523
2022-04-29,27.600000381469727,27.56999969482422,23.76811981201172
2022-05-02,27.68000030517578,27.709999084472656,23.888813018798828
2022-05-03,27.579999923706055,27.65999984741211,23.8457088470459
2022-05-04,27.600000381469727,27.43000030517578,23.64742660522461
2022-05-05,27.600000381469727,27.65999984741211,23.8457088470459
2022-05-06,27.6299991607666,27.709999084472656,23.888813018798828
2022-05-09,27.739999771118164,27.719999313354492,23.89743423461914
2022-05-10,27.700000762939453,27.780000686645508,23.949161529541016
2022-05-11,27.709999084472656,27.809999465942383,23.97502326965332
2022-05-12,27.920000076293945,28.049999237060547,24.181926727294922
2022-05-13,28.06999969482422,27.969999313354492,24.112960815429688
2022-05-16,27.93000030517578,27.860000610351562,24.018131256103516
2022-05-17,27.670000076293945,27.6299991607666,23.81984519958496
2022-05-18,27.690000534057617,27.770000457763672,23.940540313720703
2022-05-19,27.559999465942383,27.479999542236328,23.69053077697754
2022-05-20,27.530000686645508,27.540000915527344,23.742258071899414
2022-05-23,27.350000381469727,27.290000915527344,23.526731491088867
2022-05-24,27.260000228881836,27.209999084472656,23.457761764526367
2022-05-25,27.329999923706055,27.309999465942383,23.543973922729492
2022-05-26,27.260000228881836,27.219999313354492,23.466384887695312
2022-05-27,27.18000030517578,27.15999984741211,23.414657592773438
2022-05-31,27.239999771118164,27.209999084472656,23.457761764526367
2022-06-01,27.239999771118164,27.420000076293945,23.638805389404297
2022-06-02,27.290000915527344,27.18000030517578,23.431900024414062
2022-06-03,27.25,27.299999237060547,23.53535270690918
2022-06-06,27.290000915527344,27.360000610351562,23.587080001831055
2022-06-07,27.459999084472656,27.329999923706055,23.561216354370117
2022-06-08,27.360000610351562,27.40999984741211,23.630184173583984
2022-06-09,27.43000030517578,27.610000610351562,23.8026065826416
2022-06-10,27.780000686645508,27.829999923706055,23.992265701293945
2022-06-13,28.0,28.100000381469727,24.225034713745117
2022-06-14,28.040000915527344,28.15999984741211,24.27676010131836
2022-06-15,28.100000381469727,27.940000534057617,24.087099075317383
2022-06-16,27.8799991607666,27.670000076293945,23.854331970214844
2022-06-17,27.90999984741211,27.950000762939453,24.095720291137695
2022-06-21,27.84000015258789,27.850000381469727,24.009510040283203
2022-06-22,27.850000381469727,27.809999465942383,23.97502326965332
2022-06-23,27.850000381469727,27.84000015258789,24.000886917114258
2022-06-24,27.81999969482422,27.780000686645508,23.949161529541016
2022-06-27,27.739999771118164,27.729999542236328,23.906057357788086
2022-06-28,27.860000610351562,27.889999389648438,24.04399299621582
2022-06-29,27.959999084472656,28.049999237060547,24.181926727294922
2022-06-30,28.06999969482422,27.959999084472656,24.104337692260742
2022-07-01,28.139999389648438,28.049999237060547,24.181926727294922
2022-07-05,28.450000762939453,28.450000762939453,24.526769638061523
2022-07-06,28.559999465942383,28.579999923706055,24.63884162902832
2022-07-07,28.579999923706055,28.59000015258789,24.647462844848633
2022-07-08,28.600000381469727,28.56999969482422,24.63022232055664
2022-07-11,28.860000610351562,28.899999618530273,24.914714813232422
2022-07-12,28.889999389648438,28.889999389648438,24.906091690063477
2022-07-13,28.950000762939453,28.829999923706055,24.854366302490234
2022-07-14,29.139999389648438,29.030000686645508,25.02678871154785
2022-07-15,28.93000030517578,28.860000610351562,24.880229949951172
2022-07-18,28.68000030517578,28.700000762939453,24.742294311523438
2022-07-19,28.479999542236328,28.520000457763672,24.587116241455078
2022-07-20,28.489999771118164,28.600000381469727,24.656085968017578
2022-07-21,28.639999389648438,28.520000457763672,24.587116241455078
2022-07-22,28.520000457763672,28.479999542236328,24.55263328552246
2022-07-25,28.389999389648438,28.440000534057617,24.51814842224121
2022-07-26,28.579999923706055,28.65999984741211,24.70781135559082
2022-07-27,28.600000381469727,28.420000076293945,24.500905990600586
2022-07-28,28.440000534057617,28.399999618530273,24.48366355895996
2022-07-29,28.459999084472656,28.290000915527344,24.38883399963379
2022-08-01,28.190000534057617,28.18000030517578,24.294002532958984
2022-08-02,28.25,28.360000610351562,24.449180603027344
2022-08-03,28.40999984741211,28.440000534057617,24.51814842224121
2022-08-04,28.43000030517578,28.260000228881836,24.36297035217285
2022-08-05,28.540000915527344,28.5,24.569873809814453
2022-08-08,28.43000030517578,28.459999084472656,24.535388946533203
2022-08-09,28.360000610351562,28.43000030517578,24.5095272064209
2022-08-10,28.1200008392334,28.1200008392334,24.242277145385742
2022-08-11,28.030000686645508,28.139999389648438,24.2595157623291
2022-08-12,28.229999542236328,28.25,24.35434913635254
2022-08-15,28.34000015258789,28.5,24.569873809814453
2022-08-16,28.540000915527344,28.489999771118164,24.56125259399414
2022-08-17,28.540000915527344,28.530000686645508,24.59573745727539
2022-08-18,28.579999923706055,28.75,24.785400390625
2022-08-19,28.90999984741211,28.93000030517578,24.94057846069336
2022-08-22,29.010000228881836,29.170000076293945,25.147480010986328
2022-08-23,29.15999984741211,29.049999237060547,25.044029235839844
2022-08-24,29.170000076293945,29.06999969482422,25.061269760131836
2022-08-25,29.059999465942383,29.020000457763672,25.018165588378906
2022-08-26,28.860000610351562,29.1299991607666,25.11299705505371
2022-08-29,29.1200008392334,29.139999389648438,25.121618270874023
2022-08-30,29.06999969482422,29.1299991607666,25.11299705505371
2022-08-31,29.200000762939453,29.110000610351562,25.09575653076172
2022-09-01,29.290000915527344,29.3700008392334,25.319902420043945
2022-09-02,29.25,29.3799991607666,25.328519821166992
2022-09-06,29.530000686645508,29.549999237060547,25.475078582763672
2022-09-07,29.639999389648438,29.34000015258789,25.29404067993164
2022-09-08,29.469999313354492,29.399999618530273,25.34576416015625
2022-09-09,29.200000762939453,29.190000534057617,25.164724349975586
2022-09-12,29.030000686645508,29.040000915527344,25.03540802001953
2022-09-13,29.309999465942383,29.440000534057617,25.3802490234375
2022-09-14,29.360000610351562,29.3799991607666,25.328519821166992
2022-09-15,29.40999984741211,29.399999618530273,25.34576416015625
2022-09-16,29.5,29.399999618530273,25.34576416015625
2022-09-19,29.5,29.3799991607666,25.328519821166992
2022-09-20,29.530000686645508,29.520000457763672,25.44921875
2022-09-21,29.65999984741211,29.809999465942383,25.69922637939453
2022-09-22,29.770000457763672,29.850000381469727,25.73371124267578
2022-09-23,30.049999237060547,30.31999969482422,26.138896942138672
2022-09-26,30.440000534057617,30.65999984741211,26.432010650634766
2022-09-27,30.59000015258789,30.670000076293945,26.44063377380371
2022-09-28,30.700000762939453,30.270000457763672,26.095792770385742
2022-09-29,30.309999465942383,30.149999618530273,25.992340087890625
2022-09-30,30.270000457763672,30.149999618530273,25.992340087890625
2022-10-03,30.170000076293945,30.010000228881836,25.871644973754883
2022-10-04,29.81999969482422,29.600000381469727,25.518184661865234
2022-10-05,29.920000076293945,29.8799991607666,25.759572982788086
2022-10-06,30.059999465942383,30.18000030517578,26.018203735351562
2022-10-07,30.239999771118164,30.299999237060547,26.121654510498047
2022-10-10,30.420000076293945,30.43000030517578,26.233728408813477
2022-10-11,30.40999984741211,30.450000762939453,26.2509708404541
2022-10-12,30.459999084472656,30.450000762939453,26.2509708404541
2022-10-13,30.559999465942383,30.25,26.078548431396484
2022-10-14,30.329999923706055,30.459999084472656,26.25959014892578
2022-10-17,30.25,30.149999618530273,25.992340087890625
2022-10-18,30.079999923706055,30.1299991607666,25.97509765625
2022-10-19,30.309999465942383,30.350000381469727,26.16476058959961
2022-10-20,30.309999465942383,30.3700008392334,26.182003021240234
2022-10-21,30.469999313354492,30.110000610351562,25.95785903930664
2022-10-24,30.209999084472656,30.139999389648438,25.983718872070312
2022-10-25,29.950000762939453,29.809999465942383,25.69922637939453
2022-10-26,29.690000534057617,29.5,25.431974411010742
2022-10-27,29.68000030517578,29.729999542236328,25.63025665283203
2022-10-28,29.780000686645508,29.780000686645508,25.673364639282227
2022-10-31,29.979999542236328,30.030000686645508,25.88888931274414
2022-11-01,29.84000015258789,30.020000457763672,25.880268096923828
2022-11-02,29.920000076293945,30.149999618530273,25.992340087890625
2022-11-03,30.399999618530273,30.399999618530273,26.20786476135254
2022-11-04,30.030000686645508,29.829999923706055,25.716466903686523
2022-11-07,29.709999084472656,29.65999984741211,25.569910049438477
2022-11-08,29.690000534057617,29.530000686645508,25.45783805847168
2022-11-09,29.68000030517578,29.75,25.647502899169922
2022-11-10,29.260000228881836,29.06999969482422,25.061269760131836
2022-11-11,28.809999465942383,28.649999618530273,24.699188232421875
2022-11-14,28.829999923706055,28.780000686645508,24.811264038085938
2022-11-15,28.549999237060547,28.68000030517578,24.725051879882812
2022-11-16,28.600000381469727,28.6200008392334,24.67332649230957
2022-11-17,28.829999923706055,28.729999542236328,24.768156051635742
2022-11-18,28.75,28.809999465942383,24.837125778198242
2022-11-21,29.030000686645508,29.059999465942383,25.052650451660156
2022-11-22,28.969999313354492,28.8799991607666,24.89747428894043
2022-11-23,28.799999237060547,28.579999923706055,24.63884162902832
2022-11-25,28.65999984741211,28.579999923706055,24.63884162902832
2022-11-28,28.559999465942383,28.790000915527344,24.81988525390625
2022-11-29,28.799999237060547,28.84000015258789,24.86298942565918
2022-11-30,28.719999313354492,28.610000610351562,24.664705276489258
2022-12-01,28.309999465942383,28.260000228881836,24.36297035217285
2022-12-02,28.360000610351562,28.229999542236328,24.337106704711914
2022-12-05,28.25,28.459999084472656,24.535388946533203
2022-12-06,28.399999618530273,28.479999542236328,24.55263328552246
2022-12-07,28.3700008392334,28.389999389648438,24.47504234313965
2022-12-08,28.360000610351562,28.299999237060547,24.39745330810547
2022-12-09,28.34000015258789,28.360000610351562,24.449180603027344
2022-12-12,28.34000015258789,28.3799991607666,24.466421127319336
2022-12-13,28.030000686645508,28.1299991607666,24.250896453857422
2022-12-14,28.09000015258789,28.0,24.138824462890625
2022-12-15,28.059999465942383,28.260000228881836,24.36297035217285
2022-12-16,28.280000686645508,28.309999465942383,24.40607452392578
2022-12-19,28.030000686645508,28.06999969482422,24.41216278076172
2022-12-20,27.920000076293945,27.8799991607666,24.246919631958008
2022-12-21,27.920000076293945,27.950000762939453,24.30780029296875
2022-12-22,28.0,27.989999771118164,24.342586517333984
2022-12-23,28.010000228881836,27.979999542236328,24.333890914916992
2022-12-27,28.0,27.969999313354492,24.325193405151367
2022-12-28,27.920000076293945,28.06999969482422,24.41216278076172
2022-12-29,27.950000762939453,27.899999618530273,24.264314651489258
2022-12-30,27.860000610351562,27.809999465942383,24.1860408782959
2023-01-03,28.06999969482422,28.110000610351562,24.446949005126953
2023-01-04,27.969999313354492,28.010000228881836,24.3599796295166
2023-01-05,28.200000762939453,28.270000457763672,24.586101531982422
2023-01-06,28.260000228881836,27.899999618530273,24.264314651489258
2023-01-09,27.780000686645508,27.729999542236328,24.11646842956543
2023-01-10,27.729999542236328,27.75,24.133859634399414
2023-01-11,27.739999771118164,27.75,24.133859634399414
2023-01-12,27.56999969482422,27.479999542236328,23.899044036865234
2023-01-13,27.549999237060547,27.469999313354492,23.890348434448242
2023-01-17,27.440000534057617,27.549999237060547,23.959922790527344
2023-01-18,27.329999923706055,27.549999237060547,23.959922790527344
2023-01-19,27.5,27.479999542236328,23.899044036865234
2023-01-20,27.559999465942383,27.440000534057617,23.864259719848633
2023-01-23,27.510000228881836,27.479999542236328,23.899044036865234
2023-01-24,27.489999771118164,27.450000762939453,23.872955322265625
2023-01-25,27.440000534057617,27.360000610351562,23.7946834564209
2023-01-26,27.399999618530273,27.43000030517578,23.855562210083008
2023-01-27,27.520000457763672,27.469999313354492,23.890348434448242
2023-01-30,27.479999542236328,27.56999969482422,23.977317810058594
2023-01-31,27.549999237060547,27.510000228881836,23.92513656616211
2023-02-01,27.43000030517578,27.25,23.699018478393555
2023-02-02,27.31999969482422,27.43000030517578,23.855562210083008
2023-02-03,27.649999618530273,27.790000915527344,24.168651580810547
2023-02-06,27.899999618530273,27.950000762939453,24.30780029296875
2023-02-07,28.010000228881836,27.899999618530273,24.264314651489258
2023-02-08,27.8799991607666,27.93000030517578,24.2904052734375
2023-02-09,27.709999084472656,27.889999389648438,24.255617141723633
2023-02-10,27.899999618530273,27.979999542236328,24.333890914916992
2023-02-13,27.989999771118164,27.899999618530273,24.264314651489258
2023-02-14,27.920000076293945,27.8799991607666,24.246919631958008
2023-02-15,28.09000015258789,28.06999969482422,24.41216278076172
2023-02-16,28.139999389648438,28.110000610351562,24.446949005126953
2023-02-17,28.190000534057617,28.09000015258789,24.429555892944336
2023-02-21,28.1299991607666,28.18000030517578,24.507829666137695
2023-02-22,28.18000030517578,28.270000457763672,24.586101531982422
2023-02-23,28.270000457763672,28.280000686645508,24.594797134399414
2023-02-24,28.489999771118164,28.489999771118164,24.77743148803711
2023-02-27,28.3799991607666,28.34000015258789,24.6469783782959
2023-02-28,28.309999465942383,28.420000076293945,24.716552734375
2023-03-01,28.260000228881836,28.270000457763672,24.586101531982422
2023-03-02,28.459999084472656,28.420000076293945,24.716552734375
2023-03-03,28.3700008392334,28.309999465942383,24.620887756347656
2023-03-06,28.280000686645508,28.270000457763672,24.586101531982422
2023-03-07,28.350000381469727,28.6200008392334,24.890491485595703
2023-03-08,28.610000610351562,28.610000610351562,24.881793975830078
2023-03-09,28.549999237060547,28.530000686645508,24.812219619750977
2023-03-10,28.350000381469727,28.350000381469727,24.65567398071289
2023-03-13,28.15999984741211,28.09000015258789,24.429555892944336
2023-03-14,28.110000610351562,28.09000015258789,24.429555892944336
2023-03-15,28.469999313354492,28.389999389648438,24.69046401977539
2023-03-16,28.389999389648438,28.360000610351562,24.66437339782715
2023-03-17,28.290000915527344,28.200000762939453,24.525222778320312
2023-03-20,28.059999465942383,28.040000915527344,24.386072158813477
2023-03-21,27.989999771118164,28.030000686645508,24.377376556396484
2023-03-22,27.989999771118164,27.81999969482422,24.194740295410156
2023-03-23,27.780000686645508,27.860000610351562,24.229528427124023
2023-03-24,28.0,28.030000686645508,24.377376556396484
2023-03-27,27.989999771118164,27.940000534057617,24.299102783203125
2023-03-28,27.8799991607666,27.84000015258789,24.212133407592773
2023-03-29,27.90999984741211,27.90999984741211,24.273012161254883
2023-03-30,27.780000686645508,27.780000686645508,24.15995216369629
2023-03-31,27.84000015258789,27.8799991607666,24.246919631958008
2023-04-03,27.829999923706055,27.75,24.133859634399414
2023-04-04,27.75,27.639999389648438,24.038196563720703
2023-04-05,27.649999618530273,27.719999313354492,24.107770919799805
2023-04-06,27.790000915527344,27.739999771118164,24.125164031982422
2023-04-10,27.93000030517578,27.899999618530273,24.264314651489258
2023-04-11,27.790000915527344,27.799999237060547,24.17734718322754
2023-04-12,27.649999618530273,27.649999618530273,24.046892166137695
2023-04-13,27.5,27.520000457763672,23.933834075927734
2023-04-14,27.56999969482422,27.68000030517578,24.072982788085938
2023-04-17,27.780000686645508,27.81999969482422,24.194740295410156
2023-04-18,27.770000457763672,27.719999313354492,24.107770919799805
2023-04-19,27.760000228881836,27.780000686645508,24.15995216369629
2023-04-20,27.760000228881836,27.780000686645508,24.15995216369629
2023-04-21,27.739999771118164,27.75,24.133859634399414
2023-04-24,27.709999084472656,27.65999984741211,24.05558967590332
2023-04-25,27.719999313354492,27.790000915527344,24.168651580810547
2023-04-26,27.56999969482422,27.700000762939453,24.090377807617188
2023-04-27,27.770000457763672,27.709999084472656,24.09907341003418
2023-04-28,27.799999237060547,27.75,24.133859634399414
2023-05-01,27.770000457763672,27.889999389648438,24.255617141723633
2023-05-02,27.93000030517578,27.81999969482422,24.194740295410156
2023-05-03,27.719999313354492,27.670000076293945,24.064287185668945
2023-05-04,27.700000762939453,27.700000762939453,24.090377807617188
2023-05-05,27.75,27.65999984741211,24.05558967590332
2023-05-08,27.6299991607666,27.700000762939453,24.090377807617188
2023-05-09,27.809999465942383,27.790000915527344,24.168651580810547
2023-05-10,27.709999084472656,27.739999771118164,24.125164031982422
2023-05-11,27.8799991607666,27.920000076293945,24.281709671020508
2023-05-12,27.969999313354492,28.100000381469727,24.43825340270996
2023-05-15,28.049999237060547,28.020000457763672,24.368677139282227
2023-05-16,28.049999237060547,28.09000015258789,24.429555892944336
2023-05-17,28.149999618530273,28.139999389648438,24.473039627075195
2023-05-18,28.290000915527344,28.350000381469727,24.65567398071289
2023-05-19,28.299999237060547,28.270000457763672,24.586101531982422
2023-05-22,28.290000915527344,28.290000915527344,24.603492736816406
2023-05-23,28.360000610351562,28.3700008392334,24.67306900024414
2023-05-24,28.3799991607666,28.469999313354492,24.76003646850586
2023-05-25,28.540000915527344,28.600000381469727,24.873098373413086
2023-05-26,28.559999465942383,28.59000015258789,24.86440086364746
2023-05-30,28.520000457763672,28.559999465942383,24.838308334350586
2023-05-31,28.639999389648438,28.610000610351562,24.881793975830078
2023-06-01,28.559999465942383,28.270000457763672,24.586101531982422
2023-06-02,28.40999984741211,28.56999969482422,24.847007751464844
2023-06-05,28.639999389648438,28.520000457763672,24.80352210998535
2023-06-06,28.649999618530273,28.610000610351562,24.881793975830078
2023-06-07,28.549999237060547,28.6200008392334,24.890491485595703
2023-06-08,28.489999771118164,28.389999389648438,24.69046401977539
2023-06-09,28.450000762939453,28.479999542236328,24.768733978271484
2023-06-12,28.469999313354492,28.489999771118164,24.77743148803711
2023-06-13,28.399999618530273,28.399999618530273,24.699159622192383
2023-06-14,28.290000915527344,28.260000228881836,24.577404022216797
2023-06-15,28.270000457763672,28.100000381469727,24.43825340270996
2023-06-16,28.110000610351562,28.149999618530273,24.48173713684082
2023-06-20,28.239999771118164,28.229999542236328,24.551311492919922
2023-06-21,28.260000228881836,28.100000381469727,24.43825340270996
2023-06-22,28.15999984741211,28.200000762939453,24.525222778320312
2023-06-23,28.309999465942383,28.350000381469727,24.65567398071289
2023-06-26,28.31999969482422,28.31999969482422,24.62958335876465
2023-06-27,28.219999313354492,28.25,24.568706512451172
2023-06-28,28.3700008392334,28.3799991607666,24.681764602661133
2023-06-29,28.5,28.5,24.7861270904541
2023-06-30,28.43000030517578,28.3799991607666,24.681764602661133
2023-07-03,28.420000076293945,28.40999984741211,24.707855224609375
2023-07-05,28.420000076293945,28.540000915527344,24.8209171295166
2023-07-06,28.469999313354492,28.469999313354492,24.76003646850586
2023-07-07,28.389999389648438,28.229999542236328,24.551311492919922
2023-07-10,28.270000457763672,28.15999984741211,24.490434646606445
2023-07-11,28.1299991607666,28.09000015258789,24.429555892944336
2023-07-12,27.889999389648438,27.760000228881836,24.142559051513672
2023-07-13,27.65999984741211,27.56999969482422,23.977317810058594
2023-07-14,27.59000015258789,27.6200008392334,24.020803451538086
2023-07-17,27.649999618530273,27.59000015258789,23.994712829589844
2023-07-18,27.610000610351562,27.610000610351562,24.01210594177246
2023-07-19,27.709999084472656,27.719999313354492,24.107770919799805
2023-07-20,27.790000915527344,27.8799991607666,24.246919631958008
2023-07-21,27.940000534057617,27.959999084472656,24.31649398803711
2023-07-24,28.030000686645508,28.059999465942383,24.403465270996094
2023-07-25,28.139999389648438,28.030000686645508,24.377376556396484
2023-07-26,28.020000457763672,27.950000762939453,24.30780029296875
2023-07-27,28.100000381469727,28.209999084472656,24.533918380737305
2023-07-28,28.18000030517578,28.170000076293945,24.499130249023438
2023-07-31,28.200000762939453,28.219999313354492,24.542613983154297
2023-08-01,28.34000015258789,28.350000381469727,24.65567398071289
2023-08-02,28.399999618530273,28.450000762939453,24.742645263671875
2023-08-03,28.489999771118164,28.43000030517578,24.725250244140625
2023-08-04,28.260000228881836,28.290000915527344,24.603492736816406
2023-08-07,28.309999465942383,28.309999465942383,24.620887756347656
2023-08-08,28.479999542236328,28.440000534057617,24.73394775390625
2023-08-09,28.43000030517578,28.459999084472656,24.751340866088867
2023-08-10,28.399999618530273,28.510000228881836,24.79482650756836
2023-08-11,28.540000915527344,28.56999969482422,24.847007751464844
2023-08-14,28.709999084472656,28.670000076293945,24.933977127075195
2023-08-15,28.610000610351562,28.68000030517578,24.942670822143555
2023-08-16,28.68000030517578,28.760000228881836,25.01224708557129
2023-08-17,28.670000076293945,28.75,25.003551483154297
2023-08-18,28.790000915527344,28.770000457763672,25.020944595336914
2023-08-21,28.75,28.739999771118164,24.994853973388672
2023-08-22,28.799999237060547,28.84000015258789,25.081823348999023
2023-08-23,28.8700008392334,28.739999771118164,24.994853973388672
2023-08-24,28.889999389648438,28.969999313354492,25.194881439208984
2023-08-25,28.969999313354492,29.010000228881836,25.22966957092285
2023-08-28,28.989999771118164,28.959999084472656,25.18618392944336
2023-08-29,29.06999969482422,28.799999237060547,25.047035217285156
2023-08-30,28.709999084472656,28.75,25.003551483154297
2023-08-31,28.860000610351562,28.889999389648438,25.12530517578125
2023-09-01,28.81999969482422,29.06999969482422,25.281850814819336
2023-09-05,29.15999984741211,29.219999313354492,25.412302017211914
2023-09-06,29.209999084472656,29.229999542236328,25.42099952697754
2023-09-07,29.290000915527344,29.299999237060547,25.48187828063965
2023-09-08,29.290000915527344,29.329999923706055,25.507970809936523
2023-09-11,29.200000762939453,29.190000534057617,25.386213302612305
2023-09-12,29.270000457763672,29.239999771118164,25.429697036743164
2023-09-13,29.229999542236328,29.260000228881836,25.447092056274414
2023-09-14,29.3700008392334,29.440000534057617,25.603635787963867
2023-09-15,29.420000076293945,29.420000076293945,25.586240768432617
2023-09-18,29.399999618530273,29.3700008392334,25.542757034301758
2023-09-19,29.350000381469727,29.389999389648438,25.560152053833008
2023-09-20,29.350000381469727,29.440000534057617,25.603635787963867
2023-09-21,29.5,29.459999084472656,25.621028900146484
2023-09-22,29.530000686645508,29.530000686645508,25.681907653808594
2023-09-25,29.6200008392334,29.639999389648438,25.777572631835938
2023-09-26,29.65999984741211,29.729999542236328,25.855844497680664
2023-09-27,29.799999237060547,29.8700008392334,25.977603912353516
2023-09-28,29.760000228881836,29.709999084472656,25.838449478149414
2023-09-29,29.649999618530273,29.729999542236328,25.855844497680664
2023-10-02,29.850000381469727,29.959999084472656,26.055871963500977
2023-10-03,30.0,29.989999771118164,26.08196449279785
2023-10-04,29.889999389648438,29.899999618530273,26.003692626953125
2023-10-05,29.860000610351562,29.799999237060547,25.916723251342773
2023-10-06,29.90999984741211,29.739999771118164,25.86454200744629
2023-10-09,29.81999969482422,29.729999542236328,25.855844497680664
2023-10-10,29.709999084472656,29.65999984741211,25.794967651367188
2023-10-11,29.639999389648438,29.65999984741211,25.794967651367188
2023-10-12,29.760000228881836,29.90999984741211,26.012388229370117
2023-10-13,29.90999984741211,29.93000030517578,26.02978515625
2023-10-16,29.8700008392334,29.799999237060547,25.916723251342773
2023-10-17,29.8799991607666,29.809999465942383,25.9254207611084
2023-10-18,29.8799991607666,29.920000076293945,26.021085739135742
2023-10-19,29.889999389648438,29.829999923706055,25.942811965942383
2023-10-20,29.84000015258789,29.84000015258789,25.95151138305664
2023-10-23,29.84000015258789,29.690000534057617,25.82105827331543
2023-10-24,29.799999237060547,29.860000610351562,25.968904495239258
2023-10-25,29.940000534057617,29.940000534057617,26.038480758666992
2023-10-26,29.989999771118164,30.010000228881836,26.09935760498047
2023-10-27,29.950000762939453,29.969999313354492,26.0645694732666
2023-10-30,29.920000076293945,29.850000381469727,25.960208892822266
2023-10-31,29.950000762939453,30.030000686645508,26.11675262451172
2023-11-01,30.1299991607666,30.040000915527344,26.12544822692871
2023-11-02,29.84000015258789,29.889999389648438,25.994993209838867
2023-11-03,29.649999618530273,29.610000610351562,25.751483917236328
2023-11-06,29.59000015258789,29.639999389648438,25.777572631835938
2023-11-07,29.770000457763672,29.739999771118164,25.86454200744629
2023-11-08,29.790000915527344,29.729999542236328,25.855844497680664
2023-11-09,29.739999771118164,29.860000610351562,25.968904495239258
2023-11-10,29.84000015258789,29.84000015258789,25.95151138305664
2023-11-13,29.850000381469727,29.799999237060547,25.916723251342773
2023-11-14,29.510000228881836,29.329999923706055,25.507970809936523
2023-11-15,29.420000076293945,29.440000534057617,25.603635787963867
2023-11-16,29.420000076293945,29.459999084472656,25.621028900146484
2023-11-17,29.389999389648438,29.299999237060547,25.48187828063965
2023-11-20,29.25,29.209999084472656,25.403608322143555
2023-11-21,29.139999389648438,29.239999771118164,25.429697036743164
2023-11-22,29.3799991607666,29.34000015258789,25.51666831970215
2023-11-24,29.260000228881836,29.209999084472656,25.403608322143555
2023-11-27,29.200000762939453,29.149999618530273,25.351425170898438
2023-11-28,29.100000381469727,29.049999237060547,25.26445770263672
2023-11-29,29.06999969482422,29.079999923706055,25.290546417236328
2023-11-30,29.229999542236328,29.290000915527344,25.473180770874023
2023-12-01,29.309999465942383,29.200000762939453,25.39491081237793
2023-12-04,29.350000381469727,29.329999923706055,25.507970809936523
2023-12-05,29.3700008392334,29.440000534057617,25.603635787963867
2023-12-06,29.399999618530273,29.510000228881836,25.664514541625977
2023-12-07,29.40999984741211,29.350000381469727,25.525362014770508
2023-12-08,29.510000228881836,29.459999084472656,25.621028900146484
2023-12-11,29.520000457763672,29.5,25.65581512451172
2023-12-12,29.459999084472656,29.420000076293945,25.586240768432617
2023-12-13,29.399999618530273,29.170000076293945,25.368818283081055
2023-12-14,28.989999771118164,28.899999618530273,25.134004592895508
2023-12-15,29.030000686645508,29.09000015258789,25.299243927001953
2023-12-18,27.31999969482422,27.34000015258789,25.295543670654297
2023-12-19,27.270000457763672,27.219999313354492,25.18451690673828
2023-12-20,27.25,27.34000015258789,25.295543670654297
2023-12-21,27.18000030517578,27.15999984741211,25.129003524780273
2023-12-22,27.110000610351562,27.149999618530273,25.1197509765625
2023-12-26,27.1200008392334,27.09000015258789,25.064237594604492
2023-12-27,27.040000915527344,26.950000762939453,24.934709548950195
2023-12-28,26.979999542236328,27.040000915527344,25.01797866821289
2023-12-29,27.079999923706055,27.09000015258789,25.064237594604492
2024-01-02,27.290000915527344,27.31999969482422,25.27703857421875
2024-01-03,27.420000076293945,27.40999984741211,25.360309600830078
2024-01-04,27.420000076293945,27.40999984741211,25.360309600830078
2024-01-05,27.43000030517578,27.40999984741211,25.360309600830078
2024-01-08,27.3799991607666,27.360000610351562,25.314048767089844
2024-01-09,27.389999389648438,27.450000762939453,25.39731788635254
2024-01-10,27.440000534057617,27.399999618530273,25.351057052612305
2024-01-11,27.450000762939453,27.420000076293945,25.36956024169922
2024-01-12,27.399999618530273,27.450000762939453,25.39731788635254
2024-01-16,27.6299991607666,27.690000534057617,25.61937141418457
2024-01-17,27.75,27.709999084472656,25.637874603271484
2024-01-18,27.75,27.739999771118164,25.665632247924805
2024-01-19,27.739999771118164,27.700000762939453,25.628623962402344
2024-01-22,27.690000534057617,27.709999084472656,25.637874603271484
2024-01-23,27.75,27.780000686645508,25.702640533447266
2024-01-24,27.56999969482422,27.700000762939453,25.628623962402344
2024-01-25,27.719999313354492,27.780000686645508,25.702640533447266
2024-01-26,27.739999771118164,27.780000686645508,25.702640533447266
2024-01-29,27.850000381469727,27.780000686645508,25.702640533447266
2024-01-30,27.760000228881836,27.760000228881836,25.68413734436035
2024-01-31,27.709999084472656,27.829999923706055,25.7489013671875
2024-02-01,27.809999465942383,27.690000534057617,25.61937141418457
2024-02-02,27.8799991607666,27.940000534057617,25.850677490234375
2024-02-05,28.059999465942383,28.09000015258789,25.989459991455078
2024-02-06,28.100000381469727,28.010000228881836,25.915441513061523
2024-02-07,28.0,27.979999542236328,25.887685775756836
2024-02-08,28.059999465942383,28.010000228881836,25.915441513061523
2024-02-09,28.020000457763672,27.989999771118164,25.896936416625977
2024-02-12,28.030000686645508,28.020000457763672,25.924694061279297
2024-02-13,28.18000030517578,28.239999771118164,26.12824249267578
2024-02-14,28.239999771118164,28.190000534057617,26.081981658935547
2024-02-15,28.110000610351562,28.079999923706055,25.980207443237305
2024-02-16,28.18000030517578,28.09000015258789,25.989459991455078
2024-02-20,28.0,28.049999237060547,25.952449798583984
2024-02-21,28.040000915527344,28.020000457763672,25.924694061279297
2024-02-22,28.059999465942383,28.020000457763672,25.924694061279297
2024-02-23,28.010000228881836,28.040000915527344,25.943199157714844
2024-02-26,27.989999771118164,27.989999771118164,25.896936416625977
2024-02-27,28.010000228881836,28.010000228881836,25.915441513061523
2024-02-28,28.049999237060547,28.030000686645508,25.933948516845703
2024-02-29,28.0,28.09000015258789,25.989459991455078
2024-03-01,28.110000610351562,28.040000915527344,25.943199157714844
2024-03-04,28.040000915527344,28.040000915527344,25.943199157714844
2024-03-05,28.030000686645508,28.010000228881836,25.915441513061523
2024-03-06,27.950000762939453,27.90999984741211,25.822919845581055
2024-03-07,27.860000610351562,27.770000457763672,25.693389892578125
2024-03-08,27.709999084472656,27.780000686645508,25.702640533447266
2024-03-11,27.790000915527344,27.809999465942383,25.730396270751953
2024-03-12,27.850000381469727,27.829999923706055,25.7489013671875
2024-03-13,27.809999465942383,27.799999237060547,25.721145629882812
2024-03-14,27.860000610351562,27.950000762939453,25.85993003845215
2024-03-15,27.989999771118164,27.979999542236328,25.887685775756836
2024-03-18,27.989999771118164,28.040000915527344,25.943199157714844
2024-03-19,28.1200008392334,28.110000610351562,26.007963180541992
2024-03-20,28.190000534057617,27.979999542236328,25.887685775756836
2024-03-21,28.079999923706055,28.170000076293945,26.0634765625
2024-03-22,28.260000228881836,28.31999969482422,26.202259063720703
2024-03-25,28.25,28.25,26.137495040893555
2024-03-26,28.219999313354492,28.270000457763672,26.1560001373291
2024-03-27,28.299999237060547,28.290000915527344,26.174503326416016
2024-03-28,28.31999969482422,28.3700008392334,26.24852180480957
2024-04-01,28.3799991607666,28.479999542236328,26.350296020507812
2024-04-02,28.459999084472656,28.440000534057617,26.31328773498535
2024-04-03,28.40999984741211,28.309999465942383,26.193008422851562
2024-04-04,28.229999542236328,28.309999465942383,26.193008422851562
2024-04-05,28.40999984741211,28.34000015258789,26.220766067504883
2024-04-08,28.329999923706055,28.299999237060547,26.18375587463379
2024-04-09,28.229999542236328,28.290000915527344,26.174503326416016
2024-04-10,28.489999771118164,28.59000015258789,26.452070236206055
2024-04-11,28.559999465942383,28.610000610351562,26.4705753326416
2024-04-12,28.81999969482422,28.84000015258789,26.68337631225586
2024-04-15,28.850000381469727,28.889999389648438,26.72963523864746
2024-04-16,28.889999389648438,28.93000030517578,26.766645431518555
2024-04-17,28.8799991607666,28.84000015258789,26.68337631225586
2024-04-18,28.84000015258789,28.899999618530273,26.738889694213867
2024-04-19,28.84000015258789,28.899999618530273,26.738889694213867
2024-04-22,28.969999313354492,28.90999984741211,26.748140335083008
2024-04-23,28.8799991607666,28.790000915527344,26.637115478515625
2024-04-24,28.809999465942383,28.81999969482422,26.664871215820312
2024-04-25,28.8700008392334,28.760000228881836,26.609357833862305
2024-04-26,28.850000381469727,28.889999389648438,26.72963523864746
2024-04-29,28.850000381469727,28.799999237060547,26.646366119384766
2024-04-30,28.889999389648438,28.979999542236328,26.81290626525879
2024-05-01,28.969999313354492,28.950000762939453,26.7851505279541
2024-05-02,28.850000381469727,28.729999542236328,26.581600189208984
2024-05-03,28.600000381469727,28.649999618530273,26.50758171081543
2024-05-06,28.6299991607666,28.68000030517578,26.53533935546875
2024-05-07,28.68000030517578,28.760000228881836,26.609357833862305
2024-05-08,28.799999237060547,28.799999237060547,26.646366119384766
2024-05-09,28.780000686645508,28.700000762939453,26.553844451904297
2024-05-10,28.729999542236328,28.739999771118164,26.590852737426758
2024-05-13,28.690000534057617,28.729999542236328,26.581600189208984
2024-05-14,28.690000534057617,28.670000076293945,26.52608871459961
2024-05-15,28.559999465942383,28.489999771118164,26.359548568725586
2024-05-16,28.559999465942383,28.559999465942383,26.424312591552734
2024-05-17,28.610000610351562,28.559999465942383,26.424312591552734
2024-05-20,28.579999923706055,28.600000381469727,26.461322784423828
2024-05-21,28.610000610351562,28.600000381469727,26.461322784423828
2024-05-22,28.649999618530273,28.690000534057617,26.544593811035156
2024-05-23,28.6299991607666,28.75,26.600107192993164
2024-05-24,28.670000076293945,28.65999984741211,26.516836166381836
2024-05-28,28.559999465942383,28.6200008392334,26.479827880859375
2024-05-29,28.700000762939453,28.780000686645508,26.62786293029785
2024-05-30,28.690000534057617,28.690000534057617,26.544593811035156
2024-05-31,28.6200008392334,28.670000076293945,26.52608871459961
2024-06-03,28.639999389648438,28.520000457763672,26.387304306030273
2024-06-04,28.579999923706055,28.530000686645508,26.396556854248047
2024-06-05,28.549999237060547,28.56999969482422,26.43356704711914
2024-06-06,28.579999923706055,28.530000686645508,26.396556854248047
2024-06-07,28.719999313354492,28.770000457763672,26.618610382080078
2024-06-10,28.889999389648438,28.84000015258789,26.68337631225586
2024-06-11,28.920000076293945,28.8799991607666,26.72038459777832
2024-06-12,28.6299991607666,28.75,26.600107192993164
2024-06-13,28.600000381469727,28.860000610351562,26.701879501342773
2024-06-14,29.030000686645508,28.989999771118164,26.822158813476562
2024-06-17,28.979999542236328,28.920000076293945,26.75739288330078
2024-06-18,28.950000762939453,28.90999984741211,26.748140335083008
2024-06-20,28.969999313354492,29.030000686645508,26.859169006347656
2024-06-21,29.079999923706055,29.100000381469727,26.923933029174805
2024-06-24,29.0,29.0,26.831411361694336
2024-06-25,29.059999465942383,29.030000686645508,26.859169006347656
2024-06-26,29.170000076293945,29.170000076293945,26.988697052001953
2024-06-27,29.09000015258789,29.1299991607666,26.951688766479492
2024-06-28,29.149999618530273,29.1299991607666,26.951688766479492
2024-07-01,29.079999923706055,29.139999389648438,26.960941314697266
2024-07-02,29.139999389648438,29.100000381469727,26.923933029174805
2024-07-03,29.030000686645508,28.979999542236328,26.81290626525879
2024-07-05,28.920000076293945,28.8799991607666,26.72038459777832
2024-07-08,28.8799991607666,28.93000030517578,26.766645431518555
2024-07-09,28.950000762939453,28.969999313354492,26.803653717041016
2024-07-10,28.959999084472656,28.940000534057617,26.775897979736328
2024-07-11,28.75,28.790000915527344,26.637115478515625
2024-07-12,28.719999313354492,28.690000534057617,26.544593811035156
2024-07-15,28.690000534057617,28.739999771118164,26.590852737426758
2024-07-16,28.799999237060547,28.739999771118164,26.590852737426758
2024-07-17,28.6200008392334,28.610000610351562,26.4705753326416
2024-07-18,28.670000076293945,28.739999771118164,26.590852737426758
2024-07-19,28.780000686645508,28.81999969482422,26.664871215820312
2024-07-22,28.809999465942383,28.799999237060547,26.646366119384766
2024-07-23,28.850000381469727,28.850000381469727,26.692628860473633
2024-07-24,28.780000686645508,28.84000015258789,26.68337631225586
2024-07-25,28.84000015258789,28.84000015258789,26.68337631225586
2024-07-26,28.809999465942383,28.81999969482422,26.664871215820312
2024-07-29,28.920000076293945,28.899999618530273,26.738889694213867
2024-07-30,28.950000762939453,28.920000076293945,26.75739288330078
2024-07-31,28.75,28.760000228881836,26.609357833862305
2024-08-01,28.829999923706055,28.860000610351562,26.701879501342773
2024-08-02,28.6299991607666,28.56999969482422,26.43356704711914
2024-08-05,28.31999969482422,28.40999984741211,26.28553009033203
2024-08-06,28.530000686645508,28.5,26.368799209594727
2024-08-07,28.579999923706055,28.559999465942383,26.424312591552734
2024-08-08,28.6299991607666,28.600000381469727,26.461322784423828
2024-08-09,28.579999923706055,28.56999969482422,26.43356704711914
2024-08-12,28.610000610351562,28.56999969482422,26.43356704711914
2024-08-13,28.530000686645508,28.420000076293945,26.294782638549805
2024-08-14,28.43000030517578,28.450000762939453,26.322540283203125
2024-08-15,28.600000381469727,28.549999237060547,26.41506004333496
2024-08-16,28.479999542236328,28.40999984741211,26.28553009033203
2024-08-19,28.3700008392334,28.260000228881836,26.146747589111328
2024-08-20,28.209999084472656,28.15999984741211,26.05422592163086
2024-08-21,28.15999984741211,28.06999969482422,25.97095489501953
2024-08-22,28.1200008392334,28.200000762939453,26.09123420715332
2024-08-23,28.200000762939453,27.959999084472656,25.869178771972656
2024-08-26,28.010000228881836,28.020000457763672,25.924694061279297
2024-08-27,28.010000228881836,27.93000030517578,25.84142303466797
2024-08-28,28.09000015258789,28.09000015258789,25.989459991455078
2024-08-29,28.18000030517578,28.190000534057617,26.081981658935547
2024-08-30,28.25,28.270000457763672,26.1560001373291
2024-09-03,28.260000228881836,28.31999969482422,26.202259063720703
2024-09-04,28.270000457763672,28.18000030517578,26.072731018066406
2024-09-05,28.139999389648438,28.139999389648438,26.03571891784668
2024-09-06,28.170000076293945,28.18000030517578,26.072731018066406
2024-09-09,28.260000228881836,28.299999237060547,26.18375587463379
2024-09-10,28.31999969482422,28.309999465942383,26.193008422851562
2024-09-11,28.34000015258789,28.34000015258789,26.220766067504883
2024-09-12,28.299999237060547,28.219999313354492,26.109737396240234
2024-09-13,28.139999389648438,28.18000030517578,26.072731018066406
2024-09-16,28.06999969482422,28.09000015258789,25.989459991455078
2024-09-17,28.1200008392334,28.18000030517578,26.072731018066406
2024-09-18,28.09000015258789,28.209999084472656,26.100486755371094
2024-09-19,28.18000030517578,28.09000015258789,25.989459991455078
2024-09-20,28.149999618530273,28.139999389648438,26.03571891784668
2024-09-23,28.170000076293945,28.18000030517578,26.072731018066406
2024-09-24,28.1200008392334,28.020000457763672,25.924694061279297
2024-09-25,28.020000457763672,28.209999084472656,26.100486755371094
2024-09-26,28.149999618530273,28.079999923706055,25.980207443237305
2024-09-27,28.020000457763672,28.06999969482422,25.97095489501953
2024-09-30,28.06999969482422,28.18000030517578,26.072731018066406
2024-10-01,28.270000457763672,28.299999237060547,26.18375587463379
2024-10-02,28.3700008392334,28.420000076293945,26.294782638549805
2024-10-03,28.5,28.510000228881836,26.378053665161133
2024-10-04,28.700000762939453,28.670000076293945,26.52608871459961
2024-10-07,28.68000030517578,28.690000534057617,26.544593811035156
2024-10-08,28.65999984741211,28.690000534057617,26.544593811035156
2024-10-09,28.770000457763672,28.81999969482422,26.664871215820312
2024-10-10,28.799999237060547,28.809999465942383,26.65561866760254
2024-10-11,28.81999969482422,28.829999923706055,26.674121856689453
2024-10-14,28.920000076293945,28.920000076293945,26.75739288330078
2024-10-15,28.8700008392334,28.940000534057617,26.775897979736328
2024-10-16,28.950000762939453,29.020000457763672,26.84991455078125
2024-10-17,29.100000381469727,29.110000610351562,26.933185577392578
2024-10-18,29.030000686645508,29.030000686645508,26.859169006347656
2024-10-21,29.059999465942383,29.15999984741211,26.979446411132812
2024-10-22,29.170000076293945,29.190000534057617,27.0072021484375
2024-10-23,29.280000686645508,29.290000915527344,27.09972381591797
2024-10-24,29.229999542236328,29.18000030517578,26.99795150756836
2024-10-25,29.200000762939453,29.280000686645508,27.090473175048828
2024-10-28,29.25,29.280000686645508,27.090473175048828
2024-10-29,29.3700008392334,29.290000915527344,27.09972381591797
2024-10-30,29.299999237060547,29.219999313354492,27.034957885742188
2024-10-31,29.18000030517578,29.200000762939453,27.016454696655273
2024-11-01,29.209999084472656,29.31999969482422,27.127479553222656
2024-11-04,29.15999984741211,29.209999084472656,27.025707244873047
2024-11-05,29.1299991607666,29.09000015258789,26.91468048095703
2024-11-06,29.610000610351562,29.559999465942383,27.349533081054688
2024-11-07,29.3700008392334,29.31999969482422,27.127479553222656
2024-11-08,29.440000534057617,29.520000457763672,27.31252670288086
2024-11-11,29.690000534057617,29.690000534057617,27.46981430053711
2024-11-12,29.799999237060547,29.81999969482422,27.590091705322266
2024-11-13,29.829999923706055,29.989999771118164,27.747379302978516
2024-11-14,30.0,30.110000610351562,27.858407974243164
2024-11-15,30.059999465942383,30.079999923706055,27.830650329589844
2024-11-18,30.010000228881836,29.93000030517578,27.69186782836914
2024-11-19,29.90999984741211,29.920000076293945,27.682613372802734
2024-11-20,30.049999237060547,30.06999969482422,27.821395874023438
2024-11-21,30.059999465942383,30.170000076293945,27.91391944885254
2024-11-22,30.309999465942383,30.329999923706055,28.061954498291016
2024-11-25,30.059999465942383,30.1200008392334,27.867658615112305
2024-11-26,30.1299991607666,30.15999984741211,27.904666900634766
2024-11-27,29.940000534057617,29.899999618530273,27.66411018371582
2024-11-29,29.90999984741211,29.850000381469727,27.617849349975586
2024-12-02,30.030000686645508,30.030000686645508,27.78438949584961
2024-12-03,29.950000762939453,30.020000457763672,27.775136947631836
2024-12-04,30.06999969482422,30.010000228881836,27.76588249206543
2024-12-05,29.889999389648438,29.850000381469727,27.617849349975586
2024-12-06,29.860000610351562,29.93000030517578,27.69186782836914
2024-12-09,29.899999618530273,29.979999542236328,27.738126754760742
2024-12-10,30.040000915527344,30.049999237060547,27.802892684936523
2024-12-11,30.09000015258789,30.149999618530273,27.895414352416992
2024-12-12,30.170000076293945,30.25,27.98793601989746
2024-12-13,30.219999313354492,30.260000228881836,27.997190475463867
2024-12-16,30.25,30.209999084472656,27.950927734375
2024-12-17,30.229999542236328,30.239999771118164,27.97868537902832
2024-12-18,30.280000686645508,30.59000015258789,28.302513122558594
2024-12-19,30.56999969482422,30.649999618530273,28.3580265045166
2024-12-20,30.59000015258789,30.5,28.219242095947266
2024-12-23,29.290000915527344,29.290000915527344,28.322710037231445
2024-12-24,29.299999237060547,29.3700008392334,28.400068283081055
2024-12-26,29.34000015258789,29.309999465942383,28.34204864501953
2024-12-27,29.260000228881836,29.260000228881836,28.293699264526367
2024-12-30,29.329999923706055,29.290000915527344,28.322710037231445
2024-12-31,29.350000381469727,29.420000076293945,28.448415756225586
2025-01-02,29.510000228881836,29.670000076293945,28.690160751342773
2025-01-03,29.6299991607666,29.579999923706055,28.603132247924805
2025-01-06,29.389999389648438,29.389999389648438,28.41940689086914
2025-01-07,29.3700008392334,29.5,28.525774002075195
2025-01-08,29.649999618530273,29.610000610351562,28.63214111328125
2025-01-10,29.739999771118164,29.760000228881836,28.77718734741211
2025-01-13,29.850000381469727,29.850000381469727,28.864215850830078
2025-01-14,29.760000228881836,29.65999984741211,28.680490493774414
2025-01-15,29.530000686645508,29.610000610351562,28.63214111328125
2025-01-16,29.670000076293945,29.610000610351562,28.63214111328125
2025-01-17,29.690000534057617,29.719999313354492,28.738508224487305
2025-01-21,29.440000534057617,29.34000015258789,28.371057510375977
2025-01-22,29.3700008392334,29.389999389648438,28.41940689086914
2025-01-23,29.40999984741211,29.3799991607666,28.40973663330078
2025-01-24,29.239999771118164,29.200000762939453,28.235681533813477
2025-01-27,29.1200008392334,29.209999084472656,28.245349884033203
2025-01-28,29.31999969482422,29.329999923706055,28.361387252807617
2025-01-29,29.40999984741211,29.389999389648438,28.41940689086914
2025-01-30,29.299999237060547,29.389999389648438,28.41940689086914
2025-01-31,29.469999313354492,29.510000228881836,28.535444259643555
2025-02-03,29.729999542236328,29.639999389648438,28.661149978637695
2025-02-04,29.489999771118164,29.3700008392334,28.400068283081055
2025-02-05,29.260000228881836,29.31999969482422,28.35171890258789
2025-02-06,29.3799991607666,29.299999237060547,28.332378387451172
2025-02-07,29.31999969482422,29.43000030517578,28.458086013793945
2025-02-10,29.510000228881836,29.520000457763672,28.545114517211914
2025-02-11,29.459999084472656,29.420000076293945,28.448415756225586
2025-02-12,29.489999771118164,29.440000534057617,28.467756271362305
2025-02-13,29.3799991607666,29.200000762939453,28.235681533813477
2025-02-14,29.079999923706055,29.1200008392334,28.158323287963867
2025-02-18,29.170000076293945,29.18000030517578,28.21634292602539
2025-02-19,29.219999313354492,29.209999084472656,28.245349884033203
2025-02-20,29.1299991607666,28.979999542236328,28.022947311401367
2025-02-21,29.09000015258789,29.079999923706055,28.119644165039062
2025-02-24,29.09000015258789,29.100000381469727,28.13898468017578
2025-02-25,29.030000686645508,28.989999771118164,28.032615661621094
2025-02-26,29.06999969482422,29.049999237060547,28.090635299682617
2025-02-27,29.219999313354492,29.260000228881836,28.293699264526367
2025-02-28,29.299999237060547,29.389999389648438,28.41940689086914
2025-03-03,29.15999984741211,29.110000610351562,28.14865493774414
2025-03-04,29.010000228881836,28.850000381469727,27.897239685058594
2025-03-05,28.579999923706055,28.5,27.55879783630371
2025-03-06,28.40999984741211,28.479999542236328,27.539459228515625
2025-03-07,28.309999465942383,28.389999389648438,27.452430725097656
2025-03-10,28.360000610351562,28.40999984741211,27.471771240234375
2025-03-11,28.260000228881836,28.25,27.317054748535156
2025-03-12,28.350000381469727,28.31999969482422,27.384742736816406
2025-03-13,28.43000030517578,28.420000076293945,27.481441497802734
2025-03-14,28.3700008392334,28.389999389648438,27.452430725097656
2025-03-17,28.329999923706055,28.280000686645508,27.346065521240234
2025-03-18,28.31999969482422,28.260000228881836,27.326725006103516
2025-03-19,28.360000610351562,28.329999923706055,27.394412994384766
2025-03-20,28.479999542236328,28.40999984741211,27.471771240234375
2025-03-21,28.479999542236328,28.5,27.55879783630371
2025-03-24,28.5,28.549999237060547,27.607147216796875
2025-03-25,28.489999771118164,28.520000457763672,27.57813835144043
2025-03-26,28.600000381469727,28.649999618530273,27.70384407043457
2025-03-27,28.600000381469727,28.559999465942383,27.616817474365234
2025-03-28,28.540000915527344,28.510000228881836,27.56846809387207
2025-03-31,28.510000228881836,28.540000915527344,27.59747886657715
2025-04-01,28.56999969482422,28.56999969482422,27.62648582458496
2025-04-02,28.489999771118164,28.450000762939453,27.51045036315918
2025-04-03,27.850000381469727,27.950000762939453,27.026962280273438
2025-04-04,28.040000915527344,28.260000228881836,27.326725006103516
2025-04-07,28.25,28.3799991607666,27.442760467529297
2025-04-08,28.260000228881836,28.25,27.317054748535156
2025-04-09,27.979999542236328,28.290000915527344,27.35573387145996
2025-04-10,27.8799991607666,27.700000762939453,26.785219192504883
2025-04-11,27.309999465942383,27.450000762939453,26.543476104736328
2025-04-14,27.479999542236328,27.360000610351562,26.45644760131836
2025-04-15,27.420000076293945,27.510000228881836,26.60149383544922
2025-04-16,27.34000015258789,27.280000686645508,26.37908935546875
2025-04-17,27.329999923706055,27.299999237060547,26.398427963256836
2025-04-21,27.020000457763672,27.040000915527344,26.147014617919922
2025-04-22,27.09000015258789,27.190000534057617,26.29206085205078
2025-04-23,27.280000686645508,27.440000534057617,26.53380584716797
2025-04-24,27.31999969482422,27.31999969482422,26.417766571044922
2025-04-25,27.420000076293945,27.389999389648438,26.485454559326172
2025-04-28,27.3799991607666,27.219999313354492,26.321069717407227
2025-04-29,27.25,27.309999465942383,26.408098220825195
2025-04-30,27.3700008392334,27.40999984741211,26.50479507446289
2025-05-01,27.489999771118164,27.56999969482422,26.65951156616211
2025-05-02,27.440000534057617,27.530000686645508,26.620832443237305
2025-05-05,27.389999389648438,27.479999542236328,26.57248306274414
2025-05-06,27.3700008392334,27.309999465942383,26.408098220825195
2025-05-07,27.389999389648438,27.510000228881836,26.60149383544922
2025-05-08,27.520000457763672,27.739999771118164,26.823896408081055
2025-05-09,27.649999618530273,27.65999984741211,26.746540069580078
2025-05-12,27.979999542236328,28.049999237060547,27.123659133911133
2025-05-13,27.940000534057617,27.809999465942383,26.891584396362305
2025-05-14,27.729999542236328,27.8700008392334,26.949604034423828
2025-05-15,27.780000686645508,27.799999237060547,26.881916046142578
2025-05-16,27.809999465942383,27.8799991607666,26.959272384643555
2025-05-19,27.649999618530273,27.690000534057617,26.775548934936523
2025-05-20,27.709999084472656,27.610000610351562,26.698190689086914
2025-05-21,27.479999542236328,27.489999771118164,26.5821533203125
2025-05-22,27.540000915527344,27.56999969482422,26.65951156616211
2025-05-23,27.440000534057617,27.3700008392334,26.46611785888672
2025-05-27,27.399999618530273,27.520000457763672,26.611164093017578
2025-05-28,27.579999923706055,27.610000610351562,26.698190689086914
2025-05-29,27.479999542236328,27.459999084472656,26.553142547607422
2025-05-30,27.510000228881836,27.450000762939453,26.543476104736328
2025-06-02,27.329999923706055,27.260000228881836,26.35974884033203
2025-06-03,27.40999984741211,27.440000534057617,26.53380584716797
2025-06-04,27.3700008392334,27.31999969482422,26.417766571044922
2025-06-05,27.200000762939453,27.299999237060547,26.398427963256836
2025-06-06,27.469999313354492,27.440000534057617,26.53380584716797
2025-06-09,27.450000762939453,27.3700008392334,26.46611785888672
2025-06-10,27.350000381469727,27.399999618530273,26.49512481689453
2025-06-11,27.350000381469727,27.299999237060547,26.398427963256836
2025-06-12,27.09000015258789,27.100000381469727,26.205034255981445
2025-06-13,27.270000457763672,27.170000076293945,26.272722244262695
2025-06-16,27.100000381469727,27.200000762939453,26.30173110961914
2025-06-17,27.190000534057617,27.3799991607666,26.475786209106445
2025-06-18,27.350000381469727,27.43000030517578,26.52413558959961
2025-06-20,27.360000610351562,27.399999618530273,26.49512481689453
2025-06-23,27.520000457763672,27.290000915527344,26.38875961303711
2025-06-24,27.209999084472656,27.149999618530273,26.253381729125977
2025-06-25,27.219999313354492,27.079999923706055,26.185693740844727
2025-06-26,26.959999084472656,26.969999313354492,26.07932472229004
2025-06-27,26.989999771118164,27.020000457763672,26.127676010131836
2025-06-30,27.0,26.8799991607666,25.992298126220703
2025-07-01,26.829999923706055,26.8700008392334,25.982629776000977
2025-07-02,26.940000534057617,26.850000381469727,25.963289260864258
2025-07-03,26.950000762939453,26.979999542236328,26.0889949798584
2025-07-07,27.030000686645508,27.06999969482422,26.176023483276367
2025-07-08,27.149999618530273,27.09000015258789,26.195363998413086
2025-07-09,27.100000381469727,27.09000015258789,26.195363998413086
2025-07-10,27.139999389648438,27.139999389648438,26.243711471557617
2025-07-11,27.190000534057617,27.219999313354492,26.321069717407227
2025-07-14,27.25,27.290000915527344,26.38875961303711
2025-07-15,27.299999237060547,27.440000534057617,26.53380584716797
2025-07-16,27.469999313354492,27.34000015258789,26.43710708618164
2025-07-17,27.459999084472656,27.459999084472656,26.553142547607422
2025-07-18,27.329999923706055,27.420000076293945,26.51446533203125
2025-07-21,27.299999237060547,27.239999771118164,26.340410232543945
2025-07-22,27.229999542236328,27.100000381469727,26.205034255981445
2025-07-23,27.15999984741211,27.059999465942383,26.166353225708008
2025-07-24,27.100000381469727,27.1299991607666,26.234041213989258
2025-07-25,27.25,27.190000534057617,26.29206085205078
2025-07-28,27.399999618530273,27.5,26.59182357788086
2025-07-29,27.6200008392334,27.56999969482422,26.65951156616211
2025-07-30,27.760000228881836,27.84000015258789,26.920595169067383
2025-07-31,27.899999618530273,27.899999618530273,26.978612899780273
2025-08-01,27.56999969482422,27.56999969482422,26.65951156616211
2025-08-04,27.520000457763672,27.559999465942383,26.64984130859375
2025-08-05,27.59000015258789,27.559999465942383,26.64984130859375
2025-08-06,27.469999313354492,27.399999618530273,26.49512481689453
2025-08-07,27.40999984741211,27.3799991607666,26.475786209106445
2025-08-08,27.420000076293945,27.43000030517578,26.52413558959961
2025-08-11,27.5,27.540000915527344,26.630502700805664
2025-08-12,27.510000228881836,27.399999618530273,26.49512481689453
2025-08-13,27.329999923706055,27.329999923706055,26.42743682861328
2025-08-14,27.40999984741211,27.43000030517578,26.52413558959961
2025-08-15,27.34000015258789,27.34000015258789,26.43710708618164
2025-08-18,27.389999389648438,27.40999984741211,26.50479507446289
2025-08-19,27.420000076293945,27.479999542236328,26.57248306274414
2025-08-20,27.450000762939453,27.459999084472656,26.553142547607422
2025-08-21,27.5,27.600000381469727,26.688520431518555
2025-08-22,27.610000610351562,27.329999923706055,26.42743682861328
2025-08-25,27.389999389648438,27.549999237060547,26.64017105102539
2025-08-26,27.489999771118164,27.479999542236328,26.57248306274414
2025-08-27,27.610000610351562,27.489999771118164,26.5821533203125
2025-08-28,27.440000534057617,27.389999389648438,26.485454559326172
2025-08-29,27.459999084472656,27.3700008392334,26.46611785888672
2025-09-02,27.56999969482422,27.549999237060547,26.64017105102539
2025-09-03,27.530000686645508,27.5,26.59182357788086
2025-09-04,27.530000686645508,27.540000915527344,26.630502700805664
2025-09-05,27.3799991607666,27.399999618530273,26.49512481689453
2025-09-08,27.329999923706055,27.309999465942383,26.408098220825195
2025-09-09,27.329999923706055,27.420000076293945,26.51446533203125
2025-09-10,27.40999984741211,27.440000534057617,26.53380584716797
2025-09-11,27.40999984741211,27.350000381469727,26.44677734375
2025-09-12,27.450000762939453,27.389999389648438,26.485454559326172
2025-09-15,27.34000015258789,27.299999237060547,26.398427963256836
2025-09-16,27.209999084472656,27.1299991607666,26.234041213989258
2025-09-17,27.170000076293945,27.219999313354492,26.321069717407227
2025-09-18,27.329999923706055,27.350000381469727,26.44677734375
2025-09-19,27.420000076293945,27.43000030517578,26.52413558959961
2025-09-22,27.360000610351562,27.329999923706055,26.42743682861328
2025-09-23,27.350000381469727,27.309999465942383,26.408098220825195
2025-09-24,27.489999771118164,27.510000228881836,26.60149383544922
2025-09-25,27.59000015258789,27.700000762939453,26.785219192504883
2025-09-26,27.65999984741211,27.600000381469727,26.688520431518555
2025-09-29,27.510000228881836,27.540000915527344,26.630502700805664
2025-09-30,27.530000686645508,27.510000228881836,26.60149383544922
2025-10-01,27.43000030517578,27.5,26.59182357788086
2025-10-02,27.479999542236328,27.540000915527344,26.630502700805664
2025-10-03,27.510000228881836,27.489999771118164,26.5821533203125
2025-10-06,27.65999984741211,27.6200008392334,26.707860946655273
2025-10-07,27.719999313354492,27.780000686645508,26.862577438354492
2025-10-08,27.829999923706055,27.84000015258789,26.920595169067383
2025-10-09,27.8799991607666,28.030000686645508,27.104320526123047
2025-10-10,28.010000228881836,27.889999389648438,26.968942642211914
2025-10-13,27.959999084472656,27.989999771118164,27.065641403198242
2025-10-14,27.979999542236328,27.90999984741211,26.988283157348633
2025-10-15,27.889999389648438,27.829999923706055,26.910924911499023
2025-10-16,27.790000915527344,27.719999313354492,26.80455780029297
2025-10-17,27.75,27.75,26.833566665649414
2025-10-20,27.780000686645508,27.81999969482422,26.901254653930664
2025-10-21,27.90999984741211,27.93000030517578,27.00762367248535
2025-10-22,27.959999084472656,27.899999618530273,26.978612899780273
2025-10-23,27.950000762939453,27.90999984741211,26.988283157348633
2025-10-24,27.90999984741211,27.90999984741211,26.988283157348633
2025-10-27,27.889999389648438,27.8799991607666,26.959272384643555
2025-10-28,27.90999984741211,27.860000610351562,26.9399356842041
2025-10-29,27.90999984741211,28.020000457763672,27.094650268554688
2025-10-30,28.1200008392334,28.1299991607666,27.201017379760742
2025-10-31,28.15999984741211,28.209999084472656,27.27837562561035
2025-11-03,28.260000228881836,28.229999542236328,27.297714233398438
2025-11-04,28.309999465942383,28.31999969482422,27.384742736816406
2025-11-05,28.350000381469727,28.329999923706055,27.394412994384766
2025-11-06,28.239999771118164,28.18000030517578,27.249366760253906
2025-11-07,28.149999618530273,28.15999984741211,27.230026245117188
2025-11-10,28.170000076293945,28.18000030517578,27.249366760253906
2025-11-11,28.100000381469727,28.139999389648438,27.2106876373291
2025-11-12,28.209999084472656,28.149999618530273,27.220355987548828
2025-11-13,28.100000381469727,28.06999969482422,27.14299964904785
2025-11-14,28.06999969482422,28.110000610351562,27.181678771972656
2025-11-17,28.170000076293945,28.18000030517578,27.249366760253906
2025-11-18,28.18000030517578,28.209999084472656,27.27837562561035
2025-11-19,28.290000915527344,28.389999389648438,27.452430725097656
2025-11-20,28.350000381469727,28.40999984741211,27.471771240234375
2025-11-21,28.43000030517578,28.389999389648438,27.452430725097656
2025-11-24,28.3799991607666,28.389999389648438,27.452430725097656
2025-11-25,28.31999969482422,28.309999465942383,27.375072479248047
2025-11-26,28.329999923706055,28.229999542236328,27.297714233398438
2025-11-28,28.270000457763672,28.209999084472656,27.27837562561035
2025-12-01,28.1200008392334,28.200000762939453,27.268707275390625
2025-12-02,28.219999313354492,28.190000534057617,27.259037017822266
2025-12-03,28.09000015258789,28.049999237060547,27.123659133911133
2025-12-04,28.020000457763672,28.110000610351562,27.181678771972656
2025-12-05,28.079999923706055,28.079999923706055,27.152667999267578
2025-12-08,28.079999923706055,28.1200008392334,27.191349029541016
2025-12-09,28.139999389648438,28.15999984741211,27.230026245117188
2025-12-10,28.15999984741211,28.010000228881836,27.084980010986328
2025-12-11,27.899999618530273,27.90999984741211,26.988283157348633
2025-12-12,27.950000762939453,27.950000762939453,27.026962280273438
2025-12-15,27.90999984741211,27.93000030517578,27.00762367248535
2025-12-16,27.850000381469727,27.899999618530273,26.978612899780273
2025-12-17,27.989999771118164,27.959999084472656,27.036630630493164
2025-12-18,27.93000030517578,27.979999542236328,27.055971145629883
2025-12-19,28.020000457763672,28.06999969482422,27.14299964904785
2025-12-22,27.020000457763672,27.030000686645508,27.030000686645508
2025-12-23,26.969999313354492,26.940000534057617,26.940000534057617
2025-12-24,26.940000534057617,26.950000762939453,26.950000762939453
2025-12-26,26.920000076293945,26.969999313354492,26.969999313354492
2025-12-29,26.959999084472656,26.979999542236328,26.979999542236328
2025-12-30,27.020000457763672,27.049999237060547,27.049999237060547
2025-12-31,27.059999465942383,27.030000686645508,27.030000686645508
2026-01-02,27.079999923706055,27.110000610351562,27.110000610351562
2026-01-05,27.170000076293945,27.06999969482422,27.06999969482422
2026-01-06,27.100000381469727,27.15999984741211,27.15999984741211
2026-01-07,27.149999618530273,27.200000762939453,27.200000762939453
2026-01-08,27.25,27.270000457763672,27.270000457763672
2026-01-09,27.299999237060547,27.329999923706055,27.329999923706055
2026-01-12,27.25,27.280000686645508,27.280000686645508
2026-01-13,27.270000457763672,27.350000381469727,27.350000381469727
2026-01-14,27.309999465942383,27.329999923706055,27.329999923706055
2026-01-15,27.40999984741211,27.43000030517578,27.43000030517578
2026-01-16,27.3799991607666,27.43000030517578,27.43000030517578
2026-01-20,27.170000076293945,27.209999084472656,27.209999084472656
2026-01-21,27.18000030517578,27.270000457763672,27.270000457763672
2026-01-22,27.209999084472656,27.149999618530273,27.149999618530273
2026-01-23,27.1299991607666,26.90999984741211,26.90999984741211
2026-01-26,26.809999465942383,26.780000686645508,26.780000686645508
2026-01-27,26.65999984741211,26.469999313354492,26.469999313354492
2026-01-28,26.600000381469727,26.6299991607666,26.6299991607666
2026-01-29,26.56999969482422,26.59000015258789,26.59000015258789
2026-01-30,26.729999542236328,26.850000381469727,26.850000381469727
2026-02-02,26.959999084472656,26.989999771118164,26.989999771118164
2026-02-03,26.979999542236328,26.920000076293945,26.920000076293945
2026-02-04,26.969999313354492,27.010000228881836,27.010000228881836
2026-02-05,27.010000228881836,27.09000015258789,27.09000015258789
2026-02-06,27.020000457763672,27.010000228881836,27.010000228881836
2026-02-09,26.809999465942383,26.790000915527344,26.790000915527344
2026-02-10,26.729999542236328,26.799999237060547,26.799999237060547
2026-02-11,26.81999969482422,26.829999923706055,26.829999923706055
2026-02-12,26.809999465942383,26.81999969482422,26.81999969482422
2026-02-13,26.81999969482422,26.81999969482422,26.81999969482422
2026-02-17,26.950000762939453,26.90999984741211,26.90999984741211
2026-02-18,26.989999771118164,27.079999923706055,27.079999923706055
2026-02-19,27.15999984741211,27.1200008392334,27.1200008392334
2026-02-20,27.139999389648438,27.09000015258789,27.09000015258789
2026-02-23,27.06999969482422,27.09000015258789,27.09000015258789
2026-02-24,27.1299991607666,27.110000610351562,27.110000610351562
2026-02-25,27.139999389648438,27.079999923706055,27.079999923706055
2026-02-26,27.09000015258789,27.100000381469727,27.100000381469727
2026-02-27,27.100000381469727,27.079999923706055,27.079999923706055
2026-03-02,27.31999969482422,27.329999923706055,27.329999923706055
2026-03-03,27.540000915527344,27.459999084472656,27.459999084472656
2026-03-04,27.420000076293945,27.40999984741211,27.40999984741211
2026-03-05,27.489999771118164,27.479999542236328,27.479999542236328
2026-03-06,27.56999969482422,27.469999313354492,27.469999313354492
2026-03-09,27.510000228881836,27.459999084472656,27.459999084472656
2026-03-10,27.360000610351562,27.450000762939453,27.450000762939453
2026-03-11,27.520000457763672,27.549999237060547,27.549999237060547
2026-03-12,27.6299991607666,27.68000030517578,27.68000030517578
2026-03-13,27.770000457763672,27.889999389648438,27.889999389648438
2026-03-16,27.739999771118164,27.729999542236328,27.729999542236328
2026-03-17,27.670000076293945,27.68000030517578,27.68000030517578
2026-03-18,27.739999771118164,27.850000381469727,27.850000381469727
2026-03-19,27.790000915527344,27.579999923706055,27.579999923706055
2026-03-20,27.65999984741211,27.68000030517578,27.68000030517578
2026-03-23,27.600000381469727,27.559999465942383,27.559999465942383
2026-03-24,27.65999984741211,27.649999618530273,27.649999618530273
2026-03-25,27.6299991607666,27.700000762939453,27.700000762939453
2026-03-26,27.760000228881836,27.809999465942383,27.809999465942383
2026-03-27,27.829999923706055,27.84000015258789,27.84000015258789
2026-03-30,27.90999984741211,27.979999542236328,27.979999542236328
2026-03-31,27.850000381469727,27.780000686645508,27.780000686645508
2026-04-01,27.670000076293945,27.729999542236328,27.729999542236328
2026-04-02,27.850000381469727,27.860000610351562,27.860000610351562
2026-04-06,27.809999465942383,27.829999923706055,27.829999923706055
2026-04-07,27.829999923706055,27.75,27.75
2026-04-08,27.450000762939453,27.530000686645508,27.530000686645508
2026-04-09,27.510000228881836,27.479999542236328,27.479999542236328
2026-04-10,27.420000076293945,27.440000534057617,27.440000534057617
2026-04-13,27.540000915527344,27.3799991607666,27.3799991607666
2026-04-14,27.299999237060547,27.31999969482422,27.31999969482422
2026-04-15,27.309999465942383,27.290000915527344,27.290000915527344
2026-04-16,27.34000015258789,27.3700008392334,27.3700008392334
2026-04-17,27.239999771118164,27.360000610351562,27.360000610351562
2026-04-20,27.350000381469727,27.31999969482422,27.31999969482422
2026-04-21,27.350000381469727,27.469999313354492,27.469999313354492
2026-04-22,27.440000534057617,27.479999542236328,27.479999542236328
2026-04-23,27.530000686645508,27.530000686645508,27.530000686645508
2026-04-24,27.5,27.479999542236328,27.479999542236328
2026-04-27,27.40999984741211,27.450000762939453,27.450000762939453
2026-04-28,27.530000686645508,27.530000686645508,27.530000686645508
2026-04-29,27.559999465942383,27.610000610351562,27.610000610351562
2026-04-30,27.479999542236328,27.360000610351562,27.360000610351562
2026-05-01,27.329999923706055,27.40999984741211,27.40999984741211
2026-05-04,27.43000030517578,27.479999542236328,27.479999542236328
2026-05-05,27.479999542236328,27.5,27.5
2026-05-06,27.34000015258789,27.350000381469727,27.350000381469727
2026-05-07,27.31999969482422,27.40999984741211,27.40999984741211
2026-05-08,27.31999969482422,27.34000015258789,27.34000015258789
2026-05-11,27.350000381469727,27.350000381469727,27.350000381469727
2026-05-12,27.479999542236328,27.450000762939453,27.450000762939453
2026-05-13,27.520000457763672,27.510000228881836,27.510000228881836
2026-05-14,27.549999237060547,27.6200008392334,27.6200008392334
2026-05-15,27.719999313354492,27.770000457763672,27.770000457763672
2026-05-18,27.68000030517578,27.700000762939453,27.700000762939453
2026-05-19,27.790000915527344,27.790000915527344,27.790000915527344
2026-05-20,27.790000915527344,27.729999542236328,27.729999542236328
2026-05-21,27.799999237060547,27.729999542236328,27.729999542236328
2026-05-22,27.760000228881836,27.770000457763672,27.770000457763672
2026-05-26,27.75,27.75,27.75
2026-05-27,27.719999313354492,27.75,27.75
2026-05-28,27.770000457763672,27.700000762939453,27.700000762939453
2026-05-29,27.709999084472656,27.65999984741211,27.65999984741211
2026-06-01,27.770000457763672,27.760000228881836,27.760000228881836
2026-06-02,27.739999771118164,27.760000228881836,27.760000228881836
2026-06-03,27.860000610351562,27.860000610351562,27.860000610351562
2026-06-04,27.790000915527344,27.84000015258789,27.84000015258789
2026-06-05,27.920000076293945,28.020000457763672,28.020000457763672
2026-06-08,27.989999771118164,28.030000686645508,28.030000686645508
2026-06-09,27.959999084472656,28.010000228881836,28.010000228881836
2026-06-10,27.979999542236328,28.049999237060547,28.049999237060547
2026-06-11,28.079999923706055,27.950000762939453,27.950000762939453
2026-06-12,27.959999084472656,27.950000762939453,27.950000762939453
2026-06-15,27.889999389648438,27.969999313354492,27.969999313354492
2026-06-16,27.959999084472656,27.93000030517578,27.93000030517578
2026-06-17,27.940000534057617,28.18000030517578,28.18000030517578
2026-06-18,28.229999542236328,28.299999237060547,28.299999237060547
2026-06-22,28.34000015258789,28.360000610351562,28.360000610351562
2026-06-23,28.43000030517578,28.450000762939453,28.450000762939453
2026-06-24,28.540000915527344,28.530000686645508,28.530000686645508
2026-06-25,28.489999771118164,28.479999542236328,28.479999542236328
2026-06-26,28.389999389648438,28.459999084472656,28.459999084472656
2026-06-29,28.440000534057617,28.3700008392334,28.3700008392334
2026-06-30,28.450000762939453,28.40999984741211,28.40999984741211
2026-07-01,28.479999542236328,28.489999771118164,28.489999771118164
2026-07-02,28.290000915527344,28.34000015258789,28.34000015258789
2026-07-06,28.389999389648438,28.31999969482422,28.31999969482422
2026-07-07,28.34000015258789,28.399999618530273,28.399999618530273
2026-07-08,28.40999984741211,28.360000610351562,28.360000610351562
2026-07-09,28.350000381469727,28.360000610351562,28.360000610351562
2026-07-10,28.360000610351562,28.389999389648438,28.389999389648438
2026-07-13,28.3799991607666,28.5,28.5
2026-07-14,28.31999969482422,28.389999389648438,28.389999389648438
2026-07-15,28.3700008392334,28.25,28.25
2026-07-16,28.280000686645508,28.34000015258789,28.34000015258789
2026-07-17,28.3799991607666,28.329999923706055,28.329999923706055
2026-07-20,28.3799991607666,28.389999389648438,28.389999389648438
2026-07-21,28.43000030517578,28.479999542236328,28.479999542236328
2026-07-22,28.43000030517578,28.450000762939453,28.450000762939453
2026-07-23,28.540000915527344,28.559999465942383,28.559999465942383
2026-07-24,28.579999923706055,28.579999923706055,28.579999923706055
2026-07-27,28.559999465942383,28.600000381469727,28.600000381469727
2026-07-28,28.59000015258789,28.579999923706055,28.579999923706055
2026-07-29,28.56999969482422,28.420000076293945,28.420000076293945
2026-07-30,28.360000610351562,28.139999389648438,28.139999389648438
2026-07-31,28.239999771118164,28.170000076293945,28.170000076293945
2026-08-03,28.110000610351562,28.170000076293945,28.170000076293945
2026-08-04,28.15999984741211,28.15999984741211,28.15999984741211
2026-08-05,28.100000381469727,28.09000015258789,28.09000015258789
2026-08-06,28.1200008392334,28.190000534057617,28.190000534057617
2026-08-07,28.059999465942383,28.06999969482422,28.06999969482422
2026-08-10,28.1200008392334,28.139999389648438,28.139999389648438
2026-08-11,28.149999618530273,28.139999389648438,28.139999389648438
2026-08-12,28.110000610351562,28.200000762939453,28.200000762939453
2026-08-13,28.170000076293945,28.18000030517578,28.18000030517578
2026-08-14,28.100000381469727,28.110000610351562,28.110000610351562
2026-08-17,28.059999465942383,28.100000381469727,28.100000381469727
2026-08-18,28.1200008392334,28.139999389648438,28.139999389648438
2026-08-19,27.950000762939453,27.8799991607666,27.8799991607666
2026-08-20,27.8799991607666,27.90999984741211,27.90999984741211
2026-08-21,27.889999389648438,27.899999618530273,27.899999618530273
2026-08-24,27.940000534057617,27.959999084472656,27.959999084472656
2026-08-25,27.940000534057617,27.940000534057617,27.940000534057617
2026-08-26,28.010000228881836,28.020000457763672,28.020000457763672
2026-08-27,27.989999771118164,28.020000457763672,28.020000457763672
2026-08-28,28.030000686645508,28.18000030517578,28.18000030517578
2026-08-31,28.1299991607666,28.1200008392334,28.1200008392334
2026-09-01,28.15999984741211,28.209999084472656,28.209999084472656
2026-09-02,28.170000076293945,28.170000076293945,28.170000076293945
2026-09-03,27.989999771118164,28.010000228881836,28.010000228881836
2026-09-04,28.040000915527344,28.079999923706055,28.079999923706055
